   Compiling rustpal v0.1.0 (/Users/mlv/orca/workspaces/Legend-of-Sword-and-Fairy/gorgonian)
    Finished `release` profile [optimized] target(s) in 1.48s
     Running `target/release/examples/fullgame_autoplay`
resuming recordings/autoplay-probe-checkpoint.rpg at scene=3 position=(1408, 1392)
target scene=3 area=(160, 112) event=75 script=8149 mode=1 state=1 player=(1568, 1504) pos=(1440, 1424) path=9
target scene=3 area=(160, 112) event=74 script=8149 mode=1 state=1 player=(1424, 1432) pos=(1424, 1416) path=1
target scene=3 area=(160, 112) event=71 script=8146 mode=1 state=1 player=(1440, 1424) pos=(1296, 1448) path=42
learned exit AreaKey { scene: 3, anchor: (160, 112) } event=52 -> AreaKey { scene: 1, anchor: (1184, 1056) }
scene 3 -> 1 at frame 12 position (1088, 992)
target scene=1 area=(1184, 1056) event=13 script=4635 mode=5 state=1 player=(1248, 1104) pos=(1200, 1128) path=2
learned targeted exit AreaKey { scene: 1, anchor: (1184, 1056) } event=13 -> AreaKey { scene: 3, anchor: (160, 112) }
learned exit AreaKey { scene: 1, anchor: (1184, 1056) } event=13 -> AreaKey { scene: 3, anchor: (160, 112) }
scene 1 -> 3 at frame 14 position (1248, 1312)
target scene=3 area=(160, 112) event=71 script=8146 mode=1 state=1 player=(1408, 1424) pos=(1296, 1448) path=44
learned exit AreaKey { scene: 3, anchor: (160, 112) } event=51 -> AreaKey { scene: 1, anchor: (1152, 320) }
scene 3 -> 1 at frame 26 position (1040, 248)
target scene=1 area=(1152, 320) event=10 script=4510 mode=2 state=1 player=(1200, 360) pos=(1376, 272) path=8
target scene=1 area=(1152, 320) event=10 script=4520 mode=4 state=1 player=(1328, 296) pos=(1376, 272) path=3
learned targeted exit AreaKey { scene: 1, anchor: (1152, 320) } event=10 -> AreaKey { scene: 1, anchor: (640, 576) }
learned exit AreaKey { scene: 1, anchor: (1152, 320) } event=10 -> AreaKey { scene: 1, anchor: (640, 576) }
area teleport in scene 1 at frame 43: (1376, 272) -> (656, 616)
target scene=1 area=(640, 576) event=8 script=4549 mode=1 state=1 player=(656, 616) pos=(640, 608) path=0
marked destination touch VisitKey { scene: 1, area: (1344, 256), event_id: 2, trigger_script: 69, trigger_mode: 4, state: 1 }
learned exit AreaKey { scene: 1, anchor: (640, 576) } event=2 -> AreaKey { scene: 1, anchor: (1344, 256) }
area teleport in scene 1 at frame 73: (656, 616) -> (1344, 288)
target scene=1 area=(1344, 256) event=10 script=4510 mode=2 state=1 player=(1344, 288) pos=(1376, 272) path=0
target scene=1 area=(1344, 256) event=10 script=4520 mode=4 state=1 player=(1344, 288) pos=(1376, 272) path=2
learned targeted exit AreaKey { scene: 1, anchor: (1344, 256) } event=10 -> AreaKey { scene: 1, anchor: (640, 576) }
learned exit AreaKey { scene: 1, anchor: (1344, 256) } event=10 -> AreaKey { scene: 1, anchor: (640, 576) }
area teleport in scene 1 at frame 81: (1376, 272) -> (656, 616)
target scene=1 area=(640, 576) event=2 script=69 mode=4 state=1 player=(656, 616) pos=(672, 624) path=1
learned targeted exit AreaKey { scene: 1, anchor: (640, 576) } event=2 -> AreaKey { scene: 1, anchor: (704, 640) }
marked destination touch VisitKey { scene: 1, area: (704, 640), event_id: 2, trigger_script: 69, trigger_mode: 4, state: 1 }
learned exit AreaKey { scene: 1, anchor: (640, 576) } event=2 -> AreaKey { scene: 1, anchor: (704, 640) }
area teleport in scene 1 at frame 91: (672, 624) -> (736, 688)
target scene=1 area=(704, 640) event=3 script=42 mode=5 state=1 player=(736, 688) pos=(720, 664) path=1
learned targeted exit AreaKey { scene: 1, anchor: (704, 640) } event=3 -> AreaKey { scene: 1, anchor: (640, 576) }
marked destination touch VisitKey { scene: 1, area: (640, 576), event_id: 3, trigger_script: 42, trigger_mode: 5, state: 1 }
learned exit AreaKey { scene: 1, anchor: (704, 640) } event=3 -> AreaKey { scene: 1, anchor: (640, 576) }
area teleport in scene 1 at frame 101: (720, 680) -> (656, 616)
target scene=1 area=(640, 576) event=2 script=69 mode=4 state=1 player=(656, 616) pos=(672, 624) path=1
learned targeted exit AreaKey { scene: 1, anchor: (640, 576) } event=2 -> AreaKey { scene: 1, anchor: (704, 640) }
marked destination touch VisitKey { scene: 1, area: (704, 640), event_id: 2, trigger_script: 69, trigger_mode: 4, state: 1 }
learned exit AreaKey { scene: 1, anchor: (640, 576) } event=2 -> AreaKey { scene: 1, anchor: (704, 640) }
area teleport in scene 1 at frame 111: (672, 624) -> (736, 688)
target scene=1 area=(704, 640) event=1 script=4667 mode=5 state=1 player=(736, 688) pos=(512, 800) path=13
learned targeted exit AreaKey { scene: 1, anchor: (704, 640) } event=1 -> AreaKey { scene: 3, anchor: (160, 112) }
learned exit AreaKey { scene: 1, anchor: (704, 640) } event=1 -> AreaKey { scene: 3, anchor: (160, 112) }
scene 1 -> 3 at frame 124 position (1280, 1424)
target scene=3 area=(160, 112) event=72 script=8146 mode=1 state=1 player=(1440, 1536) pos=(1312, 1456) path=9
target scene=3 area=(160, 112) event=71 script=8146 mode=1 state=1 player=(1248, 1456) pos=(1296, 1448) path=2
learned targeted exit AreaKey { scene: 3, anchor: (160, 112) } event=71 -> AreaKey { scene: 3, anchor: (1152, 1344) }
marked destination touch VisitKey { scene: 3, area: (1152, 1344), event_id: 47, trigger_script: 33, trigger_mode: 4, state: 1 }
learned exit AreaKey { scene: 3, anchor: (160, 112) } event=47 -> AreaKey { scene: 3, anchor: (1152, 1344) }
area teleport in scene 3 at frame 150: (1248, 1456) -> (1168, 1368)
target scene=3 area=(1152, 1344) event=71 script=8146 mode=1 state=1 player=(1168, 1368) pos=(1296, 1448) path=61
marked destination touch VisitKey { scene: 3, area: (1216, 1408), event_id: 48, trigger_script: 60, trigger_mode: 4, state: 1 }
learned exit AreaKey { scene: 3, anchor: (1152, 1344) } event=48 -> AreaKey { scene: 3, anchor: (1216, 1408) }
area teleport in scene 3 at frame 167: (1168, 1368) -> (1248, 1456)
continuing target event=71 across area (1216, 1408) path=0
target scene=3 area=(1216, 1408) event=72 script=8146 mode=1 state=1 player=(1248, 1456) pos=(1312, 1456) path=3
learned targeted exit AreaKey { scene: 3, anchor: (1216, 1408) } event=72 -> AreaKey { scene: 3, anchor: (1152, 1344) }
marked destination touch VisitKey { scene: 3, area: (1152, 1344), event_id: 47, trigger_script: 33, trigger_mode: 4, state: 1 }
learned exit AreaKey { scene: 3, anchor: (1216, 1408) } event=47 -> AreaKey { scene: 3, anchor: (1152, 1344) }
area teleport in scene 3 at frame 180: (1248, 1456) -> (1168, 1368)
target scene=3 area=(1152, 1344) event=71 script=8146 mode=1 state=1 player=(1168, 1368) pos=(1296, 1448) path=61
marked destination touch VisitKey { scene: 3, area: (1216, 1408), event_id: 48, trigger_script: 60, trigger_mode: 4, state: 1 }
learned exit AreaKey { scene: 3, anchor: (1152, 1344) } event=48 -> AreaKey { scene: 3, anchor: (1216, 1408) }
area teleport in scene 3 at frame 197: (1168, 1368) -> (1248, 1456)
continuing target event=71 across area (1216, 1408) path=0
target scene=3 area=(1216, 1408) event=74 script=8149 mode=1 state=1 player=(1248, 1456) pos=(1424, 1416) path=46
marked destination touch VisitKey { scene: 3, area: (1152, 1344), event_id: 47, trigger_script: 33, trigger_mode: 4, state: 1 }
learned exit AreaKey { scene: 3, anchor: (1216, 1408) } event=47 -> AreaKey { scene: 3, anchor: (1152, 1344) }
area teleport in scene 3 at frame 210: (1248, 1456) -> (1168, 1368)
continuing target event=74 across area (1152, 1344) path=17
marked destination touch VisitKey { scene: 3, area: (1216, 1408), event_id: 48, trigger_script: 60, trigger_mode: 4, state: 1 }
learned exit AreaKey { scene: 3, anchor: (1152, 1344) } event=48 -> AreaKey { scene: 3, anchor: (1216, 1408) }
area teleport in scene 3 at frame 227: (1168, 1368) -> (1248, 1456)
continuing target event=74 across area (1216, 1408) path=46
marked destination touch VisitKey { scene: 3, area: (1152, 1344), event_id: 47, trigger_script: 33, trigger_mode: 4, state: 1 }
learned exit AreaKey { scene: 3, anchor: (1216, 1408) } event=47 -> AreaKey { scene: 3, anchor: (1152, 1344) }
area teleport in scene 3 at frame 240: (1248, 1456) -> (1168, 1368)
continuing target event=74 across area (1152, 1344) path=17
marked destination touch VisitKey { scene: 3, area: (1216, 1408), event_id: 48, trigger_script: 60, trigger_mode: 4, state: 1 }
learned exit AreaKey { scene: 3, anchor: (1152, 1344) } event=48 -> AreaKey { scene: 3, anchor: (1216, 1408) }
area teleport in scene 3 at frame 257: (1168, 1368) -> (1248, 1456)
continuing target event=74 across area (1216, 1408) path=46
marked destination touch VisitKey { scene: 3, area: (1152, 1344), event_id: 47, trigger_script: 33, trigger_mode: 4, state: 1 }
learned exit AreaKey { scene: 3, anchor: (1216, 1408) } event=47 -> AreaKey { scene: 3, anchor: (1152, 1344) }
area teleport in scene 3 at frame 270: (1248, 1456) -> (1168, 1368)
deferred event=74 after 5 unrelated area crossings
target scene=3 area=(1152, 1344) event=71 script=8146 mode=1 state=1 player=(1168, 1368) pos=(1296, 1448) path=61
marked destination touch VisitKey { scene: 3, area: (1216, 1408), event_id: 48, trigger_script: 60, trigger_mode: 4, state: 1 }
learned exit AreaKey { scene: 3, anchor: (1152, 1344) } event=48 -> AreaKey { scene: 3, anchor: (1216, 1408) }
area teleport in scene 3 at frame 287: (1168, 1368) -> (1248, 1456)
continuing target event=71 across area (1216, 1408) path=0
target scene=3 area=(1216, 1408) event=75 script=8149 mode=1 state=1 player=(1248, 1456) pos=(1440, 1424) path=45
marked destination touch VisitKey { scene: 3, area: (1152, 1344), event_id: 47, trigger_script: 33, trigger_mode: 4, state: 1 }
learned exit AreaKey { scene: 3, anchor: (1216, 1408) } event=47 -> AreaKey { scene: 3, anchor: (1152, 1344) }
area teleport in scene 3 at frame 300: (1248, 1456) -> (1168, 1368)
continuing target event=75 across area (1152, 1344) path=18
marked destination touch VisitKey { scene: 3, area: (1216, 1408), event_id: 48, trigger_script: 60, trigger_mode: 4, state: 1 }
learned exit AreaKey { scene: 3, anchor: (1152, 1344) } event=48 -> AreaKey { scene: 3, anchor: (1216, 1408) }
area teleport in scene 3 at frame 317: (1168, 1368) -> (1248, 1456)
continuing target event=75 across area (1216, 1408) path=45
marked destination touch VisitKey { scene: 3, area: (1152, 1344), event_id: 47, trigger_script: 33, trigger_mode: 4, state: 1 }
learned exit AreaKey { scene: 3, anchor: (1216, 1408) } event=47 -> AreaKey { scene: 3, anchor: (1152, 1344) }
area teleport in scene 3 at frame 330: (1248, 1456) -> (1168, 1368)
continuing target event=75 across area (1152, 1344) path=18
marked destination touch VisitKey { scene: 3, area: (1216, 1408), event_id: 48, trigger_script: 60, trigger_mode: 4, state: 1 }
learned exit AreaKey { scene: 3, anchor: (1152, 1344) } event=48 -> AreaKey { scene: 3, anchor: (1216, 1408) }
area teleport in scene 3 at frame 347: (1168, 1368) -> (1248, 1456)
continuing target event=75 across area (1216, 1408) path=45
marked destination touch VisitKey { scene: 3, area: (1152, 1344), event_id: 47, trigger_script: 33, trigger_mode: 4, state: 1 }
learned exit AreaKey { scene: 3, anchor: (1216, 1408) } event=47 -> AreaKey { scene: 3, anchor: (1152, 1344) }
area teleport in scene 3 at frame 360: (1248, 1456) -> (1168, 1368)
deferred event=75 after 5 unrelated area crossings
target scene=3 area=(1152, 1344) event=71 script=8146 mode=1 state=1 player=(1168, 1368) pos=(1296, 1448) path=61
marked destination touch VisitKey { scene: 3, area: (1216, 1408), event_id: 48, trigger_script: 60, trigger_mode: 4, state: 1 }
learned exit AreaKey { scene: 3, anchor: (1152, 1344) } event=48 -> AreaKey { scene: 3, anchor: (1216, 1408) }
area teleport in scene 3 at frame 377: (1168, 1368) -> (1248, 1456)
continuing target event=71 across area (1216, 1408) path=0
target scene=3 area=(1216, 1408) event=49 script=6226 mode=5 state=1 player=(1248, 1456) pos=(1280, 1472) path=1
learned targeted exit AreaKey { scene: 3, anchor: (1216, 1408) } event=49 -> AreaKey { scene: 3, anchor: (1152, 1344) }
marked destination touch VisitKey { scene: 3, area: (1152, 1344), event_id: 49, trigger_script: 6226, trigger_mode: 5, state: 1 }
learned exit AreaKey { scene: 3, anchor: (1216, 1408) } event=49 -> AreaKey { scene: 3, anchor: (1152, 1344) }
area teleport in scene 3 at frame 390: (1248, 1456) -> (1168, 1368)
target scene=3 area=(1152, 1344) event=71 script=8146 mode=1 state=1 player=(1168, 1368) pos=(1296, 1448) path=61
marked destination touch VisitKey { scene: 3, area: (1216, 1408), event_id: 48, trigger_script: 60, trigger_mode: 4, state: 1 }
learned exit AreaKey { scene: 3, anchor: (1152, 1344) } event=48 -> AreaKey { scene: 3, anchor: (1216, 1408) }
area teleport in scene 3 at frame 407: (1168, 1368) -> (1248, 1456)
continuing target event=71 across area (1216, 1408) path=0
target scene=3 area=(1216, 1408) event=50 script=4463 mode=5 state=1 player=(1248, 1456) pos=(1328, 1448) path=3
learned targeted exit AreaKey { scene: 3, anchor: (1216, 1408) } event=50 -> AreaKey { scene: 3, anchor: (1152, 1344) }
marked destination touch VisitKey { scene: 3, area: (1152, 1344), event_id: 47, trigger_script: 33, trigger_mode: 4, state: 1 }
learned exit AreaKey { scene: 3, anchor: (1216, 1408) } event=47 -> AreaKey { scene: 3, anchor: (1152, 1344) }
area teleport in scene 3 at frame 420: (1248, 1456) -> (1168, 1368)
target scene=3 area=(1152, 1344) event=71 script=8146 mode=1 state=1 player=(1168, 1368) pos=(1296, 1448) path=61
marked destination touch VisitKey { scene: 3, area: (1216, 1408), event_id: 48, trigger_script: 60, trigger_mode: 4, state: 1 }
learned exit AreaKey { scene: 3, anchor: (1152, 1344) } event=48 -> AreaKey { scene: 3, anchor: (1216, 1408) }
area teleport in scene 3 at frame 437: (1168, 1368) -> (1248, 1456)
continuing target event=71 across area (1216, 1408) path=0
target scene=3 area=(1216, 1408) event=54 script=4647 mode=5 state=1 player=(1248, 1456) pos=(992, 1472) path=16
marked destination touch VisitKey { scene: 3, area: (1152, 1344), event_id: 47, trigger_script: 33, trigger_mode: 4, state: 1 }
learned exit AreaKey { scene: 3, anchor: (1216, 1408) } event=47 -> AreaKey { scene: 3, anchor: (1152, 1344) }
area teleport in scene 3 at frame 450: (1248, 1456) -> (1168, 1368)
target scene=3 area=(1152, 1344) event=71 script=8146 mode=1 state=1 player=(1168, 1368) pos=(1296, 1448) path=61
marked destination touch VisitKey { scene: 3, area: (1216, 1408), event_id: 48, trigger_script: 60, trigger_mode: 4, state: 1 }
learned exit AreaKey { scene: 3, anchor: (1152, 1344) } event=48 -> AreaKey { scene: 3, anchor: (1216, 1408) }
area teleport in scene 3 at frame 467: (1168, 1368) -> (1248, 1456)
continuing target event=71 across area (1216, 1408) path=0
target scene=3 area=(1216, 1408) event=54 script=4647 mode=5 state=1 player=(1248, 1456) pos=(992, 1472) path=16
marked destination touch VisitKey { scene: 3, area: (1152, 1344), event_id: 47, trigger_script: 33, trigger_mode: 4, state: 1 }
learned exit AreaKey { scene: 3, anchor: (1216, 1408) } event=47 -> AreaKey { scene: 3, anchor: (1152, 1344) }
area teleport in scene 3 at frame 480: (1248, 1456) -> (1168, 1368)
target scene=3 area=(1152, 1344) event=71 script=8146 mode=1 state=1 player=(1168, 1368) pos=(1296, 1448) path=61
marked destination touch VisitKey { scene: 3, area: (1216, 1408), event_id: 48, trigger_script: 60, trigger_mode: 4, state: 1 }
learned exit AreaKey { scene: 3, anchor: (1152, 1344) } event=48 -> AreaKey { scene: 3, anchor: (1216, 1408) }
area teleport in scene 3 at frame 497: (1168, 1368) -> (1248, 1456)
continuing target event=71 across area (1216, 1408) path=0
target scene=3 area=(1216, 1408) event=54 script=4647 mode=5 state=1 player=(1248, 1456) pos=(992, 1472) path=16
marked destination touch VisitKey { scene: 3, area: (1152, 1344), event_id: 47, trigger_script: 33, trigger_mode: 4, state: 1 }
learned exit AreaKey { scene: 3, anchor: (1216, 1408) } event=47 -> AreaKey { scene: 3, anchor: (1152, 1344) }
area teleport in scene 3 at frame 510: (1248, 1456) -> (1168, 1368)
target scene=3 area=(1152, 1344) event=71 script=8146 mode=1 state=1 player=(1168, 1368) pos=(1296, 1448) path=61
marked destination touch VisitKey { scene: 3, area: (1216, 1408), event_id: 48, trigger_script: 60, trigger_mode: 4, state: 1 }
learned exit AreaKey { scene: 3, anchor: (1152, 1344) } event=48 -> AreaKey { scene: 3, anchor: (1216, 1408) }
area teleport in scene 3 at frame 527: (1168, 1368) -> (1248, 1456)
continuing target event=71 across area (1216, 1408) path=0
target scene=3 area=(1216, 1408) event=54 script=4647 mode=5 state=1 player=(1248, 1456) pos=(992, 1472) path=16
marked destination touch VisitKey { scene: 3, area: (1152, 1344), event_id: 47, trigger_script: 33, trigger_mode: 4, state: 1 }
learned exit AreaKey { scene: 3, anchor: (1216, 1408) } event=47 -> AreaKey { scene: 3, anchor: (1152, 1344) }
area teleport in scene 3 at frame 540: (1248, 1456) -> (1168, 1368)
target scene=3 area=(1152, 1344) event=71 script=8146 mode=1 state=1 player=(1168, 1368) pos=(1296, 1448) path=61
marked destination touch VisitKey { scene: 3, area: (1216, 1408), event_id: 48, trigger_script: 60, trigger_mode: 4, state: 1 }
learned exit AreaKey { scene: 3, anchor: (1152, 1344) } event=48 -> AreaKey { scene: 3, anchor: (1216, 1408) }
area teleport in scene 3 at frame 557: (1168, 1368) -> (1248, 1456)
continuing target event=71 across area (1216, 1408) path=0
target scene=3 area=(1216, 1408) event=54 script=4647 mode=5 state=1 player=(1248, 1456) pos=(992, 1472) path=16
marked destination touch VisitKey { scene: 3, area: (1152, 1344), event_id: 47, trigger_script: 33, trigger_mode: 4, state: 1 }
learned exit AreaKey { scene: 3, anchor: (1216, 1408) } event=47 -> AreaKey { scene: 3, anchor: (1152, 1344) }
area teleport in scene 3 at frame 570: (1248, 1456) -> (1168, 1368)
target scene=3 area=(1152, 1344) event=71 script=8146 mode=1 state=1 player=(1168, 1368) pos=(1296, 1448) path=61
marked destination touch VisitKey { scene: 3, area: (1216, 1408), event_id: 48, trigger_script: 60, trigger_mode: 4, state: 1 }
learned exit AreaKey { scene: 3, anchor: (1152, 1344) } event=48 -> AreaKey { scene: 3, anchor: (1216, 1408) }
area teleport in scene 3 at frame 587: (1168, 1368) -> (1248, 1456)
continuing target event=71 across area (1216, 1408) path=0
target scene=3 area=(1216, 1408) event=54 script=4647 mode=5 state=1 player=(1248, 1456) pos=(992, 1472) path=16
marked destination touch VisitKey { scene: 3, area: (1152, 1344), event_id: 47, trigger_script: 33, trigger_mode: 4, state: 1 }
learned exit AreaKey { scene: 3, anchor: (1216, 1408) } event=47 -> AreaKey { scene: 3, anchor: (1152, 1344) }
area teleport in scene 3 at frame 600: (1248, 1456) -> (1168, 1368)
target scene=3 area=(1152, 1344) event=71 script=8146 mode=1 state=1 player=(1168, 1368) pos=(1296, 1448) path=61
marked destination touch VisitKey { scene: 3, area: (1216, 1408), event_id: 48, trigger_script: 60, trigger_mode: 4, state: 1 }
learned exit AreaKey { scene: 3, anchor: (1152, 1344) } event=48 -> AreaKey { scene: 3, anchor: (1216, 1408) }
area teleport in scene 3 at frame 617: (1168, 1368) -> (1248, 1456)
continuing target event=71 across area (1216, 1408) path=0
target scene=3 area=(1216, 1408) event=54 script=4647 mode=5 state=1 player=(1248, 1456) pos=(992, 1472) path=16
marked destination touch VisitKey { scene: 3, area: (1152, 1344), event_id: 47, trigger_script: 33, trigger_mode: 4, state: 1 }
learned exit AreaKey { scene: 3, anchor: (1216, 1408) } event=47 -> AreaKey { scene: 3, anchor: (1152, 1344) }
area teleport in scene 3 at frame 630: (1248, 1456) -> (1168, 1368)
target scene=3 area=(1152, 1344) event=71 script=8146 mode=1 state=1 player=(1168, 1368) pos=(1296, 1448) path=61
marked destination touch VisitKey { scene: 3, area: (1216, 1408), event_id: 48, trigger_script: 60, trigger_mode: 4, state: 1 }
learned exit AreaKey { scene: 3, anchor: (1152, 1344) } event=48 -> AreaKey { scene: 3, anchor: (1216, 1408) }
area teleport in scene 3 at frame 647: (1168, 1368) -> (1248, 1456)
continuing target event=71 across area (1216, 1408) path=0
target scene=3 area=(1216, 1408) event=54 script=4647 mode=5 state=1 player=(1248, 1456) pos=(992, 1472) path=16
marked destination touch VisitKey { scene: 3, area: (1152, 1344), event_id: 47, trigger_script: 33, trigger_mode: 4, state: 1 }
learned exit AreaKey { scene: 3, anchor: (1216, 1408) } event=47 -> AreaKey { scene: 3, anchor: (1152, 1344) }
area teleport in scene 3 at frame 660: (1248, 1456) -> (1168, 1368)
target scene=3 area=(1152, 1344) event=71 script=8146 mode=1 state=1 player=(1168, 1368) pos=(1296, 1448) path=61
marked destination touch VisitKey { scene: 3, area: (1216, 1408), event_id: 48, trigger_script: 60, trigger_mode: 4, state: 1 }
learned exit AreaKey { scene: 3, anchor: (1152, 1344) } event=48 -> AreaKey { scene: 3, anchor: (1216, 1408) }
area teleport in scene 3 at frame 677: (1168, 1368) -> (1248, 1456)
continuing target event=71 across area (1216, 1408) path=0
target scene=3 area=(1216, 1408) event=54 script=4647 mode=5 state=1 player=(1248, 1456) pos=(992, 1472) path=16
marked destination touch VisitKey { scene: 3, area: (1152, 1344), event_id: 47, trigger_script: 33, trigger_mode: 4, state: 1 }
learned exit AreaKey { scene: 3, anchor: (1216, 1408) } event=47 -> AreaKey { scene: 3, anchor: (1152, 1344) }
area teleport in scene 3 at frame 690: (1248, 1456) -> (1168, 1368)
target scene=3 area=(1152, 1344) event=71 script=8146 mode=1 state=1 player=(1168, 1368) pos=(1296, 1448) path=61
marked destination touch VisitKey { scene: 3, area: (1216, 1408), event_id: 48, trigger_script: 60, trigger_mode: 4, state: 1 }
learned exit AreaKey { scene: 3, anchor: (1152, 1344) } event=48 -> AreaKey { scene: 3, anchor: (1216, 1408) }
area teleport in scene 3 at frame 707: (1168, 1368) -> (1248, 1456)
continuing target event=71 across area (1216, 1408) path=0
target scene=3 area=(1216, 1408) event=54 script=4647 mode=5 state=1 player=(1248, 1456) pos=(992, 1472) path=16
marked destination touch VisitKey { scene: 3, area: (1152, 1344), event_id: 47, trigger_script: 33, trigger_mode: 4, state: 1 }
learned exit AreaKey { scene: 3, anchor: (1216, 1408) } event=47 -> AreaKey { scene: 3, anchor: (1152, 1344) }
area teleport in scene 3 at frame 720: (1248, 1456) -> (1168, 1368)
target scene=3 area=(1152, 1344) event=71 script=8146 mode=1 state=1 player=(1168, 1368) pos=(1296, 1448) path=61
marked destination touch VisitKey { scene: 3, area: (1216, 1408), event_id: 48, trigger_script: 60, trigger_mode: 4, state: 1 }
learned exit AreaKey { scene: 3, anchor: (1152, 1344) } event=48 -> AreaKey { scene: 3, anchor: (1216, 1408) }
area teleport in scene 3 at frame 737: (1168, 1368) -> (1248, 1456)
continuing target event=71 across area (1216, 1408) path=0
target scene=3 area=(1216, 1408) event=54 script=4647 mode=5 state=1 player=(1248, 1456) pos=(992, 1472) path=16
marked destination touch VisitKey { scene: 3, area: (1152, 1344), event_id: 47, trigger_script: 33, trigger_mode: 4, state: 1 }
learned exit AreaKey { scene: 3, anchor: (1216, 1408) } event=47 -> AreaKey { scene: 3, anchor: (1152, 1344) }
area teleport in scene 3 at frame 750: (1248, 1456) -> (1168, 1368)
target scene=3 area=(1152, 1344) event=71 script=8146 mode=1 state=1 player=(1168, 1368) pos=(1296, 1448) path=61
marked destination touch VisitKey { scene: 3, area: (1216, 1408), event_id: 48, trigger_script: 60, trigger_mode: 4, state: 1 }
learned exit AreaKey { scene: 3, anchor: (1152, 1344) } event=48 -> AreaKey { scene: 3, anchor: (1216, 1408) }
area teleport in scene 3 at frame 767: (1168, 1368) -> (1248, 1456)
continuing target event=71 across area (1216, 1408) path=0
target scene=3 area=(1216, 1408) event=54 script=4647 mode=5 state=1 player=(1248, 1456) pos=(992, 1472) path=16
marked destination touch VisitKey { scene: 3, area: (1152, 1344), event_id: 47, trigger_script: 33, trigger_mode: 4, state: 1 }
learned exit AreaKey { scene: 3, anchor: (1216, 1408) } event=47 -> AreaKey { scene: 3, anchor: (1152, 1344) }
area teleport in scene 3 at frame 780: (1248, 1456) -> (1168, 1368)
target scene=3 area=(1152, 1344) event=71 script=8146 mode=1 state=1 player=(1168, 1368) pos=(1296, 1448) path=61
marked destination touch VisitKey { scene: 3, area: (1216, 1408), event_id: 48, trigger_script: 60, trigger_mode: 4, state: 1 }
learned exit AreaKey { scene: 3, anchor: (1152, 1344) } event=48 -> AreaKey { scene: 3, anchor: (1216, 1408) }
area teleport in scene 3 at frame 797: (1168, 1368) -> (1248, 1456)
continuing target event=71 across area (1216, 1408) path=0
target scene=3 area=(1216, 1408) event=54 script=4647 mode=5 state=1 player=(1248, 1456) pos=(992, 1472) path=16
marked destination touch VisitKey { scene: 3, area: (1152, 1344), event_id: 47, trigger_script: 33, trigger_mode: 4, state: 1 }
learned exit AreaKey { scene: 3, anchor: (1216, 1408) } event=47 -> AreaKey { scene: 3, anchor: (1152, 1344) }
area teleport in scene 3 at frame 810: (1248, 1456) -> (1168, 1368)
target scene=3 area=(1152, 1344) event=71 script=8146 mode=1 state=1 player=(1168, 1368) pos=(1296, 1448) path=61
marked destination touch VisitKey { scene: 3, area: (1216, 1408), event_id: 48, trigger_script: 60, trigger_mode: 4, state: 1 }
learned exit AreaKey { scene: 3, anchor: (1152, 1344) } event=48 -> AreaKey { scene: 3, anchor: (1216, 1408) }
area teleport in scene 3 at frame 827: (1168, 1368) -> (1248, 1456)
continuing target event=71 across area (1216, 1408) path=0
target scene=3 area=(1216, 1408) event=54 script=4647 mode=5 state=1 player=(1248, 1456) pos=(992, 1472) path=16
marked destination touch VisitKey { scene: 3, area: (1152, 1344), event_id: 47, trigger_script: 33, trigger_mode: 4, state: 1 }
learned exit AreaKey { scene: 3, anchor: (1216, 1408) } event=47 -> AreaKey { scene: 3, anchor: (1152, 1344) }
area teleport in scene 3 at frame 840: (1248, 1456) -> (1168, 1368)
target scene=3 area=(1152, 1344) event=71 script=8146 mode=1 state=1 player=(1168, 1368) pos=(1296, 1448) path=61
marked destination touch VisitKey { scene: 3, area: (1216, 1408), event_id: 48, trigger_script: 60, trigger_mode: 4, state: 1 }
learned exit AreaKey { scene: 3, anchor: (1152, 1344) } event=48 -> AreaKey { scene: 3, anchor: (1216, 1408) }
area teleport in scene 3 at frame 857: (1168, 1368) -> (1248, 1456)
continuing target event=71 across area (1216, 1408) path=0
target scene=3 area=(1216, 1408) event=54 script=4647 mode=5 state=1 player=(1248, 1456) pos=(992, 1472) path=16
marked destination touch VisitKey { scene: 3, area: (1152, 1344), event_id: 47, trigger_script: 33, trigger_mode: 4, state: 1 }
learned exit AreaKey { scene: 3, anchor: (1216, 1408) } event=47 -> AreaKey { scene: 3, anchor: (1152, 1344) }
area teleport in scene 3 at frame 870: (1248, 1456) -> (1168, 1368)
target scene=3 area=(1152, 1344) event=71 script=8146 mode=1 state=1 player=(1168, 1368) pos=(1296, 1448) path=61
marked destination touch VisitKey { scene: 3, area: (1216, 1408), event_id: 48, trigger_script: 60, trigger_mode: 4, state: 1 }
learned exit AreaKey { scene: 3, anchor: (1152, 1344) } event=48 -> AreaKey { scene: 3, anchor: (1216, 1408) }
area teleport in scene 3 at frame 887: (1168, 1368) -> (1248, 1456)
continuing target event=71 across area (1216, 1408) path=0
target scene=3 area=(1216, 1408) event=54 script=4647 mode=5 state=1 player=(1248, 1456) pos=(992, 1472) path=16
marked destination touch VisitKey { scene: 3, area: (1152, 1344), event_id: 47, trigger_script: 33, trigger_mode: 4, state: 1 }
learned exit AreaKey { scene: 3, anchor: (1216, 1408) } event=47 -> AreaKey { scene: 3, anchor: (1152, 1344) }
area teleport in scene 3 at frame 900: (1248, 1456) -> (1168, 1368)
target scene=3 area=(1152, 1344) event=71 script=8146 mode=1 state=1 player=(1168, 1368) pos=(1296, 1448) path=61
marked destination touch VisitKey { scene: 3, area: (1216, 1408), event_id: 48, trigger_script: 60, trigger_mode: 4, state: 1 }
learned exit AreaKey { scene: 3, anchor: (1152, 1344) } event=48 -> AreaKey { scene: 3, anchor: (1216, 1408) }
area teleport in scene 3 at frame 917: (1168, 1368) -> (1248, 1456)
continuing target event=71 across area (1216, 1408) path=0
target scene=3 area=(1216, 1408) event=54 script=4647 mode=5 state=1 player=(1248, 1456) pos=(992, 1472) path=16
marked destination touch VisitKey { scene: 3, area: (1152, 1344), event_id: 47, trigger_script: 33, trigger_mode: 4, state: 1 }
learned exit AreaKey { scene: 3, anchor: (1216, 1408) } event=47 -> AreaKey { scene: 3, anchor: (1152, 1344) }
area teleport in scene 3 at frame 930: (1248, 1456) -> (1168, 1368)
target scene=3 area=(1152, 1344) event=71 script=8146 mode=1 state=1 player=(1168, 1368) pos=(1296, 1448) path=61
marked destination touch VisitKey { scene: 3, area: (1216, 1408), event_id: 48, trigger_script: 60, trigger_mode: 4, state: 1 }
learned exit AreaKey { scene: 3, anchor: (1152, 1344) } event=48 -> AreaKey { scene: 3, anchor: (1216, 1408) }
area teleport in scene 3 at frame 947: (1168, 1368) -> (1248, 1456)
continuing target event=71 across area (1216, 1408) path=0
target scene=3 area=(1216, 1408) event=54 script=4647 mode=5 state=1 player=(1248, 1456) pos=(992, 1472) path=16
marked destination touch VisitKey { scene: 3, area: (1152, 1344), event_id: 47, trigger_script: 33, trigger_mode: 4, state: 1 }
learned exit AreaKey { scene: 3, anchor: (1216, 1408) } event=47 -> AreaKey { scene: 3, anchor: (1152, 1344) }
area teleport in scene 3 at frame 960: (1248, 1456) -> (1168, 1368)
target scene=3 area=(1152, 1344) event=71 script=8146 mode=1 state=1 player=(1168, 1368) pos=(1296, 1448) path=61
marked destination touch VisitKey { scene: 3, area: (1216, 1408), event_id: 48, trigger_script: 60, trigger_mode: 4, state: 1 }
learned exit AreaKey { scene: 3, anchor: (1152, 1344) } event=48 -> AreaKey { scene: 3, anchor: (1216, 1408) }
area teleport in scene 3 at frame 977: (1168, 1368) -> (1248, 1456)
continuing target event=71 across area (1216, 1408) path=0
target scene=3 area=(1216, 1408) event=54 script=4647 mode=5 state=1 player=(1248, 1456) pos=(992, 1472) path=16
marked destination touch VisitKey { scene: 3, area: (1152, 1344), event_id: 47, trigger_script: 33, trigger_mode: 4, state: 1 }
learned exit AreaKey { scene: 3, anchor: (1216, 1408) } event=47 -> AreaKey { scene: 3, anchor: (1152, 1344) }
area teleport in scene 3 at frame 990: (1248, 1456) -> (1168, 1368)
target scene=3 area=(1152, 1344) event=71 script=8146 mode=1 state=1 player=(1168, 1368) pos=(1296, 1448) path=61
marked destination touch VisitKey { scene: 3, area: (1216, 1408), event_id: 48, trigger_script: 60, trigger_mode: 4, state: 1 }
learned exit AreaKey { scene: 3, anchor: (1152, 1344) } event=48 -> AreaKey { scene: 3, anchor: (1216, 1408) }
area teleport in scene 3 at frame 1007: (1168, 1368) -> (1248, 1456)
continuing target event=71 across area (1216, 1408) path=0
target scene=3 area=(1216, 1408) event=54 script=4647 mode=5 state=1 player=(1248, 1456) pos=(992, 1472) path=16
marked destination touch VisitKey { scene: 3, area: (1152, 1344), event_id: 47, trigger_script: 33, trigger_mode: 4, state: 1 }
learned exit AreaKey { scene: 3, anchor: (1216, 1408) } event=47 -> AreaKey { scene: 3, anchor: (1152, 1344) }
area teleport in scene 3 at frame 1020: (1248, 1456) -> (1168, 1368)
target scene=3 area=(1152, 1344) event=71 script=8146 mode=1 state=1 player=(1168, 1368) pos=(1296, 1448) path=61
marked destination touch VisitKey { scene: 3, area: (1216, 1408), event_id: 48, trigger_script: 60, trigger_mode: 4, state: 1 }
learned exit AreaKey { scene: 3, anchor: (1152, 1344) } event=48 -> AreaKey { scene: 3, anchor: (1216, 1408) }
area teleport in scene 3 at frame 1037: (1168, 1368) -> (1248, 1456)
continuing target event=71 across area (1216, 1408) path=0
target scene=3 area=(1216, 1408) event=54 script=4647 mode=5 state=1 player=(1248, 1456) pos=(992, 1472) path=16
marked destination touch VisitKey { scene: 3, area: (1152, 1344), event_id: 47, trigger_script: 33, trigger_mode: 4, state: 1 }
learned exit AreaKey { scene: 3, anchor: (1216, 1408) } event=47 -> AreaKey { scene: 3, anchor: (1152, 1344) }
area teleport in scene 3 at frame 1050: (1248, 1456) -> (1168, 1368)
target scene=3 area=(1152, 1344) event=71 script=8146 mode=1 state=1 player=(1168, 1368) pos=(1296, 1448) path=61
marked destination touch VisitKey { scene: 3, area: (1216, 1408), event_id: 48, trigger_script: 60, trigger_mode: 4, state: 1 }
learned exit AreaKey { scene: 3, anchor: (1152, 1344) } event=48 -> AreaKey { scene: 3, anchor: (1216, 1408) }
area teleport in scene 3 at frame 1067: (1168, 1368) -> (1248, 1456)
continuing target event=71 across area (1216, 1408) path=0
target scene=3 area=(1216, 1408) event=54 script=4647 mode=5 state=1 player=(1248, 1456) pos=(992, 1472) path=16
marked destination touch VisitKey { scene: 3, area: (1152, 1344), event_id: 47, trigger_script: 33, trigger_mode: 4, state: 1 }
learned exit AreaKey { scene: 3, anchor: (1216, 1408) } event=47 -> AreaKey { scene: 3, anchor: (1152, 1344) }
area teleport in scene 3 at frame 1080: (1248, 1456) -> (1168, 1368)
target scene=3 area=(1152, 1344) event=71 script=8146 mode=1 state=1 player=(1168, 1368) pos=(1296, 1448) path=61
marked destination touch VisitKey { scene: 3, area: (1216, 1408), event_id: 48, trigger_script: 60, trigger_mode: 4, state: 1 }
learned exit AreaKey { scene: 3, anchor: (1152, 1344) } event=48 -> AreaKey { scene: 3, anchor: (1216, 1408) }
area teleport in scene 3 at frame 1097: (1168, 1368) -> (1248, 1456)
continuing target event=71 across area (1216, 1408) path=0
target scene=3 area=(1216, 1408) event=54 script=4647 mode=5 state=1 player=(1248, 1456) pos=(992, 1472) path=16
marked destination touch VisitKey { scene: 3, area: (1152, 1344), event_id: 47, trigger_script: 33, trigger_mode: 4, state: 1 }
learned exit AreaKey { scene: 3, anchor: (1216, 1408) } event=47 -> AreaKey { scene: 3, anchor: (1152, 1344) }
area teleport in scene 3 at frame 1110: (1248, 1456) -> (1168, 1368)
target scene=3 area=(1152, 1344) event=71 script=8146 mode=1 state=1 player=(1168, 1368) pos=(1296, 1448) path=61
marked destination touch VisitKey { scene: 3, area: (1216, 1408), event_id: 48, trigger_script: 60, trigger_mode: 4, state: 1 }
learned exit AreaKey { scene: 3, anchor: (1152, 1344) } event=48 -> AreaKey { scene: 3, anchor: (1216, 1408) }
area teleport in scene 3 at frame 1127: (1168, 1368) -> (1248, 1456)
continuing target event=71 across area (1216, 1408) path=0
target scene=3 area=(1216, 1408) event=54 script=4647 mode=5 state=1 player=(1248, 1456) pos=(992, 1472) path=16
marked destination touch VisitKey { scene: 3, area: (1152, 1344), event_id: 47, trigger_script: 33, trigger_mode: 4, state: 1 }
learned exit AreaKey { scene: 3, anchor: (1216, 1408) } event=47 -> AreaKey { scene: 3, anchor: (1152, 1344) }
area teleport in scene 3 at frame 1140: (1248, 1456) -> (1168, 1368)
target scene=3 area=(1152, 1344) event=71 script=8146 mode=1 state=1 player=(1168, 1368) pos=(1296, 1448) path=61
marked destination touch VisitKey { scene: 3, area: (1216, 1408), event_id: 48, trigger_script: 60, trigger_mode: 4, state: 1 }
learned exit AreaKey { scene: 3, anchor: (1152, 1344) } event=48 -> AreaKey { scene: 3, anchor: (1216, 1408) }
area teleport in scene 3 at frame 1157: (1168, 1368) -> (1248, 1456)
continuing target event=71 across area (1216, 1408) path=0
target scene=3 area=(1216, 1408) event=54 script=4647 mode=5 state=1 player=(1248, 1456) pos=(992, 1472) path=16
marked destination touch VisitKey { scene: 3, area: (1152, 1344), event_id: 47, trigger_script: 33, trigger_mode: 4, state: 1 }
learned exit AreaKey { scene: 3, anchor: (1216, 1408) } event=47 -> AreaKey { scene: 3, anchor: (1152, 1344) }
area teleport in scene 3 at frame 1170: (1248, 1456) -> (1168, 1368)
target scene=3 area=(1152, 1344) event=71 script=8146 mode=1 state=1 player=(1168, 1368) pos=(1296, 1448) path=61
marked destination touch VisitKey { scene: 3, area: (1216, 1408), event_id: 48, trigger_script: 60, trigger_mode: 4, state: 1 }
learned exit AreaKey { scene: 3, anchor: (1152, 1344) } event=48 -> AreaKey { scene: 3, anchor: (1216, 1408) }
area teleport in scene 3 at frame 1187: (1168, 1368) -> (1248, 1456)
continuing target event=71 across area (1216, 1408) path=0
target scene=3 area=(1216, 1408) event=54 script=4647 mode=5 state=1 player=(1248, 1456) pos=(992, 1472) path=16
marked destination touch VisitKey { scene: 3, area: (1152, 1344), event_id: 47, trigger_script: 33, trigger_mode: 4, state: 1 }
learned exit AreaKey { scene: 3, anchor: (1216, 1408) } event=47 -> AreaKey { scene: 3, anchor: (1152, 1344) }
area teleport in scene 3 at frame 1200: (1248, 1456) -> (1168, 1368)
target scene=3 area=(1152, 1344) event=71 script=8146 mode=1 state=1 player=(1168, 1368) pos=(1296, 1448) path=61
marked destination touch VisitKey { scene: 3, area: (1216, 1408), event_id: 48, trigger_script: 60, trigger_mode: 4, state: 1 }
learned exit AreaKey { scene: 3, anchor: (1152, 1344) } event=48 -> AreaKey { scene: 3, anchor: (1216, 1408) }
area teleport in scene 3 at frame 1217: (1168, 1368) -> (1248, 1456)
continuing target event=71 across area (1216, 1408) path=0
target scene=3 area=(1216, 1408) event=54 script=4647 mode=5 state=1 player=(1248, 1456) pos=(992, 1472) path=16
marked destination touch VisitKey { scene: 3, area: (1152, 1344), event_id: 47, trigger_script: 33, trigger_mode: 4, state: 1 }
learned exit AreaKey { scene: 3, anchor: (1216, 1408) } event=47 -> AreaKey { scene: 3, anchor: (1152, 1344) }
area teleport in scene 3 at frame 1230: (1248, 1456) -> (1168, 1368)
target scene=3 area=(1152, 1344) event=71 script=8146 mode=1 state=1 player=(1168, 1368) pos=(1296, 1448) path=61
marked destination touch VisitKey { scene: 3, area: (1216, 1408), event_id: 48, trigger_script: 60, trigger_mode: 4, state: 1 }
learned exit AreaKey { scene: 3, anchor: (1152, 1344) } event=48 -> AreaKey { scene: 3, anchor: (1216, 1408) }
area teleport in scene 3 at frame 1247: (1168, 1368) -> (1248, 1456)
continuing target event=71 across area (1216, 1408) path=0
target scene=3 area=(1216, 1408) event=54 script=4647 mode=5 state=1 player=(1248, 1456) pos=(992, 1472) path=16
marked destination touch VisitKey { scene: 3, area: (1152, 1344), event_id: 47, trigger_script: 33, trigger_mode: 4, state: 1 }
learned exit AreaKey { scene: 3, anchor: (1216, 1408) } event=47 -> AreaKey { scene: 3, anchor: (1152, 1344) }
area teleport in scene 3 at frame 1260: (1248, 1456) -> (1168, 1368)
target scene=3 area=(1152, 1344) event=71 script=8146 mode=1 state=1 player=(1168, 1368) pos=(1296, 1448) path=61
marked destination touch VisitKey { scene: 3, area: (1216, 1408), event_id: 48, trigger_script: 60, trigger_mode: 4, state: 1 }
learned exit AreaKey { scene: 3, anchor: (1152, 1344) } event=48 -> AreaKey { scene: 3, anchor: (1216, 1408) }
area teleport in scene 3 at frame 1277: (1168, 1368) -> (1248, 1456)
continuing target event=71 across area (1216, 1408) path=0
target scene=3 area=(1216, 1408) event=54 script=4647 mode=5 state=1 player=(1248, 1456) pos=(992, 1472) path=16
marked destination touch VisitKey { scene: 3, area: (1152, 1344), event_id: 47, trigger_script: 33, trigger_mode: 4, state: 1 }
learned exit AreaKey { scene: 3, anchor: (1216, 1408) } event=47 -> AreaKey { scene: 3, anchor: (1152, 1344) }
area teleport in scene 3 at frame 1290: (1248, 1456) -> (1168, 1368)
target scene=3 area=(1152, 1344) event=71 script=8146 mode=1 state=1 player=(1168, 1368) pos=(1296, 1448) path=61
marked destination touch VisitKey { scene: 3, area: (1216, 1408), event_id: 48, trigger_script: 60, trigger_mode: 4, state: 1 }
learned exit AreaKey { scene: 3, anchor: (1152, 1344) } event=48 -> AreaKey { scene: 3, anchor: (1216, 1408) }
area teleport in scene 3 at frame 1307: (1168, 1368) -> (1248, 1456)
continuing target event=71 across area (1216, 1408) path=0
target scene=3 area=(1216, 1408) event=54 script=4647 mode=5 state=1 player=(1248, 1456) pos=(992, 1472) path=16
marked destination touch VisitKey { scene: 3, area: (1152, 1344), event_id: 47, trigger_script: 33, trigger_mode: 4, state: 1 }
learned exit AreaKey { scene: 3, anchor: (1216, 1408) } event=47 -> AreaKey { scene: 3, anchor: (1152, 1344) }
area teleport in scene 3 at frame 1320: (1248, 1456) -> (1168, 1368)
target scene=3 area=(1152, 1344) event=71 script=8146 mode=1 state=1 player=(1168, 1368) pos=(1296, 1448) path=61
marked destination touch VisitKey { scene: 3, area: (1216, 1408), event_id: 48, trigger_script: 60, trigger_mode: 4, state: 1 }
learned exit AreaKey { scene: 3, anchor: (1152, 1344) } event=48 -> AreaKey { scene: 3, anchor: (1216, 1408) }
area teleport in scene 3 at frame 1337: (1168, 1368) -> (1248, 1456)
continuing target event=71 across area (1216, 1408) path=0
target scene=3 area=(1216, 1408) event=54 script=4647 mode=5 state=1 player=(1248, 1456) pos=(992, 1472) path=16
marked destination touch VisitKey { scene: 3, area: (1152, 1344), event_id: 47, trigger_script: 33, trigger_mode: 4, state: 1 }
learned exit AreaKey { scene: 3, anchor: (1216, 1408) } event=47 -> AreaKey { scene: 3, anchor: (1152, 1344) }
area teleport in scene 3 at frame 1350: (1248, 1456) -> (1168, 1368)
target scene=3 area=(1152, 1344) event=71 script=8146 mode=1 state=1 player=(1168, 1368) pos=(1296, 1448) path=61
marked destination touch VisitKey { scene: 3, area: (1216, 1408), event_id: 48, trigger_script: 60, trigger_mode: 4, state: 1 }
learned exit AreaKey { scene: 3, anchor: (1152, 1344) } event=48 -> AreaKey { scene: 3, anchor: (1216, 1408) }
area teleport in scene 3 at frame 1367: (1168, 1368) -> (1248, 1456)
continuing target event=71 across area (1216, 1408) path=0
target scene=3 area=(1216, 1408) event=54 script=4647 mode=5 state=1 player=(1248, 1456) pos=(992, 1472) path=16
marked destination touch VisitKey { scene: 3, area: (1152, 1344), event_id: 47, trigger_script: 33, trigger_mode: 4, state: 1 }
learned exit AreaKey { scene: 3, anchor: (1216, 1408) } event=47 -> AreaKey { scene: 3, anchor: (1152, 1344) }
area teleport in scene 3 at frame 1380: (1248, 1456) -> (1168, 1368)
target scene=3 area=(1152, 1344) event=71 script=8146 mode=1 state=1 player=(1168, 1368) pos=(1296, 1448) path=61
marked destination touch VisitKey { scene: 3, area: (1216, 1408), event_id: 48, trigger_script: 60, trigger_mode: 4, state: 1 }
learned exit AreaKey { scene: 3, anchor: (1152, 1344) } event=48 -> AreaKey { scene: 3, anchor: (1216, 1408) }
area teleport in scene 3 at frame 1397: (1168, 1368) -> (1248, 1456)
continuing target event=71 across area (1216, 1408) path=0
target scene=3 area=(1216, 1408) event=54 script=4647 mode=5 state=1 player=(1248, 1456) pos=(992, 1472) path=16
marked destination touch VisitKey { scene: 3, area: (1152, 1344), event_id: 47, trigger_script: 33, trigger_mode: 4, state: 1 }
learned exit AreaKey { scene: 3, anchor: (1216, 1408) } event=47 -> AreaKey { scene: 3, anchor: (1152, 1344) }
area teleport in scene 3 at frame 1410: (1248, 1456) -> (1168, 1368)
target scene=3 area=(1152, 1344) event=71 script=8146 mode=1 state=1 player=(1168, 1368) pos=(1296, 1448) path=61
marked destination touch VisitKey { scene: 3, area: (1216, 1408), event_id: 48, trigger_script: 60, trigger_mode: 4, state: 1 }
learned exit AreaKey { scene: 3, anchor: (1152, 1344) } event=48 -> AreaKey { scene: 3, anchor: (1216, 1408) }
area teleport in scene 3 at frame 1427: (1168, 1368) -> (1248, 1456)
continuing target event=71 across area (1216, 1408) path=0
target scene=3 area=(1216, 1408) event=54 script=4647 mode=5 state=1 player=(1248, 1456) pos=(992, 1472) path=16
marked destination touch VisitKey { scene: 3, area: (1152, 1344), event_id: 47, trigger_script: 33, trigger_mode: 4, state: 1 }
learned exit AreaKey { scene: 3, anchor: (1216, 1408) } event=47 -> AreaKey { scene: 3, anchor: (1152, 1344) }
area teleport in scene 3 at frame 1440: (1248, 1456) -> (1168, 1368)
target scene=3 area=(1152, 1344) event=71 script=8146 mode=1 state=1 player=(1168, 1368) pos=(1296, 1448) path=61
marked destination touch VisitKey { scene: 3, area: (1216, 1408), event_id: 48, trigger_script: 60, trigger_mode: 4, state: 1 }
learned exit AreaKey { scene: 3, anchor: (1152, 1344) } event=48 -> AreaKey { scene: 3, anchor: (1216, 1408) }
area teleport in scene 3 at frame 1457: (1168, 1368) -> (1248, 1456)
continuing target event=71 across area (1216, 1408) path=0
target scene=3 area=(1216, 1408) event=54 script=4647 mode=5 state=1 player=(1248, 1456) pos=(992, 1472) path=16
marked destination touch VisitKey { scene: 3, area: (1152, 1344), event_id: 47, trigger_script: 33, trigger_mode: 4, state: 1 }
learned exit AreaKey { scene: 3, anchor: (1216, 1408) } event=47 -> AreaKey { scene: 3, anchor: (1152, 1344) }
area teleport in scene 3 at frame 1470: (1248, 1456) -> (1168, 1368)
target scene=3 area=(1152, 1344) event=71 script=8146 mode=1 state=1 player=(1168, 1368) pos=(1296, 1448) path=61
marked destination touch VisitKey { scene: 3, area: (1216, 1408), event_id: 48, trigger_script: 60, trigger_mode: 4, state: 1 }
learned exit AreaKey { scene: 3, anchor: (1152, 1344) } event=48 -> AreaKey { scene: 3, anchor: (1216, 1408) }
area teleport in scene 3 at frame 1487: (1168, 1368) -> (1248, 1456)
continuing target event=71 across area (1216, 1408) path=0
target scene=3 area=(1216, 1408) event=54 script=4647 mode=5 state=1 player=(1248, 1456) pos=(992, 1472) path=16
marked destination touch VisitKey { scene: 3, area: (1152, 1344), event_id: 47, trigger_script: 33, trigger_mode: 4, state: 1 }
learned exit AreaKey { scene: 3, anchor: (1216, 1408) } event=47 -> AreaKey { scene: 3, anchor: (1152, 1344) }
area teleport in scene 3 at frame 1500: (1248, 1456) -> (1168, 1368)
target scene=3 area=(1152, 1344) event=71 script=8146 mode=1 state=1 player=(1168, 1368) pos=(1296, 1448) path=61
marked destination touch VisitKey { scene: 3, area: (1216, 1408), event_id: 48, trigger_script: 60, trigger_mode: 4, state: 1 }
learned exit AreaKey { scene: 3, anchor: (1152, 1344) } event=48 -> AreaKey { scene: 3, anchor: (1216, 1408) }
area teleport in scene 3 at frame 1517: (1168, 1368) -> (1248, 1456)
continuing target event=71 across area (1216, 1408) path=0
target scene=3 area=(1216, 1408) event=54 script=4647 mode=5 state=1 player=(1248, 1456) pos=(992, 1472) path=16
marked destination touch VisitKey { scene: 3, area: (1152, 1344), event_id: 47, trigger_script: 33, trigger_mode: 4, state: 1 }
learned exit AreaKey { scene: 3, anchor: (1216, 1408) } event=47 -> AreaKey { scene: 3, anchor: (1152, 1344) }
area teleport in scene 3 at frame 1530: (1248, 1456) -> (1168, 1368)
target scene=3 area=(1152, 1344) event=71 script=8146 mode=1 state=1 player=(1168, 1368) pos=(1296, 1448) path=61
marked destination touch VisitKey { scene: 3, area: (1216, 1408), event_id: 48, trigger_script: 60, trigger_mode: 4, state: 1 }
learned exit AreaKey { scene: 3, anchor: (1152, 1344) } event=48 -> AreaKey { scene: 3, anchor: (1216, 1408) }
area teleport in scene 3 at frame 1547: (1168, 1368) -> (1248, 1456)
continuing target event=71 across area (1216, 1408) path=0
target scene=3 area=(1216, 1408) event=54 script=4647 mode=5 state=1 player=(1248, 1456) pos=(992, 1472) path=16
marked destination touch VisitKey { scene: 3, area: (1152, 1344), event_id: 47, trigger_script: 33, trigger_mode: 4, state: 1 }
learned exit AreaKey { scene: 3, anchor: (1216, 1408) } event=47 -> AreaKey { scene: 3, anchor: (1152, 1344) }
area teleport in scene 3 at frame 1560: (1248, 1456) -> (1168, 1368)
target scene=3 area=(1152, 1344) event=71 script=8146 mode=1 state=1 player=(1168, 1368) pos=(1296, 1448) path=61
marked destination touch VisitKey { scene: 3, area: (1216, 1408), event_id: 48, trigger_script: 60, trigger_mode: 4, state: 1 }
learned exit AreaKey { scene: 3, anchor: (1152, 1344) } event=48 -> AreaKey { scene: 3, anchor: (1216, 1408) }
area teleport in scene 3 at frame 1577: (1168, 1368) -> (1248, 1456)
continuing target event=71 across area (1216, 1408) path=0
target scene=3 area=(1216, 1408) event=54 script=4647 mode=5 state=1 player=(1248, 1456) pos=(992, 1472) path=16
marked destination touch VisitKey { scene: 3, area: (1152, 1344), event_id: 47, trigger_script: 33, trigger_mode: 4, state: 1 }
learned exit AreaKey { scene: 3, anchor: (1216, 1408) } event=47 -> AreaKey { scene: 3, anchor: (1152, 1344) }
area teleport in scene 3 at frame 1590: (1248, 1456) -> (1168, 1368)
target scene=3 area=(1152, 1344) event=71 script=8146 mode=1 state=1 player=(1168, 1368) pos=(1296, 1448) path=61
marked destination touch VisitKey { scene: 3, area: (1216, 1408), event_id: 48, trigger_script: 60, trigger_mode: 4, state: 1 }
learned exit AreaKey { scene: 3, anchor: (1152, 1344) } event=48 -> AreaKey { scene: 3, anchor: (1216, 1408) }
area teleport in scene 3 at frame 1607: (1168, 1368) -> (1248, 1456)
continuing target event=71 across area (1216, 1408) path=0
target scene=3 area=(1216, 1408) event=54 script=4647 mode=5 state=1 player=(1248, 1456) pos=(992, 1472) path=16
marked destination touch VisitKey { scene: 3, area: (1152, 1344), event_id: 47, trigger_script: 33, trigger_mode: 4, state: 1 }
learned exit AreaKey { scene: 3, anchor: (1216, 1408) } event=47 -> AreaKey { scene: 3, anchor: (1152, 1344) }
area teleport in scene 3 at frame 1620: (1248, 1456) -> (1168, 1368)
target scene=3 area=(1152, 1344) event=71 script=8146 mode=1 state=1 player=(1168, 1368) pos=(1296, 1448) path=61
marked destination touch VisitKey { scene: 3, area: (1216, 1408), event_id: 48, trigger_script: 60, trigger_mode: 4, state: 1 }
learned exit AreaKey { scene: 3, anchor: (1152, 1344) } event=48 -> AreaKey { scene: 3, anchor: (1216, 1408) }
area teleport in scene 3 at frame 1637: (1168, 1368) -> (1248, 1456)
continuing target event=71 across area (1216, 1408) path=0
target scene=3 area=(1216, 1408) event=54 script=4647 mode=5 state=1 player=(1248, 1456) pos=(992, 1472) path=16
marked destination touch VisitKey { scene: 3, area: (1152, 1344), event_id: 47, trigger_script: 33, trigger_mode: 4, state: 1 }
learned exit AreaKey { scene: 3, anchor: (1216, 1408) } event=47 -> AreaKey { scene: 3, anchor: (1152, 1344) }
area teleport in scene 3 at frame 1650: (1248, 1456) -> (1168, 1368)
target scene=3 area=(1152, 1344) event=71 script=8146 mode=1 state=1 player=(1168, 1368) pos=(1296, 1448) path=61
marked destination touch VisitKey { scene: 3, area: (1216, 1408), event_id: 48, trigger_script: 60, trigger_mode: 4, state: 1 }
learned exit AreaKey { scene: 3, anchor: (1152, 1344) } event=48 -> AreaKey { scene: 3, anchor: (1216, 1408) }
area teleport in scene 3 at frame 1667: (1168, 1368) -> (1248, 1456)
continuing target event=71 across area (1216, 1408) path=0
target scene=3 area=(1216, 1408) event=54 script=4647 mode=5 state=1 player=(1248, 1456) pos=(992, 1472) path=16
marked destination touch VisitKey { scene: 3, area: (1152, 1344), event_id: 47, trigger_script: 33, trigger_mode: 4, state: 1 }
learned exit AreaKey { scene: 3, anchor: (1216, 1408) } event=47 -> AreaKey { scene: 3, anchor: (1152, 1344) }
area teleport in scene 3 at frame 1680: (1248, 1456) -> (1168, 1368)
target scene=3 area=(1152, 1344) event=71 script=8146 mode=1 state=1 player=(1168, 1368) pos=(1296, 1448) path=61
marked destination touch VisitKey { scene: 3, area: (1216, 1408), event_id: 48, trigger_script: 60, trigger_mode: 4, state: 1 }
learned exit AreaKey { scene: 3, anchor: (1152, 1344) } event=48 -> AreaKey { scene: 3, anchor: (1216, 1408) }
area teleport in scene 3 at frame 1697: (1168, 1368) -> (1248, 1456)
continuing target event=71 across area (1216, 1408) path=0
target scene=3 area=(1216, 1408) event=54 script=4647 mode=5 state=1 player=(1248, 1456) pos=(992, 1472) path=16
marked destination touch VisitKey { scene: 3, area: (1152, 1344), event_id: 47, trigger_script: 33, trigger_mode: 4, state: 1 }
learned exit AreaKey { scene: 3, anchor: (1216, 1408) } event=47 -> AreaKey { scene: 3, anchor: (1152, 1344) }
area teleport in scene 3 at frame 1710: (1248, 1456) -> (1168, 1368)
target scene=3 area=(1152, 1344) event=71 script=8146 mode=1 state=1 player=(1168, 1368) pos=(1296, 1448) path=61
marked destination touch VisitKey { scene: 3, area: (1216, 1408), event_id: 48, trigger_script: 60, trigger_mode: 4, state: 1 }
learned exit AreaKey { scene: 3, anchor: (1152, 1344) } event=48 -> AreaKey { scene: 3, anchor: (1216, 1408) }
area teleport in scene 3 at frame 1727: (1168, 1368) -> (1248, 1456)
continuing target event=71 across area (1216, 1408) path=0
target scene=3 area=(1216, 1408) event=54 script=4647 mode=5 state=1 player=(1248, 1456) pos=(992, 1472) path=16
marked destination touch VisitKey { scene: 3, area: (1152, 1344), event_id: 47, trigger_script: 33, trigger_mode: 4, state: 1 }
learned exit AreaKey { scene: 3, anchor: (1216, 1408) } event=47 -> AreaKey { scene: 3, anchor: (1152, 1344) }
area teleport in scene 3 at frame 1740: (1248, 1456) -> (1168, 1368)
target scene=3 area=(1152, 1344) event=71 script=8146 mode=1 state=1 player=(1168, 1368) pos=(1296, 1448) path=61
marked destination touch VisitKey { scene: 3, area: (1216, 1408), event_id: 48, trigger_script: 60, trigger_mode: 4, state: 1 }
learned exit AreaKey { scene: 3, anchor: (1152, 1344) } event=48 -> AreaKey { scene: 3, anchor: (1216, 1408) }
area teleport in scene 3 at frame 1757: (1168, 1368) -> (1248, 1456)
continuing target event=71 across area (1216, 1408) path=0
target scene=3 area=(1216, 1408) event=54 script=4647 mode=5 state=1 player=(1248, 1456) pos=(992, 1472) path=16
marked destination touch VisitKey { scene: 3, area: (1152, 1344), event_id: 47, trigger_script: 33, trigger_mode: 4, state: 1 }
learned exit AreaKey { scene: 3, anchor: (1216, 1408) } event=47 -> AreaKey { scene: 3, anchor: (1152, 1344) }
area teleport in scene 3 at frame 1770: (1248, 1456) -> (1168, 1368)
target scene=3 area=(1152, 1344) event=71 script=8146 mode=1 state=1 player=(1168, 1368) pos=(1296, 1448) path=61
marked destination touch VisitKey { scene: 3, area: (1216, 1408), event_id: 48, trigger_script: 60, trigger_mode: 4, state: 1 }
learned exit AreaKey { scene: 3, anchor: (1152, 1344) } event=48 -> AreaKey { scene: 3, anchor: (1216, 1408) }
area teleport in scene 3 at frame 1787: (1168, 1368) -> (1248, 1456)
continuing target event=71 across area (1216, 1408) path=0
target scene=3 area=(1216, 1408) event=54 script=4647 mode=5 state=1 player=(1248, 1456) pos=(992, 1472) path=16
marked destination touch VisitKey { scene: 3, area: (1152, 1344), event_id: 47, trigger_script: 33, trigger_mode: 4, state: 1 }
learned exit AreaKey { scene: 3, anchor: (1216, 1408) } event=47 -> AreaKey { scene: 3, anchor: (1152, 1344) }
area teleport in scene 3 at frame 1800: (1248, 1456) -> (1168, 1368)
target scene=3 area=(1152, 1344) event=71 script=8146 mode=1 state=1 player=(1168, 1368) pos=(1296, 1448) path=61
marked destination touch VisitKey { scene: 3, area: (1216, 1408), event_id: 48, trigger_script: 60, trigger_mode: 4, state: 1 }
learned exit AreaKey { scene: 3, anchor: (1152, 1344) } event=48 -> AreaKey { scene: 3, anchor: (1216, 1408) }
area teleport in scene 3 at frame 1817: (1168, 1368) -> (1248, 1456)
continuing target event=71 across area (1216, 1408) path=0
target scene=3 area=(1216, 1408) event=54 script=4647 mode=5 state=1 player=(1248, 1456) pos=(992, 1472) path=16
marked destination touch VisitKey { scene: 3, area: (1152, 1344), event_id: 47, trigger_script: 33, trigger_mode: 4, state: 1 }
learned exit AreaKey { scene: 3, anchor: (1216, 1408) } event=47 -> AreaKey { scene: 3, anchor: (1152, 1344) }
area teleport in scene 3 at frame 1830: (1248, 1456) -> (1168, 1368)
target scene=3 area=(1152, 1344) event=71 script=8146 mode=1 state=1 player=(1168, 1368) pos=(1296, 1448) path=61
marked destination touch VisitKey { scene: 3, area: (1216, 1408), event_id: 48, trigger_script: 60, trigger_mode: 4, state: 1 }
learned exit AreaKey { scene: 3, anchor: (1152, 1344) } event=48 -> AreaKey { scene: 3, anchor: (1216, 1408) }
area teleport in scene 3 at frame 1847: (1168, 1368) -> (1248, 1456)
continuing target event=71 across area (1216, 1408) path=0
target scene=3 area=(1216, 1408) event=54 script=4647 mode=5 state=1 player=(1248, 1456) pos=(992, 1472) path=16
marked destination touch VisitKey { scene: 3, area: (1152, 1344), event_id: 47, trigger_script: 33, trigger_mode: 4, state: 1 }
learned exit AreaKey { scene: 3, anchor: (1216, 1408) } event=47 -> AreaKey { scene: 3, anchor: (1152, 1344) }
area teleport in scene 3 at frame 1860: (1248, 1456) -> (1168, 1368)
target scene=3 area=(1152, 1344) event=71 script=8146 mode=1 state=1 player=(1168, 1368) pos=(1296, 1448) path=61
marked destination touch VisitKey { scene: 3, area: (1216, 1408), event_id: 48, trigger_script: 60, trigger_mode: 4, state: 1 }
learned exit AreaKey { scene: 3, anchor: (1152, 1344) } event=48 -> AreaKey { scene: 3, anchor: (1216, 1408) }
area teleport in scene 3 at frame 1877: (1168, 1368) -> (1248, 1456)
continuing target event=71 across area (1216, 1408) path=0
target scene=3 area=(1216, 1408) event=54 script=4647 mode=5 state=1 player=(1248, 1456) pos=(992, 1472) path=16
marked destination touch VisitKey { scene: 3, area: (1152, 1344), event_id: 47, trigger_script: 33, trigger_mode: 4, state: 1 }
learned exit AreaKey { scene: 3, anchor: (1216, 1408) } event=47 -> AreaKey { scene: 3, anchor: (1152, 1344) }
area teleport in scene 3 at frame 1890: (1248, 1456) -> (1168, 1368)
target scene=3 area=(1152, 1344) event=71 script=8146 mode=1 state=1 player=(1168, 1368) pos=(1296, 1448) path=61
marked destination touch VisitKey { scene: 3, area: (1216, 1408), event_id: 48, trigger_script: 60, trigger_mode: 4, state: 1 }
learned exit AreaKey { scene: 3, anchor: (1152, 1344) } event=48 -> AreaKey { scene: 3, anchor: (1216, 1408) }
area teleport in scene 3 at frame 1907: (1168, 1368) -> (1248, 1456)
continuing target event=71 across area (1216, 1408) path=0
target scene=3 area=(1216, 1408) event=54 script=4647 mode=5 state=1 player=(1248, 1456) pos=(992, 1472) path=16
marked destination touch VisitKey { scene: 3, area: (1152, 1344), event_id: 47, trigger_script: 33, trigger_mode: 4, state: 1 }
learned exit AreaKey { scene: 3, anchor: (1216, 1408) } event=47 -> AreaKey { scene: 3, anchor: (1152, 1344) }
area teleport in scene 3 at frame 1920: (1248, 1456) -> (1168, 1368)
target scene=3 area=(1152, 1344) event=71 script=8146 mode=1 state=1 player=(1168, 1368) pos=(1296, 1448) path=61
marked destination touch VisitKey { scene: 3, area: (1216, 1408), event_id: 48, trigger_script: 60, trigger_mode: 4, state: 1 }
learned exit AreaKey { scene: 3, anchor: (1152, 1344) } event=48 -> AreaKey { scene: 3, anchor: (1216, 1408) }
area teleport in scene 3 at frame 1937: (1168, 1368) -> (1248, 1456)
continuing target event=71 across area (1216, 1408) path=0
target scene=3 area=(1216, 1408) event=54 script=4647 mode=5 state=1 player=(1248, 1456) pos=(992, 1472) path=16
marked destination touch VisitKey { scene: 3, area: (1152, 1344), event_id: 47, trigger_script: 33, trigger_mode: 4, state: 1 }
learned exit AreaKey { scene: 3, anchor: (1216, 1408) } event=47 -> AreaKey { scene: 3, anchor: (1152, 1344) }
area teleport in scene 3 at frame 1950: (1248, 1456) -> (1168, 1368)
target scene=3 area=(1152, 1344) event=71 script=8146 mode=1 state=1 player=(1168, 1368) pos=(1296, 1448) path=61
marked destination touch VisitKey { scene: 3, area: (1216, 1408), event_id: 48, trigger_script: 60, trigger_mode: 4, state: 1 }
learned exit AreaKey { scene: 3, anchor: (1152, 1344) } event=48 -> AreaKey { scene: 3, anchor: (1216, 1408) }
area teleport in scene 3 at frame 1967: (1168, 1368) -> (1248, 1456)
continuing target event=71 across area (1216, 1408) path=0
target scene=3 area=(1216, 1408) event=54 script=4647 mode=5 state=1 player=(1248, 1456) pos=(992, 1472) path=16
marked destination touch VisitKey { scene: 3, area: (1152, 1344), event_id: 47, trigger_script: 33, trigger_mode: 4, state: 1 }
learned exit AreaKey { scene: 3, anchor: (1216, 1408) } event=47 -> AreaKey { scene: 3, anchor: (1152, 1344) }
area teleport in scene 3 at frame 1980: (1248, 1456) -> (1168, 1368)
target scene=3 area=(1152, 1344) event=71 script=8146 mode=1 state=1 player=(1168, 1368) pos=(1296, 1448) path=61
marked destination touch VisitKey { scene: 3, area: (1216, 1408), event_id: 48, trigger_script: 60, trigger_mode: 4, state: 1 }
learned exit AreaKey { scene: 3, anchor: (1152, 1344) } event=48 -> AreaKey { scene: 3, anchor: (1216, 1408) }
area teleport in scene 3 at frame 1997: (1168, 1368) -> (1248, 1456)
continuing target event=71 across area (1216, 1408) path=0
target scene=3 area=(1216, 1408) event=54 script=4647 mode=5 state=1 player=(1248, 1456) pos=(992, 1472) path=16
marked destination touch VisitKey { scene: 3, area: (1152, 1344), event_id: 47, trigger_script: 33, trigger_mode: 4, state: 1 }
learned exit AreaKey { scene: 3, anchor: (1216, 1408) } event=47 -> AreaKey { scene: 3, anchor: (1152, 1344) }
area teleport in scene 3 at frame 2010: (1248, 1456) -> (1168, 1368)
target scene=3 area=(1152, 1344) event=71 script=8146 mode=1 state=1 player=(1168, 1368) pos=(1296, 1448) path=61
marked destination touch VisitKey { scene: 3, area: (1216, 1408), event_id: 48, trigger_script: 60, trigger_mode: 4, state: 1 }
learned exit AreaKey { scene: 3, anchor: (1152, 1344) } event=48 -> AreaKey { scene: 3, anchor: (1216, 1408) }
area teleport in scene 3 at frame 2027: (1168, 1368) -> (1248, 1456)
continuing target event=71 across area (1216, 1408) path=0
target scene=3 area=(1216, 1408) event=54 script=4647 mode=5 state=1 player=(1248, 1456) pos=(992, 1472) path=16
marked destination touch VisitKey { scene: 3, area: (1152, 1344), event_id: 47, trigger_script: 33, trigger_mode: 4, state: 1 }
learned exit AreaKey { scene: 3, anchor: (1216, 1408) } event=47 -> AreaKey { scene: 3, anchor: (1152, 1344) }
area teleport in scene 3 at frame 2040: (1248, 1456) -> (1168, 1368)
target scene=3 area=(1152, 1344) event=71 script=8146 mode=1 state=1 player=(1168, 1368) pos=(1296, 1448) path=61
marked destination touch VisitKey { scene: 3, area: (1216, 1408), event_id: 48, trigger_script: 60, trigger_mode: 4, state: 1 }
learned exit AreaKey { scene: 3, anchor: (1152, 1344) } event=48 -> AreaKey { scene: 3, anchor: (1216, 1408) }
area teleport in scene 3 at frame 2057: (1168, 1368) -> (1248, 1456)
continuing target event=71 across area (1216, 1408) path=0
target scene=3 area=(1216, 1408) event=54 script=4647 mode=5 state=1 player=(1248, 1456) pos=(992, 1472) path=16
marked destination touch VisitKey { scene: 3, area: (1152, 1344), event_id: 47, trigger_script: 33, trigger_mode: 4, state: 1 }
learned exit AreaKey { scene: 3, anchor: (1216, 1408) } event=47 -> AreaKey { scene: 3, anchor: (1152, 1344) }
area teleport in scene 3 at frame 2070: (1248, 1456) -> (1168, 1368)
target scene=3 area=(1152, 1344) event=71 script=8146 mode=1 state=1 player=(1168, 1368) pos=(1296, 1448) path=61
marked destination touch VisitKey { scene: 3, area: (1216, 1408), event_id: 48, trigger_script: 60, trigger_mode: 4, state: 1 }
learned exit AreaKey { scene: 3, anchor: (1152, 1344) } event=48 -> AreaKey { scene: 3, anchor: (1216, 1408) }
area teleport in scene 3 at frame 2087: (1168, 1368) -> (1248, 1456)
continuing target event=71 across area (1216, 1408) path=0
target scene=3 area=(1216, 1408) event=54 script=4647 mode=5 state=1 player=(1248, 1456) pos=(992, 1472) path=16
marked destination touch VisitKey { scene: 3, area: (1152, 1344), event_id: 47, trigger_script: 33, trigger_mode: 4, state: 1 }
learned exit AreaKey { scene: 3, anchor: (1216, 1408) } event=47 -> AreaKey { scene: 3, anchor: (1152, 1344) }
area teleport in scene 3 at frame 2100: (1248, 1456) -> (1168, 1368)
target scene=3 area=(1152, 1344) event=71 script=8146 mode=1 state=1 player=(1168, 1368) pos=(1296, 1448) path=61
marked destination touch VisitKey { scene: 3, area: (1216, 1408), event_id: 48, trigger_script: 60, trigger_mode: 4, state: 1 }
learned exit AreaKey { scene: 3, anchor: (1152, 1344) } event=48 -> AreaKey { scene: 3, anchor: (1216, 1408) }
area teleport in scene 3 at frame 2117: (1168, 1368) -> (1248, 1456)
continuing target event=71 across area (1216, 1408) path=0
target scene=3 area=(1216, 1408) event=54 script=4647 mode=5 state=1 player=(1248, 1456) pos=(992, 1472) path=16
marked destination touch VisitKey { scene: 3, area: (1152, 1344), event_id: 47, trigger_script: 33, trigger_mode: 4, state: 1 }
learned exit AreaKey { scene: 3, anchor: (1216, 1408) } event=47 -> AreaKey { scene: 3, anchor: (1152, 1344) }
area teleport in scene 3 at frame 2130: (1248, 1456) -> (1168, 1368)
target scene=3 area=(1152, 1344) event=71 script=8146 mode=1 state=1 player=(1168, 1368) pos=(1296, 1448) path=61
marked destination touch VisitKey { scene: 3, area: (1216, 1408), event_id: 48, trigger_script: 60, trigger_mode: 4, state: 1 }
learned exit AreaKey { scene: 3, anchor: (1152, 1344) } event=48 -> AreaKey { scene: 3, anchor: (1216, 1408) }
area teleport in scene 3 at frame 2147: (1168, 1368) -> (1248, 1456)
continuing target event=71 across area (1216, 1408) path=0
target scene=3 area=(1216, 1408) event=54 script=4647 mode=5 state=1 player=(1248, 1456) pos=(992, 1472) path=16
marked destination touch VisitKey { scene: 3, area: (1152, 1344), event_id: 47, trigger_script: 33, trigger_mode: 4, state: 1 }
learned exit AreaKey { scene: 3, anchor: (1216, 1408) } event=47 -> AreaKey { scene: 3, anchor: (1152, 1344) }
area teleport in scene 3 at frame 2160: (1248, 1456) -> (1168, 1368)
target scene=3 area=(1152, 1344) event=71 script=8146 mode=1 state=1 player=(1168, 1368) pos=(1296, 1448) path=61
marked destination touch VisitKey { scene: 3, area: (1216, 1408), event_id: 48, trigger_script: 60, trigger_mode: 4, state: 1 }
learned exit AreaKey { scene: 3, anchor: (1152, 1344) } event=48 -> AreaKey { scene: 3, anchor: (1216, 1408) }
area teleport in scene 3 at frame 2177: (1168, 1368) -> (1248, 1456)
continuing target event=71 across area (1216, 1408) path=0
target scene=3 area=(1216, 1408) event=54 script=4647 mode=5 state=1 player=(1248, 1456) pos=(992, 1472) path=16
marked destination touch VisitKey { scene: 3, area: (1152, 1344), event_id: 47, trigger_script: 33, trigger_mode: 4, state: 1 }
learned exit AreaKey { scene: 3, anchor: (1216, 1408) } event=47 -> AreaKey { scene: 3, anchor: (1152, 1344) }
area teleport in scene 3 at frame 2190: (1248, 1456) -> (1168, 1368)
target scene=3 area=(1152, 1344) event=71 script=8146 mode=1 state=1 player=(1168, 1368) pos=(1296, 1448) path=61
marked destination touch VisitKey { scene: 3, area: (1216, 1408), event_id: 48, trigger_script: 60, trigger_mode: 4, state: 1 }
learned exit AreaKey { scene: 3, anchor: (1152, 1344) } event=48 -> AreaKey { scene: 3, anchor: (1216, 1408) }
area teleport in scene 3 at frame 2207: (1168, 1368) -> (1248, 1456)
continuing target event=71 across area (1216, 1408) path=0
target scene=3 area=(1216, 1408) event=54 script=4647 mode=5 state=1 player=(1248, 1456) pos=(992, 1472) path=16
marked destination touch VisitKey { scene: 3, area: (1152, 1344), event_id: 47, trigger_script: 33, trigger_mode: 4, state: 1 }
learned exit AreaKey { scene: 3, anchor: (1216, 1408) } event=47 -> AreaKey { scene: 3, anchor: (1152, 1344) }
area teleport in scene 3 at frame 2220: (1248, 1456) -> (1168, 1368)
target scene=3 area=(1152, 1344) event=71 script=8146 mode=1 state=1 player=(1168, 1368) pos=(1296, 1448) path=61
marked destination touch VisitKey { scene: 3, area: (1216, 1408), event_id: 48, trigger_script: 60, trigger_mode: 4, state: 1 }
learned exit AreaKey { scene: 3, anchor: (1152, 1344) } event=48 -> AreaKey { scene: 3, anchor: (1216, 1408) }
area teleport in scene 3 at frame 2237: (1168, 1368) -> (1248, 1456)
continuing target event=71 across area (1216, 1408) path=0
target scene=3 area=(1216, 1408) event=54 script=4647 mode=5 state=1 player=(1248, 1456) pos=(992, 1472) path=16
marked destination touch VisitKey { scene: 3, area: (1152, 1344), event_id: 47, trigger_script: 33, trigger_mode: 4, state: 1 }
learned exit AreaKey { scene: 3, anchor: (1216, 1408) } event=47 -> AreaKey { scene: 3, anchor: (1152, 1344) }
area teleport in scene 3 at frame 2250: (1248, 1456) -> (1168, 1368)
target scene=3 area=(1152, 1344) event=71 script=8146 mode=1 state=1 player=(1168, 1368) pos=(1296, 1448) path=61
marked destination touch VisitKey { scene: 3, area: (1216, 1408), event_id: 48, trigger_script: 60, trigger_mode: 4, state: 1 }
learned exit AreaKey { scene: 3, anchor: (1152, 1344) } event=48 -> AreaKey { scene: 3, anchor: (1216, 1408) }
area teleport in scene 3 at frame 2267: (1168, 1368) -> (1248, 1456)
continuing target event=71 across area (1216, 1408) path=0
target scene=3 area=(1216, 1408) event=54 script=4647 mode=5 state=1 player=(1248, 1456) pos=(992, 1472) path=16
marked destination touch VisitKey { scene: 3, area: (1152, 1344), event_id: 47, trigger_script: 33, trigger_mode: 4, state: 1 }
learned exit AreaKey { scene: 3, anchor: (1216, 1408) } event=47 -> AreaKey { scene: 3, anchor: (1152, 1344) }
area teleport in scene 3 at frame 2280: (1248, 1456) -> (1168, 1368)
target scene=3 area=(1152, 1344) event=71 script=8146 mode=1 state=1 player=(1168, 1368) pos=(1296, 1448) path=61
marked destination touch VisitKey { scene: 3, area: (1216, 1408), event_id: 48, trigger_script: 60, trigger_mode: 4, state: 1 }
learned exit AreaKey { scene: 3, anchor: (1152, 1344) } event=48 -> AreaKey { scene: 3, anchor: (1216, 1408) }
area teleport in scene 3 at frame 2297: (1168, 1368) -> (1248, 1456)
continuing target event=71 across area (1216, 1408) path=0
target scene=3 area=(1216, 1408) event=54 script=4647 mode=5 state=1 player=(1248, 1456) pos=(992, 1472) path=16
marked destination touch VisitKey { scene: 3, area: (1152, 1344), event_id: 47, trigger_script: 33, trigger_mode: 4, state: 1 }
learned exit AreaKey { scene: 3, anchor: (1216, 1408) } event=47 -> AreaKey { scene: 3, anchor: (1152, 1344) }
area teleport in scene 3 at frame 2310: (1248, 1456) -> (1168, 1368)
target scene=3 area=(1152, 1344) event=71 script=8146 mode=1 state=1 player=(1168, 1368) pos=(1296, 1448) path=61
marked destination touch VisitKey { scene: 3, area: (1216, 1408), event_id: 48, trigger_script: 60, trigger_mode: 4, state: 1 }
learned exit AreaKey { scene: 3, anchor: (1152, 1344) } event=48 -> AreaKey { scene: 3, anchor: (1216, 1408) }
area teleport in scene 3 at frame 2327: (1168, 1368) -> (1248, 1456)
continuing target event=71 across area (1216, 1408) path=0
target scene=3 area=(1216, 1408) event=54 script=4647 mode=5 state=1 player=(1248, 1456) pos=(992, 1472) path=16
marked destination touch VisitKey { scene: 3, area: (1152, 1344), event_id: 47, trigger_script: 33, trigger_mode: 4, state: 1 }
learned exit AreaKey { scene: 3, anchor: (1216, 1408) } event=47 -> AreaKey { scene: 3, anchor: (1152, 1344) }
area teleport in scene 3 at frame 2340: (1248, 1456) -> (1168, 1368)
target scene=3 area=(1152, 1344) event=71 script=8146 mode=1 state=1 player=(1168, 1368) pos=(1296, 1448) path=61
marked destination touch VisitKey { scene: 3, area: (1216, 1408), event_id: 48, trigger_script: 60, trigger_mode: 4, state: 1 }
learned exit AreaKey { scene: 3, anchor: (1152, 1344) } event=48 -> AreaKey { scene: 3, anchor: (1216, 1408) }
area teleport in scene 3 at frame 2357: (1168, 1368) -> (1248, 1456)
continuing target event=71 across area (1216, 1408) path=0
target scene=3 area=(1216, 1408) event=54 script=4647 mode=5 state=1 player=(1248, 1456) pos=(992, 1472) path=16
marked destination touch VisitKey { scene: 3, area: (1152, 1344), event_id: 47, trigger_script: 33, trigger_mode: 4, state: 1 }
learned exit AreaKey { scene: 3, anchor: (1216, 1408) } event=47 -> AreaKey { scene: 3, anchor: (1152, 1344) }
area teleport in scene 3 at frame 2370: (1248, 1456) -> (1168, 1368)
target scene=3 area=(1152, 1344) event=71 script=8146 mode=1 state=1 player=(1168, 1368) pos=(1296, 1448) path=61
marked destination touch VisitKey { scene: 3, area: (1216, 1408), event_id: 48, trigger_script: 60, trigger_mode: 4, state: 1 }
learned exit AreaKey { scene: 3, anchor: (1152, 1344) } event=48 -> AreaKey { scene: 3, anchor: (1216, 1408) }
area teleport in scene 3 at frame 2387: (1168, 1368) -> (1248, 1456)
continuing target event=71 across area (1216, 1408) path=0
target scene=3 area=(1216, 1408) event=54 script=4647 mode=5 state=1 player=(1248, 1456) pos=(992, 1472) path=16
marked destination touch VisitKey { scene: 3, area: (1152, 1344), event_id: 47, trigger_script: 33, trigger_mode: 4, state: 1 }
learned exit AreaKey { scene: 3, anchor: (1216, 1408) } event=47 -> AreaKey { scene: 3, anchor: (1152, 1344) }
area teleport in scene 3 at frame 2400: (1248, 1456) -> (1168, 1368)
target scene=3 area=(1152, 1344) event=71 script=8146 mode=1 state=1 player=(1168, 1368) pos=(1296, 1448) path=61
marked destination touch VisitKey { scene: 3, area: (1216, 1408), event_id: 48, trigger_script: 60, trigger_mode: 4, state: 1 }
learned exit AreaKey { scene: 3, anchor: (1152, 1344) } event=48 -> AreaKey { scene: 3, anchor: (1216, 1408) }
area teleport in scene 3 at frame 2417: (1168, 1368) -> (1248, 1456)
continuing target event=71 across area (1216, 1408) path=0
target scene=3 area=(1216, 1408) event=54 script=4647 mode=5 state=1 player=(1248, 1456) pos=(992, 1472) path=16
marked destination touch VisitKey { scene: 3, area: (1152, 1344), event_id: 47, trigger_script: 33, trigger_mode: 4, state: 1 }
learned exit AreaKey { scene: 3, anchor: (1216, 1408) } event=47 -> AreaKey { scene: 3, anchor: (1152, 1344) }
area teleport in scene 3 at frame 2430: (1248, 1456) -> (1168, 1368)
target scene=3 area=(1152, 1344) event=71 script=8146 mode=1 state=1 player=(1168, 1368) pos=(1296, 1448) path=61
marked destination touch VisitKey { scene: 3, area: (1216, 1408), event_id: 48, trigger_script: 60, trigger_mode: 4, state: 1 }
learned exit AreaKey { scene: 3, anchor: (1152, 1344) } event=48 -> AreaKey { scene: 3, anchor: (1216, 1408) }
area teleport in scene 3 at frame 2447: (1168, 1368) -> (1248, 1456)
continuing target event=71 across area (1216, 1408) path=0
target scene=3 area=(1216, 1408) event=54 script=4647 mode=5 state=1 player=(1248, 1456) pos=(992, 1472) path=16
marked destination touch VisitKey { scene: 3, area: (1152, 1344), event_id: 47, trigger_script: 33, trigger_mode: 4, state: 1 }
learned exit AreaKey { scene: 3, anchor: (1216, 1408) } event=47 -> AreaKey { scene: 3, anchor: (1152, 1344) }
area teleport in scene 3 at frame 2460: (1248, 1456) -> (1168, 1368)
target scene=3 area=(1152, 1344) event=71 script=8146 mode=1 state=1 player=(1168, 1368) pos=(1296, 1448) path=61
marked destination touch VisitKey { scene: 3, area: (1216, 1408), event_id: 48, trigger_script: 60, trigger_mode: 4, state: 1 }
learned exit AreaKey { scene: 3, anchor: (1152, 1344) } event=48 -> AreaKey { scene: 3, anchor: (1216, 1408) }
area teleport in scene 3 at frame 2477: (1168, 1368) -> (1248, 1456)
continuing target event=71 across area (1216, 1408) path=0
target scene=3 area=(1216, 1408) event=54 script=4647 mode=5 state=1 player=(1248, 1456) pos=(992, 1472) path=16
marked destination touch VisitKey { scene: 3, area: (1152, 1344), event_id: 47, trigger_script: 33, trigger_mode: 4, state: 1 }
learned exit AreaKey { scene: 3, anchor: (1216, 1408) } event=47 -> AreaKey { scene: 3, anchor: (1152, 1344) }
area teleport in scene 3 at frame 2490: (1248, 1456) -> (1168, 1368)
target scene=3 area=(1152, 1344) event=71 script=8146 mode=1 state=1 player=(1168, 1368) pos=(1296, 1448) path=61
marked destination touch VisitKey { scene: 3, area: (1216, 1408), event_id: 48, trigger_script: 60, trigger_mode: 4, state: 1 }
learned exit AreaKey { scene: 3, anchor: (1152, 1344) } event=48 -> AreaKey { scene: 3, anchor: (1216, 1408) }
area teleport in scene 3 at frame 2507: (1168, 1368) -> (1248, 1456)
continuing target event=71 across area (1216, 1408) path=0
target scene=3 area=(1216, 1408) event=54 script=4647 mode=5 state=1 player=(1248, 1456) pos=(992, 1472) path=16
marked destination touch VisitKey { scene: 3, area: (1152, 1344), event_id: 47, trigger_script: 33, trigger_mode: 4, state: 1 }
learned exit AreaKey { scene: 3, anchor: (1216, 1408) } event=47 -> AreaKey { scene: 3, anchor: (1152, 1344) }
area teleport in scene 3 at frame 2520: (1248, 1456) -> (1168, 1368)
target scene=3 area=(1152, 1344) event=71 script=8146 mode=1 state=1 player=(1168, 1368) pos=(1296, 1448) path=61
marked destination touch VisitKey { scene: 3, area: (1216, 1408), event_id: 48, trigger_script: 60, trigger_mode: 4, state: 1 }
learned exit AreaKey { scene: 3, anchor: (1152, 1344) } event=48 -> AreaKey { scene: 3, anchor: (1216, 1408) }
area teleport in scene 3 at frame 2537: (1168, 1368) -> (1248, 1456)
continuing target event=71 across area (1216, 1408) path=0
target scene=3 area=(1216, 1408) event=54 script=4647 mode=5 state=1 player=(1248, 1456) pos=(992, 1472) path=16
marked destination touch VisitKey { scene: 3, area: (1152, 1344), event_id: 47, trigger_script: 33, trigger_mode: 4, state: 1 }
learned exit AreaKey { scene: 3, anchor: (1216, 1408) } event=47 -> AreaKey { scene: 3, anchor: (1152, 1344) }
area teleport in scene 3 at frame 2550: (1248, 1456) -> (1168, 1368)
target scene=3 area=(1152, 1344) event=71 script=8146 mode=1 state=1 player=(1168, 1368) pos=(1296, 1448) path=61
marked destination touch VisitKey { scene: 3, area: (1216, 1408), event_id: 48, trigger_script: 60, trigger_mode: 4, state: 1 }
learned exit AreaKey { scene: 3, anchor: (1152, 1344) } event=48 -> AreaKey { scene: 3, anchor: (1216, 1408) }
area teleport in scene 3 at frame 2567: (1168, 1368) -> (1248, 1456)
continuing target event=71 across area (1216, 1408) path=0
target scene=3 area=(1216, 1408) event=54 script=4647 mode=5 state=1 player=(1248, 1456) pos=(992, 1472) path=16
marked destination touch VisitKey { scene: 3, area: (1152, 1344), event_id: 47, trigger_script: 33, trigger_mode: 4, state: 1 }
learned exit AreaKey { scene: 3, anchor: (1216, 1408) } event=47 -> AreaKey { scene: 3, anchor: (1152, 1344) }
area teleport in scene 3 at frame 2580: (1248, 1456) -> (1168, 1368)
target scene=3 area=(1152, 1344) event=71 script=8146 mode=1 state=1 player=(1168, 1368) pos=(1296, 1448) path=61
marked destination touch VisitKey { scene: 3, area: (1216, 1408), event_id: 48, trigger_script: 60, trigger_mode: 4, state: 1 }
learned exit AreaKey { scene: 3, anchor: (1152, 1344) } event=48 -> AreaKey { scene: 3, anchor: (1216, 1408) }
area teleport in scene 3 at frame 2597: (1168, 1368) -> (1248, 1456)
continuing target event=71 across area (1216, 1408) path=0
target scene=3 area=(1216, 1408) event=54 script=4647 mode=5 state=1 player=(1248, 1456) pos=(992, 1472) path=16
marked destination touch VisitKey { scene: 3, area: (1152, 1344), event_id: 47, trigger_script: 33, trigger_mode: 4, state: 1 }
learned exit AreaKey { scene: 3, anchor: (1216, 1408) } event=47 -> AreaKey { scene: 3, anchor: (1152, 1344) }
area teleport in scene 3 at frame 2610: (1248, 1456) -> (1168, 1368)
target scene=3 area=(1152, 1344) event=71 script=8146 mode=1 state=1 player=(1168, 1368) pos=(1296, 1448) path=61
marked destination touch VisitKey { scene: 3, area: (1216, 1408), event_id: 48, trigger_script: 60, trigger_mode: 4, state: 1 }
learned exit AreaKey { scene: 3, anchor: (1152, 1344) } event=48 -> AreaKey { scene: 3, anchor: (1216, 1408) }
area teleport in scene 3 at frame 2627: (1168, 1368) -> (1248, 1456)
continuing target event=71 across area (1216, 1408) path=0
target scene=3 area=(1216, 1408) event=54 script=4647 mode=5 state=1 player=(1248, 1456) pos=(992, 1472) path=16
marked destination touch VisitKey { scene: 3, area: (1152, 1344), event_id: 47, trigger_script: 33, trigger_mode: 4, state: 1 }
learned exit AreaKey { scene: 3, anchor: (1216, 1408) } event=47 -> AreaKey { scene: 3, anchor: (1152, 1344) }
area teleport in scene 3 at frame 2640: (1248, 1456) -> (1168, 1368)
target scene=3 area=(1152, 1344) event=71 script=8146 mode=1 state=1 player=(1168, 1368) pos=(1296, 1448) path=61
marked destination touch VisitKey { scene: 3, area: (1216, 1408), event_id: 48, trigger_script: 60, trigger_mode: 4, state: 1 }
learned exit AreaKey { scene: 3, anchor: (1152, 1344) } event=48 -> AreaKey { scene: 3, anchor: (1216, 1408) }
area teleport in scene 3 at frame 2657: (1168, 1368) -> (1248, 1456)
continuing target event=71 across area (1216, 1408) path=0
target scene=3 area=(1216, 1408) event=54 script=4647 mode=5 state=1 player=(1248, 1456) pos=(992, 1472) path=16
marked destination touch VisitKey { scene: 3, area: (1152, 1344), event_id: 47, trigger_script: 33, trigger_mode: 4, state: 1 }
learned exit AreaKey { scene: 3, anchor: (1216, 1408) } event=47 -> AreaKey { scene: 3, anchor: (1152, 1344) }
area teleport in scene 3 at frame 2670: (1248, 1456) -> (1168, 1368)
target scene=3 area=(1152, 1344) event=71 script=8146 mode=1 state=1 player=(1168, 1368) pos=(1296, 1448) path=61
marked destination touch VisitKey { scene: 3, area: (1216, 1408), event_id: 48, trigger_script: 60, trigger_mode: 4, state: 1 }
learned exit AreaKey { scene: 3, anchor: (1152, 1344) } event=48 -> AreaKey { scene: 3, anchor: (1216, 1408) }
area teleport in scene 3 at frame 2687: (1168, 1368) -> (1248, 1456)
continuing target event=71 across area (1216, 1408) path=0
target scene=3 area=(1216, 1408) event=54 script=4647 mode=5 state=1 player=(1248, 1456) pos=(992, 1472) path=16
marked destination touch VisitKey { scene: 3, area: (1152, 1344), event_id: 47, trigger_script: 33, trigger_mode: 4, state: 1 }
learned exit AreaKey { scene: 3, anchor: (1216, 1408) } event=47 -> AreaKey { scene: 3, anchor: (1152, 1344) }
area teleport in scene 3 at frame 2700: (1248, 1456) -> (1168, 1368)
target scene=3 area=(1152, 1344) event=71 script=8146 mode=1 state=1 player=(1168, 1368) pos=(1296, 1448) path=61
marked destination touch VisitKey { scene: 3, area: (1216, 1408), event_id: 48, trigger_script: 60, trigger_mode: 4, state: 1 }
learned exit AreaKey { scene: 3, anchor: (1152, 1344) } event=48 -> AreaKey { scene: 3, anchor: (1216, 1408) }
area teleport in scene 3 at frame 2717: (1168, 1368) -> (1248, 1456)
continuing target event=71 across area (1216, 1408) path=0
target scene=3 area=(1216, 1408) event=54 script=4647 mode=5 state=1 player=(1248, 1456) pos=(992, 1472) path=16
marked destination touch VisitKey { scene: 3, area: (1152, 1344), event_id: 47, trigger_script: 33, trigger_mode: 4, state: 1 }
learned exit AreaKey { scene: 3, anchor: (1216, 1408) } event=47 -> AreaKey { scene: 3, anchor: (1152, 1344) }
area teleport in scene 3 at frame 2730: (1248, 1456) -> (1168, 1368)
target scene=3 area=(1152, 1344) event=71 script=8146 mode=1 state=1 player=(1168, 1368) pos=(1296, 1448) path=61
marked destination touch VisitKey { scene: 3, area: (1216, 1408), event_id: 48, trigger_script: 60, trigger_mode: 4, state: 1 }
learned exit AreaKey { scene: 3, anchor: (1152, 1344) } event=48 -> AreaKey { scene: 3, anchor: (1216, 1408) }
area teleport in scene 3 at frame 2747: (1168, 1368) -> (1248, 1456)
continuing target event=71 across area (1216, 1408) path=0
target scene=3 area=(1216, 1408) event=54 script=4647 mode=5 state=1 player=(1248, 1456) pos=(992, 1472) path=16
marked destination touch VisitKey { scene: 3, area: (1152, 1344), event_id: 47, trigger_script: 33, trigger_mode: 4, state: 1 }
learned exit AreaKey { scene: 3, anchor: (1216, 1408) } event=47 -> AreaKey { scene: 3, anchor: (1152, 1344) }
area teleport in scene 3 at frame 2760: (1248, 1456) -> (1168, 1368)
target scene=3 area=(1152, 1344) event=71 script=8146 mode=1 state=1 player=(1168, 1368) pos=(1296, 1448) path=61
marked destination touch VisitKey { scene: 3, area: (1216, 1408), event_id: 48, trigger_script: 60, trigger_mode: 4, state: 1 }
learned exit AreaKey { scene: 3, anchor: (1152, 1344) } event=48 -> AreaKey { scene: 3, anchor: (1216, 1408) }
area teleport in scene 3 at frame 2777: (1168, 1368) -> (1248, 1456)
continuing target event=71 across area (1216, 1408) path=0
target scene=3 area=(1216, 1408) event=54 script=4647 mode=5 state=1 player=(1248, 1456) pos=(992, 1472) path=16
marked destination touch VisitKey { scene: 3, area: (1152, 1344), event_id: 47, trigger_script: 33, trigger_mode: 4, state: 1 }
learned exit AreaKey { scene: 3, anchor: (1216, 1408) } event=47 -> AreaKey { scene: 3, anchor: (1152, 1344) }
area teleport in scene 3 at frame 2790: (1248, 1456) -> (1168, 1368)
target scene=3 area=(1152, 1344) event=71 script=8146 mode=1 state=1 player=(1168, 1368) pos=(1296, 1448) path=61
marked destination touch VisitKey { scene: 3, area: (1216, 1408), event_id: 48, trigger_script: 60, trigger_mode: 4, state: 1 }
learned exit AreaKey { scene: 3, anchor: (1152, 1344) } event=48 -> AreaKey { scene: 3, anchor: (1216, 1408) }
area teleport in scene 3 at frame 2807: (1168, 1368) -> (1248, 1456)
continuing target event=71 across area (1216, 1408) path=0
target scene=3 area=(1216, 1408) event=54 script=4647 mode=5 state=1 player=(1248, 1456) pos=(992, 1472) path=16
marked destination touch VisitKey { scene: 3, area: (1152, 1344), event_id: 47, trigger_script: 33, trigger_mode: 4, state: 1 }
learned exit AreaKey { scene: 3, anchor: (1216, 1408) } event=47 -> AreaKey { scene: 3, anchor: (1152, 1344) }
area teleport in scene 3 at frame 2820: (1248, 1456) -> (1168, 1368)
target scene=3 area=(1152, 1344) event=71 script=8146 mode=1 state=1 player=(1168, 1368) pos=(1296, 1448) path=61
marked destination touch VisitKey { scene: 3, area: (1216, 1408), event_id: 48, trigger_script: 60, trigger_mode: 4, state: 1 }
learned exit AreaKey { scene: 3, anchor: (1152, 1344) } event=48 -> AreaKey { scene: 3, anchor: (1216, 1408) }
area teleport in scene 3 at frame 2837: (1168, 1368) -> (1248, 1456)
continuing target event=71 across area (1216, 1408) path=0
target scene=3 area=(1216, 1408) event=54 script=4647 mode=5 state=1 player=(1248, 1456) pos=(992, 1472) path=16
marked destination touch VisitKey { scene: 3, area: (1152, 1344), event_id: 47, trigger_script: 33, trigger_mode: 4, state: 1 }
learned exit AreaKey { scene: 3, anchor: (1216, 1408) } event=47 -> AreaKey { scene: 3, anchor: (1152, 1344) }
area teleport in scene 3 at frame 2850: (1248, 1456) -> (1168, 1368)
target scene=3 area=(1152, 1344) event=71 script=8146 mode=1 state=1 player=(1168, 1368) pos=(1296, 1448) path=61
marked destination touch VisitKey { scene: 3, area: (1216, 1408), event_id: 48, trigger_script: 60, trigger_mode: 4, state: 1 }
learned exit AreaKey { scene: 3, anchor: (1152, 1344) } event=48 -> AreaKey { scene: 3, anchor: (1216, 1408) }
area teleport in scene 3 at frame 2867: (1168, 1368) -> (1248, 1456)
continuing target event=71 across area (1216, 1408) path=0
target scene=3 area=(1216, 1408) event=54 script=4647 mode=5 state=1 player=(1248, 1456) pos=(992, 1472) path=16
marked destination touch VisitKey { scene: 3, area: (1152, 1344), event_id: 47, trigger_script: 33, trigger_mode: 4, state: 1 }
learned exit AreaKey { scene: 3, anchor: (1216, 1408) } event=47 -> AreaKey { scene: 3, anchor: (1152, 1344) }
area teleport in scene 3 at frame 2880: (1248, 1456) -> (1168, 1368)
target scene=3 area=(1152, 1344) event=71 script=8146 mode=1 state=1 player=(1168, 1368) pos=(1296, 1448) path=61
marked destination touch VisitKey { scene: 3, area: (1216, 1408), event_id: 48, trigger_script: 60, trigger_mode: 4, state: 1 }
learned exit AreaKey { scene: 3, anchor: (1152, 1344) } event=48 -> AreaKey { scene: 3, anchor: (1216, 1408) }
area teleport in scene 3 at frame 2897: (1168, 1368) -> (1248, 1456)
continuing target event=71 across area (1216, 1408) path=0
target scene=3 area=(1216, 1408) event=54 script=4647 mode=5 state=1 player=(1248, 1456) pos=(992, 1472) path=16
marked destination touch VisitKey { scene: 3, area: (1152, 1344), event_id: 47, trigger_script: 33, trigger_mode: 4, state: 1 }
learned exit AreaKey { scene: 3, anchor: (1216, 1408) } event=47 -> AreaKey { scene: 3, anchor: (1152, 1344) }
area teleport in scene 3 at frame 2910: (1248, 1456) -> (1168, 1368)
target scene=3 area=(1152, 1344) event=71 script=8146 mode=1 state=1 player=(1168, 1368) pos=(1296, 1448) path=61
marked destination touch VisitKey { scene: 3, area: (1216, 1408), event_id: 48, trigger_script: 60, trigger_mode: 4, state: 1 }
learned exit AreaKey { scene: 3, anchor: (1152, 1344) } event=48 -> AreaKey { scene: 3, anchor: (1216, 1408) }
area teleport in scene 3 at frame 2927: (1168, 1368) -> (1248, 1456)
continuing target event=71 across area (1216, 1408) path=0
target scene=3 area=(1216, 1408) event=54 script=4647 mode=5 state=1 player=(1248, 1456) pos=(992, 1472) path=16
marked destination touch VisitKey { scene: 3, area: (1152, 1344), event_id: 47, trigger_script: 33, trigger_mode: 4, state: 1 }
learned exit AreaKey { scene: 3, anchor: (1216, 1408) } event=47 -> AreaKey { scene: 3, anchor: (1152, 1344) }
area teleport in scene 3 at frame 2940: (1248, 1456) -> (1168, 1368)
target scene=3 area=(1152, 1344) event=71 script=8146 mode=1 state=1 player=(1168, 1368) pos=(1296, 1448) path=61
marked destination touch VisitKey { scene: 3, area: (1216, 1408), event_id: 48, trigger_script: 60, trigger_mode: 4, state: 1 }
learned exit AreaKey { scene: 3, anchor: (1152, 1344) } event=48 -> AreaKey { scene: 3, anchor: (1216, 1408) }
area teleport in scene 3 at frame 2957: (1168, 1368) -> (1248, 1456)
continuing target event=71 across area (1216, 1408) path=0
target scene=3 area=(1216, 1408) event=54 script=4647 mode=5 state=1 player=(1248, 1456) pos=(992, 1472) path=16
marked destination touch VisitKey { scene: 3, area: (1152, 1344), event_id: 47, trigger_script: 33, trigger_mode: 4, state: 1 }
learned exit AreaKey { scene: 3, anchor: (1216, 1408) } event=47 -> AreaKey { scene: 3, anchor: (1152, 1344) }
area teleport in scene 3 at frame 2970: (1248, 1456) -> (1168, 1368)
target scene=3 area=(1152, 1344) event=71 script=8146 mode=1 state=1 player=(1168, 1368) pos=(1296, 1448) path=61
marked destination touch VisitKey { scene: 3, area: (1216, 1408), event_id: 48, trigger_script: 60, trigger_mode: 4, state: 1 }
learned exit AreaKey { scene: 3, anchor: (1152, 1344) } event=48 -> AreaKey { scene: 3, anchor: (1216, 1408) }
area teleport in scene 3 at frame 2987: (1168, 1368) -> (1248, 1456)
continuing target event=71 across area (1216, 1408) path=0
target scene=3 area=(1216, 1408) event=54 script=4647 mode=5 state=1 player=(1248, 1456) pos=(992, 1472) path=16
marked destination touch VisitKey { scene: 3, area: (1152, 1344), event_id: 47, trigger_script: 33, trigger_mode: 4, state: 1 }
learned exit AreaKey { scene: 3, anchor: (1216, 1408) } event=47 -> AreaKey { scene: 3, anchor: (1152, 1344) }
area teleport in scene 3 at frame 3000: (1248, 1456) -> (1168, 1368)
target scene=3 area=(1152, 1344) event=71 script=8146 mode=1 state=1 player=(1168, 1368) pos=(1296, 1448) path=61
marked destination touch VisitKey { scene: 3, area: (1216, 1408), event_id: 48, trigger_script: 60, trigger_mode: 4, state: 1 }
learned exit AreaKey { scene: 3, anchor: (1152, 1344) } event=48 -> AreaKey { scene: 3, anchor: (1216, 1408) }
area teleport in scene 3 at frame 3017: (1168, 1368) -> (1248, 1456)
continuing target event=71 across area (1216, 1408) path=0
target scene=3 area=(1216, 1408) event=54 script=4647 mode=5 state=1 player=(1248, 1456) pos=(992, 1472) path=16
marked destination touch VisitKey { scene: 3, area: (1152, 1344), event_id: 47, trigger_script: 33, trigger_mode: 4, state: 1 }
learned exit AreaKey { scene: 3, anchor: (1216, 1408) } event=47 -> AreaKey { scene: 3, anchor: (1152, 1344) }
area teleport in scene 3 at frame 3030: (1248, 1456) -> (1168, 1368)
target scene=3 area=(1152, 1344) event=71 script=8146 mode=1 state=1 player=(1168, 1368) pos=(1296, 1448) path=61
marked destination touch VisitKey { scene: 3, area: (1216, 1408), event_id: 48, trigger_script: 60, trigger_mode: 4, state: 1 }
learned exit AreaKey { scene: 3, anchor: (1152, 1344) } event=48 -> AreaKey { scene: 3, anchor: (1216, 1408) }
area teleport in scene 3 at frame 3047: (1168, 1368) -> (1248, 1456)
continuing target event=71 across area (1216, 1408) path=0
target scene=3 area=(1216, 1408) event=54 script=4647 mode=5 state=1 player=(1248, 1456) pos=(992, 1472) path=16
marked destination touch VisitKey { scene: 3, area: (1152, 1344), event_id: 47, trigger_script: 33, trigger_mode: 4, state: 1 }
learned exit AreaKey { scene: 3, anchor: (1216, 1408) } event=47 -> AreaKey { scene: 3, anchor: (1152, 1344) }
area teleport in scene 3 at frame 3060: (1248, 1456) -> (1168, 1368)
target scene=3 area=(1152, 1344) event=71 script=8146 mode=1 state=1 player=(1168, 1368) pos=(1296, 1448) path=61
marked destination touch VisitKey { scene: 3, area: (1216, 1408), event_id: 48, trigger_script: 60, trigger_mode: 4, state: 1 }
learned exit AreaKey { scene: 3, anchor: (1152, 1344) } event=48 -> AreaKey { scene: 3, anchor: (1216, 1408) }
area teleport in scene 3 at frame 3077: (1168, 1368) -> (1248, 1456)
continuing target event=71 across area (1216, 1408) path=0
target scene=3 area=(1216, 1408) event=54 script=4647 mode=5 state=1 player=(1248, 1456) pos=(992, 1472) path=16
marked destination touch VisitKey { scene: 3, area: (1152, 1344), event_id: 47, trigger_script: 33, trigger_mode: 4, state: 1 }
learned exit AreaKey { scene: 3, anchor: (1216, 1408) } event=47 -> AreaKey { scene: 3, anchor: (1152, 1344) }
area teleport in scene 3 at frame 3090: (1248, 1456) -> (1168, 1368)
target scene=3 area=(1152, 1344) event=71 script=8146 mode=1 state=1 player=(1168, 1368) pos=(1296, 1448) path=61
marked destination touch VisitKey { scene: 3, area: (1216, 1408), event_id: 48, trigger_script: 60, trigger_mode: 4, state: 1 }
learned exit AreaKey { scene: 3, anchor: (1152, 1344) } event=48 -> AreaKey { scene: 3, anchor: (1216, 1408) }
area teleport in scene 3 at frame 3107: (1168, 1368) -> (1248, 1456)
continuing target event=71 across area (1216, 1408) path=0
target scene=3 area=(1216, 1408) event=54 script=4647 mode=5 state=1 player=(1248, 1456) pos=(992, 1472) path=16
marked destination touch VisitKey { scene: 3, area: (1152, 1344), event_id: 47, trigger_script: 33, trigger_mode: 4, state: 1 }
learned exit AreaKey { scene: 3, anchor: (1216, 1408) } event=47 -> AreaKey { scene: 3, anchor: (1152, 1344) }
area teleport in scene 3 at frame 3120: (1248, 1456) -> (1168, 1368)
target scene=3 area=(1152, 1344) event=71 script=8146 mode=1 state=1 player=(1168, 1368) pos=(1296, 1448) path=61
marked destination touch VisitKey { scene: 3, area: (1216, 1408), event_id: 48, trigger_script: 60, trigger_mode: 4, state: 1 }
learned exit AreaKey { scene: 3, anchor: (1152, 1344) } event=48 -> AreaKey { scene: 3, anchor: (1216, 1408) }
area teleport in scene 3 at frame 3137: (1168, 1368) -> (1248, 1456)
continuing target event=71 across area (1216, 1408) path=0
target scene=3 area=(1216, 1408) event=54 script=4647 mode=5 state=1 player=(1248, 1456) pos=(992, 1472) path=16
marked destination touch VisitKey { scene: 3, area: (1152, 1344), event_id: 47, trigger_script: 33, trigger_mode: 4, state: 1 }
learned exit AreaKey { scene: 3, anchor: (1216, 1408) } event=47 -> AreaKey { scene: 3, anchor: (1152, 1344) }
area teleport in scene 3 at frame 3150: (1248, 1456) -> (1168, 1368)
target scene=3 area=(1152, 1344) event=71 script=8146 mode=1 state=1 player=(1168, 1368) pos=(1296, 1448) path=61
marked destination touch VisitKey { scene: 3, area: (1216, 1408), event_id: 48, trigger_script: 60, trigger_mode: 4, state: 1 }
learned exit AreaKey { scene: 3, anchor: (1152, 1344) } event=48 -> AreaKey { scene: 3, anchor: (1216, 1408) }
area teleport in scene 3 at frame 3167: (1168, 1368) -> (1248, 1456)
continuing target event=71 across area (1216, 1408) path=0
target scene=3 area=(1216, 1408) event=54 script=4647 mode=5 state=1 player=(1248, 1456) pos=(992, 1472) path=16
marked destination touch VisitKey { scene: 3, area: (1152, 1344), event_id: 47, trigger_script: 33, trigger_mode: 4, state: 1 }
learned exit AreaKey { scene: 3, anchor: (1216, 1408) } event=47 -> AreaKey { scene: 3, anchor: (1152, 1344) }
area teleport in scene 3 at frame 3180: (1248, 1456) -> (1168, 1368)
target scene=3 area=(1152, 1344) event=71 script=8146 mode=1 state=1 player=(1168, 1368) pos=(1296, 1448) path=61
marked destination touch VisitKey { scene: 3, area: (1216, 1408), event_id: 48, trigger_script: 60, trigger_mode: 4, state: 1 }
learned exit AreaKey { scene: 3, anchor: (1152, 1344) } event=48 -> AreaKey { scene: 3, anchor: (1216, 1408) }
area teleport in scene 3 at frame 3197: (1168, 1368) -> (1248, 1456)
continuing target event=71 across area (1216, 1408) path=0
target scene=3 area=(1216, 1408) event=54 script=4647 mode=5 state=1 player=(1248, 1456) pos=(992, 1472) path=16
marked destination touch VisitKey { scene: 3, area: (1152, 1344), event_id: 47, trigger_script: 33, trigger_mode: 4, state: 1 }
learned exit AreaKey { scene: 3, anchor: (1216, 1408) } event=47 -> AreaKey { scene: 3, anchor: (1152, 1344) }
area teleport in scene 3 at frame 3210: (1248, 1456) -> (1168, 1368)
target scene=3 area=(1152, 1344) event=71 script=8146 mode=1 state=1 player=(1168, 1368) pos=(1296, 1448) path=61
marked destination touch VisitKey { scene: 3, area: (1216, 1408), event_id: 48, trigger_script: 60, trigger_mode: 4, state: 1 }
learned exit AreaKey { scene: 3, anchor: (1152, 1344) } event=48 -> AreaKey { scene: 3, anchor: (1216, 1408) }
area teleport in scene 3 at frame 3227: (1168, 1368) -> (1248, 1456)
continuing target event=71 across area (1216, 1408) path=0
target scene=3 area=(1216, 1408) event=54 script=4647 mode=5 state=1 player=(1248, 1456) pos=(992, 1472) path=16
marked destination touch VisitKey { scene: 3, area: (1152, 1344), event_id: 47, trigger_script: 33, trigger_mode: 4, state: 1 }
learned exit AreaKey { scene: 3, anchor: (1216, 1408) } event=47 -> AreaKey { scene: 3, anchor: (1152, 1344) }
area teleport in scene 3 at frame 3240: (1248, 1456) -> (1168, 1368)
target scene=3 area=(1152, 1344) event=71 script=8146 mode=1 state=1 player=(1168, 1368) pos=(1296, 1448) path=61
marked destination touch VisitKey { scene: 3, area: (1216, 1408), event_id: 48, trigger_script: 60, trigger_mode: 4, state: 1 }
learned exit AreaKey { scene: 3, anchor: (1152, 1344) } event=48 -> AreaKey { scene: 3, anchor: (1216, 1408) }
area teleport in scene 3 at frame 3257: (1168, 1368) -> (1248, 1456)
continuing target event=71 across area (1216, 1408) path=0
target scene=3 area=(1216, 1408) event=54 script=4647 mode=5 state=1 player=(1248, 1456) pos=(992, 1472) path=16
marked destination touch VisitKey { scene: 3, area: (1152, 1344), event_id: 47, trigger_script: 33, trigger_mode: 4, state: 1 }
learned exit AreaKey { scene: 3, anchor: (1216, 1408) } event=47 -> AreaKey { scene: 3, anchor: (1152, 1344) }
area teleport in scene 3 at frame 3270: (1248, 1456) -> (1168, 1368)
target scene=3 area=(1152, 1344) event=71 script=8146 mode=1 state=1 player=(1168, 1368) pos=(1296, 1448) path=61
marked destination touch VisitKey { scene: 3, area: (1216, 1408), event_id: 48, trigger_script: 60, trigger_mode: 4, state: 1 }
learned exit AreaKey { scene: 3, anchor: (1152, 1344) } event=48 -> AreaKey { scene: 3, anchor: (1216, 1408) }
area teleport in scene 3 at frame 3287: (1168, 1368) -> (1248, 1456)
continuing target event=71 across area (1216, 1408) path=0
target scene=3 area=(1216, 1408) event=54 script=4647 mode=5 state=1 player=(1248, 1456) pos=(992, 1472) path=16
marked destination touch VisitKey { scene: 3, area: (1152, 1344), event_id: 47, trigger_script: 33, trigger_mode: 4, state: 1 }
learned exit AreaKey { scene: 3, anchor: (1216, 1408) } event=47 -> AreaKey { scene: 3, anchor: (1152, 1344) }
area teleport in scene 3 at frame 3300: (1248, 1456) -> (1168, 1368)
target scene=3 area=(1152, 1344) event=71 script=8146 mode=1 state=1 player=(1168, 1368) pos=(1296, 1448) path=61
marked destination touch VisitKey { scene: 3, area: (1216, 1408), event_id: 48, trigger_script: 60, trigger_mode: 4, state: 1 }
learned exit AreaKey { scene: 3, anchor: (1152, 1344) } event=48 -> AreaKey { scene: 3, anchor: (1216, 1408) }
area teleport in scene 3 at frame 3317: (1168, 1368) -> (1248, 1456)
continuing target event=71 across area (1216, 1408) path=0
target scene=3 area=(1216, 1408) event=54 script=4647 mode=5 state=1 player=(1248, 1456) pos=(992, 1472) path=16
marked destination touch VisitKey { scene: 3, area: (1152, 1344), event_id: 47, trigger_script: 33, trigger_mode: 4, state: 1 }
learned exit AreaKey { scene: 3, anchor: (1216, 1408) } event=47 -> AreaKey { scene: 3, anchor: (1152, 1344) }
area teleport in scene 3 at frame 3330: (1248, 1456) -> (1168, 1368)
target scene=3 area=(1152, 1344) event=71 script=8146 mode=1 state=1 player=(1168, 1368) pos=(1296, 1448) path=61
marked destination touch VisitKey { scene: 3, area: (1216, 1408), event_id: 48, trigger_script: 60, trigger_mode: 4, state: 1 }
learned exit AreaKey { scene: 3, anchor: (1152, 1344) } event=48 -> AreaKey { scene: 3, anchor: (1216, 1408) }
area teleport in scene 3 at frame 3347: (1168, 1368) -> (1248, 1456)
continuing target event=71 across area (1216, 1408) path=0
target scene=3 area=(1216, 1408) event=54 script=4647 mode=5 state=1 player=(1248, 1456) pos=(992, 1472) path=16
marked destination touch VisitKey { scene: 3, area: (1152, 1344), event_id: 47, trigger_script: 33, trigger_mode: 4, state: 1 }
learned exit AreaKey { scene: 3, anchor: (1216, 1408) } event=47 -> AreaKey { scene: 3, anchor: (1152, 1344) }
area teleport in scene 3 at frame 3360: (1248, 1456) -> (1168, 1368)
target scene=3 area=(1152, 1344) event=71 script=8146 mode=1 state=1 player=(1168, 1368) pos=(1296, 1448) path=61
marked destination touch VisitKey { scene: 3, area: (1216, 1408), event_id: 48, trigger_script: 60, trigger_mode: 4, state: 1 }
learned exit AreaKey { scene: 3, anchor: (1152, 1344) } event=48 -> AreaKey { scene: 3, anchor: (1216, 1408) }
area teleport in scene 3 at frame 3377: (1168, 1368) -> (1248, 1456)
continuing target event=71 across area (1216, 1408) path=0
target scene=3 area=(1216, 1408) event=54 script=4647 mode=5 state=1 player=(1248, 1456) pos=(992, 1472) path=16
marked destination touch VisitKey { scene: 3, area: (1152, 1344), event_id: 47, trigger_script: 33, trigger_mode: 4, state: 1 }
learned exit AreaKey { scene: 3, anchor: (1216, 1408) } event=47 -> AreaKey { scene: 3, anchor: (1152, 1344) }
area teleport in scene 3 at frame 3390: (1248, 1456) -> (1168, 1368)
target scene=3 area=(1152, 1344) event=71 script=8146 mode=1 state=1 player=(1168, 1368) pos=(1296, 1448) path=61
marked destination touch VisitKey { scene: 3, area: (1216, 1408), event_id: 48, trigger_script: 60, trigger_mode: 4, state: 1 }
learned exit AreaKey { scene: 3, anchor: (1152, 1344) } event=48 -> AreaKey { scene: 3, anchor: (1216, 1408) }
area teleport in scene 3 at frame 3407: (1168, 1368) -> (1248, 1456)
continuing target event=71 across area (1216, 1408) path=0
target scene=3 area=(1216, 1408) event=54 script=4647 mode=5 state=1 player=(1248, 1456) pos=(992, 1472) path=16
marked destination touch VisitKey { scene: 3, area: (1152, 1344), event_id: 47, trigger_script: 33, trigger_mode: 4, state: 1 }
learned exit AreaKey { scene: 3, anchor: (1216, 1408) } event=47 -> AreaKey { scene: 3, anchor: (1152, 1344) }
area teleport in scene 3 at frame 3420: (1248, 1456) -> (1168, 1368)
target scene=3 area=(1152, 1344) event=71 script=8146 mode=1 state=1 player=(1168, 1368) pos=(1296, 1448) path=61
marked destination touch VisitKey { scene: 3, area: (1216, 1408), event_id: 48, trigger_script: 60, trigger_mode: 4, state: 1 }
learned exit AreaKey { scene: 3, anchor: (1152, 1344) } event=48 -> AreaKey { scene: 3, anchor: (1216, 1408) }
area teleport in scene 3 at frame 3437: (1168, 1368) -> (1248, 1456)
continuing target event=71 across area (1216, 1408) path=0
target scene=3 area=(1216, 1408) event=54 script=4647 mode=5 state=1 player=(1248, 1456) pos=(992, 1472) path=16
marked destination touch VisitKey { scene: 3, area: (1152, 1344), event_id: 47, trigger_script: 33, trigger_mode: 4, state: 1 }
learned exit AreaKey { scene: 3, anchor: (1216, 1408) } event=47 -> AreaKey { scene: 3, anchor: (1152, 1344) }
area teleport in scene 3 at frame 3450: (1248, 1456) -> (1168, 1368)
target scene=3 area=(1152, 1344) event=71 script=8146 mode=1 state=1 player=(1168, 1368) pos=(1296, 1448) path=61
marked destination touch VisitKey { scene: 3, area: (1216, 1408), event_id: 48, trigger_script: 60, trigger_mode: 4, state: 1 }
learned exit AreaKey { scene: 3, anchor: (1152, 1344) } event=48 -> AreaKey { scene: 3, anchor: (1216, 1408) }
area teleport in scene 3 at frame 3467: (1168, 1368) -> (1248, 1456)
continuing target event=71 across area (1216, 1408) path=0
target scene=3 area=(1216, 1408) event=54 script=4647 mode=5 state=1 player=(1248, 1456) pos=(992, 1472) path=16
marked destination touch VisitKey { scene: 3, area: (1152, 1344), event_id: 47, trigger_script: 33, trigger_mode: 4, state: 1 }
learned exit AreaKey { scene: 3, anchor: (1216, 1408) } event=47 -> AreaKey { scene: 3, anchor: (1152, 1344) }
area teleport in scene 3 at frame 3480: (1248, 1456) -> (1168, 1368)
target scene=3 area=(1152, 1344) event=71 script=8146 mode=1 state=1 player=(1168, 1368) pos=(1296, 1448) path=61
marked destination touch VisitKey { scene: 3, area: (1216, 1408), event_id: 48, trigger_script: 60, trigger_mode: 4, state: 1 }
learned exit AreaKey { scene: 3, anchor: (1152, 1344) } event=48 -> AreaKey { scene: 3, anchor: (1216, 1408) }
area teleport in scene 3 at frame 3497: (1168, 1368) -> (1248, 1456)
continuing target event=71 across area (1216, 1408) path=0
target scene=3 area=(1216, 1408) event=54 script=4647 mode=5 state=1 player=(1248, 1456) pos=(992, 1472) path=16
marked destination touch VisitKey { scene: 3, area: (1152, 1344), event_id: 47, trigger_script: 33, trigger_mode: 4, state: 1 }
learned exit AreaKey { scene: 3, anchor: (1216, 1408) } event=47 -> AreaKey { scene: 3, anchor: (1152, 1344) }
area teleport in scene 3 at frame 3510: (1248, 1456) -> (1168, 1368)
target scene=3 area=(1152, 1344) event=71 script=8146 mode=1 state=1 player=(1168, 1368) pos=(1296, 1448) path=61
marked destination touch VisitKey { scene: 3, area: (1216, 1408), event_id: 48, trigger_script: 60, trigger_mode: 4, state: 1 }
learned exit AreaKey { scene: 3, anchor: (1152, 1344) } event=48 -> AreaKey { scene: 3, anchor: (1216, 1408) }
area teleport in scene 3 at frame 3527: (1168, 1368) -> (1248, 1456)
continuing target event=71 across area (1216, 1408) path=0
target scene=3 area=(1216, 1408) event=54 script=4647 mode=5 state=1 player=(1248, 1456) pos=(992, 1472) path=16
marked destination touch VisitKey { scene: 3, area: (1152, 1344), event_id: 47, trigger_script: 33, trigger_mode: 4, state: 1 }
learned exit AreaKey { scene: 3, anchor: (1216, 1408) } event=47 -> AreaKey { scene: 3, anchor: (1152, 1344) }
area teleport in scene 3 at frame 3540: (1248, 1456) -> (1168, 1368)
target scene=3 area=(1152, 1344) event=71 script=8146 mode=1 state=1 player=(1168, 1368) pos=(1296, 1448) path=61
marked destination touch VisitKey { scene: 3, area: (1216, 1408), event_id: 48, trigger_script: 60, trigger_mode: 4, state: 1 }
learned exit AreaKey { scene: 3, anchor: (1152, 1344) } event=48 -> AreaKey { scene: 3, anchor: (1216, 1408) }
area teleport in scene 3 at frame 3557: (1168, 1368) -> (1248, 1456)
continuing target event=71 across area (1216, 1408) path=0
target scene=3 area=(1216, 1408) event=54 script=4647 mode=5 state=1 player=(1248, 1456) pos=(992, 1472) path=16
marked destination touch VisitKey { scene: 3, area: (1152, 1344), event_id: 47, trigger_script: 33, trigger_mode: 4, state: 1 }
learned exit AreaKey { scene: 3, anchor: (1216, 1408) } event=47 -> AreaKey { scene: 3, anchor: (1152, 1344) }
area teleport in scene 3 at frame 3570: (1248, 1456) -> (1168, 1368)
target scene=3 area=(1152, 1344) event=71 script=8146 mode=1 state=1 player=(1168, 1368) pos=(1296, 1448) path=61
marked destination touch VisitKey { scene: 3, area: (1216, 1408), event_id: 48, trigger_script: 60, trigger_mode: 4, state: 1 }
learned exit AreaKey { scene: 3, anchor: (1152, 1344) } event=48 -> AreaKey { scene: 3, anchor: (1216, 1408) }
area teleport in scene 3 at frame 3587: (1168, 1368) -> (1248, 1456)
continuing target event=71 across area (1216, 1408) path=0
target scene=3 area=(1216, 1408) event=54 script=4647 mode=5 state=1 player=(1248, 1456) pos=(992, 1472) path=16
marked destination touch VisitKey { scene: 3, area: (1152, 1344), event_id: 47, trigger_script: 33, trigger_mode: 4, state: 1 }
learned exit AreaKey { scene: 3, anchor: (1216, 1408) } event=47 -> AreaKey { scene: 3, anchor: (1152, 1344) }
area teleport in scene 3 at frame 3600: (1248, 1456) -> (1168, 1368)
target scene=3 area=(1152, 1344) event=71 script=8146 mode=1 state=1 player=(1168, 1368) pos=(1296, 1448) path=61
marked destination touch VisitKey { scene: 3, area: (1216, 1408), event_id: 48, trigger_script: 60, trigger_mode: 4, state: 1 }
learned exit AreaKey { scene: 3, anchor: (1152, 1344) } event=48 -> AreaKey { scene: 3, anchor: (1216, 1408) }
area teleport in scene 3 at frame 3617: (1168, 1368) -> (1248, 1456)
continuing target event=71 across area (1216, 1408) path=0
target scene=3 area=(1216, 1408) event=54 script=4647 mode=5 state=1 player=(1248, 1456) pos=(992, 1472) path=16
marked destination touch VisitKey { scene: 3, area: (1152, 1344), event_id: 47, trigger_script: 33, trigger_mode: 4, state: 1 }
learned exit AreaKey { scene: 3, anchor: (1216, 1408) } event=47 -> AreaKey { scene: 3, anchor: (1152, 1344) }
area teleport in scene 3 at frame 3630: (1248, 1456) -> (1168, 1368)
target scene=3 area=(1152, 1344) event=71 script=8146 mode=1 state=1 player=(1168, 1368) pos=(1296, 1448) path=61
marked destination touch VisitKey { scene: 3, area: (1216, 1408), event_id: 48, trigger_script: 60, trigger_mode: 4, state: 1 }
learned exit AreaKey { scene: 3, anchor: (1152, 1344) } event=48 -> AreaKey { scene: 3, anchor: (1216, 1408) }
area teleport in scene 3 at frame 3647: (1168, 1368) -> (1248, 1456)
continuing target event=71 across area (1216, 1408) path=0
target scene=3 area=(1216, 1408) event=54 script=4647 mode=5 state=1 player=(1248, 1456) pos=(992, 1472) path=16
marked destination touch VisitKey { scene: 3, area: (1152, 1344), event_id: 47, trigger_script: 33, trigger_mode: 4, state: 1 }
learned exit AreaKey { scene: 3, anchor: (1216, 1408) } event=47 -> AreaKey { scene: 3, anchor: (1152, 1344) }
area teleport in scene 3 at frame 3660: (1248, 1456) -> (1168, 1368)
target scene=3 area=(1152, 1344) event=71 script=8146 mode=1 state=1 player=(1168, 1368) pos=(1296, 1448) path=61
marked destination touch VisitKey { scene: 3, area: (1216, 1408), event_id: 48, trigger_script: 60, trigger_mode: 4, state: 1 }
learned exit AreaKey { scene: 3, anchor: (1152, 1344) } event=48 -> AreaKey { scene: 3, anchor: (1216, 1408) }
area teleport in scene 3 at frame 3677: (1168, 1368) -> (1248, 1456)
continuing target event=71 across area (1216, 1408) path=0
target scene=3 area=(1216, 1408) event=54 script=4647 mode=5 state=1 player=(1248, 1456) pos=(992, 1472) path=16
marked destination touch VisitKey { scene: 3, area: (1152, 1344), event_id: 47, trigger_script: 33, trigger_mode: 4, state: 1 }
learned exit AreaKey { scene: 3, anchor: (1216, 1408) } event=47 -> AreaKey { scene: 3, anchor: (1152, 1344) }
area teleport in scene 3 at frame 3690: (1248, 1456) -> (1168, 1368)
target scene=3 area=(1152, 1344) event=71 script=8146 mode=1 state=1 player=(1168, 1368) pos=(1296, 1448) path=61
marked destination touch VisitKey { scene: 3, area: (1216, 1408), event_id: 48, trigger_script: 60, trigger_mode: 4, state: 1 }
learned exit AreaKey { scene: 3, anchor: (1152, 1344) } event=48 -> AreaKey { scene: 3, anchor: (1216, 1408) }
area teleport in scene 3 at frame 3707: (1168, 1368) -> (1248, 1456)
continuing target event=71 across area (1216, 1408) path=0
target scene=3 area=(1216, 1408) event=54 script=4647 mode=5 state=1 player=(1248, 1456) pos=(992, 1472) path=16
marked destination touch VisitKey { scene: 3, area: (1152, 1344), event_id: 47, trigger_script: 33, trigger_mode: 4, state: 1 }
learned exit AreaKey { scene: 3, anchor: (1216, 1408) } event=47 -> AreaKey { scene: 3, anchor: (1152, 1344) }
area teleport in scene 3 at frame 3720: (1248, 1456) -> (1168, 1368)
target scene=3 area=(1152, 1344) event=71 script=8146 mode=1 state=1 player=(1168, 1368) pos=(1296, 1448) path=61
marked destination touch VisitKey { scene: 3, area: (1216, 1408), event_id: 48, trigger_script: 60, trigger_mode: 4, state: 1 }
learned exit AreaKey { scene: 3, anchor: (1152, 1344) } event=48 -> AreaKey { scene: 3, anchor: (1216, 1408) }
area teleport in scene 3 at frame 3737: (1168, 1368) -> (1248, 1456)
continuing target event=71 across area (1216, 1408) path=0
target scene=3 area=(1216, 1408) event=54 script=4647 mode=5 state=1 player=(1248, 1456) pos=(992, 1472) path=16
marked destination touch VisitKey { scene: 3, area: (1152, 1344), event_id: 47, trigger_script: 33, trigger_mode: 4, state: 1 }
learned exit AreaKey { scene: 3, anchor: (1216, 1408) } event=47 -> AreaKey { scene: 3, anchor: (1152, 1344) }
area teleport in scene 3 at frame 3750: (1248, 1456) -> (1168, 1368)
target scene=3 area=(1152, 1344) event=71 script=8146 mode=1 state=1 player=(1168, 1368) pos=(1296, 1448) path=61
marked destination touch VisitKey { scene: 3, area: (1216, 1408), event_id: 48, trigger_script: 60, trigger_mode: 4, state: 1 }
learned exit AreaKey { scene: 3, anchor: (1152, 1344) } event=48 -> AreaKey { scene: 3, anchor: (1216, 1408) }
area teleport in scene 3 at frame 3767: (1168, 1368) -> (1248, 1456)
continuing target event=71 across area (1216, 1408) path=0
target scene=3 area=(1216, 1408) event=54 script=4647 mode=5 state=1 player=(1248, 1456) pos=(992, 1472) path=16
marked destination touch VisitKey { scene: 3, area: (1152, 1344), event_id: 47, trigger_script: 33, trigger_mode: 4, state: 1 }
learned exit AreaKey { scene: 3, anchor: (1216, 1408) } event=47 -> AreaKey { scene: 3, anchor: (1152, 1344) }
area teleport in scene 3 at frame 3780: (1248, 1456) -> (1168, 1368)
target scene=3 area=(1152, 1344) event=71 script=8146 mode=1 state=1 player=(1168, 1368) pos=(1296, 1448) path=61
marked destination touch VisitKey { scene: 3, area: (1216, 1408), event_id: 48, trigger_script: 60, trigger_mode: 4, state: 1 }
learned exit AreaKey { scene: 3, anchor: (1152, 1344) } event=48 -> AreaKey { scene: 3, anchor: (1216, 1408) }
area teleport in scene 3 at frame 3797: (1168, 1368) -> (1248, 1456)
continuing target event=71 across area (1216, 1408) path=0
target scene=3 area=(1216, 1408) event=54 script=4647 mode=5 state=1 player=(1248, 1456) pos=(992, 1472) path=16
marked destination touch VisitKey { scene: 3, area: (1152, 1344), event_id: 47, trigger_script: 33, trigger_mode: 4, state: 1 }
learned exit AreaKey { scene: 3, anchor: (1216, 1408) } event=47 -> AreaKey { scene: 3, anchor: (1152, 1344) }
area teleport in scene 3 at frame 3810: (1248, 1456) -> (1168, 1368)
target scene=3 area=(1152, 1344) event=71 script=8146 mode=1 state=1 player=(1168, 1368) pos=(1296, 1448) path=61
marked destination touch VisitKey { scene: 3, area: (1216, 1408), event_id: 48, trigger_script: 60, trigger_mode: 4, state: 1 }
learned exit AreaKey { scene: 3, anchor: (1152, 1344) } event=48 -> AreaKey { scene: 3, anchor: (1216, 1408) }
area teleport in scene 3 at frame 3827: (1168, 1368) -> (1248, 1456)
continuing target event=71 across area (1216, 1408) path=0
target scene=3 area=(1216, 1408) event=54 script=4647 mode=5 state=1 player=(1248, 1456) pos=(992, 1472) path=16
marked destination touch VisitKey { scene: 3, area: (1152, 1344), event_id: 47, trigger_script: 33, trigger_mode: 4, state: 1 }
learned exit AreaKey { scene: 3, anchor: (1216, 1408) } event=47 -> AreaKey { scene: 3, anchor: (1152, 1344) }
area teleport in scene 3 at frame 3840: (1248, 1456) -> (1168, 1368)
target scene=3 area=(1152, 1344) event=71 script=8146 mode=1 state=1 player=(1168, 1368) pos=(1296, 1448) path=61
marked destination touch VisitKey { scene: 3, area: (1216, 1408), event_id: 48, trigger_script: 60, trigger_mode: 4, state: 1 }
learned exit AreaKey { scene: 3, anchor: (1152, 1344) } event=48 -> AreaKey { scene: 3, anchor: (1216, 1408) }
area teleport in scene 3 at frame 3857: (1168, 1368) -> (1248, 1456)
continuing target event=71 across area (1216, 1408) path=0
target scene=3 area=(1216, 1408) event=54 script=4647 mode=5 state=1 player=(1248, 1456) pos=(992, 1472) path=16
marked destination touch VisitKey { scene: 3, area: (1152, 1344), event_id: 47, trigger_script: 33, trigger_mode: 4, state: 1 }
learned exit AreaKey { scene: 3, anchor: (1216, 1408) } event=47 -> AreaKey { scene: 3, anchor: (1152, 1344) }
area teleport in scene 3 at frame 3870: (1248, 1456) -> (1168, 1368)
target scene=3 area=(1152, 1344) event=71 script=8146 mode=1 state=1 player=(1168, 1368) pos=(1296, 1448) path=61
marked destination touch VisitKey { scene: 3, area: (1216, 1408), event_id: 48, trigger_script: 60, trigger_mode: 4, state: 1 }
learned exit AreaKey { scene: 3, anchor: (1152, 1344) } event=48 -> AreaKey { scene: 3, anchor: (1216, 1408) }
area teleport in scene 3 at frame 3887: (1168, 1368) -> (1248, 1456)
continuing target event=71 across area (1216, 1408) path=0
target scene=3 area=(1216, 1408) event=54 script=4647 mode=5 state=1 player=(1248, 1456) pos=(992, 1472) path=16
marked destination touch VisitKey { scene: 3, area: (1152, 1344), event_id: 47, trigger_script: 33, trigger_mode: 4, state: 1 }
learned exit AreaKey { scene: 3, anchor: (1216, 1408) } event=47 -> AreaKey { scene: 3, anchor: (1152, 1344) }
area teleport in scene 3 at frame 3900: (1248, 1456) -> (1168, 1368)
target scene=3 area=(1152, 1344) event=71 script=8146 mode=1 state=1 player=(1168, 1368) pos=(1296, 1448) path=61
marked destination touch VisitKey { scene: 3, area: (1216, 1408), event_id: 48, trigger_script: 60, trigger_mode: 4, state: 1 }
learned exit AreaKey { scene: 3, anchor: (1152, 1344) } event=48 -> AreaKey { scene: 3, anchor: (1216, 1408) }
area teleport in scene 3 at frame 3917: (1168, 1368) -> (1248, 1456)
continuing target event=71 across area (1216, 1408) path=0
target scene=3 area=(1216, 1408) event=54 script=4647 mode=5 state=1 player=(1248, 1456) pos=(992, 1472) path=16
marked destination touch VisitKey { scene: 3, area: (1152, 1344), event_id: 47, trigger_script: 33, trigger_mode: 4, state: 1 }
learned exit AreaKey { scene: 3, anchor: (1216, 1408) } event=47 -> AreaKey { scene: 3, anchor: (1152, 1344) }
area teleport in scene 3 at frame 3930: (1248, 1456) -> (1168, 1368)
target scene=3 area=(1152, 1344) event=71 script=8146 mode=1 state=1 player=(1168, 1368) pos=(1296, 1448) path=61
marked destination touch VisitKey { scene: 3, area: (1216, 1408), event_id: 48, trigger_script: 60, trigger_mode: 4, state: 1 }
learned exit AreaKey { scene: 3, anchor: (1152, 1344) } event=48 -> AreaKey { scene: 3, anchor: (1216, 1408) }
area teleport in scene 3 at frame 3947: (1168, 1368) -> (1248, 1456)
continuing target event=71 across area (1216, 1408) path=0
target scene=3 area=(1216, 1408) event=54 script=4647 mode=5 state=1 player=(1248, 1456) pos=(992, 1472) path=16
marked destination touch VisitKey { scene: 3, area: (1152, 1344), event_id: 47, trigger_script: 33, trigger_mode: 4, state: 1 }
learned exit AreaKey { scene: 3, anchor: (1216, 1408) } event=47 -> AreaKey { scene: 3, anchor: (1152, 1344) }
area teleport in scene 3 at frame 3960: (1248, 1456) -> (1168, 1368)
target scene=3 area=(1152, 1344) event=71 script=8146 mode=1 state=1 player=(1168, 1368) pos=(1296, 1448) path=61
marked destination touch VisitKey { scene: 3, area: (1216, 1408), event_id: 48, trigger_script: 60, trigger_mode: 4, state: 1 }
learned exit AreaKey { scene: 3, anchor: (1152, 1344) } event=48 -> AreaKey { scene: 3, anchor: (1216, 1408) }
area teleport in scene 3 at frame 3977: (1168, 1368) -> (1248, 1456)
continuing target event=71 across area (1216, 1408) path=0
target scene=3 area=(1216, 1408) event=54 script=4647 mode=5 state=1 player=(1248, 1456) pos=(992, 1472) path=16
marked destination touch VisitKey { scene: 3, area: (1152, 1344), event_id: 47, trigger_script: 33, trigger_mode: 4, state: 1 }
learned exit AreaKey { scene: 3, anchor: (1216, 1408) } event=47 -> AreaKey { scene: 3, anchor: (1152, 1344) }
area teleport in scene 3 at frame 3990: (1248, 1456) -> (1168, 1368)
target scene=3 area=(1152, 1344) event=71 script=8146 mode=1 state=1 player=(1168, 1368) pos=(1296, 1448) path=61
marked destination touch VisitKey { scene: 3, area: (1216, 1408), event_id: 48, trigger_script: 60, trigger_mode: 4, state: 1 }
learned exit AreaKey { scene: 3, anchor: (1152, 1344) } event=48 -> AreaKey { scene: 3, anchor: (1216, 1408) }
area teleport in scene 3 at frame 4007: (1168, 1368) -> (1248, 1456)
continuing target event=71 across area (1216, 1408) path=0
target scene=3 area=(1216, 1408) event=54 script=4647 mode=5 state=1 player=(1248, 1456) pos=(992, 1472) path=16
marked destination touch VisitKey { scene: 3, area: (1152, 1344), event_id: 47, trigger_script: 33, trigger_mode: 4, state: 1 }
learned exit AreaKey { scene: 3, anchor: (1216, 1408) } event=47 -> AreaKey { scene: 3, anchor: (1152, 1344) }
area teleport in scene 3 at frame 4020: (1248, 1456) -> (1168, 1368)
target scene=3 area=(1152, 1344) event=71 script=8146 mode=1 state=1 player=(1168, 1368) pos=(1296, 1448) path=61
marked destination touch VisitKey { scene: 3, area: (1216, 1408), event_id: 48, trigger_script: 60, trigger_mode: 4, state: 1 }
learned exit AreaKey { scene: 3, anchor: (1152, 1344) } event=48 -> AreaKey { scene: 3, anchor: (1216, 1408) }
area teleport in scene 3 at frame 4037: (1168, 1368) -> (1248, 1456)
continuing target event=71 across area (1216, 1408) path=0
target scene=3 area=(1216, 1408) event=54 script=4647 mode=5 state=1 player=(1248, 1456) pos=(992, 1472) path=16
marked destination touch VisitKey { scene: 3, area: (1152, 1344), event_id: 47, trigger_script: 33, trigger_mode: 4, state: 1 }
learned exit AreaKey { scene: 3, anchor: (1216, 1408) } event=47 -> AreaKey { scene: 3, anchor: (1152, 1344) }
area teleport in scene 3 at frame 4050: (1248, 1456) -> (1168, 1368)
target scene=3 area=(1152, 1344) event=71 script=8146 mode=1 state=1 player=(1168, 1368) pos=(1296, 1448) path=61
marked destination touch VisitKey { scene: 3, area: (1216, 1408), event_id: 48, trigger_script: 60, trigger_mode: 4, state: 1 }
learned exit AreaKey { scene: 3, anchor: (1152, 1344) } event=48 -> AreaKey { scene: 3, anchor: (1216, 1408) }
area teleport in scene 3 at frame 4067: (1168, 1368) -> (1248, 1456)
continuing target event=71 across area (1216, 1408) path=0
target scene=3 area=(1216, 1408) event=54 script=4647 mode=5 state=1 player=(1248, 1456) pos=(992, 1472) path=16
marked destination touch VisitKey { scene: 3, area: (1152, 1344), event_id: 47, trigger_script: 33, trigger_mode: 4, state: 1 }
learned exit AreaKey { scene: 3, anchor: (1216, 1408) } event=47 -> AreaKey { scene: 3, anchor: (1152, 1344) }
area teleport in scene 3 at frame 4080: (1248, 1456) -> (1168, 1368)
target scene=3 area=(1152, 1344) event=71 script=8146 mode=1 state=1 player=(1168, 1368) pos=(1296, 1448) path=61
marked destination touch VisitKey { scene: 3, area: (1216, 1408), event_id: 48, trigger_script: 60, trigger_mode: 4, state: 1 }
learned exit AreaKey { scene: 3, anchor: (1152, 1344) } event=48 -> AreaKey { scene: 3, anchor: (1216, 1408) }
area teleport in scene 3 at frame 4097: (1168, 1368) -> (1248, 1456)
continuing target event=71 across area (1216, 1408) path=0
target scene=3 area=(1216, 1408) event=54 script=4647 mode=5 state=1 player=(1248, 1456) pos=(992, 1472) path=16
marked destination touch VisitKey { scene: 3, area: (1152, 1344), event_id: 47, trigger_script: 33, trigger_mode: 4, state: 1 }
learned exit AreaKey { scene: 3, anchor: (1216, 1408) } event=47 -> AreaKey { scene: 3, anchor: (1152, 1344) }
area teleport in scene 3 at frame 4110: (1248, 1456) -> (1168, 1368)
target scene=3 area=(1152, 1344) event=71 script=8146 mode=1 state=1 player=(1168, 1368) pos=(1296, 1448) path=61
marked destination touch VisitKey { scene: 3, area: (1216, 1408), event_id: 48, trigger_script: 60, trigger_mode: 4, state: 1 }
learned exit AreaKey { scene: 3, anchor: (1152, 1344) } event=48 -> AreaKey { scene: 3, anchor: (1216, 1408) }
area teleport in scene 3 at frame 4127: (1168, 1368) -> (1248, 1456)
continuing target event=71 across area (1216, 1408) path=0
target scene=3 area=(1216, 1408) event=54 script=4647 mode=5 state=1 player=(1248, 1456) pos=(992, 1472) path=16
marked destination touch VisitKey { scene: 3, area: (1152, 1344), event_id: 47, trigger_script: 33, trigger_mode: 4, state: 1 }
learned exit AreaKey { scene: 3, anchor: (1216, 1408) } event=47 -> AreaKey { scene: 3, anchor: (1152, 1344) }
area teleport in scene 3 at frame 4140: (1248, 1456) -> (1168, 1368)
target scene=3 area=(1152, 1344) event=71 script=8146 mode=1 state=1 player=(1168, 1368) pos=(1296, 1448) path=61
marked destination touch VisitKey { scene: 3, area: (1216, 1408), event_id: 48, trigger_script: 60, trigger_mode: 4, state: 1 }
learned exit AreaKey { scene: 3, anchor: (1152, 1344) } event=48 -> AreaKey { scene: 3, anchor: (1216, 1408) }
area teleport in scene 3 at frame 4157: (1168, 1368) -> (1248, 1456)
continuing target event=71 across area (1216, 1408) path=0
target scene=3 area=(1216, 1408) event=54 script=4647 mode=5 state=1 player=(1248, 1456) pos=(992, 1472) path=16
marked destination touch VisitKey { scene: 3, area: (1152, 1344), event_id: 47, trigger_script: 33, trigger_mode: 4, state: 1 }
learned exit AreaKey { scene: 3, anchor: (1216, 1408) } event=47 -> AreaKey { scene: 3, anchor: (1152, 1344) }
area teleport in scene 3 at frame 4170: (1248, 1456) -> (1168, 1368)
target scene=3 area=(1152, 1344) event=71 script=8146 mode=1 state=1 player=(1168, 1368) pos=(1296, 1448) path=61
marked destination touch VisitKey { scene: 3, area: (1216, 1408), event_id: 48, trigger_script: 60, trigger_mode: 4, state: 1 }
learned exit AreaKey { scene: 3, anchor: (1152, 1344) } event=48 -> AreaKey { scene: 3, anchor: (1216, 1408) }
area teleport in scene 3 at frame 4187: (1168, 1368) -> (1248, 1456)
continuing target event=71 across area (1216, 1408) path=0
target scene=3 area=(1216, 1408) event=54 script=4647 mode=5 state=1 player=(1248, 1456) pos=(992, 1472) path=16
marked destination touch VisitKey { scene: 3, area: (1152, 1344), event_id: 47, trigger_script: 33, trigger_mode: 4, state: 1 }
learned exit AreaKey { scene: 3, anchor: (1216, 1408) } event=47 -> AreaKey { scene: 3, anchor: (1152, 1344) }
area teleport in scene 3 at frame 4200: (1248, 1456) -> (1168, 1368)
target scene=3 area=(1152, 1344) event=71 script=8146 mode=1 state=1 player=(1168, 1368) pos=(1296, 1448) path=61
marked destination touch VisitKey { scene: 3, area: (1216, 1408), event_id: 48, trigger_script: 60, trigger_mode: 4, state: 1 }
learned exit AreaKey { scene: 3, anchor: (1152, 1344) } event=48 -> AreaKey { scene: 3, anchor: (1216, 1408) }
area teleport in scene 3 at frame 4217: (1168, 1368) -> (1248, 1456)
continuing target event=71 across area (1216, 1408) path=0
target scene=3 area=(1216, 1408) event=54 script=4647 mode=5 state=1 player=(1248, 1456) pos=(992, 1472) path=16
marked destination touch VisitKey { scene: 3, area: (1152, 1344), event_id: 47, trigger_script: 33, trigger_mode: 4, state: 1 }
learned exit AreaKey { scene: 3, anchor: (1216, 1408) } event=47 -> AreaKey { scene: 3, anchor: (1152, 1344) }
area teleport in scene 3 at frame 4230: (1248, 1456) -> (1168, 1368)
target scene=3 area=(1152, 1344) event=71 script=8146 mode=1 state=1 player=(1168, 1368) pos=(1296, 1448) path=61
marked destination touch VisitKey { scene: 3, area: (1216, 1408), event_id: 48, trigger_script: 60, trigger_mode: 4, state: 1 }
learned exit AreaKey { scene: 3, anchor: (1152, 1344) } event=48 -> AreaKey { scene: 3, anchor: (1216, 1408) }
area teleport in scene 3 at frame 4247: (1168, 1368) -> (1248, 1456)
continuing target event=71 across area (1216, 1408) path=0
target scene=3 area=(1216, 1408) event=54 script=4647 mode=5 state=1 player=(1248, 1456) pos=(992, 1472) path=16
marked destination touch VisitKey { scene: 3, area: (1152, 1344), event_id: 47, trigger_script: 33, trigger_mode: 4, state: 1 }
learned exit AreaKey { scene: 3, anchor: (1216, 1408) } event=47 -> AreaKey { scene: 3, anchor: (1152, 1344) }
area teleport in scene 3 at frame 4260: (1248, 1456) -> (1168, 1368)
target scene=3 area=(1152, 1344) event=71 script=8146 mode=1 state=1 player=(1168, 1368) pos=(1296, 1448) path=61
marked destination touch VisitKey { scene: 3, area: (1216, 1408), event_id: 48, trigger_script: 60, trigger_mode: 4, state: 1 }
learned exit AreaKey { scene: 3, anchor: (1152, 1344) } event=48 -> AreaKey { scene: 3, anchor: (1216, 1408) }
area teleport in scene 3 at frame 4277: (1168, 1368) -> (1248, 1456)
continuing target event=71 across area (1216, 1408) path=0
target scene=3 area=(1216, 1408) event=54 script=4647 mode=5 state=1 player=(1248, 1456) pos=(992, 1472) path=16
marked destination touch VisitKey { scene: 3, area: (1152, 1344), event_id: 47, trigger_script: 33, trigger_mode: 4, state: 1 }
learned exit AreaKey { scene: 3, anchor: (1216, 1408) } event=47 -> AreaKey { scene: 3, anchor: (1152, 1344) }
area teleport in scene 3 at frame 4290: (1248, 1456) -> (1168, 1368)
target scene=3 area=(1152, 1344) event=71 script=8146 mode=1 state=1 player=(1168, 1368) pos=(1296, 1448) path=61
marked destination touch VisitKey { scene: 3, area: (1216, 1408), event_id: 48, trigger_script: 60, trigger_mode: 4, state: 1 }
learned exit AreaKey { scene: 3, anchor: (1152, 1344) } event=48 -> AreaKey { scene: 3, anchor: (1216, 1408) }
area teleport in scene 3 at frame 4307: (1168, 1368) -> (1248, 1456)
continuing target event=71 across area (1216, 1408) path=0
target scene=3 area=(1216, 1408) event=54 script=4647 mode=5 state=1 player=(1248, 1456) pos=(992, 1472) path=16
marked destination touch VisitKey { scene: 3, area: (1152, 1344), event_id: 47, trigger_script: 33, trigger_mode: 4, state: 1 }
learned exit AreaKey { scene: 3, anchor: (1216, 1408) } event=47 -> AreaKey { scene: 3, anchor: (1152, 1344) }
area teleport in scene 3 at frame 4320: (1248, 1456) -> (1168, 1368)
target scene=3 area=(1152, 1344) event=71 script=8146 mode=1 state=1 player=(1168, 1368) pos=(1296, 1448) path=61
marked destination touch VisitKey { scene: 3, area: (1216, 1408), event_id: 48, trigger_script: 60, trigger_mode: 4, state: 1 }
learned exit AreaKey { scene: 3, anchor: (1152, 1344) } event=48 -> AreaKey { scene: 3, anchor: (1216, 1408) }
area teleport in scene 3 at frame 4337: (1168, 1368) -> (1248, 1456)
continuing target event=71 across area (1216, 1408) path=0
target scene=3 area=(1216, 1408) event=54 script=4647 mode=5 state=1 player=(1248, 1456) pos=(992, 1472) path=16
marked destination touch VisitKey { scene: 3, area: (1152, 1344), event_id: 47, trigger_script: 33, trigger_mode: 4, state: 1 }
learned exit AreaKey { scene: 3, anchor: (1216, 1408) } event=47 -> AreaKey { scene: 3, anchor: (1152, 1344) }
area teleport in scene 3 at frame 4350: (1248, 1456) -> (1168, 1368)
target scene=3 area=(1152, 1344) event=71 script=8146 mode=1 state=1 player=(1168, 1368) pos=(1296, 1448) path=61
marked destination touch VisitKey { scene: 3, area: (1216, 1408), event_id: 48, trigger_script: 60, trigger_mode: 4, state: 1 }
learned exit AreaKey { scene: 3, anchor: (1152, 1344) } event=48 -> AreaKey { scene: 3, anchor: (1216, 1408) }
area teleport in scene 3 at frame 4367: (1168, 1368) -> (1248, 1456)
continuing target event=71 across area (1216, 1408) path=0
target scene=3 area=(1216, 1408) event=54 script=4647 mode=5 state=1 player=(1248, 1456) pos=(992, 1472) path=16
marked destination touch VisitKey { scene: 3, area: (1152, 1344), event_id: 47, trigger_script: 33, trigger_mode: 4, state: 1 }
learned exit AreaKey { scene: 3, anchor: (1216, 1408) } event=47 -> AreaKey { scene: 3, anchor: (1152, 1344) }
area teleport in scene 3 at frame 4380: (1248, 1456) -> (1168, 1368)
target scene=3 area=(1152, 1344) event=71 script=8146 mode=1 state=1 player=(1168, 1368) pos=(1296, 1448) path=61
marked destination touch VisitKey { scene: 3, area: (1216, 1408), event_id: 48, trigger_script: 60, trigger_mode: 4, state: 1 }
learned exit AreaKey { scene: 3, anchor: (1152, 1344) } event=48 -> AreaKey { scene: 3, anchor: (1216, 1408) }
area teleport in scene 3 at frame 4397: (1168, 1368) -> (1248, 1456)
continuing target event=71 across area (1216, 1408) path=0
target scene=3 area=(1216, 1408) event=54 script=4647 mode=5 state=1 player=(1248, 1456) pos=(992, 1472) path=16
marked destination touch VisitKey { scene: 3, area: (1152, 1344), event_id: 47, trigger_script: 33, trigger_mode: 4, state: 1 }
learned exit AreaKey { scene: 3, anchor: (1216, 1408) } event=47 -> AreaKey { scene: 3, anchor: (1152, 1344) }
area teleport in scene 3 at frame 4410: (1248, 1456) -> (1168, 1368)
target scene=3 area=(1152, 1344) event=71 script=8146 mode=1 state=1 player=(1168, 1368) pos=(1296, 1448) path=61
marked destination touch VisitKey { scene: 3, area: (1216, 1408), event_id: 48, trigger_script: 60, trigger_mode: 4, state: 1 }
learned exit AreaKey { scene: 3, anchor: (1152, 1344) } event=48 -> AreaKey { scene: 3, anchor: (1216, 1408) }
area teleport in scene 3 at frame 4427: (1168, 1368) -> (1248, 1456)
continuing target event=71 across area (1216, 1408) path=0
target scene=3 area=(1216, 1408) event=54 script=4647 mode=5 state=1 player=(1248, 1456) pos=(992, 1472) path=16
marked destination touch VisitKey { scene: 3, area: (1152, 1344), event_id: 47, trigger_script: 33, trigger_mode: 4, state: 1 }
learned exit AreaKey { scene: 3, anchor: (1216, 1408) } event=47 -> AreaKey { scene: 3, anchor: (1152, 1344) }
area teleport in scene 3 at frame 4440: (1248, 1456) -> (1168, 1368)
target scene=3 area=(1152, 1344) event=71 script=8146 mode=1 state=1 player=(1168, 1368) pos=(1296, 1448) path=61
marked destination touch VisitKey { scene: 3, area: (1216, 1408), event_id: 48, trigger_script: 60, trigger_mode: 4, state: 1 }
learned exit AreaKey { scene: 3, anchor: (1152, 1344) } event=48 -> AreaKey { scene: 3, anchor: (1216, 1408) }
area teleport in scene 3 at frame 4457: (1168, 1368) -> (1248, 1456)
continuing target event=71 across area (1216, 1408) path=0
target scene=3 area=(1216, 1408) event=54 script=4647 mode=5 state=1 player=(1248, 1456) pos=(992, 1472) path=16
marked destination touch VisitKey { scene: 3, area: (1152, 1344), event_id: 47, trigger_script: 33, trigger_mode: 4, state: 1 }
learned exit AreaKey { scene: 3, anchor: (1216, 1408) } event=47 -> AreaKey { scene: 3, anchor: (1152, 1344) }
area teleport in scene 3 at frame 4470: (1248, 1456) -> (1168, 1368)
target scene=3 area=(1152, 1344) event=71 script=8146 mode=1 state=1 player=(1168, 1368) pos=(1296, 1448) path=61
marked destination touch VisitKey { scene: 3, area: (1216, 1408), event_id: 48, trigger_script: 60, trigger_mode: 4, state: 1 }
learned exit AreaKey { scene: 3, anchor: (1152, 1344) } event=48 -> AreaKey { scene: 3, anchor: (1216, 1408) }
area teleport in scene 3 at frame 4487: (1168, 1368) -> (1248, 1456)
continuing target event=71 across area (1216, 1408) path=0
target scene=3 area=(1216, 1408) event=54 script=4647 mode=5 state=1 player=(1248, 1456) pos=(992, 1472) path=16
marked destination touch VisitKey { scene: 3, area: (1152, 1344), event_id: 47, trigger_script: 33, trigger_mode: 4, state: 1 }
learned exit AreaKey { scene: 3, anchor: (1216, 1408) } event=47 -> AreaKey { scene: 3, anchor: (1152, 1344) }
area teleport in scene 3 at frame 4500: (1248, 1456) -> (1168, 1368)
target scene=3 area=(1152, 1344) event=71 script=8146 mode=1 state=1 player=(1168, 1368) pos=(1296, 1448) path=61
marked destination touch VisitKey { scene: 3, area: (1216, 1408), event_id: 48, trigger_script: 60, trigger_mode: 4, state: 1 }
learned exit AreaKey { scene: 3, anchor: (1152, 1344) } event=48 -> AreaKey { scene: 3, anchor: (1216, 1408) }
area teleport in scene 3 at frame 4517: (1168, 1368) -> (1248, 1456)
continuing target event=71 across area (1216, 1408) path=0
target scene=3 area=(1216, 1408) event=54 script=4647 mode=5 state=1 player=(1248, 1456) pos=(992, 1472) path=16
marked destination touch VisitKey { scene: 3, area: (1152, 1344), event_id: 47, trigger_script: 33, trigger_mode: 4, state: 1 }
learned exit AreaKey { scene: 3, anchor: (1216, 1408) } event=47 -> AreaKey { scene: 3, anchor: (1152, 1344) }
area teleport in scene 3 at frame 4530: (1248, 1456) -> (1168, 1368)
target scene=3 area=(1152, 1344) event=71 script=8146 mode=1 state=1 player=(1168, 1368) pos=(1296, 1448) path=61
marked destination touch VisitKey { scene: 3, area: (1216, 1408), event_id: 48, trigger_script: 60, trigger_mode: 4, state: 1 }
learned exit AreaKey { scene: 3, anchor: (1152, 1344) } event=48 -> AreaKey { scene: 3, anchor: (1216, 1408) }
area teleport in scene 3 at frame 4547: (1168, 1368) -> (1248, 1456)
continuing target event=71 across area (1216, 1408) path=0
target scene=3 area=(1216, 1408) event=54 script=4647 mode=5 state=1 player=(1248, 1456) pos=(992, 1472) path=16
marked destination touch VisitKey { scene: 3, area: (1152, 1344), event_id: 47, trigger_script: 33, trigger_mode: 4, state: 1 }
learned exit AreaKey { scene: 3, anchor: (1216, 1408) } event=47 -> AreaKey { scene: 3, anchor: (1152, 1344) }
area teleport in scene 3 at frame 4560: (1248, 1456) -> (1168, 1368)
target scene=3 area=(1152, 1344) event=71 script=8146 mode=1 state=1 player=(1168, 1368) pos=(1296, 1448) path=61
marked destination touch VisitKey { scene: 3, area: (1216, 1408), event_id: 48, trigger_script: 60, trigger_mode: 4, state: 1 }
learned exit AreaKey { scene: 3, anchor: (1152, 1344) } event=48 -> AreaKey { scene: 3, anchor: (1216, 1408) }
area teleport in scene 3 at frame 4577: (1168, 1368) -> (1248, 1456)
continuing target event=71 across area (1216, 1408) path=0
target scene=3 area=(1216, 1408) event=54 script=4647 mode=5 state=1 player=(1248, 1456) pos=(992, 1472) path=16
marked destination touch VisitKey { scene: 3, area: (1152, 1344), event_id: 47, trigger_script: 33, trigger_mode: 4, state: 1 }
learned exit AreaKey { scene: 3, anchor: (1216, 1408) } event=47 -> AreaKey { scene: 3, anchor: (1152, 1344) }
area teleport in scene 3 at frame 4590: (1248, 1456) -> (1168, 1368)
target scene=3 area=(1152, 1344) event=71 script=8146 mode=1 state=1 player=(1168, 1368) pos=(1296, 1448) path=61
marked destination touch VisitKey { scene: 3, area: (1216, 1408), event_id: 48, trigger_script: 60, trigger_mode: 4, state: 1 }
learned exit AreaKey { scene: 3, anchor: (1152, 1344) } event=48 -> AreaKey { scene: 3, anchor: (1216, 1408) }
area teleport in scene 3 at frame 4607: (1168, 1368) -> (1248, 1456)
continuing target event=71 across area (1216, 1408) path=0
target scene=3 area=(1216, 1408) event=54 script=4647 mode=5 state=1 player=(1248, 1456) pos=(992, 1472) path=16
marked destination touch VisitKey { scene: 3, area: (1152, 1344), event_id: 47, trigger_script: 33, trigger_mode: 4, state: 1 }
learned exit AreaKey { scene: 3, anchor: (1216, 1408) } event=47 -> AreaKey { scene: 3, anchor: (1152, 1344) }
area teleport in scene 3 at frame 4620: (1248, 1456) -> (1168, 1368)
target scene=3 area=(1152, 1344) event=71 script=8146 mode=1 state=1 player=(1168, 1368) pos=(1296, 1448) path=61
marked destination touch VisitKey { scene: 3, area: (1216, 1408), event_id: 48, trigger_script: 60, trigger_mode: 4, state: 1 }
learned exit AreaKey { scene: 3, anchor: (1152, 1344) } event=48 -> AreaKey { scene: 3, anchor: (1216, 1408) }
area teleport in scene 3 at frame 4637: (1168, 1368) -> (1248, 1456)
continuing target event=71 across area (1216, 1408) path=0
target scene=3 area=(1216, 1408) event=54 script=4647 mode=5 state=1 player=(1248, 1456) pos=(992, 1472) path=16
marked destination touch VisitKey { scene: 3, area: (1152, 1344), event_id: 47, trigger_script: 33, trigger_mode: 4, state: 1 }
learned exit AreaKey { scene: 3, anchor: (1216, 1408) } event=47 -> AreaKey { scene: 3, anchor: (1152, 1344) }
area teleport in scene 3 at frame 4650: (1248, 1456) -> (1168, 1368)
target scene=3 area=(1152, 1344) event=71 script=8146 mode=1 state=1 player=(1168, 1368) pos=(1296, 1448) path=61
marked destination touch VisitKey { scene: 3, area: (1216, 1408), event_id: 48, trigger_script: 60, trigger_mode: 4, state: 1 }
learned exit AreaKey { scene: 3, anchor: (1152, 1344) } event=48 -> AreaKey { scene: 3, anchor: (1216, 1408) }
area teleport in scene 3 at frame 4667: (1168, 1368) -> (1248, 1456)
continuing target event=71 across area (1216, 1408) path=0
target scene=3 area=(1216, 1408) event=54 script=4647 mode=5 state=1 player=(1248, 1456) pos=(992, 1472) path=16
marked destination touch VisitKey { scene: 3, area: (1152, 1344), event_id: 47, trigger_script: 33, trigger_mode: 4, state: 1 }
learned exit AreaKey { scene: 3, anchor: (1216, 1408) } event=47 -> AreaKey { scene: 3, anchor: (1152, 1344) }
area teleport in scene 3 at frame 4680: (1248, 1456) -> (1168, 1368)
target scene=3 area=(1152, 1344) event=71 script=8146 mode=1 state=1 player=(1168, 1368) pos=(1296, 1448) path=61
marked destination touch VisitKey { scene: 3, area: (1216, 1408), event_id: 48, trigger_script: 60, trigger_mode: 4, state: 1 }
learned exit AreaKey { scene: 3, anchor: (1152, 1344) } event=48 -> AreaKey { scene: 3, anchor: (1216, 1408) }
area teleport in scene 3 at frame 4697: (1168, 1368) -> (1248, 1456)
continuing target event=71 across area (1216, 1408) path=0
target scene=3 area=(1216, 1408) event=54 script=4647 mode=5 state=1 player=(1248, 1456) pos=(992, 1472) path=16
marked destination touch VisitKey { scene: 3, area: (1152, 1344), event_id: 47, trigger_script: 33, trigger_mode: 4, state: 1 }
learned exit AreaKey { scene: 3, anchor: (1216, 1408) } event=47 -> AreaKey { scene: 3, anchor: (1152, 1344) }
area teleport in scene 3 at frame 4710: (1248, 1456) -> (1168, 1368)
target scene=3 area=(1152, 1344) event=71 script=8146 mode=1 state=1 player=(1168, 1368) pos=(1296, 1448) path=61
marked destination touch VisitKey { scene: 3, area: (1216, 1408), event_id: 48, trigger_script: 60, trigger_mode: 4, state: 1 }
learned exit AreaKey { scene: 3, anchor: (1152, 1344) } event=48 -> AreaKey { scene: 3, anchor: (1216, 1408) }
area teleport in scene 3 at frame 4727: (1168, 1368) -> (1248, 1456)
continuing target event=71 across area (1216, 1408) path=0
target scene=3 area=(1216, 1408) event=54 script=4647 mode=5 state=1 player=(1248, 1456) pos=(992, 1472) path=16
marked destination touch VisitKey { scene: 3, area: (1152, 1344), event_id: 47, trigger_script: 33, trigger_mode: 4, state: 1 }
learned exit AreaKey { scene: 3, anchor: (1216, 1408) } event=47 -> AreaKey { scene: 3, anchor: (1152, 1344) }
area teleport in scene 3 at frame 4740: (1248, 1456) -> (1168, 1368)
target scene=3 area=(1152, 1344) event=71 script=8146 mode=1 state=1 player=(1168, 1368) pos=(1296, 1448) path=61
marked destination touch VisitKey { scene: 3, area: (1216, 1408), event_id: 48, trigger_script: 60, trigger_mode: 4, state: 1 }
learned exit AreaKey { scene: 3, anchor: (1152, 1344) } event=48 -> AreaKey { scene: 3, anchor: (1216, 1408) }
area teleport in scene 3 at frame 4757: (1168, 1368) -> (1248, 1456)
continuing target event=71 across area (1216, 1408) path=0
target scene=3 area=(1216, 1408) event=54 script=4647 mode=5 state=1 player=(1248, 1456) pos=(992, 1472) path=16
marked destination touch VisitKey { scene: 3, area: (1152, 1344), event_id: 47, trigger_script: 33, trigger_mode: 4, state: 1 }
learned exit AreaKey { scene: 3, anchor: (1216, 1408) } event=47 -> AreaKey { scene: 3, anchor: (1152, 1344) }
area teleport in scene 3 at frame 4770: (1248, 1456) -> (1168, 1368)
target scene=3 area=(1152, 1344) event=71 script=8146 mode=1 state=1 player=(1168, 1368) pos=(1296, 1448) path=61
marked destination touch VisitKey { scene: 3, area: (1216, 1408), event_id: 48, trigger_script: 60, trigger_mode: 4, state: 1 }
learned exit AreaKey { scene: 3, anchor: (1152, 1344) } event=48 -> AreaKey { scene: 3, anchor: (1216, 1408) }
area teleport in scene 3 at frame 4787: (1168, 1368) -> (1248, 1456)
continuing target event=71 across area (1216, 1408) path=0
target scene=3 area=(1216, 1408) event=54 script=4647 mode=5 state=1 player=(1248, 1456) pos=(992, 1472) path=16
marked destination touch VisitKey { scene: 3, area: (1152, 1344), event_id: 47, trigger_script: 33, trigger_mode: 4, state: 1 }
learned exit AreaKey { scene: 3, anchor: (1216, 1408) } event=47 -> AreaKey { scene: 3, anchor: (1152, 1344) }
area teleport in scene 3 at frame 4800: (1248, 1456) -> (1168, 1368)
target scene=3 area=(1152, 1344) event=71 script=8146 mode=1 state=1 player=(1168, 1368) pos=(1296, 1448) path=61
marked destination touch VisitKey { scene: 3, area: (1216, 1408), event_id: 48, trigger_script: 60, trigger_mode: 4, state: 1 }
learned exit AreaKey { scene: 3, anchor: (1152, 1344) } event=48 -> AreaKey { scene: 3, anchor: (1216, 1408) }
area teleport in scene 3 at frame 4817: (1168, 1368) -> (1248, 1456)
continuing target event=71 across area (1216, 1408) path=0
target scene=3 area=(1216, 1408) event=54 script=4647 mode=5 state=1 player=(1248, 1456) pos=(992, 1472) path=16
marked destination touch VisitKey { scene: 3, area: (1152, 1344), event_id: 47, trigger_script: 33, trigger_mode: 4, state: 1 }
learned exit AreaKey { scene: 3, anchor: (1216, 1408) } event=47 -> AreaKey { scene: 3, anchor: (1152, 1344) }
area teleport in scene 3 at frame 4830: (1248, 1456) -> (1168, 1368)
target scene=3 area=(1152, 1344) event=71 script=8146 mode=1 state=1 player=(1168, 1368) pos=(1296, 1448) path=61
marked destination touch VisitKey { scene: 3, area: (1216, 1408), event_id: 48, trigger_script: 60, trigger_mode: 4, state: 1 }
learned exit AreaKey { scene: 3, anchor: (1152, 1344) } event=48 -> AreaKey { scene: 3, anchor: (1216, 1408) }
area teleport in scene 3 at frame 4847: (1168, 1368) -> (1248, 1456)
continuing target event=71 across area (1216, 1408) path=0
target scene=3 area=(1216, 1408) event=54 script=4647 mode=5 state=1 player=(1248, 1456) pos=(992, 1472) path=16
marked destination touch VisitKey { scene: 3, area: (1152, 1344), event_id: 47, trigger_script: 33, trigger_mode: 4, state: 1 }
learned exit AreaKey { scene: 3, anchor: (1216, 1408) } event=47 -> AreaKey { scene: 3, anchor: (1152, 1344) }
area teleport in scene 3 at frame 4860: (1248, 1456) -> (1168, 1368)
target scene=3 area=(1152, 1344) event=71 script=8146 mode=1 state=1 player=(1168, 1368) pos=(1296, 1448) path=61
marked destination touch VisitKey { scene: 3, area: (1216, 1408), event_id: 48, trigger_script: 60, trigger_mode: 4, state: 1 }
learned exit AreaKey { scene: 3, anchor: (1152, 1344) } event=48 -> AreaKey { scene: 3, anchor: (1216, 1408) }
area teleport in scene 3 at frame 4877: (1168, 1368) -> (1248, 1456)
continuing target event=71 across area (1216, 1408) path=0
target scene=3 area=(1216, 1408) event=54 script=4647 mode=5 state=1 player=(1248, 1456) pos=(992, 1472) path=16
marked destination touch VisitKey { scene: 3, area: (1152, 1344), event_id: 47, trigger_script: 33, trigger_mode: 4, state: 1 }
learned exit AreaKey { scene: 3, anchor: (1216, 1408) } event=47 -> AreaKey { scene: 3, anchor: (1152, 1344) }
area teleport in scene 3 at frame 4890: (1248, 1456) -> (1168, 1368)
target scene=3 area=(1152, 1344) event=71 script=8146 mode=1 state=1 player=(1168, 1368) pos=(1296, 1448) path=61
marked destination touch VisitKey { scene: 3, area: (1216, 1408), event_id: 48, trigger_script: 60, trigger_mode: 4, state: 1 }
learned exit AreaKey { scene: 3, anchor: (1152, 1344) } event=48 -> AreaKey { scene: 3, anchor: (1216, 1408) }
area teleport in scene 3 at frame 4907: (1168, 1368) -> (1248, 1456)
continuing target event=71 across area (1216, 1408) path=0
target scene=3 area=(1216, 1408) event=54 script=4647 mode=5 state=1 player=(1248, 1456) pos=(992, 1472) path=16
marked destination touch VisitKey { scene: 3, area: (1152, 1344), event_id: 47, trigger_script: 33, trigger_mode: 4, state: 1 }
learned exit AreaKey { scene: 3, anchor: (1216, 1408) } event=47 -> AreaKey { scene: 3, anchor: (1152, 1344) }
area teleport in scene 3 at frame 4920: (1248, 1456) -> (1168, 1368)
target scene=3 area=(1152, 1344) event=71 script=8146 mode=1 state=1 player=(1168, 1368) pos=(1296, 1448) path=61
marked destination touch VisitKey { scene: 3, area: (1216, 1408), event_id: 48, trigger_script: 60, trigger_mode: 4, state: 1 }
learned exit AreaKey { scene: 3, anchor: (1152, 1344) } event=48 -> AreaKey { scene: 3, anchor: (1216, 1408) }
area teleport in scene 3 at frame 4937: (1168, 1368) -> (1248, 1456)
continuing target event=71 across area (1216, 1408) path=0
target scene=3 area=(1216, 1408) event=54 script=4647 mode=5 state=1 player=(1248, 1456) pos=(992, 1472) path=16
marked destination touch VisitKey { scene: 3, area: (1152, 1344), event_id: 47, trigger_script: 33, trigger_mode: 4, state: 1 }
learned exit AreaKey { scene: 3, anchor: (1216, 1408) } event=47 -> AreaKey { scene: 3, anchor: (1152, 1344) }
area teleport in scene 3 at frame 4950: (1248, 1456) -> (1168, 1368)
target scene=3 area=(1152, 1344) event=71 script=8146 mode=1 state=1 player=(1168, 1368) pos=(1296, 1448) path=61
marked destination touch VisitKey { scene: 3, area: (1216, 1408), event_id: 48, trigger_script: 60, trigger_mode: 4, state: 1 }
learned exit AreaKey { scene: 3, anchor: (1152, 1344) } event=48 -> AreaKey { scene: 3, anchor: (1216, 1408) }
area teleport in scene 3 at frame 4967: (1168, 1368) -> (1248, 1456)
continuing target event=71 across area (1216, 1408) path=0
target scene=3 area=(1216, 1408) event=54 script=4647 mode=5 state=1 player=(1248, 1456) pos=(992, 1472) path=16
marked destination touch VisitKey { scene: 3, area: (1152, 1344), event_id: 47, trigger_script: 33, trigger_mode: 4, state: 1 }
learned exit AreaKey { scene: 3, anchor: (1216, 1408) } event=47 -> AreaKey { scene: 3, anchor: (1152, 1344) }
area teleport in scene 3 at frame 4980: (1248, 1456) -> (1168, 1368)
target scene=3 area=(1152, 1344) event=71 script=8146 mode=1 state=1 player=(1168, 1368) pos=(1296, 1448) path=61
marked destination touch VisitKey { scene: 3, area: (1216, 1408), event_id: 48, trigger_script: 60, trigger_mode: 4, state: 1 }
learned exit AreaKey { scene: 3, anchor: (1152, 1344) } event=48 -> AreaKey { scene: 3, anchor: (1216, 1408) }
area teleport in scene 3 at frame 4997: (1168, 1368) -> (1248, 1456)
continuing target event=71 across area (1216, 1408) path=0
target scene=3 area=(1216, 1408) event=54 script=4647 mode=5 state=1 player=(1248, 1456) pos=(992, 1472) path=16
marked destination touch VisitKey { scene: 3, area: (1152, 1344), event_id: 47, trigger_script: 33, trigger_mode: 4, state: 1 }
learned exit AreaKey { scene: 3, anchor: (1216, 1408) } event=47 -> AreaKey { scene: 3, anchor: (1152, 1344) }
area teleport in scene 3 at frame 5010: (1248, 1456) -> (1168, 1368)
target scene=3 area=(1152, 1344) event=71 script=8146 mode=1 state=1 player=(1168, 1368) pos=(1296, 1448) path=61
marked destination touch VisitKey { scene: 3, area: (1216, 1408), event_id: 48, trigger_script: 60, trigger_mode: 4, state: 1 }
learned exit AreaKey { scene: 3, anchor: (1152, 1344) } event=48 -> AreaKey { scene: 3, anchor: (1216, 1408) }
area teleport in scene 3 at frame 5027: (1168, 1368) -> (1248, 1456)
continuing target event=71 across area (1216, 1408) path=0
target scene=3 area=(1216, 1408) event=54 script=4647 mode=5 state=1 player=(1248, 1456) pos=(992, 1472) path=16
marked destination touch VisitKey { scene: 3, area: (1152, 1344), event_id: 47, trigger_script: 33, trigger_mode: 4, state: 1 }
learned exit AreaKey { scene: 3, anchor: (1216, 1408) } event=47 -> AreaKey { scene: 3, anchor: (1152, 1344) }
area teleport in scene 3 at frame 5040: (1248, 1456) -> (1168, 1368)
target scene=3 area=(1152, 1344) event=71 script=8146 mode=1 state=1 player=(1168, 1368) pos=(1296, 1448) path=61
marked destination touch VisitKey { scene: 3, area: (1216, 1408), event_id: 48, trigger_script: 60, trigger_mode: 4, state: 1 }
learned exit AreaKey { scene: 3, anchor: (1152, 1344) } event=48 -> AreaKey { scene: 3, anchor: (1216, 1408) }
area teleport in scene 3 at frame 5057: (1168, 1368) -> (1248, 1456)
continuing target event=71 across area (1216, 1408) path=0
target scene=3 area=(1216, 1408) event=54 script=4647 mode=5 state=1 player=(1248, 1456) pos=(992, 1472) path=16
marked destination touch VisitKey { scene: 3, area: (1152, 1344), event_id: 47, trigger_script: 33, trigger_mode: 4, state: 1 }
learned exit AreaKey { scene: 3, anchor: (1216, 1408) } event=47 -> AreaKey { scene: 3, anchor: (1152, 1344) }
area teleport in scene 3 at frame 5070: (1248, 1456) -> (1168, 1368)
target scene=3 area=(1152, 1344) event=71 script=8146 mode=1 state=1 player=(1168, 1368) pos=(1296, 1448) path=61
marked destination touch VisitKey { scene: 3, area: (1216, 1408), event_id: 48, trigger_script: 60, trigger_mode: 4, state: 1 }
learned exit AreaKey { scene: 3, anchor: (1152, 1344) } event=48 -> AreaKey { scene: 3, anchor: (1216, 1408) }
area teleport in scene 3 at frame 5087: (1168, 1368) -> (1248, 1456)
continuing target event=71 across area (1216, 1408) path=0
target scene=3 area=(1216, 1408) event=54 script=4647 mode=5 state=1 player=(1248, 1456) pos=(992, 1472) path=16
marked destination touch VisitKey { scene: 3, area: (1152, 1344), event_id: 47, trigger_script: 33, trigger_mode: 4, state: 1 }
learned exit AreaKey { scene: 3, anchor: (1216, 1408) } event=47 -> AreaKey { scene: 3, anchor: (1152, 1344) }
area teleport in scene 3 at frame 5100: (1248, 1456) -> (1168, 1368)
target scene=3 area=(1152, 1344) event=71 script=8146 mode=1 state=1 player=(1168, 1368) pos=(1296, 1448) path=61
marked destination touch VisitKey { scene: 3, area: (1216, 1408), event_id: 48, trigger_script: 60, trigger_mode: 4, state: 1 }
learned exit AreaKey { scene: 3, anchor: (1152, 1344) } event=48 -> AreaKey { scene: 3, anchor: (1216, 1408) }
area teleport in scene 3 at frame 5117: (1168, 1368) -> (1248, 1456)
continuing target event=71 across area (1216, 1408) path=0
target scene=3 area=(1216, 1408) event=54 script=4647 mode=5 state=1 player=(1248, 1456) pos=(992, 1472) path=16
marked destination touch VisitKey { scene: 3, area: (1152, 1344), event_id: 47, trigger_script: 33, trigger_mode: 4, state: 1 }
learned exit AreaKey { scene: 3, anchor: (1216, 1408) } event=47 -> AreaKey { scene: 3, anchor: (1152, 1344) }
area teleport in scene 3 at frame 5130: (1248, 1456) -> (1168, 1368)
target scene=3 area=(1152, 1344) event=71 script=8146 mode=1 state=1 player=(1168, 1368) pos=(1296, 1448) path=61
marked destination touch VisitKey { scene: 3, area: (1216, 1408), event_id: 48, trigger_script: 60, trigger_mode: 4, state: 1 }
learned exit AreaKey { scene: 3, anchor: (1152, 1344) } event=48 -> AreaKey { scene: 3, anchor: (1216, 1408) }
area teleport in scene 3 at frame 5147: (1168, 1368) -> (1248, 1456)
continuing target event=71 across area (1216, 1408) path=0
target scene=3 area=(1216, 1408) event=54 script=4647 mode=5 state=1 player=(1248, 1456) pos=(992, 1472) path=16
marked destination touch VisitKey { scene: 3, area: (1152, 1344), event_id: 47, trigger_script: 33, trigger_mode: 4, state: 1 }
learned exit AreaKey { scene: 3, anchor: (1216, 1408) } event=47 -> AreaKey { scene: 3, anchor: (1152, 1344) }
area teleport in scene 3 at frame 5160: (1248, 1456) -> (1168, 1368)
target scene=3 area=(1152, 1344) event=71 script=8146 mode=1 state=1 player=(1168, 1368) pos=(1296, 1448) path=61
marked destination touch VisitKey { scene: 3, area: (1216, 1408), event_id: 48, trigger_script: 60, trigger_mode: 4, state: 1 }
learned exit AreaKey { scene: 3, anchor: (1152, 1344) } event=48 -> AreaKey { scene: 3, anchor: (1216, 1408) }
area teleport in scene 3 at frame 5177: (1168, 1368) -> (1248, 1456)
continuing target event=71 across area (1216, 1408) path=0
target scene=3 area=(1216, 1408) event=54 script=4647 mode=5 state=1 player=(1248, 1456) pos=(992, 1472) path=16
marked destination touch VisitKey { scene: 3, area: (1152, 1344), event_id: 47, trigger_script: 33, trigger_mode: 4, state: 1 }
learned exit AreaKey { scene: 3, anchor: (1216, 1408) } event=47 -> AreaKey { scene: 3, anchor: (1152, 1344) }
area teleport in scene 3 at frame 5190: (1248, 1456) -> (1168, 1368)
target scene=3 area=(1152, 1344) event=71 script=8146 mode=1 state=1 player=(1168, 1368) pos=(1296, 1448) path=61
marked destination touch VisitKey { scene: 3, area: (1216, 1408), event_id: 48, trigger_script: 60, trigger_mode: 4, state: 1 }
learned exit AreaKey { scene: 3, anchor: (1152, 1344) } event=48 -> AreaKey { scene: 3, anchor: (1216, 1408) }
area teleport in scene 3 at frame 5207: (1168, 1368) -> (1248, 1456)
continuing target event=71 across area (1216, 1408) path=0
target scene=3 area=(1216, 1408) event=54 script=4647 mode=5 state=1 player=(1248, 1456) pos=(992, 1472) path=16
marked destination touch VisitKey { scene: 3, area: (1152, 1344), event_id: 47, trigger_script: 33, trigger_mode: 4, state: 1 }
learned exit AreaKey { scene: 3, anchor: (1216, 1408) } event=47 -> AreaKey { scene: 3, anchor: (1152, 1344) }
area teleport in scene 3 at frame 5220: (1248, 1456) -> (1168, 1368)
target scene=3 area=(1152, 1344) event=71 script=8146 mode=1 state=1 player=(1168, 1368) pos=(1296, 1448) path=61
marked destination touch VisitKey { scene: 3, area: (1216, 1408), event_id: 48, trigger_script: 60, trigger_mode: 4, state: 1 }
learned exit AreaKey { scene: 3, anchor: (1152, 1344) } event=48 -> AreaKey { scene: 3, anchor: (1216, 1408) }
area teleport in scene 3 at frame 5237: (1168, 1368) -> (1248, 1456)
continuing target event=71 across area (1216, 1408) path=0
target scene=3 area=(1216, 1408) event=54 script=4647 mode=5 state=1 player=(1248, 1456) pos=(992, 1472) path=16
marked destination touch VisitKey { scene: 3, area: (1152, 1344), event_id: 47, trigger_script: 33, trigger_mode: 4, state: 1 }
learned exit AreaKey { scene: 3, anchor: (1216, 1408) } event=47 -> AreaKey { scene: 3, anchor: (1152, 1344) }
area teleport in scene 3 at frame 5250: (1248, 1456) -> (1168, 1368)
target scene=3 area=(1152, 1344) event=71 script=8146 mode=1 state=1 player=(1168, 1368) pos=(1296, 1448) path=61
marked destination touch VisitKey { scene: 3, area: (1216, 1408), event_id: 48, trigger_script: 60, trigger_mode: 4, state: 1 }
learned exit AreaKey { scene: 3, anchor: (1152, 1344) } event=48 -> AreaKey { scene: 3, anchor: (1216, 1408) }
area teleport in scene 3 at frame 5267: (1168, 1368) -> (1248, 1456)
continuing target event=71 across area (1216, 1408) path=0
target scene=3 area=(1216, 1408) event=54 script=4647 mode=5 state=1 player=(1248, 1456) pos=(992, 1472) path=16
marked destination touch VisitKey { scene: 3, area: (1152, 1344), event_id: 47, trigger_script: 33, trigger_mode: 4, state: 1 }
learned exit AreaKey { scene: 3, anchor: (1216, 1408) } event=47 -> AreaKey { scene: 3, anchor: (1152, 1344) }
area teleport in scene 3 at frame 5280: (1248, 1456) -> (1168, 1368)
target scene=3 area=(1152, 1344) event=71 script=8146 mode=1 state=1 player=(1168, 1368) pos=(1296, 1448) path=61
marked destination touch VisitKey { scene: 3, area: (1216, 1408), event_id: 48, trigger_script: 60, trigger_mode: 4, state: 1 }
learned exit AreaKey { scene: 3, anchor: (1152, 1344) } event=48 -> AreaKey { scene: 3, anchor: (1216, 1408) }
area teleport in scene 3 at frame 5297: (1168, 1368) -> (1248, 1456)
continuing target event=71 across area (1216, 1408) path=0
target scene=3 area=(1216, 1408) event=54 script=4647 mode=5 state=1 player=(1248, 1456) pos=(992, 1472) path=16
marked destination touch VisitKey { scene: 3, area: (1152, 1344), event_id: 47, trigger_script: 33, trigger_mode: 4, state: 1 }
learned exit AreaKey { scene: 3, anchor: (1216, 1408) } event=47 -> AreaKey { scene: 3, anchor: (1152, 1344) }
area teleport in scene 3 at frame 5310: (1248, 1456) -> (1168, 1368)
target scene=3 area=(1152, 1344) event=71 script=8146 mode=1 state=1 player=(1168, 1368) pos=(1296, 1448) path=61
marked destination touch VisitKey { scene: 3, area: (1216, 1408), event_id: 48, trigger_script: 60, trigger_mode: 4, state: 1 }
learned exit AreaKey { scene: 3, anchor: (1152, 1344) } event=48 -> AreaKey { scene: 3, anchor: (1216, 1408) }
area teleport in scene 3 at frame 5327: (1168, 1368) -> (1248, 1456)
continuing target event=71 across area (1216, 1408) path=0
target scene=3 area=(1216, 1408) event=54 script=4647 mode=5 state=1 player=(1248, 1456) pos=(992, 1472) path=16
marked destination touch VisitKey { scene: 3, area: (1152, 1344), event_id: 47, trigger_script: 33, trigger_mode: 4, state: 1 }
learned exit AreaKey { scene: 3, anchor: (1216, 1408) } event=47 -> AreaKey { scene: 3, anchor: (1152, 1344) }
area teleport in scene 3 at frame 5340: (1248, 1456) -> (1168, 1368)
target scene=3 area=(1152, 1344) event=71 script=8146 mode=1 state=1 player=(1168, 1368) pos=(1296, 1448) path=61
marked destination touch VisitKey { scene: 3, area: (1216, 1408), event_id: 48, trigger_script: 60, trigger_mode: 4, state: 1 }
learned exit AreaKey { scene: 3, anchor: (1152, 1344) } event=48 -> AreaKey { scene: 3, anchor: (1216, 1408) }
area teleport in scene 3 at frame 5357: (1168, 1368) -> (1248, 1456)
continuing target event=71 across area (1216, 1408) path=0
target scene=3 area=(1216, 1408) event=54 script=4647 mode=5 state=1 player=(1248, 1456) pos=(992, 1472) path=16
marked destination touch VisitKey { scene: 3, area: (1152, 1344), event_id: 47, trigger_script: 33, trigger_mode: 4, state: 1 }
learned exit AreaKey { scene: 3, anchor: (1216, 1408) } event=47 -> AreaKey { scene: 3, anchor: (1152, 1344) }
area teleport in scene 3 at frame 5370: (1248, 1456) -> (1168, 1368)
target scene=3 area=(1152, 1344) event=71 script=8146 mode=1 state=1 player=(1168, 1368) pos=(1296, 1448) path=61
marked destination touch VisitKey { scene: 3, area: (1216, 1408), event_id: 48, trigger_script: 60, trigger_mode: 4, state: 1 }
learned exit AreaKey { scene: 3, anchor: (1152, 1344) } event=48 -> AreaKey { scene: 3, anchor: (1216, 1408) }
area teleport in scene 3 at frame 5387: (1168, 1368) -> (1248, 1456)
continuing target event=71 across area (1216, 1408) path=0
target scene=3 area=(1216, 1408) event=54 script=4647 mode=5 state=1 player=(1248, 1456) pos=(992, 1472) path=16
marked destination touch VisitKey { scene: 3, area: (1152, 1344), event_id: 47, trigger_script: 33, trigger_mode: 4, state: 1 }
learned exit AreaKey { scene: 3, anchor: (1216, 1408) } event=47 -> AreaKey { scene: 3, anchor: (1152, 1344) }
area teleport in scene 3 at frame 5400: (1248, 1456) -> (1168, 1368)
target scene=3 area=(1152, 1344) event=71 script=8146 mode=1 state=1 player=(1168, 1368) pos=(1296, 1448) path=61
marked destination touch VisitKey { scene: 3, area: (1216, 1408), event_id: 48, trigger_script: 60, trigger_mode: 4, state: 1 }
learned exit AreaKey { scene: 3, anchor: (1152, 1344) } event=48 -> AreaKey { scene: 3, anchor: (1216, 1408) }
area teleport in scene 3 at frame 5417: (1168, 1368) -> (1248, 1456)
continuing target event=71 across area (1216, 1408) path=0
target scene=3 area=(1216, 1408) event=54 script=4647 mode=5 state=1 player=(1248, 1456) pos=(992, 1472) path=16
marked destination touch VisitKey { scene: 3, area: (1152, 1344), event_id: 47, trigger_script: 33, trigger_mode: 4, state: 1 }
learned exit AreaKey { scene: 3, anchor: (1216, 1408) } event=47 -> AreaKey { scene: 3, anchor: (1152, 1344) }
area teleport in scene 3 at frame 5430: (1248, 1456) -> (1168, 1368)
target scene=3 area=(1152, 1344) event=71 script=8146 mode=1 state=1 player=(1168, 1368) pos=(1296, 1448) path=61
marked destination touch VisitKey { scene: 3, area: (1216, 1408), event_id: 48, trigger_script: 60, trigger_mode: 4, state: 1 }
learned exit AreaKey { scene: 3, anchor: (1152, 1344) } event=48 -> AreaKey { scene: 3, anchor: (1216, 1408) }
area teleport in scene 3 at frame 5447: (1168, 1368) -> (1248, 1456)
continuing target event=71 across area (1216, 1408) path=0
target scene=3 area=(1216, 1408) event=54 script=4647 mode=5 state=1 player=(1248, 1456) pos=(992, 1472) path=16
marked destination touch VisitKey { scene: 3, area: (1152, 1344), event_id: 47, trigger_script: 33, trigger_mode: 4, state: 1 }
learned exit AreaKey { scene: 3, anchor: (1216, 1408) } event=47 -> AreaKey { scene: 3, anchor: (1152, 1344) }
area teleport in scene 3 at frame 5460: (1248, 1456) -> (1168, 1368)
target scene=3 area=(1152, 1344) event=71 script=8146 mode=1 state=1 player=(1168, 1368) pos=(1296, 1448) path=61
marked destination touch VisitKey { scene: 3, area: (1216, 1408), event_id: 48, trigger_script: 60, trigger_mode: 4, state: 1 }
learned exit AreaKey { scene: 3, anchor: (1152, 1344) } event=48 -> AreaKey { scene: 3, anchor: (1216, 1408) }
area teleport in scene 3 at frame 5477: (1168, 1368) -> (1248, 1456)
continuing target event=71 across area (1216, 1408) path=0
target scene=3 area=(1216, 1408) event=54 script=4647 mode=5 state=1 player=(1248, 1456) pos=(992, 1472) path=16
marked destination touch VisitKey { scene: 3, area: (1152, 1344), event_id: 47, trigger_script: 33, trigger_mode: 4, state: 1 }
learned exit AreaKey { scene: 3, anchor: (1216, 1408) } event=47 -> AreaKey { scene: 3, anchor: (1152, 1344) }
area teleport in scene 3 at frame 5490: (1248, 1456) -> (1168, 1368)
target scene=3 area=(1152, 1344) event=71 script=8146 mode=1 state=1 player=(1168, 1368) pos=(1296, 1448) path=61
marked destination touch VisitKey { scene: 3, area: (1216, 1408), event_id: 48, trigger_script: 60, trigger_mode: 4, state: 1 }
learned exit AreaKey { scene: 3, anchor: (1152, 1344) } event=48 -> AreaKey { scene: 3, anchor: (1216, 1408) }
area teleport in scene 3 at frame 5507: (1168, 1368) -> (1248, 1456)
continuing target event=71 across area (1216, 1408) path=0
target scene=3 area=(1216, 1408) event=54 script=4647 mode=5 state=1 player=(1248, 1456) pos=(992, 1472) path=16
marked destination touch VisitKey { scene: 3, area: (1152, 1344), event_id: 47, trigger_script: 33, trigger_mode: 4, state: 1 }
learned exit AreaKey { scene: 3, anchor: (1216, 1408) } event=47 -> AreaKey { scene: 3, anchor: (1152, 1344) }
area teleport in scene 3 at frame 5520: (1248, 1456) -> (1168, 1368)
target scene=3 area=(1152, 1344) event=71 script=8146 mode=1 state=1 player=(1168, 1368) pos=(1296, 1448) path=61
marked destination touch VisitKey { scene: 3, area: (1216, 1408), event_id: 48, trigger_script: 60, trigger_mode: 4, state: 1 }
learned exit AreaKey { scene: 3, anchor: (1152, 1344) } event=48 -> AreaKey { scene: 3, anchor: (1216, 1408) }
area teleport in scene 3 at frame 5537: (1168, 1368) -> (1248, 1456)
continuing target event=71 across area (1216, 1408) path=0
target scene=3 area=(1216, 1408) event=54 script=4647 mode=5 state=1 player=(1248, 1456) pos=(992, 1472) path=16
marked destination touch VisitKey { scene: 3, area: (1152, 1344), event_id: 47, trigger_script: 33, trigger_mode: 4, state: 1 }
learned exit AreaKey { scene: 3, anchor: (1216, 1408) } event=47 -> AreaKey { scene: 3, anchor: (1152, 1344) }
area teleport in scene 3 at frame 5550: (1248, 1456) -> (1168, 1368)
target scene=3 area=(1152, 1344) event=71 script=8146 mode=1 state=1 player=(1168, 1368) pos=(1296, 1448) path=61
marked destination touch VisitKey { scene: 3, area: (1216, 1408), event_id: 48, trigger_script: 60, trigger_mode: 4, state: 1 }
learned exit AreaKey { scene: 3, anchor: (1152, 1344) } event=48 -> AreaKey { scene: 3, anchor: (1216, 1408) }
area teleport in scene 3 at frame 5567: (1168, 1368) -> (1248, 1456)
continuing target event=71 across area (1216, 1408) path=0
target scene=3 area=(1216, 1408) event=54 script=4647 mode=5 state=1 player=(1248, 1456) pos=(992, 1472) path=16
marked destination touch VisitKey { scene: 3, area: (1152, 1344), event_id: 47, trigger_script: 33, trigger_mode: 4, state: 1 }
learned exit AreaKey { scene: 3, anchor: (1216, 1408) } event=47 -> AreaKey { scene: 3, anchor: (1152, 1344) }
area teleport in scene 3 at frame 5580: (1248, 1456) -> (1168, 1368)
target scene=3 area=(1152, 1344) event=71 script=8146 mode=1 state=1 player=(1168, 1368) pos=(1296, 1448) path=61
marked destination touch VisitKey { scene: 3, area: (1216, 1408), event_id: 48, trigger_script: 60, trigger_mode: 4, state: 1 }
learned exit AreaKey { scene: 3, anchor: (1152, 1344) } event=48 -> AreaKey { scene: 3, anchor: (1216, 1408) }
area teleport in scene 3 at frame 5597: (1168, 1368) -> (1248, 1456)
continuing target event=71 across area (1216, 1408) path=0
target scene=3 area=(1216, 1408) event=54 script=4647 mode=5 state=1 player=(1248, 1456) pos=(992, 1472) path=16
marked destination touch VisitKey { scene: 3, area: (1152, 1344), event_id: 47, trigger_script: 33, trigger_mode: 4, state: 1 }
learned exit AreaKey { scene: 3, anchor: (1216, 1408) } event=47 -> AreaKey { scene: 3, anchor: (1152, 1344) }
area teleport in scene 3 at frame 5610: (1248, 1456) -> (1168, 1368)
target scene=3 area=(1152, 1344) event=71 script=8146 mode=1 state=1 player=(1168, 1368) pos=(1296, 1448) path=61
marked destination touch VisitKey { scene: 3, area: (1216, 1408), event_id: 48, trigger_script: 60, trigger_mode: 4, state: 1 }
learned exit AreaKey { scene: 3, anchor: (1152, 1344) } event=48 -> AreaKey { scene: 3, anchor: (1216, 1408) }
area teleport in scene 3 at frame 5627: (1168, 1368) -> (1248, 1456)
continuing target event=71 across area (1216, 1408) path=0
target scene=3 area=(1216, 1408) event=54 script=4647 mode=5 state=1 player=(1248, 1456) pos=(992, 1472) path=16
marked destination touch VisitKey { scene: 3, area: (1152, 1344), event_id: 47, trigger_script: 33, trigger_mode: 4, state: 1 }
learned exit AreaKey { scene: 3, anchor: (1216, 1408) } event=47 -> AreaKey { scene: 3, anchor: (1152, 1344) }
area teleport in scene 3 at frame 5640: (1248, 1456) -> (1168, 1368)
target scene=3 area=(1152, 1344) event=71 script=8146 mode=1 state=1 player=(1168, 1368) pos=(1296, 1448) path=61
marked destination touch VisitKey { scene: 3, area: (1216, 1408), event_id: 48, trigger_script: 60, trigger_mode: 4, state: 1 }
learned exit AreaKey { scene: 3, anchor: (1152, 1344) } event=48 -> AreaKey { scene: 3, anchor: (1216, 1408) }
area teleport in scene 3 at frame 5657: (1168, 1368) -> (1248, 1456)
continuing target event=71 across area (1216, 1408) path=0
target scene=3 area=(1216, 1408) event=54 script=4647 mode=5 state=1 player=(1248, 1456) pos=(992, 1472) path=16
marked destination touch VisitKey { scene: 3, area: (1152, 1344), event_id: 47, trigger_script: 33, trigger_mode: 4, state: 1 }
learned exit AreaKey { scene: 3, anchor: (1216, 1408) } event=47 -> AreaKey { scene: 3, anchor: (1152, 1344) }
area teleport in scene 3 at frame 5670: (1248, 1456) -> (1168, 1368)
target scene=3 area=(1152, 1344) event=71 script=8146 mode=1 state=1 player=(1168, 1368) pos=(1296, 1448) path=61
marked destination touch VisitKey { scene: 3, area: (1216, 1408), event_id: 48, trigger_script: 60, trigger_mode: 4, state: 1 }
learned exit AreaKey { scene: 3, anchor: (1152, 1344) } event=48 -> AreaKey { scene: 3, anchor: (1216, 1408) }
area teleport in scene 3 at frame 5687: (1168, 1368) -> (1248, 1456)
continuing target event=71 across area (1216, 1408) path=0
target scene=3 area=(1216, 1408) event=54 script=4647 mode=5 state=1 player=(1248, 1456) pos=(992, 1472) path=16
marked destination touch VisitKey { scene: 3, area: (1152, 1344), event_id: 47, trigger_script: 33, trigger_mode: 4, state: 1 }
learned exit AreaKey { scene: 3, anchor: (1216, 1408) } event=47 -> AreaKey { scene: 3, anchor: (1152, 1344) }
area teleport in scene 3 at frame 5700: (1248, 1456) -> (1168, 1368)
target scene=3 area=(1152, 1344) event=71 script=8146 mode=1 state=1 player=(1168, 1368) pos=(1296, 1448) path=61
marked destination touch VisitKey { scene: 3, area: (1216, 1408), event_id: 48, trigger_script: 60, trigger_mode: 4, state: 1 }
learned exit AreaKey { scene: 3, anchor: (1152, 1344) } event=48 -> AreaKey { scene: 3, anchor: (1216, 1408) }
area teleport in scene 3 at frame 5717: (1168, 1368) -> (1248, 1456)
continuing target event=71 across area (1216, 1408) path=0
target scene=3 area=(1216, 1408) event=54 script=4647 mode=5 state=1 player=(1248, 1456) pos=(992, 1472) path=16
marked destination touch VisitKey { scene: 3, area: (1152, 1344), event_id: 47, trigger_script: 33, trigger_mode: 4, state: 1 }
learned exit AreaKey { scene: 3, anchor: (1216, 1408) } event=47 -> AreaKey { scene: 3, anchor: (1152, 1344) }
area teleport in scene 3 at frame 5730: (1248, 1456) -> (1168, 1368)
target scene=3 area=(1152, 1344) event=71 script=8146 mode=1 state=1 player=(1168, 1368) pos=(1296, 1448) path=61
marked destination touch VisitKey { scene: 3, area: (1216, 1408), event_id: 48, trigger_script: 60, trigger_mode: 4, state: 1 }
learned exit AreaKey { scene: 3, anchor: (1152, 1344) } event=48 -> AreaKey { scene: 3, anchor: (1216, 1408) }
area teleport in scene 3 at frame 5747: (1168, 1368) -> (1248, 1456)
continuing target event=71 across area (1216, 1408) path=0
target scene=3 area=(1216, 1408) event=54 script=4647 mode=5 state=1 player=(1248, 1456) pos=(992, 1472) path=16
marked destination touch VisitKey { scene: 3, area: (1152, 1344), event_id: 47, trigger_script: 33, trigger_mode: 4, state: 1 }
learned exit AreaKey { scene: 3, anchor: (1216, 1408) } event=47 -> AreaKey { scene: 3, anchor: (1152, 1344) }
area teleport in scene 3 at frame 5760: (1248, 1456) -> (1168, 1368)
target scene=3 area=(1152, 1344) event=71 script=8146 mode=1 state=1 player=(1168, 1368) pos=(1296, 1448) path=61
marked destination touch VisitKey { scene: 3, area: (1216, 1408), event_id: 48, trigger_script: 60, trigger_mode: 4, state: 1 }
learned exit AreaKey { scene: 3, anchor: (1152, 1344) } event=48 -> AreaKey { scene: 3, anchor: (1216, 1408) }
area teleport in scene 3 at frame 5777: (1168, 1368) -> (1248, 1456)
continuing target event=71 across area (1216, 1408) path=0
target scene=3 area=(1216, 1408) event=54 script=4647 mode=5 state=1 player=(1248, 1456) pos=(992, 1472) path=16
marked destination touch VisitKey { scene: 3, area: (1152, 1344), event_id: 47, trigger_script: 33, trigger_mode: 4, state: 1 }
learned exit AreaKey { scene: 3, anchor: (1216, 1408) } event=47 -> AreaKey { scene: 3, anchor: (1152, 1344) }
area teleport in scene 3 at frame 5790: (1248, 1456) -> (1168, 1368)
target scene=3 area=(1152, 1344) event=71 script=8146 mode=1 state=1 player=(1168, 1368) pos=(1296, 1448) path=61
marked destination touch VisitKey { scene: 3, area: (1216, 1408), event_id: 48, trigger_script: 60, trigger_mode: 4, state: 1 }
learned exit AreaKey { scene: 3, anchor: (1152, 1344) } event=48 -> AreaKey { scene: 3, anchor: (1216, 1408) }
area teleport in scene 3 at frame 5807: (1168, 1368) -> (1248, 1456)
continuing target event=71 across area (1216, 1408) path=0
target scene=3 area=(1216, 1408) event=54 script=4647 mode=5 state=1 player=(1248, 1456) pos=(992, 1472) path=16
marked destination touch VisitKey { scene: 3, area: (1152, 1344), event_id: 47, trigger_script: 33, trigger_mode: 4, state: 1 }
learned exit AreaKey { scene: 3, anchor: (1216, 1408) } event=47 -> AreaKey { scene: 3, anchor: (1152, 1344) }
area teleport in scene 3 at frame 5820: (1248, 1456) -> (1168, 1368)
target scene=3 area=(1152, 1344) event=71 script=8146 mode=1 state=1 player=(1168, 1368) pos=(1296, 1448) path=61
marked destination touch VisitKey { scene: 3, area: (1216, 1408), event_id: 48, trigger_script: 60, trigger_mode: 4, state: 1 }
learned exit AreaKey { scene: 3, anchor: (1152, 1344) } event=48 -> AreaKey { scene: 3, anchor: (1216, 1408) }
area teleport in scene 3 at frame 5837: (1168, 1368) -> (1248, 1456)
continuing target event=71 across area (1216, 1408) path=0
target scene=3 area=(1216, 1408) event=54 script=4647 mode=5 state=1 player=(1248, 1456) pos=(992, 1472) path=16
marked destination touch VisitKey { scene: 3, area: (1152, 1344), event_id: 47, trigger_script: 33, trigger_mode: 4, state: 1 }
learned exit AreaKey { scene: 3, anchor: (1216, 1408) } event=47 -> AreaKey { scene: 3, anchor: (1152, 1344) }
area teleport in scene 3 at frame 5850: (1248, 1456) -> (1168, 1368)
target scene=3 area=(1152, 1344) event=71 script=8146 mode=1 state=1 player=(1168, 1368) pos=(1296, 1448) path=61
marked destination touch VisitKey { scene: 3, area: (1216, 1408), event_id: 48, trigger_script: 60, trigger_mode: 4, state: 1 }
learned exit AreaKey { scene: 3, anchor: (1152, 1344) } event=48 -> AreaKey { scene: 3, anchor: (1216, 1408) }
area teleport in scene 3 at frame 5867: (1168, 1368) -> (1248, 1456)
continuing target event=71 across area (1216, 1408) path=0
target scene=3 area=(1216, 1408) event=54 script=4647 mode=5 state=1 player=(1248, 1456) pos=(992, 1472) path=16
marked destination touch VisitKey { scene: 3, area: (1152, 1344), event_id: 47, trigger_script: 33, trigger_mode: 4, state: 1 }
learned exit AreaKey { scene: 3, anchor: (1216, 1408) } event=47 -> AreaKey { scene: 3, anchor: (1152, 1344) }
area teleport in scene 3 at frame 5880: (1248, 1456) -> (1168, 1368)
target scene=3 area=(1152, 1344) event=71 script=8146 mode=1 state=1 player=(1168, 1368) pos=(1296, 1448) path=61
marked destination touch VisitKey { scene: 3, area: (1216, 1408), event_id: 48, trigger_script: 60, trigger_mode: 4, state: 1 }
learned exit AreaKey { scene: 3, anchor: (1152, 1344) } event=48 -> AreaKey { scene: 3, anchor: (1216, 1408) }
area teleport in scene 3 at frame 5897: (1168, 1368) -> (1248, 1456)
continuing target event=71 across area (1216, 1408) path=0
target scene=3 area=(1216, 1408) event=54 script=4647 mode=5 state=1 player=(1248, 1456) pos=(992, 1472) path=16
marked destination touch VisitKey { scene: 3, area: (1152, 1344), event_id: 47, trigger_script: 33, trigger_mode: 4, state: 1 }
learned exit AreaKey { scene: 3, anchor: (1216, 1408) } event=47 -> AreaKey { scene: 3, anchor: (1152, 1344) }
area teleport in scene 3 at frame 5910: (1248, 1456) -> (1168, 1368)
target scene=3 area=(1152, 1344) event=71 script=8146 mode=1 state=1 player=(1168, 1368) pos=(1296, 1448) path=61
marked destination touch VisitKey { scene: 3, area: (1216, 1408), event_id: 48, trigger_script: 60, trigger_mode: 4, state: 1 }
learned exit AreaKey { scene: 3, anchor: (1152, 1344) } event=48 -> AreaKey { scene: 3, anchor: (1216, 1408) }
area teleport in scene 3 at frame 5927: (1168, 1368) -> (1248, 1456)
continuing target event=71 across area (1216, 1408) path=0
target scene=3 area=(1216, 1408) event=54 script=4647 mode=5 state=1 player=(1248, 1456) pos=(992, 1472) path=16
marked destination touch VisitKey { scene: 3, area: (1152, 1344), event_id: 47, trigger_script: 33, trigger_mode: 4, state: 1 }
learned exit AreaKey { scene: 3, anchor: (1216, 1408) } event=47 -> AreaKey { scene: 3, anchor: (1152, 1344) }
area teleport in scene 3 at frame 5940: (1248, 1456) -> (1168, 1368)
target scene=3 area=(1152, 1344) event=71 script=8146 mode=1 state=1 player=(1168, 1368) pos=(1296, 1448) path=61
marked destination touch VisitKey { scene: 3, area: (1216, 1408), event_id: 48, trigger_script: 60, trigger_mode: 4, state: 1 }
learned exit AreaKey { scene: 3, anchor: (1152, 1344) } event=48 -> AreaKey { scene: 3, anchor: (1216, 1408) }
area teleport in scene 3 at frame 5957: (1168, 1368) -> (1248, 1456)
continuing target event=71 across area (1216, 1408) path=0
target scene=3 area=(1216, 1408) event=54 script=4647 mode=5 state=1 player=(1248, 1456) pos=(992, 1472) path=16
marked destination touch VisitKey { scene: 3, area: (1152, 1344), event_id: 47, trigger_script: 33, trigger_mode: 4, state: 1 }
learned exit AreaKey { scene: 3, anchor: (1216, 1408) } event=47 -> AreaKey { scene: 3, anchor: (1152, 1344) }
area teleport in scene 3 at frame 5970: (1248, 1456) -> (1168, 1368)
target scene=3 area=(1152, 1344) event=71 script=8146 mode=1 state=1 player=(1168, 1368) pos=(1296, 1448) path=61
marked destination touch VisitKey { scene: 3, area: (1216, 1408), event_id: 48, trigger_script: 60, trigger_mode: 4, state: 1 }
learned exit AreaKey { scene: 3, anchor: (1152, 1344) } event=48 -> AreaKey { scene: 3, anchor: (1216, 1408) }
area teleport in scene 3 at frame 5987: (1168, 1368) -> (1248, 1456)
continuing target event=71 across area (1216, 1408) path=0
target scene=3 area=(1216, 1408) event=54 script=4647 mode=5 state=1 player=(1248, 1456) pos=(992, 1472) path=16
marked destination touch VisitKey { scene: 3, area: (1152, 1344), event_id: 47, trigger_script: 33, trigger_mode: 4, state: 1 }
learned exit AreaKey { scene: 3, anchor: (1216, 1408) } event=47 -> AreaKey { scene: 3, anchor: (1152, 1344) }
area teleport in scene 3 at frame 6000: (1248, 1456) -> (1168, 1368)
target scene=3 area=(1152, 1344) event=71 script=8146 mode=1 state=1 player=(1168, 1368) pos=(1296, 1448) path=61
marked destination touch VisitKey { scene: 3, area: (1216, 1408), event_id: 48, trigger_script: 60, trigger_mode: 4, state: 1 }
learned exit AreaKey { scene: 3, anchor: (1152, 1344) } event=48 -> AreaKey { scene: 3, anchor: (1216, 1408) }
area teleport in scene 3 at frame 6017: (1168, 1368) -> (1248, 1456)
continuing target event=71 across area (1216, 1408) path=0
target scene=3 area=(1216, 1408) event=54 script=4647 mode=5 state=1 player=(1248, 1456) pos=(992, 1472) path=16
marked destination touch VisitKey { scene: 3, area: (1152, 1344), event_id: 47, trigger_script: 33, trigger_mode: 4, state: 1 }
learned exit AreaKey { scene: 3, anchor: (1216, 1408) } event=47 -> AreaKey { scene: 3, anchor: (1152, 1344) }
area teleport in scene 3 at frame 6030: (1248, 1456) -> (1168, 1368)
target scene=3 area=(1152, 1344) event=71 script=8146 mode=1 state=1 player=(1168, 1368) pos=(1296, 1448) path=61
marked destination touch VisitKey { scene: 3, area: (1216, 1408), event_id: 48, trigger_script: 60, trigger_mode: 4, state: 1 }
learned exit AreaKey { scene: 3, anchor: (1152, 1344) } event=48 -> AreaKey { scene: 3, anchor: (1216, 1408) }
area teleport in scene 3 at frame 6047: (1168, 1368) -> (1248, 1456)
continuing target event=71 across area (1216, 1408) path=0
target scene=3 area=(1216, 1408) event=54 script=4647 mode=5 state=1 player=(1248, 1456) pos=(992, 1472) path=16
marked destination touch VisitKey { scene: 3, area: (1152, 1344), event_id: 47, trigger_script: 33, trigger_mode: 4, state: 1 }
learned exit AreaKey { scene: 3, anchor: (1216, 1408) } event=47 -> AreaKey { scene: 3, anchor: (1152, 1344) }
area teleport in scene 3 at frame 6060: (1248, 1456) -> (1168, 1368)
target scene=3 area=(1152, 1344) event=71 script=8146 mode=1 state=1 player=(1168, 1368) pos=(1296, 1448) path=61
marked destination touch VisitKey { scene: 3, area: (1216, 1408), event_id: 48, trigger_script: 60, trigger_mode: 4, state: 1 }
learned exit AreaKey { scene: 3, anchor: (1152, 1344) } event=48 -> AreaKey { scene: 3, anchor: (1216, 1408) }
area teleport in scene 3 at frame 6077: (1168, 1368) -> (1248, 1456)
continuing target event=71 across area (1216, 1408) path=0
target scene=3 area=(1216, 1408) event=54 script=4647 mode=5 state=1 player=(1248, 1456) pos=(992, 1472) path=16
marked destination touch VisitKey { scene: 3, area: (1152, 1344), event_id: 47, trigger_script: 33, trigger_mode: 4, state: 1 }
learned exit AreaKey { scene: 3, anchor: (1216, 1408) } event=47 -> AreaKey { scene: 3, anchor: (1152, 1344) }
area teleport in scene 3 at frame 6090: (1248, 1456) -> (1168, 1368)
target scene=3 area=(1152, 1344) event=71 script=8146 mode=1 state=1 player=(1168, 1368) pos=(1296, 1448) path=61
marked destination touch VisitKey { scene: 3, area: (1216, 1408), event_id: 48, trigger_script: 60, trigger_mode: 4, state: 1 }
learned exit AreaKey { scene: 3, anchor: (1152, 1344) } event=48 -> AreaKey { scene: 3, anchor: (1216, 1408) }
area teleport in scene 3 at frame 6107: (1168, 1368) -> (1248, 1456)
continuing target event=71 across area (1216, 1408) path=0
target scene=3 area=(1216, 1408) event=54 script=4647 mode=5 state=1 player=(1248, 1456) pos=(992, 1472) path=16
marked destination touch VisitKey { scene: 3, area: (1152, 1344), event_id: 47, trigger_script: 33, trigger_mode: 4, state: 1 }
learned exit AreaKey { scene: 3, anchor: (1216, 1408) } event=47 -> AreaKey { scene: 3, anchor: (1152, 1344) }
area teleport in scene 3 at frame 6120: (1248, 1456) -> (1168, 1368)
target scene=3 area=(1152, 1344) event=71 script=8146 mode=1 state=1 player=(1168, 1368) pos=(1296, 1448) path=61
marked destination touch VisitKey { scene: 3, area: (1216, 1408), event_id: 48, trigger_script: 60, trigger_mode: 4, state: 1 }
learned exit AreaKey { scene: 3, anchor: (1152, 1344) } event=48 -> AreaKey { scene: 3, anchor: (1216, 1408) }
area teleport in scene 3 at frame 6137: (1168, 1368) -> (1248, 1456)
continuing target event=71 across area (1216, 1408) path=0
target scene=3 area=(1216, 1408) event=54 script=4647 mode=5 state=1 player=(1248, 1456) pos=(992, 1472) path=16
marked destination touch VisitKey { scene: 3, area: (1152, 1344), event_id: 47, trigger_script: 33, trigger_mode: 4, state: 1 }
learned exit AreaKey { scene: 3, anchor: (1216, 1408) } event=47 -> AreaKey { scene: 3, anchor: (1152, 1344) }
area teleport in scene 3 at frame 6150: (1248, 1456) -> (1168, 1368)
target scene=3 area=(1152, 1344) event=71 script=8146 mode=1 state=1 player=(1168, 1368) pos=(1296, 1448) path=61
marked destination touch VisitKey { scene: 3, area: (1216, 1408), event_id: 48, trigger_script: 60, trigger_mode: 4, state: 1 }
learned exit AreaKey { scene: 3, anchor: (1152, 1344) } event=48 -> AreaKey { scene: 3, anchor: (1216, 1408) }
area teleport in scene 3 at frame 6167: (1168, 1368) -> (1248, 1456)
continuing target event=71 across area (1216, 1408) path=0
target scene=3 area=(1216, 1408) event=54 script=4647 mode=5 state=1 player=(1248, 1456) pos=(992, 1472) path=16
marked destination touch VisitKey { scene: 3, area: (1152, 1344), event_id: 47, trigger_script: 33, trigger_mode: 4, state: 1 }
learned exit AreaKey { scene: 3, anchor: (1216, 1408) } event=47 -> AreaKey { scene: 3, anchor: (1152, 1344) }
area teleport in scene 3 at frame 6180: (1248, 1456) -> (1168, 1368)
target scene=3 area=(1152, 1344) event=71 script=8146 mode=1 state=1 player=(1168, 1368) pos=(1296, 1448) path=61
marked destination touch VisitKey { scene: 3, area: (1216, 1408), event_id: 48, trigger_script: 60, trigger_mode: 4, state: 1 }
learned exit AreaKey { scene: 3, anchor: (1152, 1344) } event=48 -> AreaKey { scene: 3, anchor: (1216, 1408) }
area teleport in scene 3 at frame 6197: (1168, 1368) -> (1248, 1456)
continuing target event=71 across area (1216, 1408) path=0
target scene=3 area=(1216, 1408) event=54 script=4647 mode=5 state=1 player=(1248, 1456) pos=(992, 1472) path=16
marked destination touch VisitKey { scene: 3, area: (1152, 1344), event_id: 47, trigger_script: 33, trigger_mode: 4, state: 1 }
learned exit AreaKey { scene: 3, anchor: (1216, 1408) } event=47 -> AreaKey { scene: 3, anchor: (1152, 1344) }
area teleport in scene 3 at frame 6210: (1248, 1456) -> (1168, 1368)
target scene=3 area=(1152, 1344) event=71 script=8146 mode=1 state=1 player=(1168, 1368) pos=(1296, 1448) path=61
marked destination touch VisitKey { scene: 3, area: (1216, 1408), event_id: 48, trigger_script: 60, trigger_mode: 4, state: 1 }
learned exit AreaKey { scene: 3, anchor: (1152, 1344) } event=48 -> AreaKey { scene: 3, anchor: (1216, 1408) }
area teleport in scene 3 at frame 6227: (1168, 1368) -> (1248, 1456)
continuing target event=71 across area (1216, 1408) path=0
target scene=3 area=(1216, 1408) event=54 script=4647 mode=5 state=1 player=(1248, 1456) pos=(992, 1472) path=16
marked destination touch VisitKey { scene: 3, area: (1152, 1344), event_id: 47, trigger_script: 33, trigger_mode: 4, state: 1 }
learned exit AreaKey { scene: 3, anchor: (1216, 1408) } event=47 -> AreaKey { scene: 3, anchor: (1152, 1344) }
area teleport in scene 3 at frame 6240: (1248, 1456) -> (1168, 1368)
target scene=3 area=(1152, 1344) event=71 script=8146 mode=1 state=1 player=(1168, 1368) pos=(1296, 1448) path=61
marked destination touch VisitKey { scene: 3, area: (1216, 1408), event_id: 48, trigger_script: 60, trigger_mode: 4, state: 1 }
learned exit AreaKey { scene: 3, anchor: (1152, 1344) } event=48 -> AreaKey { scene: 3, anchor: (1216, 1408) }
area teleport in scene 3 at frame 6257: (1168, 1368) -> (1248, 1456)
continuing target event=71 across area (1216, 1408) path=0
target scene=3 area=(1216, 1408) event=54 script=4647 mode=5 state=1 player=(1248, 1456) pos=(992, 1472) path=16
marked destination touch VisitKey { scene: 3, area: (1152, 1344), event_id: 47, trigger_script: 33, trigger_mode: 4, state: 1 }
learned exit AreaKey { scene: 3, anchor: (1216, 1408) } event=47 -> AreaKey { scene: 3, anchor: (1152, 1344) }
area teleport in scene 3 at frame 6270: (1248, 1456) -> (1168, 1368)
target scene=3 area=(1152, 1344) event=71 script=8146 mode=1 state=1 player=(1168, 1368) pos=(1296, 1448) path=61
marked destination touch VisitKey { scene: 3, area: (1216, 1408), event_id: 48, trigger_script: 60, trigger_mode: 4, state: 1 }
learned exit AreaKey { scene: 3, anchor: (1152, 1344) } event=48 -> AreaKey { scene: 3, anchor: (1216, 1408) }
area teleport in scene 3 at frame 6287: (1168, 1368) -> (1248, 1456)
continuing target event=71 across area (1216, 1408) path=0
target scene=3 area=(1216, 1408) event=54 script=4647 mode=5 state=1 player=(1248, 1456) pos=(992, 1472) path=16
marked destination touch VisitKey { scene: 3, area: (1152, 1344), event_id: 47, trigger_script: 33, trigger_mode: 4, state: 1 }
learned exit AreaKey { scene: 3, anchor: (1216, 1408) } event=47 -> AreaKey { scene: 3, anchor: (1152, 1344) }
area teleport in scene 3 at frame 6300: (1248, 1456) -> (1168, 1368)
target scene=3 area=(1152, 1344) event=71 script=8146 mode=1 state=1 player=(1168, 1368) pos=(1296, 1448) path=61
marked destination touch VisitKey { scene: 3, area: (1216, 1408), event_id: 48, trigger_script: 60, trigger_mode: 4, state: 1 }
learned exit AreaKey { scene: 3, anchor: (1152, 1344) } event=48 -> AreaKey { scene: 3, anchor: (1216, 1408) }
area teleport in scene 3 at frame 6317: (1168, 1368) -> (1248, 1456)
continuing target event=71 across area (1216, 1408) path=0
target scene=3 area=(1216, 1408) event=54 script=4647 mode=5 state=1 player=(1248, 1456) pos=(992, 1472) path=16
marked destination touch VisitKey { scene: 3, area: (1152, 1344), event_id: 47, trigger_script: 33, trigger_mode: 4, state: 1 }
learned exit AreaKey { scene: 3, anchor: (1216, 1408) } event=47 -> AreaKey { scene: 3, anchor: (1152, 1344) }
area teleport in scene 3 at frame 6330: (1248, 1456) -> (1168, 1368)
target scene=3 area=(1152, 1344) event=71 script=8146 mode=1 state=1 player=(1168, 1368) pos=(1296, 1448) path=61
marked destination touch VisitKey { scene: 3, area: (1216, 1408), event_id: 48, trigger_script: 60, trigger_mode: 4, state: 1 }
learned exit AreaKey { scene: 3, anchor: (1152, 1344) } event=48 -> AreaKey { scene: 3, anchor: (1216, 1408) }
area teleport in scene 3 at frame 6347: (1168, 1368) -> (1248, 1456)
continuing target event=71 across area (1216, 1408) path=0
target scene=3 area=(1216, 1408) event=54 script=4647 mode=5 state=1 player=(1248, 1456) pos=(992, 1472) path=16
marked destination touch VisitKey { scene: 3, area: (1152, 1344), event_id: 47, trigger_script: 33, trigger_mode: 4, state: 1 }
learned exit AreaKey { scene: 3, anchor: (1216, 1408) } event=47 -> AreaKey { scene: 3, anchor: (1152, 1344) }
area teleport in scene 3 at frame 6360: (1248, 1456) -> (1168, 1368)
target scene=3 area=(1152, 1344) event=71 script=8146 mode=1 state=1 player=(1168, 1368) pos=(1296, 1448) path=61
marked destination touch VisitKey { scene: 3, area: (1216, 1408), event_id: 48, trigger_script: 60, trigger_mode: 4, state: 1 }
learned exit AreaKey { scene: 3, anchor: (1152, 1344) } event=48 -> AreaKey { scene: 3, anchor: (1216, 1408) }
area teleport in scene 3 at frame 6377: (1168, 1368) -> (1248, 1456)
continuing target event=71 across area (1216, 1408) path=0
target scene=3 area=(1216, 1408) event=54 script=4647 mode=5 state=1 player=(1248, 1456) pos=(992, 1472) path=16
marked destination touch VisitKey { scene: 3, area: (1152, 1344), event_id: 47, trigger_script: 33, trigger_mode: 4, state: 1 }
learned exit AreaKey { scene: 3, anchor: (1216, 1408) } event=47 -> AreaKey { scene: 3, anchor: (1152, 1344) }
area teleport in scene 3 at frame 6390: (1248, 1456) -> (1168, 1368)
target scene=3 area=(1152, 1344) event=71 script=8146 mode=1 state=1 player=(1168, 1368) pos=(1296, 1448) path=61
marked destination touch VisitKey { scene: 3, area: (1216, 1408), event_id: 48, trigger_script: 60, trigger_mode: 4, state: 1 }
learned exit AreaKey { scene: 3, anchor: (1152, 1344) } event=48 -> AreaKey { scene: 3, anchor: (1216, 1408) }
area teleport in scene 3 at frame 6407: (1168, 1368) -> (1248, 1456)
continuing target event=71 across area (1216, 1408) path=0
target scene=3 area=(1216, 1408) event=54 script=4647 mode=5 state=1 player=(1248, 1456) pos=(992, 1472) path=16
marked destination touch VisitKey { scene: 3, area: (1152, 1344), event_id: 47, trigger_script: 33, trigger_mode: 4, state: 1 }
learned exit AreaKey { scene: 3, anchor: (1216, 1408) } event=47 -> AreaKey { scene: 3, anchor: (1152, 1344) }
area teleport in scene 3 at frame 6420: (1248, 1456) -> (1168, 1368)
target scene=3 area=(1152, 1344) event=71 script=8146 mode=1 state=1 player=(1168, 1368) pos=(1296, 1448) path=61
marked destination touch VisitKey { scene: 3, area: (1216, 1408), event_id: 48, trigger_script: 60, trigger_mode: 4, state: 1 }
learned exit AreaKey { scene: 3, anchor: (1152, 1344) } event=48 -> AreaKey { scene: 3, anchor: (1216, 1408) }
area teleport in scene 3 at frame 6437: (1168, 1368) -> (1248, 1456)
continuing target event=71 across area (1216, 1408) path=0
target scene=3 area=(1216, 1408) event=54 script=4647 mode=5 state=1 player=(1248, 1456) pos=(992, 1472) path=16
marked destination touch VisitKey { scene: 3, area: (1152, 1344), event_id: 47, trigger_script: 33, trigger_mode: 4, state: 1 }
learned exit AreaKey { scene: 3, anchor: (1216, 1408) } event=47 -> AreaKey { scene: 3, anchor: (1152, 1344) }
area teleport in scene 3 at frame 6450: (1248, 1456) -> (1168, 1368)
target scene=3 area=(1152, 1344) event=71 script=8146 mode=1 state=1 player=(1168, 1368) pos=(1296, 1448) path=61
marked destination touch VisitKey { scene: 3, area: (1216, 1408), event_id: 48, trigger_script: 60, trigger_mode: 4, state: 1 }
learned exit AreaKey { scene: 3, anchor: (1152, 1344) } event=48 -> AreaKey { scene: 3, anchor: (1216, 1408) }
area teleport in scene 3 at frame 6467: (1168, 1368) -> (1248, 1456)
continuing target event=71 across area (1216, 1408) path=0
target scene=3 area=(1216, 1408) event=54 script=4647 mode=5 state=1 player=(1248, 1456) pos=(992, 1472) path=16
marked destination touch VisitKey { scene: 3, area: (1152, 1344), event_id: 47, trigger_script: 33, trigger_mode: 4, state: 1 }
learned exit AreaKey { scene: 3, anchor: (1216, 1408) } event=47 -> AreaKey { scene: 3, anchor: (1152, 1344) }
area teleport in scene 3 at frame 6480: (1248, 1456) -> (1168, 1368)
target scene=3 area=(1152, 1344) event=71 script=8146 mode=1 state=1 player=(1168, 1368) pos=(1296, 1448) path=61
marked destination touch VisitKey { scene: 3, area: (1216, 1408), event_id: 48, trigger_script: 60, trigger_mode: 4, state: 1 }
learned exit AreaKey { scene: 3, anchor: (1152, 1344) } event=48 -> AreaKey { scene: 3, anchor: (1216, 1408) }
area teleport in scene 3 at frame 6497: (1168, 1368) -> (1248, 1456)
continuing target event=71 across area (1216, 1408) path=0
target scene=3 area=(1216, 1408) event=54 script=4647 mode=5 state=1 player=(1248, 1456) pos=(992, 1472) path=16
marked destination touch VisitKey { scene: 3, area: (1152, 1344), event_id: 47, trigger_script: 33, trigger_mode: 4, state: 1 }
learned exit AreaKey { scene: 3, anchor: (1216, 1408) } event=47 -> AreaKey { scene: 3, anchor: (1152, 1344) }
area teleport in scene 3 at frame 6510: (1248, 1456) -> (1168, 1368)
target scene=3 area=(1152, 1344) event=71 script=8146 mode=1 state=1 player=(1168, 1368) pos=(1296, 1448) path=61
marked destination touch VisitKey { scene: 3, area: (1216, 1408), event_id: 48, trigger_script: 60, trigger_mode: 4, state: 1 }
learned exit AreaKey { scene: 3, anchor: (1152, 1344) } event=48 -> AreaKey { scene: 3, anchor: (1216, 1408) }
area teleport in scene 3 at frame 6527: (1168, 1368) -> (1248, 1456)
continuing target event=71 across area (1216, 1408) path=0
target scene=3 area=(1216, 1408) event=54 script=4647 mode=5 state=1 player=(1248, 1456) pos=(992, 1472) path=16
marked destination touch VisitKey { scene: 3, area: (1152, 1344), event_id: 47, trigger_script: 33, trigger_mode: 4, state: 1 }
learned exit AreaKey { scene: 3, anchor: (1216, 1408) } event=47 -> AreaKey { scene: 3, anchor: (1152, 1344) }
area teleport in scene 3 at frame 6540: (1248, 1456) -> (1168, 1368)
target scene=3 area=(1152, 1344) event=71 script=8146 mode=1 state=1 player=(1168, 1368) pos=(1296, 1448) path=61
marked destination touch VisitKey { scene: 3, area: (1216, 1408), event_id: 48, trigger_script: 60, trigger_mode: 4, state: 1 }
learned exit AreaKey { scene: 3, anchor: (1152, 1344) } event=48 -> AreaKey { scene: 3, anchor: (1216, 1408) }
area teleport in scene 3 at frame 6557: (1168, 1368) -> (1248, 1456)
continuing target event=71 across area (1216, 1408) path=0
target scene=3 area=(1216, 1408) event=54 script=4647 mode=5 state=1 player=(1248, 1456) pos=(992, 1472) path=16
marked destination touch VisitKey { scene: 3, area: (1152, 1344), event_id: 47, trigger_script: 33, trigger_mode: 4, state: 1 }
learned exit AreaKey { scene: 3, anchor: (1216, 1408) } event=47 -> AreaKey { scene: 3, anchor: (1152, 1344) }
area teleport in scene 3 at frame 6570: (1248, 1456) -> (1168, 1368)
target scene=3 area=(1152, 1344) event=71 script=8146 mode=1 state=1 player=(1168, 1368) pos=(1296, 1448) path=61
marked destination touch VisitKey { scene: 3, area: (1216, 1408), event_id: 48, trigger_script: 60, trigger_mode: 4, state: 1 }
learned exit AreaKey { scene: 3, anchor: (1152, 1344) } event=48 -> AreaKey { scene: 3, anchor: (1216, 1408) }
area teleport in scene 3 at frame 6587: (1168, 1368) -> (1248, 1456)
continuing target event=71 across area (1216, 1408) path=0
target scene=3 area=(1216, 1408) event=54 script=4647 mode=5 state=1 player=(1248, 1456) pos=(992, 1472) path=16
marked destination touch VisitKey { scene: 3, area: (1152, 1344), event_id: 47, trigger_script: 33, trigger_mode: 4, state: 1 }
learned exit AreaKey { scene: 3, anchor: (1216, 1408) } event=47 -> AreaKey { scene: 3, anchor: (1152, 1344) }
area teleport in scene 3 at frame 6600: (1248, 1456) -> (1168, 1368)
target scene=3 area=(1152, 1344) event=71 script=8146 mode=1 state=1 player=(1168, 1368) pos=(1296, 1448) path=61
marked destination touch VisitKey { scene: 3, area: (1216, 1408), event_id: 48, trigger_script: 60, trigger_mode: 4, state: 1 }
learned exit AreaKey { scene: 3, anchor: (1152, 1344) } event=48 -> AreaKey { scene: 3, anchor: (1216, 1408) }
area teleport in scene 3 at frame 6617: (1168, 1368) -> (1248, 1456)
continuing target event=71 across area (1216, 1408) path=0
target scene=3 area=(1216, 1408) event=54 script=4647 mode=5 state=1 player=(1248, 1456) pos=(992, 1472) path=16
marked destination touch VisitKey { scene: 3, area: (1152, 1344), event_id: 47, trigger_script: 33, trigger_mode: 4, state: 1 }
learned exit AreaKey { scene: 3, anchor: (1216, 1408) } event=47 -> AreaKey { scene: 3, anchor: (1152, 1344) }
area teleport in scene 3 at frame 6630: (1248, 1456) -> (1168, 1368)
target scene=3 area=(1152, 1344) event=71 script=8146 mode=1 state=1 player=(1168, 1368) pos=(1296, 1448) path=61
marked destination touch VisitKey { scene: 3, area: (1216, 1408), event_id: 48, trigger_script: 60, trigger_mode: 4, state: 1 }
learned exit AreaKey { scene: 3, anchor: (1152, 1344) } event=48 -> AreaKey { scene: 3, anchor: (1216, 1408) }
area teleport in scene 3 at frame 6647: (1168, 1368) -> (1248, 1456)
continuing target event=71 across area (1216, 1408) path=0
target scene=3 area=(1216, 1408) event=54 script=4647 mode=5 state=1 player=(1248, 1456) pos=(992, 1472) path=16
marked destination touch VisitKey { scene: 3, area: (1152, 1344), event_id: 47, trigger_script: 33, trigger_mode: 4, state: 1 }
learned exit AreaKey { scene: 3, anchor: (1216, 1408) } event=47 -> AreaKey { scene: 3, anchor: (1152, 1344) }
area teleport in scene 3 at frame 6660: (1248, 1456) -> (1168, 1368)
target scene=3 area=(1152, 1344) event=71 script=8146 mode=1 state=1 player=(1168, 1368) pos=(1296, 1448) path=61
marked destination touch VisitKey { scene: 3, area: (1216, 1408), event_id: 48, trigger_script: 60, trigger_mode: 4, state: 1 }
learned exit AreaKey { scene: 3, anchor: (1152, 1344) } event=48 -> AreaKey { scene: 3, anchor: (1216, 1408) }
area teleport in scene 3 at frame 6677: (1168, 1368) -> (1248, 1456)
continuing target event=71 across area (1216, 1408) path=0
target scene=3 area=(1216, 1408) event=54 script=4647 mode=5 state=1 player=(1248, 1456) pos=(992, 1472) path=16
marked destination touch VisitKey { scene: 3, area: (1152, 1344), event_id: 47, trigger_script: 33, trigger_mode: 4, state: 1 }
learned exit AreaKey { scene: 3, anchor: (1216, 1408) } event=47 -> AreaKey { scene: 3, anchor: (1152, 1344) }
area teleport in scene 3 at frame 6690: (1248, 1456) -> (1168, 1368)
target scene=3 area=(1152, 1344) event=71 script=8146 mode=1 state=1 player=(1168, 1368) pos=(1296, 1448) path=61
marked destination touch VisitKey { scene: 3, area: (1216, 1408), event_id: 48, trigger_script: 60, trigger_mode: 4, state: 1 }
learned exit AreaKey { scene: 3, anchor: (1152, 1344) } event=48 -> AreaKey { scene: 3, anchor: (1216, 1408) }
area teleport in scene 3 at frame 6707: (1168, 1368) -> (1248, 1456)
continuing target event=71 across area (1216, 1408) path=0
target scene=3 area=(1216, 1408) event=54 script=4647 mode=5 state=1 player=(1248, 1456) pos=(992, 1472) path=16
marked destination touch VisitKey { scene: 3, area: (1152, 1344), event_id: 47, trigger_script: 33, trigger_mode: 4, state: 1 }
learned exit AreaKey { scene: 3, anchor: (1216, 1408) } event=47 -> AreaKey { scene: 3, anchor: (1152, 1344) }
area teleport in scene 3 at frame 6720: (1248, 1456) -> (1168, 1368)
target scene=3 area=(1152, 1344) event=71 script=8146 mode=1 state=1 player=(1168, 1368) pos=(1296, 1448) path=61
marked destination touch VisitKey { scene: 3, area: (1216, 1408), event_id: 48, trigger_script: 60, trigger_mode: 4, state: 1 }
learned exit AreaKey { scene: 3, anchor: (1152, 1344) } event=48 -> AreaKey { scene: 3, anchor: (1216, 1408) }
area teleport in scene 3 at frame 6737: (1168, 1368) -> (1248, 1456)
continuing target event=71 across area (1216, 1408) path=0
target scene=3 area=(1216, 1408) event=54 script=4647 mode=5 state=1 player=(1248, 1456) pos=(992, 1472) path=16
marked destination touch VisitKey { scene: 3, area: (1152, 1344), event_id: 47, trigger_script: 33, trigger_mode: 4, state: 1 }
learned exit AreaKey { scene: 3, anchor: (1216, 1408) } event=47 -> AreaKey { scene: 3, anchor: (1152, 1344) }
area teleport in scene 3 at frame 6750: (1248, 1456) -> (1168, 1368)
target scene=3 area=(1152, 1344) event=71 script=8146 mode=1 state=1 player=(1168, 1368) pos=(1296, 1448) path=61
marked destination touch VisitKey { scene: 3, area: (1216, 1408), event_id: 48, trigger_script: 60, trigger_mode: 4, state: 1 }
learned exit AreaKey { scene: 3, anchor: (1152, 1344) } event=48 -> AreaKey { scene: 3, anchor: (1216, 1408) }
area teleport in scene 3 at frame 6767: (1168, 1368) -> (1248, 1456)
continuing target event=71 across area (1216, 1408) path=0
target scene=3 area=(1216, 1408) event=54 script=4647 mode=5 state=1 player=(1248, 1456) pos=(992, 1472) path=16
marked destination touch VisitKey { scene: 3, area: (1152, 1344), event_id: 47, trigger_script: 33, trigger_mode: 4, state: 1 }
learned exit AreaKey { scene: 3, anchor: (1216, 1408) } event=47 -> AreaKey { scene: 3, anchor: (1152, 1344) }
area teleport in scene 3 at frame 6780: (1248, 1456) -> (1168, 1368)
target scene=3 area=(1152, 1344) event=71 script=8146 mode=1 state=1 player=(1168, 1368) pos=(1296, 1448) path=61
marked destination touch VisitKey { scene: 3, area: (1216, 1408), event_id: 48, trigger_script: 60, trigger_mode: 4, state: 1 }
learned exit AreaKey { scene: 3, anchor: (1152, 1344) } event=48 -> AreaKey { scene: 3, anchor: (1216, 1408) }
area teleport in scene 3 at frame 6797: (1168, 1368) -> (1248, 1456)
continuing target event=71 across area (1216, 1408) path=0
target scene=3 area=(1216, 1408) event=54 script=4647 mode=5 state=1 player=(1248, 1456) pos=(992, 1472) path=16
marked destination touch VisitKey { scene: 3, area: (1152, 1344), event_id: 47, trigger_script: 33, trigger_mode: 4, state: 1 }
learned exit AreaKey { scene: 3, anchor: (1216, 1408) } event=47 -> AreaKey { scene: 3, anchor: (1152, 1344) }
area teleport in scene 3 at frame 6810: (1248, 1456) -> (1168, 1368)
target scene=3 area=(1152, 1344) event=71 script=8146 mode=1 state=1 player=(1168, 1368) pos=(1296, 1448) path=61
marked destination touch VisitKey { scene: 3, area: (1216, 1408), event_id: 48, trigger_script: 60, trigger_mode: 4, state: 1 }
learned exit AreaKey { scene: 3, anchor: (1152, 1344) } event=48 -> AreaKey { scene: 3, anchor: (1216, 1408) }
area teleport in scene 3 at frame 6827: (1168, 1368) -> (1248, 1456)
continuing target event=71 across area (1216, 1408) path=0
target scene=3 area=(1216, 1408) event=54 script=4647 mode=5 state=1 player=(1248, 1456) pos=(992, 1472) path=16
marked destination touch VisitKey { scene: 3, area: (1152, 1344), event_id: 47, trigger_script: 33, trigger_mode: 4, state: 1 }
learned exit AreaKey { scene: 3, anchor: (1216, 1408) } event=47 -> AreaKey { scene: 3, anchor: (1152, 1344) }
area teleport in scene 3 at frame 6840: (1248, 1456) -> (1168, 1368)
target scene=3 area=(1152, 1344) event=71 script=8146 mode=1 state=1 player=(1168, 1368) pos=(1296, 1448) path=61
marked destination touch VisitKey { scene: 3, area: (1216, 1408), event_id: 48, trigger_script: 60, trigger_mode: 4, state: 1 }
learned exit AreaKey { scene: 3, anchor: (1152, 1344) } event=48 -> AreaKey { scene: 3, anchor: (1216, 1408) }
area teleport in scene 3 at frame 6857: (1168, 1368) -> (1248, 1456)
continuing target event=71 across area (1216, 1408) path=0
target scene=3 area=(1216, 1408) event=54 script=4647 mode=5 state=1 player=(1248, 1456) pos=(992, 1472) path=16
marked destination touch VisitKey { scene: 3, area: (1152, 1344), event_id: 47, trigger_script: 33, trigger_mode: 4, state: 1 }
learned exit AreaKey { scene: 3, anchor: (1216, 1408) } event=47 -> AreaKey { scene: 3, anchor: (1152, 1344) }
area teleport in scene 3 at frame 6870: (1248, 1456) -> (1168, 1368)
target scene=3 area=(1152, 1344) event=71 script=8146 mode=1 state=1 player=(1168, 1368) pos=(1296, 1448) path=61
marked destination touch VisitKey { scene: 3, area: (1216, 1408), event_id: 48, trigger_script: 60, trigger_mode: 4, state: 1 }
learned exit AreaKey { scene: 3, anchor: (1152, 1344) } event=48 -> AreaKey { scene: 3, anchor: (1216, 1408) }
area teleport in scene 3 at frame 6887: (1168, 1368) -> (1248, 1456)
continuing target event=71 across area (1216, 1408) path=0
target scene=3 area=(1216, 1408) event=54 script=4647 mode=5 state=1 player=(1248, 1456) pos=(992, 1472) path=16
marked destination touch VisitKey { scene: 3, area: (1152, 1344), event_id: 47, trigger_script: 33, trigger_mode: 4, state: 1 }
learned exit AreaKey { scene: 3, anchor: (1216, 1408) } event=47 -> AreaKey { scene: 3, anchor: (1152, 1344) }
area teleport in scene 3 at frame 6900: (1248, 1456) -> (1168, 1368)
target scene=3 area=(1152, 1344) event=71 script=8146 mode=1 state=1 player=(1168, 1368) pos=(1296, 1448) path=61
marked destination touch VisitKey { scene: 3, area: (1216, 1408), event_id: 48, trigger_script: 60, trigger_mode: 4, state: 1 }
learned exit AreaKey { scene: 3, anchor: (1152, 1344) } event=48 -> AreaKey { scene: 3, anchor: (1216, 1408) }
area teleport in scene 3 at frame 6917: (1168, 1368) -> (1248, 1456)
continuing target event=71 across area (1216, 1408) path=0
target scene=3 area=(1216, 1408) event=54 script=4647 mode=5 state=1 player=(1248, 1456) pos=(992, 1472) path=16
marked destination touch VisitKey { scene: 3, area: (1152, 1344), event_id: 47, trigger_script: 33, trigger_mode: 4, state: 1 }
learned exit AreaKey { scene: 3, anchor: (1216, 1408) } event=47 -> AreaKey { scene: 3, anchor: (1152, 1344) }
area teleport in scene 3 at frame 6930: (1248, 1456) -> (1168, 1368)
target scene=3 area=(1152, 1344) event=71 script=8146 mode=1 state=1 player=(1168, 1368) pos=(1296, 1448) path=61
marked destination touch VisitKey { scene: 3, area: (1216, 1408), event_id: 48, trigger_script: 60, trigger_mode: 4, state: 1 }
learned exit AreaKey { scene: 3, anchor: (1152, 1344) } event=48 -> AreaKey { scene: 3, anchor: (1216, 1408) }
area teleport in scene 3 at frame 6947: (1168, 1368) -> (1248, 1456)
continuing target event=71 across area (1216, 1408) path=0
target scene=3 area=(1216, 1408) event=54 script=4647 mode=5 state=1 player=(1248, 1456) pos=(992, 1472) path=16
marked destination touch VisitKey { scene: 3, area: (1152, 1344), event_id: 47, trigger_script: 33, trigger_mode: 4, state: 1 }
learned exit AreaKey { scene: 3, anchor: (1216, 1408) } event=47 -> AreaKey { scene: 3, anchor: (1152, 1344) }
area teleport in scene 3 at frame 6960: (1248, 1456) -> (1168, 1368)
target scene=3 area=(1152, 1344) event=71 script=8146 mode=1 state=1 player=(1168, 1368) pos=(1296, 1448) path=61
marked destination touch VisitKey { scene: 3, area: (1216, 1408), event_id: 48, trigger_script: 60, trigger_mode: 4, state: 1 }
learned exit AreaKey { scene: 3, anchor: (1152, 1344) } event=48 -> AreaKey { scene: 3, anchor: (1216, 1408) }
area teleport in scene 3 at frame 6977: (1168, 1368) -> (1248, 1456)
continuing target event=71 across area (1216, 1408) path=0
target scene=3 area=(1216, 1408) event=54 script=4647 mode=5 state=1 player=(1248, 1456) pos=(992, 1472) path=16
marked destination touch VisitKey { scene: 3, area: (1152, 1344), event_id: 47, trigger_script: 33, trigger_mode: 4, state: 1 }
learned exit AreaKey { scene: 3, anchor: (1216, 1408) } event=47 -> AreaKey { scene: 3, anchor: (1152, 1344) }
area teleport in scene 3 at frame 6990: (1248, 1456) -> (1168, 1368)
target scene=3 area=(1152, 1344) event=71 script=8146 mode=1 state=1 player=(1168, 1368) pos=(1296, 1448) path=61
marked destination touch VisitKey { scene: 3, area: (1216, 1408), event_id: 48, trigger_script: 60, trigger_mode: 4, state: 1 }
learned exit AreaKey { scene: 3, anchor: (1152, 1344) } event=48 -> AreaKey { scene: 3, anchor: (1216, 1408) }
area teleport in scene 3 at frame 7007: (1168, 1368) -> (1248, 1456)
continuing target event=71 across area (1216, 1408) path=0
target scene=3 area=(1216, 1408) event=54 script=4647 mode=5 state=1 player=(1248, 1456) pos=(992, 1472) path=16
marked destination touch VisitKey { scene: 3, area: (1152, 1344), event_id: 47, trigger_script: 33, trigger_mode: 4, state: 1 }
learned exit AreaKey { scene: 3, anchor: (1216, 1408) } event=47 -> AreaKey { scene: 3, anchor: (1152, 1344) }
area teleport in scene 3 at frame 7020: (1248, 1456) -> (1168, 1368)
target scene=3 area=(1152, 1344) event=71 script=8146 mode=1 state=1 player=(1168, 1368) pos=(1296, 1448) path=61
marked destination touch VisitKey { scene: 3, area: (1216, 1408), event_id: 48, trigger_script: 60, trigger_mode: 4, state: 1 }
learned exit AreaKey { scene: 3, anchor: (1152, 1344) } event=48 -> AreaKey { scene: 3, anchor: (1216, 1408) }
area teleport in scene 3 at frame 7037: (1168, 1368) -> (1248, 1456)
continuing target event=71 across area (1216, 1408) path=0
target scene=3 area=(1216, 1408) event=54 script=4647 mode=5 state=1 player=(1248, 1456) pos=(992, 1472) path=16
marked destination touch VisitKey { scene: 3, area: (1152, 1344), event_id: 47, trigger_script: 33, trigger_mode: 4, state: 1 }
learned exit AreaKey { scene: 3, anchor: (1216, 1408) } event=47 -> AreaKey { scene: 3, anchor: (1152, 1344) }
area teleport in scene 3 at frame 7050: (1248, 1456) -> (1168, 1368)
target scene=3 area=(1152, 1344) event=71 script=8146 mode=1 state=1 player=(1168, 1368) pos=(1296, 1448) path=61
marked destination touch VisitKey { scene: 3, area: (1216, 1408), event_id: 48, trigger_script: 60, trigger_mode: 4, state: 1 }
learned exit AreaKey { scene: 3, anchor: (1152, 1344) } event=48 -> AreaKey { scene: 3, anchor: (1216, 1408) }
area teleport in scene 3 at frame 7067: (1168, 1368) -> (1248, 1456)
continuing target event=71 across area (1216, 1408) path=0
target scene=3 area=(1216, 1408) event=54 script=4647 mode=5 state=1 player=(1248, 1456) pos=(992, 1472) path=16
marked destination touch VisitKey { scene: 3, area: (1152, 1344), event_id: 47, trigger_script: 33, trigger_mode: 4, state: 1 }
learned exit AreaKey { scene: 3, anchor: (1216, 1408) } event=47 -> AreaKey { scene: 3, anchor: (1152, 1344) }
area teleport in scene 3 at frame 7080: (1248, 1456) -> (1168, 1368)
target scene=3 area=(1152, 1344) event=71 script=8146 mode=1 state=1 player=(1168, 1368) pos=(1296, 1448) path=61
marked destination touch VisitKey { scene: 3, area: (1216, 1408), event_id: 48, trigger_script: 60, trigger_mode: 4, state: 1 }
learned exit AreaKey { scene: 3, anchor: (1152, 1344) } event=48 -> AreaKey { scene: 3, anchor: (1216, 1408) }
area teleport in scene 3 at frame 7097: (1168, 1368) -> (1248, 1456)
continuing target event=71 across area (1216, 1408) path=0
target scene=3 area=(1216, 1408) event=54 script=4647 mode=5 state=1 player=(1248, 1456) pos=(992, 1472) path=16
marked destination touch VisitKey { scene: 3, area: (1152, 1344), event_id: 47, trigger_script: 33, trigger_mode: 4, state: 1 }
learned exit AreaKey { scene: 3, anchor: (1216, 1408) } event=47 -> AreaKey { scene: 3, anchor: (1152, 1344) }
area teleport in scene 3 at frame 7110: (1248, 1456) -> (1168, 1368)
target scene=3 area=(1152, 1344) event=71 script=8146 mode=1 state=1 player=(1168, 1368) pos=(1296, 1448) path=61
marked destination touch VisitKey { scene: 3, area: (1216, 1408), event_id: 48, trigger_script: 60, trigger_mode: 4, state: 1 }
learned exit AreaKey { scene: 3, anchor: (1152, 1344) } event=48 -> AreaKey { scene: 3, anchor: (1216, 1408) }
area teleport in scene 3 at frame 7127: (1168, 1368) -> (1248, 1456)
continuing target event=71 across area (1216, 1408) path=0
target scene=3 area=(1216, 1408) event=54 script=4647 mode=5 state=1 player=(1248, 1456) pos=(992, 1472) path=16
marked destination touch VisitKey { scene: 3, area: (1152, 1344), event_id: 47, trigger_script: 33, trigger_mode: 4, state: 1 }
learned exit AreaKey { scene: 3, anchor: (1216, 1408) } event=47 -> AreaKey { scene: 3, anchor: (1152, 1344) }
area teleport in scene 3 at frame 7140: (1248, 1456) -> (1168, 1368)
target scene=3 area=(1152, 1344) event=71 script=8146 mode=1 state=1 player=(1168, 1368) pos=(1296, 1448) path=61
marked destination touch VisitKey { scene: 3, area: (1216, 1408), event_id: 48, trigger_script: 60, trigger_mode: 4, state: 1 }
learned exit AreaKey { scene: 3, anchor: (1152, 1344) } event=48 -> AreaKey { scene: 3, anchor: (1216, 1408) }
area teleport in scene 3 at frame 7157: (1168, 1368) -> (1248, 1456)
continuing target event=71 across area (1216, 1408) path=0
target scene=3 area=(1216, 1408) event=54 script=4647 mode=5 state=1 player=(1248, 1456) pos=(992, 1472) path=16
marked destination touch VisitKey { scene: 3, area: (1152, 1344), event_id: 47, trigger_script: 33, trigger_mode: 4, state: 1 }
learned exit AreaKey { scene: 3, anchor: (1216, 1408) } event=47 -> AreaKey { scene: 3, anchor: (1152, 1344) }
area teleport in scene 3 at frame 7170: (1248, 1456) -> (1168, 1368)
target scene=3 area=(1152, 1344) event=71 script=8146 mode=1 state=1 player=(1168, 1368) pos=(1296, 1448) path=61
marked destination touch VisitKey { scene: 3, area: (1216, 1408), event_id: 48, trigger_script: 60, trigger_mode: 4, state: 1 }
learned exit AreaKey { scene: 3, anchor: (1152, 1344) } event=48 -> AreaKey { scene: 3, anchor: (1216, 1408) }
area teleport in scene 3 at frame 7187: (1168, 1368) -> (1248, 1456)
continuing target event=71 across area (1216, 1408) path=0
target scene=3 area=(1216, 1408) event=54 script=4647 mode=5 state=1 player=(1248, 1456) pos=(992, 1472) path=16
marked destination touch VisitKey { scene: 3, area: (1152, 1344), event_id: 47, trigger_script: 33, trigger_mode: 4, state: 1 }
learned exit AreaKey { scene: 3, anchor: (1216, 1408) } event=47 -> AreaKey { scene: 3, anchor: (1152, 1344) }
area teleport in scene 3 at frame 7200: (1248, 1456) -> (1168, 1368)
target scene=3 area=(1152, 1344) event=71 script=8146 mode=1 state=1 player=(1168, 1368) pos=(1296, 1448) path=61
marked destination touch VisitKey { scene: 3, area: (1216, 1408), event_id: 48, trigger_script: 60, trigger_mode: 4, state: 1 }
learned exit AreaKey { scene: 3, anchor: (1152, 1344) } event=48 -> AreaKey { scene: 3, anchor: (1216, 1408) }
area teleport in scene 3 at frame 7217: (1168, 1368) -> (1248, 1456)
continuing target event=71 across area (1216, 1408) path=0
target scene=3 area=(1216, 1408) event=54 script=4647 mode=5 state=1 player=(1248, 1456) pos=(992, 1472) path=16
marked destination touch VisitKey { scene: 3, area: (1152, 1344), event_id: 47, trigger_script: 33, trigger_mode: 4, state: 1 }
learned exit AreaKey { scene: 3, anchor: (1216, 1408) } event=47 -> AreaKey { scene: 3, anchor: (1152, 1344) }
area teleport in scene 3 at frame 7230: (1248, 1456) -> (1168, 1368)
target scene=3 area=(1152, 1344) event=71 script=8146 mode=1 state=1 player=(1168, 1368) pos=(1296, 1448) path=61
marked destination touch VisitKey { scene: 3, area: (1216, 1408), event_id: 48, trigger_script: 60, trigger_mode: 4, state: 1 }
learned exit AreaKey { scene: 3, anchor: (1152, 1344) } event=48 -> AreaKey { scene: 3, anchor: (1216, 1408) }
area teleport in scene 3 at frame 7247: (1168, 1368) -> (1248, 1456)
continuing target event=71 across area (1216, 1408) path=0
target scene=3 area=(1216, 1408) event=54 script=4647 mode=5 state=1 player=(1248, 1456) pos=(992, 1472) path=16
marked destination touch VisitKey { scene: 3, area: (1152, 1344), event_id: 47, trigger_script: 33, trigger_mode: 4, state: 1 }
learned exit AreaKey { scene: 3, anchor: (1216, 1408) } event=47 -> AreaKey { scene: 3, anchor: (1152, 1344) }
area teleport in scene 3 at frame 7260: (1248, 1456) -> (1168, 1368)
target scene=3 area=(1152, 1344) event=71 script=8146 mode=1 state=1 player=(1168, 1368) pos=(1296, 1448) path=61
marked destination touch VisitKey { scene: 3, area: (1216, 1408), event_id: 48, trigger_script: 60, trigger_mode: 4, state: 1 }
learned exit AreaKey { scene: 3, anchor: (1152, 1344) } event=48 -> AreaKey { scene: 3, anchor: (1216, 1408) }
area teleport in scene 3 at frame 7277: (1168, 1368) -> (1248, 1456)
continuing target event=71 across area (1216, 1408) path=0
target scene=3 area=(1216, 1408) event=54 script=4647 mode=5 state=1 player=(1248, 1456) pos=(992, 1472) path=16
marked destination touch VisitKey { scene: 3, area: (1152, 1344), event_id: 47, trigger_script: 33, trigger_mode: 4, state: 1 }
learned exit AreaKey { scene: 3, anchor: (1216, 1408) } event=47 -> AreaKey { scene: 3, anchor: (1152, 1344) }
area teleport in scene 3 at frame 7290: (1248, 1456) -> (1168, 1368)
target scene=3 area=(1152, 1344) event=71 script=8146 mode=1 state=1 player=(1168, 1368) pos=(1296, 1448) path=61
marked destination touch VisitKey { scene: 3, area: (1216, 1408), event_id: 48, trigger_script: 60, trigger_mode: 4, state: 1 }
learned exit AreaKey { scene: 3, anchor: (1152, 1344) } event=48 -> AreaKey { scene: 3, anchor: (1216, 1408) }
area teleport in scene 3 at frame 7307: (1168, 1368) -> (1248, 1456)
continuing target event=71 across area (1216, 1408) path=0
target scene=3 area=(1216, 1408) event=54 script=4647 mode=5 state=1 player=(1248, 1456) pos=(992, 1472) path=16
marked destination touch VisitKey { scene: 3, area: (1152, 1344), event_id: 47, trigger_script: 33, trigger_mode: 4, state: 1 }
learned exit AreaKey { scene: 3, anchor: (1216, 1408) } event=47 -> AreaKey { scene: 3, anchor: (1152, 1344) }
area teleport in scene 3 at frame 7320: (1248, 1456) -> (1168, 1368)
target scene=3 area=(1152, 1344) event=71 script=8146 mode=1 state=1 player=(1168, 1368) pos=(1296, 1448) path=61
marked destination touch VisitKey { scene: 3, area: (1216, 1408), event_id: 48, trigger_script: 60, trigger_mode: 4, state: 1 }
learned exit AreaKey { scene: 3, anchor: (1152, 1344) } event=48 -> AreaKey { scene: 3, anchor: (1216, 1408) }
area teleport in scene 3 at frame 7337: (1168, 1368) -> (1248, 1456)
continuing target event=71 across area (1216, 1408) path=0
target scene=3 area=(1216, 1408) event=54 script=4647 mode=5 state=1 player=(1248, 1456) pos=(992, 1472) path=16
marked destination touch VisitKey { scene: 3, area: (1152, 1344), event_id: 47, trigger_script: 33, trigger_mode: 4, state: 1 }
learned exit AreaKey { scene: 3, anchor: (1216, 1408) } event=47 -> AreaKey { scene: 3, anchor: (1152, 1344) }
area teleport in scene 3 at frame 7350: (1248, 1456) -> (1168, 1368)
target scene=3 area=(1152, 1344) event=71 script=8146 mode=1 state=1 player=(1168, 1368) pos=(1296, 1448) path=61
marked destination touch VisitKey { scene: 3, area: (1216, 1408), event_id: 48, trigger_script: 60, trigger_mode: 4, state: 1 }
learned exit AreaKey { scene: 3, anchor: (1152, 1344) } event=48 -> AreaKey { scene: 3, anchor: (1216, 1408) }
area teleport in scene 3 at frame 7367: (1168, 1368) -> (1248, 1456)
continuing target event=71 across area (1216, 1408) path=0
target scene=3 area=(1216, 1408) event=54 script=4647 mode=5 state=1 player=(1248, 1456) pos=(992, 1472) path=16
marked destination touch VisitKey { scene: 3, area: (1152, 1344), event_id: 47, trigger_script: 33, trigger_mode: 4, state: 1 }
learned exit AreaKey { scene: 3, anchor: (1216, 1408) } event=47 -> AreaKey { scene: 3, anchor: (1152, 1344) }
area teleport in scene 3 at frame 7380: (1248, 1456) -> (1168, 1368)
target scene=3 area=(1152, 1344) event=71 script=8146 mode=1 state=1 player=(1168, 1368) pos=(1296, 1448) path=61
marked destination touch VisitKey { scene: 3, area: (1216, 1408), event_id: 48, trigger_script: 60, trigger_mode: 4, state: 1 }
learned exit AreaKey { scene: 3, anchor: (1152, 1344) } event=48 -> AreaKey { scene: 3, anchor: (1216, 1408) }
area teleport in scene 3 at frame 7397: (1168, 1368) -> (1248, 1456)
continuing target event=71 across area (1216, 1408) path=0
target scene=3 area=(1216, 1408) event=54 script=4647 mode=5 state=1 player=(1248, 1456) pos=(992, 1472) path=16
marked destination touch VisitKey { scene: 3, area: (1152, 1344), event_id: 47, trigger_script: 33, trigger_mode: 4, state: 1 }
learned exit AreaKey { scene: 3, anchor: (1216, 1408) } event=47 -> AreaKey { scene: 3, anchor: (1152, 1344) }
area teleport in scene 3 at frame 7410: (1248, 1456) -> (1168, 1368)
target scene=3 area=(1152, 1344) event=71 script=8146 mode=1 state=1 player=(1168, 1368) pos=(1296, 1448) path=61
marked destination touch VisitKey { scene: 3, area: (1216, 1408), event_id: 48, trigger_script: 60, trigger_mode: 4, state: 1 }
learned exit AreaKey { scene: 3, anchor: (1152, 1344) } event=48 -> AreaKey { scene: 3, anchor: (1216, 1408) }
area teleport in scene 3 at frame 7427: (1168, 1368) -> (1248, 1456)
continuing target event=71 across area (1216, 1408) path=0
target scene=3 area=(1216, 1408) event=54 script=4647 mode=5 state=1 player=(1248, 1456) pos=(992, 1472) path=16
marked destination touch VisitKey { scene: 3, area: (1152, 1344), event_id: 47, trigger_script: 33, trigger_mode: 4, state: 1 }
learned exit AreaKey { scene: 3, anchor: (1216, 1408) } event=47 -> AreaKey { scene: 3, anchor: (1152, 1344) }
area teleport in scene 3 at frame 7440: (1248, 1456) -> (1168, 1368)
target scene=3 area=(1152, 1344) event=71 script=8146 mode=1 state=1 player=(1168, 1368) pos=(1296, 1448) path=61
marked destination touch VisitKey { scene: 3, area: (1216, 1408), event_id: 48, trigger_script: 60, trigger_mode: 4, state: 1 }
learned exit AreaKey { scene: 3, anchor: (1152, 1344) } event=48 -> AreaKey { scene: 3, anchor: (1216, 1408) }
area teleport in scene 3 at frame 7457: (1168, 1368) -> (1248, 1456)
continuing target event=71 across area (1216, 1408) path=0
target scene=3 area=(1216, 1408) event=54 script=4647 mode=5 state=1 player=(1248, 1456) pos=(992, 1472) path=16
marked destination touch VisitKey { scene: 3, area: (1152, 1344), event_id: 47, trigger_script: 33, trigger_mode: 4, state: 1 }
learned exit AreaKey { scene: 3, anchor: (1216, 1408) } event=47 -> AreaKey { scene: 3, anchor: (1152, 1344) }
area teleport in scene 3 at frame 7470: (1248, 1456) -> (1168, 1368)
target scene=3 area=(1152, 1344) event=71 script=8146 mode=1 state=1 player=(1168, 1368) pos=(1296, 1448) path=61
marked destination touch VisitKey { scene: 3, area: (1216, 1408), event_id: 48, trigger_script: 60, trigger_mode: 4, state: 1 }
learned exit AreaKey { scene: 3, anchor: (1152, 1344) } event=48 -> AreaKey { scene: 3, anchor: (1216, 1408) }
area teleport in scene 3 at frame 7487: (1168, 1368) -> (1248, 1456)
continuing target event=71 across area (1216, 1408) path=0
target scene=3 area=(1216, 1408) event=54 script=4647 mode=5 state=1 player=(1248, 1456) pos=(992, 1472) path=16
marked destination touch VisitKey { scene: 3, area: (1152, 1344), event_id: 47, trigger_script: 33, trigger_mode: 4, state: 1 }
learned exit AreaKey { scene: 3, anchor: (1216, 1408) } event=47 -> AreaKey { scene: 3, anchor: (1152, 1344) }
area teleport in scene 3 at frame 7500: (1248, 1456) -> (1168, 1368)
target scene=3 area=(1152, 1344) event=71 script=8146 mode=1 state=1 player=(1168, 1368) pos=(1296, 1448) path=61
marked destination touch VisitKey { scene: 3, area: (1216, 1408), event_id: 48, trigger_script: 60, trigger_mode: 4, state: 1 }
learned exit AreaKey { scene: 3, anchor: (1152, 1344) } event=48 -> AreaKey { scene: 3, anchor: (1216, 1408) }
area teleport in scene 3 at frame 7517: (1168, 1368) -> (1248, 1456)
continuing target event=71 across area (1216, 1408) path=0
target scene=3 area=(1216, 1408) event=54 script=4647 mode=5 state=1 player=(1248, 1456) pos=(992, 1472) path=16
marked destination touch VisitKey { scene: 3, area: (1152, 1344), event_id: 47, trigger_script: 33, trigger_mode: 4, state: 1 }
learned exit AreaKey { scene: 3, anchor: (1216, 1408) } event=47 -> AreaKey { scene: 3, anchor: (1152, 1344) }
area teleport in scene 3 at frame 7530: (1248, 1456) -> (1168, 1368)
target scene=3 area=(1152, 1344) event=71 script=8146 mode=1 state=1 player=(1168, 1368) pos=(1296, 1448) path=61
marked destination touch VisitKey { scene: 3, area: (1216, 1408), event_id: 48, trigger_script: 60, trigger_mode: 4, state: 1 }
learned exit AreaKey { scene: 3, anchor: (1152, 1344) } event=48 -> AreaKey { scene: 3, anchor: (1216, 1408) }
area teleport in scene 3 at frame 7547: (1168, 1368) -> (1248, 1456)
continuing target event=71 across area (1216, 1408) path=0
target scene=3 area=(1216, 1408) event=54 script=4647 mode=5 state=1 player=(1248, 1456) pos=(992, 1472) path=16
marked destination touch VisitKey { scene: 3, area: (1152, 1344), event_id: 47, trigger_script: 33, trigger_mode: 4, state: 1 }
learned exit AreaKey { scene: 3, anchor: (1216, 1408) } event=47 -> AreaKey { scene: 3, anchor: (1152, 1344) }
area teleport in scene 3 at frame 7560: (1248, 1456) -> (1168, 1368)
target scene=3 area=(1152, 1344) event=71 script=8146 mode=1 state=1 player=(1168, 1368) pos=(1296, 1448) path=61
marked destination touch VisitKey { scene: 3, area: (1216, 1408), event_id: 48, trigger_script: 60, trigger_mode: 4, state: 1 }
learned exit AreaKey { scene: 3, anchor: (1152, 1344) } event=48 -> AreaKey { scene: 3, anchor: (1216, 1408) }
area teleport in scene 3 at frame 7577: (1168, 1368) -> (1248, 1456)
continuing target event=71 across area (1216, 1408) path=0
target scene=3 area=(1216, 1408) event=54 script=4647 mode=5 state=1 player=(1248, 1456) pos=(992, 1472) path=16
marked destination touch VisitKey { scene: 3, area: (1152, 1344), event_id: 47, trigger_script: 33, trigger_mode: 4, state: 1 }
learned exit AreaKey { scene: 3, anchor: (1216, 1408) } event=47 -> AreaKey { scene: 3, anchor: (1152, 1344) }
area teleport in scene 3 at frame 7590: (1248, 1456) -> (1168, 1368)
target scene=3 area=(1152, 1344) event=71 script=8146 mode=1 state=1 player=(1168, 1368) pos=(1296, 1448) path=61
marked destination touch VisitKey { scene: 3, area: (1216, 1408), event_id: 48, trigger_script: 60, trigger_mode: 4, state: 1 }
learned exit AreaKey { scene: 3, anchor: (1152, 1344) } event=48 -> AreaKey { scene: 3, anchor: (1216, 1408) }
area teleport in scene 3 at frame 7607: (1168, 1368) -> (1248, 1456)
continuing target event=71 across area (1216, 1408) path=0
target scene=3 area=(1216, 1408) event=54 script=4647 mode=5 state=1 player=(1248, 1456) pos=(992, 1472) path=16
marked destination touch VisitKey { scene: 3, area: (1152, 1344), event_id: 47, trigger_script: 33, trigger_mode: 4, state: 1 }
learned exit AreaKey { scene: 3, anchor: (1216, 1408) } event=47 -> AreaKey { scene: 3, anchor: (1152, 1344) }
area teleport in scene 3 at frame 7620: (1248, 1456) -> (1168, 1368)
target scene=3 area=(1152, 1344) event=71 script=8146 mode=1 state=1 player=(1168, 1368) pos=(1296, 1448) path=61
marked destination touch VisitKey { scene: 3, area: (1216, 1408), event_id: 48, trigger_script: 60, trigger_mode: 4, state: 1 }
learned exit AreaKey { scene: 3, anchor: (1152, 1344) } event=48 -> AreaKey { scene: 3, anchor: (1216, 1408) }
area teleport in scene 3 at frame 7637: (1168, 1368) -> (1248, 1456)
continuing target event=71 across area (1216, 1408) path=0
target scene=3 area=(1216, 1408) event=54 script=4647 mode=5 state=1 player=(1248, 1456) pos=(992, 1472) path=16
marked destination touch VisitKey { scene: 3, area: (1152, 1344), event_id: 47, trigger_script: 33, trigger_mode: 4, state: 1 }
learned exit AreaKey { scene: 3, anchor: (1216, 1408) } event=47 -> AreaKey { scene: 3, anchor: (1152, 1344) }
area teleport in scene 3 at frame 7650: (1248, 1456) -> (1168, 1368)
target scene=3 area=(1152, 1344) event=71 script=8146 mode=1 state=1 player=(1168, 1368) pos=(1296, 1448) path=61
marked destination touch VisitKey { scene: 3, area: (1216, 1408), event_id: 48, trigger_script: 60, trigger_mode: 4, state: 1 }
learned exit AreaKey { scene: 3, anchor: (1152, 1344) } event=48 -> AreaKey { scene: 3, anchor: (1216, 1408) }
area teleport in scene 3 at frame 7667: (1168, 1368) -> (1248, 1456)
continuing target event=71 across area (1216, 1408) path=0
target scene=3 area=(1216, 1408) event=54 script=4647 mode=5 state=1 player=(1248, 1456) pos=(992, 1472) path=16
marked destination touch VisitKey { scene: 3, area: (1152, 1344), event_id: 47, trigger_script: 33, trigger_mode: 4, state: 1 }
learned exit AreaKey { scene: 3, anchor: (1216, 1408) } event=47 -> AreaKey { scene: 3, anchor: (1152, 1344) }
area teleport in scene 3 at frame 7680: (1248, 1456) -> (1168, 1368)
target scene=3 area=(1152, 1344) event=71 script=8146 mode=1 state=1 player=(1168, 1368) pos=(1296, 1448) path=61
marked destination touch VisitKey { scene: 3, area: (1216, 1408), event_id: 48, trigger_script: 60, trigger_mode: 4, state: 1 }
learned exit AreaKey { scene: 3, anchor: (1152, 1344) } event=48 -> AreaKey { scene: 3, anchor: (1216, 1408) }
area teleport in scene 3 at frame 7697: (1168, 1368) -> (1248, 1456)
continuing target event=71 across area (1216, 1408) path=0
target scene=3 area=(1216, 1408) event=54 script=4647 mode=5 state=1 player=(1248, 1456) pos=(992, 1472) path=16
marked destination touch VisitKey { scene: 3, area: (1152, 1344), event_id: 47, trigger_script: 33, trigger_mode: 4, state: 1 }
learned exit AreaKey { scene: 3, anchor: (1216, 1408) } event=47 -> AreaKey { scene: 3, anchor: (1152, 1344) }
area teleport in scene 3 at frame 7710: (1248, 1456) -> (1168, 1368)
target scene=3 area=(1152, 1344) event=71 script=8146 mode=1 state=1 player=(1168, 1368) pos=(1296, 1448) path=61
marked destination touch VisitKey { scene: 3, area: (1216, 1408), event_id: 48, trigger_script: 60, trigger_mode: 4, state: 1 }
learned exit AreaKey { scene: 3, anchor: (1152, 1344) } event=48 -> AreaKey { scene: 3, anchor: (1216, 1408) }
area teleport in scene 3 at frame 7727: (1168, 1368) -> (1248, 1456)
continuing target event=71 across area (1216, 1408) path=0
target scene=3 area=(1216, 1408) event=54 script=4647 mode=5 state=1 player=(1248, 1456) pos=(992, 1472) path=16
marked destination touch VisitKey { scene: 3, area: (1152, 1344), event_id: 47, trigger_script: 33, trigger_mode: 4, state: 1 }
learned exit AreaKey { scene: 3, anchor: (1216, 1408) } event=47 -> AreaKey { scene: 3, anchor: (1152, 1344) }
area teleport in scene 3 at frame 7740: (1248, 1456) -> (1168, 1368)
target scene=3 area=(1152, 1344) event=71 script=8146 mode=1 state=1 player=(1168, 1368) pos=(1296, 1448) path=61
marked destination touch VisitKey { scene: 3, area: (1216, 1408), event_id: 48, trigger_script: 60, trigger_mode: 4, state: 1 }
learned exit AreaKey { scene: 3, anchor: (1152, 1344) } event=48 -> AreaKey { scene: 3, anchor: (1216, 1408) }
area teleport in scene 3 at frame 7757: (1168, 1368) -> (1248, 1456)
continuing target event=71 across area (1216, 1408) path=0
target scene=3 area=(1216, 1408) event=54 script=4647 mode=5 state=1 player=(1248, 1456) pos=(992, 1472) path=16
marked destination touch VisitKey { scene: 3, area: (1152, 1344), event_id: 47, trigger_script: 33, trigger_mode: 4, state: 1 }
learned exit AreaKey { scene: 3, anchor: (1216, 1408) } event=47 -> AreaKey { scene: 3, anchor: (1152, 1344) }
area teleport in scene 3 at frame 7770: (1248, 1456) -> (1168, 1368)
target scene=3 area=(1152, 1344) event=71 script=8146 mode=1 state=1 player=(1168, 1368) pos=(1296, 1448) path=61
marked destination touch VisitKey { scene: 3, area: (1216, 1408), event_id: 48, trigger_script: 60, trigger_mode: 4, state: 1 }
learned exit AreaKey { scene: 3, anchor: (1152, 1344) } event=48 -> AreaKey { scene: 3, anchor: (1216, 1408) }
area teleport in scene 3 at frame 7787: (1168, 1368) -> (1248, 1456)
continuing target event=71 across area (1216, 1408) path=0
target scene=3 area=(1216, 1408) event=54 script=4647 mode=5 state=1 player=(1248, 1456) pos=(992, 1472) path=16
marked destination touch VisitKey { scene: 3, area: (1152, 1344), event_id: 47, trigger_script: 33, trigger_mode: 4, state: 1 }
learned exit AreaKey { scene: 3, anchor: (1216, 1408) } event=47 -> AreaKey { scene: 3, anchor: (1152, 1344) }
area teleport in scene 3 at frame 7800: (1248, 1456) -> (1168, 1368)
target scene=3 area=(1152, 1344) event=71 script=8146 mode=1 state=1 player=(1168, 1368) pos=(1296, 1448) path=61
marked destination touch VisitKey { scene: 3, area: (1216, 1408), event_id: 48, trigger_script: 60, trigger_mode: 4, state: 1 }
learned exit AreaKey { scene: 3, anchor: (1152, 1344) } event=48 -> AreaKey { scene: 3, anchor: (1216, 1408) }
area teleport in scene 3 at frame 7817: (1168, 1368) -> (1248, 1456)
continuing target event=71 across area (1216, 1408) path=0
target scene=3 area=(1216, 1408) event=54 script=4647 mode=5 state=1 player=(1248, 1456) pos=(992, 1472) path=16
marked destination touch VisitKey { scene: 3, area: (1152, 1344), event_id: 47, trigger_script: 33, trigger_mode: 4, state: 1 }
learned exit AreaKey { scene: 3, anchor: (1216, 1408) } event=47 -> AreaKey { scene: 3, anchor: (1152, 1344) }
area teleport in scene 3 at frame 7830: (1248, 1456) -> (1168, 1368)
target scene=3 area=(1152, 1344) event=71 script=8146 mode=1 state=1 player=(1168, 1368) pos=(1296, 1448) path=61
marked destination touch VisitKey { scene: 3, area: (1216, 1408), event_id: 48, trigger_script: 60, trigger_mode: 4, state: 1 }
learned exit AreaKey { scene: 3, anchor: (1152, 1344) } event=48 -> AreaKey { scene: 3, anchor: (1216, 1408) }
area teleport in scene 3 at frame 7847: (1168, 1368) -> (1248, 1456)
continuing target event=71 across area (1216, 1408) path=0
target scene=3 area=(1216, 1408) event=54 script=4647 mode=5 state=1 player=(1248, 1456) pos=(992, 1472) path=16
marked destination touch VisitKey { scene: 3, area: (1152, 1344), event_id: 47, trigger_script: 33, trigger_mode: 4, state: 1 }
learned exit AreaKey { scene: 3, anchor: (1216, 1408) } event=47 -> AreaKey { scene: 3, anchor: (1152, 1344) }
area teleport in scene 3 at frame 7860: (1248, 1456) -> (1168, 1368)
target scene=3 area=(1152, 1344) event=71 script=8146 mode=1 state=1 player=(1168, 1368) pos=(1296, 1448) path=61
marked destination touch VisitKey { scene: 3, area: (1216, 1408), event_id: 48, trigger_script: 60, trigger_mode: 4, state: 1 }
learned exit AreaKey { scene: 3, anchor: (1152, 1344) } event=48 -> AreaKey { scene: 3, anchor: (1216, 1408) }
area teleport in scene 3 at frame 7877: (1168, 1368) -> (1248, 1456)
continuing target event=71 across area (1216, 1408) path=0
target scene=3 area=(1216, 1408) event=54 script=4647 mode=5 state=1 player=(1248, 1456) pos=(992, 1472) path=16
marked destination touch VisitKey { scene: 3, area: (1152, 1344), event_id: 47, trigger_script: 33, trigger_mode: 4, state: 1 }
learned exit AreaKey { scene: 3, anchor: (1216, 1408) } event=47 -> AreaKey { scene: 3, anchor: (1152, 1344) }
area teleport in scene 3 at frame 7890: (1248, 1456) -> (1168, 1368)
target scene=3 area=(1152, 1344) event=71 script=8146 mode=1 state=1 player=(1168, 1368) pos=(1296, 1448) path=61
marked destination touch VisitKey { scene: 3, area: (1216, 1408), event_id: 48, trigger_script: 60, trigger_mode: 4, state: 1 }
learned exit AreaKey { scene: 3, anchor: (1152, 1344) } event=48 -> AreaKey { scene: 3, anchor: (1216, 1408) }
area teleport in scene 3 at frame 7907: (1168, 1368) -> (1248, 1456)
continuing target event=71 across area (1216, 1408) path=0
target scene=3 area=(1216, 1408) event=54 script=4647 mode=5 state=1 player=(1248, 1456) pos=(992, 1472) path=16
marked destination touch VisitKey { scene: 3, area: (1152, 1344), event_id: 47, trigger_script: 33, trigger_mode: 4, state: 1 }
learned exit AreaKey { scene: 3, anchor: (1216, 1408) } event=47 -> AreaKey { scene: 3, anchor: (1152, 1344) }
area teleport in scene 3 at frame 7920: (1248, 1456) -> (1168, 1368)
target scene=3 area=(1152, 1344) event=71 script=8146 mode=1 state=1 player=(1168, 1368) pos=(1296, 1448) path=61
marked destination touch VisitKey { scene: 3, area: (1216, 1408), event_id: 48, trigger_script: 60, trigger_mode: 4, state: 1 }
learned exit AreaKey { scene: 3, anchor: (1152, 1344) } event=48 -> AreaKey { scene: 3, anchor: (1216, 1408) }
area teleport in scene 3 at frame 7937: (1168, 1368) -> (1248, 1456)
continuing target event=71 across area (1216, 1408) path=0
target scene=3 area=(1216, 1408) event=54 script=4647 mode=5 state=1 player=(1248, 1456) pos=(992, 1472) path=16
marked destination touch VisitKey { scene: 3, area: (1152, 1344), event_id: 47, trigger_script: 33, trigger_mode: 4, state: 1 }
learned exit AreaKey { scene: 3, anchor: (1216, 1408) } event=47 -> AreaKey { scene: 3, anchor: (1152, 1344) }
area teleport in scene 3 at frame 7950: (1248, 1456) -> (1168, 1368)
target scene=3 area=(1152, 1344) event=71 script=8146 mode=1 state=1 player=(1168, 1368) pos=(1296, 1448) path=61
marked destination touch VisitKey { scene: 3, area: (1216, 1408), event_id: 48, trigger_script: 60, trigger_mode: 4, state: 1 }
learned exit AreaKey { scene: 3, anchor: (1152, 1344) } event=48 -> AreaKey { scene: 3, anchor: (1216, 1408) }
area teleport in scene 3 at frame 7967: (1168, 1368) -> (1248, 1456)
continuing target event=71 across area (1216, 1408) path=0
target scene=3 area=(1216, 1408) event=54 script=4647 mode=5 state=1 player=(1248, 1456) pos=(992, 1472) path=16
marked destination touch VisitKey { scene: 3, area: (1152, 1344), event_id: 47, trigger_script: 33, trigger_mode: 4, state: 1 }
learned exit AreaKey { scene: 3, anchor: (1216, 1408) } event=47 -> AreaKey { scene: 3, anchor: (1152, 1344) }
area teleport in scene 3 at frame 7980: (1248, 1456) -> (1168, 1368)
target scene=3 area=(1152, 1344) event=71 script=8146 mode=1 state=1 player=(1168, 1368) pos=(1296, 1448) path=61
marked destination touch VisitKey { scene: 3, area: (1216, 1408), event_id: 48, trigger_script: 60, trigger_mode: 4, state: 1 }
learned exit AreaKey { scene: 3, anchor: (1152, 1344) } event=48 -> AreaKey { scene: 3, anchor: (1216, 1408) }
area teleport in scene 3 at frame 7997: (1168, 1368) -> (1248, 1456)
continuing target event=71 across area (1216, 1408) path=0
target scene=3 area=(1216, 1408) event=54 script=4647 mode=5 state=1 player=(1248, 1456) pos=(992, 1472) path=16
marked destination touch VisitKey { scene: 3, area: (1152, 1344), event_id: 47, trigger_script: 33, trigger_mode: 4, state: 1 }
learned exit AreaKey { scene: 3, anchor: (1216, 1408) } event=47 -> AreaKey { scene: 3, anchor: (1152, 1344) }
area teleport in scene 3 at frame 8010: (1248, 1456) -> (1168, 1368)
target scene=3 area=(1152, 1344) event=71 script=8146 mode=1 state=1 player=(1168, 1368) pos=(1296, 1448) path=61
marked destination touch VisitKey { scene: 3, area: (1216, 1408), event_id: 48, trigger_script: 60, trigger_mode: 4, state: 1 }
learned exit AreaKey { scene: 3, anchor: (1152, 1344) } event=48 -> AreaKey { scene: 3, anchor: (1216, 1408) }
area teleport in scene 3 at frame 8027: (1168, 1368) -> (1248, 1456)
continuing target event=71 across area (1216, 1408) path=0
target scene=3 area=(1216, 1408) event=54 script=4647 mode=5 state=1 player=(1248, 1456) pos=(992, 1472) path=16
marked destination touch VisitKey { scene: 3, area: (1152, 1344), event_id: 47, trigger_script: 33, trigger_mode: 4, state: 1 }
learned exit AreaKey { scene: 3, anchor: (1216, 1408) } event=47 -> AreaKey { scene: 3, anchor: (1152, 1344) }
area teleport in scene 3 at frame 8040: (1248, 1456) -> (1168, 1368)
target scene=3 area=(1152, 1344) event=71 script=8146 mode=1 state=1 player=(1168, 1368) pos=(1296, 1448) path=61
marked destination touch VisitKey { scene: 3, area: (1216, 1408), event_id: 48, trigger_script: 60, trigger_mode: 4, state: 1 }
learned exit AreaKey { scene: 3, anchor: (1152, 1344) } event=48 -> AreaKey { scene: 3, anchor: (1216, 1408) }
area teleport in scene 3 at frame 8057: (1168, 1368) -> (1248, 1456)
continuing target event=71 across area (1216, 1408) path=0
target scene=3 area=(1216, 1408) event=54 script=4647 mode=5 state=1 player=(1248, 1456) pos=(992, 1472) path=16
marked destination touch VisitKey { scene: 3, area: (1152, 1344), event_id: 47, trigger_script: 33, trigger_mode: 4, state: 1 }
learned exit AreaKey { scene: 3, anchor: (1216, 1408) } event=47 -> AreaKey { scene: 3, anchor: (1152, 1344) }
area teleport in scene 3 at frame 8070: (1248, 1456) -> (1168, 1368)
target scene=3 area=(1152, 1344) event=71 script=8146 mode=1 state=1 player=(1168, 1368) pos=(1296, 1448) path=61
marked destination touch VisitKey { scene: 3, area: (1216, 1408), event_id: 48, trigger_script: 60, trigger_mode: 4, state: 1 }
learned exit AreaKey { scene: 3, anchor: (1152, 1344) } event=48 -> AreaKey { scene: 3, anchor: (1216, 1408) }
area teleport in scene 3 at frame 8087: (1168, 1368) -> (1248, 1456)
continuing target event=71 across area (1216, 1408) path=0
target scene=3 area=(1216, 1408) event=54 script=4647 mode=5 state=1 player=(1248, 1456) pos=(992, 1472) path=16
marked destination touch VisitKey { scene: 3, area: (1152, 1344), event_id: 47, trigger_script: 33, trigger_mode: 4, state: 1 }
learned exit AreaKey { scene: 3, anchor: (1216, 1408) } event=47 -> AreaKey { scene: 3, anchor: (1152, 1344) }
area teleport in scene 3 at frame 8100: (1248, 1456) -> (1168, 1368)
target scene=3 area=(1152, 1344) event=71 script=8146 mode=1 state=1 player=(1168, 1368) pos=(1296, 1448) path=61
marked destination touch VisitKey { scene: 3, area: (1216, 1408), event_id: 48, trigger_script: 60, trigger_mode: 4, state: 1 }
learned exit AreaKey { scene: 3, anchor: (1152, 1344) } event=48 -> AreaKey { scene: 3, anchor: (1216, 1408) }
area teleport in scene 3 at frame 8117: (1168, 1368) -> (1248, 1456)
continuing target event=71 across area (1216, 1408) path=0
target scene=3 area=(1216, 1408) event=54 script=4647 mode=5 state=1 player=(1248, 1456) pos=(992, 1472) path=16
marked destination touch VisitKey { scene: 3, area: (1152, 1344), event_id: 47, trigger_script: 33, trigger_mode: 4, state: 1 }
learned exit AreaKey { scene: 3, anchor: (1216, 1408) } event=47 -> AreaKey { scene: 3, anchor: (1152, 1344) }
area teleport in scene 3 at frame 8130: (1248, 1456) -> (1168, 1368)
target scene=3 area=(1152, 1344) event=71 script=8146 mode=1 state=1 player=(1168, 1368) pos=(1296, 1448) path=61
marked destination touch VisitKey { scene: 3, area: (1216, 1408), event_id: 48, trigger_script: 60, trigger_mode: 4, state: 1 }
learned exit AreaKey { scene: 3, anchor: (1152, 1344) } event=48 -> AreaKey { scene: 3, anchor: (1216, 1408) }
area teleport in scene 3 at frame 8147: (1168, 1368) -> (1248, 1456)
continuing target event=71 across area (1216, 1408) path=0
target scene=3 area=(1216, 1408) event=54 script=4647 mode=5 state=1 player=(1248, 1456) pos=(992, 1472) path=16
marked destination touch VisitKey { scene: 3, area: (1152, 1344), event_id: 47, trigger_script: 33, trigger_mode: 4, state: 1 }
learned exit AreaKey { scene: 3, anchor: (1216, 1408) } event=47 -> AreaKey { scene: 3, anchor: (1152, 1344) }
area teleport in scene 3 at frame 8160: (1248, 1456) -> (1168, 1368)
target scene=3 area=(1152, 1344) event=71 script=8146 mode=1 state=1 player=(1168, 1368) pos=(1296, 1448) path=61
marked destination touch VisitKey { scene: 3, area: (1216, 1408), event_id: 48, trigger_script: 60, trigger_mode: 4, state: 1 }
learned exit AreaKey { scene: 3, anchor: (1152, 1344) } event=48 -> AreaKey { scene: 3, anchor: (1216, 1408) }
area teleport in scene 3 at frame 8177: (1168, 1368) -> (1248, 1456)
continuing target event=71 across area (1216, 1408) path=0
target scene=3 area=(1216, 1408) event=54 script=4647 mode=5 state=1 player=(1248, 1456) pos=(992, 1472) path=16
marked destination touch VisitKey { scene: 3, area: (1152, 1344), event_id: 47, trigger_script: 33, trigger_mode: 4, state: 1 }
learned exit AreaKey { scene: 3, anchor: (1216, 1408) } event=47 -> AreaKey { scene: 3, anchor: (1152, 1344) }
area teleport in scene 3 at frame 8190: (1248, 1456) -> (1168, 1368)
target scene=3 area=(1152, 1344) event=71 script=8146 mode=1 state=1 player=(1168, 1368) pos=(1296, 1448) path=61
marked destination touch VisitKey { scene: 3, area: (1216, 1408), event_id: 48, trigger_script: 60, trigger_mode: 4, state: 1 }
learned exit AreaKey { scene: 3, anchor: (1152, 1344) } event=48 -> AreaKey { scene: 3, anchor: (1216, 1408) }
area teleport in scene 3 at frame 8207: (1168, 1368) -> (1248, 1456)
continuing target event=71 across area (1216, 1408) path=0
target scene=3 area=(1216, 1408) event=54 script=4647 mode=5 state=1 player=(1248, 1456) pos=(992, 1472) path=16
marked destination touch VisitKey { scene: 3, area: (1152, 1344), event_id: 47, trigger_script: 33, trigger_mode: 4, state: 1 }
learned exit AreaKey { scene: 3, anchor: (1216, 1408) } event=47 -> AreaKey { scene: 3, anchor: (1152, 1344) }
area teleport in scene 3 at frame 8220: (1248, 1456) -> (1168, 1368)
target scene=3 area=(1152, 1344) event=71 script=8146 mode=1 state=1 player=(1168, 1368) pos=(1296, 1448) path=61
marked destination touch VisitKey { scene: 3, area: (1216, 1408), event_id: 48, trigger_script: 60, trigger_mode: 4, state: 1 }
learned exit AreaKey { scene: 3, anchor: (1152, 1344) } event=48 -> AreaKey { scene: 3, anchor: (1216, 1408) }
area teleport in scene 3 at frame 8237: (1168, 1368) -> (1248, 1456)
continuing target event=71 across area (1216, 1408) path=0
target scene=3 area=(1216, 1408) event=54 script=4647 mode=5 state=1 player=(1248, 1456) pos=(992, 1472) path=16
marked destination touch VisitKey { scene: 3, area: (1152, 1344), event_id: 47, trigger_script: 33, trigger_mode: 4, state: 1 }
learned exit AreaKey { scene: 3, anchor: (1216, 1408) } event=47 -> AreaKey { scene: 3, anchor: (1152, 1344) }
area teleport in scene 3 at frame 8250: (1248, 1456) -> (1168, 1368)
target scene=3 area=(1152, 1344) event=71 script=8146 mode=1 state=1 player=(1168, 1368) pos=(1296, 1448) path=61
marked destination touch VisitKey { scene: 3, area: (1216, 1408), event_id: 48, trigger_script: 60, trigger_mode: 4, state: 1 }
learned exit AreaKey { scene: 3, anchor: (1152, 1344) } event=48 -> AreaKey { scene: 3, anchor: (1216, 1408) }
area teleport in scene 3 at frame 8267: (1168, 1368) -> (1248, 1456)
continuing target event=71 across area (1216, 1408) path=0
target scene=3 area=(1216, 1408) event=54 script=4647 mode=5 state=1 player=(1248, 1456) pos=(992, 1472) path=16
marked destination touch VisitKey { scene: 3, area: (1152, 1344), event_id: 47, trigger_script: 33, trigger_mode: 4, state: 1 }
learned exit AreaKey { scene: 3, anchor: (1216, 1408) } event=47 -> AreaKey { scene: 3, anchor: (1152, 1344) }
area teleport in scene 3 at frame 8280: (1248, 1456) -> (1168, 1368)
target scene=3 area=(1152, 1344) event=71 script=8146 mode=1 state=1 player=(1168, 1368) pos=(1296, 1448) path=61
marked destination touch VisitKey { scene: 3, area: (1216, 1408), event_id: 48, trigger_script: 60, trigger_mode: 4, state: 1 }
learned exit AreaKey { scene: 3, anchor: (1152, 1344) } event=48 -> AreaKey { scene: 3, anchor: (1216, 1408) }
area teleport in scene 3 at frame 8297: (1168, 1368) -> (1248, 1456)
continuing target event=71 across area (1216, 1408) path=0
target scene=3 area=(1216, 1408) event=54 script=4647 mode=5 state=1 player=(1248, 1456) pos=(992, 1472) path=16
marked destination touch VisitKey { scene: 3, area: (1152, 1344), event_id: 47, trigger_script: 33, trigger_mode: 4, state: 1 }
learned exit AreaKey { scene: 3, anchor: (1216, 1408) } event=47 -> AreaKey { scene: 3, anchor: (1152, 1344) }
area teleport in scene 3 at frame 8310: (1248, 1456) -> (1168, 1368)
target scene=3 area=(1152, 1344) event=71 script=8146 mode=1 state=1 player=(1168, 1368) pos=(1296, 1448) path=61
marked destination touch VisitKey { scene: 3, area: (1216, 1408), event_id: 48, trigger_script: 60, trigger_mode: 4, state: 1 }
learned exit AreaKey { scene: 3, anchor: (1152, 1344) } event=48 -> AreaKey { scene: 3, anchor: (1216, 1408) }
area teleport in scene 3 at frame 8327: (1168, 1368) -> (1248, 1456)
continuing target event=71 across area (1216, 1408) path=0
target scene=3 area=(1216, 1408) event=54 script=4647 mode=5 state=1 player=(1248, 1456) pos=(992, 1472) path=16
marked destination touch VisitKey { scene: 3, area: (1152, 1344), event_id: 47, trigger_script: 33, trigger_mode: 4, state: 1 }
learned exit AreaKey { scene: 3, anchor: (1216, 1408) } event=47 -> AreaKey { scene: 3, anchor: (1152, 1344) }
area teleport in scene 3 at frame 8340: (1248, 1456) -> (1168, 1368)
target scene=3 area=(1152, 1344) event=71 script=8146 mode=1 state=1 player=(1168, 1368) pos=(1296, 1448) path=61
marked destination touch VisitKey { scene: 3, area: (1216, 1408), event_id: 48, trigger_script: 60, trigger_mode: 4, state: 1 }
learned exit AreaKey { scene: 3, anchor: (1152, 1344) } event=48 -> AreaKey { scene: 3, anchor: (1216, 1408) }
area teleport in scene 3 at frame 8357: (1168, 1368) -> (1248, 1456)
continuing target event=71 across area (1216, 1408) path=0
target scene=3 area=(1216, 1408) event=54 script=4647 mode=5 state=1 player=(1248, 1456) pos=(992, 1472) path=16
marked destination touch VisitKey { scene: 3, area: (1152, 1344), event_id: 47, trigger_script: 33, trigger_mode: 4, state: 1 }
learned exit AreaKey { scene: 3, anchor: (1216, 1408) } event=47 -> AreaKey { scene: 3, anchor: (1152, 1344) }
area teleport in scene 3 at frame 8370: (1248, 1456) -> (1168, 1368)
target scene=3 area=(1152, 1344) event=71 script=8146 mode=1 state=1 player=(1168, 1368) pos=(1296, 1448) path=61
marked destination touch VisitKey { scene: 3, area: (1216, 1408), event_id: 48, trigger_script: 60, trigger_mode: 4, state: 1 }
learned exit AreaKey { scene: 3, anchor: (1152, 1344) } event=48 -> AreaKey { scene: 3, anchor: (1216, 1408) }
area teleport in scene 3 at frame 8387: (1168, 1368) -> (1248, 1456)
continuing target event=71 across area (1216, 1408) path=0
target scene=3 area=(1216, 1408) event=54 script=4647 mode=5 state=1 player=(1248, 1456) pos=(992, 1472) path=16
marked destination touch VisitKey { scene: 3, area: (1152, 1344), event_id: 47, trigger_script: 33, trigger_mode: 4, state: 1 }
learned exit AreaKey { scene: 3, anchor: (1216, 1408) } event=47 -> AreaKey { scene: 3, anchor: (1152, 1344) }
area teleport in scene 3 at frame 8400: (1248, 1456) -> (1168, 1368)
target scene=3 area=(1152, 1344) event=71 script=8146 mode=1 state=1 player=(1168, 1368) pos=(1296, 1448) path=61
marked destination touch VisitKey { scene: 3, area: (1216, 1408), event_id: 48, trigger_script: 60, trigger_mode: 4, state: 1 }
learned exit AreaKey { scene: 3, anchor: (1152, 1344) } event=48 -> AreaKey { scene: 3, anchor: (1216, 1408) }
area teleport in scene 3 at frame 8417: (1168, 1368) -> (1248, 1456)
continuing target event=71 across area (1216, 1408) path=0
target scene=3 area=(1216, 1408) event=54 script=4647 mode=5 state=1 player=(1248, 1456) pos=(992, 1472) path=16
marked destination touch VisitKey { scene: 3, area: (1152, 1344), event_id: 47, trigger_script: 33, trigger_mode: 4, state: 1 }
learned exit AreaKey { scene: 3, anchor: (1216, 1408) } event=47 -> AreaKey { scene: 3, anchor: (1152, 1344) }
area teleport in scene 3 at frame 8430: (1248, 1456) -> (1168, 1368)
target scene=3 area=(1152, 1344) event=71 script=8146 mode=1 state=1 player=(1168, 1368) pos=(1296, 1448) path=61
marked destination touch VisitKey { scene: 3, area: (1216, 1408), event_id: 48, trigger_script: 60, trigger_mode: 4, state: 1 }
learned exit AreaKey { scene: 3, anchor: (1152, 1344) } event=48 -> AreaKey { scene: 3, anchor: (1216, 1408) }
area teleport in scene 3 at frame 8447: (1168, 1368) -> (1248, 1456)
continuing target event=71 across area (1216, 1408) path=0
target scene=3 area=(1216, 1408) event=54 script=4647 mode=5 state=1 player=(1248, 1456) pos=(992, 1472) path=16
marked destination touch VisitKey { scene: 3, area: (1152, 1344), event_id: 47, trigger_script: 33, trigger_mode: 4, state: 1 }
learned exit AreaKey { scene: 3, anchor: (1216, 1408) } event=47 -> AreaKey { scene: 3, anchor: (1152, 1344) }
area teleport in scene 3 at frame 8460: (1248, 1456) -> (1168, 1368)
target scene=3 area=(1152, 1344) event=71 script=8146 mode=1 state=1 player=(1168, 1368) pos=(1296, 1448) path=61
marked destination touch VisitKey { scene: 3, area: (1216, 1408), event_id: 48, trigger_script: 60, trigger_mode: 4, state: 1 }
learned exit AreaKey { scene: 3, anchor: (1152, 1344) } event=48 -> AreaKey { scene: 3, anchor: (1216, 1408) }
area teleport in scene 3 at frame 8477: (1168, 1368) -> (1248, 1456)
continuing target event=71 across area (1216, 1408) path=0
target scene=3 area=(1216, 1408) event=54 script=4647 mode=5 state=1 player=(1248, 1456) pos=(992, 1472) path=16
marked destination touch VisitKey { scene: 3, area: (1152, 1344), event_id: 47, trigger_script: 33, trigger_mode: 4, state: 1 }
learned exit AreaKey { scene: 3, anchor: (1216, 1408) } event=47 -> AreaKey { scene: 3, anchor: (1152, 1344) }
area teleport in scene 3 at frame 8490: (1248, 1456) -> (1168, 1368)
target scene=3 area=(1152, 1344) event=71 script=8146 mode=1 state=1 player=(1168, 1368) pos=(1296, 1448) path=61
marked destination touch VisitKey { scene: 3, area: (1216, 1408), event_id: 48, trigger_script: 60, trigger_mode: 4, state: 1 }
learned exit AreaKey { scene: 3, anchor: (1152, 1344) } event=48 -> AreaKey { scene: 3, anchor: (1216, 1408) }
area teleport in scene 3 at frame 8507: (1168, 1368) -> (1248, 1456)
continuing target event=71 across area (1216, 1408) path=0
target scene=3 area=(1216, 1408) event=54 script=4647 mode=5 state=1 player=(1248, 1456) pos=(992, 1472) path=16
marked destination touch VisitKey { scene: 3, area: (1152, 1344), event_id: 47, trigger_script: 33, trigger_mode: 4, state: 1 }
learned exit AreaKey { scene: 3, anchor: (1216, 1408) } event=47 -> AreaKey { scene: 3, anchor: (1152, 1344) }
area teleport in scene 3 at frame 8520: (1248, 1456) -> (1168, 1368)
target scene=3 area=(1152, 1344) event=71 script=8146 mode=1 state=1 player=(1168, 1368) pos=(1296, 1448) path=61
marked destination touch VisitKey { scene: 3, area: (1216, 1408), event_id: 48, trigger_script: 60, trigger_mode: 4, state: 1 }
learned exit AreaKey { scene: 3, anchor: (1152, 1344) } event=48 -> AreaKey { scene: 3, anchor: (1216, 1408) }
area teleport in scene 3 at frame 8537: (1168, 1368) -> (1248, 1456)
continuing target event=71 across area (1216, 1408) path=0
target scene=3 area=(1216, 1408) event=54 script=4647 mode=5 state=1 player=(1248, 1456) pos=(992, 1472) path=16
marked destination touch VisitKey { scene: 3, area: (1152, 1344), event_id: 47, trigger_script: 33, trigger_mode: 4, state: 1 }
learned exit AreaKey { scene: 3, anchor: (1216, 1408) } event=47 -> AreaKey { scene: 3, anchor: (1152, 1344) }
area teleport in scene 3 at frame 8550: (1248, 1456) -> (1168, 1368)
target scene=3 area=(1152, 1344) event=71 script=8146 mode=1 state=1 player=(1168, 1368) pos=(1296, 1448) path=61
marked destination touch VisitKey { scene: 3, area: (1216, 1408), event_id: 48, trigger_script: 60, trigger_mode: 4, state: 1 }
learned exit AreaKey { scene: 3, anchor: (1152, 1344) } event=48 -> AreaKey { scene: 3, anchor: (1216, 1408) }
area teleport in scene 3 at frame 8567: (1168, 1368) -> (1248, 1456)
continuing target event=71 across area (1216, 1408) path=0
target scene=3 area=(1216, 1408) event=54 script=4647 mode=5 state=1 player=(1248, 1456) pos=(992, 1472) path=16
marked destination touch VisitKey { scene: 3, area: (1152, 1344), event_id: 47, trigger_script: 33, trigger_mode: 4, state: 1 }
learned exit AreaKey { scene: 3, anchor: (1216, 1408) } event=47 -> AreaKey { scene: 3, anchor: (1152, 1344) }
area teleport in scene 3 at frame 8580: (1248, 1456) -> (1168, 1368)
target scene=3 area=(1152, 1344) event=71 script=8146 mode=1 state=1 player=(1168, 1368) pos=(1296, 1448) path=61
marked destination touch VisitKey { scene: 3, area: (1216, 1408), event_id: 48, trigger_script: 60, trigger_mode: 4, state: 1 }
learned exit AreaKey { scene: 3, anchor: (1152, 1344) } event=48 -> AreaKey { scene: 3, anchor: (1216, 1408) }
area teleport in scene 3 at frame 8597: (1168, 1368) -> (1248, 1456)
continuing target event=71 across area (1216, 1408) path=0
target scene=3 area=(1216, 1408) event=54 script=4647 mode=5 state=1 player=(1248, 1456) pos=(992, 1472) path=16
marked destination touch VisitKey { scene: 3, area: (1152, 1344), event_id: 47, trigger_script: 33, trigger_mode: 4, state: 1 }
learned exit AreaKey { scene: 3, anchor: (1216, 1408) } event=47 -> AreaKey { scene: 3, anchor: (1152, 1344) }
area teleport in scene 3 at frame 8610: (1248, 1456) -> (1168, 1368)
target scene=3 area=(1152, 1344) event=71 script=8146 mode=1 state=1 player=(1168, 1368) pos=(1296, 1448) path=61
marked destination touch VisitKey { scene: 3, area: (1216, 1408), event_id: 48, trigger_script: 60, trigger_mode: 4, state: 1 }
learned exit AreaKey { scene: 3, anchor: (1152, 1344) } event=48 -> AreaKey { scene: 3, anchor: (1216, 1408) }
area teleport in scene 3 at frame 8627: (1168, 1368) -> (1248, 1456)
continuing target event=71 across area (1216, 1408) path=0
target scene=3 area=(1216, 1408) event=54 script=4647 mode=5 state=1 player=(1248, 1456) pos=(992, 1472) path=16
marked destination touch VisitKey { scene: 3, area: (1152, 1344), event_id: 47, trigger_script: 33, trigger_mode: 4, state: 1 }
learned exit AreaKey { scene: 3, anchor: (1216, 1408) } event=47 -> AreaKey { scene: 3, anchor: (1152, 1344) }
area teleport in scene 3 at frame 8640: (1248, 1456) -> (1168, 1368)
target scene=3 area=(1152, 1344) event=71 script=8146 mode=1 state=1 player=(1168, 1368) pos=(1296, 1448) path=61
marked destination touch VisitKey { scene: 3, area: (1216, 1408), event_id: 48, trigger_script: 60, trigger_mode: 4, state: 1 }
learned exit AreaKey { scene: 3, anchor: (1152, 1344) } event=48 -> AreaKey { scene: 3, anchor: (1216, 1408) }
area teleport in scene 3 at frame 8657: (1168, 1368) -> (1248, 1456)
continuing target event=71 across area (1216, 1408) path=0
target scene=3 area=(1216, 1408) event=54 script=4647 mode=5 state=1 player=(1248, 1456) pos=(992, 1472) path=16
marked destination touch VisitKey { scene: 3, area: (1152, 1344), event_id: 47, trigger_script: 33, trigger_mode: 4, state: 1 }
learned exit AreaKey { scene: 3, anchor: (1216, 1408) } event=47 -> AreaKey { scene: 3, anchor: (1152, 1344) }
area teleport in scene 3 at frame 8670: (1248, 1456) -> (1168, 1368)
target scene=3 area=(1152, 1344) event=71 script=8146 mode=1 state=1 player=(1168, 1368) pos=(1296, 1448) path=61
marked destination touch VisitKey { scene: 3, area: (1216, 1408), event_id: 48, trigger_script: 60, trigger_mode: 4, state: 1 }
learned exit AreaKey { scene: 3, anchor: (1152, 1344) } event=48 -> AreaKey { scene: 3, anchor: (1216, 1408) }
area teleport in scene 3 at frame 8687: (1168, 1368) -> (1248, 1456)
continuing target event=71 across area (1216, 1408) path=0
target scene=3 area=(1216, 1408) event=54 script=4647 mode=5 state=1 player=(1248, 1456) pos=(992, 1472) path=16
marked destination touch VisitKey { scene: 3, area: (1152, 1344), event_id: 47, trigger_script: 33, trigger_mode: 4, state: 1 }
learned exit AreaKey { scene: 3, anchor: (1216, 1408) } event=47 -> AreaKey { scene: 3, anchor: (1152, 1344) }
area teleport in scene 3 at frame 8700: (1248, 1456) -> (1168, 1368)
target scene=3 area=(1152, 1344) event=71 script=8146 mode=1 state=1 player=(1168, 1368) pos=(1296, 1448) path=61
marked destination touch VisitKey { scene: 3, area: (1216, 1408), event_id: 48, trigger_script: 60, trigger_mode: 4, state: 1 }
learned exit AreaKey { scene: 3, anchor: (1152, 1344) } event=48 -> AreaKey { scene: 3, anchor: (1216, 1408) }
area teleport in scene 3 at frame 8717: (1168, 1368) -> (1248, 1456)
continuing target event=71 across area (1216, 1408) path=0
target scene=3 area=(1216, 1408) event=54 script=4647 mode=5 state=1 player=(1248, 1456) pos=(992, 1472) path=16
marked destination touch VisitKey { scene: 3, area: (1152, 1344), event_id: 47, trigger_script: 33, trigger_mode: 4, state: 1 }
learned exit AreaKey { scene: 3, anchor: (1216, 1408) } event=47 -> AreaKey { scene: 3, anchor: (1152, 1344) }
area teleport in scene 3 at frame 8730: (1248, 1456) -> (1168, 1368)
target scene=3 area=(1152, 1344) event=71 script=8146 mode=1 state=1 player=(1168, 1368) pos=(1296, 1448) path=61
marked destination touch VisitKey { scene: 3, area: (1216, 1408), event_id: 48, trigger_script: 60, trigger_mode: 4, state: 1 }
learned exit AreaKey { scene: 3, anchor: (1152, 1344) } event=48 -> AreaKey { scene: 3, anchor: (1216, 1408) }
area teleport in scene 3 at frame 8747: (1168, 1368) -> (1248, 1456)
continuing target event=71 across area (1216, 1408) path=0
target scene=3 area=(1216, 1408) event=54 script=4647 mode=5 state=1 player=(1248, 1456) pos=(992, 1472) path=16
marked destination touch VisitKey { scene: 3, area: (1152, 1344), event_id: 47, trigger_script: 33, trigger_mode: 4, state: 1 }
learned exit AreaKey { scene: 3, anchor: (1216, 1408) } event=47 -> AreaKey { scene: 3, anchor: (1152, 1344) }
area teleport in scene 3 at frame 8760: (1248, 1456) -> (1168, 1368)
target scene=3 area=(1152, 1344) event=71 script=8146 mode=1 state=1 player=(1168, 1368) pos=(1296, 1448) path=61
marked destination touch VisitKey { scene: 3, area: (1216, 1408), event_id: 48, trigger_script: 60, trigger_mode: 4, state: 1 }
learned exit AreaKey { scene: 3, anchor: (1152, 1344) } event=48 -> AreaKey { scene: 3, anchor: (1216, 1408) }
area teleport in scene 3 at frame 8777: (1168, 1368) -> (1248, 1456)
continuing target event=71 across area (1216, 1408) path=0
target scene=3 area=(1216, 1408) event=54 script=4647 mode=5 state=1 player=(1248, 1456) pos=(992, 1472) path=16
marked destination touch VisitKey { scene: 3, area: (1152, 1344), event_id: 47, trigger_script: 33, trigger_mode: 4, state: 1 }
learned exit AreaKey { scene: 3, anchor: (1216, 1408) } event=47 -> AreaKey { scene: 3, anchor: (1152, 1344) }
area teleport in scene 3 at frame 8790: (1248, 1456) -> (1168, 1368)
target scene=3 area=(1152, 1344) event=71 script=8146 mode=1 state=1 player=(1168, 1368) pos=(1296, 1448) path=61
marked destination touch VisitKey { scene: 3, area: (1216, 1408), event_id: 48, trigger_script: 60, trigger_mode: 4, state: 1 }
learned exit AreaKey { scene: 3, anchor: (1152, 1344) } event=48 -> AreaKey { scene: 3, anchor: (1216, 1408) }
area teleport in scene 3 at frame 8807: (1168, 1368) -> (1248, 1456)
continuing target event=71 across area (1216, 1408) path=0
target scene=3 area=(1216, 1408) event=54 script=4647 mode=5 state=1 player=(1248, 1456) pos=(992, 1472) path=16
marked destination touch VisitKey { scene: 3, area: (1152, 1344), event_id: 47, trigger_script: 33, trigger_mode: 4, state: 1 }
learned exit AreaKey { scene: 3, anchor: (1216, 1408) } event=47 -> AreaKey { scene: 3, anchor: (1152, 1344) }
area teleport in scene 3 at frame 8820: (1248, 1456) -> (1168, 1368)
target scene=3 area=(1152, 1344) event=71 script=8146 mode=1 state=1 player=(1168, 1368) pos=(1296, 1448) path=61
marked destination touch VisitKey { scene: 3, area: (1216, 1408), event_id: 48, trigger_script: 60, trigger_mode: 4, state: 1 }
learned exit AreaKey { scene: 3, anchor: (1152, 1344) } event=48 -> AreaKey { scene: 3, anchor: (1216, 1408) }
area teleport in scene 3 at frame 8837: (1168, 1368) -> (1248, 1456)
continuing target event=71 across area (1216, 1408) path=0
target scene=3 area=(1216, 1408) event=54 script=4647 mode=5 state=1 player=(1248, 1456) pos=(992, 1472) path=16
marked destination touch VisitKey { scene: 3, area: (1152, 1344), event_id: 47, trigger_script: 33, trigger_mode: 4, state: 1 }
learned exit AreaKey { scene: 3, anchor: (1216, 1408) } event=47 -> AreaKey { scene: 3, anchor: (1152, 1344) }
area teleport in scene 3 at frame 8850: (1248, 1456) -> (1168, 1368)
target scene=3 area=(1152, 1344) event=71 script=8146 mode=1 state=1 player=(1168, 1368) pos=(1296, 1448) path=61
marked destination touch VisitKey { scene: 3, area: (1216, 1408), event_id: 48, trigger_script: 60, trigger_mode: 4, state: 1 }
learned exit AreaKey { scene: 3, anchor: (1152, 1344) } event=48 -> AreaKey { scene: 3, anchor: (1216, 1408) }
area teleport in scene 3 at frame 8867: (1168, 1368) -> (1248, 1456)
continuing target event=71 across area (1216, 1408) path=0
target scene=3 area=(1216, 1408) event=54 script=4647 mode=5 state=1 player=(1248, 1456) pos=(992, 1472) path=16
marked destination touch VisitKey { scene: 3, area: (1152, 1344), event_id: 47, trigger_script: 33, trigger_mode: 4, state: 1 }
learned exit AreaKey { scene: 3, anchor: (1216, 1408) } event=47 -> AreaKey { scene: 3, anchor: (1152, 1344) }
area teleport in scene 3 at frame 8880: (1248, 1456) -> (1168, 1368)
target scene=3 area=(1152, 1344) event=71 script=8146 mode=1 state=1 player=(1168, 1368) pos=(1296, 1448) path=61
marked destination touch VisitKey { scene: 3, area: (1216, 1408), event_id: 48, trigger_script: 60, trigger_mode: 4, state: 1 }
learned exit AreaKey { scene: 3, anchor: (1152, 1344) } event=48 -> AreaKey { scene: 3, anchor: (1216, 1408) }
area teleport in scene 3 at frame 8897: (1168, 1368) -> (1248, 1456)
continuing target event=71 across area (1216, 1408) path=0
target scene=3 area=(1216, 1408) event=54 script=4647 mode=5 state=1 player=(1248, 1456) pos=(992, 1472) path=16
marked destination touch VisitKey { scene: 3, area: (1152, 1344), event_id: 47, trigger_script: 33, trigger_mode: 4, state: 1 }
learned exit AreaKey { scene: 3, anchor: (1216, 1408) } event=47 -> AreaKey { scene: 3, anchor: (1152, 1344) }
area teleport in scene 3 at frame 8910: (1248, 1456) -> (1168, 1368)
target scene=3 area=(1152, 1344) event=71 script=8146 mode=1 state=1 player=(1168, 1368) pos=(1296, 1448) path=61
marked destination touch VisitKey { scene: 3, area: (1216, 1408), event_id: 48, trigger_script: 60, trigger_mode: 4, state: 1 }
learned exit AreaKey { scene: 3, anchor: (1152, 1344) } event=48 -> AreaKey { scene: 3, anchor: (1216, 1408) }
area teleport in scene 3 at frame 8927: (1168, 1368) -> (1248, 1456)
continuing target event=71 across area (1216, 1408) path=0
target scene=3 area=(1216, 1408) event=54 script=4647 mode=5 state=1 player=(1248, 1456) pos=(992, 1472) path=16
marked destination touch VisitKey { scene: 3, area: (1152, 1344), event_id: 47, trigger_script: 33, trigger_mode: 4, state: 1 }
learned exit AreaKey { scene: 3, anchor: (1216, 1408) } event=47 -> AreaKey { scene: 3, anchor: (1152, 1344) }
area teleport in scene 3 at frame 8940: (1248, 1456) -> (1168, 1368)
target scene=3 area=(1152, 1344) event=71 script=8146 mode=1 state=1 player=(1168, 1368) pos=(1296, 1448) path=61
marked destination touch VisitKey { scene: 3, area: (1216, 1408), event_id: 48, trigger_script: 60, trigger_mode: 4, state: 1 }
learned exit AreaKey { scene: 3, anchor: (1152, 1344) } event=48 -> AreaKey { scene: 3, anchor: (1216, 1408) }
area teleport in scene 3 at frame 8957: (1168, 1368) -> (1248, 1456)
continuing target event=71 across area (1216, 1408) path=0
target scene=3 area=(1216, 1408) event=54 script=4647 mode=5 state=1 player=(1248, 1456) pos=(992, 1472) path=16
marked destination touch VisitKey { scene: 3, area: (1152, 1344), event_id: 47, trigger_script: 33, trigger_mode: 4, state: 1 }
learned exit AreaKey { scene: 3, anchor: (1216, 1408) } event=47 -> AreaKey { scene: 3, anchor: (1152, 1344) }
area teleport in scene 3 at frame 8970: (1248, 1456) -> (1168, 1368)
target scene=3 area=(1152, 1344) event=71 script=8146 mode=1 state=1 player=(1168, 1368) pos=(1296, 1448) path=61
marked destination touch VisitKey { scene: 3, area: (1216, 1408), event_id: 48, trigger_script: 60, trigger_mode: 4, state: 1 }
learned exit AreaKey { scene: 3, anchor: (1152, 1344) } event=48 -> AreaKey { scene: 3, anchor: (1216, 1408) }
area teleport in scene 3 at frame 8987: (1168, 1368) -> (1248, 1456)
continuing target event=71 across area (1216, 1408) path=0
target scene=3 area=(1216, 1408) event=54 script=4647 mode=5 state=1 player=(1248, 1456) pos=(992, 1472) path=16
marked destination touch VisitKey { scene: 3, area: (1152, 1344), event_id: 47, trigger_script: 33, trigger_mode: 4, state: 1 }
learned exit AreaKey { scene: 3, anchor: (1216, 1408) } event=47 -> AreaKey { scene: 3, anchor: (1152, 1344) }
area teleport in scene 3 at frame 9000: (1248, 1456) -> (1168, 1368)
target scene=3 area=(1152, 1344) event=71 script=8146 mode=1 state=1 player=(1168, 1368) pos=(1296, 1448) path=61
marked destination touch VisitKey { scene: 3, area: (1216, 1408), event_id: 48, trigger_script: 60, trigger_mode: 4, state: 1 }
learned exit AreaKey { scene: 3, anchor: (1152, 1344) } event=48 -> AreaKey { scene: 3, anchor: (1216, 1408) }
area teleport in scene 3 at frame 9017: (1168, 1368) -> (1248, 1456)
continuing target event=71 across area (1216, 1408) path=0
target scene=3 area=(1216, 1408) event=54 script=4647 mode=5 state=1 player=(1248, 1456) pos=(992, 1472) path=16
marked destination touch VisitKey { scene: 3, area: (1152, 1344), event_id: 47, trigger_script: 33, trigger_mode: 4, state: 1 }
learned exit AreaKey { scene: 3, anchor: (1216, 1408) } event=47 -> AreaKey { scene: 3, anchor: (1152, 1344) }
area teleport in scene 3 at frame 9030: (1248, 1456) -> (1168, 1368)
target scene=3 area=(1152, 1344) event=71 script=8146 mode=1 state=1 player=(1168, 1368) pos=(1296, 1448) path=61
marked destination touch VisitKey { scene: 3, area: (1216, 1408), event_id: 48, trigger_script: 60, trigger_mode: 4, state: 1 }
learned exit AreaKey { scene: 3, anchor: (1152, 1344) } event=48 -> AreaKey { scene: 3, anchor: (1216, 1408) }
area teleport in scene 3 at frame 9047: (1168, 1368) -> (1248, 1456)
continuing target event=71 across area (1216, 1408) path=0
target scene=3 area=(1216, 1408) event=54 script=4647 mode=5 state=1 player=(1248, 1456) pos=(992, 1472) path=16
marked destination touch VisitKey { scene: 3, area: (1152, 1344), event_id: 47, trigger_script: 33, trigger_mode: 4, state: 1 }
learned exit AreaKey { scene: 3, anchor: (1216, 1408) } event=47 -> AreaKey { scene: 3, anchor: (1152, 1344) }
area teleport in scene 3 at frame 9060: (1248, 1456) -> (1168, 1368)
target scene=3 area=(1152, 1344) event=71 script=8146 mode=1 state=1 player=(1168, 1368) pos=(1296, 1448) path=61
marked destination touch VisitKey { scene: 3, area: (1216, 1408), event_id: 48, trigger_script: 60, trigger_mode: 4, state: 1 }
learned exit AreaKey { scene: 3, anchor: (1152, 1344) } event=48 -> AreaKey { scene: 3, anchor: (1216, 1408) }
area teleport in scene 3 at frame 9077: (1168, 1368) -> (1248, 1456)
continuing target event=71 across area (1216, 1408) path=0
target scene=3 area=(1216, 1408) event=54 script=4647 mode=5 state=1 player=(1248, 1456) pos=(992, 1472) path=16
marked destination touch VisitKey { scene: 3, area: (1152, 1344), event_id: 47, trigger_script: 33, trigger_mode: 4, state: 1 }
learned exit AreaKey { scene: 3, anchor: (1216, 1408) } event=47 -> AreaKey { scene: 3, anchor: (1152, 1344) }
area teleport in scene 3 at frame 9090: (1248, 1456) -> (1168, 1368)
target scene=3 area=(1152, 1344) event=71 script=8146 mode=1 state=1 player=(1168, 1368) pos=(1296, 1448) path=61
marked destination touch VisitKey { scene: 3, area: (1216, 1408), event_id: 48, trigger_script: 60, trigger_mode: 4, state: 1 }
learned exit AreaKey { scene: 3, anchor: (1152, 1344) } event=48 -> AreaKey { scene: 3, anchor: (1216, 1408) }
area teleport in scene 3 at frame 9107: (1168, 1368) -> (1248, 1456)
continuing target event=71 across area (1216, 1408) path=0
target scene=3 area=(1216, 1408) event=54 script=4647 mode=5 state=1 player=(1248, 1456) pos=(992, 1472) path=16
marked destination touch VisitKey { scene: 3, area: (1152, 1344), event_id: 47, trigger_script: 33, trigger_mode: 4, state: 1 }
learned exit AreaKey { scene: 3, anchor: (1216, 1408) } event=47 -> AreaKey { scene: 3, anchor: (1152, 1344) }
area teleport in scene 3 at frame 9120: (1248, 1456) -> (1168, 1368)
target scene=3 area=(1152, 1344) event=71 script=8146 mode=1 state=1 player=(1168, 1368) pos=(1296, 1448) path=61
marked destination touch VisitKey { scene: 3, area: (1216, 1408), event_id: 48, trigger_script: 60, trigger_mode: 4, state: 1 }
learned exit AreaKey { scene: 3, anchor: (1152, 1344) } event=48 -> AreaKey { scene: 3, anchor: (1216, 1408) }
area teleport in scene 3 at frame 9137: (1168, 1368) -> (1248, 1456)
continuing target event=71 across area (1216, 1408) path=0
target scene=3 area=(1216, 1408) event=54 script=4647 mode=5 state=1 player=(1248, 1456) pos=(992, 1472) path=16
marked destination touch VisitKey { scene: 3, area: (1152, 1344), event_id: 47, trigger_script: 33, trigger_mode: 4, state: 1 }
learned exit AreaKey { scene: 3, anchor: (1216, 1408) } event=47 -> AreaKey { scene: 3, anchor: (1152, 1344) }
area teleport in scene 3 at frame 9150: (1248, 1456) -> (1168, 1368)
target scene=3 area=(1152, 1344) event=71 script=8146 mode=1 state=1 player=(1168, 1368) pos=(1296, 1448) path=61
marked destination touch VisitKey { scene: 3, area: (1216, 1408), event_id: 48, trigger_script: 60, trigger_mode: 4, state: 1 }
learned exit AreaKey { scene: 3, anchor: (1152, 1344) } event=48 -> AreaKey { scene: 3, anchor: (1216, 1408) }
area teleport in scene 3 at frame 9167: (1168, 1368) -> (1248, 1456)
continuing target event=71 across area (1216, 1408) path=0
target scene=3 area=(1216, 1408) event=54 script=4647 mode=5 state=1 player=(1248, 1456) pos=(992, 1472) path=16
marked destination touch VisitKey { scene: 3, area: (1152, 1344), event_id: 47, trigger_script: 33, trigger_mode: 4, state: 1 }
learned exit AreaKey { scene: 3, anchor: (1216, 1408) } event=47 -> AreaKey { scene: 3, anchor: (1152, 1344) }
area teleport in scene 3 at frame 9180: (1248, 1456) -> (1168, 1368)
target scene=3 area=(1152, 1344) event=71 script=8146 mode=1 state=1 player=(1168, 1368) pos=(1296, 1448) path=61
marked destination touch VisitKey { scene: 3, area: (1216, 1408), event_id: 48, trigger_script: 60, trigger_mode: 4, state: 1 }
learned exit AreaKey { scene: 3, anchor: (1152, 1344) } event=48 -> AreaKey { scene: 3, anchor: (1216, 1408) }
area teleport in scene 3 at frame 9197: (1168, 1368) -> (1248, 1456)
continuing target event=71 across area (1216, 1408) path=0
target scene=3 area=(1216, 1408) event=54 script=4647 mode=5 state=1 player=(1248, 1456) pos=(992, 1472) path=16
marked destination touch VisitKey { scene: 3, area: (1152, 1344), event_id: 47, trigger_script: 33, trigger_mode: 4, state: 1 }
learned exit AreaKey { scene: 3, anchor: (1216, 1408) } event=47 -> AreaKey { scene: 3, anchor: (1152, 1344) }
area teleport in scene 3 at frame 9210: (1248, 1456) -> (1168, 1368)
target scene=3 area=(1152, 1344) event=71 script=8146 mode=1 state=1 player=(1168, 1368) pos=(1296, 1448) path=61
marked destination touch VisitKey { scene: 3, area: (1216, 1408), event_id: 48, trigger_script: 60, trigger_mode: 4, state: 1 }
learned exit AreaKey { scene: 3, anchor: (1152, 1344) } event=48 -> AreaKey { scene: 3, anchor: (1216, 1408) }
area teleport in scene 3 at frame 9227: (1168, 1368) -> (1248, 1456)
continuing target event=71 across area (1216, 1408) path=0
target scene=3 area=(1216, 1408) event=54 script=4647 mode=5 state=1 player=(1248, 1456) pos=(992, 1472) path=16
marked destination touch VisitKey { scene: 3, area: (1152, 1344), event_id: 47, trigger_script: 33, trigger_mode: 4, state: 1 }
learned exit AreaKey { scene: 3, anchor: (1216, 1408) } event=47 -> AreaKey { scene: 3, anchor: (1152, 1344) }
area teleport in scene 3 at frame 9240: (1248, 1456) -> (1168, 1368)
target scene=3 area=(1152, 1344) event=71 script=8146 mode=1 state=1 player=(1168, 1368) pos=(1296, 1448) path=61
marked destination touch VisitKey { scene: 3, area: (1216, 1408), event_id: 48, trigger_script: 60, trigger_mode: 4, state: 1 }
learned exit AreaKey { scene: 3, anchor: (1152, 1344) } event=48 -> AreaKey { scene: 3, anchor: (1216, 1408) }
area teleport in scene 3 at frame 9257: (1168, 1368) -> (1248, 1456)
continuing target event=71 across area (1216, 1408) path=0
target scene=3 area=(1216, 1408) event=54 script=4647 mode=5 state=1 player=(1248, 1456) pos=(992, 1472) path=16
marked destination touch VisitKey { scene: 3, area: (1152, 1344), event_id: 47, trigger_script: 33, trigger_mode: 4, state: 1 }
learned exit AreaKey { scene: 3, anchor: (1216, 1408) } event=47 -> AreaKey { scene: 3, anchor: (1152, 1344) }
area teleport in scene 3 at frame 9270: (1248, 1456) -> (1168, 1368)
target scene=3 area=(1152, 1344) event=71 script=8146 mode=1 state=1 player=(1168, 1368) pos=(1296, 1448) path=61
marked destination touch VisitKey { scene: 3, area: (1216, 1408), event_id: 48, trigger_script: 60, trigger_mode: 4, state: 1 }
learned exit AreaKey { scene: 3, anchor: (1152, 1344) } event=48 -> AreaKey { scene: 3, anchor: (1216, 1408) }
area teleport in scene 3 at frame 9287: (1168, 1368) -> (1248, 1456)
continuing target event=71 across area (1216, 1408) path=0
target scene=3 area=(1216, 1408) event=54 script=4647 mode=5 state=1 player=(1248, 1456) pos=(992, 1472) path=16
marked destination touch VisitKey { scene: 3, area: (1152, 1344), event_id: 47, trigger_script: 33, trigger_mode: 4, state: 1 }
learned exit AreaKey { scene: 3, anchor: (1216, 1408) } event=47 -> AreaKey { scene: 3, anchor: (1152, 1344) }
area teleport in scene 3 at frame 9300: (1248, 1456) -> (1168, 1368)
target scene=3 area=(1152, 1344) event=71 script=8146 mode=1 state=1 player=(1168, 1368) pos=(1296, 1448) path=61
marked destination touch VisitKey { scene: 3, area: (1216, 1408), event_id: 48, trigger_script: 60, trigger_mode: 4, state: 1 }
learned exit AreaKey { scene: 3, anchor: (1152, 1344) } event=48 -> AreaKey { scene: 3, anchor: (1216, 1408) }
area teleport in scene 3 at frame 9317: (1168, 1368) -> (1248, 1456)
continuing target event=71 across area (1216, 1408) path=0
target scene=3 area=(1216, 1408) event=54 script=4647 mode=5 state=1 player=(1248, 1456) pos=(992, 1472) path=16
marked destination touch VisitKey { scene: 3, area: (1152, 1344), event_id: 47, trigger_script: 33, trigger_mode: 4, state: 1 }
learned exit AreaKey { scene: 3, anchor: (1216, 1408) } event=47 -> AreaKey { scene: 3, anchor: (1152, 1344) }
area teleport in scene 3 at frame 9330: (1248, 1456) -> (1168, 1368)
target scene=3 area=(1152, 1344) event=71 script=8146 mode=1 state=1 player=(1168, 1368) pos=(1296, 1448) path=61
marked destination touch VisitKey { scene: 3, area: (1216, 1408), event_id: 48, trigger_script: 60, trigger_mode: 4, state: 1 }
learned exit AreaKey { scene: 3, anchor: (1152, 1344) } event=48 -> AreaKey { scene: 3, anchor: (1216, 1408) }
area teleport in scene 3 at frame 9347: (1168, 1368) -> (1248, 1456)
continuing target event=71 across area (1216, 1408) path=0
target scene=3 area=(1216, 1408) event=54 script=4647 mode=5 state=1 player=(1248, 1456) pos=(992, 1472) path=16
marked destination touch VisitKey { scene: 3, area: (1152, 1344), event_id: 47, trigger_script: 33, trigger_mode: 4, state: 1 }
learned exit AreaKey { scene: 3, anchor: (1216, 1408) } event=47 -> AreaKey { scene: 3, anchor: (1152, 1344) }
area teleport in scene 3 at frame 9360: (1248, 1456) -> (1168, 1368)
target scene=3 area=(1152, 1344) event=71 script=8146 mode=1 state=1 player=(1168, 1368) pos=(1296, 1448) path=61
marked destination touch VisitKey { scene: 3, area: (1216, 1408), event_id: 48, trigger_script: 60, trigger_mode: 4, state: 1 }
learned exit AreaKey { scene: 3, anchor: (1152, 1344) } event=48 -> AreaKey { scene: 3, anchor: (1216, 1408) }
area teleport in scene 3 at frame 9377: (1168, 1368) -> (1248, 1456)
continuing target event=71 across area (1216, 1408) path=0
target scene=3 area=(1216, 1408) event=54 script=4647 mode=5 state=1 player=(1248, 1456) pos=(992, 1472) path=16
marked destination touch VisitKey { scene: 3, area: (1152, 1344), event_id: 47, trigger_script: 33, trigger_mode: 4, state: 1 }
learned exit AreaKey { scene: 3, anchor: (1216, 1408) } event=47 -> AreaKey { scene: 3, anchor: (1152, 1344) }
area teleport in scene 3 at frame 9390: (1248, 1456) -> (1168, 1368)
target scene=3 area=(1152, 1344) event=71 script=8146 mode=1 state=1 player=(1168, 1368) pos=(1296, 1448) path=61
marked destination touch VisitKey { scene: 3, area: (1216, 1408), event_id: 48, trigger_script: 60, trigger_mode: 4, state: 1 }
learned exit AreaKey { scene: 3, anchor: (1152, 1344) } event=48 -> AreaKey { scene: 3, anchor: (1216, 1408) }
area teleport in scene 3 at frame 9407: (1168, 1368) -> (1248, 1456)
continuing target event=71 across area (1216, 1408) path=0
target scene=3 area=(1216, 1408) event=54 script=4647 mode=5 state=1 player=(1248, 1456) pos=(992, 1472) path=16
marked destination touch VisitKey { scene: 3, area: (1152, 1344), event_id: 47, trigger_script: 33, trigger_mode: 4, state: 1 }
learned exit AreaKey { scene: 3, anchor: (1216, 1408) } event=47 -> AreaKey { scene: 3, anchor: (1152, 1344) }
area teleport in scene 3 at frame 9420: (1248, 1456) -> (1168, 1368)
target scene=3 area=(1152, 1344) event=71 script=8146 mode=1 state=1 player=(1168, 1368) pos=(1296, 1448) path=61
marked destination touch VisitKey { scene: 3, area: (1216, 1408), event_id: 48, trigger_script: 60, trigger_mode: 4, state: 1 }
learned exit AreaKey { scene: 3, anchor: (1152, 1344) } event=48 -> AreaKey { scene: 3, anchor: (1216, 1408) }
area teleport in scene 3 at frame 9437: (1168, 1368) -> (1248, 1456)
continuing target event=71 across area (1216, 1408) path=0
target scene=3 area=(1216, 1408) event=54 script=4647 mode=5 state=1 player=(1248, 1456) pos=(992, 1472) path=16
marked destination touch VisitKey { scene: 3, area: (1152, 1344), event_id: 47, trigger_script: 33, trigger_mode: 4, state: 1 }
learned exit AreaKey { scene: 3, anchor: (1216, 1408) } event=47 -> AreaKey { scene: 3, anchor: (1152, 1344) }
area teleport in scene 3 at frame 9450: (1248, 1456) -> (1168, 1368)
target scene=3 area=(1152, 1344) event=71 script=8146 mode=1 state=1 player=(1168, 1368) pos=(1296, 1448) path=61
marked destination touch VisitKey { scene: 3, area: (1216, 1408), event_id: 48, trigger_script: 60, trigger_mode: 4, state: 1 }
learned exit AreaKey { scene: 3, anchor: (1152, 1344) } event=48 -> AreaKey { scene: 3, anchor: (1216, 1408) }
area teleport in scene 3 at frame 9467: (1168, 1368) -> (1248, 1456)
continuing target event=71 across area (1216, 1408) path=0
target scene=3 area=(1216, 1408) event=54 script=4647 mode=5 state=1 player=(1248, 1456) pos=(992, 1472) path=16
marked destination touch VisitKey { scene: 3, area: (1152, 1344), event_id: 47, trigger_script: 33, trigger_mode: 4, state: 1 }
learned exit AreaKey { scene: 3, anchor: (1216, 1408) } event=47 -> AreaKey { scene: 3, anchor: (1152, 1344) }
area teleport in scene 3 at frame 9480: (1248, 1456) -> (1168, 1368)
target scene=3 area=(1152, 1344) event=71 script=8146 mode=1 state=1 player=(1168, 1368) pos=(1296, 1448) path=61
marked destination touch VisitKey { scene: 3, area: (1216, 1408), event_id: 48, trigger_script: 60, trigger_mode: 4, state: 1 }
learned exit AreaKey { scene: 3, anchor: (1152, 1344) } event=48 -> AreaKey { scene: 3, anchor: (1216, 1408) }
area teleport in scene 3 at frame 9497: (1168, 1368) -> (1248, 1456)
continuing target event=71 across area (1216, 1408) path=0
target scene=3 area=(1216, 1408) event=54 script=4647 mode=5 state=1 player=(1248, 1456) pos=(992, 1472) path=16
marked destination touch VisitKey { scene: 3, area: (1152, 1344), event_id: 47, trigger_script: 33, trigger_mode: 4, state: 1 }
learned exit AreaKey { scene: 3, anchor: (1216, 1408) } event=47 -> AreaKey { scene: 3, anchor: (1152, 1344) }
area teleport in scene 3 at frame 9510: (1248, 1456) -> (1168, 1368)
target scene=3 area=(1152, 1344) event=71 script=8146 mode=1 state=1 player=(1168, 1368) pos=(1296, 1448) path=61
marked destination touch VisitKey { scene: 3, area: (1216, 1408), event_id: 48, trigger_script: 60, trigger_mode: 4, state: 1 }
learned exit AreaKey { scene: 3, anchor: (1152, 1344) } event=48 -> AreaKey { scene: 3, anchor: (1216, 1408) }
area teleport in scene 3 at frame 9527: (1168, 1368) -> (1248, 1456)
continuing target event=71 across area (1216, 1408) path=0
target scene=3 area=(1216, 1408) event=54 script=4647 mode=5 state=1 player=(1248, 1456) pos=(992, 1472) path=16
marked destination touch VisitKey { scene: 3, area: (1152, 1344), event_id: 47, trigger_script: 33, trigger_mode: 4, state: 1 }
learned exit AreaKey { scene: 3, anchor: (1216, 1408) } event=47 -> AreaKey { scene: 3, anchor: (1152, 1344) }
area teleport in scene 3 at frame 9540: (1248, 1456) -> (1168, 1368)
target scene=3 area=(1152, 1344) event=71 script=8146 mode=1 state=1 player=(1168, 1368) pos=(1296, 1448) path=61
marked destination touch VisitKey { scene: 3, area: (1216, 1408), event_id: 48, trigger_script: 60, trigger_mode: 4, state: 1 }
learned exit AreaKey { scene: 3, anchor: (1152, 1344) } event=48 -> AreaKey { scene: 3, anchor: (1216, 1408) }
area teleport in scene 3 at frame 9557: (1168, 1368) -> (1248, 1456)
continuing target event=71 across area (1216, 1408) path=0
target scene=3 area=(1216, 1408) event=54 script=4647 mode=5 state=1 player=(1248, 1456) pos=(992, 1472) path=16
marked destination touch VisitKey { scene: 3, area: (1152, 1344), event_id: 47, trigger_script: 33, trigger_mode: 4, state: 1 }
learned exit AreaKey { scene: 3, anchor: (1216, 1408) } event=47 -> AreaKey { scene: 3, anchor: (1152, 1344) }
area teleport in scene 3 at frame 9570: (1248, 1456) -> (1168, 1368)
target scene=3 area=(1152, 1344) event=71 script=8146 mode=1 state=1 player=(1168, 1368) pos=(1296, 1448) path=61
marked destination touch VisitKey { scene: 3, area: (1216, 1408), event_id: 48, trigger_script: 60, trigger_mode: 4, state: 1 }
learned exit AreaKey { scene: 3, anchor: (1152, 1344) } event=48 -> AreaKey { scene: 3, anchor: (1216, 1408) }
area teleport in scene 3 at frame 9587: (1168, 1368) -> (1248, 1456)
continuing target event=71 across area (1216, 1408) path=0
target scene=3 area=(1216, 1408) event=54 script=4647 mode=5 state=1 player=(1248, 1456) pos=(992, 1472) path=16
marked destination touch VisitKey { scene: 3, area: (1152, 1344), event_id: 47, trigger_script: 33, trigger_mode: 4, state: 1 }
learned exit AreaKey { scene: 3, anchor: (1216, 1408) } event=47 -> AreaKey { scene: 3, anchor: (1152, 1344) }
area teleport in scene 3 at frame 9600: (1248, 1456) -> (1168, 1368)
target scene=3 area=(1152, 1344) event=71 script=8146 mode=1 state=1 player=(1168, 1368) pos=(1296, 1448) path=61
marked destination touch VisitKey { scene: 3, area: (1216, 1408), event_id: 48, trigger_script: 60, trigger_mode: 4, state: 1 }
learned exit AreaKey { scene: 3, anchor: (1152, 1344) } event=48 -> AreaKey { scene: 3, anchor: (1216, 1408) }
area teleport in scene 3 at frame 9617: (1168, 1368) -> (1248, 1456)
continuing target event=71 across area (1216, 1408) path=0
target scene=3 area=(1216, 1408) event=54 script=4647 mode=5 state=1 player=(1248, 1456) pos=(992, 1472) path=16
marked destination touch VisitKey { scene: 3, area: (1152, 1344), event_id: 47, trigger_script: 33, trigger_mode: 4, state: 1 }
learned exit AreaKey { scene: 3, anchor: (1216, 1408) } event=47 -> AreaKey { scene: 3, anchor: (1152, 1344) }
area teleport in scene 3 at frame 9630: (1248, 1456) -> (1168, 1368)
target scene=3 area=(1152, 1344) event=71 script=8146 mode=1 state=1 player=(1168, 1368) pos=(1296, 1448) path=61
marked destination touch VisitKey { scene: 3, area: (1216, 1408), event_id: 48, trigger_script: 60, trigger_mode: 4, state: 1 }
learned exit AreaKey { scene: 3, anchor: (1152, 1344) } event=48 -> AreaKey { scene: 3, anchor: (1216, 1408) }
area teleport in scene 3 at frame 9647: (1168, 1368) -> (1248, 1456)
continuing target event=71 across area (1216, 1408) path=0
target scene=3 area=(1216, 1408) event=54 script=4647 mode=5 state=1 player=(1248, 1456) pos=(992, 1472) path=16
marked destination touch VisitKey { scene: 3, area: (1152, 1344), event_id: 47, trigger_script: 33, trigger_mode: 4, state: 1 }
learned exit AreaKey { scene: 3, anchor: (1216, 1408) } event=47 -> AreaKey { scene: 3, anchor: (1152, 1344) }
area teleport in scene 3 at frame 9660: (1248, 1456) -> (1168, 1368)
target scene=3 area=(1152, 1344) event=71 script=8146 mode=1 state=1 player=(1168, 1368) pos=(1296, 1448) path=61
marked destination touch VisitKey { scene: 3, area: (1216, 1408), event_id: 48, trigger_script: 60, trigger_mode: 4, state: 1 }
learned exit AreaKey { scene: 3, anchor: (1152, 1344) } event=48 -> AreaKey { scene: 3, anchor: (1216, 1408) }
area teleport in scene 3 at frame 9677: (1168, 1368) -> (1248, 1456)
continuing target event=71 across area (1216, 1408) path=0
target scene=3 area=(1216, 1408) event=54 script=4647 mode=5 state=1 player=(1248, 1456) pos=(992, 1472) path=16
marked destination touch VisitKey { scene: 3, area: (1152, 1344), event_id: 47, trigger_script: 33, trigger_mode: 4, state: 1 }
learned exit AreaKey { scene: 3, anchor: (1216, 1408) } event=47 -> AreaKey { scene: 3, anchor: (1152, 1344) }
area teleport in scene 3 at frame 9690: (1248, 1456) -> (1168, 1368)
target scene=3 area=(1152, 1344) event=71 script=8146 mode=1 state=1 player=(1168, 1368) pos=(1296, 1448) path=61
marked destination touch VisitKey { scene: 3, area: (1216, 1408), event_id: 48, trigger_script: 60, trigger_mode: 4, state: 1 }
learned exit AreaKey { scene: 3, anchor: (1152, 1344) } event=48 -> AreaKey { scene: 3, anchor: (1216, 1408) }
area teleport in scene 3 at frame 9707: (1168, 1368) -> (1248, 1456)
continuing target event=71 across area (1216, 1408) path=0
target scene=3 area=(1216, 1408) event=54 script=4647 mode=5 state=1 player=(1248, 1456) pos=(992, 1472) path=16
marked destination touch VisitKey { scene: 3, area: (1152, 1344), event_id: 47, trigger_script: 33, trigger_mode: 4, state: 1 }
learned exit AreaKey { scene: 3, anchor: (1216, 1408) } event=47 -> AreaKey { scene: 3, anchor: (1152, 1344) }
area teleport in scene 3 at frame 9720: (1248, 1456) -> (1168, 1368)
target scene=3 area=(1152, 1344) event=71 script=8146 mode=1 state=1 player=(1168, 1368) pos=(1296, 1448) path=61
marked destination touch VisitKey { scene: 3, area: (1216, 1408), event_id: 48, trigger_script: 60, trigger_mode: 4, state: 1 }
learned exit AreaKey { scene: 3, anchor: (1152, 1344) } event=48 -> AreaKey { scene: 3, anchor: (1216, 1408) }
area teleport in scene 3 at frame 9737: (1168, 1368) -> (1248, 1456)
continuing target event=71 across area (1216, 1408) path=0
target scene=3 area=(1216, 1408) event=54 script=4647 mode=5 state=1 player=(1248, 1456) pos=(992, 1472) path=16
marked destination touch VisitKey { scene: 3, area: (1152, 1344), event_id: 47, trigger_script: 33, trigger_mode: 4, state: 1 }
learned exit AreaKey { scene: 3, anchor: (1216, 1408) } event=47 -> AreaKey { scene: 3, anchor: (1152, 1344) }
area teleport in scene 3 at frame 9750: (1248, 1456) -> (1168, 1368)
target scene=3 area=(1152, 1344) event=71 script=8146 mode=1 state=1 player=(1168, 1368) pos=(1296, 1448) path=61
marked destination touch VisitKey { scene: 3, area: (1216, 1408), event_id: 48, trigger_script: 60, trigger_mode: 4, state: 1 }
learned exit AreaKey { scene: 3, anchor: (1152, 1344) } event=48 -> AreaKey { scene: 3, anchor: (1216, 1408) }
area teleport in scene 3 at frame 9767: (1168, 1368) -> (1248, 1456)
continuing target event=71 across area (1216, 1408) path=0
target scene=3 area=(1216, 1408) event=54 script=4647 mode=5 state=1 player=(1248, 1456) pos=(992, 1472) path=16
marked destination touch VisitKey { scene: 3, area: (1152, 1344), event_id: 47, trigger_script: 33, trigger_mode: 4, state: 1 }
learned exit AreaKey { scene: 3, anchor: (1216, 1408) } event=47 -> AreaKey { scene: 3, anchor: (1152, 1344) }
area teleport in scene 3 at frame 9780: (1248, 1456) -> (1168, 1368)
target scene=3 area=(1152, 1344) event=71 script=8146 mode=1 state=1 player=(1168, 1368) pos=(1296, 1448) path=61
marked destination touch VisitKey { scene: 3, area: (1216, 1408), event_id: 48, trigger_script: 60, trigger_mode: 4, state: 1 }
learned exit AreaKey { scene: 3, anchor: (1152, 1344) } event=48 -> AreaKey { scene: 3, anchor: (1216, 1408) }
area teleport in scene 3 at frame 9797: (1168, 1368) -> (1248, 1456)
continuing target event=71 across area (1216, 1408) path=0
target scene=3 area=(1216, 1408) event=54 script=4647 mode=5 state=1 player=(1248, 1456) pos=(992, 1472) path=16
marked destination touch VisitKey { scene: 3, area: (1152, 1344), event_id: 47, trigger_script: 33, trigger_mode: 4, state: 1 }
learned exit AreaKey { scene: 3, anchor: (1216, 1408) } event=47 -> AreaKey { scene: 3, anchor: (1152, 1344) }
area teleport in scene 3 at frame 9810: (1248, 1456) -> (1168, 1368)
target scene=3 area=(1152, 1344) event=71 script=8146 mode=1 state=1 player=(1168, 1368) pos=(1296, 1448) path=61
marked destination touch VisitKey { scene: 3, area: (1216, 1408), event_id: 48, trigger_script: 60, trigger_mode: 4, state: 1 }
learned exit AreaKey { scene: 3, anchor: (1152, 1344) } event=48 -> AreaKey { scene: 3, anchor: (1216, 1408) }
area teleport in scene 3 at frame 9827: (1168, 1368) -> (1248, 1456)
continuing target event=71 across area (1216, 1408) path=0
target scene=3 area=(1216, 1408) event=54 script=4647 mode=5 state=1 player=(1248, 1456) pos=(992, 1472) path=16
marked destination touch VisitKey { scene: 3, area: (1152, 1344), event_id: 47, trigger_script: 33, trigger_mode: 4, state: 1 }
learned exit AreaKey { scene: 3, anchor: (1216, 1408) } event=47 -> AreaKey { scene: 3, anchor: (1152, 1344) }
area teleport in scene 3 at frame 9840: (1248, 1456) -> (1168, 1368)
target scene=3 area=(1152, 1344) event=71 script=8146 mode=1 state=1 player=(1168, 1368) pos=(1296, 1448) path=61
marked destination touch VisitKey { scene: 3, area: (1216, 1408), event_id: 48, trigger_script: 60, trigger_mode: 4, state: 1 }
learned exit AreaKey { scene: 3, anchor: (1152, 1344) } event=48 -> AreaKey { scene: 3, anchor: (1216, 1408) }
area teleport in scene 3 at frame 9857: (1168, 1368) -> (1248, 1456)
continuing target event=71 across area (1216, 1408) path=0
target scene=3 area=(1216, 1408) event=54 script=4647 mode=5 state=1 player=(1248, 1456) pos=(992, 1472) path=16
marked destination touch VisitKey { scene: 3, area: (1152, 1344), event_id: 47, trigger_script: 33, trigger_mode: 4, state: 1 }
learned exit AreaKey { scene: 3, anchor: (1216, 1408) } event=47 -> AreaKey { scene: 3, anchor: (1152, 1344) }
area teleport in scene 3 at frame 9870: (1248, 1456) -> (1168, 1368)
target scene=3 area=(1152, 1344) event=71 script=8146 mode=1 state=1 player=(1168, 1368) pos=(1296, 1448) path=61
marked destination touch VisitKey { scene: 3, area: (1216, 1408), event_id: 48, trigger_script: 60, trigger_mode: 4, state: 1 }
learned exit AreaKey { scene: 3, anchor: (1152, 1344) } event=48 -> AreaKey { scene: 3, anchor: (1216, 1408) }
area teleport in scene 3 at frame 9887: (1168, 1368) -> (1248, 1456)
continuing target event=71 across area (1216, 1408) path=0
target scene=3 area=(1216, 1408) event=54 script=4647 mode=5 state=1 player=(1248, 1456) pos=(992, 1472) path=16
marked destination touch VisitKey { scene: 3, area: (1152, 1344), event_id: 47, trigger_script: 33, trigger_mode: 4, state: 1 }
learned exit AreaKey { scene: 3, anchor: (1216, 1408) } event=47 -> AreaKey { scene: 3, anchor: (1152, 1344) }
area teleport in scene 3 at frame 9900: (1248, 1456) -> (1168, 1368)
target scene=3 area=(1152, 1344) event=71 script=8146 mode=1 state=1 player=(1168, 1368) pos=(1296, 1448) path=61
marked destination touch VisitKey { scene: 3, area: (1216, 1408), event_id: 48, trigger_script: 60, trigger_mode: 4, state: 1 }
learned exit AreaKey { scene: 3, anchor: (1152, 1344) } event=48 -> AreaKey { scene: 3, anchor: (1216, 1408) }
area teleport in scene 3 at frame 9917: (1168, 1368) -> (1248, 1456)
continuing target event=71 across area (1216, 1408) path=0
target scene=3 area=(1216, 1408) event=54 script=4647 mode=5 state=1 player=(1248, 1456) pos=(992, 1472) path=16
marked destination touch VisitKey { scene: 3, area: (1152, 1344), event_id: 47, trigger_script: 33, trigger_mode: 4, state: 1 }
learned exit AreaKey { scene: 3, anchor: (1216, 1408) } event=47 -> AreaKey { scene: 3, anchor: (1152, 1344) }
area teleport in scene 3 at frame 9930: (1248, 1456) -> (1168, 1368)
target scene=3 area=(1152, 1344) event=71 script=8146 mode=1 state=1 player=(1168, 1368) pos=(1296, 1448) path=61
marked destination touch VisitKey { scene: 3, area: (1216, 1408), event_id: 48, trigger_script: 60, trigger_mode: 4, state: 1 }
learned exit AreaKey { scene: 3, anchor: (1152, 1344) } event=48 -> AreaKey { scene: 3, anchor: (1216, 1408) }
area teleport in scene 3 at frame 9947: (1168, 1368) -> (1248, 1456)
continuing target event=71 across area (1216, 1408) path=0
target scene=3 area=(1216, 1408) event=54 script=4647 mode=5 state=1 player=(1248, 1456) pos=(992, 1472) path=16
marked destination touch VisitKey { scene: 3, area: (1152, 1344), event_id: 47, trigger_script: 33, trigger_mode: 4, state: 1 }
learned exit AreaKey { scene: 3, anchor: (1216, 1408) } event=47 -> AreaKey { scene: 3, anchor: (1152, 1344) }
area teleport in scene 3 at frame 9960: (1248, 1456) -> (1168, 1368)
target scene=3 area=(1152, 1344) event=71 script=8146 mode=1 state=1 player=(1168, 1368) pos=(1296, 1448) path=61
marked destination touch VisitKey { scene: 3, area: (1216, 1408), event_id: 48, trigger_script: 60, trigger_mode: 4, state: 1 }
learned exit AreaKey { scene: 3, anchor: (1152, 1344) } event=48 -> AreaKey { scene: 3, anchor: (1216, 1408) }
area teleport in scene 3 at frame 9977: (1168, 1368) -> (1248, 1456)
continuing target event=71 across area (1216, 1408) path=0
target scene=3 area=(1216, 1408) event=54 script=4647 mode=5 state=1 player=(1248, 1456) pos=(992, 1472) path=16
marked destination touch VisitKey { scene: 3, area: (1152, 1344), event_id: 47, trigger_script: 33, trigger_mode: 4, state: 1 }
learned exit AreaKey { scene: 3, anchor: (1216, 1408) } event=47 -> AreaKey { scene: 3, anchor: (1152, 1344) }
area teleport in scene 3 at frame 9990: (1248, 1456) -> (1168, 1368)
target scene=3 area=(1152, 1344) event=71 script=8146 mode=1 state=1 player=(1168, 1368) pos=(1296, 1448) path=61
marked destination touch VisitKey { scene: 3, area: (1216, 1408), event_id: 48, trigger_script: 60, trigger_mode: 4, state: 1 }
learned exit AreaKey { scene: 3, anchor: (1152, 1344) } event=48 -> AreaKey { scene: 3, anchor: (1216, 1408) }
area teleport in scene 3 at frame 10007: (1168, 1368) -> (1248, 1456)
continuing target event=71 across area (1216, 1408) path=0
target scene=3 area=(1216, 1408) event=54 script=4647 mode=5 state=1 player=(1248, 1456) pos=(992, 1472) path=16
marked destination touch VisitKey { scene: 3, area: (1152, 1344), event_id: 47, trigger_script: 33, trigger_mode: 4, state: 1 }
learned exit AreaKey { scene: 3, anchor: (1216, 1408) } event=47 -> AreaKey { scene: 3, anchor: (1152, 1344) }
area teleport in scene 3 at frame 10020: (1248, 1456) -> (1168, 1368)
target scene=3 area=(1152, 1344) event=71 script=8146 mode=1 state=1 player=(1168, 1368) pos=(1296, 1448) path=61
marked destination touch VisitKey { scene: 3, area: (1216, 1408), event_id: 48, trigger_script: 60, trigger_mode: 4, state: 1 }
learned exit AreaKey { scene: 3, anchor: (1152, 1344) } event=48 -> AreaKey { scene: 3, anchor: (1216, 1408) }
area teleport in scene 3 at frame 10037: (1168, 1368) -> (1248, 1456)
continuing target event=71 across area (1216, 1408) path=0
target scene=3 area=(1216, 1408) event=54 script=4647 mode=5 state=1 player=(1248, 1456) pos=(992, 1472) path=16
marked destination touch VisitKey { scene: 3, area: (1152, 1344), event_id: 47, trigger_script: 33, trigger_mode: 4, state: 1 }
learned exit AreaKey { scene: 3, anchor: (1216, 1408) } event=47 -> AreaKey { scene: 3, anchor: (1152, 1344) }
area teleport in scene 3 at frame 10050: (1248, 1456) -> (1168, 1368)
target scene=3 area=(1152, 1344) event=71 script=8146 mode=1 state=1 player=(1168, 1368) pos=(1296, 1448) path=61
marked destination touch VisitKey { scene: 3, area: (1216, 1408), event_id: 48, trigger_script: 60, trigger_mode: 4, state: 1 }
learned exit AreaKey { scene: 3, anchor: (1152, 1344) } event=48 -> AreaKey { scene: 3, anchor: (1216, 1408) }
area teleport in scene 3 at frame 10067: (1168, 1368) -> (1248, 1456)
continuing target event=71 across area (1216, 1408) path=0
target scene=3 area=(1216, 1408) event=54 script=4647 mode=5 state=1 player=(1248, 1456) pos=(992, 1472) path=16
marked destination touch VisitKey { scene: 3, area: (1152, 1344), event_id: 47, trigger_script: 33, trigger_mode: 4, state: 1 }
learned exit AreaKey { scene: 3, anchor: (1216, 1408) } event=47 -> AreaKey { scene: 3, anchor: (1152, 1344) }
area teleport in scene 3 at frame 10080: (1248, 1456) -> (1168, 1368)
target scene=3 area=(1152, 1344) event=71 script=8146 mode=1 state=1 player=(1168, 1368) pos=(1296, 1448) path=61
marked destination touch VisitKey { scene: 3, area: (1216, 1408), event_id: 48, trigger_script: 60, trigger_mode: 4, state: 1 }
learned exit AreaKey { scene: 3, anchor: (1152, 1344) } event=48 -> AreaKey { scene: 3, anchor: (1216, 1408) }
area teleport in scene 3 at frame 10097: (1168, 1368) -> (1248, 1456)
continuing target event=71 across area (1216, 1408) path=0
target scene=3 area=(1216, 1408) event=54 script=4647 mode=5 state=1 player=(1248, 1456) pos=(992, 1472) path=16
marked destination touch VisitKey { scene: 3, area: (1152, 1344), event_id: 47, trigger_script: 33, trigger_mode: 4, state: 1 }
learned exit AreaKey { scene: 3, anchor: (1216, 1408) } event=47 -> AreaKey { scene: 3, anchor: (1152, 1344) }
area teleport in scene 3 at frame 10110: (1248, 1456) -> (1168, 1368)
target scene=3 area=(1152, 1344) event=71 script=8146 mode=1 state=1 player=(1168, 1368) pos=(1296, 1448) path=61
marked destination touch VisitKey { scene: 3, area: (1216, 1408), event_id: 48, trigger_script: 60, trigger_mode: 4, state: 1 }
learned exit AreaKey { scene: 3, anchor: (1152, 1344) } event=48 -> AreaKey { scene: 3, anchor: (1216, 1408) }
area teleport in scene 3 at frame 10127: (1168, 1368) -> (1248, 1456)
continuing target event=71 across area (1216, 1408) path=0
target scene=3 area=(1216, 1408) event=54 script=4647 mode=5 state=1 player=(1248, 1456) pos=(992, 1472) path=16
marked destination touch VisitKey { scene: 3, area: (1152, 1344), event_id: 47, trigger_script: 33, trigger_mode: 4, state: 1 }
learned exit AreaKey { scene: 3, anchor: (1216, 1408) } event=47 -> AreaKey { scene: 3, anchor: (1152, 1344) }
area teleport in scene 3 at frame 10140: (1248, 1456) -> (1168, 1368)
target scene=3 area=(1152, 1344) event=71 script=8146 mode=1 state=1 player=(1168, 1368) pos=(1296, 1448) path=61
marked destination touch VisitKey { scene: 3, area: (1216, 1408), event_id: 48, trigger_script: 60, trigger_mode: 4, state: 1 }
learned exit AreaKey { scene: 3, anchor: (1152, 1344) } event=48 -> AreaKey { scene: 3, anchor: (1216, 1408) }
area teleport in scene 3 at frame 10157: (1168, 1368) -> (1248, 1456)
continuing target event=71 across area (1216, 1408) path=0
target scene=3 area=(1216, 1408) event=54 script=4647 mode=5 state=1 player=(1248, 1456) pos=(992, 1472) path=16
marked destination touch VisitKey { scene: 3, area: (1152, 1344), event_id: 47, trigger_script: 33, trigger_mode: 4, state: 1 }
learned exit AreaKey { scene: 3, anchor: (1216, 1408) } event=47 -> AreaKey { scene: 3, anchor: (1152, 1344) }
area teleport in scene 3 at frame 10170: (1248, 1456) -> (1168, 1368)
target scene=3 area=(1152, 1344) event=71 script=8146 mode=1 state=1 player=(1168, 1368) pos=(1296, 1448) path=61
marked destination touch VisitKey { scene: 3, area: (1216, 1408), event_id: 48, trigger_script: 60, trigger_mode: 4, state: 1 }
learned exit AreaKey { scene: 3, anchor: (1152, 1344) } event=48 -> AreaKey { scene: 3, anchor: (1216, 1408) }
area teleport in scene 3 at frame 10187: (1168, 1368) -> (1248, 1456)
continuing target event=71 across area (1216, 1408) path=0
target scene=3 area=(1216, 1408) event=54 script=4647 mode=5 state=1 player=(1248, 1456) pos=(992, 1472) path=16
marked destination touch VisitKey { scene: 3, area: (1152, 1344), event_id: 47, trigger_script: 33, trigger_mode: 4, state: 1 }
learned exit AreaKey { scene: 3, anchor: (1216, 1408) } event=47 -> AreaKey { scene: 3, anchor: (1152, 1344) }
area teleport in scene 3 at frame 10200: (1248, 1456) -> (1168, 1368)
target scene=3 area=(1152, 1344) event=71 script=8146 mode=1 state=1 player=(1168, 1368) pos=(1296, 1448) path=61
marked destination touch VisitKey { scene: 3, area: (1216, 1408), event_id: 48, trigger_script: 60, trigger_mode: 4, state: 1 }
learned exit AreaKey { scene: 3, anchor: (1152, 1344) } event=48 -> AreaKey { scene: 3, anchor: (1216, 1408) }
area teleport in scene 3 at frame 10217: (1168, 1368) -> (1248, 1456)
continuing target event=71 across area (1216, 1408) path=0
target scene=3 area=(1216, 1408) event=54 script=4647 mode=5 state=1 player=(1248, 1456) pos=(992, 1472) path=16
marked destination touch VisitKey { scene: 3, area: (1152, 1344), event_id: 47, trigger_script: 33, trigger_mode: 4, state: 1 }
learned exit AreaKey { scene: 3, anchor: (1216, 1408) } event=47 -> AreaKey { scene: 3, anchor: (1152, 1344) }
area teleport in scene 3 at frame 10230: (1248, 1456) -> (1168, 1368)
target scene=3 area=(1152, 1344) event=71 script=8146 mode=1 state=1 player=(1168, 1368) pos=(1296, 1448) path=61
marked destination touch VisitKey { scene: 3, area: (1216, 1408), event_id: 48, trigger_script: 60, trigger_mode: 4, state: 1 }
learned exit AreaKey { scene: 3, anchor: (1152, 1344) } event=48 -> AreaKey { scene: 3, anchor: (1216, 1408) }
area teleport in scene 3 at frame 10247: (1168, 1368) -> (1248, 1456)
continuing target event=71 across area (1216, 1408) path=0
target scene=3 area=(1216, 1408) event=54 script=4647 mode=5 state=1 player=(1248, 1456) pos=(992, 1472) path=16
marked destination touch VisitKey { scene: 3, area: (1152, 1344), event_id: 47, trigger_script: 33, trigger_mode: 4, state: 1 }
learned exit AreaKey { scene: 3, anchor: (1216, 1408) } event=47 -> AreaKey { scene: 3, anchor: (1152, 1344) }
area teleport in scene 3 at frame 10260: (1248, 1456) -> (1168, 1368)
target scene=3 area=(1152, 1344) event=71 script=8146 mode=1 state=1 player=(1168, 1368) pos=(1296, 1448) path=61
marked destination touch VisitKey { scene: 3, area: (1216, 1408), event_id: 48, trigger_script: 60, trigger_mode: 4, state: 1 }
learned exit AreaKey { scene: 3, anchor: (1152, 1344) } event=48 -> AreaKey { scene: 3, anchor: (1216, 1408) }
area teleport in scene 3 at frame 10277: (1168, 1368) -> (1248, 1456)
continuing target event=71 across area (1216, 1408) path=0
target scene=3 area=(1216, 1408) event=54 script=4647 mode=5 state=1 player=(1248, 1456) pos=(992, 1472) path=16
marked destination touch VisitKey { scene: 3, area: (1152, 1344), event_id: 47, trigger_script: 33, trigger_mode: 4, state: 1 }
learned exit AreaKey { scene: 3, anchor: (1216, 1408) } event=47 -> AreaKey { scene: 3, anchor: (1152, 1344) }
area teleport in scene 3 at frame 10290: (1248, 1456) -> (1168, 1368)
target scene=3 area=(1152, 1344) event=71 script=8146 mode=1 state=1 player=(1168, 1368) pos=(1296, 1448) path=61
marked destination touch VisitKey { scene: 3, area: (1216, 1408), event_id: 48, trigger_script: 60, trigger_mode: 4, state: 1 }
learned exit AreaKey { scene: 3, anchor: (1152, 1344) } event=48 -> AreaKey { scene: 3, anchor: (1216, 1408) }
area teleport in scene 3 at frame 10307: (1168, 1368) -> (1248, 1456)
continuing target event=71 across area (1216, 1408) path=0
target scene=3 area=(1216, 1408) event=54 script=4647 mode=5 state=1 player=(1248, 1456) pos=(992, 1472) path=16
marked destination touch VisitKey { scene: 3, area: (1152, 1344), event_id: 47, trigger_script: 33, trigger_mode: 4, state: 1 }
learned exit AreaKey { scene: 3, anchor: (1216, 1408) } event=47 -> AreaKey { scene: 3, anchor: (1152, 1344) }
area teleport in scene 3 at frame 10320: (1248, 1456) -> (1168, 1368)
target scene=3 area=(1152, 1344) event=71 script=8146 mode=1 state=1 player=(1168, 1368) pos=(1296, 1448) path=61
marked destination touch VisitKey { scene: 3, area: (1216, 1408), event_id: 48, trigger_script: 60, trigger_mode: 4, state: 1 }
learned exit AreaKey { scene: 3, anchor: (1152, 1344) } event=48 -> AreaKey { scene: 3, anchor: (1216, 1408) }
area teleport in scene 3 at frame 10337: (1168, 1368) -> (1248, 1456)
continuing target event=71 across area (1216, 1408) path=0
target scene=3 area=(1216, 1408) event=54 script=4647 mode=5 state=1 player=(1248, 1456) pos=(992, 1472) path=16
marked destination touch VisitKey { scene: 3, area: (1152, 1344), event_id: 47, trigger_script: 33, trigger_mode: 4, state: 1 }
learned exit AreaKey { scene: 3, anchor: (1216, 1408) } event=47 -> AreaKey { scene: 3, anchor: (1152, 1344) }
area teleport in scene 3 at frame 10350: (1248, 1456) -> (1168, 1368)
target scene=3 area=(1152, 1344) event=71 script=8146 mode=1 state=1 player=(1168, 1368) pos=(1296, 1448) path=61
marked destination touch VisitKey { scene: 3, area: (1216, 1408), event_id: 48, trigger_script: 60, trigger_mode: 4, state: 1 }
learned exit AreaKey { scene: 3, anchor: (1152, 1344) } event=48 -> AreaKey { scene: 3, anchor: (1216, 1408) }
area teleport in scene 3 at frame 10367: (1168, 1368) -> (1248, 1456)
continuing target event=71 across area (1216, 1408) path=0
target scene=3 area=(1216, 1408) event=54 script=4647 mode=5 state=1 player=(1248, 1456) pos=(992, 1472) path=16
marked destination touch VisitKey { scene: 3, area: (1152, 1344), event_id: 47, trigger_script: 33, trigger_mode: 4, state: 1 }
learned exit AreaKey { scene: 3, anchor: (1216, 1408) } event=47 -> AreaKey { scene: 3, anchor: (1152, 1344) }
area teleport in scene 3 at frame 10380: (1248, 1456) -> (1168, 1368)
target scene=3 area=(1152, 1344) event=71 script=8146 mode=1 state=1 player=(1168, 1368) pos=(1296, 1448) path=61
marked destination touch VisitKey { scene: 3, area: (1216, 1408), event_id: 48, trigger_script: 60, trigger_mode: 4, state: 1 }
learned exit AreaKey { scene: 3, anchor: (1152, 1344) } event=48 -> AreaKey { scene: 3, anchor: (1216, 1408) }
area teleport in scene 3 at frame 10397: (1168, 1368) -> (1248, 1456)
continuing target event=71 across area (1216, 1408) path=0
target scene=3 area=(1216, 1408) event=54 script=4647 mode=5 state=1 player=(1248, 1456) pos=(992, 1472) path=16
marked destination touch VisitKey { scene: 3, area: (1152, 1344), event_id: 47, trigger_script: 33, trigger_mode: 4, state: 1 }
learned exit AreaKey { scene: 3, anchor: (1216, 1408) } event=47 -> AreaKey { scene: 3, anchor: (1152, 1344) }
area teleport in scene 3 at frame 10410: (1248, 1456) -> (1168, 1368)
target scene=3 area=(1152, 1344) event=71 script=8146 mode=1 state=1 player=(1168, 1368) pos=(1296, 1448) path=61
marked destination touch VisitKey { scene: 3, area: (1216, 1408), event_id: 48, trigger_script: 60, trigger_mode: 4, state: 1 }
learned exit AreaKey { scene: 3, anchor: (1152, 1344) } event=48 -> AreaKey { scene: 3, anchor: (1216, 1408) }
area teleport in scene 3 at frame 10427: (1168, 1368) -> (1248, 1456)
continuing target event=71 across area (1216, 1408) path=0
target scene=3 area=(1216, 1408) event=54 script=4647 mode=5 state=1 player=(1248, 1456) pos=(992, 1472) path=16
marked destination touch VisitKey { scene: 3, area: (1152, 1344), event_id: 47, trigger_script: 33, trigger_mode: 4, state: 1 }
learned exit AreaKey { scene: 3, anchor: (1216, 1408) } event=47 -> AreaKey { scene: 3, anchor: (1152, 1344) }
area teleport in scene 3 at frame 10440: (1248, 1456) -> (1168, 1368)
target scene=3 area=(1152, 1344) event=71 script=8146 mode=1 state=1 player=(1168, 1368) pos=(1296, 1448) path=61
marked destination touch VisitKey { scene: 3, area: (1216, 1408), event_id: 48, trigger_script: 60, trigger_mode: 4, state: 1 }
learned exit AreaKey { scene: 3, anchor: (1152, 1344) } event=48 -> AreaKey { scene: 3, anchor: (1216, 1408) }
area teleport in scene 3 at frame 10457: (1168, 1368) -> (1248, 1456)
continuing target event=71 across area (1216, 1408) path=0
target scene=3 area=(1216, 1408) event=54 script=4647 mode=5 state=1 player=(1248, 1456) pos=(992, 1472) path=16
marked destination touch VisitKey { scene: 3, area: (1152, 1344), event_id: 47, trigger_script: 33, trigger_mode: 4, state: 1 }
learned exit AreaKey { scene: 3, anchor: (1216, 1408) } event=47 -> AreaKey { scene: 3, anchor: (1152, 1344) }
area teleport in scene 3 at frame 10470: (1248, 1456) -> (1168, 1368)
target scene=3 area=(1152, 1344) event=71 script=8146 mode=1 state=1 player=(1168, 1368) pos=(1296, 1448) path=61
marked destination touch VisitKey { scene: 3, area: (1216, 1408), event_id: 48, trigger_script: 60, trigger_mode: 4, state: 1 }
learned exit AreaKey { scene: 3, anchor: (1152, 1344) } event=48 -> AreaKey { scene: 3, anchor: (1216, 1408) }
area teleport in scene 3 at frame 10487: (1168, 1368) -> (1248, 1456)
continuing target event=71 across area (1216, 1408) path=0
target scene=3 area=(1216, 1408) event=54 script=4647 mode=5 state=1 player=(1248, 1456) pos=(992, 1472) path=16
marked destination touch VisitKey { scene: 3, area: (1152, 1344), event_id: 47, trigger_script: 33, trigger_mode: 4, state: 1 }
learned exit AreaKey { scene: 3, anchor: (1216, 1408) } event=47 -> AreaKey { scene: 3, anchor: (1152, 1344) }
area teleport in scene 3 at frame 10500: (1248, 1456) -> (1168, 1368)
target scene=3 area=(1152, 1344) event=71 script=8146 mode=1 state=1 player=(1168, 1368) pos=(1296, 1448) path=61
marked destination touch VisitKey { scene: 3, area: (1216, 1408), event_id: 48, trigger_script: 60, trigger_mode: 4, state: 1 }
learned exit AreaKey { scene: 3, anchor: (1152, 1344) } event=48 -> AreaKey { scene: 3, anchor: (1216, 1408) }
area teleport in scene 3 at frame 10517: (1168, 1368) -> (1248, 1456)
continuing target event=71 across area (1216, 1408) path=0
target scene=3 area=(1216, 1408) event=54 script=4647 mode=5 state=1 player=(1248, 1456) pos=(992, 1472) path=16
marked destination touch VisitKey { scene: 3, area: (1152, 1344), event_id: 47, trigger_script: 33, trigger_mode: 4, state: 1 }
learned exit AreaKey { scene: 3, anchor: (1216, 1408) } event=47 -> AreaKey { scene: 3, anchor: (1152, 1344) }
area teleport in scene 3 at frame 10530: (1248, 1456) -> (1168, 1368)
target scene=3 area=(1152, 1344) event=71 script=8146 mode=1 state=1 player=(1168, 1368) pos=(1296, 1448) path=61
marked destination touch VisitKey { scene: 3, area: (1216, 1408), event_id: 48, trigger_script: 60, trigger_mode: 4, state: 1 }
learned exit AreaKey { scene: 3, anchor: (1152, 1344) } event=48 -> AreaKey { scene: 3, anchor: (1216, 1408) }
area teleport in scene 3 at frame 10547: (1168, 1368) -> (1248, 1456)
continuing target event=71 across area (1216, 1408) path=0
target scene=3 area=(1216, 1408) event=54 script=4647 mode=5 state=1 player=(1248, 1456) pos=(992, 1472) path=16
marked destination touch VisitKey { scene: 3, area: (1152, 1344), event_id: 47, trigger_script: 33, trigger_mode: 4, state: 1 }
learned exit AreaKey { scene: 3, anchor: (1216, 1408) } event=47 -> AreaKey { scene: 3, anchor: (1152, 1344) }
area teleport in scene 3 at frame 10560: (1248, 1456) -> (1168, 1368)
target scene=3 area=(1152, 1344) event=71 script=8146 mode=1 state=1 player=(1168, 1368) pos=(1296, 1448) path=61
marked destination touch VisitKey { scene: 3, area: (1216, 1408), event_id: 48, trigger_script: 60, trigger_mode: 4, state: 1 }
learned exit AreaKey { scene: 3, anchor: (1152, 1344) } event=48 -> AreaKey { scene: 3, anchor: (1216, 1408) }
area teleport in scene 3 at frame 10577: (1168, 1368) -> (1248, 1456)
continuing target event=71 across area (1216, 1408) path=0
target scene=3 area=(1216, 1408) event=54 script=4647 mode=5 state=1 player=(1248, 1456) pos=(992, 1472) path=16
marked destination touch VisitKey { scene: 3, area: (1152, 1344), event_id: 47, trigger_script: 33, trigger_mode: 4, state: 1 }
learned exit AreaKey { scene: 3, anchor: (1216, 1408) } event=47 -> AreaKey { scene: 3, anchor: (1152, 1344) }
area teleport in scene 3 at frame 10590: (1248, 1456) -> (1168, 1368)
target scene=3 area=(1152, 1344) event=71 script=8146 mode=1 state=1 player=(1168, 1368) pos=(1296, 1448) path=61
marked destination touch VisitKey { scene: 3, area: (1216, 1408), event_id: 48, trigger_script: 60, trigger_mode: 4, state: 1 }
learned exit AreaKey { scene: 3, anchor: (1152, 1344) } event=48 -> AreaKey { scene: 3, anchor: (1216, 1408) }
area teleport in scene 3 at frame 10607: (1168, 1368) -> (1248, 1456)
continuing target event=71 across area (1216, 1408) path=0
target scene=3 area=(1216, 1408) event=54 script=4647 mode=5 state=1 player=(1248, 1456) pos=(992, 1472) path=16
marked destination touch VisitKey { scene: 3, area: (1152, 1344), event_id: 47, trigger_script: 33, trigger_mode: 4, state: 1 }
learned exit AreaKey { scene: 3, anchor: (1216, 1408) } event=47 -> AreaKey { scene: 3, anchor: (1152, 1344) }
area teleport in scene 3 at frame 10620: (1248, 1456) -> (1168, 1368)
target scene=3 area=(1152, 1344) event=71 script=8146 mode=1 state=1 player=(1168, 1368) pos=(1296, 1448) path=61
marked destination touch VisitKey { scene: 3, area: (1216, 1408), event_id: 48, trigger_script: 60, trigger_mode: 4, state: 1 }
learned exit AreaKey { scene: 3, anchor: (1152, 1344) } event=48 -> AreaKey { scene: 3, anchor: (1216, 1408) }
area teleport in scene 3 at frame 10637: (1168, 1368) -> (1248, 1456)
continuing target event=71 across area (1216, 1408) path=0
target scene=3 area=(1216, 1408) event=54 script=4647 mode=5 state=1 player=(1248, 1456) pos=(992, 1472) path=16
marked destination touch VisitKey { scene: 3, area: (1152, 1344), event_id: 47, trigger_script: 33, trigger_mode: 4, state: 1 }
learned exit AreaKey { scene: 3, anchor: (1216, 1408) } event=47 -> AreaKey { scene: 3, anchor: (1152, 1344) }
area teleport in scene 3 at frame 10650: (1248, 1456) -> (1168, 1368)
target scene=3 area=(1152, 1344) event=71 script=8146 mode=1 state=1 player=(1168, 1368) pos=(1296, 1448) path=61
marked destination touch VisitKey { scene: 3, area: (1216, 1408), event_id: 48, trigger_script: 60, trigger_mode: 4, state: 1 }
learned exit AreaKey { scene: 3, anchor: (1152, 1344) } event=48 -> AreaKey { scene: 3, anchor: (1216, 1408) }
area teleport in scene 3 at frame 10667: (1168, 1368) -> (1248, 1456)
continuing target event=71 across area (1216, 1408) path=0
target scene=3 area=(1216, 1408) event=54 script=4647 mode=5 state=1 player=(1248, 1456) pos=(992, 1472) path=16
marked destination touch VisitKey { scene: 3, area: (1152, 1344), event_id: 47, trigger_script: 33, trigger_mode: 4, state: 1 }
learned exit AreaKey { scene: 3, anchor: (1216, 1408) } event=47 -> AreaKey { scene: 3, anchor: (1152, 1344) }
area teleport in scene 3 at frame 10680: (1248, 1456) -> (1168, 1368)
target scene=3 area=(1152, 1344) event=71 script=8146 mode=1 state=1 player=(1168, 1368) pos=(1296, 1448) path=61
marked destination touch VisitKey { scene: 3, area: (1216, 1408), event_id: 48, trigger_script: 60, trigger_mode: 4, state: 1 }
learned exit AreaKey { scene: 3, anchor: (1152, 1344) } event=48 -> AreaKey { scene: 3, anchor: (1216, 1408) }
area teleport in scene 3 at frame 10697: (1168, 1368) -> (1248, 1456)
continuing target event=71 across area (1216, 1408) path=0
target scene=3 area=(1216, 1408) event=54 script=4647 mode=5 state=1 player=(1248, 1456) pos=(992, 1472) path=16
marked destination touch VisitKey { scene: 3, area: (1152, 1344), event_id: 47, trigger_script: 33, trigger_mode: 4, state: 1 }
learned exit AreaKey { scene: 3, anchor: (1216, 1408) } event=47 -> AreaKey { scene: 3, anchor: (1152, 1344) }
area teleport in scene 3 at frame 10710: (1248, 1456) -> (1168, 1368)
target scene=3 area=(1152, 1344) event=71 script=8146 mode=1 state=1 player=(1168, 1368) pos=(1296, 1448) path=61
marked destination touch VisitKey { scene: 3, area: (1216, 1408), event_id: 48, trigger_script: 60, trigger_mode: 4, state: 1 }
learned exit AreaKey { scene: 3, anchor: (1152, 1344) } event=48 -> AreaKey { scene: 3, anchor: (1216, 1408) }
area teleport in scene 3 at frame 10727: (1168, 1368) -> (1248, 1456)
continuing target event=71 across area (1216, 1408) path=0
target scene=3 area=(1216, 1408) event=54 script=4647 mode=5 state=1 player=(1248, 1456) pos=(992, 1472) path=16
marked destination touch VisitKey { scene: 3, area: (1152, 1344), event_id: 47, trigger_script: 33, trigger_mode: 4, state: 1 }
learned exit AreaKey { scene: 3, anchor: (1216, 1408) } event=47 -> AreaKey { scene: 3, anchor: (1152, 1344) }
area teleport in scene 3 at frame 10740: (1248, 1456) -> (1168, 1368)
target scene=3 area=(1152, 1344) event=71 script=8146 mode=1 state=1 player=(1168, 1368) pos=(1296, 1448) path=61
marked destination touch VisitKey { scene: 3, area: (1216, 1408), event_id: 48, trigger_script: 60, trigger_mode: 4, state: 1 }
learned exit AreaKey { scene: 3, anchor: (1152, 1344) } event=48 -> AreaKey { scene: 3, anchor: (1216, 1408) }
area teleport in scene 3 at frame 10757: (1168, 1368) -> (1248, 1456)
continuing target event=71 across area (1216, 1408) path=0
target scene=3 area=(1216, 1408) event=54 script=4647 mode=5 state=1 player=(1248, 1456) pos=(992, 1472) path=16
marked destination touch VisitKey { scene: 3, area: (1152, 1344), event_id: 47, trigger_script: 33, trigger_mode: 4, state: 1 }
learned exit AreaKey { scene: 3, anchor: (1216, 1408) } event=47 -> AreaKey { scene: 3, anchor: (1152, 1344) }
area teleport in scene 3 at frame 10770: (1248, 1456) -> (1168, 1368)
target scene=3 area=(1152, 1344) event=71 script=8146 mode=1 state=1 player=(1168, 1368) pos=(1296, 1448) path=61
marked destination touch VisitKey { scene: 3, area: (1216, 1408), event_id: 48, trigger_script: 60, trigger_mode: 4, state: 1 }
learned exit AreaKey { scene: 3, anchor: (1152, 1344) } event=48 -> AreaKey { scene: 3, anchor: (1216, 1408) }
area teleport in scene 3 at frame 10787: (1168, 1368) -> (1248, 1456)
continuing target event=71 across area (1216, 1408) path=0
target scene=3 area=(1216, 1408) event=54 script=4647 mode=5 state=1 player=(1248, 1456) pos=(992, 1472) path=16
marked destination touch VisitKey { scene: 3, area: (1152, 1344), event_id: 47, trigger_script: 33, trigger_mode: 4, state: 1 }
learned exit AreaKey { scene: 3, anchor: (1216, 1408) } event=47 -> AreaKey { scene: 3, anchor: (1152, 1344) }
area teleport in scene 3 at frame 10800: (1248, 1456) -> (1168, 1368)
target scene=3 area=(1152, 1344) event=71 script=8146 mode=1 state=1 player=(1168, 1368) pos=(1296, 1448) path=61
marked destination touch VisitKey { scene: 3, area: (1216, 1408), event_id: 48, trigger_script: 60, trigger_mode: 4, state: 1 }
learned exit AreaKey { scene: 3, anchor: (1152, 1344) } event=48 -> AreaKey { scene: 3, anchor: (1216, 1408) }
area teleport in scene 3 at frame 10817: (1168, 1368) -> (1248, 1456)
continuing target event=71 across area (1216, 1408) path=0
target scene=3 area=(1216, 1408) event=54 script=4647 mode=5 state=1 player=(1248, 1456) pos=(992, 1472) path=16
marked destination touch VisitKey { scene: 3, area: (1152, 1344), event_id: 47, trigger_script: 33, trigger_mode: 4, state: 1 }
learned exit AreaKey { scene: 3, anchor: (1216, 1408) } event=47 -> AreaKey { scene: 3, anchor: (1152, 1344) }
area teleport in scene 3 at frame 10830: (1248, 1456) -> (1168, 1368)
target scene=3 area=(1152, 1344) event=71 script=8146 mode=1 state=1 player=(1168, 1368) pos=(1296, 1448) path=61
marked destination touch VisitKey { scene: 3, area: (1216, 1408), event_id: 48, trigger_script: 60, trigger_mode: 4, state: 1 }
learned exit AreaKey { scene: 3, anchor: (1152, 1344) } event=48 -> AreaKey { scene: 3, anchor: (1216, 1408) }
area teleport in scene 3 at frame 10847: (1168, 1368) -> (1248, 1456)
continuing target event=71 across area (1216, 1408) path=0
target scene=3 area=(1216, 1408) event=54 script=4647 mode=5 state=1 player=(1248, 1456) pos=(992, 1472) path=16
marked destination touch VisitKey { scene: 3, area: (1152, 1344), event_id: 47, trigger_script: 33, trigger_mode: 4, state: 1 }
learned exit AreaKey { scene: 3, anchor: (1216, 1408) } event=47 -> AreaKey { scene: 3, anchor: (1152, 1344) }
area teleport in scene 3 at frame 10860: (1248, 1456) -> (1168, 1368)
target scene=3 area=(1152, 1344) event=71 script=8146 mode=1 state=1 player=(1168, 1368) pos=(1296, 1448) path=61
marked destination touch VisitKey { scene: 3, area: (1216, 1408), event_id: 48, trigger_script: 60, trigger_mode: 4, state: 1 }
learned exit AreaKey { scene: 3, anchor: (1152, 1344) } event=48 -> AreaKey { scene: 3, anchor: (1216, 1408) }
area teleport in scene 3 at frame 10877: (1168, 1368) -> (1248, 1456)
continuing target event=71 across area (1216, 1408) path=0
target scene=3 area=(1216, 1408) event=54 script=4647 mode=5 state=1 player=(1248, 1456) pos=(992, 1472) path=16
marked destination touch VisitKey { scene: 3, area: (1152, 1344), event_id: 47, trigger_script: 33, trigger_mode: 4, state: 1 }
learned exit AreaKey { scene: 3, anchor: (1216, 1408) } event=47 -> AreaKey { scene: 3, anchor: (1152, 1344) }
area teleport in scene 3 at frame 10890: (1248, 1456) -> (1168, 1368)
target scene=3 area=(1152, 1344) event=71 script=8146 mode=1 state=1 player=(1168, 1368) pos=(1296, 1448) path=61
marked destination touch VisitKey { scene: 3, area: (1216, 1408), event_id: 48, trigger_script: 60, trigger_mode: 4, state: 1 }
learned exit AreaKey { scene: 3, anchor: (1152, 1344) } event=48 -> AreaKey { scene: 3, anchor: (1216, 1408) }
area teleport in scene 3 at frame 10907: (1168, 1368) -> (1248, 1456)
continuing target event=71 across area (1216, 1408) path=0
target scene=3 area=(1216, 1408) event=54 script=4647 mode=5 state=1 player=(1248, 1456) pos=(992, 1472) path=16
marked destination touch VisitKey { scene: 3, area: (1152, 1344), event_id: 47, trigger_script: 33, trigger_mode: 4, state: 1 }
learned exit AreaKey { scene: 3, anchor: (1216, 1408) } event=47 -> AreaKey { scene: 3, anchor: (1152, 1344) }
area teleport in scene 3 at frame 10920: (1248, 1456) -> (1168, 1368)
target scene=3 area=(1152, 1344) event=71 script=8146 mode=1 state=1 player=(1168, 1368) pos=(1296, 1448) path=61
marked destination touch VisitKey { scene: 3, area: (1216, 1408), event_id: 48, trigger_script: 60, trigger_mode: 4, state: 1 }
learned exit AreaKey { scene: 3, anchor: (1152, 1344) } event=48 -> AreaKey { scene: 3, anchor: (1216, 1408) }
area teleport in scene 3 at frame 10937: (1168, 1368) -> (1248, 1456)
continuing target event=71 across area (1216, 1408) path=0
target scene=3 area=(1216, 1408) event=54 script=4647 mode=5 state=1 player=(1248, 1456) pos=(992, 1472) path=16
marked destination touch VisitKey { scene: 3, area: (1152, 1344), event_id: 47, trigger_script: 33, trigger_mode: 4, state: 1 }
learned exit AreaKey { scene: 3, anchor: (1216, 1408) } event=47 -> AreaKey { scene: 3, anchor: (1152, 1344) }
area teleport in scene 3 at frame 10950: (1248, 1456) -> (1168, 1368)
target scene=3 area=(1152, 1344) event=71 script=8146 mode=1 state=1 player=(1168, 1368) pos=(1296, 1448) path=61
marked destination touch VisitKey { scene: 3, area: (1216, 1408), event_id: 48, trigger_script: 60, trigger_mode: 4, state: 1 }
learned exit AreaKey { scene: 3, anchor: (1152, 1344) } event=48 -> AreaKey { scene: 3, anchor: (1216, 1408) }
area teleport in scene 3 at frame 10967: (1168, 1368) -> (1248, 1456)
continuing target event=71 across area (1216, 1408) path=0
target scene=3 area=(1216, 1408) event=54 script=4647 mode=5 state=1 player=(1248, 1456) pos=(992, 1472) path=16
marked destination touch VisitKey { scene: 3, area: (1152, 1344), event_id: 47, trigger_script: 33, trigger_mode: 4, state: 1 }
learned exit AreaKey { scene: 3, anchor: (1216, 1408) } event=47 -> AreaKey { scene: 3, anchor: (1152, 1344) }
area teleport in scene 3 at frame 10980: (1248, 1456) -> (1168, 1368)
target scene=3 area=(1152, 1344) event=71 script=8146 mode=1 state=1 player=(1168, 1368) pos=(1296, 1448) path=61
marked destination touch VisitKey { scene: 3, area: (1216, 1408), event_id: 48, trigger_script: 60, trigger_mode: 4, state: 1 }
learned exit AreaKey { scene: 3, anchor: (1152, 1344) } event=48 -> AreaKey { scene: 3, anchor: (1216, 1408) }
area teleport in scene 3 at frame 10997: (1168, 1368) -> (1248, 1456)
continuing target event=71 across area (1216, 1408) path=0
target scene=3 area=(1216, 1408) event=54 script=4647 mode=5 state=1 player=(1248, 1456) pos=(992, 1472) path=16
marked destination touch VisitKey { scene: 3, area: (1152, 1344), event_id: 47, trigger_script: 33, trigger_mode: 4, state: 1 }
learned exit AreaKey { scene: 3, anchor: (1216, 1408) } event=47 -> AreaKey { scene: 3, anchor: (1152, 1344) }
area teleport in scene 3 at frame 11010: (1248, 1456) -> (1168, 1368)
target scene=3 area=(1152, 1344) event=71 script=8146 mode=1 state=1 player=(1168, 1368) pos=(1296, 1448) path=61
marked destination touch VisitKey { scene: 3, area: (1216, 1408), event_id: 48, trigger_script: 60, trigger_mode: 4, state: 1 }
learned exit AreaKey { scene: 3, anchor: (1152, 1344) } event=48 -> AreaKey { scene: 3, anchor: (1216, 1408) }
area teleport in scene 3 at frame 11027: (1168, 1368) -> (1248, 1456)
continuing target event=71 across area (1216, 1408) path=0
target scene=3 area=(1216, 1408) event=54 script=4647 mode=5 state=1 player=(1248, 1456) pos=(992, 1472) path=16
marked destination touch VisitKey { scene: 3, area: (1152, 1344), event_id: 47, trigger_script: 33, trigger_mode: 4, state: 1 }
learned exit AreaKey { scene: 3, anchor: (1216, 1408) } event=47 -> AreaKey { scene: 3, anchor: (1152, 1344) }
area teleport in scene 3 at frame 11040: (1248, 1456) -> (1168, 1368)
target scene=3 area=(1152, 1344) event=71 script=8146 mode=1 state=1 player=(1168, 1368) pos=(1296, 1448) path=61
marked destination touch VisitKey { scene: 3, area: (1216, 1408), event_id: 48, trigger_script: 60, trigger_mode: 4, state: 1 }
learned exit AreaKey { scene: 3, anchor: (1152, 1344) } event=48 -> AreaKey { scene: 3, anchor: (1216, 1408) }
area teleport in scene 3 at frame 11057: (1168, 1368) -> (1248, 1456)
continuing target event=71 across area (1216, 1408) path=0
target scene=3 area=(1216, 1408) event=54 script=4647 mode=5 state=1 player=(1248, 1456) pos=(992, 1472) path=16
marked destination touch VisitKey { scene: 3, area: (1152, 1344), event_id: 47, trigger_script: 33, trigger_mode: 4, state: 1 }
learned exit AreaKey { scene: 3, anchor: (1216, 1408) } event=47 -> AreaKey { scene: 3, anchor: (1152, 1344) }
area teleport in scene 3 at frame 11070: (1248, 1456) -> (1168, 1368)
target scene=3 area=(1152, 1344) event=71 script=8146 mode=1 state=1 player=(1168, 1368) pos=(1296, 1448) path=61
marked destination touch VisitKey { scene: 3, area: (1216, 1408), event_id: 48, trigger_script: 60, trigger_mode: 4, state: 1 }
learned exit AreaKey { scene: 3, anchor: (1152, 1344) } event=48 -> AreaKey { scene: 3, anchor: (1216, 1408) }
area teleport in scene 3 at frame 11087: (1168, 1368) -> (1248, 1456)
continuing target event=71 across area (1216, 1408) path=0
target scene=3 area=(1216, 1408) event=54 script=4647 mode=5 state=1 player=(1248, 1456) pos=(992, 1472) path=16
marked destination touch VisitKey { scene: 3, area: (1152, 1344), event_id: 47, trigger_script: 33, trigger_mode: 4, state: 1 }
learned exit AreaKey { scene: 3, anchor: (1216, 1408) } event=47 -> AreaKey { scene: 3, anchor: (1152, 1344) }
area teleport in scene 3 at frame 11100: (1248, 1456) -> (1168, 1368)
target scene=3 area=(1152, 1344) event=71 script=8146 mode=1 state=1 player=(1168, 1368) pos=(1296, 1448) path=61
marked destination touch VisitKey { scene: 3, area: (1216, 1408), event_id: 48, trigger_script: 60, trigger_mode: 4, state: 1 }
learned exit AreaKey { scene: 3, anchor: (1152, 1344) } event=48 -> AreaKey { scene: 3, anchor: (1216, 1408) }
area teleport in scene 3 at frame 11117: (1168, 1368) -> (1248, 1456)
continuing target event=71 across area (1216, 1408) path=0
target scene=3 area=(1216, 1408) event=54 script=4647 mode=5 state=1 player=(1248, 1456) pos=(992, 1472) path=16
marked destination touch VisitKey { scene: 3, area: (1152, 1344), event_id: 47, trigger_script: 33, trigger_mode: 4, state: 1 }
learned exit AreaKey { scene: 3, anchor: (1216, 1408) } event=47 -> AreaKey { scene: 3, anchor: (1152, 1344) }
area teleport in scene 3 at frame 11130: (1248, 1456) -> (1168, 1368)
target scene=3 area=(1152, 1344) event=71 script=8146 mode=1 state=1 player=(1168, 1368) pos=(1296, 1448) path=61
marked destination touch VisitKey { scene: 3, area: (1216, 1408), event_id: 48, trigger_script: 60, trigger_mode: 4, state: 1 }
learned exit AreaKey { scene: 3, anchor: (1152, 1344) } event=48 -> AreaKey { scene: 3, anchor: (1216, 1408) }
area teleport in scene 3 at frame 11147: (1168, 1368) -> (1248, 1456)
continuing target event=71 across area (1216, 1408) path=0
target scene=3 area=(1216, 1408) event=54 script=4647 mode=5 state=1 player=(1248, 1456) pos=(992, 1472) path=16
marked destination touch VisitKey { scene: 3, area: (1152, 1344), event_id: 47, trigger_script: 33, trigger_mode: 4, state: 1 }
learned exit AreaKey { scene: 3, anchor: (1216, 1408) } event=47 -> AreaKey { scene: 3, anchor: (1152, 1344) }
area teleport in scene 3 at frame 11160: (1248, 1456) -> (1168, 1368)
target scene=3 area=(1152, 1344) event=71 script=8146 mode=1 state=1 player=(1168, 1368) pos=(1296, 1448) path=61
marked destination touch VisitKey { scene: 3, area: (1216, 1408), event_id: 48, trigger_script: 60, trigger_mode: 4, state: 1 }
learned exit AreaKey { scene: 3, anchor: (1152, 1344) } event=48 -> AreaKey { scene: 3, anchor: (1216, 1408) }
area teleport in scene 3 at frame 11177: (1168, 1368) -> (1248, 1456)
continuing target event=71 across area (1216, 1408) path=0
target scene=3 area=(1216, 1408) event=54 script=4647 mode=5 state=1 player=(1248, 1456) pos=(992, 1472) path=16
marked destination touch VisitKey { scene: 3, area: (1152, 1344), event_id: 47, trigger_script: 33, trigger_mode: 4, state: 1 }
learned exit AreaKey { scene: 3, anchor: (1216, 1408) } event=47 -> AreaKey { scene: 3, anchor: (1152, 1344) }
area teleport in scene 3 at frame 11190: (1248, 1456) -> (1168, 1368)
target scene=3 area=(1152, 1344) event=71 script=8146 mode=1 state=1 player=(1168, 1368) pos=(1296, 1448) path=61
marked destination touch VisitKey { scene: 3, area: (1216, 1408), event_id: 48, trigger_script: 60, trigger_mode: 4, state: 1 }
learned exit AreaKey { scene: 3, anchor: (1152, 1344) } event=48 -> AreaKey { scene: 3, anchor: (1216, 1408) }
area teleport in scene 3 at frame 11207: (1168, 1368) -> (1248, 1456)
continuing target event=71 across area (1216, 1408) path=0
target scene=3 area=(1216, 1408) event=54 script=4647 mode=5 state=1 player=(1248, 1456) pos=(992, 1472) path=16
marked destination touch VisitKey { scene: 3, area: (1152, 1344), event_id: 47, trigger_script: 33, trigger_mode: 4, state: 1 }
learned exit AreaKey { scene: 3, anchor: (1216, 1408) } event=47 -> AreaKey { scene: 3, anchor: (1152, 1344) }
area teleport in scene 3 at frame 11220: (1248, 1456) -> (1168, 1368)
target scene=3 area=(1152, 1344) event=71 script=8146 mode=1 state=1 player=(1168, 1368) pos=(1296, 1448) path=61
marked destination touch VisitKey { scene: 3, area: (1216, 1408), event_id: 48, trigger_script: 60, trigger_mode: 4, state: 1 }
learned exit AreaKey { scene: 3, anchor: (1152, 1344) } event=48 -> AreaKey { scene: 3, anchor: (1216, 1408) }
area teleport in scene 3 at frame 11237: (1168, 1368) -> (1248, 1456)
continuing target event=71 across area (1216, 1408) path=0
target scene=3 area=(1216, 1408) event=54 script=4647 mode=5 state=1 player=(1248, 1456) pos=(992, 1472) path=16
marked destination touch VisitKey { scene: 3, area: (1152, 1344), event_id: 47, trigger_script: 33, trigger_mode: 4, state: 1 }
learned exit AreaKey { scene: 3, anchor: (1216, 1408) } event=47 -> AreaKey { scene: 3, anchor: (1152, 1344) }
area teleport in scene 3 at frame 11250: (1248, 1456) -> (1168, 1368)
target scene=3 area=(1152, 1344) event=71 script=8146 mode=1 state=1 player=(1168, 1368) pos=(1296, 1448) path=61
marked destination touch VisitKey { scene: 3, area: (1216, 1408), event_id: 48, trigger_script: 60, trigger_mode: 4, state: 1 }
learned exit AreaKey { scene: 3, anchor: (1152, 1344) } event=48 -> AreaKey { scene: 3, anchor: (1216, 1408) }
area teleport in scene 3 at frame 11267: (1168, 1368) -> (1248, 1456)
continuing target event=71 across area (1216, 1408) path=0
target scene=3 area=(1216, 1408) event=54 script=4647 mode=5 state=1 player=(1248, 1456) pos=(992, 1472) path=16
marked destination touch VisitKey { scene: 3, area: (1152, 1344), event_id: 47, trigger_script: 33, trigger_mode: 4, state: 1 }
learned exit AreaKey { scene: 3, anchor: (1216, 1408) } event=47 -> AreaKey { scene: 3, anchor: (1152, 1344) }
area teleport in scene 3 at frame 11280: (1248, 1456) -> (1168, 1368)
target scene=3 area=(1152, 1344) event=71 script=8146 mode=1 state=1 player=(1168, 1368) pos=(1296, 1448) path=61
marked destination touch VisitKey { scene: 3, area: (1216, 1408), event_id: 48, trigger_script: 60, trigger_mode: 4, state: 1 }
learned exit AreaKey { scene: 3, anchor: (1152, 1344) } event=48 -> AreaKey { scene: 3, anchor: (1216, 1408) }
area teleport in scene 3 at frame 11297: (1168, 1368) -> (1248, 1456)
continuing target event=71 across area (1216, 1408) path=0
target scene=3 area=(1216, 1408) event=54 script=4647 mode=5 state=1 player=(1248, 1456) pos=(992, 1472) path=16
marked destination touch VisitKey { scene: 3, area: (1152, 1344), event_id: 47, trigger_script: 33, trigger_mode: 4, state: 1 }
learned exit AreaKey { scene: 3, anchor: (1216, 1408) } event=47 -> AreaKey { scene: 3, anchor: (1152, 1344) }
area teleport in scene 3 at frame 11310: (1248, 1456) -> (1168, 1368)
target scene=3 area=(1152, 1344) event=71 script=8146 mode=1 state=1 player=(1168, 1368) pos=(1296, 1448) path=61
marked destination touch VisitKey { scene: 3, area: (1216, 1408), event_id: 48, trigger_script: 60, trigger_mode: 4, state: 1 }
learned exit AreaKey { scene: 3, anchor: (1152, 1344) } event=48 -> AreaKey { scene: 3, anchor: (1216, 1408) }
area teleport in scene 3 at frame 11327: (1168, 1368) -> (1248, 1456)
continuing target event=71 across area (1216, 1408) path=0
target scene=3 area=(1216, 1408) event=54 script=4647 mode=5 state=1 player=(1248, 1456) pos=(992, 1472) path=16
marked destination touch VisitKey { scene: 3, area: (1152, 1344), event_id: 47, trigger_script: 33, trigger_mode: 4, state: 1 }
learned exit AreaKey { scene: 3, anchor: (1216, 1408) } event=47 -> AreaKey { scene: 3, anchor: (1152, 1344) }
area teleport in scene 3 at frame 11340: (1248, 1456) -> (1168, 1368)
target scene=3 area=(1152, 1344) event=71 script=8146 mode=1 state=1 player=(1168, 1368) pos=(1296, 1448) path=61
marked destination touch VisitKey { scene: 3, area: (1216, 1408), event_id: 48, trigger_script: 60, trigger_mode: 4, state: 1 }
learned exit AreaKey { scene: 3, anchor: (1152, 1344) } event=48 -> AreaKey { scene: 3, anchor: (1216, 1408) }
area teleport in scene 3 at frame 11357: (1168, 1368) -> (1248, 1456)
continuing target event=71 across area (1216, 1408) path=0
target scene=3 area=(1216, 1408) event=54 script=4647 mode=5 state=1 player=(1248, 1456) pos=(992, 1472) path=16
marked destination touch VisitKey { scene: 3, area: (1152, 1344), event_id: 47, trigger_script: 33, trigger_mode: 4, state: 1 }
learned exit AreaKey { scene: 3, anchor: (1216, 1408) } event=47 -> AreaKey { scene: 3, anchor: (1152, 1344) }
area teleport in scene 3 at frame 11370: (1248, 1456) -> (1168, 1368)
target scene=3 area=(1152, 1344) event=71 script=8146 mode=1 state=1 player=(1168, 1368) pos=(1296, 1448) path=61
marked destination touch VisitKey { scene: 3, area: (1216, 1408), event_id: 48, trigger_script: 60, trigger_mode: 4, state: 1 }
learned exit AreaKey { scene: 3, anchor: (1152, 1344) } event=48 -> AreaKey { scene: 3, anchor: (1216, 1408) }
area teleport in scene 3 at frame 11387: (1168, 1368) -> (1248, 1456)
continuing target event=71 across area (1216, 1408) path=0
target scene=3 area=(1216, 1408) event=54 script=4647 mode=5 state=1 player=(1248, 1456) pos=(992, 1472) path=16
marked destination touch VisitKey { scene: 3, area: (1152, 1344), event_id: 47, trigger_script: 33, trigger_mode: 4, state: 1 }
learned exit AreaKey { scene: 3, anchor: (1216, 1408) } event=47 -> AreaKey { scene: 3, anchor: (1152, 1344) }
area teleport in scene 3 at frame 11400: (1248, 1456) -> (1168, 1368)
target scene=3 area=(1152, 1344) event=71 script=8146 mode=1 state=1 player=(1168, 1368) pos=(1296, 1448) path=61
marked destination touch VisitKey { scene: 3, area: (1216, 1408), event_id: 48, trigger_script: 60, trigger_mode: 4, state: 1 }
learned exit AreaKey { scene: 3, anchor: (1152, 1344) } event=48 -> AreaKey { scene: 3, anchor: (1216, 1408) }
area teleport in scene 3 at frame 11417: (1168, 1368) -> (1248, 1456)
continuing target event=71 across area (1216, 1408) path=0
target scene=3 area=(1216, 1408) event=54 script=4647 mode=5 state=1 player=(1248, 1456) pos=(992, 1472) path=16
marked destination touch VisitKey { scene: 3, area: (1152, 1344), event_id: 47, trigger_script: 33, trigger_mode: 4, state: 1 }
learned exit AreaKey { scene: 3, anchor: (1216, 1408) } event=47 -> AreaKey { scene: 3, anchor: (1152, 1344) }
area teleport in scene 3 at frame 11430: (1248, 1456) -> (1168, 1368)
target scene=3 area=(1152, 1344) event=71 script=8146 mode=1 state=1 player=(1168, 1368) pos=(1296, 1448) path=61
marked destination touch VisitKey { scene: 3, area: (1216, 1408), event_id: 48, trigger_script: 60, trigger_mode: 4, state: 1 }
learned exit AreaKey { scene: 3, anchor: (1152, 1344) } event=48 -> AreaKey { scene: 3, anchor: (1216, 1408) }
area teleport in scene 3 at frame 11447: (1168, 1368) -> (1248, 1456)
continuing target event=71 across area (1216, 1408) path=0
target scene=3 area=(1216, 1408) event=54 script=4647 mode=5 state=1 player=(1248, 1456) pos=(992, 1472) path=16
marked destination touch VisitKey { scene: 3, area: (1152, 1344), event_id: 47, trigger_script: 33, trigger_mode: 4, state: 1 }
learned exit AreaKey { scene: 3, anchor: (1216, 1408) } event=47 -> AreaKey { scene: 3, anchor: (1152, 1344) }
area teleport in scene 3 at frame 11460: (1248, 1456) -> (1168, 1368)
target scene=3 area=(1152, 1344) event=71 script=8146 mode=1 state=1 player=(1168, 1368) pos=(1296, 1448) path=61
marked destination touch VisitKey { scene: 3, area: (1216, 1408), event_id: 48, trigger_script: 60, trigger_mode: 4, state: 1 }
learned exit AreaKey { scene: 3, anchor: (1152, 1344) } event=48 -> AreaKey { scene: 3, anchor: (1216, 1408) }
area teleport in scene 3 at frame 11477: (1168, 1368) -> (1248, 1456)
continuing target event=71 across area (1216, 1408) path=0
target scene=3 area=(1216, 1408) event=54 script=4647 mode=5 state=1 player=(1248, 1456) pos=(992, 1472) path=16
marked destination touch VisitKey { scene: 3, area: (1152, 1344), event_id: 47, trigger_script: 33, trigger_mode: 4, state: 1 }
learned exit AreaKey { scene: 3, anchor: (1216, 1408) } event=47 -> AreaKey { scene: 3, anchor: (1152, 1344) }
area teleport in scene 3 at frame 11490: (1248, 1456) -> (1168, 1368)
target scene=3 area=(1152, 1344) event=71 script=8146 mode=1 state=1 player=(1168, 1368) pos=(1296, 1448) path=61
marked destination touch VisitKey { scene: 3, area: (1216, 1408), event_id: 48, trigger_script: 60, trigger_mode: 4, state: 1 }
learned exit AreaKey { scene: 3, anchor: (1152, 1344) } event=48 -> AreaKey { scene: 3, anchor: (1216, 1408) }
area teleport in scene 3 at frame 11507: (1168, 1368) -> (1248, 1456)
continuing target event=71 across area (1216, 1408) path=0
target scene=3 area=(1216, 1408) event=54 script=4647 mode=5 state=1 player=(1248, 1456) pos=(992, 1472) path=16
marked destination touch VisitKey { scene: 3, area: (1152, 1344), event_id: 47, trigger_script: 33, trigger_mode: 4, state: 1 }
learned exit AreaKey { scene: 3, anchor: (1216, 1408) } event=47 -> AreaKey { scene: 3, anchor: (1152, 1344) }
area teleport in scene 3 at frame 11520: (1248, 1456) -> (1168, 1368)
target scene=3 area=(1152, 1344) event=71 script=8146 mode=1 state=1 player=(1168, 1368) pos=(1296, 1448) path=61
marked destination touch VisitKey { scene: 3, area: (1216, 1408), event_id: 48, trigger_script: 60, trigger_mode: 4, state: 1 }
learned exit AreaKey { scene: 3, anchor: (1152, 1344) } event=48 -> AreaKey { scene: 3, anchor: (1216, 1408) }
area teleport in scene 3 at frame 11537: (1168, 1368) -> (1248, 1456)
continuing target event=71 across area (1216, 1408) path=0
target scene=3 area=(1216, 1408) event=54 script=4647 mode=5 state=1 player=(1248, 1456) pos=(992, 1472) path=16
marked destination touch VisitKey { scene: 3, area: (1152, 1344), event_id: 47, trigger_script: 33, trigger_mode: 4, state: 1 }
learned exit AreaKey { scene: 3, anchor: (1216, 1408) } event=47 -> AreaKey { scene: 3, anchor: (1152, 1344) }
area teleport in scene 3 at frame 11550: (1248, 1456) -> (1168, 1368)
target scene=3 area=(1152, 1344) event=71 script=8146 mode=1 state=1 player=(1168, 1368) pos=(1296, 1448) path=61
marked destination touch VisitKey { scene: 3, area: (1216, 1408), event_id: 48, trigger_script: 60, trigger_mode: 4, state: 1 }
learned exit AreaKey { scene: 3, anchor: (1152, 1344) } event=48 -> AreaKey { scene: 3, anchor: (1216, 1408) }
area teleport in scene 3 at frame 11567: (1168, 1368) -> (1248, 1456)
continuing target event=71 across area (1216, 1408) path=0
target scene=3 area=(1216, 1408) event=54 script=4647 mode=5 state=1 player=(1248, 1456) pos=(992, 1472) path=16
marked destination touch VisitKey { scene: 3, area: (1152, 1344), event_id: 47, trigger_script: 33, trigger_mode: 4, state: 1 }
learned exit AreaKey { scene: 3, anchor: (1216, 1408) } event=47 -> AreaKey { scene: 3, anchor: (1152, 1344) }
area teleport in scene 3 at frame 11580: (1248, 1456) -> (1168, 1368)
target scene=3 area=(1152, 1344) event=71 script=8146 mode=1 state=1 player=(1168, 1368) pos=(1296, 1448) path=61
marked destination touch VisitKey { scene: 3, area: (1216, 1408), event_id: 48, trigger_script: 60, trigger_mode: 4, state: 1 }
learned exit AreaKey { scene: 3, anchor: (1152, 1344) } event=48 -> AreaKey { scene: 3, anchor: (1216, 1408) }
area teleport in scene 3 at frame 11597: (1168, 1368) -> (1248, 1456)
continuing target event=71 across area (1216, 1408) path=0
target scene=3 area=(1216, 1408) event=54 script=4647 mode=5 state=1 player=(1248, 1456) pos=(992, 1472) path=16
marked destination touch VisitKey { scene: 3, area: (1152, 1344), event_id: 47, trigger_script: 33, trigger_mode: 4, state: 1 }
learned exit AreaKey { scene: 3, anchor: (1216, 1408) } event=47 -> AreaKey { scene: 3, anchor: (1152, 1344) }
area teleport in scene 3 at frame 11610: (1248, 1456) -> (1168, 1368)
target scene=3 area=(1152, 1344) event=71 script=8146 mode=1 state=1 player=(1168, 1368) pos=(1296, 1448) path=61
marked destination touch VisitKey { scene: 3, area: (1216, 1408), event_id: 48, trigger_script: 60, trigger_mode: 4, state: 1 }
learned exit AreaKey { scene: 3, anchor: (1152, 1344) } event=48 -> AreaKey { scene: 3, anchor: (1216, 1408) }
area teleport in scene 3 at frame 11627: (1168, 1368) -> (1248, 1456)
continuing target event=71 across area (1216, 1408) path=0
target scene=3 area=(1216, 1408) event=54 script=4647 mode=5 state=1 player=(1248, 1456) pos=(992, 1472) path=16
marked destination touch VisitKey { scene: 3, area: (1152, 1344), event_id: 47, trigger_script: 33, trigger_mode: 4, state: 1 }
learned exit AreaKey { scene: 3, anchor: (1216, 1408) } event=47 -> AreaKey { scene: 3, anchor: (1152, 1344) }
area teleport in scene 3 at frame 11640: (1248, 1456) -> (1168, 1368)
target scene=3 area=(1152, 1344) event=71 script=8146 mode=1 state=1 player=(1168, 1368) pos=(1296, 1448) path=61
marked destination touch VisitKey { scene: 3, area: (1216, 1408), event_id: 48, trigger_script: 60, trigger_mode: 4, state: 1 }
learned exit AreaKey { scene: 3, anchor: (1152, 1344) } event=48 -> AreaKey { scene: 3, anchor: (1216, 1408) }
area teleport in scene 3 at frame 11657: (1168, 1368) -> (1248, 1456)
continuing target event=71 across area (1216, 1408) path=0
target scene=3 area=(1216, 1408) event=54 script=4647 mode=5 state=1 player=(1248, 1456) pos=(992, 1472) path=16
marked destination touch VisitKey { scene: 3, area: (1152, 1344), event_id: 47, trigger_script: 33, trigger_mode: 4, state: 1 }
learned exit AreaKey { scene: 3, anchor: (1216, 1408) } event=47 -> AreaKey { scene: 3, anchor: (1152, 1344) }
area teleport in scene 3 at frame 11670: (1248, 1456) -> (1168, 1368)
target scene=3 area=(1152, 1344) event=71 script=8146 mode=1 state=1 player=(1168, 1368) pos=(1296, 1448) path=61
marked destination touch VisitKey { scene: 3, area: (1216, 1408), event_id: 48, trigger_script: 60, trigger_mode: 4, state: 1 }
learned exit AreaKey { scene: 3, anchor: (1152, 1344) } event=48 -> AreaKey { scene: 3, anchor: (1216, 1408) }
area teleport in scene 3 at frame 11687: (1168, 1368) -> (1248, 1456)
continuing target event=71 across area (1216, 1408) path=0
target scene=3 area=(1216, 1408) event=54 script=4647 mode=5 state=1 player=(1248, 1456) pos=(992, 1472) path=16
marked destination touch VisitKey { scene: 3, area: (1152, 1344), event_id: 47, trigger_script: 33, trigger_mode: 4, state: 1 }
learned exit AreaKey { scene: 3, anchor: (1216, 1408) } event=47 -> AreaKey { scene: 3, anchor: (1152, 1344) }
area teleport in scene 3 at frame 11700: (1248, 1456) -> (1168, 1368)
target scene=3 area=(1152, 1344) event=71 script=8146 mode=1 state=1 player=(1168, 1368) pos=(1296, 1448) path=61
marked destination touch VisitKey { scene: 3, area: (1216, 1408), event_id: 48, trigger_script: 60, trigger_mode: 4, state: 1 }
learned exit AreaKey { scene: 3, anchor: (1152, 1344) } event=48 -> AreaKey { scene: 3, anchor: (1216, 1408) }
area teleport in scene 3 at frame 11717: (1168, 1368) -> (1248, 1456)
continuing target event=71 across area (1216, 1408) path=0
target scene=3 area=(1216, 1408) event=54 script=4647 mode=5 state=1 player=(1248, 1456) pos=(992, 1472) path=16
marked destination touch VisitKey { scene: 3, area: (1152, 1344), event_id: 47, trigger_script: 33, trigger_mode: 4, state: 1 }
learned exit AreaKey { scene: 3, anchor: (1216, 1408) } event=47 -> AreaKey { scene: 3, anchor: (1152, 1344) }
area teleport in scene 3 at frame 11730: (1248, 1456) -> (1168, 1368)
target scene=3 area=(1152, 1344) event=71 script=8146 mode=1 state=1 player=(1168, 1368) pos=(1296, 1448) path=61
marked destination touch VisitKey { scene: 3, area: (1216, 1408), event_id: 48, trigger_script: 60, trigger_mode: 4, state: 1 }
learned exit AreaKey { scene: 3, anchor: (1152, 1344) } event=48 -> AreaKey { scene: 3, anchor: (1216, 1408) }
area teleport in scene 3 at frame 11747: (1168, 1368) -> (1248, 1456)
continuing target event=71 across area (1216, 1408) path=0
target scene=3 area=(1216, 1408) event=54 script=4647 mode=5 state=1 player=(1248, 1456) pos=(992, 1472) path=16
marked destination touch VisitKey { scene: 3, area: (1152, 1344), event_id: 47, trigger_script: 33, trigger_mode: 4, state: 1 }
learned exit AreaKey { scene: 3, anchor: (1216, 1408) } event=47 -> AreaKey { scene: 3, anchor: (1152, 1344) }
area teleport in scene 3 at frame 11760: (1248, 1456) -> (1168, 1368)
target scene=3 area=(1152, 1344) event=71 script=8146 mode=1 state=1 player=(1168, 1368) pos=(1296, 1448) path=61
marked destination touch VisitKey { scene: 3, area: (1216, 1408), event_id: 48, trigger_script: 60, trigger_mode: 4, state: 1 }
learned exit AreaKey { scene: 3, anchor: (1152, 1344) } event=48 -> AreaKey { scene: 3, anchor: (1216, 1408) }
area teleport in scene 3 at frame 11777: (1168, 1368) -> (1248, 1456)
continuing target event=71 across area (1216, 1408) path=0
target scene=3 area=(1216, 1408) event=54 script=4647 mode=5 state=1 player=(1248, 1456) pos=(992, 1472) path=16
marked destination touch VisitKey { scene: 3, area: (1152, 1344), event_id: 47, trigger_script: 33, trigger_mode: 4, state: 1 }
learned exit AreaKey { scene: 3, anchor: (1216, 1408) } event=47 -> AreaKey { scene: 3, anchor: (1152, 1344) }
area teleport in scene 3 at frame 11790: (1248, 1456) -> (1168, 1368)
target scene=3 area=(1152, 1344) event=71 script=8146 mode=1 state=1 player=(1168, 1368) pos=(1296, 1448) path=61
marked destination touch VisitKey { scene: 3, area: (1216, 1408), event_id: 48, trigger_script: 60, trigger_mode: 4, state: 1 }
learned exit AreaKey { scene: 3, anchor: (1152, 1344) } event=48 -> AreaKey { scene: 3, anchor: (1216, 1408) }
area teleport in scene 3 at frame 11807: (1168, 1368) -> (1248, 1456)
continuing target event=71 across area (1216, 1408) path=0
target scene=3 area=(1216, 1408) event=54 script=4647 mode=5 state=1 player=(1248, 1456) pos=(992, 1472) path=16
marked destination touch VisitKey { scene: 3, area: (1152, 1344), event_id: 47, trigger_script: 33, trigger_mode: 4, state: 1 }
learned exit AreaKey { scene: 3, anchor: (1216, 1408) } event=47 -> AreaKey { scene: 3, anchor: (1152, 1344) }
area teleport in scene 3 at frame 11820: (1248, 1456) -> (1168, 1368)
target scene=3 area=(1152, 1344) event=71 script=8146 mode=1 state=1 player=(1168, 1368) pos=(1296, 1448) path=61
marked destination touch VisitKey { scene: 3, area: (1216, 1408), event_id: 48, trigger_script: 60, trigger_mode: 4, state: 1 }
learned exit AreaKey { scene: 3, anchor: (1152, 1344) } event=48 -> AreaKey { scene: 3, anchor: (1216, 1408) }
area teleport in scene 3 at frame 11837: (1168, 1368) -> (1248, 1456)
continuing target event=71 across area (1216, 1408) path=0
target scene=3 area=(1216, 1408) event=54 script=4647 mode=5 state=1 player=(1248, 1456) pos=(992, 1472) path=16
marked destination touch VisitKey { scene: 3, area: (1152, 1344), event_id: 47, trigger_script: 33, trigger_mode: 4, state: 1 }
learned exit AreaKey { scene: 3, anchor: (1216, 1408) } event=47 -> AreaKey { scene: 3, anchor: (1152, 1344) }
area teleport in scene 3 at frame 11850: (1248, 1456) -> (1168, 1368)
target scene=3 area=(1152, 1344) event=71 script=8146 mode=1 state=1 player=(1168, 1368) pos=(1296, 1448) path=61
marked destination touch VisitKey { scene: 3, area: (1216, 1408), event_id: 48, trigger_script: 60, trigger_mode: 4, state: 1 }
learned exit AreaKey { scene: 3, anchor: (1152, 1344) } event=48 -> AreaKey { scene: 3, anchor: (1216, 1408) }
area teleport in scene 3 at frame 11867: (1168, 1368) -> (1248, 1456)
continuing target event=71 across area (1216, 1408) path=0
target scene=3 area=(1216, 1408) event=54 script=4647 mode=5 state=1 player=(1248, 1456) pos=(992, 1472) path=16
marked destination touch VisitKey { scene: 3, area: (1152, 1344), event_id: 47, trigger_script: 33, trigger_mode: 4, state: 1 }
learned exit AreaKey { scene: 3, anchor: (1216, 1408) } event=47 -> AreaKey { scene: 3, anchor: (1152, 1344) }
area teleport in scene 3 at frame 11880: (1248, 1456) -> (1168, 1368)
target scene=3 area=(1152, 1344) event=71 script=8146 mode=1 state=1 player=(1168, 1368) pos=(1296, 1448) path=61
marked destination touch VisitKey { scene: 3, area: (1216, 1408), event_id: 48, trigger_script: 60, trigger_mode: 4, state: 1 }
learned exit AreaKey { scene: 3, anchor: (1152, 1344) } event=48 -> AreaKey { scene: 3, anchor: (1216, 1408) }
area teleport in scene 3 at frame 11897: (1168, 1368) -> (1248, 1456)
continuing target event=71 across area (1216, 1408) path=0
target scene=3 area=(1216, 1408) event=54 script=4647 mode=5 state=1 player=(1248, 1456) pos=(992, 1472) path=16
marked destination touch VisitKey { scene: 3, area: (1152, 1344), event_id: 47, trigger_script: 33, trigger_mode: 4, state: 1 }
learned exit AreaKey { scene: 3, anchor: (1216, 1408) } event=47 -> AreaKey { scene: 3, anchor: (1152, 1344) }
area teleport in scene 3 at frame 11910: (1248, 1456) -> (1168, 1368)
target scene=3 area=(1152, 1344) event=71 script=8146 mode=1 state=1 player=(1168, 1368) pos=(1296, 1448) path=61
marked destination touch VisitKey { scene: 3, area: (1216, 1408), event_id: 48, trigger_script: 60, trigger_mode: 4, state: 1 }
learned exit AreaKey { scene: 3, anchor: (1152, 1344) } event=48 -> AreaKey { scene: 3, anchor: (1216, 1408) }
area teleport in scene 3 at frame 11927: (1168, 1368) -> (1248, 1456)
continuing target event=71 across area (1216, 1408) path=0
target scene=3 area=(1216, 1408) event=54 script=4647 mode=5 state=1 player=(1248, 1456) pos=(992, 1472) path=16
marked destination touch VisitKey { scene: 3, area: (1152, 1344), event_id: 47, trigger_script: 33, trigger_mode: 4, state: 1 }
learned exit AreaKey { scene: 3, anchor: (1216, 1408) } event=47 -> AreaKey { scene: 3, anchor: (1152, 1344) }
area teleport in scene 3 at frame 11940: (1248, 1456) -> (1168, 1368)
target scene=3 area=(1152, 1344) event=71 script=8146 mode=1 state=1 player=(1168, 1368) pos=(1296, 1448) path=61
marked destination touch VisitKey { scene: 3, area: (1216, 1408), event_id: 48, trigger_script: 60, trigger_mode: 4, state: 1 }
learned exit AreaKey { scene: 3, anchor: (1152, 1344) } event=48 -> AreaKey { scene: 3, anchor: (1216, 1408) }
area teleport in scene 3 at frame 11957: (1168, 1368) -> (1248, 1456)
continuing target event=71 across area (1216, 1408) path=0
target scene=3 area=(1216, 1408) event=54 script=4647 mode=5 state=1 player=(1248, 1456) pos=(992, 1472) path=16
marked destination touch VisitKey { scene: 3, area: (1152, 1344), event_id: 47, trigger_script: 33, trigger_mode: 4, state: 1 }
learned exit AreaKey { scene: 3, anchor: (1216, 1408) } event=47 -> AreaKey { scene: 3, anchor: (1152, 1344) }
area teleport in scene 3 at frame 11970: (1248, 1456) -> (1168, 1368)
target scene=3 area=(1152, 1344) event=71 script=8146 mode=1 state=1 player=(1168, 1368) pos=(1296, 1448) path=61
marked destination touch VisitKey { scene: 3, area: (1216, 1408), event_id: 48, trigger_script: 60, trigger_mode: 4, state: 1 }
learned exit AreaKey { scene: 3, anchor: (1152, 1344) } event=48 -> AreaKey { scene: 3, anchor: (1216, 1408) }
area teleport in scene 3 at frame 11987: (1168, 1368) -> (1248, 1456)
continuing target event=71 across area (1216, 1408) path=0
target scene=3 area=(1216, 1408) event=54 script=4647 mode=5 state=1 player=(1248, 1456) pos=(992, 1472) path=16
marked destination touch VisitKey { scene: 3, area: (1152, 1344), event_id: 47, trigger_script: 33, trigger_mode: 4, state: 1 }
learned exit AreaKey { scene: 3, anchor: (1216, 1408) } event=47 -> AreaKey { scene: 3, anchor: (1152, 1344) }
area teleport in scene 3 at frame 12000: (1248, 1456) -> (1168, 1368)
target scene=3 area=(1152, 1344) event=71 script=8146 mode=1 state=1 player=(1168, 1368) pos=(1296, 1448) path=61
marked destination touch VisitKey { scene: 3, area: (1216, 1408), event_id: 48, trigger_script: 60, trigger_mode: 4, state: 1 }
learned exit AreaKey { scene: 3, anchor: (1152, 1344) } event=48 -> AreaKey { scene: 3, anchor: (1216, 1408) }
area teleport in scene 3 at frame 12017: (1168, 1368) -> (1248, 1456)
continuing target event=71 across area (1216, 1408) path=0
target scene=3 area=(1216, 1408) event=54 script=4647 mode=5 state=1 player=(1248, 1456) pos=(992, 1472) path=16
marked destination touch VisitKey { scene: 3, area: (1152, 1344), event_id: 47, trigger_script: 33, trigger_mode: 4, state: 1 }
learned exit AreaKey { scene: 3, anchor: (1216, 1408) } event=47 -> AreaKey { scene: 3, anchor: (1152, 1344) }
area teleport in scene 3 at frame 12030: (1248, 1456) -> (1168, 1368)
target scene=3 area=(1152, 1344) event=71 script=8146 mode=1 state=1 player=(1168, 1368) pos=(1296, 1448) path=61
marked destination touch VisitKey { scene: 3, area: (1216, 1408), event_id: 48, trigger_script: 60, trigger_mode: 4, state: 1 }
learned exit AreaKey { scene: 3, anchor: (1152, 1344) } event=48 -> AreaKey { scene: 3, anchor: (1216, 1408) }
area teleport in scene 3 at frame 12047: (1168, 1368) -> (1248, 1456)
continuing target event=71 across area (1216, 1408) path=0
target scene=3 area=(1216, 1408) event=54 script=4647 mode=5 state=1 player=(1248, 1456) pos=(992, 1472) path=16
marked destination touch VisitKey { scene: 3, area: (1152, 1344), event_id: 47, trigger_script: 33, trigger_mode: 4, state: 1 }
learned exit AreaKey { scene: 3, anchor: (1216, 1408) } event=47 -> AreaKey { scene: 3, anchor: (1152, 1344) }
area teleport in scene 3 at frame 12060: (1248, 1456) -> (1168, 1368)
target scene=3 area=(1152, 1344) event=71 script=8146 mode=1 state=1 player=(1168, 1368) pos=(1296, 1448) path=61
marked destination touch VisitKey { scene: 3, area: (1216, 1408), event_id: 48, trigger_script: 60, trigger_mode: 4, state: 1 }
learned exit AreaKey { scene: 3, anchor: (1152, 1344) } event=48 -> AreaKey { scene: 3, anchor: (1216, 1408) }
area teleport in scene 3 at frame 12077: (1168, 1368) -> (1248, 1456)
continuing target event=71 across area (1216, 1408) path=0
target scene=3 area=(1216, 1408) event=54 script=4647 mode=5 state=1 player=(1248, 1456) pos=(992, 1472) path=16
marked destination touch VisitKey { scene: 3, area: (1152, 1344), event_id: 47, trigger_script: 33, trigger_mode: 4, state: 1 }
learned exit AreaKey { scene: 3, anchor: (1216, 1408) } event=47 -> AreaKey { scene: 3, anchor: (1152, 1344) }
area teleport in scene 3 at frame 12090: (1248, 1456) -> (1168, 1368)
target scene=3 area=(1152, 1344) event=71 script=8146 mode=1 state=1 player=(1168, 1368) pos=(1296, 1448) path=61
marked destination touch VisitKey { scene: 3, area: (1216, 1408), event_id: 48, trigger_script: 60, trigger_mode: 4, state: 1 }
learned exit AreaKey { scene: 3, anchor: (1152, 1344) } event=48 -> AreaKey { scene: 3, anchor: (1216, 1408) }
area teleport in scene 3 at frame 12107: (1168, 1368) -> (1248, 1456)
continuing target event=71 across area (1216, 1408) path=0
target scene=3 area=(1216, 1408) event=54 script=4647 mode=5 state=1 player=(1248, 1456) pos=(992, 1472) path=16
marked destination touch VisitKey { scene: 3, area: (1152, 1344), event_id: 47, trigger_script: 33, trigger_mode: 4, state: 1 }
learned exit AreaKey { scene: 3, anchor: (1216, 1408) } event=47 -> AreaKey { scene: 3, anchor: (1152, 1344) }
area teleport in scene 3 at frame 12120: (1248, 1456) -> (1168, 1368)
target scene=3 area=(1152, 1344) event=71 script=8146 mode=1 state=1 player=(1168, 1368) pos=(1296, 1448) path=61
marked destination touch VisitKey { scene: 3, area: (1216, 1408), event_id: 48, trigger_script: 60, trigger_mode: 4, state: 1 }
learned exit AreaKey { scene: 3, anchor: (1152, 1344) } event=48 -> AreaKey { scene: 3, anchor: (1216, 1408) }
area teleport in scene 3 at frame 12137: (1168, 1368) -> (1248, 1456)
continuing target event=71 across area (1216, 1408) path=0
target scene=3 area=(1216, 1408) event=54 script=4647 mode=5 state=1 player=(1248, 1456) pos=(992, 1472) path=16
marked destination touch VisitKey { scene: 3, area: (1152, 1344), event_id: 47, trigger_script: 33, trigger_mode: 4, state: 1 }
learned exit AreaKey { scene: 3, anchor: (1216, 1408) } event=47 -> AreaKey { scene: 3, anchor: (1152, 1344) }
area teleport in scene 3 at frame 12150: (1248, 1456) -> (1168, 1368)
target scene=3 area=(1152, 1344) event=71 script=8146 mode=1 state=1 player=(1168, 1368) pos=(1296, 1448) path=61
marked destination touch VisitKey { scene: 3, area: (1216, 1408), event_id: 48, trigger_script: 60, trigger_mode: 4, state: 1 }
learned exit AreaKey { scene: 3, anchor: (1152, 1344) } event=48 -> AreaKey { scene: 3, anchor: (1216, 1408) }
area teleport in scene 3 at frame 12167: (1168, 1368) -> (1248, 1456)
continuing target event=71 across area (1216, 1408) path=0
target scene=3 area=(1216, 1408) event=54 script=4647 mode=5 state=1 player=(1248, 1456) pos=(992, 1472) path=16
marked destination touch VisitKey { scene: 3, area: (1152, 1344), event_id: 47, trigger_script: 33, trigger_mode: 4, state: 1 }
learned exit AreaKey { scene: 3, anchor: (1216, 1408) } event=47 -> AreaKey { scene: 3, anchor: (1152, 1344) }
area teleport in scene 3 at frame 12180: (1248, 1456) -> (1168, 1368)
target scene=3 area=(1152, 1344) event=71 script=8146 mode=1 state=1 player=(1168, 1368) pos=(1296, 1448) path=61
marked destination touch VisitKey { scene: 3, area: (1216, 1408), event_id: 48, trigger_script: 60, trigger_mode: 4, state: 1 }
learned exit AreaKey { scene: 3, anchor: (1152, 1344) } event=48 -> AreaKey { scene: 3, anchor: (1216, 1408) }
area teleport in scene 3 at frame 12197: (1168, 1368) -> (1248, 1456)
continuing target event=71 across area (1216, 1408) path=0
target scene=3 area=(1216, 1408) event=54 script=4647 mode=5 state=1 player=(1248, 1456) pos=(992, 1472) path=16
marked destination touch VisitKey { scene: 3, area: (1152, 1344), event_id: 47, trigger_script: 33, trigger_mode: 4, state: 1 }
learned exit AreaKey { scene: 3, anchor: (1216, 1408) } event=47 -> AreaKey { scene: 3, anchor: (1152, 1344) }
area teleport in scene 3 at frame 12210: (1248, 1456) -> (1168, 1368)
target scene=3 area=(1152, 1344) event=71 script=8146 mode=1 state=1 player=(1168, 1368) pos=(1296, 1448) path=61
marked destination touch VisitKey { scene: 3, area: (1216, 1408), event_id: 48, trigger_script: 60, trigger_mode: 4, state: 1 }
learned exit AreaKey { scene: 3, anchor: (1152, 1344) } event=48 -> AreaKey { scene: 3, anchor: (1216, 1408) }
area teleport in scene 3 at frame 12227: (1168, 1368) -> (1248, 1456)
continuing target event=71 across area (1216, 1408) path=0
target scene=3 area=(1216, 1408) event=54 script=4647 mode=5 state=1 player=(1248, 1456) pos=(992, 1472) path=16
marked destination touch VisitKey { scene: 3, area: (1152, 1344), event_id: 47, trigger_script: 33, trigger_mode: 4, state: 1 }
learned exit AreaKey { scene: 3, anchor: (1216, 1408) } event=47 -> AreaKey { scene: 3, anchor: (1152, 1344) }
area teleport in scene 3 at frame 12240: (1248, 1456) -> (1168, 1368)
target scene=3 area=(1152, 1344) event=71 script=8146 mode=1 state=1 player=(1168, 1368) pos=(1296, 1448) path=61
marked destination touch VisitKey { scene: 3, area: (1216, 1408), event_id: 48, trigger_script: 60, trigger_mode: 4, state: 1 }
learned exit AreaKey { scene: 3, anchor: (1152, 1344) } event=48 -> AreaKey { scene: 3, anchor: (1216, 1408) }
area teleport in scene 3 at frame 12257: (1168, 1368) -> (1248, 1456)
continuing target event=71 across area (1216, 1408) path=0
target scene=3 area=(1216, 1408) event=54 script=4647 mode=5 state=1 player=(1248, 1456) pos=(992, 1472) path=16
marked destination touch VisitKey { scene: 3, area: (1152, 1344), event_id: 47, trigger_script: 33, trigger_mode: 4, state: 1 }
learned exit AreaKey { scene: 3, anchor: (1216, 1408) } event=47 -> AreaKey { scene: 3, anchor: (1152, 1344) }
area teleport in scene 3 at frame 12270: (1248, 1456) -> (1168, 1368)
target scene=3 area=(1152, 1344) event=71 script=8146 mode=1 state=1 player=(1168, 1368) pos=(1296, 1448) path=61
marked destination touch VisitKey { scene: 3, area: (1216, 1408), event_id: 48, trigger_script: 60, trigger_mode: 4, state: 1 }
learned exit AreaKey { scene: 3, anchor: (1152, 1344) } event=48 -> AreaKey { scene: 3, anchor: (1216, 1408) }
area teleport in scene 3 at frame 12287: (1168, 1368) -> (1248, 1456)
continuing target event=71 across area (1216, 1408) path=0
target scene=3 area=(1216, 1408) event=54 script=4647 mode=5 state=1 player=(1248, 1456) pos=(992, 1472) path=16
marked destination touch VisitKey { scene: 3, area: (1152, 1344), event_id: 47, trigger_script: 33, trigger_mode: 4, state: 1 }
learned exit AreaKey { scene: 3, anchor: (1216, 1408) } event=47 -> AreaKey { scene: 3, anchor: (1152, 1344) }
area teleport in scene 3 at frame 12300: (1248, 1456) -> (1168, 1368)
target scene=3 area=(1152, 1344) event=71 script=8146 mode=1 state=1 player=(1168, 1368) pos=(1296, 1448) path=61
marked destination touch VisitKey { scene: 3, area: (1216, 1408), event_id: 48, trigger_script: 60, trigger_mode: 4, state: 1 }
learned exit AreaKey { scene: 3, anchor: (1152, 1344) } event=48 -> AreaKey { scene: 3, anchor: (1216, 1408) }
area teleport in scene 3 at frame 12317: (1168, 1368) -> (1248, 1456)
continuing target event=71 across area (1216, 1408) path=0
target scene=3 area=(1216, 1408) event=54 script=4647 mode=5 state=1 player=(1248, 1456) pos=(992, 1472) path=16
marked destination touch VisitKey { scene: 3, area: (1152, 1344), event_id: 47, trigger_script: 33, trigger_mode: 4, state: 1 }
learned exit AreaKey { scene: 3, anchor: (1216, 1408) } event=47 -> AreaKey { scene: 3, anchor: (1152, 1344) }
area teleport in scene 3 at frame 12330: (1248, 1456) -> (1168, 1368)
target scene=3 area=(1152, 1344) event=71 script=8146 mode=1 state=1 player=(1168, 1368) pos=(1296, 1448) path=61
marked destination touch VisitKey { scene: 3, area: (1216, 1408), event_id: 48, trigger_script: 60, trigger_mode: 4, state: 1 }
learned exit AreaKey { scene: 3, anchor: (1152, 1344) } event=48 -> AreaKey { scene: 3, anchor: (1216, 1408) }
area teleport in scene 3 at frame 12347: (1168, 1368) -> (1248, 1456)
continuing target event=71 across area (1216, 1408) path=0
target scene=3 area=(1216, 1408) event=54 script=4647 mode=5 state=1 player=(1248, 1456) pos=(992, 1472) path=16
marked destination touch VisitKey { scene: 3, area: (1152, 1344), event_id: 47, trigger_script: 33, trigger_mode: 4, state: 1 }
learned exit AreaKey { scene: 3, anchor: (1216, 1408) } event=47 -> AreaKey { scene: 3, anchor: (1152, 1344) }
area teleport in scene 3 at frame 12360: (1248, 1456) -> (1168, 1368)
target scene=3 area=(1152, 1344) event=71 script=8146 mode=1 state=1 player=(1168, 1368) pos=(1296, 1448) path=61
marked destination touch VisitKey { scene: 3, area: (1216, 1408), event_id: 48, trigger_script: 60, trigger_mode: 4, state: 1 }
learned exit AreaKey { scene: 3, anchor: (1152, 1344) } event=48 -> AreaKey { scene: 3, anchor: (1216, 1408) }
area teleport in scene 3 at frame 12377: (1168, 1368) -> (1248, 1456)
continuing target event=71 across area (1216, 1408) path=0
target scene=3 area=(1216, 1408) event=54 script=4647 mode=5 state=1 player=(1248, 1456) pos=(992, 1472) path=16
marked destination touch VisitKey { scene: 3, area: (1152, 1344), event_id: 47, trigger_script: 33, trigger_mode: 4, state: 1 }
learned exit AreaKey { scene: 3, anchor: (1216, 1408) } event=47 -> AreaKey { scene: 3, anchor: (1152, 1344) }
area teleport in scene 3 at frame 12390: (1248, 1456) -> (1168, 1368)
target scene=3 area=(1152, 1344) event=71 script=8146 mode=1 state=1 player=(1168, 1368) pos=(1296, 1448) path=61
marked destination touch VisitKey { scene: 3, area: (1216, 1408), event_id: 48, trigger_script: 60, trigger_mode: 4, state: 1 }
learned exit AreaKey { scene: 3, anchor: (1152, 1344) } event=48 -> AreaKey { scene: 3, anchor: (1216, 1408) }
area teleport in scene 3 at frame 12407: (1168, 1368) -> (1248, 1456)
continuing target event=71 across area (1216, 1408) path=0
target scene=3 area=(1216, 1408) event=54 script=4647 mode=5 state=1 player=(1248, 1456) pos=(992, 1472) path=16
marked destination touch VisitKey { scene: 3, area: (1152, 1344), event_id: 47, trigger_script: 33, trigger_mode: 4, state: 1 }
learned exit AreaKey { scene: 3, anchor: (1216, 1408) } event=47 -> AreaKey { scene: 3, anchor: (1152, 1344) }
area teleport in scene 3 at frame 12420: (1248, 1456) -> (1168, 1368)
target scene=3 area=(1152, 1344) event=71 script=8146 mode=1 state=1 player=(1168, 1368) pos=(1296, 1448) path=61
marked destination touch VisitKey { scene: 3, area: (1216, 1408), event_id: 48, trigger_script: 60, trigger_mode: 4, state: 1 }
learned exit AreaKey { scene: 3, anchor: (1152, 1344) } event=48 -> AreaKey { scene: 3, anchor: (1216, 1408) }
area teleport in scene 3 at frame 12437: (1168, 1368) -> (1248, 1456)
continuing target event=71 across area (1216, 1408) path=0
target scene=3 area=(1216, 1408) event=54 script=4647 mode=5 state=1 player=(1248, 1456) pos=(992, 1472) path=16
marked destination touch VisitKey { scene: 3, area: (1152, 1344), event_id: 47, trigger_script: 33, trigger_mode: 4, state: 1 }
learned exit AreaKey { scene: 3, anchor: (1216, 1408) } event=47 -> AreaKey { scene: 3, anchor: (1152, 1344) }
area teleport in scene 3 at frame 12450: (1248, 1456) -> (1168, 1368)
target scene=3 area=(1152, 1344) event=71 script=8146 mode=1 state=1 player=(1168, 1368) pos=(1296, 1448) path=61
marked destination touch VisitKey { scene: 3, area: (1216, 1408), event_id: 48, trigger_script: 60, trigger_mode: 4, state: 1 }
learned exit AreaKey { scene: 3, anchor: (1152, 1344) } event=48 -> AreaKey { scene: 3, anchor: (1216, 1408) }
area teleport in scene 3 at frame 12467: (1168, 1368) -> (1248, 1456)
continuing target event=71 across area (1216, 1408) path=0
target scene=3 area=(1216, 1408) event=54 script=4647 mode=5 state=1 player=(1248, 1456) pos=(992, 1472) path=16
marked destination touch VisitKey { scene: 3, area: (1152, 1344), event_id: 47, trigger_script: 33, trigger_mode: 4, state: 1 }
learned exit AreaKey { scene: 3, anchor: (1216, 1408) } event=47 -> AreaKey { scene: 3, anchor: (1152, 1344) }
area teleport in scene 3 at frame 12480: (1248, 1456) -> (1168, 1368)
target scene=3 area=(1152, 1344) event=71 script=8146 mode=1 state=1 player=(1168, 1368) pos=(1296, 1448) path=61
marked destination touch VisitKey { scene: 3, area: (1216, 1408), event_id: 48, trigger_script: 60, trigger_mode: 4, state: 1 }
learned exit AreaKey { scene: 3, anchor: (1152, 1344) } event=48 -> AreaKey { scene: 3, anchor: (1216, 1408) }
area teleport in scene 3 at frame 12497: (1168, 1368) -> (1248, 1456)
continuing target event=71 across area (1216, 1408) path=0
target scene=3 area=(1216, 1408) event=54 script=4647 mode=5 state=1 player=(1248, 1456) pos=(992, 1472) path=16
marked destination touch VisitKey { scene: 3, area: (1152, 1344), event_id: 47, trigger_script: 33, trigger_mode: 4, state: 1 }
learned exit AreaKey { scene: 3, anchor: (1216, 1408) } event=47 -> AreaKey { scene: 3, anchor: (1152, 1344) }
area teleport in scene 3 at frame 12510: (1248, 1456) -> (1168, 1368)
target scene=3 area=(1152, 1344) event=71 script=8146 mode=1 state=1 player=(1168, 1368) pos=(1296, 1448) path=61
marked destination touch VisitKey { scene: 3, area: (1216, 1408), event_id: 48, trigger_script: 60, trigger_mode: 4, state: 1 }
learned exit AreaKey { scene: 3, anchor: (1152, 1344) } event=48 -> AreaKey { scene: 3, anchor: (1216, 1408) }
area teleport in scene 3 at frame 12527: (1168, 1368) -> (1248, 1456)
continuing target event=71 across area (1216, 1408) path=0
target scene=3 area=(1216, 1408) event=54 script=4647 mode=5 state=1 player=(1248, 1456) pos=(992, 1472) path=16
marked destination touch VisitKey { scene: 3, area: (1152, 1344), event_id: 47, trigger_script: 33, trigger_mode: 4, state: 1 }
learned exit AreaKey { scene: 3, anchor: (1216, 1408) } event=47 -> AreaKey { scene: 3, anchor: (1152, 1344) }
area teleport in scene 3 at frame 12540: (1248, 1456) -> (1168, 1368)
target scene=3 area=(1152, 1344) event=71 script=8146 mode=1 state=1 player=(1168, 1368) pos=(1296, 1448) path=61
marked destination touch VisitKey { scene: 3, area: (1216, 1408), event_id: 48, trigger_script: 60, trigger_mode: 4, state: 1 }
learned exit AreaKey { scene: 3, anchor: (1152, 1344) } event=48 -> AreaKey { scene: 3, anchor: (1216, 1408) }
area teleport in scene 3 at frame 12557: (1168, 1368) -> (1248, 1456)
continuing target event=71 across area (1216, 1408) path=0
target scene=3 area=(1216, 1408) event=54 script=4647 mode=5 state=1 player=(1248, 1456) pos=(992, 1472) path=16
marked destination touch VisitKey { scene: 3, area: (1152, 1344), event_id: 47, trigger_script: 33, trigger_mode: 4, state: 1 }
learned exit AreaKey { scene: 3, anchor: (1216, 1408) } event=47 -> AreaKey { scene: 3, anchor: (1152, 1344) }
area teleport in scene 3 at frame 12570: (1248, 1456) -> (1168, 1368)
target scene=3 area=(1152, 1344) event=71 script=8146 mode=1 state=1 player=(1168, 1368) pos=(1296, 1448) path=61
marked destination touch VisitKey { scene: 3, area: (1216, 1408), event_id: 48, trigger_script: 60, trigger_mode: 4, state: 1 }
learned exit AreaKey { scene: 3, anchor: (1152, 1344) } event=48 -> AreaKey { scene: 3, anchor: (1216, 1408) }
area teleport in scene 3 at frame 12587: (1168, 1368) -> (1248, 1456)
continuing target event=71 across area (1216, 1408) path=0
target scene=3 area=(1216, 1408) event=54 script=4647 mode=5 state=1 player=(1248, 1456) pos=(992, 1472) path=16
marked destination touch VisitKey { scene: 3, area: (1152, 1344), event_id: 47, trigger_script: 33, trigger_mode: 4, state: 1 }
learned exit AreaKey { scene: 3, anchor: (1216, 1408) } event=47 -> AreaKey { scene: 3, anchor: (1152, 1344) }
area teleport in scene 3 at frame 12600: (1248, 1456) -> (1168, 1368)
target scene=3 area=(1152, 1344) event=71 script=8146 mode=1 state=1 player=(1168, 1368) pos=(1296, 1448) path=61
marked destination touch VisitKey { scene: 3, area: (1216, 1408), event_id: 48, trigger_script: 60, trigger_mode: 4, state: 1 }
learned exit AreaKey { scene: 3, anchor: (1152, 1344) } event=48 -> AreaKey { scene: 3, anchor: (1216, 1408) }
area teleport in scene 3 at frame 12617: (1168, 1368) -> (1248, 1456)
continuing target event=71 across area (1216, 1408) path=0
target scene=3 area=(1216, 1408) event=54 script=4647 mode=5 state=1 player=(1248, 1456) pos=(992, 1472) path=16
marked destination touch VisitKey { scene: 3, area: (1152, 1344), event_id: 47, trigger_script: 33, trigger_mode: 4, state: 1 }
learned exit AreaKey { scene: 3, anchor: (1216, 1408) } event=47 -> AreaKey { scene: 3, anchor: (1152, 1344) }
area teleport in scene 3 at frame 12630: (1248, 1456) -> (1168, 1368)
target scene=3 area=(1152, 1344) event=71 script=8146 mode=1 state=1 player=(1168, 1368) pos=(1296, 1448) path=61
marked destination touch VisitKey { scene: 3, area: (1216, 1408), event_id: 48, trigger_script: 60, trigger_mode: 4, state: 1 }
learned exit AreaKey { scene: 3, anchor: (1152, 1344) } event=48 -> AreaKey { scene: 3, anchor: (1216, 1408) }
area teleport in scene 3 at frame 12647: (1168, 1368) -> (1248, 1456)
continuing target event=71 across area (1216, 1408) path=0
target scene=3 area=(1216, 1408) event=54 script=4647 mode=5 state=1 player=(1248, 1456) pos=(992, 1472) path=16
marked destination touch VisitKey { scene: 3, area: (1152, 1344), event_id: 47, trigger_script: 33, trigger_mode: 4, state: 1 }
learned exit AreaKey { scene: 3, anchor: (1216, 1408) } event=47 -> AreaKey { scene: 3, anchor: (1152, 1344) }
area teleport in scene 3 at frame 12660: (1248, 1456) -> (1168, 1368)
target scene=3 area=(1152, 1344) event=71 script=8146 mode=1 state=1 player=(1168, 1368) pos=(1296, 1448) path=61
marked destination touch VisitKey { scene: 3, area: (1216, 1408), event_id: 48, trigger_script: 60, trigger_mode: 4, state: 1 }
learned exit AreaKey { scene: 3, anchor: (1152, 1344) } event=48 -> AreaKey { scene: 3, anchor: (1216, 1408) }
area teleport in scene 3 at frame 12677: (1168, 1368) -> (1248, 1456)
continuing target event=71 across area (1216, 1408) path=0
target scene=3 area=(1216, 1408) event=54 script=4647 mode=5 state=1 player=(1248, 1456) pos=(992, 1472) path=16
marked destination touch VisitKey { scene: 3, area: (1152, 1344), event_id: 47, trigger_script: 33, trigger_mode: 4, state: 1 }
learned exit AreaKey { scene: 3, anchor: (1216, 1408) } event=47 -> AreaKey { scene: 3, anchor: (1152, 1344) }
area teleport in scene 3 at frame 12690: (1248, 1456) -> (1168, 1368)
target scene=3 area=(1152, 1344) event=71 script=8146 mode=1 state=1 player=(1168, 1368) pos=(1296, 1448) path=61
marked destination touch VisitKey { scene: 3, area: (1216, 1408), event_id: 48, trigger_script: 60, trigger_mode: 4, state: 1 }
learned exit AreaKey { scene: 3, anchor: (1152, 1344) } event=48 -> AreaKey { scene: 3, anchor: (1216, 1408) }
area teleport in scene 3 at frame 12707: (1168, 1368) -> (1248, 1456)
continuing target event=71 across area (1216, 1408) path=0
target scene=3 area=(1216, 1408) event=54 script=4647 mode=5 state=1 player=(1248, 1456) pos=(992, 1472) path=16
marked destination touch VisitKey { scene: 3, area: (1152, 1344), event_id: 47, trigger_script: 33, trigger_mode: 4, state: 1 }
learned exit AreaKey { scene: 3, anchor: (1216, 1408) } event=47 -> AreaKey { scene: 3, anchor: (1152, 1344) }
area teleport in scene 3 at frame 12720: (1248, 1456) -> (1168, 1368)
target scene=3 area=(1152, 1344) event=71 script=8146 mode=1 state=1 player=(1168, 1368) pos=(1296, 1448) path=61
marked destination touch VisitKey { scene: 3, area: (1216, 1408), event_id: 48, trigger_script: 60, trigger_mode: 4, state: 1 }
learned exit AreaKey { scene: 3, anchor: (1152, 1344) } event=48 -> AreaKey { scene: 3, anchor: (1216, 1408) }
area teleport in scene 3 at frame 12737: (1168, 1368) -> (1248, 1456)
continuing target event=71 across area (1216, 1408) path=0
target scene=3 area=(1216, 1408) event=54 script=4647 mode=5 state=1 player=(1248, 1456) pos=(992, 1472) path=16
marked destination touch VisitKey { scene: 3, area: (1152, 1344), event_id: 47, trigger_script: 33, trigger_mode: 4, state: 1 }
learned exit AreaKey { scene: 3, anchor: (1216, 1408) } event=47 -> AreaKey { scene: 3, anchor: (1152, 1344) }
area teleport in scene 3 at frame 12750: (1248, 1456) -> (1168, 1368)
target scene=3 area=(1152, 1344) event=71 script=8146 mode=1 state=1 player=(1168, 1368) pos=(1296, 1448) path=61
marked destination touch VisitKey { scene: 3, area: (1216, 1408), event_id: 48, trigger_script: 60, trigger_mode: 4, state: 1 }
learned exit AreaKey { scene: 3, anchor: (1152, 1344) } event=48 -> AreaKey { scene: 3, anchor: (1216, 1408) }
area teleport in scene 3 at frame 12767: (1168, 1368) -> (1248, 1456)
continuing target event=71 across area (1216, 1408) path=0
target scene=3 area=(1216, 1408) event=54 script=4647 mode=5 state=1 player=(1248, 1456) pos=(992, 1472) path=16
marked destination touch VisitKey { scene: 3, area: (1152, 1344), event_id: 47, trigger_script: 33, trigger_mode: 4, state: 1 }
learned exit AreaKey { scene: 3, anchor: (1216, 1408) } event=47 -> AreaKey { scene: 3, anchor: (1152, 1344) }
area teleport in scene 3 at frame 12780: (1248, 1456) -> (1168, 1368)
target scene=3 area=(1152, 1344) event=71 script=8146 mode=1 state=1 player=(1168, 1368) pos=(1296, 1448) path=61
marked destination touch VisitKey { scene: 3, area: (1216, 1408), event_id: 48, trigger_script: 60, trigger_mode: 4, state: 1 }
learned exit AreaKey { scene: 3, anchor: (1152, 1344) } event=48 -> AreaKey { scene: 3, anchor: (1216, 1408) }
area teleport in scene 3 at frame 12797: (1168, 1368) -> (1248, 1456)
continuing target event=71 across area (1216, 1408) path=0
target scene=3 area=(1216, 1408) event=54 script=4647 mode=5 state=1 player=(1248, 1456) pos=(992, 1472) path=16
marked destination touch VisitKey { scene: 3, area: (1152, 1344), event_id: 47, trigger_script: 33, trigger_mode: 4, state: 1 }
learned exit AreaKey { scene: 3, anchor: (1216, 1408) } event=47 -> AreaKey { scene: 3, anchor: (1152, 1344) }
area teleport in scene 3 at frame 12810: (1248, 1456) -> (1168, 1368)
target scene=3 area=(1152, 1344) event=71 script=8146 mode=1 state=1 player=(1168, 1368) pos=(1296, 1448) path=61
marked destination touch VisitKey { scene: 3, area: (1216, 1408), event_id: 48, trigger_script: 60, trigger_mode: 4, state: 1 }
learned exit AreaKey { scene: 3, anchor: (1152, 1344) } event=48 -> AreaKey { scene: 3, anchor: (1216, 1408) }
area teleport in scene 3 at frame 12827: (1168, 1368) -> (1248, 1456)
continuing target event=71 across area (1216, 1408) path=0
target scene=3 area=(1216, 1408) event=54 script=4647 mode=5 state=1 player=(1248, 1456) pos=(992, 1472) path=16
marked destination touch VisitKey { scene: 3, area: (1152, 1344), event_id: 47, trigger_script: 33, trigger_mode: 4, state: 1 }
learned exit AreaKey { scene: 3, anchor: (1216, 1408) } event=47 -> AreaKey { scene: 3, anchor: (1152, 1344) }
area teleport in scene 3 at frame 12840: (1248, 1456) -> (1168, 1368)
target scene=3 area=(1152, 1344) event=71 script=8146 mode=1 state=1 player=(1168, 1368) pos=(1296, 1448) path=61
marked destination touch VisitKey { scene: 3, area: (1216, 1408), event_id: 48, trigger_script: 60, trigger_mode: 4, state: 1 }
learned exit AreaKey { scene: 3, anchor: (1152, 1344) } event=48 -> AreaKey { scene: 3, anchor: (1216, 1408) }
area teleport in scene 3 at frame 12857: (1168, 1368) -> (1248, 1456)
continuing target event=71 across area (1216, 1408) path=0
target scene=3 area=(1216, 1408) event=54 script=4647 mode=5 state=1 player=(1248, 1456) pos=(992, 1472) path=16
marked destination touch VisitKey { scene: 3, area: (1152, 1344), event_id: 47, trigger_script: 33, trigger_mode: 4, state: 1 }
learned exit AreaKey { scene: 3, anchor: (1216, 1408) } event=47 -> AreaKey { scene: 3, anchor: (1152, 1344) }
area teleport in scene 3 at frame 12870: (1248, 1456) -> (1168, 1368)
target scene=3 area=(1152, 1344) event=71 script=8146 mode=1 state=1 player=(1168, 1368) pos=(1296, 1448) path=61
marked destination touch VisitKey { scene: 3, area: (1216, 1408), event_id: 48, trigger_script: 60, trigger_mode: 4, state: 1 }
learned exit AreaKey { scene: 3, anchor: (1152, 1344) } event=48 -> AreaKey { scene: 3, anchor: (1216, 1408) }
area teleport in scene 3 at frame 12887: (1168, 1368) -> (1248, 1456)
continuing target event=71 across area (1216, 1408) path=0
target scene=3 area=(1216, 1408) event=54 script=4647 mode=5 state=1 player=(1248, 1456) pos=(992, 1472) path=16
marked destination touch VisitKey { scene: 3, area: (1152, 1344), event_id: 47, trigger_script: 33, trigger_mode: 4, state: 1 }
learned exit AreaKey { scene: 3, anchor: (1216, 1408) } event=47 -> AreaKey { scene: 3, anchor: (1152, 1344) }
area teleport in scene 3 at frame 12900: (1248, 1456) -> (1168, 1368)
target scene=3 area=(1152, 1344) event=71 script=8146 mode=1 state=1 player=(1168, 1368) pos=(1296, 1448) path=61
marked destination touch VisitKey { scene: 3, area: (1216, 1408), event_id: 48, trigger_script: 60, trigger_mode: 4, state: 1 }
learned exit AreaKey { scene: 3, anchor: (1152, 1344) } event=48 -> AreaKey { scene: 3, anchor: (1216, 1408) }
area teleport in scene 3 at frame 12917: (1168, 1368) -> (1248, 1456)
continuing target event=71 across area (1216, 1408) path=0
target scene=3 area=(1216, 1408) event=54 script=4647 mode=5 state=1 player=(1248, 1456) pos=(992, 1472) path=16
marked destination touch VisitKey { scene: 3, area: (1152, 1344), event_id: 47, trigger_script: 33, trigger_mode: 4, state: 1 }
learned exit AreaKey { scene: 3, anchor: (1216, 1408) } event=47 -> AreaKey { scene: 3, anchor: (1152, 1344) }
area teleport in scene 3 at frame 12930: (1248, 1456) -> (1168, 1368)
target scene=3 area=(1152, 1344) event=71 script=8146 mode=1 state=1 player=(1168, 1368) pos=(1296, 1448) path=61
marked destination touch VisitKey { scene: 3, area: (1216, 1408), event_id: 48, trigger_script: 60, trigger_mode: 4, state: 1 }
learned exit AreaKey { scene: 3, anchor: (1152, 1344) } event=48 -> AreaKey { scene: 3, anchor: (1216, 1408) }
area teleport in scene 3 at frame 12947: (1168, 1368) -> (1248, 1456)
continuing target event=71 across area (1216, 1408) path=0
target scene=3 area=(1216, 1408) event=54 script=4647 mode=5 state=1 player=(1248, 1456) pos=(992, 1472) path=16
marked destination touch VisitKey { scene: 3, area: (1152, 1344), event_id: 47, trigger_script: 33, trigger_mode: 4, state: 1 }
learned exit AreaKey { scene: 3, anchor: (1216, 1408) } event=47 -> AreaKey { scene: 3, anchor: (1152, 1344) }
area teleport in scene 3 at frame 12960: (1248, 1456) -> (1168, 1368)
target scene=3 area=(1152, 1344) event=71 script=8146 mode=1 state=1 player=(1168, 1368) pos=(1296, 1448) path=61
marked destination touch VisitKey { scene: 3, area: (1216, 1408), event_id: 48, trigger_script: 60, trigger_mode: 4, state: 1 }
learned exit AreaKey { scene: 3, anchor: (1152, 1344) } event=48 -> AreaKey { scene: 3, anchor: (1216, 1408) }
area teleport in scene 3 at frame 12977: (1168, 1368) -> (1248, 1456)
continuing target event=71 across area (1216, 1408) path=0
target scene=3 area=(1216, 1408) event=54 script=4647 mode=5 state=1 player=(1248, 1456) pos=(992, 1472) path=16
marked destination touch VisitKey { scene: 3, area: (1152, 1344), event_id: 47, trigger_script: 33, trigger_mode: 4, state: 1 }
learned exit AreaKey { scene: 3, anchor: (1216, 1408) } event=47 -> AreaKey { scene: 3, anchor: (1152, 1344) }
area teleport in scene 3 at frame 12990: (1248, 1456) -> (1168, 1368)
target scene=3 area=(1152, 1344) event=71 script=8146 mode=1 state=1 player=(1168, 1368) pos=(1296, 1448) path=61
marked destination touch VisitKey { scene: 3, area: (1216, 1408), event_id: 48, trigger_script: 60, trigger_mode: 4, state: 1 }
learned exit AreaKey { scene: 3, anchor: (1152, 1344) } event=48 -> AreaKey { scene: 3, anchor: (1216, 1408) }
area teleport in scene 3 at frame 13007: (1168, 1368) -> (1248, 1456)
continuing target event=71 across area (1216, 1408) path=0
target scene=3 area=(1216, 1408) event=54 script=4647 mode=5 state=1 player=(1248, 1456) pos=(992, 1472) path=16
marked destination touch VisitKey { scene: 3, area: (1152, 1344), event_id: 47, trigger_script: 33, trigger_mode: 4, state: 1 }
learned exit AreaKey { scene: 3, anchor: (1216, 1408) } event=47 -> AreaKey { scene: 3, anchor: (1152, 1344) }
area teleport in scene 3 at frame 13020: (1248, 1456) -> (1168, 1368)
target scene=3 area=(1152, 1344) event=71 script=8146 mode=1 state=1 player=(1168, 1368) pos=(1296, 1448) path=61
marked destination touch VisitKey { scene: 3, area: (1216, 1408), event_id: 48, trigger_script: 60, trigger_mode: 4, state: 1 }
learned exit AreaKey { scene: 3, anchor: (1152, 1344) } event=48 -> AreaKey { scene: 3, anchor: (1216, 1408) }
area teleport in scene 3 at frame 13037: (1168, 1368) -> (1248, 1456)
continuing target event=71 across area (1216, 1408) path=0
target scene=3 area=(1216, 1408) event=54 script=4647 mode=5 state=1 player=(1248, 1456) pos=(992, 1472) path=16
marked destination touch VisitKey { scene: 3, area: (1152, 1344), event_id: 47, trigger_script: 33, trigger_mode: 4, state: 1 }
learned exit AreaKey { scene: 3, anchor: (1216, 1408) } event=47 -> AreaKey { scene: 3, anchor: (1152, 1344) }
area teleport in scene 3 at frame 13050: (1248, 1456) -> (1168, 1368)
target scene=3 area=(1152, 1344) event=71 script=8146 mode=1 state=1 player=(1168, 1368) pos=(1296, 1448) path=61
marked destination touch VisitKey { scene: 3, area: (1216, 1408), event_id: 48, trigger_script: 60, trigger_mode: 4, state: 1 }
learned exit AreaKey { scene: 3, anchor: (1152, 1344) } event=48 -> AreaKey { scene: 3, anchor: (1216, 1408) }
area teleport in scene 3 at frame 13067: (1168, 1368) -> (1248, 1456)
continuing target event=71 across area (1216, 1408) path=0
target scene=3 area=(1216, 1408) event=54 script=4647 mode=5 state=1 player=(1248, 1456) pos=(992, 1472) path=16
marked destination touch VisitKey { scene: 3, area: (1152, 1344), event_id: 47, trigger_script: 33, trigger_mode: 4, state: 1 }
learned exit AreaKey { scene: 3, anchor: (1216, 1408) } event=47 -> AreaKey { scene: 3, anchor: (1152, 1344) }
area teleport in scene 3 at frame 13080: (1248, 1456) -> (1168, 1368)
target scene=3 area=(1152, 1344) event=71 script=8146 mode=1 state=1 player=(1168, 1368) pos=(1296, 1448) path=61
marked destination touch VisitKey { scene: 3, area: (1216, 1408), event_id: 48, trigger_script: 60, trigger_mode: 4, state: 1 }
learned exit AreaKey { scene: 3, anchor: (1152, 1344) } event=48 -> AreaKey { scene: 3, anchor: (1216, 1408) }
area teleport in scene 3 at frame 13097: (1168, 1368) -> (1248, 1456)
continuing target event=71 across area (1216, 1408) path=0
target scene=3 area=(1216, 1408) event=54 script=4647 mode=5 state=1 player=(1248, 1456) pos=(992, 1472) path=16
marked destination touch VisitKey { scene: 3, area: (1152, 1344), event_id: 47, trigger_script: 33, trigger_mode: 4, state: 1 }
learned exit AreaKey { scene: 3, anchor: (1216, 1408) } event=47 -> AreaKey { scene: 3, anchor: (1152, 1344) }
area teleport in scene 3 at frame 13110: (1248, 1456) -> (1168, 1368)
target scene=3 area=(1152, 1344) event=71 script=8146 mode=1 state=1 player=(1168, 1368) pos=(1296, 1448) path=61
marked destination touch VisitKey { scene: 3, area: (1216, 1408), event_id: 48, trigger_script: 60, trigger_mode: 4, state: 1 }
learned exit AreaKey { scene: 3, anchor: (1152, 1344) } event=48 -> AreaKey { scene: 3, anchor: (1216, 1408) }
area teleport in scene 3 at frame 13127: (1168, 1368) -> (1248, 1456)
continuing target event=71 across area (1216, 1408) path=0
target scene=3 area=(1216, 1408) event=54 script=4647 mode=5 state=1 player=(1248, 1456) pos=(992, 1472) path=16
marked destination touch VisitKey { scene: 3, area: (1152, 1344), event_id: 47, trigger_script: 33, trigger_mode: 4, state: 1 }
learned exit AreaKey { scene: 3, anchor: (1216, 1408) } event=47 -> AreaKey { scene: 3, anchor: (1152, 1344) }
area teleport in scene 3 at frame 13140: (1248, 1456) -> (1168, 1368)
target scene=3 area=(1152, 1344) event=71 script=8146 mode=1 state=1 player=(1168, 1368) pos=(1296, 1448) path=61
marked destination touch VisitKey { scene: 3, area: (1216, 1408), event_id: 48, trigger_script: 60, trigger_mode: 4, state: 1 }
learned exit AreaKey { scene: 3, anchor: (1152, 1344) } event=48 -> AreaKey { scene: 3, anchor: (1216, 1408) }
area teleport in scene 3 at frame 13157: (1168, 1368) -> (1248, 1456)
continuing target event=71 across area (1216, 1408) path=0
target scene=3 area=(1216, 1408) event=54 script=4647 mode=5 state=1 player=(1248, 1456) pos=(992, 1472) path=16
marked destination touch VisitKey { scene: 3, area: (1152, 1344), event_id: 47, trigger_script: 33, trigger_mode: 4, state: 1 }
learned exit AreaKey { scene: 3, anchor: (1216, 1408) } event=47 -> AreaKey { scene: 3, anchor: (1152, 1344) }
area teleport in scene 3 at frame 13170: (1248, 1456) -> (1168, 1368)
target scene=3 area=(1152, 1344) event=71 script=8146 mode=1 state=1 player=(1168, 1368) pos=(1296, 1448) path=61
marked destination touch VisitKey { scene: 3, area: (1216, 1408), event_id: 48, trigger_script: 60, trigger_mode: 4, state: 1 }
learned exit AreaKey { scene: 3, anchor: (1152, 1344) } event=48 -> AreaKey { scene: 3, anchor: (1216, 1408) }
area teleport in scene 3 at frame 13187: (1168, 1368) -> (1248, 1456)
continuing target event=71 across area (1216, 1408) path=0
target scene=3 area=(1216, 1408) event=54 script=4647 mode=5 state=1 player=(1248, 1456) pos=(992, 1472) path=16
marked destination touch VisitKey { scene: 3, area: (1152, 1344), event_id: 47, trigger_script: 33, trigger_mode: 4, state: 1 }
learned exit AreaKey { scene: 3, anchor: (1216, 1408) } event=47 -> AreaKey { scene: 3, anchor: (1152, 1344) }
area teleport in scene 3 at frame 13200: (1248, 1456) -> (1168, 1368)
target scene=3 area=(1152, 1344) event=71 script=8146 mode=1 state=1 player=(1168, 1368) pos=(1296, 1448) path=61
marked destination touch VisitKey { scene: 3, area: (1216, 1408), event_id: 48, trigger_script: 60, trigger_mode: 4, state: 1 }
learned exit AreaKey { scene: 3, anchor: (1152, 1344) } event=48 -> AreaKey { scene: 3, anchor: (1216, 1408) }
area teleport in scene 3 at frame 13217: (1168, 1368) -> (1248, 1456)
continuing target event=71 across area (1216, 1408) path=0
target scene=3 area=(1216, 1408) event=54 script=4647 mode=5 state=1 player=(1248, 1456) pos=(992, 1472) path=16
marked destination touch VisitKey { scene: 3, area: (1152, 1344), event_id: 47, trigger_script: 33, trigger_mode: 4, state: 1 }
learned exit AreaKey { scene: 3, anchor: (1216, 1408) } event=47 -> AreaKey { scene: 3, anchor: (1152, 1344) }
area teleport in scene 3 at frame 13230: (1248, 1456) -> (1168, 1368)
target scene=3 area=(1152, 1344) event=71 script=8146 mode=1 state=1 player=(1168, 1368) pos=(1296, 1448) path=61
marked destination touch VisitKey { scene: 3, area: (1216, 1408), event_id: 48, trigger_script: 60, trigger_mode: 4, state: 1 }
learned exit AreaKey { scene: 3, anchor: (1152, 1344) } event=48 -> AreaKey { scene: 3, anchor: (1216, 1408) }
area teleport in scene 3 at frame 13247: (1168, 1368) -> (1248, 1456)
continuing target event=71 across area (1216, 1408) path=0
target scene=3 area=(1216, 1408) event=54 script=4647 mode=5 state=1 player=(1248, 1456) pos=(992, 1472) path=16
marked destination touch VisitKey { scene: 3, area: (1152, 1344), event_id: 47, trigger_script: 33, trigger_mode: 4, state: 1 }
learned exit AreaKey { scene: 3, anchor: (1216, 1408) } event=47 -> AreaKey { scene: 3, anchor: (1152, 1344) }
area teleport in scene 3 at frame 13260: (1248, 1456) -> (1168, 1368)
target scene=3 area=(1152, 1344) event=71 script=8146 mode=1 state=1 player=(1168, 1368) pos=(1296, 1448) path=61
marked destination touch VisitKey { scene: 3, area: (1216, 1408), event_id: 48, trigger_script: 60, trigger_mode: 4, state: 1 }
learned exit AreaKey { scene: 3, anchor: (1152, 1344) } event=48 -> AreaKey { scene: 3, anchor: (1216, 1408) }
area teleport in scene 3 at frame 13277: (1168, 1368) -> (1248, 1456)
continuing target event=71 across area (1216, 1408) path=0
target scene=3 area=(1216, 1408) event=54 script=4647 mode=5 state=1 player=(1248, 1456) pos=(992, 1472) path=16
marked destination touch VisitKey { scene: 3, area: (1152, 1344), event_id: 47, trigger_script: 33, trigger_mode: 4, state: 1 }
learned exit AreaKey { scene: 3, anchor: (1216, 1408) } event=47 -> AreaKey { scene: 3, anchor: (1152, 1344) }
area teleport in scene 3 at frame 13290: (1248, 1456) -> (1168, 1368)
target scene=3 area=(1152, 1344) event=71 script=8146 mode=1 state=1 player=(1168, 1368) pos=(1296, 1448) path=61
marked destination touch VisitKey { scene: 3, area: (1216, 1408), event_id: 48, trigger_script: 60, trigger_mode: 4, state: 1 }
learned exit AreaKey { scene: 3, anchor: (1152, 1344) } event=48 -> AreaKey { scene: 3, anchor: (1216, 1408) }
area teleport in scene 3 at frame 13307: (1168, 1368) -> (1248, 1456)
continuing target event=71 across area (1216, 1408) path=0
target scene=3 area=(1216, 1408) event=54 script=4647 mode=5 state=1 player=(1248, 1456) pos=(992, 1472) path=16
marked destination touch VisitKey { scene: 3, area: (1152, 1344), event_id: 47, trigger_script: 33, trigger_mode: 4, state: 1 }
learned exit AreaKey { scene: 3, anchor: (1216, 1408) } event=47 -> AreaKey { scene: 3, anchor: (1152, 1344) }
area teleport in scene 3 at frame 13320: (1248, 1456) -> (1168, 1368)
target scene=3 area=(1152, 1344) event=71 script=8146 mode=1 state=1 player=(1168, 1368) pos=(1296, 1448) path=61
marked destination touch VisitKey { scene: 3, area: (1216, 1408), event_id: 48, trigger_script: 60, trigger_mode: 4, state: 1 }
learned exit AreaKey { scene: 3, anchor: (1152, 1344) } event=48 -> AreaKey { scene: 3, anchor: (1216, 1408) }
area teleport in scene 3 at frame 13337: (1168, 1368) -> (1248, 1456)
continuing target event=71 across area (1216, 1408) path=0
target scene=3 area=(1216, 1408) event=54 script=4647 mode=5 state=1 player=(1248, 1456) pos=(992, 1472) path=16
marked destination touch VisitKey { scene: 3, area: (1152, 1344), event_id: 47, trigger_script: 33, trigger_mode: 4, state: 1 }
learned exit AreaKey { scene: 3, anchor: (1216, 1408) } event=47 -> AreaKey { scene: 3, anchor: (1152, 1344) }
area teleport in scene 3 at frame 13350: (1248, 1456) -> (1168, 1368)
target scene=3 area=(1152, 1344) event=71 script=8146 mode=1 state=1 player=(1168, 1368) pos=(1296, 1448) path=61
marked destination touch VisitKey { scene: 3, area: (1216, 1408), event_id: 48, trigger_script: 60, trigger_mode: 4, state: 1 }
learned exit AreaKey { scene: 3, anchor: (1152, 1344) } event=48 -> AreaKey { scene: 3, anchor: (1216, 1408) }
area teleport in scene 3 at frame 13367: (1168, 1368) -> (1248, 1456)
continuing target event=71 across area (1216, 1408) path=0
target scene=3 area=(1216, 1408) event=54 script=4647 mode=5 state=1 player=(1248, 1456) pos=(992, 1472) path=16
marked destination touch VisitKey { scene: 3, area: (1152, 1344), event_id: 47, trigger_script: 33, trigger_mode: 4, state: 1 }
learned exit AreaKey { scene: 3, anchor: (1216, 1408) } event=47 -> AreaKey { scene: 3, anchor: (1152, 1344) }
area teleport in scene 3 at frame 13380: (1248, 1456) -> (1168, 1368)
target scene=3 area=(1152, 1344) event=71 script=8146 mode=1 state=1 player=(1168, 1368) pos=(1296, 1448) path=61
marked destination touch VisitKey { scene: 3, area: (1216, 1408), event_id: 48, trigger_script: 60, trigger_mode: 4, state: 1 }
learned exit AreaKey { scene: 3, anchor: (1152, 1344) } event=48 -> AreaKey { scene: 3, anchor: (1216, 1408) }
area teleport in scene 3 at frame 13397: (1168, 1368) -> (1248, 1456)
continuing target event=71 across area (1216, 1408) path=0
target scene=3 area=(1216, 1408) event=54 script=4647 mode=5 state=1 player=(1248, 1456) pos=(992, 1472) path=16
marked destination touch VisitKey { scene: 3, area: (1152, 1344), event_id: 47, trigger_script: 33, trigger_mode: 4, state: 1 }
learned exit AreaKey { scene: 3, anchor: (1216, 1408) } event=47 -> AreaKey { scene: 3, anchor: (1152, 1344) }
area teleport in scene 3 at frame 13410: (1248, 1456) -> (1168, 1368)
target scene=3 area=(1152, 1344) event=71 script=8146 mode=1 state=1 player=(1168, 1368) pos=(1296, 1448) path=61
marked destination touch VisitKey { scene: 3, area: (1216, 1408), event_id: 48, trigger_script: 60, trigger_mode: 4, state: 1 }
learned exit AreaKey { scene: 3, anchor: (1152, 1344) } event=48 -> AreaKey { scene: 3, anchor: (1216, 1408) }
area teleport in scene 3 at frame 13427: (1168, 1368) -> (1248, 1456)
continuing target event=71 across area (1216, 1408) path=0
target scene=3 area=(1216, 1408) event=54 script=4647 mode=5 state=1 player=(1248, 1456) pos=(992, 1472) path=16
marked destination touch VisitKey { scene: 3, area: (1152, 1344), event_id: 47, trigger_script: 33, trigger_mode: 4, state: 1 }
learned exit AreaKey { scene: 3, anchor: (1216, 1408) } event=47 -> AreaKey { scene: 3, anchor: (1152, 1344) }
area teleport in scene 3 at frame 13440: (1248, 1456) -> (1168, 1368)
target scene=3 area=(1152, 1344) event=71 script=8146 mode=1 state=1 player=(1168, 1368) pos=(1296, 1448) path=61
marked destination touch VisitKey { scene: 3, area: (1216, 1408), event_id: 48, trigger_script: 60, trigger_mode: 4, state: 1 }
learned exit AreaKey { scene: 3, anchor: (1152, 1344) } event=48 -> AreaKey { scene: 3, anchor: (1216, 1408) }
area teleport in scene 3 at frame 13457: (1168, 1368) -> (1248, 1456)
continuing target event=71 across area (1216, 1408) path=0
target scene=3 area=(1216, 1408) event=54 script=4647 mode=5 state=1 player=(1248, 1456) pos=(992, 1472) path=16
marked destination touch VisitKey { scene: 3, area: (1152, 1344), event_id: 47, trigger_script: 33, trigger_mode: 4, state: 1 }
learned exit AreaKey { scene: 3, anchor: (1216, 1408) } event=47 -> AreaKey { scene: 3, anchor: (1152, 1344) }
area teleport in scene 3 at frame 13470: (1248, 1456) -> (1168, 1368)
target scene=3 area=(1152, 1344) event=71 script=8146 mode=1 state=1 player=(1168, 1368) pos=(1296, 1448) path=61
marked destination touch VisitKey { scene: 3, area: (1216, 1408), event_id: 48, trigger_script: 60, trigger_mode: 4, state: 1 }
learned exit AreaKey { scene: 3, anchor: (1152, 1344) } event=48 -> AreaKey { scene: 3, anchor: (1216, 1408) }
area teleport in scene 3 at frame 13487: (1168, 1368) -> (1248, 1456)
continuing target event=71 across area (1216, 1408) path=0
target scene=3 area=(1216, 1408) event=54 script=4647 mode=5 state=1 player=(1248, 1456) pos=(992, 1472) path=16
marked destination touch VisitKey { scene: 3, area: (1152, 1344), event_id: 47, trigger_script: 33, trigger_mode: 4, state: 1 }
learned exit AreaKey { scene: 3, anchor: (1216, 1408) } event=47 -> AreaKey { scene: 3, anchor: (1152, 1344) }
area teleport in scene 3 at frame 13500: (1248, 1456) -> (1168, 1368)
target scene=3 area=(1152, 1344) event=71 script=8146 mode=1 state=1 player=(1168, 1368) pos=(1296, 1448) path=61
marked destination touch VisitKey { scene: 3, area: (1216, 1408), event_id: 48, trigger_script: 60, trigger_mode: 4, state: 1 }
learned exit AreaKey { scene: 3, anchor: (1152, 1344) } event=48 -> AreaKey { scene: 3, anchor: (1216, 1408) }
area teleport in scene 3 at frame 13517: (1168, 1368) -> (1248, 1456)
continuing target event=71 across area (1216, 1408) path=0
target scene=3 area=(1216, 1408) event=54 script=4647 mode=5 state=1 player=(1248, 1456) pos=(992, 1472) path=16
marked destination touch VisitKey { scene: 3, area: (1152, 1344), event_id: 47, trigger_script: 33, trigger_mode: 4, state: 1 }
learned exit AreaKey { scene: 3, anchor: (1216, 1408) } event=47 -> AreaKey { scene: 3, anchor: (1152, 1344) }
area teleport in scene 3 at frame 13530: (1248, 1456) -> (1168, 1368)
target scene=3 area=(1152, 1344) event=71 script=8146 mode=1 state=1 player=(1168, 1368) pos=(1296, 1448) path=61
marked destination touch VisitKey { scene: 3, area: (1216, 1408), event_id: 48, trigger_script: 60, trigger_mode: 4, state: 1 }
learned exit AreaKey { scene: 3, anchor: (1152, 1344) } event=48 -> AreaKey { scene: 3, anchor: (1216, 1408) }
area teleport in scene 3 at frame 13547: (1168, 1368) -> (1248, 1456)
continuing target event=71 across area (1216, 1408) path=0
target scene=3 area=(1216, 1408) event=54 script=4647 mode=5 state=1 player=(1248, 1456) pos=(992, 1472) path=16
marked destination touch VisitKey { scene: 3, area: (1152, 1344), event_id: 47, trigger_script: 33, trigger_mode: 4, state: 1 }
learned exit AreaKey { scene: 3, anchor: (1216, 1408) } event=47 -> AreaKey { scene: 3, anchor: (1152, 1344) }
area teleport in scene 3 at frame 13560: (1248, 1456) -> (1168, 1368)
target scene=3 area=(1152, 1344) event=71 script=8146 mode=1 state=1 player=(1168, 1368) pos=(1296, 1448) path=61
marked destination touch VisitKey { scene: 3, area: (1216, 1408), event_id: 48, trigger_script: 60, trigger_mode: 4, state: 1 }
learned exit AreaKey { scene: 3, anchor: (1152, 1344) } event=48 -> AreaKey { scene: 3, anchor: (1216, 1408) }
area teleport in scene 3 at frame 13577: (1168, 1368) -> (1248, 1456)
continuing target event=71 across area (1216, 1408) path=0
target scene=3 area=(1216, 1408) event=54 script=4647 mode=5 state=1 player=(1248, 1456) pos=(992, 1472) path=16
marked destination touch VisitKey { scene: 3, area: (1152, 1344), event_id: 47, trigger_script: 33, trigger_mode: 4, state: 1 }
learned exit AreaKey { scene: 3, anchor: (1216, 1408) } event=47 -> AreaKey { scene: 3, anchor: (1152, 1344) }
area teleport in scene 3 at frame 13590: (1248, 1456) -> (1168, 1368)
target scene=3 area=(1152, 1344) event=71 script=8146 mode=1 state=1 player=(1168, 1368) pos=(1296, 1448) path=61
marked destination touch VisitKey { scene: 3, area: (1216, 1408), event_id: 48, trigger_script: 60, trigger_mode: 4, state: 1 }
learned exit AreaKey { scene: 3, anchor: (1152, 1344) } event=48 -> AreaKey { scene: 3, anchor: (1216, 1408) }
area teleport in scene 3 at frame 13607: (1168, 1368) -> (1248, 1456)
continuing target event=71 across area (1216, 1408) path=0
target scene=3 area=(1216, 1408) event=54 script=4647 mode=5 state=1 player=(1248, 1456) pos=(992, 1472) path=16
marked destination touch VisitKey { scene: 3, area: (1152, 1344), event_id: 47, trigger_script: 33, trigger_mode: 4, state: 1 }
learned exit AreaKey { scene: 3, anchor: (1216, 1408) } event=47 -> AreaKey { scene: 3, anchor: (1152, 1344) }
area teleport in scene 3 at frame 13620: (1248, 1456) -> (1168, 1368)
target scene=3 area=(1152, 1344) event=71 script=8146 mode=1 state=1 player=(1168, 1368) pos=(1296, 1448) path=61
marked destination touch VisitKey { scene: 3, area: (1216, 1408), event_id: 48, trigger_script: 60, trigger_mode: 4, state: 1 }
learned exit AreaKey { scene: 3, anchor: (1152, 1344) } event=48 -> AreaKey { scene: 3, anchor: (1216, 1408) }
area teleport in scene 3 at frame 13637: (1168, 1368) -> (1248, 1456)
continuing target event=71 across area (1216, 1408) path=0
target scene=3 area=(1216, 1408) event=54 script=4647 mode=5 state=1 player=(1248, 1456) pos=(992, 1472) path=16
marked destination touch VisitKey { scene: 3, area: (1152, 1344), event_id: 47, trigger_script: 33, trigger_mode: 4, state: 1 }
learned exit AreaKey { scene: 3, anchor: (1216, 1408) } event=47 -> AreaKey { scene: 3, anchor: (1152, 1344) }
area teleport in scene 3 at frame 13650: (1248, 1456) -> (1168, 1368)
target scene=3 area=(1152, 1344) event=71 script=8146 mode=1 state=1 player=(1168, 1368) pos=(1296, 1448) path=61
marked destination touch VisitKey { scene: 3, area: (1216, 1408), event_id: 48, trigger_script: 60, trigger_mode: 4, state: 1 }
learned exit AreaKey { scene: 3, anchor: (1152, 1344) } event=48 -> AreaKey { scene: 3, anchor: (1216, 1408) }
area teleport in scene 3 at frame 13667: (1168, 1368) -> (1248, 1456)
continuing target event=71 across area (1216, 1408) path=0
target scene=3 area=(1216, 1408) event=54 script=4647 mode=5 state=1 player=(1248, 1456) pos=(992, 1472) path=16
marked destination touch VisitKey { scene: 3, area: (1152, 1344), event_id: 47, trigger_script: 33, trigger_mode: 4, state: 1 }
learned exit AreaKey { scene: 3, anchor: (1216, 1408) } event=47 -> AreaKey { scene: 3, anchor: (1152, 1344) }
area teleport in scene 3 at frame 13680: (1248, 1456) -> (1168, 1368)
target scene=3 area=(1152, 1344) event=71 script=8146 mode=1 state=1 player=(1168, 1368) pos=(1296, 1448) path=61
marked destination touch VisitKey { scene: 3, area: (1216, 1408), event_id: 48, trigger_script: 60, trigger_mode: 4, state: 1 }
learned exit AreaKey { scene: 3, anchor: (1152, 1344) } event=48 -> AreaKey { scene: 3, anchor: (1216, 1408) }
area teleport in scene 3 at frame 13697: (1168, 1368) -> (1248, 1456)
continuing target event=71 across area (1216, 1408) path=0
target scene=3 area=(1216, 1408) event=54 script=4647 mode=5 state=1 player=(1248, 1456) pos=(992, 1472) path=16
marked destination touch VisitKey { scene: 3, area: (1152, 1344), event_id: 47, trigger_script: 33, trigger_mode: 4, state: 1 }
learned exit AreaKey { scene: 3, anchor: (1216, 1408) } event=47 -> AreaKey { scene: 3, anchor: (1152, 1344) }
area teleport in scene 3 at frame 13710: (1248, 1456) -> (1168, 1368)
target scene=3 area=(1152, 1344) event=71 script=8146 mode=1 state=1 player=(1168, 1368) pos=(1296, 1448) path=61
marked destination touch VisitKey { scene: 3, area: (1216, 1408), event_id: 48, trigger_script: 60, trigger_mode: 4, state: 1 }
learned exit AreaKey { scene: 3, anchor: (1152, 1344) } event=48 -> AreaKey { scene: 3, anchor: (1216, 1408) }
area teleport in scene 3 at frame 13727: (1168, 1368) -> (1248, 1456)
continuing target event=71 across area (1216, 1408) path=0
target scene=3 area=(1216, 1408) event=54 script=4647 mode=5 state=1 player=(1248, 1456) pos=(992, 1472) path=16
marked destination touch VisitKey { scene: 3, area: (1152, 1344), event_id: 47, trigger_script: 33, trigger_mode: 4, state: 1 }
learned exit AreaKey { scene: 3, anchor: (1216, 1408) } event=47 -> AreaKey { scene: 3, anchor: (1152, 1344) }
area teleport in scene 3 at frame 13740: (1248, 1456) -> (1168, 1368)
target scene=3 area=(1152, 1344) event=71 script=8146 mode=1 state=1 player=(1168, 1368) pos=(1296, 1448) path=61
marked destination touch VisitKey { scene: 3, area: (1216, 1408), event_id: 48, trigger_script: 60, trigger_mode: 4, state: 1 }
learned exit AreaKey { scene: 3, anchor: (1152, 1344) } event=48 -> AreaKey { scene: 3, anchor: (1216, 1408) }
area teleport in scene 3 at frame 13757: (1168, 1368) -> (1248, 1456)
continuing target event=71 across area (1216, 1408) path=0
target scene=3 area=(1216, 1408) event=54 script=4647 mode=5 state=1 player=(1248, 1456) pos=(992, 1472) path=16
marked destination touch VisitKey { scene: 3, area: (1152, 1344), event_id: 47, trigger_script: 33, trigger_mode: 4, state: 1 }
learned exit AreaKey { scene: 3, anchor: (1216, 1408) } event=47 -> AreaKey { scene: 3, anchor: (1152, 1344) }
area teleport in scene 3 at frame 13770: (1248, 1456) -> (1168, 1368)
target scene=3 area=(1152, 1344) event=71 script=8146 mode=1 state=1 player=(1168, 1368) pos=(1296, 1448) path=61
marked destination touch VisitKey { scene: 3, area: (1216, 1408), event_id: 48, trigger_script: 60, trigger_mode: 4, state: 1 }
learned exit AreaKey { scene: 3, anchor: (1152, 1344) } event=48 -> AreaKey { scene: 3, anchor: (1216, 1408) }
area teleport in scene 3 at frame 13787: (1168, 1368) -> (1248, 1456)
continuing target event=71 across area (1216, 1408) path=0
target scene=3 area=(1216, 1408) event=54 script=4647 mode=5 state=1 player=(1248, 1456) pos=(992, 1472) path=16
marked destination touch VisitKey { scene: 3, area: (1152, 1344), event_id: 47, trigger_script: 33, trigger_mode: 4, state: 1 }
learned exit AreaKey { scene: 3, anchor: (1216, 1408) } event=47 -> AreaKey { scene: 3, anchor: (1152, 1344) }
area teleport in scene 3 at frame 13800: (1248, 1456) -> (1168, 1368)
target scene=3 area=(1152, 1344) event=71 script=8146 mode=1 state=1 player=(1168, 1368) pos=(1296, 1448) path=61
marked destination touch VisitKey { scene: 3, area: (1216, 1408), event_id: 48, trigger_script: 60, trigger_mode: 4, state: 1 }
learned exit AreaKey { scene: 3, anchor: (1152, 1344) } event=48 -> AreaKey { scene: 3, anchor: (1216, 1408) }
area teleport in scene 3 at frame 13817: (1168, 1368) -> (1248, 1456)
continuing target event=71 across area (1216, 1408) path=0
target scene=3 area=(1216, 1408) event=54 script=4647 mode=5 state=1 player=(1248, 1456) pos=(992, 1472) path=16
marked destination touch VisitKey { scene: 3, area: (1152, 1344), event_id: 47, trigger_script: 33, trigger_mode: 4, state: 1 }
learned exit AreaKey { scene: 3, anchor: (1216, 1408) } event=47 -> AreaKey { scene: 3, anchor: (1152, 1344) }
area teleport in scene 3 at frame 13830: (1248, 1456) -> (1168, 1368)
target scene=3 area=(1152, 1344) event=71 script=8146 mode=1 state=1 player=(1168, 1368) pos=(1296, 1448) path=61
marked destination touch VisitKey { scene: 3, area: (1216, 1408), event_id: 48, trigger_script: 60, trigger_mode: 4, state: 1 }
learned exit AreaKey { scene: 3, anchor: (1152, 1344) } event=48 -> AreaKey { scene: 3, anchor: (1216, 1408) }
area teleport in scene 3 at frame 13847: (1168, 1368) -> (1248, 1456)
continuing target event=71 across area (1216, 1408) path=0
target scene=3 area=(1216, 1408) event=54 script=4647 mode=5 state=1 player=(1248, 1456) pos=(992, 1472) path=16
marked destination touch VisitKey { scene: 3, area: (1152, 1344), event_id: 47, trigger_script: 33, trigger_mode: 4, state: 1 }
learned exit AreaKey { scene: 3, anchor: (1216, 1408) } event=47 -> AreaKey { scene: 3, anchor: (1152, 1344) }
area teleport in scene 3 at frame 13860: (1248, 1456) -> (1168, 1368)
target scene=3 area=(1152, 1344) event=71 script=8146 mode=1 state=1 player=(1168, 1368) pos=(1296, 1448) path=61
marked destination touch VisitKey { scene: 3, area: (1216, 1408), event_id: 48, trigger_script: 60, trigger_mode: 4, state: 1 }
learned exit AreaKey { scene: 3, anchor: (1152, 1344) } event=48 -> AreaKey { scene: 3, anchor: (1216, 1408) }
area teleport in scene 3 at frame 13877: (1168, 1368) -> (1248, 1456)
continuing target event=71 across area (1216, 1408) path=0
target scene=3 area=(1216, 1408) event=54 script=4647 mode=5 state=1 player=(1248, 1456) pos=(992, 1472) path=16
marked destination touch VisitKey { scene: 3, area: (1152, 1344), event_id: 47, trigger_script: 33, trigger_mode: 4, state: 1 }
learned exit AreaKey { scene: 3, anchor: (1216, 1408) } event=47 -> AreaKey { scene: 3, anchor: (1152, 1344) }
area teleport in scene 3 at frame 13890: (1248, 1456) -> (1168, 1368)
target scene=3 area=(1152, 1344) event=71 script=8146 mode=1 state=1 player=(1168, 1368) pos=(1296, 1448) path=61
marked destination touch VisitKey { scene: 3, area: (1216, 1408), event_id: 48, trigger_script: 60, trigger_mode: 4, state: 1 }
learned exit AreaKey { scene: 3, anchor: (1152, 1344) } event=48 -> AreaKey { scene: 3, anchor: (1216, 1408) }
area teleport in scene 3 at frame 13907: (1168, 1368) -> (1248, 1456)
continuing target event=71 across area (1216, 1408) path=0
target scene=3 area=(1216, 1408) event=54 script=4647 mode=5 state=1 player=(1248, 1456) pos=(992, 1472) path=16
marked destination touch VisitKey { scene: 3, area: (1152, 1344), event_id: 47, trigger_script: 33, trigger_mode: 4, state: 1 }
learned exit AreaKey { scene: 3, anchor: (1216, 1408) } event=47 -> AreaKey { scene: 3, anchor: (1152, 1344) }
area teleport in scene 3 at frame 13920: (1248, 1456) -> (1168, 1368)
target scene=3 area=(1152, 1344) event=71 script=8146 mode=1 state=1 player=(1168, 1368) pos=(1296, 1448) path=61
marked destination touch VisitKey { scene: 3, area: (1216, 1408), event_id: 48, trigger_script: 60, trigger_mode: 4, state: 1 }
learned exit AreaKey { scene: 3, anchor: (1152, 1344) } event=48 -> AreaKey { scene: 3, anchor: (1216, 1408) }
area teleport in scene 3 at frame 13937: (1168, 1368) -> (1248, 1456)
continuing target event=71 across area (1216, 1408) path=0
target scene=3 area=(1216, 1408) event=54 script=4647 mode=5 state=1 player=(1248, 1456) pos=(992, 1472) path=16
marked destination touch VisitKey { scene: 3, area: (1152, 1344), event_id: 47, trigger_script: 33, trigger_mode: 4, state: 1 }
learned exit AreaKey { scene: 3, anchor: (1216, 1408) } event=47 -> AreaKey { scene: 3, anchor: (1152, 1344) }
area teleport in scene 3 at frame 13950: (1248, 1456) -> (1168, 1368)
target scene=3 area=(1152, 1344) event=71 script=8146 mode=1 state=1 player=(1168, 1368) pos=(1296, 1448) path=61
marked destination touch VisitKey { scene: 3, area: (1216, 1408), event_id: 48, trigger_script: 60, trigger_mode: 4, state: 1 }
learned exit AreaKey { scene: 3, anchor: (1152, 1344) } event=48 -> AreaKey { scene: 3, anchor: (1216, 1408) }
area teleport in scene 3 at frame 13967: (1168, 1368) -> (1248, 1456)
continuing target event=71 across area (1216, 1408) path=0
target scene=3 area=(1216, 1408) event=54 script=4647 mode=5 state=1 player=(1248, 1456) pos=(992, 1472) path=16
marked destination touch VisitKey { scene: 3, area: (1152, 1344), event_id: 47, trigger_script: 33, trigger_mode: 4, state: 1 }
learned exit AreaKey { scene: 3, anchor: (1216, 1408) } event=47 -> AreaKey { scene: 3, anchor: (1152, 1344) }
area teleport in scene 3 at frame 13980: (1248, 1456) -> (1168, 1368)
target scene=3 area=(1152, 1344) event=71 script=8146 mode=1 state=1 player=(1168, 1368) pos=(1296, 1448) path=61
marked destination touch VisitKey { scene: 3, area: (1216, 1408), event_id: 48, trigger_script: 60, trigger_mode: 4, state: 1 }
learned exit AreaKey { scene: 3, anchor: (1152, 1344) } event=48 -> AreaKey { scene: 3, anchor: (1216, 1408) }
area teleport in scene 3 at frame 13997: (1168, 1368) -> (1248, 1456)
continuing target event=71 across area (1216, 1408) path=0
target scene=3 area=(1216, 1408) event=54 script=4647 mode=5 state=1 player=(1248, 1456) pos=(992, 1472) path=16
marked destination touch VisitKey { scene: 3, area: (1152, 1344), event_id: 47, trigger_script: 33, trigger_mode: 4, state: 1 }
learned exit AreaKey { scene: 3, anchor: (1216, 1408) } event=47 -> AreaKey { scene: 3, anchor: (1152, 1344) }
area teleport in scene 3 at frame 14010: (1248, 1456) -> (1168, 1368)
target scene=3 area=(1152, 1344) event=71 script=8146 mode=1 state=1 player=(1168, 1368) pos=(1296, 1448) path=61
marked destination touch VisitKey { scene: 3, area: (1216, 1408), event_id: 48, trigger_script: 60, trigger_mode: 4, state: 1 }
learned exit AreaKey { scene: 3, anchor: (1152, 1344) } event=48 -> AreaKey { scene: 3, anchor: (1216, 1408) }
area teleport in scene 3 at frame 14027: (1168, 1368) -> (1248, 1456)
continuing target event=71 across area (1216, 1408) path=0
target scene=3 area=(1216, 1408) event=54 script=4647 mode=5 state=1 player=(1248, 1456) pos=(992, 1472) path=16
marked destination touch VisitKey { scene: 3, area: (1152, 1344), event_id: 47, trigger_script: 33, trigger_mode: 4, state: 1 }
learned exit AreaKey { scene: 3, anchor: (1216, 1408) } event=47 -> AreaKey { scene: 3, anchor: (1152, 1344) }
area teleport in scene 3 at frame 14040: (1248, 1456) -> (1168, 1368)
target scene=3 area=(1152, 1344) event=71 script=8146 mode=1 state=1 player=(1168, 1368) pos=(1296, 1448) path=61
marked destination touch VisitKey { scene: 3, area: (1216, 1408), event_id: 48, trigger_script: 60, trigger_mode: 4, state: 1 }
learned exit AreaKey { scene: 3, anchor: (1152, 1344) } event=48 -> AreaKey { scene: 3, anchor: (1216, 1408) }
area teleport in scene 3 at frame 14057: (1168, 1368) -> (1248, 1456)
continuing target event=71 across area (1216, 1408) path=0
target scene=3 area=(1216, 1408) event=54 script=4647 mode=5 state=1 player=(1248, 1456) pos=(992, 1472) path=16
marked destination touch VisitKey { scene: 3, area: (1152, 1344), event_id: 47, trigger_script: 33, trigger_mode: 4, state: 1 }
learned exit AreaKey { scene: 3, anchor: (1216, 1408) } event=47 -> AreaKey { scene: 3, anchor: (1152, 1344) }
area teleport in scene 3 at frame 14070: (1248, 1456) -> (1168, 1368)
target scene=3 area=(1152, 1344) event=71 script=8146 mode=1 state=1 player=(1168, 1368) pos=(1296, 1448) path=61
marked destination touch VisitKey { scene: 3, area: (1216, 1408), event_id: 48, trigger_script: 60, trigger_mode: 4, state: 1 }
learned exit AreaKey { scene: 3, anchor: (1152, 1344) } event=48 -> AreaKey { scene: 3, anchor: (1216, 1408) }
area teleport in scene 3 at frame 14087: (1168, 1368) -> (1248, 1456)
continuing target event=71 across area (1216, 1408) path=0
target scene=3 area=(1216, 1408) event=54 script=4647 mode=5 state=1 player=(1248, 1456) pos=(992, 1472) path=16
marked destination touch VisitKey { scene: 3, area: (1152, 1344), event_id: 47, trigger_script: 33, trigger_mode: 4, state: 1 }
learned exit AreaKey { scene: 3, anchor: (1216, 1408) } event=47 -> AreaKey { scene: 3, anchor: (1152, 1344) }
area teleport in scene 3 at frame 14100: (1248, 1456) -> (1168, 1368)
target scene=3 area=(1152, 1344) event=71 script=8146 mode=1 state=1 player=(1168, 1368) pos=(1296, 1448) path=61
marked destination touch VisitKey { scene: 3, area: (1216, 1408), event_id: 48, trigger_script: 60, trigger_mode: 4, state: 1 }
learned exit AreaKey { scene: 3, anchor: (1152, 1344) } event=48 -> AreaKey { scene: 3, anchor: (1216, 1408) }
area teleport in scene 3 at frame 14117: (1168, 1368) -> (1248, 1456)
continuing target event=71 across area (1216, 1408) path=0
target scene=3 area=(1216, 1408) event=54 script=4647 mode=5 state=1 player=(1248, 1456) pos=(992, 1472) path=16
marked destination touch VisitKey { scene: 3, area: (1152, 1344), event_id: 47, trigger_script: 33, trigger_mode: 4, state: 1 }
learned exit AreaKey { scene: 3, anchor: (1216, 1408) } event=47 -> AreaKey { scene: 3, anchor: (1152, 1344) }
area teleport in scene 3 at frame 14130: (1248, 1456) -> (1168, 1368)
target scene=3 area=(1152, 1344) event=71 script=8146 mode=1 state=1 player=(1168, 1368) pos=(1296, 1448) path=61
marked destination touch VisitKey { scene: 3, area: (1216, 1408), event_id: 48, trigger_script: 60, trigger_mode: 4, state: 1 }
learned exit AreaKey { scene: 3, anchor: (1152, 1344) } event=48 -> AreaKey { scene: 3, anchor: (1216, 1408) }
area teleport in scene 3 at frame 14147: (1168, 1368) -> (1248, 1456)
continuing target event=71 across area (1216, 1408) path=0
target scene=3 area=(1216, 1408) event=54 script=4647 mode=5 state=1 player=(1248, 1456) pos=(992, 1472) path=16
marked destination touch VisitKey { scene: 3, area: (1152, 1344), event_id: 47, trigger_script: 33, trigger_mode: 4, state: 1 }
learned exit AreaKey { scene: 3, anchor: (1216, 1408) } event=47 -> AreaKey { scene: 3, anchor: (1152, 1344) }
area teleport in scene 3 at frame 14160: (1248, 1456) -> (1168, 1368)
target scene=3 area=(1152, 1344) event=71 script=8146 mode=1 state=1 player=(1168, 1368) pos=(1296, 1448) path=61
marked destination touch VisitKey { scene: 3, area: (1216, 1408), event_id: 48, trigger_script: 60, trigger_mode: 4, state: 1 }
learned exit AreaKey { scene: 3, anchor: (1152, 1344) } event=48 -> AreaKey { scene: 3, anchor: (1216, 1408) }
area teleport in scene 3 at frame 14177: (1168, 1368) -> (1248, 1456)
continuing target event=71 across area (1216, 1408) path=0
target scene=3 area=(1216, 1408) event=54 script=4647 mode=5 state=1 player=(1248, 1456) pos=(992, 1472) path=16
marked destination touch VisitKey { scene: 3, area: (1152, 1344), event_id: 47, trigger_script: 33, trigger_mode: 4, state: 1 }
learned exit AreaKey { scene: 3, anchor: (1216, 1408) } event=47 -> AreaKey { scene: 3, anchor: (1152, 1344) }
area teleport in scene 3 at frame 14190: (1248, 1456) -> (1168, 1368)
target scene=3 area=(1152, 1344) event=71 script=8146 mode=1 state=1 player=(1168, 1368) pos=(1296, 1448) path=61
marked destination touch VisitKey { scene: 3, area: (1216, 1408), event_id: 48, trigger_script: 60, trigger_mode: 4, state: 1 }
learned exit AreaKey { scene: 3, anchor: (1152, 1344) } event=48 -> AreaKey { scene: 3, anchor: (1216, 1408) }
area teleport in scene 3 at frame 14207: (1168, 1368) -> (1248, 1456)
continuing target event=71 across area (1216, 1408) path=0
target scene=3 area=(1216, 1408) event=54 script=4647 mode=5 state=1 player=(1248, 1456) pos=(992, 1472) path=16
marked destination touch VisitKey { scene: 3, area: (1152, 1344), event_id: 47, trigger_script: 33, trigger_mode: 4, state: 1 }
learned exit AreaKey { scene: 3, anchor: (1216, 1408) } event=47 -> AreaKey { scene: 3, anchor: (1152, 1344) }
area teleport in scene 3 at frame 14220: (1248, 1456) -> (1168, 1368)
target scene=3 area=(1152, 1344) event=71 script=8146 mode=1 state=1 player=(1168, 1368) pos=(1296, 1448) path=61
marked destination touch VisitKey { scene: 3, area: (1216, 1408), event_id: 48, trigger_script: 60, trigger_mode: 4, state: 1 }
learned exit AreaKey { scene: 3, anchor: (1152, 1344) } event=48 -> AreaKey { scene: 3, anchor: (1216, 1408) }
area teleport in scene 3 at frame 14237: (1168, 1368) -> (1248, 1456)
continuing target event=71 across area (1216, 1408) path=0
target scene=3 area=(1216, 1408) event=54 script=4647 mode=5 state=1 player=(1248, 1456) pos=(992, 1472) path=16
marked destination touch VisitKey { scene: 3, area: (1152, 1344), event_id: 47, trigger_script: 33, trigger_mode: 4, state: 1 }
learned exit AreaKey { scene: 3, anchor: (1216, 1408) } event=47 -> AreaKey { scene: 3, anchor: (1152, 1344) }
area teleport in scene 3 at frame 14250: (1248, 1456) -> (1168, 1368)
target scene=3 area=(1152, 1344) event=71 script=8146 mode=1 state=1 player=(1168, 1368) pos=(1296, 1448) path=61
marked destination touch VisitKey { scene: 3, area: (1216, 1408), event_id: 48, trigger_script: 60, trigger_mode: 4, state: 1 }
learned exit AreaKey { scene: 3, anchor: (1152, 1344) } event=48 -> AreaKey { scene: 3, anchor: (1216, 1408) }
area teleport in scene 3 at frame 14267: (1168, 1368) -> (1248, 1456)
continuing target event=71 across area (1216, 1408) path=0
target scene=3 area=(1216, 1408) event=54 script=4647 mode=5 state=1 player=(1248, 1456) pos=(992, 1472) path=16
marked destination touch VisitKey { scene: 3, area: (1152, 1344), event_id: 47, trigger_script: 33, trigger_mode: 4, state: 1 }
learned exit AreaKey { scene: 3, anchor: (1216, 1408) } event=47 -> AreaKey { scene: 3, anchor: (1152, 1344) }
area teleport in scene 3 at frame 14280: (1248, 1456) -> (1168, 1368)
target scene=3 area=(1152, 1344) event=71 script=8146 mode=1 state=1 player=(1168, 1368) pos=(1296, 1448) path=61
marked destination touch VisitKey { scene: 3, area: (1216, 1408), event_id: 48, trigger_script: 60, trigger_mode: 4, state: 1 }
learned exit AreaKey { scene: 3, anchor: (1152, 1344) } event=48 -> AreaKey { scene: 3, anchor: (1216, 1408) }
area teleport in scene 3 at frame 14297: (1168, 1368) -> (1248, 1456)
continuing target event=71 across area (1216, 1408) path=0
target scene=3 area=(1216, 1408) event=54 script=4647 mode=5 state=1 player=(1248, 1456) pos=(992, 1472) path=16
marked destination touch VisitKey { scene: 3, area: (1152, 1344), event_id: 47, trigger_script: 33, trigger_mode: 4, state: 1 }
learned exit AreaKey { scene: 3, anchor: (1216, 1408) } event=47 -> AreaKey { scene: 3, anchor: (1152, 1344) }
area teleport in scene 3 at frame 14310: (1248, 1456) -> (1168, 1368)
target scene=3 area=(1152, 1344) event=71 script=8146 mode=1 state=1 player=(1168, 1368) pos=(1296, 1448) path=61
marked destination touch VisitKey { scene: 3, area: (1216, 1408), event_id: 48, trigger_script: 60, trigger_mode: 4, state: 1 }
learned exit AreaKey { scene: 3, anchor: (1152, 1344) } event=48 -> AreaKey { scene: 3, anchor: (1216, 1408) }
area teleport in scene 3 at frame 14327: (1168, 1368) -> (1248, 1456)
continuing target event=71 across area (1216, 1408) path=0
target scene=3 area=(1216, 1408) event=54 script=4647 mode=5 state=1 player=(1248, 1456) pos=(992, 1472) path=16
marked destination touch VisitKey { scene: 3, area: (1152, 1344), event_id: 47, trigger_script: 33, trigger_mode: 4, state: 1 }
learned exit AreaKey { scene: 3, anchor: (1216, 1408) } event=47 -> AreaKey { scene: 3, anchor: (1152, 1344) }
area teleport in scene 3 at frame 14340: (1248, 1456) -> (1168, 1368)
target scene=3 area=(1152, 1344) event=71 script=8146 mode=1 state=1 player=(1168, 1368) pos=(1296, 1448) path=61
marked destination touch VisitKey { scene: 3, area: (1216, 1408), event_id: 48, trigger_script: 60, trigger_mode: 4, state: 1 }
learned exit AreaKey { scene: 3, anchor: (1152, 1344) } event=48 -> AreaKey { scene: 3, anchor: (1216, 1408) }
area teleport in scene 3 at frame 14357: (1168, 1368) -> (1248, 1456)
continuing target event=71 across area (1216, 1408) path=0
target scene=3 area=(1216, 1408) event=54 script=4647 mode=5 state=1 player=(1248, 1456) pos=(992, 1472) path=16
marked destination touch VisitKey { scene: 3, area: (1152, 1344), event_id: 47, trigger_script: 33, trigger_mode: 4, state: 1 }
learned exit AreaKey { scene: 3, anchor: (1216, 1408) } event=47 -> AreaKey { scene: 3, anchor: (1152, 1344) }
area teleport in scene 3 at frame 14370: (1248, 1456) -> (1168, 1368)
target scene=3 area=(1152, 1344) event=71 script=8146 mode=1 state=1 player=(1168, 1368) pos=(1296, 1448) path=61
marked destination touch VisitKey { scene: 3, area: (1216, 1408), event_id: 48, trigger_script: 60, trigger_mode: 4, state: 1 }
learned exit AreaKey { scene: 3, anchor: (1152, 1344) } event=48 -> AreaKey { scene: 3, anchor: (1216, 1408) }
area teleport in scene 3 at frame 14387: (1168, 1368) -> (1248, 1456)
continuing target event=71 across area (1216, 1408) path=0
target scene=3 area=(1216, 1408) event=54 script=4647 mode=5 state=1 player=(1248, 1456) pos=(992, 1472) path=16
marked destination touch VisitKey { scene: 3, area: (1152, 1344), event_id: 47, trigger_script: 33, trigger_mode: 4, state: 1 }
learned exit AreaKey { scene: 3, anchor: (1216, 1408) } event=47 -> AreaKey { scene: 3, anchor: (1152, 1344) }
area teleport in scene 3 at frame 14400: (1248, 1456) -> (1168, 1368)
target scene=3 area=(1152, 1344) event=71 script=8146 mode=1 state=1 player=(1168, 1368) pos=(1296, 1448) path=61
marked destination touch VisitKey { scene: 3, area: (1216, 1408), event_id: 48, trigger_script: 60, trigger_mode: 4, state: 1 }
learned exit AreaKey { scene: 3, anchor: (1152, 1344) } event=48 -> AreaKey { scene: 3, anchor: (1216, 1408) }
area teleport in scene 3 at frame 14417: (1168, 1368) -> (1248, 1456)
continuing target event=71 across area (1216, 1408) path=0
target scene=3 area=(1216, 1408) event=54 script=4647 mode=5 state=1 player=(1248, 1456) pos=(992, 1472) path=16
marked destination touch VisitKey { scene: 3, area: (1152, 1344), event_id: 47, trigger_script: 33, trigger_mode: 4, state: 1 }
learned exit AreaKey { scene: 3, anchor: (1216, 1408) } event=47 -> AreaKey { scene: 3, anchor: (1152, 1344) }
area teleport in scene 3 at frame 14430: (1248, 1456) -> (1168, 1368)
target scene=3 area=(1152, 1344) event=71 script=8146 mode=1 state=1 player=(1168, 1368) pos=(1296, 1448) path=61
marked destination touch VisitKey { scene: 3, area: (1216, 1408), event_id: 48, trigger_script: 60, trigger_mode: 4, state: 1 }
learned exit AreaKey { scene: 3, anchor: (1152, 1344) } event=48 -> AreaKey { scene: 3, anchor: (1216, 1408) }
area teleport in scene 3 at frame 14447: (1168, 1368) -> (1248, 1456)
continuing target event=71 across area (1216, 1408) path=0
target scene=3 area=(1216, 1408) event=54 script=4647 mode=5 state=1 player=(1248, 1456) pos=(992, 1472) path=16
marked destination touch VisitKey { scene: 3, area: (1152, 1344), event_id: 47, trigger_script: 33, trigger_mode: 4, state: 1 }
learned exit AreaKey { scene: 3, anchor: (1216, 1408) } event=47 -> AreaKey { scene: 3, anchor: (1152, 1344) }
area teleport in scene 3 at frame 14460: (1248, 1456) -> (1168, 1368)
target scene=3 area=(1152, 1344) event=71 script=8146 mode=1 state=1 player=(1168, 1368) pos=(1296, 1448) path=61
marked destination touch VisitKey { scene: 3, area: (1216, 1408), event_id: 48, trigger_script: 60, trigger_mode: 4, state: 1 }
learned exit AreaKey { scene: 3, anchor: (1152, 1344) } event=48 -> AreaKey { scene: 3, anchor: (1216, 1408) }
area teleport in scene 3 at frame 14477: (1168, 1368) -> (1248, 1456)
continuing target event=71 across area (1216, 1408) path=0
target scene=3 area=(1216, 1408) event=54 script=4647 mode=5 state=1 player=(1248, 1456) pos=(992, 1472) path=16
marked destination touch VisitKey { scene: 3, area: (1152, 1344), event_id: 47, trigger_script: 33, trigger_mode: 4, state: 1 }
learned exit AreaKey { scene: 3, anchor: (1216, 1408) } event=47 -> AreaKey { scene: 3, anchor: (1152, 1344) }
area teleport in scene 3 at frame 14490: (1248, 1456) -> (1168, 1368)
target scene=3 area=(1152, 1344) event=71 script=8146 mode=1 state=1 player=(1168, 1368) pos=(1296, 1448) path=61
marked destination touch VisitKey { scene: 3, area: (1216, 1408), event_id: 48, trigger_script: 60, trigger_mode: 4, state: 1 }
learned exit AreaKey { scene: 3, anchor: (1152, 1344) } event=48 -> AreaKey { scene: 3, anchor: (1216, 1408) }
area teleport in scene 3 at frame 14507: (1168, 1368) -> (1248, 1456)
continuing target event=71 across area (1216, 1408) path=0
target scene=3 area=(1216, 1408) event=54 script=4647 mode=5 state=1 player=(1248, 1456) pos=(992, 1472) path=16
marked destination touch VisitKey { scene: 3, area: (1152, 1344), event_id: 47, trigger_script: 33, trigger_mode: 4, state: 1 }
learned exit AreaKey { scene: 3, anchor: (1216, 1408) } event=47 -> AreaKey { scene: 3, anchor: (1152, 1344) }
area teleport in scene 3 at frame 14520: (1248, 1456) -> (1168, 1368)
target scene=3 area=(1152, 1344) event=71 script=8146 mode=1 state=1 player=(1168, 1368) pos=(1296, 1448) path=61
marked destination touch VisitKey { scene: 3, area: (1216, 1408), event_id: 48, trigger_script: 60, trigger_mode: 4, state: 1 }
learned exit AreaKey { scene: 3, anchor: (1152, 1344) } event=48 -> AreaKey { scene: 3, anchor: (1216, 1408) }
area teleport in scene 3 at frame 14537: (1168, 1368) -> (1248, 1456)
continuing target event=71 across area (1216, 1408) path=0
target scene=3 area=(1216, 1408) event=54 script=4647 mode=5 state=1 player=(1248, 1456) pos=(992, 1472) path=16
marked destination touch VisitKey { scene: 3, area: (1152, 1344), event_id: 47, trigger_script: 33, trigger_mode: 4, state: 1 }
learned exit AreaKey { scene: 3, anchor: (1216, 1408) } event=47 -> AreaKey { scene: 3, anchor: (1152, 1344) }
area teleport in scene 3 at frame 14550: (1248, 1456) -> (1168, 1368)
target scene=3 area=(1152, 1344) event=71 script=8146 mode=1 state=1 player=(1168, 1368) pos=(1296, 1448) path=61
marked destination touch VisitKey { scene: 3, area: (1216, 1408), event_id: 48, trigger_script: 60, trigger_mode: 4, state: 1 }
learned exit AreaKey { scene: 3, anchor: (1152, 1344) } event=48 -> AreaKey { scene: 3, anchor: (1216, 1408) }
area teleport in scene 3 at frame 14567: (1168, 1368) -> (1248, 1456)
continuing target event=71 across area (1216, 1408) path=0
target scene=3 area=(1216, 1408) event=54 script=4647 mode=5 state=1 player=(1248, 1456) pos=(992, 1472) path=16
marked destination touch VisitKey { scene: 3, area: (1152, 1344), event_id: 47, trigger_script: 33, trigger_mode: 4, state: 1 }
learned exit AreaKey { scene: 3, anchor: (1216, 1408) } event=47 -> AreaKey { scene: 3, anchor: (1152, 1344) }
area teleport in scene 3 at frame 14580: (1248, 1456) -> (1168, 1368)
target scene=3 area=(1152, 1344) event=71 script=8146 mode=1 state=1 player=(1168, 1368) pos=(1296, 1448) path=61
marked destination touch VisitKey { scene: 3, area: (1216, 1408), event_id: 48, trigger_script: 60, trigger_mode: 4, state: 1 }
learned exit AreaKey { scene: 3, anchor: (1152, 1344) } event=48 -> AreaKey { scene: 3, anchor: (1216, 1408) }
area teleport in scene 3 at frame 14597: (1168, 1368) -> (1248, 1456)
continuing target event=71 across area (1216, 1408) path=0
target scene=3 area=(1216, 1408) event=54 script=4647 mode=5 state=1 player=(1248, 1456) pos=(992, 1472) path=16
marked destination touch VisitKey { scene: 3, area: (1152, 1344), event_id: 47, trigger_script: 33, trigger_mode: 4, state: 1 }
learned exit AreaKey { scene: 3, anchor: (1216, 1408) } event=47 -> AreaKey { scene: 3, anchor: (1152, 1344) }
area teleport in scene 3 at frame 14610: (1248, 1456) -> (1168, 1368)
target scene=3 area=(1152, 1344) event=71 script=8146 mode=1 state=1 player=(1168, 1368) pos=(1296, 1448) path=61
marked destination touch VisitKey { scene: 3, area: (1216, 1408), event_id: 48, trigger_script: 60, trigger_mode: 4, state: 1 }
learned exit AreaKey { scene: 3, anchor: (1152, 1344) } event=48 -> AreaKey { scene: 3, anchor: (1216, 1408) }
area teleport in scene 3 at frame 14627: (1168, 1368) -> (1248, 1456)
continuing target event=71 across area (1216, 1408) path=0
target scene=3 area=(1216, 1408) event=54 script=4647 mode=5 state=1 player=(1248, 1456) pos=(992, 1472) path=16
marked destination touch VisitKey { scene: 3, area: (1152, 1344), event_id: 47, trigger_script: 33, trigger_mode: 4, state: 1 }
learned exit AreaKey { scene: 3, anchor: (1216, 1408) } event=47 -> AreaKey { scene: 3, anchor: (1152, 1344) }
area teleport in scene 3 at frame 14640: (1248, 1456) -> (1168, 1368)
target scene=3 area=(1152, 1344) event=71 script=8146 mode=1 state=1 player=(1168, 1368) pos=(1296, 1448) path=61
marked destination touch VisitKey { scene: 3, area: (1216, 1408), event_id: 48, trigger_script: 60, trigger_mode: 4, state: 1 }
learned exit AreaKey { scene: 3, anchor: (1152, 1344) } event=48 -> AreaKey { scene: 3, anchor: (1216, 1408) }
area teleport in scene 3 at frame 14657: (1168, 1368) -> (1248, 1456)
continuing target event=71 across area (1216, 1408) path=0
target scene=3 area=(1216, 1408) event=54 script=4647 mode=5 state=1 player=(1248, 1456) pos=(992, 1472) path=16
marked destination touch VisitKey { scene: 3, area: (1152, 1344), event_id: 47, trigger_script: 33, trigger_mode: 4, state: 1 }
learned exit AreaKey { scene: 3, anchor: (1216, 1408) } event=47 -> AreaKey { scene: 3, anchor: (1152, 1344) }
area teleport in scene 3 at frame 14670: (1248, 1456) -> (1168, 1368)
target scene=3 area=(1152, 1344) event=71 script=8146 mode=1 state=1 player=(1168, 1368) pos=(1296, 1448) path=61
marked destination touch VisitKey { scene: 3, area: (1216, 1408), event_id: 48, trigger_script: 60, trigger_mode: 4, state: 1 }
learned exit AreaKey { scene: 3, anchor: (1152, 1344) } event=48 -> AreaKey { scene: 3, anchor: (1216, 1408) }
area teleport in scene 3 at frame 14687: (1168, 1368) -> (1248, 1456)
continuing target event=71 across area (1216, 1408) path=0
target scene=3 area=(1216, 1408) event=54 script=4647 mode=5 state=1 player=(1248, 1456) pos=(992, 1472) path=16
marked destination touch VisitKey { scene: 3, area: (1152, 1344), event_id: 47, trigger_script: 33, trigger_mode: 4, state: 1 }
learned exit AreaKey { scene: 3, anchor: (1216, 1408) } event=47 -> AreaKey { scene: 3, anchor: (1152, 1344) }
area teleport in scene 3 at frame 14700: (1248, 1456) -> (1168, 1368)
target scene=3 area=(1152, 1344) event=71 script=8146 mode=1 state=1 player=(1168, 1368) pos=(1296, 1448) path=61
marked destination touch VisitKey { scene: 3, area: (1216, 1408), event_id: 48, trigger_script: 60, trigger_mode: 4, state: 1 }
learned exit AreaKey { scene: 3, anchor: (1152, 1344) } event=48 -> AreaKey { scene: 3, anchor: (1216, 1408) }
area teleport in scene 3 at frame 14717: (1168, 1368) -> (1248, 1456)
continuing target event=71 across area (1216, 1408) path=0
target scene=3 area=(1216, 1408) event=54 script=4647 mode=5 state=1 player=(1248, 1456) pos=(992, 1472) path=16
marked destination touch VisitKey { scene: 3, area: (1152, 1344), event_id: 47, trigger_script: 33, trigger_mode: 4, state: 1 }
learned exit AreaKey { scene: 3, anchor: (1216, 1408) } event=47 -> AreaKey { scene: 3, anchor: (1152, 1344) }
area teleport in scene 3 at frame 14730: (1248, 1456) -> (1168, 1368)
target scene=3 area=(1152, 1344) event=71 script=8146 mode=1 state=1 player=(1168, 1368) pos=(1296, 1448) path=61
marked destination touch VisitKey { scene: 3, area: (1216, 1408), event_id: 48, trigger_script: 60, trigger_mode: 4, state: 1 }
learned exit AreaKey { scene: 3, anchor: (1152, 1344) } event=48 -> AreaKey { scene: 3, anchor: (1216, 1408) }
area teleport in scene 3 at frame 14747: (1168, 1368) -> (1248, 1456)
continuing target event=71 across area (1216, 1408) path=0
target scene=3 area=(1216, 1408) event=54 script=4647 mode=5 state=1 player=(1248, 1456) pos=(992, 1472) path=16
marked destination touch VisitKey { scene: 3, area: (1152, 1344), event_id: 47, trigger_script: 33, trigger_mode: 4, state: 1 }
learned exit AreaKey { scene: 3, anchor: (1216, 1408) } event=47 -> AreaKey { scene: 3, anchor: (1152, 1344) }
area teleport in scene 3 at frame 14760: (1248, 1456) -> (1168, 1368)
target scene=3 area=(1152, 1344) event=71 script=8146 mode=1 state=1 player=(1168, 1368) pos=(1296, 1448) path=61
marked destination touch VisitKey { scene: 3, area: (1216, 1408), event_id: 48, trigger_script: 60, trigger_mode: 4, state: 1 }
learned exit AreaKey { scene: 3, anchor: (1152, 1344) } event=48 -> AreaKey { scene: 3, anchor: (1216, 1408) }
area teleport in scene 3 at frame 14777: (1168, 1368) -> (1248, 1456)
continuing target event=71 across area (1216, 1408) path=0
target scene=3 area=(1216, 1408) event=54 script=4647 mode=5 state=1 player=(1248, 1456) pos=(992, 1472) path=16
marked destination touch VisitKey { scene: 3, area: (1152, 1344), event_id: 47, trigger_script: 33, trigger_mode: 4, state: 1 }
learned exit AreaKey { scene: 3, anchor: (1216, 1408) } event=47 -> AreaKey { scene: 3, anchor: (1152, 1344) }
area teleport in scene 3 at frame 14790: (1248, 1456) -> (1168, 1368)
target scene=3 area=(1152, 1344) event=71 script=8146 mode=1 state=1 player=(1168, 1368) pos=(1296, 1448) path=61
marked destination touch VisitKey { scene: 3, area: (1216, 1408), event_id: 48, trigger_script: 60, trigger_mode: 4, state: 1 }
learned exit AreaKey { scene: 3, anchor: (1152, 1344) } event=48 -> AreaKey { scene: 3, anchor: (1216, 1408) }
area teleport in scene 3 at frame 14807: (1168, 1368) -> (1248, 1456)
continuing target event=71 across area (1216, 1408) path=0
target scene=3 area=(1216, 1408) event=54 script=4647 mode=5 state=1 player=(1248, 1456) pos=(992, 1472) path=16
marked destination touch VisitKey { scene: 3, area: (1152, 1344), event_id: 47, trigger_script: 33, trigger_mode: 4, state: 1 }
learned exit AreaKey { scene: 3, anchor: (1216, 1408) } event=47 -> AreaKey { scene: 3, anchor: (1152, 1344) }
area teleport in scene 3 at frame 14820: (1248, 1456) -> (1168, 1368)
target scene=3 area=(1152, 1344) event=71 script=8146 mode=1 state=1 player=(1168, 1368) pos=(1296, 1448) path=61
marked destination touch VisitKey { scene: 3, area: (1216, 1408), event_id: 48, trigger_script: 60, trigger_mode: 4, state: 1 }
learned exit AreaKey { scene: 3, anchor: (1152, 1344) } event=48 -> AreaKey { scene: 3, anchor: (1216, 1408) }
area teleport in scene 3 at frame 14837: (1168, 1368) -> (1248, 1456)
continuing target event=71 across area (1216, 1408) path=0
target scene=3 area=(1216, 1408) event=54 script=4647 mode=5 state=1 player=(1248, 1456) pos=(992, 1472) path=16
marked destination touch VisitKey { scene: 3, area: (1152, 1344), event_id: 47, trigger_script: 33, trigger_mode: 4, state: 1 }
learned exit AreaKey { scene: 3, anchor: (1216, 1408) } event=47 -> AreaKey { scene: 3, anchor: (1152, 1344) }
area teleport in scene 3 at frame 14850: (1248, 1456) -> (1168, 1368)
target scene=3 area=(1152, 1344) event=71 script=8146 mode=1 state=1 player=(1168, 1368) pos=(1296, 1448) path=61
marked destination touch VisitKey { scene: 3, area: (1216, 1408), event_id: 48, trigger_script: 60, trigger_mode: 4, state: 1 }
learned exit AreaKey { scene: 3, anchor: (1152, 1344) } event=48 -> AreaKey { scene: 3, anchor: (1216, 1408) }
area teleport in scene 3 at frame 14867: (1168, 1368) -> (1248, 1456)
continuing target event=71 across area (1216, 1408) path=0
target scene=3 area=(1216, 1408) event=54 script=4647 mode=5 state=1 player=(1248, 1456) pos=(992, 1472) path=16
marked destination touch VisitKey { scene: 3, area: (1152, 1344), event_id: 47, trigger_script: 33, trigger_mode: 4, state: 1 }
learned exit AreaKey { scene: 3, anchor: (1216, 1408) } event=47 -> AreaKey { scene: 3, anchor: (1152, 1344) }
area teleport in scene 3 at frame 14880: (1248, 1456) -> (1168, 1368)
target scene=3 area=(1152, 1344) event=71 script=8146 mode=1 state=1 player=(1168, 1368) pos=(1296, 1448) path=61
marked destination touch VisitKey { scene: 3, area: (1216, 1408), event_id: 48, trigger_script: 60, trigger_mode: 4, state: 1 }
learned exit AreaKey { scene: 3, anchor: (1152, 1344) } event=48 -> AreaKey { scene: 3, anchor: (1216, 1408) }
area teleport in scene 3 at frame 14897: (1168, 1368) -> (1248, 1456)
continuing target event=71 across area (1216, 1408) path=0
target scene=3 area=(1216, 1408) event=54 script=4647 mode=5 state=1 player=(1248, 1456) pos=(992, 1472) path=16
marked destination touch VisitKey { scene: 3, area: (1152, 1344), event_id: 47, trigger_script: 33, trigger_mode: 4, state: 1 }
learned exit AreaKey { scene: 3, anchor: (1216, 1408) } event=47 -> AreaKey { scene: 3, anchor: (1152, 1344) }
area teleport in scene 3 at frame 14910: (1248, 1456) -> (1168, 1368)
target scene=3 area=(1152, 1344) event=71 script=8146 mode=1 state=1 player=(1168, 1368) pos=(1296, 1448) path=61
marked destination touch VisitKey { scene: 3, area: (1216, 1408), event_id: 48, trigger_script: 60, trigger_mode: 4, state: 1 }
learned exit AreaKey { scene: 3, anchor: (1152, 1344) } event=48 -> AreaKey { scene: 3, anchor: (1216, 1408) }
area teleport in scene 3 at frame 14927: (1168, 1368) -> (1248, 1456)
continuing target event=71 across area (1216, 1408) path=0
target scene=3 area=(1216, 1408) event=54 script=4647 mode=5 state=1 player=(1248, 1456) pos=(992, 1472) path=16
marked destination touch VisitKey { scene: 3, area: (1152, 1344), event_id: 47, trigger_script: 33, trigger_mode: 4, state: 1 }
learned exit AreaKey { scene: 3, anchor: (1216, 1408) } event=47 -> AreaKey { scene: 3, anchor: (1152, 1344) }
area teleport in scene 3 at frame 14940: (1248, 1456) -> (1168, 1368)
target scene=3 area=(1152, 1344) event=71 script=8146 mode=1 state=1 player=(1168, 1368) pos=(1296, 1448) path=61
marked destination touch VisitKey { scene: 3, area: (1216, 1408), event_id: 48, trigger_script: 60, trigger_mode: 4, state: 1 }
learned exit AreaKey { scene: 3, anchor: (1152, 1344) } event=48 -> AreaKey { scene: 3, anchor: (1216, 1408) }
area teleport in scene 3 at frame 14957: (1168, 1368) -> (1248, 1456)
continuing target event=71 across area (1216, 1408) path=0
target scene=3 area=(1216, 1408) event=54 script=4647 mode=5 state=1 player=(1248, 1456) pos=(992, 1472) path=16
marked destination touch VisitKey { scene: 3, area: (1152, 1344), event_id: 47, trigger_script: 33, trigger_mode: 4, state: 1 }
learned exit AreaKey { scene: 3, anchor: (1216, 1408) } event=47 -> AreaKey { scene: 3, anchor: (1152, 1344) }
area teleport in scene 3 at frame 14970: (1248, 1456) -> (1168, 1368)
target scene=3 area=(1152, 1344) event=71 script=8146 mode=1 state=1 player=(1168, 1368) pos=(1296, 1448) path=61
marked destination touch VisitKey { scene: 3, area: (1216, 1408), event_id: 48, trigger_script: 60, trigger_mode: 4, state: 1 }
learned exit AreaKey { scene: 3, anchor: (1152, 1344) } event=48 -> AreaKey { scene: 3, anchor: (1216, 1408) }
area teleport in scene 3 at frame 14987: (1168, 1368) -> (1248, 1456)
continuing target event=71 across area (1216, 1408) path=0
target scene=3 area=(1216, 1408) event=54 script=4647 mode=5 state=1 player=(1248, 1456) pos=(992, 1472) path=16
marked destination touch VisitKey { scene: 3, area: (1152, 1344), event_id: 47, trigger_script: 33, trigger_mode: 4, state: 1 }
learned exit AreaKey { scene: 3, anchor: (1216, 1408) } event=47 -> AreaKey { scene: 3, anchor: (1152, 1344) }
area teleport in scene 3 at frame 15000: (1248, 1456) -> (1168, 1368)
target scene=3 area=(1152, 1344) event=71 script=8146 mode=1 state=1 player=(1168, 1368) pos=(1296, 1448) path=61
marked destination touch VisitKey { scene: 3, area: (1216, 1408), event_id: 48, trigger_script: 60, trigger_mode: 4, state: 1 }
learned exit AreaKey { scene: 3, anchor: (1152, 1344) } event=48 -> AreaKey { scene: 3, anchor: (1216, 1408) }
area teleport in scene 3 at frame 15017: (1168, 1368) -> (1248, 1456)
continuing target event=71 across area (1216, 1408) path=0
target scene=3 area=(1216, 1408) event=54 script=4647 mode=5 state=1 player=(1248, 1456) pos=(992, 1472) path=16
marked destination touch VisitKey { scene: 3, area: (1152, 1344), event_id: 47, trigger_script: 33, trigger_mode: 4, state: 1 }
learned exit AreaKey { scene: 3, anchor: (1216, 1408) } event=47 -> AreaKey { scene: 3, anchor: (1152, 1344) }
area teleport in scene 3 at frame 15030: (1248, 1456) -> (1168, 1368)
target scene=3 area=(1152, 1344) event=71 script=8146 mode=1 state=1 player=(1168, 1368) pos=(1296, 1448) path=61
marked destination touch VisitKey { scene: 3, area: (1216, 1408), event_id: 48, trigger_script: 60, trigger_mode: 4, state: 1 }
learned exit AreaKey { scene: 3, anchor: (1152, 1344) } event=48 -> AreaKey { scene: 3, anchor: (1216, 1408) }
area teleport in scene 3 at frame 15047: (1168, 1368) -> (1248, 1456)
continuing target event=71 across area (1216, 1408) path=0
target scene=3 area=(1216, 1408) event=54 script=4647 mode=5 state=1 player=(1248, 1456) pos=(992, 1472) path=16
marked destination touch VisitKey { scene: 3, area: (1152, 1344), event_id: 47, trigger_script: 33, trigger_mode: 4, state: 1 }
learned exit AreaKey { scene: 3, anchor: (1216, 1408) } event=47 -> AreaKey { scene: 3, anchor: (1152, 1344) }
area teleport in scene 3 at frame 15060: (1248, 1456) -> (1168, 1368)
target scene=3 area=(1152, 1344) event=71 script=8146 mode=1 state=1 player=(1168, 1368) pos=(1296, 1448) path=61
marked destination touch VisitKey { scene: 3, area: (1216, 1408), event_id: 48, trigger_script: 60, trigger_mode: 4, state: 1 }
learned exit AreaKey { scene: 3, anchor: (1152, 1344) } event=48 -> AreaKey { scene: 3, anchor: (1216, 1408) }
area teleport in scene 3 at frame 15077: (1168, 1368) -> (1248, 1456)
continuing target event=71 across area (1216, 1408) path=0
target scene=3 area=(1216, 1408) event=54 script=4647 mode=5 state=1 player=(1248, 1456) pos=(992, 1472) path=16
marked destination touch VisitKey { scene: 3, area: (1152, 1344), event_id: 47, trigger_script: 33, trigger_mode: 4, state: 1 }
learned exit AreaKey { scene: 3, anchor: (1216, 1408) } event=47 -> AreaKey { scene: 3, anchor: (1152, 1344) }
area teleport in scene 3 at frame 15090: (1248, 1456) -> (1168, 1368)
target scene=3 area=(1152, 1344) event=71 script=8146 mode=1 state=1 player=(1168, 1368) pos=(1296, 1448) path=61
marked destination touch VisitKey { scene: 3, area: (1216, 1408), event_id: 48, trigger_script: 60, trigger_mode: 4, state: 1 }
learned exit AreaKey { scene: 3, anchor: (1152, 1344) } event=48 -> AreaKey { scene: 3, anchor: (1216, 1408) }
area teleport in scene 3 at frame 15107: (1168, 1368) -> (1248, 1456)
continuing target event=71 across area (1216, 1408) path=0
target scene=3 area=(1216, 1408) event=54 script=4647 mode=5 state=1 player=(1248, 1456) pos=(992, 1472) path=16
marked destination touch VisitKey { scene: 3, area: (1152, 1344), event_id: 47, trigger_script: 33, trigger_mode: 4, state: 1 }
learned exit AreaKey { scene: 3, anchor: (1216, 1408) } event=47 -> AreaKey { scene: 3, anchor: (1152, 1344) }
area teleport in scene 3 at frame 15120: (1248, 1456) -> (1168, 1368)
target scene=3 area=(1152, 1344) event=71 script=8146 mode=1 state=1 player=(1168, 1368) pos=(1296, 1448) path=61
marked destination touch VisitKey { scene: 3, area: (1216, 1408), event_id: 48, trigger_script: 60, trigger_mode: 4, state: 1 }
learned exit AreaKey { scene: 3, anchor: (1152, 1344) } event=48 -> AreaKey { scene: 3, anchor: (1216, 1408) }
area teleport in scene 3 at frame 15137: (1168, 1368) -> (1248, 1456)
continuing target event=71 across area (1216, 1408) path=0
target scene=3 area=(1216, 1408) event=54 script=4647 mode=5 state=1 player=(1248, 1456) pos=(992, 1472) path=16
marked destination touch VisitKey { scene: 3, area: (1152, 1344), event_id: 47, trigger_script: 33, trigger_mode: 4, state: 1 }
learned exit AreaKey { scene: 3, anchor: (1216, 1408) } event=47 -> AreaKey { scene: 3, anchor: (1152, 1344) }
area teleport in scene 3 at frame 15150: (1248, 1456) -> (1168, 1368)
target scene=3 area=(1152, 1344) event=71 script=8146 mode=1 state=1 player=(1168, 1368) pos=(1296, 1448) path=61
marked destination touch VisitKey { scene: 3, area: (1216, 1408), event_id: 48, trigger_script: 60, trigger_mode: 4, state: 1 }
learned exit AreaKey { scene: 3, anchor: (1152, 1344) } event=48 -> AreaKey { scene: 3, anchor: (1216, 1408) }
area teleport in scene 3 at frame 15167: (1168, 1368) -> (1248, 1456)
continuing target event=71 across area (1216, 1408) path=0
target scene=3 area=(1216, 1408) event=54 script=4647 mode=5 state=1 player=(1248, 1456) pos=(992, 1472) path=16
marked destination touch VisitKey { scene: 3, area: (1152, 1344), event_id: 47, trigger_script: 33, trigger_mode: 4, state: 1 }
learned exit AreaKey { scene: 3, anchor: (1216, 1408) } event=47 -> AreaKey { scene: 3, anchor: (1152, 1344) }
area teleport in scene 3 at frame 15180: (1248, 1456) -> (1168, 1368)
target scene=3 area=(1152, 1344) event=71 script=8146 mode=1 state=1 player=(1168, 1368) pos=(1296, 1448) path=61
marked destination touch VisitKey { scene: 3, area: (1216, 1408), event_id: 48, trigger_script: 60, trigger_mode: 4, state: 1 }
learned exit AreaKey { scene: 3, anchor: (1152, 1344) } event=48 -> AreaKey { scene: 3, anchor: (1216, 1408) }
area teleport in scene 3 at frame 15197: (1168, 1368) -> (1248, 1456)
continuing target event=71 across area (1216, 1408) path=0
target scene=3 area=(1216, 1408) event=54 script=4647 mode=5 state=1 player=(1248, 1456) pos=(992, 1472) path=16
marked destination touch VisitKey { scene: 3, area: (1152, 1344), event_id: 47, trigger_script: 33, trigger_mode: 4, state: 1 }
learned exit AreaKey { scene: 3, anchor: (1216, 1408) } event=47 -> AreaKey { scene: 3, anchor: (1152, 1344) }
area teleport in scene 3 at frame 15210: (1248, 1456) -> (1168, 1368)
target scene=3 area=(1152, 1344) event=71 script=8146 mode=1 state=1 player=(1168, 1368) pos=(1296, 1448) path=61
marked destination touch VisitKey { scene: 3, area: (1216, 1408), event_id: 48, trigger_script: 60, trigger_mode: 4, state: 1 }
learned exit AreaKey { scene: 3, anchor: (1152, 1344) } event=48 -> AreaKey { scene: 3, anchor: (1216, 1408) }
area teleport in scene 3 at frame 15227: (1168, 1368) -> (1248, 1456)
continuing target event=71 across area (1216, 1408) path=0
target scene=3 area=(1216, 1408) event=54 script=4647 mode=5 state=1 player=(1248, 1456) pos=(992, 1472) path=16
marked destination touch VisitKey { scene: 3, area: (1152, 1344), event_id: 47, trigger_script: 33, trigger_mode: 4, state: 1 }
learned exit AreaKey { scene: 3, anchor: (1216, 1408) } event=47 -> AreaKey { scene: 3, anchor: (1152, 1344) }
area teleport in scene 3 at frame 15240: (1248, 1456) -> (1168, 1368)
target scene=3 area=(1152, 1344) event=71 script=8146 mode=1 state=1 player=(1168, 1368) pos=(1296, 1448) path=61
marked destination touch VisitKey { scene: 3, area: (1216, 1408), event_id: 48, trigger_script: 60, trigger_mode: 4, state: 1 }
learned exit AreaKey { scene: 3, anchor: (1152, 1344) } event=48 -> AreaKey { scene: 3, anchor: (1216, 1408) }
area teleport in scene 3 at frame 15257: (1168, 1368) -> (1248, 1456)
continuing target event=71 across area (1216, 1408) path=0
target scene=3 area=(1216, 1408) event=54 script=4647 mode=5 state=1 player=(1248, 1456) pos=(992, 1472) path=16
marked destination touch VisitKey { scene: 3, area: (1152, 1344), event_id: 47, trigger_script: 33, trigger_mode: 4, state: 1 }
learned exit AreaKey { scene: 3, anchor: (1216, 1408) } event=47 -> AreaKey { scene: 3, anchor: (1152, 1344) }
area teleport in scene 3 at frame 15270: (1248, 1456) -> (1168, 1368)
target scene=3 area=(1152, 1344) event=71 script=8146 mode=1 state=1 player=(1168, 1368) pos=(1296, 1448) path=61
marked destination touch VisitKey { scene: 3, area: (1216, 1408), event_id: 48, trigger_script: 60, trigger_mode: 4, state: 1 }
learned exit AreaKey { scene: 3, anchor: (1152, 1344) } event=48 -> AreaKey { scene: 3, anchor: (1216, 1408) }
area teleport in scene 3 at frame 15287: (1168, 1368) -> (1248, 1456)
continuing target event=71 across area (1216, 1408) path=0
target scene=3 area=(1216, 1408) event=54 script=4647 mode=5 state=1 player=(1248, 1456) pos=(992, 1472) path=16
marked destination touch VisitKey { scene: 3, area: (1152, 1344), event_id: 47, trigger_script: 33, trigger_mode: 4, state: 1 }
learned exit AreaKey { scene: 3, anchor: (1216, 1408) } event=47 -> AreaKey { scene: 3, anchor: (1152, 1344) }
area teleport in scene 3 at frame 15300: (1248, 1456) -> (1168, 1368)
target scene=3 area=(1152, 1344) event=71 script=8146 mode=1 state=1 player=(1168, 1368) pos=(1296, 1448) path=61
marked destination touch VisitKey { scene: 3, area: (1216, 1408), event_id: 48, trigger_script: 60, trigger_mode: 4, state: 1 }
learned exit AreaKey { scene: 3, anchor: (1152, 1344) } event=48 -> AreaKey { scene: 3, anchor: (1216, 1408) }
area teleport in scene 3 at frame 15317: (1168, 1368) -> (1248, 1456)
continuing target event=71 across area (1216, 1408) path=0
target scene=3 area=(1216, 1408) event=54 script=4647 mode=5 state=1 player=(1248, 1456) pos=(992, 1472) path=16
marked destination touch VisitKey { scene: 3, area: (1152, 1344), event_id: 47, trigger_script: 33, trigger_mode: 4, state: 1 }
learned exit AreaKey { scene: 3, anchor: (1216, 1408) } event=47 -> AreaKey { scene: 3, anchor: (1152, 1344) }
area teleport in scene 3 at frame 15330: (1248, 1456) -> (1168, 1368)
target scene=3 area=(1152, 1344) event=71 script=8146 mode=1 state=1 player=(1168, 1368) pos=(1296, 1448) path=61
marked destination touch VisitKey { scene: 3, area: (1216, 1408), event_id: 48, trigger_script: 60, trigger_mode: 4, state: 1 }
learned exit AreaKey { scene: 3, anchor: (1152, 1344) } event=48 -> AreaKey { scene: 3, anchor: (1216, 1408) }
area teleport in scene 3 at frame 15347: (1168, 1368) -> (1248, 1456)
continuing target event=71 across area (1216, 1408) path=0
target scene=3 area=(1216, 1408) event=54 script=4647 mode=5 state=1 player=(1248, 1456) pos=(992, 1472) path=16
marked destination touch VisitKey { scene: 3, area: (1152, 1344), event_id: 47, trigger_script: 33, trigger_mode: 4, state: 1 }
learned exit AreaKey { scene: 3, anchor: (1216, 1408) } event=47 -> AreaKey { scene: 3, anchor: (1152, 1344) }
area teleport in scene 3 at frame 15360: (1248, 1456) -> (1168, 1368)
target scene=3 area=(1152, 1344) event=71 script=8146 mode=1 state=1 player=(1168, 1368) pos=(1296, 1448) path=61
marked destination touch VisitKey { scene: 3, area: (1216, 1408), event_id: 48, trigger_script: 60, trigger_mode: 4, state: 1 }
learned exit AreaKey { scene: 3, anchor: (1152, 1344) } event=48 -> AreaKey { scene: 3, anchor: (1216, 1408) }
area teleport in scene 3 at frame 15377: (1168, 1368) -> (1248, 1456)
continuing target event=71 across area (1216, 1408) path=0
target scene=3 area=(1216, 1408) event=54 script=4647 mode=5 state=1 player=(1248, 1456) pos=(992, 1472) path=16
marked destination touch VisitKey { scene: 3, area: (1152, 1344), event_id: 47, trigger_script: 33, trigger_mode: 4, state: 1 }
learned exit AreaKey { scene: 3, anchor: (1216, 1408) } event=47 -> AreaKey { scene: 3, anchor: (1152, 1344) }
area teleport in scene 3 at frame 15390: (1248, 1456) -> (1168, 1368)
target scene=3 area=(1152, 1344) event=71 script=8146 mode=1 state=1 player=(1168, 1368) pos=(1296, 1448) path=61
marked destination touch VisitKey { scene: 3, area: (1216, 1408), event_id: 48, trigger_script: 60, trigger_mode: 4, state: 1 }
learned exit AreaKey { scene: 3, anchor: (1152, 1344) } event=48 -> AreaKey { scene: 3, anchor: (1216, 1408) }
area teleport in scene 3 at frame 15407: (1168, 1368) -> (1248, 1456)
continuing target event=71 across area (1216, 1408) path=0
target scene=3 area=(1216, 1408) event=54 script=4647 mode=5 state=1 player=(1248, 1456) pos=(992, 1472) path=16
marked destination touch VisitKey { scene: 3, area: (1152, 1344), event_id: 47, trigger_script: 33, trigger_mode: 4, state: 1 }
learned exit AreaKey { scene: 3, anchor: (1216, 1408) } event=47 -> AreaKey { scene: 3, anchor: (1152, 1344) }
area teleport in scene 3 at frame 15420: (1248, 1456) -> (1168, 1368)
target scene=3 area=(1152, 1344) event=71 script=8146 mode=1 state=1 player=(1168, 1368) pos=(1296, 1448) path=61
marked destination touch VisitKey { scene: 3, area: (1216, 1408), event_id: 48, trigger_script: 60, trigger_mode: 4, state: 1 }
learned exit AreaKey { scene: 3, anchor: (1152, 1344) } event=48 -> AreaKey { scene: 3, anchor: (1216, 1408) }
area teleport in scene 3 at frame 15437: (1168, 1368) -> (1248, 1456)
continuing target event=71 across area (1216, 1408) path=0
target scene=3 area=(1216, 1408) event=54 script=4647 mode=5 state=1 player=(1248, 1456) pos=(992, 1472) path=16
marked destination touch VisitKey { scene: 3, area: (1152, 1344), event_id: 47, trigger_script: 33, trigger_mode: 4, state: 1 }
learned exit AreaKey { scene: 3, anchor: (1216, 1408) } event=47 -> AreaKey { scene: 3, anchor: (1152, 1344) }
area teleport in scene 3 at frame 15450: (1248, 1456) -> (1168, 1368)
target scene=3 area=(1152, 1344) event=71 script=8146 mode=1 state=1 player=(1168, 1368) pos=(1296, 1448) path=61
marked destination touch VisitKey { scene: 3, area: (1216, 1408), event_id: 48, trigger_script: 60, trigger_mode: 4, state: 1 }
learned exit AreaKey { scene: 3, anchor: (1152, 1344) } event=48 -> AreaKey { scene: 3, anchor: (1216, 1408) }
area teleport in scene 3 at frame 15467: (1168, 1368) -> (1248, 1456)
continuing target event=71 across area (1216, 1408) path=0
target scene=3 area=(1216, 1408) event=54 script=4647 mode=5 state=1 player=(1248, 1456) pos=(992, 1472) path=16
marked destination touch VisitKey { scene: 3, area: (1152, 1344), event_id: 47, trigger_script: 33, trigger_mode: 4, state: 1 }
learned exit AreaKey { scene: 3, anchor: (1216, 1408) } event=47 -> AreaKey { scene: 3, anchor: (1152, 1344) }
area teleport in scene 3 at frame 15480: (1248, 1456) -> (1168, 1368)
target scene=3 area=(1152, 1344) event=71 script=8146 mode=1 state=1 player=(1168, 1368) pos=(1296, 1448) path=61
marked destination touch VisitKey { scene: 3, area: (1216, 1408), event_id: 48, trigger_script: 60, trigger_mode: 4, state: 1 }
learned exit AreaKey { scene: 3, anchor: (1152, 1344) } event=48 -> AreaKey { scene: 3, anchor: (1216, 1408) }
area teleport in scene 3 at frame 15497: (1168, 1368) -> (1248, 1456)
continuing target event=71 across area (1216, 1408) path=0
target scene=3 area=(1216, 1408) event=54 script=4647 mode=5 state=1 player=(1248, 1456) pos=(992, 1472) path=16
marked destination touch VisitKey { scene: 3, area: (1152, 1344), event_id: 47, trigger_script: 33, trigger_mode: 4, state: 1 }
learned exit AreaKey { scene: 3, anchor: (1216, 1408) } event=47 -> AreaKey { scene: 3, anchor: (1152, 1344) }
area teleport in scene 3 at frame 15510: (1248, 1456) -> (1168, 1368)
target scene=3 area=(1152, 1344) event=71 script=8146 mode=1 state=1 player=(1168, 1368) pos=(1296, 1448) path=61
marked destination touch VisitKey { scene: 3, area: (1216, 1408), event_id: 48, trigger_script: 60, trigger_mode: 4, state: 1 }
learned exit AreaKey { scene: 3, anchor: (1152, 1344) } event=48 -> AreaKey { scene: 3, anchor: (1216, 1408) }
area teleport in scene 3 at frame 15527: (1168, 1368) -> (1248, 1456)
continuing target event=71 across area (1216, 1408) path=0
target scene=3 area=(1216, 1408) event=54 script=4647 mode=5 state=1 player=(1248, 1456) pos=(992, 1472) path=16
marked destination touch VisitKey { scene: 3, area: (1152, 1344), event_id: 47, trigger_script: 33, trigger_mode: 4, state: 1 }
learned exit AreaKey { scene: 3, anchor: (1216, 1408) } event=47 -> AreaKey { scene: 3, anchor: (1152, 1344) }
area teleport in scene 3 at frame 15540: (1248, 1456) -> (1168, 1368)
target scene=3 area=(1152, 1344) event=71 script=8146 mode=1 state=1 player=(1168, 1368) pos=(1296, 1448) path=61
marked destination touch VisitKey { scene: 3, area: (1216, 1408), event_id: 48, trigger_script: 60, trigger_mode: 4, state: 1 }
learned exit AreaKey { scene: 3, anchor: (1152, 1344) } event=48 -> AreaKey { scene: 3, anchor: (1216, 1408) }
area teleport in scene 3 at frame 15557: (1168, 1368) -> (1248, 1456)
continuing target event=71 across area (1216, 1408) path=0
target scene=3 area=(1216, 1408) event=54 script=4647 mode=5 state=1 player=(1248, 1456) pos=(992, 1472) path=16
marked destination touch VisitKey { scene: 3, area: (1152, 1344), event_id: 47, trigger_script: 33, trigger_mode: 4, state: 1 }
learned exit AreaKey { scene: 3, anchor: (1216, 1408) } event=47 -> AreaKey { scene: 3, anchor: (1152, 1344) }
area teleport in scene 3 at frame 15570: (1248, 1456) -> (1168, 1368)
target scene=3 area=(1152, 1344) event=71 script=8146 mode=1 state=1 player=(1168, 1368) pos=(1296, 1448) path=61
marked destination touch VisitKey { scene: 3, area: (1216, 1408), event_id: 48, trigger_script: 60, trigger_mode: 4, state: 1 }
learned exit AreaKey { scene: 3, anchor: (1152, 1344) } event=48 -> AreaKey { scene: 3, anchor: (1216, 1408) }
area teleport in scene 3 at frame 15587: (1168, 1368) -> (1248, 1456)
continuing target event=71 across area (1216, 1408) path=0
target scene=3 area=(1216, 1408) event=54 script=4647 mode=5 state=1 player=(1248, 1456) pos=(992, 1472) path=16
marked destination touch VisitKey { scene: 3, area: (1152, 1344), event_id: 47, trigger_script: 33, trigger_mode: 4, state: 1 }
learned exit AreaKey { scene: 3, anchor: (1216, 1408) } event=47 -> AreaKey { scene: 3, anchor: (1152, 1344) }
area teleport in scene 3 at frame 15600: (1248, 1456) -> (1168, 1368)
target scene=3 area=(1152, 1344) event=71 script=8146 mode=1 state=1 player=(1168, 1368) pos=(1296, 1448) path=61
marked destination touch VisitKey { scene: 3, area: (1216, 1408), event_id: 48, trigger_script: 60, trigger_mode: 4, state: 1 }
learned exit AreaKey { scene: 3, anchor: (1152, 1344) } event=48 -> AreaKey { scene: 3, anchor: (1216, 1408) }
area teleport in scene 3 at frame 15617: (1168, 1368) -> (1248, 1456)
continuing target event=71 across area (1216, 1408) path=0
target scene=3 area=(1216, 1408) event=54 script=4647 mode=5 state=1 player=(1248, 1456) pos=(992, 1472) path=16
marked destination touch VisitKey { scene: 3, area: (1152, 1344), event_id: 47, trigger_script: 33, trigger_mode: 4, state: 1 }
learned exit AreaKey { scene: 3, anchor: (1216, 1408) } event=47 -> AreaKey { scene: 3, anchor: (1152, 1344) }
area teleport in scene 3 at frame 15630: (1248, 1456) -> (1168, 1368)
target scene=3 area=(1152, 1344) event=71 script=8146 mode=1 state=1 player=(1168, 1368) pos=(1296, 1448) path=61
marked destination touch VisitKey { scene: 3, area: (1216, 1408), event_id: 48, trigger_script: 60, trigger_mode: 4, state: 1 }
learned exit AreaKey { scene: 3, anchor: (1152, 1344) } event=48 -> AreaKey { scene: 3, anchor: (1216, 1408) }
area teleport in scene 3 at frame 15647: (1168, 1368) -> (1248, 1456)
continuing target event=71 across area (1216, 1408) path=0
target scene=3 area=(1216, 1408) event=54 script=4647 mode=5 state=1 player=(1248, 1456) pos=(992, 1472) path=16
marked destination touch VisitKey { scene: 3, area: (1152, 1344), event_id: 47, trigger_script: 33, trigger_mode: 4, state: 1 }
learned exit AreaKey { scene: 3, anchor: (1216, 1408) } event=47 -> AreaKey { scene: 3, anchor: (1152, 1344) }
area teleport in scene 3 at frame 15660: (1248, 1456) -> (1168, 1368)
target scene=3 area=(1152, 1344) event=71 script=8146 mode=1 state=1 player=(1168, 1368) pos=(1296, 1448) path=61
marked destination touch VisitKey { scene: 3, area: (1216, 1408), event_id: 48, trigger_script: 60, trigger_mode: 4, state: 1 }
learned exit AreaKey { scene: 3, anchor: (1152, 1344) } event=48 -> AreaKey { scene: 3, anchor: (1216, 1408) }
area teleport in scene 3 at frame 15677: (1168, 1368) -> (1248, 1456)
continuing target event=71 across area (1216, 1408) path=0
target scene=3 area=(1216, 1408) event=54 script=4647 mode=5 state=1 player=(1248, 1456) pos=(992, 1472) path=16
marked destination touch VisitKey { scene: 3, area: (1152, 1344), event_id: 47, trigger_script: 33, trigger_mode: 4, state: 1 }
learned exit AreaKey { scene: 3, anchor: (1216, 1408) } event=47 -> AreaKey { scene: 3, anchor: (1152, 1344) }
area teleport in scene 3 at frame 15690: (1248, 1456) -> (1168, 1368)
target scene=3 area=(1152, 1344) event=71 script=8146 mode=1 state=1 player=(1168, 1368) pos=(1296, 1448) path=61
marked destination touch VisitKey { scene: 3, area: (1216, 1408), event_id: 48, trigger_script: 60, trigger_mode: 4, state: 1 }
learned exit AreaKey { scene: 3, anchor: (1152, 1344) } event=48 -> AreaKey { scene: 3, anchor: (1216, 1408) }
area teleport in scene 3 at frame 15707: (1168, 1368) -> (1248, 1456)
continuing target event=71 across area (1216, 1408) path=0
target scene=3 area=(1216, 1408) event=54 script=4647 mode=5 state=1 player=(1248, 1456) pos=(992, 1472) path=16
marked destination touch VisitKey { scene: 3, area: (1152, 1344), event_id: 47, trigger_script: 33, trigger_mode: 4, state: 1 }
learned exit AreaKey { scene: 3, anchor: (1216, 1408) } event=47 -> AreaKey { scene: 3, anchor: (1152, 1344) }
area teleport in scene 3 at frame 15720: (1248, 1456) -> (1168, 1368)
target scene=3 area=(1152, 1344) event=71 script=8146 mode=1 state=1 player=(1168, 1368) pos=(1296, 1448) path=61
marked destination touch VisitKey { scene: 3, area: (1216, 1408), event_id: 48, trigger_script: 60, trigger_mode: 4, state: 1 }
learned exit AreaKey { scene: 3, anchor: (1152, 1344) } event=48 -> AreaKey { scene: 3, anchor: (1216, 1408) }
area teleport in scene 3 at frame 15737: (1168, 1368) -> (1248, 1456)
continuing target event=71 across area (1216, 1408) path=0
target scene=3 area=(1216, 1408) event=54 script=4647 mode=5 state=1 player=(1248, 1456) pos=(992, 1472) path=16
marked destination touch VisitKey { scene: 3, area: (1152, 1344), event_id: 47, trigger_script: 33, trigger_mode: 4, state: 1 }
learned exit AreaKey { scene: 3, anchor: (1216, 1408) } event=47 -> AreaKey { scene: 3, anchor: (1152, 1344) }
area teleport in scene 3 at frame 15750: (1248, 1456) -> (1168, 1368)
target scene=3 area=(1152, 1344) event=71 script=8146 mode=1 state=1 player=(1168, 1368) pos=(1296, 1448) path=61
marked destination touch VisitKey { scene: 3, area: (1216, 1408), event_id: 48, trigger_script: 60, trigger_mode: 4, state: 1 }
learned exit AreaKey { scene: 3, anchor: (1152, 1344) } event=48 -> AreaKey { scene: 3, anchor: (1216, 1408) }
area teleport in scene 3 at frame 15767: (1168, 1368) -> (1248, 1456)
continuing target event=71 across area (1216, 1408) path=0
target scene=3 area=(1216, 1408) event=54 script=4647 mode=5 state=1 player=(1248, 1456) pos=(992, 1472) path=16
marked destination touch VisitKey { scene: 3, area: (1152, 1344), event_id: 47, trigger_script: 33, trigger_mode: 4, state: 1 }
learned exit AreaKey { scene: 3, anchor: (1216, 1408) } event=47 -> AreaKey { scene: 3, anchor: (1152, 1344) }
area teleport in scene 3 at frame 15780: (1248, 1456) -> (1168, 1368)
target scene=3 area=(1152, 1344) event=71 script=8146 mode=1 state=1 player=(1168, 1368) pos=(1296, 1448) path=61
marked destination touch VisitKey { scene: 3, area: (1216, 1408), event_id: 48, trigger_script: 60, trigger_mode: 4, state: 1 }
learned exit AreaKey { scene: 3, anchor: (1152, 1344) } event=48 -> AreaKey { scene: 3, anchor: (1216, 1408) }
area teleport in scene 3 at frame 15797: (1168, 1368) -> (1248, 1456)
continuing target event=71 across area (1216, 1408) path=0
target scene=3 area=(1216, 1408) event=54 script=4647 mode=5 state=1 player=(1248, 1456) pos=(992, 1472) path=16
marked destination touch VisitKey { scene: 3, area: (1152, 1344), event_id: 47, trigger_script: 33, trigger_mode: 4, state: 1 }
learned exit AreaKey { scene: 3, anchor: (1216, 1408) } event=47 -> AreaKey { scene: 3, anchor: (1152, 1344) }
area teleport in scene 3 at frame 15810: (1248, 1456) -> (1168, 1368)
target scene=3 area=(1152, 1344) event=71 script=8146 mode=1 state=1 player=(1168, 1368) pos=(1296, 1448) path=61
marked destination touch VisitKey { scene: 3, area: (1216, 1408), event_id: 48, trigger_script: 60, trigger_mode: 4, state: 1 }
learned exit AreaKey { scene: 3, anchor: (1152, 1344) } event=48 -> AreaKey { scene: 3, anchor: (1216, 1408) }
area teleport in scene 3 at frame 15827: (1168, 1368) -> (1248, 1456)
continuing target event=71 across area (1216, 1408) path=0
target scene=3 area=(1216, 1408) event=54 script=4647 mode=5 state=1 player=(1248, 1456) pos=(992, 1472) path=16
marked destination touch VisitKey { scene: 3, area: (1152, 1344), event_id: 47, trigger_script: 33, trigger_mode: 4, state: 1 }
learned exit AreaKey { scene: 3, anchor: (1216, 1408) } event=47 -> AreaKey { scene: 3, anchor: (1152, 1344) }
area teleport in scene 3 at frame 15840: (1248, 1456) -> (1168, 1368)
target scene=3 area=(1152, 1344) event=71 script=8146 mode=1 state=1 player=(1168, 1368) pos=(1296, 1448) path=61
marked destination touch VisitKey { scene: 3, area: (1216, 1408), event_id: 48, trigger_script: 60, trigger_mode: 4, state: 1 }
learned exit AreaKey { scene: 3, anchor: (1152, 1344) } event=48 -> AreaKey { scene: 3, anchor: (1216, 1408) }
area teleport in scene 3 at frame 15857: (1168, 1368) -> (1248, 1456)
continuing target event=71 across area (1216, 1408) path=0
target scene=3 area=(1216, 1408) event=54 script=4647 mode=5 state=1 player=(1248, 1456) pos=(992, 1472) path=16
marked destination touch VisitKey { scene: 3, area: (1152, 1344), event_id: 47, trigger_script: 33, trigger_mode: 4, state: 1 }
learned exit AreaKey { scene: 3, anchor: (1216, 1408) } event=47 -> AreaKey { scene: 3, anchor: (1152, 1344) }
area teleport in scene 3 at frame 15870: (1248, 1456) -> (1168, 1368)
target scene=3 area=(1152, 1344) event=71 script=8146 mode=1 state=1 player=(1168, 1368) pos=(1296, 1448) path=61
marked destination touch VisitKey { scene: 3, area: (1216, 1408), event_id: 48, trigger_script: 60, trigger_mode: 4, state: 1 }
learned exit AreaKey { scene: 3, anchor: (1152, 1344) } event=48 -> AreaKey { scene: 3, anchor: (1216, 1408) }
area teleport in scene 3 at frame 15887: (1168, 1368) -> (1248, 1456)
continuing target event=71 across area (1216, 1408) path=0
target scene=3 area=(1216, 1408) event=54 script=4647 mode=5 state=1 player=(1248, 1456) pos=(992, 1472) path=16
marked destination touch VisitKey { scene: 3, area: (1152, 1344), event_id: 47, trigger_script: 33, trigger_mode: 4, state: 1 }
learned exit AreaKey { scene: 3, anchor: (1216, 1408) } event=47 -> AreaKey { scene: 3, anchor: (1152, 1344) }
area teleport in scene 3 at frame 15900: (1248, 1456) -> (1168, 1368)
target scene=3 area=(1152, 1344) event=71 script=8146 mode=1 state=1 player=(1168, 1368) pos=(1296, 1448) path=61
marked destination touch VisitKey { scene: 3, area: (1216, 1408), event_id: 48, trigger_script: 60, trigger_mode: 4, state: 1 }
learned exit AreaKey { scene: 3, anchor: (1152, 1344) } event=48 -> AreaKey { scene: 3, anchor: (1216, 1408) }
area teleport in scene 3 at frame 15917: (1168, 1368) -> (1248, 1456)
continuing target event=71 across area (1216, 1408) path=0
target scene=3 area=(1216, 1408) event=54 script=4647 mode=5 state=1 player=(1248, 1456) pos=(992, 1472) path=16
marked destination touch VisitKey { scene: 3, area: (1152, 1344), event_id: 47, trigger_script: 33, trigger_mode: 4, state: 1 }
learned exit AreaKey { scene: 3, anchor: (1216, 1408) } event=47 -> AreaKey { scene: 3, anchor: (1152, 1344) }
area teleport in scene 3 at frame 15930: (1248, 1456) -> (1168, 1368)
target scene=3 area=(1152, 1344) event=71 script=8146 mode=1 state=1 player=(1168, 1368) pos=(1296, 1448) path=61
marked destination touch VisitKey { scene: 3, area: (1216, 1408), event_id: 48, trigger_script: 60, trigger_mode: 4, state: 1 }
learned exit AreaKey { scene: 3, anchor: (1152, 1344) } event=48 -> AreaKey { scene: 3, anchor: (1216, 1408) }
area teleport in scene 3 at frame 15947: (1168, 1368) -> (1248, 1456)
continuing target event=71 across area (1216, 1408) path=0
target scene=3 area=(1216, 1408) event=54 script=4647 mode=5 state=1 player=(1248, 1456) pos=(992, 1472) path=16
marked destination touch VisitKey { scene: 3, area: (1152, 1344), event_id: 47, trigger_script: 33, trigger_mode: 4, state: 1 }
learned exit AreaKey { scene: 3, anchor: (1216, 1408) } event=47 -> AreaKey { scene: 3, anchor: (1152, 1344) }
area teleport in scene 3 at frame 15960: (1248, 1456) -> (1168, 1368)
target scene=3 area=(1152, 1344) event=71 script=8146 mode=1 state=1 player=(1168, 1368) pos=(1296, 1448) path=61
marked destination touch VisitKey { scene: 3, area: (1216, 1408), event_id: 48, trigger_script: 60, trigger_mode: 4, state: 1 }
learned exit AreaKey { scene: 3, anchor: (1152, 1344) } event=48 -> AreaKey { scene: 3, anchor: (1216, 1408) }
area teleport in scene 3 at frame 15977: (1168, 1368) -> (1248, 1456)
continuing target event=71 across area (1216, 1408) path=0
target scene=3 area=(1216, 1408) event=54 script=4647 mode=5 state=1 player=(1248, 1456) pos=(992, 1472) path=16
marked destination touch VisitKey { scene: 3, area: (1152, 1344), event_id: 47, trigger_script: 33, trigger_mode: 4, state: 1 }
learned exit AreaKey { scene: 3, anchor: (1216, 1408) } event=47 -> AreaKey { scene: 3, anchor: (1152, 1344) }
area teleport in scene 3 at frame 15990: (1248, 1456) -> (1168, 1368)
target scene=3 area=(1152, 1344) event=71 script=8146 mode=1 state=1 player=(1168, 1368) pos=(1296, 1448) path=61
marked destination touch VisitKey { scene: 3, area: (1216, 1408), event_id: 48, trigger_script: 60, trigger_mode: 4, state: 1 }
learned exit AreaKey { scene: 3, anchor: (1152, 1344) } event=48 -> AreaKey { scene: 3, anchor: (1216, 1408) }
area teleport in scene 3 at frame 16007: (1168, 1368) -> (1248, 1456)
continuing target event=71 across area (1216, 1408) path=0
target scene=3 area=(1216, 1408) event=54 script=4647 mode=5 state=1 player=(1248, 1456) pos=(992, 1472) path=16
marked destination touch VisitKey { scene: 3, area: (1152, 1344), event_id: 47, trigger_script: 33, trigger_mode: 4, state: 1 }
learned exit AreaKey { scene: 3, anchor: (1216, 1408) } event=47 -> AreaKey { scene: 3, anchor: (1152, 1344) }
area teleport in scene 3 at frame 16020: (1248, 1456) -> (1168, 1368)
target scene=3 area=(1152, 1344) event=71 script=8146 mode=1 state=1 player=(1168, 1368) pos=(1296, 1448) path=61
marked destination touch VisitKey { scene: 3, area: (1216, 1408), event_id: 48, trigger_script: 60, trigger_mode: 4, state: 1 }
learned exit AreaKey { scene: 3, anchor: (1152, 1344) } event=48 -> AreaKey { scene: 3, anchor: (1216, 1408) }
area teleport in scene 3 at frame 16037: (1168, 1368) -> (1248, 1456)
continuing target event=71 across area (1216, 1408) path=0
target scene=3 area=(1216, 1408) event=54 script=4647 mode=5 state=1 player=(1248, 1456) pos=(992, 1472) path=16
marked destination touch VisitKey { scene: 3, area: (1152, 1344), event_id: 47, trigger_script: 33, trigger_mode: 4, state: 1 }
learned exit AreaKey { scene: 3, anchor: (1216, 1408) } event=47 -> AreaKey { scene: 3, anchor: (1152, 1344) }
area teleport in scene 3 at frame 16050: (1248, 1456) -> (1168, 1368)
target scene=3 area=(1152, 1344) event=71 script=8146 mode=1 state=1 player=(1168, 1368) pos=(1296, 1448) path=61
marked destination touch VisitKey { scene: 3, area: (1216, 1408), event_id: 48, trigger_script: 60, trigger_mode: 4, state: 1 }
learned exit AreaKey { scene: 3, anchor: (1152, 1344) } event=48 -> AreaKey { scene: 3, anchor: (1216, 1408) }
area teleport in scene 3 at frame 16067: (1168, 1368) -> (1248, 1456)
continuing target event=71 across area (1216, 1408) path=0
target scene=3 area=(1216, 1408) event=54 script=4647 mode=5 state=1 player=(1248, 1456) pos=(992, 1472) path=16
marked destination touch VisitKey { scene: 3, area: (1152, 1344), event_id: 47, trigger_script: 33, trigger_mode: 4, state: 1 }
learned exit AreaKey { scene: 3, anchor: (1216, 1408) } event=47 -> AreaKey { scene: 3, anchor: (1152, 1344) }
area teleport in scene 3 at frame 16080: (1248, 1456) -> (1168, 1368)
target scene=3 area=(1152, 1344) event=71 script=8146 mode=1 state=1 player=(1168, 1368) pos=(1296, 1448) path=61
marked destination touch VisitKey { scene: 3, area: (1216, 1408), event_id: 48, trigger_script: 60, trigger_mode: 4, state: 1 }
learned exit AreaKey { scene: 3, anchor: (1152, 1344) } event=48 -> AreaKey { scene: 3, anchor: (1216, 1408) }
area teleport in scene 3 at frame 16097: (1168, 1368) -> (1248, 1456)
continuing target event=71 across area (1216, 1408) path=0
target scene=3 area=(1216, 1408) event=54 script=4647 mode=5 state=1 player=(1248, 1456) pos=(992, 1472) path=16
marked destination touch VisitKey { scene: 3, area: (1152, 1344), event_id: 47, trigger_script: 33, trigger_mode: 4, state: 1 }
learned exit AreaKey { scene: 3, anchor: (1216, 1408) } event=47 -> AreaKey { scene: 3, anchor: (1152, 1344) }
area teleport in scene 3 at frame 16110: (1248, 1456) -> (1168, 1368)
target scene=3 area=(1152, 1344) event=71 script=8146 mode=1 state=1 player=(1168, 1368) pos=(1296, 1448) path=61
marked destination touch VisitKey { scene: 3, area: (1216, 1408), event_id: 48, trigger_script: 60, trigger_mode: 4, state: 1 }
learned exit AreaKey { scene: 3, anchor: (1152, 1344) } event=48 -> AreaKey { scene: 3, anchor: (1216, 1408) }
area teleport in scene 3 at frame 16127: (1168, 1368) -> (1248, 1456)
continuing target event=71 across area (1216, 1408) path=0
target scene=3 area=(1216, 1408) event=54 script=4647 mode=5 state=1 player=(1248, 1456) pos=(992, 1472) path=16
marked destination touch VisitKey { scene: 3, area: (1152, 1344), event_id: 47, trigger_script: 33, trigger_mode: 4, state: 1 }
learned exit AreaKey { scene: 3, anchor: (1216, 1408) } event=47 -> AreaKey { scene: 3, anchor: (1152, 1344) }
area teleport in scene 3 at frame 16140: (1248, 1456) -> (1168, 1368)
target scene=3 area=(1152, 1344) event=71 script=8146 mode=1 state=1 player=(1168, 1368) pos=(1296, 1448) path=61
marked destination touch VisitKey { scene: 3, area: (1216, 1408), event_id: 48, trigger_script: 60, trigger_mode: 4, state: 1 }
learned exit AreaKey { scene: 3, anchor: (1152, 1344) } event=48 -> AreaKey { scene: 3, anchor: (1216, 1408) }
area teleport in scene 3 at frame 16157: (1168, 1368) -> (1248, 1456)
continuing target event=71 across area (1216, 1408) path=0
target scene=3 area=(1216, 1408) event=54 script=4647 mode=5 state=1 player=(1248, 1456) pos=(992, 1472) path=16
marked destination touch VisitKey { scene: 3, area: (1152, 1344), event_id: 47, trigger_script: 33, trigger_mode: 4, state: 1 }
learned exit AreaKey { scene: 3, anchor: (1216, 1408) } event=47 -> AreaKey { scene: 3, anchor: (1152, 1344) }
area teleport in scene 3 at frame 16170: (1248, 1456) -> (1168, 1368)
target scene=3 area=(1152, 1344) event=71 script=8146 mode=1 state=1 player=(1168, 1368) pos=(1296, 1448) path=61
marked destination touch VisitKey { scene: 3, area: (1216, 1408), event_id: 48, trigger_script: 60, trigger_mode: 4, state: 1 }
learned exit AreaKey { scene: 3, anchor: (1152, 1344) } event=48 -> AreaKey { scene: 3, anchor: (1216, 1408) }
area teleport in scene 3 at frame 16187: (1168, 1368) -> (1248, 1456)
continuing target event=71 across area (1216, 1408) path=0
target scene=3 area=(1216, 1408) event=54 script=4647 mode=5 state=1 player=(1248, 1456) pos=(992, 1472) path=16
marked destination touch VisitKey { scene: 3, area: (1152, 1344), event_id: 47, trigger_script: 33, trigger_mode: 4, state: 1 }
learned exit AreaKey { scene: 3, anchor: (1216, 1408) } event=47 -> AreaKey { scene: 3, anchor: (1152, 1344) }
area teleport in scene 3 at frame 16200: (1248, 1456) -> (1168, 1368)
target scene=3 area=(1152, 1344) event=71 script=8146 mode=1 state=1 player=(1168, 1368) pos=(1296, 1448) path=61
marked destination touch VisitKey { scene: 3, area: (1216, 1408), event_id: 48, trigger_script: 60, trigger_mode: 4, state: 1 }
learned exit AreaKey { scene: 3, anchor: (1152, 1344) } event=48 -> AreaKey { scene: 3, anchor: (1216, 1408) }
area teleport in scene 3 at frame 16217: (1168, 1368) -> (1248, 1456)
continuing target event=71 across area (1216, 1408) path=0
target scene=3 area=(1216, 1408) event=54 script=4647 mode=5 state=1 player=(1248, 1456) pos=(992, 1472) path=16
marked destination touch VisitKey { scene: 3, area: (1152, 1344), event_id: 47, trigger_script: 33, trigger_mode: 4, state: 1 }
learned exit AreaKey { scene: 3, anchor: (1216, 1408) } event=47 -> AreaKey { scene: 3, anchor: (1152, 1344) }
area teleport in scene 3 at frame 16230: (1248, 1456) -> (1168, 1368)
target scene=3 area=(1152, 1344) event=71 script=8146 mode=1 state=1 player=(1168, 1368) pos=(1296, 1448) path=61
marked destination touch VisitKey { scene: 3, area: (1216, 1408), event_id: 48, trigger_script: 60, trigger_mode: 4, state: 1 }
learned exit AreaKey { scene: 3, anchor: (1152, 1344) } event=48 -> AreaKey { scene: 3, anchor: (1216, 1408) }
area teleport in scene 3 at frame 16247: (1168, 1368) -> (1248, 1456)
continuing target event=71 across area (1216, 1408) path=0
target scene=3 area=(1216, 1408) event=54 script=4647 mode=5 state=1 player=(1248, 1456) pos=(992, 1472) path=16
marked destination touch VisitKey { scene: 3, area: (1152, 1344), event_id: 47, trigger_script: 33, trigger_mode: 4, state: 1 }
learned exit AreaKey { scene: 3, anchor: (1216, 1408) } event=47 -> AreaKey { scene: 3, anchor: (1152, 1344) }
area teleport in scene 3 at frame 16260: (1248, 1456) -> (1168, 1368)
target scene=3 area=(1152, 1344) event=71 script=8146 mode=1 state=1 player=(1168, 1368) pos=(1296, 1448) path=61
marked destination touch VisitKey { scene: 3, area: (1216, 1408), event_id: 48, trigger_script: 60, trigger_mode: 4, state: 1 }
learned exit AreaKey { scene: 3, anchor: (1152, 1344) } event=48 -> AreaKey { scene: 3, anchor: (1216, 1408) }
area teleport in scene 3 at frame 16277: (1168, 1368) -> (1248, 1456)
continuing target event=71 across area (1216, 1408) path=0
target scene=3 area=(1216, 1408) event=54 script=4647 mode=5 state=1 player=(1248, 1456) pos=(992, 1472) path=16
marked destination touch VisitKey { scene: 3, area: (1152, 1344), event_id: 47, trigger_script: 33, trigger_mode: 4, state: 1 }
learned exit AreaKey { scene: 3, anchor: (1216, 1408) } event=47 -> AreaKey { scene: 3, anchor: (1152, 1344) }
area teleport in scene 3 at frame 16290: (1248, 1456) -> (1168, 1368)
target scene=3 area=(1152, 1344) event=71 script=8146 mode=1 state=1 player=(1168, 1368) pos=(1296, 1448) path=61
marked destination touch VisitKey { scene: 3, area: (1216, 1408), event_id: 48, trigger_script: 60, trigger_mode: 4, state: 1 }
learned exit AreaKey { scene: 3, anchor: (1152, 1344) } event=48 -> AreaKey { scene: 3, anchor: (1216, 1408) }
area teleport in scene 3 at frame 16307: (1168, 1368) -> (1248, 1456)
continuing target event=71 across area (1216, 1408) path=0
target scene=3 area=(1216, 1408) event=54 script=4647 mode=5 state=1 player=(1248, 1456) pos=(992, 1472) path=16
marked destination touch VisitKey { scene: 3, area: (1152, 1344), event_id: 47, trigger_script: 33, trigger_mode: 4, state: 1 }
learned exit AreaKey { scene: 3, anchor: (1216, 1408) } event=47 -> AreaKey { scene: 3, anchor: (1152, 1344) }
area teleport in scene 3 at frame 16320: (1248, 1456) -> (1168, 1368)
target scene=3 area=(1152, 1344) event=71 script=8146 mode=1 state=1 player=(1168, 1368) pos=(1296, 1448) path=61
marked destination touch VisitKey { scene: 3, area: (1216, 1408), event_id: 48, trigger_script: 60, trigger_mode: 4, state: 1 }
learned exit AreaKey { scene: 3, anchor: (1152, 1344) } event=48 -> AreaKey { scene: 3, anchor: (1216, 1408) }
area teleport in scene 3 at frame 16337: (1168, 1368) -> (1248, 1456)
continuing target event=71 across area (1216, 1408) path=0
target scene=3 area=(1216, 1408) event=54 script=4647 mode=5 state=1 player=(1248, 1456) pos=(992, 1472) path=16
marked destination touch VisitKey { scene: 3, area: (1152, 1344), event_id: 47, trigger_script: 33, trigger_mode: 4, state: 1 }
learned exit AreaKey { scene: 3, anchor: (1216, 1408) } event=47 -> AreaKey { scene: 3, anchor: (1152, 1344) }
area teleport in scene 3 at frame 16350: (1248, 1456) -> (1168, 1368)
target scene=3 area=(1152, 1344) event=71 script=8146 mode=1 state=1 player=(1168, 1368) pos=(1296, 1448) path=61
marked destination touch VisitKey { scene: 3, area: (1216, 1408), event_id: 48, trigger_script: 60, trigger_mode: 4, state: 1 }
learned exit AreaKey { scene: 3, anchor: (1152, 1344) } event=48 -> AreaKey { scene: 3, anchor: (1216, 1408) }
area teleport in scene 3 at frame 16367: (1168, 1368) -> (1248, 1456)
continuing target event=71 across area (1216, 1408) path=0
target scene=3 area=(1216, 1408) event=54 script=4647 mode=5 state=1 player=(1248, 1456) pos=(992, 1472) path=16
marked destination touch VisitKey { scene: 3, area: (1152, 1344), event_id: 47, trigger_script: 33, trigger_mode: 4, state: 1 }
learned exit AreaKey { scene: 3, anchor: (1216, 1408) } event=47 -> AreaKey { scene: 3, anchor: (1152, 1344) }
area teleport in scene 3 at frame 16380: (1248, 1456) -> (1168, 1368)
target scene=3 area=(1152, 1344) event=71 script=8146 mode=1 state=1 player=(1168, 1368) pos=(1296, 1448) path=61
marked destination touch VisitKey { scene: 3, area: (1216, 1408), event_id: 48, trigger_script: 60, trigger_mode: 4, state: 1 }
learned exit AreaKey { scene: 3, anchor: (1152, 1344) } event=48 -> AreaKey { scene: 3, anchor: (1216, 1408) }
area teleport in scene 3 at frame 16397: (1168, 1368) -> (1248, 1456)
continuing target event=71 across area (1216, 1408) path=0
target scene=3 area=(1216, 1408) event=54 script=4647 mode=5 state=1 player=(1248, 1456) pos=(992, 1472) path=16
marked destination touch VisitKey { scene: 3, area: (1152, 1344), event_id: 47, trigger_script: 33, trigger_mode: 4, state: 1 }
learned exit AreaKey { scene: 3, anchor: (1216, 1408) } event=47 -> AreaKey { scene: 3, anchor: (1152, 1344) }
area teleport in scene 3 at frame 16410: (1248, 1456) -> (1168, 1368)
target scene=3 area=(1152, 1344) event=71 script=8146 mode=1 state=1 player=(1168, 1368) pos=(1296, 1448) path=61
marked destination touch VisitKey { scene: 3, area: (1216, 1408), event_id: 48, trigger_script: 60, trigger_mode: 4, state: 1 }
learned exit AreaKey { scene: 3, anchor: (1152, 1344) } event=48 -> AreaKey { scene: 3, anchor: (1216, 1408) }
area teleport in scene 3 at frame 16427: (1168, 1368) -> (1248, 1456)
continuing target event=71 across area (1216, 1408) path=0
target scene=3 area=(1216, 1408) event=54 script=4647 mode=5 state=1 player=(1248, 1456) pos=(992, 1472) path=16
marked destination touch VisitKey { scene: 3, area: (1152, 1344), event_id: 47, trigger_script: 33, trigger_mode: 4, state: 1 }
learned exit AreaKey { scene: 3, anchor: (1216, 1408) } event=47 -> AreaKey { scene: 3, anchor: (1152, 1344) }
area teleport in scene 3 at frame 16440: (1248, 1456) -> (1168, 1368)
target scene=3 area=(1152, 1344) event=71 script=8146 mode=1 state=1 player=(1168, 1368) pos=(1296, 1448) path=61
marked destination touch VisitKey { scene: 3, area: (1216, 1408), event_id: 48, trigger_script: 60, trigger_mode: 4, state: 1 }
learned exit AreaKey { scene: 3, anchor: (1152, 1344) } event=48 -> AreaKey { scene: 3, anchor: (1216, 1408) }
area teleport in scene 3 at frame 16457: (1168, 1368) -> (1248, 1456)
continuing target event=71 across area (1216, 1408) path=0
target scene=3 area=(1216, 1408) event=54 script=4647 mode=5 state=1 player=(1248, 1456) pos=(992, 1472) path=16
marked destination touch VisitKey { scene: 3, area: (1152, 1344), event_id: 47, trigger_script: 33, trigger_mode: 4, state: 1 }
learned exit AreaKey { scene: 3, anchor: (1216, 1408) } event=47 -> AreaKey { scene: 3, anchor: (1152, 1344) }
area teleport in scene 3 at frame 16470: (1248, 1456) -> (1168, 1368)
target scene=3 area=(1152, 1344) event=71 script=8146 mode=1 state=1 player=(1168, 1368) pos=(1296, 1448) path=61
marked destination touch VisitKey { scene: 3, area: (1216, 1408), event_id: 48, trigger_script: 60, trigger_mode: 4, state: 1 }
learned exit AreaKey { scene: 3, anchor: (1152, 1344) } event=48 -> AreaKey { scene: 3, anchor: (1216, 1408) }
area teleport in scene 3 at frame 16487: (1168, 1368) -> (1248, 1456)
continuing target event=71 across area (1216, 1408) path=0
target scene=3 area=(1216, 1408) event=54 script=4647 mode=5 state=1 player=(1248, 1456) pos=(992, 1472) path=16
marked destination touch VisitKey { scene: 3, area: (1152, 1344), event_id: 47, trigger_script: 33, trigger_mode: 4, state: 1 }
learned exit AreaKey { scene: 3, anchor: (1216, 1408) } event=47 -> AreaKey { scene: 3, anchor: (1152, 1344) }
area teleport in scene 3 at frame 16500: (1248, 1456) -> (1168, 1368)
target scene=3 area=(1152, 1344) event=71 script=8146 mode=1 state=1 player=(1168, 1368) pos=(1296, 1448) path=61
marked destination touch VisitKey { scene: 3, area: (1216, 1408), event_id: 48, trigger_script: 60, trigger_mode: 4, state: 1 }
learned exit AreaKey { scene: 3, anchor: (1152, 1344) } event=48 -> AreaKey { scene: 3, anchor: (1216, 1408) }
area teleport in scene 3 at frame 16517: (1168, 1368) -> (1248, 1456)
continuing target event=71 across area (1216, 1408) path=0
target scene=3 area=(1216, 1408) event=54 script=4647 mode=5 state=1 player=(1248, 1456) pos=(992, 1472) path=16
marked destination touch VisitKey { scene: 3, area: (1152, 1344), event_id: 47, trigger_script: 33, trigger_mode: 4, state: 1 }
learned exit AreaKey { scene: 3, anchor: (1216, 1408) } event=47 -> AreaKey { scene: 3, anchor: (1152, 1344) }
area teleport in scene 3 at frame 16530: (1248, 1456) -> (1168, 1368)
target scene=3 area=(1152, 1344) event=71 script=8146 mode=1 state=1 player=(1168, 1368) pos=(1296, 1448) path=61
marked destination touch VisitKey { scene: 3, area: (1216, 1408), event_id: 48, trigger_script: 60, trigger_mode: 4, state: 1 }
learned exit AreaKey { scene: 3, anchor: (1152, 1344) } event=48 -> AreaKey { scene: 3, anchor: (1216, 1408) }
area teleport in scene 3 at frame 16547: (1168, 1368) -> (1248, 1456)
continuing target event=71 across area (1216, 1408) path=0
target scene=3 area=(1216, 1408) event=54 script=4647 mode=5 state=1 player=(1248, 1456) pos=(992, 1472) path=16
marked destination touch VisitKey { scene: 3, area: (1152, 1344), event_id: 47, trigger_script: 33, trigger_mode: 4, state: 1 }
learned exit AreaKey { scene: 3, anchor: (1216, 1408) } event=47 -> AreaKey { scene: 3, anchor: (1152, 1344) }
area teleport in scene 3 at frame 16560: (1248, 1456) -> (1168, 1368)
target scene=3 area=(1152, 1344) event=71 script=8146 mode=1 state=1 player=(1168, 1368) pos=(1296, 1448) path=61
marked destination touch VisitKey { scene: 3, area: (1216, 1408), event_id: 48, trigger_script: 60, trigger_mode: 4, state: 1 }
learned exit AreaKey { scene: 3, anchor: (1152, 1344) } event=48 -> AreaKey { scene: 3, anchor: (1216, 1408) }
area teleport in scene 3 at frame 16577: (1168, 1368) -> (1248, 1456)
continuing target event=71 across area (1216, 1408) path=0
target scene=3 area=(1216, 1408) event=54 script=4647 mode=5 state=1 player=(1248, 1456) pos=(992, 1472) path=16
marked destination touch VisitKey { scene: 3, area: (1152, 1344), event_id: 47, trigger_script: 33, trigger_mode: 4, state: 1 }
learned exit AreaKey { scene: 3, anchor: (1216, 1408) } event=47 -> AreaKey { scene: 3, anchor: (1152, 1344) }
area teleport in scene 3 at frame 16590: (1248, 1456) -> (1168, 1368)
target scene=3 area=(1152, 1344) event=71 script=8146 mode=1 state=1 player=(1168, 1368) pos=(1296, 1448) path=61
marked destination touch VisitKey { scene: 3, area: (1216, 1408), event_id: 48, trigger_script: 60, trigger_mode: 4, state: 1 }
learned exit AreaKey { scene: 3, anchor: (1152, 1344) } event=48 -> AreaKey { scene: 3, anchor: (1216, 1408) }
area teleport in scene 3 at frame 16607: (1168, 1368) -> (1248, 1456)
continuing target event=71 across area (1216, 1408) path=0
target scene=3 area=(1216, 1408) event=54 script=4647 mode=5 state=1 player=(1248, 1456) pos=(992, 1472) path=16
marked destination touch VisitKey { scene: 3, area: (1152, 1344), event_id: 47, trigger_script: 33, trigger_mode: 4, state: 1 }
learned exit AreaKey { scene: 3, anchor: (1216, 1408) } event=47 -> AreaKey { scene: 3, anchor: (1152, 1344) }
area teleport in scene 3 at frame 16620: (1248, 1456) -> (1168, 1368)
target scene=3 area=(1152, 1344) event=71 script=8146 mode=1 state=1 player=(1168, 1368) pos=(1296, 1448) path=61
marked destination touch VisitKey { scene: 3, area: (1216, 1408), event_id: 48, trigger_script: 60, trigger_mode: 4, state: 1 }
learned exit AreaKey { scene: 3, anchor: (1152, 1344) } event=48 -> AreaKey { scene: 3, anchor: (1216, 1408) }
area teleport in scene 3 at frame 16637: (1168, 1368) -> (1248, 1456)
continuing target event=71 across area (1216, 1408) path=0
target scene=3 area=(1216, 1408) event=54 script=4647 mode=5 state=1 player=(1248, 1456) pos=(992, 1472) path=16
marked destination touch VisitKey { scene: 3, area: (1152, 1344), event_id: 47, trigger_script: 33, trigger_mode: 4, state: 1 }
learned exit AreaKey { scene: 3, anchor: (1216, 1408) } event=47 -> AreaKey { scene: 3, anchor: (1152, 1344) }
area teleport in scene 3 at frame 16650: (1248, 1456) -> (1168, 1368)
target scene=3 area=(1152, 1344) event=71 script=8146 mode=1 state=1 player=(1168, 1368) pos=(1296, 1448) path=61
marked destination touch VisitKey { scene: 3, area: (1216, 1408), event_id: 48, trigger_script: 60, trigger_mode: 4, state: 1 }
learned exit AreaKey { scene: 3, anchor: (1152, 1344) } event=48 -> AreaKey { scene: 3, anchor: (1216, 1408) }
area teleport in scene 3 at frame 16667: (1168, 1368) -> (1248, 1456)
continuing target event=71 across area (1216, 1408) path=0
target scene=3 area=(1216, 1408) event=54 script=4647 mode=5 state=1 player=(1248, 1456) pos=(992, 1472) path=16
marked destination touch VisitKey { scene: 3, area: (1152, 1344), event_id: 47, trigger_script: 33, trigger_mode: 4, state: 1 }
learned exit AreaKey { scene: 3, anchor: (1216, 1408) } event=47 -> AreaKey { scene: 3, anchor: (1152, 1344) }
area teleport in scene 3 at frame 16680: (1248, 1456) -> (1168, 1368)
target scene=3 area=(1152, 1344) event=71 script=8146 mode=1 state=1 player=(1168, 1368) pos=(1296, 1448) path=61
marked destination touch VisitKey { scene: 3, area: (1216, 1408), event_id: 48, trigger_script: 60, trigger_mode: 4, state: 1 }
learned exit AreaKey { scene: 3, anchor: (1152, 1344) } event=48 -> AreaKey { scene: 3, anchor: (1216, 1408) }
area teleport in scene 3 at frame 16697: (1168, 1368) -> (1248, 1456)
continuing target event=71 across area (1216, 1408) path=0
target scene=3 area=(1216, 1408) event=54 script=4647 mode=5 state=1 player=(1248, 1456) pos=(992, 1472) path=16
marked destination touch VisitKey { scene: 3, area: (1152, 1344), event_id: 47, trigger_script: 33, trigger_mode: 4, state: 1 }
learned exit AreaKey { scene: 3, anchor: (1216, 1408) } event=47 -> AreaKey { scene: 3, anchor: (1152, 1344) }
area teleport in scene 3 at frame 16710: (1248, 1456) -> (1168, 1368)
target scene=3 area=(1152, 1344) event=71 script=8146 mode=1 state=1 player=(1168, 1368) pos=(1296, 1448) path=61
marked destination touch VisitKey { scene: 3, area: (1216, 1408), event_id: 48, trigger_script: 60, trigger_mode: 4, state: 1 }
learned exit AreaKey { scene: 3, anchor: (1152, 1344) } event=48 -> AreaKey { scene: 3, anchor: (1216, 1408) }
area teleport in scene 3 at frame 16727: (1168, 1368) -> (1248, 1456)
continuing target event=71 across area (1216, 1408) path=0
target scene=3 area=(1216, 1408) event=54 script=4647 mode=5 state=1 player=(1248, 1456) pos=(992, 1472) path=16
marked destination touch VisitKey { scene: 3, area: (1152, 1344), event_id: 47, trigger_script: 33, trigger_mode: 4, state: 1 }
learned exit AreaKey { scene: 3, anchor: (1216, 1408) } event=47 -> AreaKey { scene: 3, anchor: (1152, 1344) }
area teleport in scene 3 at frame 16740: (1248, 1456) -> (1168, 1368)
target scene=3 area=(1152, 1344) event=71 script=8146 mode=1 state=1 player=(1168, 1368) pos=(1296, 1448) path=61
marked destination touch VisitKey { scene: 3, area: (1216, 1408), event_id: 48, trigger_script: 60, trigger_mode: 4, state: 1 }
learned exit AreaKey { scene: 3, anchor: (1152, 1344) } event=48 -> AreaKey { scene: 3, anchor: (1216, 1408) }
area teleport in scene 3 at frame 16757: (1168, 1368) -> (1248, 1456)
continuing target event=71 across area (1216, 1408) path=0
target scene=3 area=(1216, 1408) event=54 script=4647 mode=5 state=1 player=(1248, 1456) pos=(992, 1472) path=16
marked destination touch VisitKey { scene: 3, area: (1152, 1344), event_id: 47, trigger_script: 33, trigger_mode: 4, state: 1 }
learned exit AreaKey { scene: 3, anchor: (1216, 1408) } event=47 -> AreaKey { scene: 3, anchor: (1152, 1344) }
area teleport in scene 3 at frame 16770: (1248, 1456) -> (1168, 1368)
target scene=3 area=(1152, 1344) event=71 script=8146 mode=1 state=1 player=(1168, 1368) pos=(1296, 1448) path=61
marked destination touch VisitKey { scene: 3, area: (1216, 1408), event_id: 48, trigger_script: 60, trigger_mode: 4, state: 1 }
learned exit AreaKey { scene: 3, anchor: (1152, 1344) } event=48 -> AreaKey { scene: 3, anchor: (1216, 1408) }
area teleport in scene 3 at frame 16787: (1168, 1368) -> (1248, 1456)
continuing target event=71 across area (1216, 1408) path=0
target scene=3 area=(1216, 1408) event=54 script=4647 mode=5 state=1 player=(1248, 1456) pos=(992, 1472) path=16
marked destination touch VisitKey { scene: 3, area: (1152, 1344), event_id: 47, trigger_script: 33, trigger_mode: 4, state: 1 }
learned exit AreaKey { scene: 3, anchor: (1216, 1408) } event=47 -> AreaKey { scene: 3, anchor: (1152, 1344) }
area teleport in scene 3 at frame 16800: (1248, 1456) -> (1168, 1368)
target scene=3 area=(1152, 1344) event=71 script=8146 mode=1 state=1 player=(1168, 1368) pos=(1296, 1448) path=61
marked destination touch VisitKey { scene: 3, area: (1216, 1408), event_id: 48, trigger_script: 60, trigger_mode: 4, state: 1 }
learned exit AreaKey { scene: 3, anchor: (1152, 1344) } event=48 -> AreaKey { scene: 3, anchor: (1216, 1408) }
area teleport in scene 3 at frame 16817: (1168, 1368) -> (1248, 1456)
continuing target event=71 across area (1216, 1408) path=0
target scene=3 area=(1216, 1408) event=54 script=4647 mode=5 state=1 player=(1248, 1456) pos=(992, 1472) path=16
marked destination touch VisitKey { scene: 3, area: (1152, 1344), event_id: 47, trigger_script: 33, trigger_mode: 4, state: 1 }
learned exit AreaKey { scene: 3, anchor: (1216, 1408) } event=47 -> AreaKey { scene: 3, anchor: (1152, 1344) }
area teleport in scene 3 at frame 16830: (1248, 1456) -> (1168, 1368)
target scene=3 area=(1152, 1344) event=71 script=8146 mode=1 state=1 player=(1168, 1368) pos=(1296, 1448) path=61
marked destination touch VisitKey { scene: 3, area: (1216, 1408), event_id: 48, trigger_script: 60, trigger_mode: 4, state: 1 }
learned exit AreaKey { scene: 3, anchor: (1152, 1344) } event=48 -> AreaKey { scene: 3, anchor: (1216, 1408) }
area teleport in scene 3 at frame 16847: (1168, 1368) -> (1248, 1456)
continuing target event=71 across area (1216, 1408) path=0
target scene=3 area=(1216, 1408) event=54 script=4647 mode=5 state=1 player=(1248, 1456) pos=(992, 1472) path=16
marked destination touch VisitKey { scene: 3, area: (1152, 1344), event_id: 47, trigger_script: 33, trigger_mode: 4, state: 1 }
learned exit AreaKey { scene: 3, anchor: (1216, 1408) } event=47 -> AreaKey { scene: 3, anchor: (1152, 1344) }
area teleport in scene 3 at frame 16860: (1248, 1456) -> (1168, 1368)
target scene=3 area=(1152, 1344) event=71 script=8146 mode=1 state=1 player=(1168, 1368) pos=(1296, 1448) path=61
marked destination touch VisitKey { scene: 3, area: (1216, 1408), event_id: 48, trigger_script: 60, trigger_mode: 4, state: 1 }
learned exit AreaKey { scene: 3, anchor: (1152, 1344) } event=48 -> AreaKey { scene: 3, anchor: (1216, 1408) }
area teleport in scene 3 at frame 16877: (1168, 1368) -> (1248, 1456)
continuing target event=71 across area (1216, 1408) path=0
target scene=3 area=(1216, 1408) event=54 script=4647 mode=5 state=1 player=(1248, 1456) pos=(992, 1472) path=16
marked destination touch VisitKey { scene: 3, area: (1152, 1344), event_id: 47, trigger_script: 33, trigger_mode: 4, state: 1 }
learned exit AreaKey { scene: 3, anchor: (1216, 1408) } event=47 -> AreaKey { scene: 3, anchor: (1152, 1344) }
area teleport in scene 3 at frame 16890: (1248, 1456) -> (1168, 1368)
target scene=3 area=(1152, 1344) event=71 script=8146 mode=1 state=1 player=(1168, 1368) pos=(1296, 1448) path=61
marked destination touch VisitKey { scene: 3, area: (1216, 1408), event_id: 48, trigger_script: 60, trigger_mode: 4, state: 1 }
learned exit AreaKey { scene: 3, anchor: (1152, 1344) } event=48 -> AreaKey { scene: 3, anchor: (1216, 1408) }
area teleport in scene 3 at frame 16907: (1168, 1368) -> (1248, 1456)
continuing target event=71 across area (1216, 1408) path=0
target scene=3 area=(1216, 1408) event=54 script=4647 mode=5 state=1 player=(1248, 1456) pos=(992, 1472) path=16
marked destination touch VisitKey { scene: 3, area: (1152, 1344), event_id: 47, trigger_script: 33, trigger_mode: 4, state: 1 }
learned exit AreaKey { scene: 3, anchor: (1216, 1408) } event=47 -> AreaKey { scene: 3, anchor: (1152, 1344) }
area teleport in scene 3 at frame 16920: (1248, 1456) -> (1168, 1368)
target scene=3 area=(1152, 1344) event=71 script=8146 mode=1 state=1 player=(1168, 1368) pos=(1296, 1448) path=61
marked destination touch VisitKey { scene: 3, area: (1216, 1408), event_id: 48, trigger_script: 60, trigger_mode: 4, state: 1 }
learned exit AreaKey { scene: 3, anchor: (1152, 1344) } event=48 -> AreaKey { scene: 3, anchor: (1216, 1408) }
area teleport in scene 3 at frame 16937: (1168, 1368) -> (1248, 1456)
continuing target event=71 across area (1216, 1408) path=0
target scene=3 area=(1216, 1408) event=54 script=4647 mode=5 state=1 player=(1248, 1456) pos=(992, 1472) path=16
marked destination touch VisitKey { scene: 3, area: (1152, 1344), event_id: 47, trigger_script: 33, trigger_mode: 4, state: 1 }
learned exit AreaKey { scene: 3, anchor: (1216, 1408) } event=47 -> AreaKey { scene: 3, anchor: (1152, 1344) }
area teleport in scene 3 at frame 16950: (1248, 1456) -> (1168, 1368)
target scene=3 area=(1152, 1344) event=71 script=8146 mode=1 state=1 player=(1168, 1368) pos=(1296, 1448) path=61
marked destination touch VisitKey { scene: 3, area: (1216, 1408), event_id: 48, trigger_script: 60, trigger_mode: 4, state: 1 }
learned exit AreaKey { scene: 3, anchor: (1152, 1344) } event=48 -> AreaKey { scene: 3, anchor: (1216, 1408) }
area teleport in scene 3 at frame 16967: (1168, 1368) -> (1248, 1456)
continuing target event=71 across area (1216, 1408) path=0
target scene=3 area=(1216, 1408) event=54 script=4647 mode=5 state=1 player=(1248, 1456) pos=(992, 1472) path=16
marked destination touch VisitKey { scene: 3, area: (1152, 1344), event_id: 47, trigger_script: 33, trigger_mode: 4, state: 1 }
learned exit AreaKey { scene: 3, anchor: (1216, 1408) } event=47 -> AreaKey { scene: 3, anchor: (1152, 1344) }
area teleport in scene 3 at frame 16980: (1248, 1456) -> (1168, 1368)
target scene=3 area=(1152, 1344) event=71 script=8146 mode=1 state=1 player=(1168, 1368) pos=(1296, 1448) path=61
marked destination touch VisitKey { scene: 3, area: (1216, 1408), event_id: 48, trigger_script: 60, trigger_mode: 4, state: 1 }
learned exit AreaKey { scene: 3, anchor: (1152, 1344) } event=48 -> AreaKey { scene: 3, anchor: (1216, 1408) }
area teleport in scene 3 at frame 16997: (1168, 1368) -> (1248, 1456)
continuing target event=71 across area (1216, 1408) path=0
target scene=3 area=(1216, 1408) event=54 script=4647 mode=5 state=1 player=(1248, 1456) pos=(992, 1472) path=16
marked destination touch VisitKey { scene: 3, area: (1152, 1344), event_id: 47, trigger_script: 33, trigger_mode: 4, state: 1 }
learned exit AreaKey { scene: 3, anchor: (1216, 1408) } event=47 -> AreaKey { scene: 3, anchor: (1152, 1344) }
area teleport in scene 3 at frame 17010: (1248, 1456) -> (1168, 1368)
target scene=3 area=(1152, 1344) event=71 script=8146 mode=1 state=1 player=(1168, 1368) pos=(1296, 1448) path=61
marked destination touch VisitKey { scene: 3, area: (1216, 1408), event_id: 48, trigger_script: 60, trigger_mode: 4, state: 1 }
learned exit AreaKey { scene: 3, anchor: (1152, 1344) } event=48 -> AreaKey { scene: 3, anchor: (1216, 1408) }
area teleport in scene 3 at frame 17027: (1168, 1368) -> (1248, 1456)
continuing target event=71 across area (1216, 1408) path=0
target scene=3 area=(1216, 1408) event=54 script=4647 mode=5 state=1 player=(1248, 1456) pos=(992, 1472) path=16
marked destination touch VisitKey { scene: 3, area: (1152, 1344), event_id: 47, trigger_script: 33, trigger_mode: 4, state: 1 }
learned exit AreaKey { scene: 3, anchor: (1216, 1408) } event=47 -> AreaKey { scene: 3, anchor: (1152, 1344) }
area teleport in scene 3 at frame 17040: (1248, 1456) -> (1168, 1368)
target scene=3 area=(1152, 1344) event=71 script=8146 mode=1 state=1 player=(1168, 1368) pos=(1296, 1448) path=61
marked destination touch VisitKey { scene: 3, area: (1216, 1408), event_id: 48, trigger_script: 60, trigger_mode: 4, state: 1 }
learned exit AreaKey { scene: 3, anchor: (1152, 1344) } event=48 -> AreaKey { scene: 3, anchor: (1216, 1408) }
area teleport in scene 3 at frame 17057: (1168, 1368) -> (1248, 1456)
continuing target event=71 across area (1216, 1408) path=0
target scene=3 area=(1216, 1408) event=54 script=4647 mode=5 state=1 player=(1248, 1456) pos=(992, 1472) path=16
marked destination touch VisitKey { scene: 3, area: (1152, 1344), event_id: 47, trigger_script: 33, trigger_mode: 4, state: 1 }
learned exit AreaKey { scene: 3, anchor: (1216, 1408) } event=47 -> AreaKey { scene: 3, anchor: (1152, 1344) }
area teleport in scene 3 at frame 17070: (1248, 1456) -> (1168, 1368)
target scene=3 area=(1152, 1344) event=71 script=8146 mode=1 state=1 player=(1168, 1368) pos=(1296, 1448) path=61
marked destination touch VisitKey { scene: 3, area: (1216, 1408), event_id: 48, trigger_script: 60, trigger_mode: 4, state: 1 }
learned exit AreaKey { scene: 3, anchor: (1152, 1344) } event=48 -> AreaKey { scene: 3, anchor: (1216, 1408) }
area teleport in scene 3 at frame 17087: (1168, 1368) -> (1248, 1456)
continuing target event=71 across area (1216, 1408) path=0
target scene=3 area=(1216, 1408) event=54 script=4647 mode=5 state=1 player=(1248, 1456) pos=(992, 1472) path=16
marked destination touch VisitKey { scene: 3, area: (1152, 1344), event_id: 47, trigger_script: 33, trigger_mode: 4, state: 1 }
learned exit AreaKey { scene: 3, anchor: (1216, 1408) } event=47 -> AreaKey { scene: 3, anchor: (1152, 1344) }
area teleport in scene 3 at frame 17100: (1248, 1456) -> (1168, 1368)
target scene=3 area=(1152, 1344) event=71 script=8146 mode=1 state=1 player=(1168, 1368) pos=(1296, 1448) path=61
marked destination touch VisitKey { scene: 3, area: (1216, 1408), event_id: 48, trigger_script: 60, trigger_mode: 4, state: 1 }
learned exit AreaKey { scene: 3, anchor: (1152, 1344) } event=48 -> AreaKey { scene: 3, anchor: (1216, 1408) }
area teleport in scene 3 at frame 17117: (1168, 1368) -> (1248, 1456)
continuing target event=71 across area (1216, 1408) path=0
target scene=3 area=(1216, 1408) event=54 script=4647 mode=5 state=1 player=(1248, 1456) pos=(992, 1472) path=16
marked destination touch VisitKey { scene: 3, area: (1152, 1344), event_id: 47, trigger_script: 33, trigger_mode: 4, state: 1 }
learned exit AreaKey { scene: 3, anchor: (1216, 1408) } event=47 -> AreaKey { scene: 3, anchor: (1152, 1344) }
area teleport in scene 3 at frame 17130: (1248, 1456) -> (1168, 1368)
target scene=3 area=(1152, 1344) event=71 script=8146 mode=1 state=1 player=(1168, 1368) pos=(1296, 1448) path=61
marked destination touch VisitKey { scene: 3, area: (1216, 1408), event_id: 48, trigger_script: 60, trigger_mode: 4, state: 1 }
learned exit AreaKey { scene: 3, anchor: (1152, 1344) } event=48 -> AreaKey { scene: 3, anchor: (1216, 1408) }
area teleport in scene 3 at frame 17147: (1168, 1368) -> (1248, 1456)
continuing target event=71 across area (1216, 1408) path=0
target scene=3 area=(1216, 1408) event=54 script=4647 mode=5 state=1 player=(1248, 1456) pos=(992, 1472) path=16
marked destination touch VisitKey { scene: 3, area: (1152, 1344), event_id: 47, trigger_script: 33, trigger_mode: 4, state: 1 }
learned exit AreaKey { scene: 3, anchor: (1216, 1408) } event=47 -> AreaKey { scene: 3, anchor: (1152, 1344) }
area teleport in scene 3 at frame 17160: (1248, 1456) -> (1168, 1368)
target scene=3 area=(1152, 1344) event=71 script=8146 mode=1 state=1 player=(1168, 1368) pos=(1296, 1448) path=61
marked destination touch VisitKey { scene: 3, area: (1216, 1408), event_id: 48, trigger_script: 60, trigger_mode: 4, state: 1 }
learned exit AreaKey { scene: 3, anchor: (1152, 1344) } event=48 -> AreaKey { scene: 3, anchor: (1216, 1408) }
area teleport in scene 3 at frame 17177: (1168, 1368) -> (1248, 1456)
continuing target event=71 across area (1216, 1408) path=0
target scene=3 area=(1216, 1408) event=54 script=4647 mode=5 state=1 player=(1248, 1456) pos=(992, 1472) path=16
marked destination touch VisitKey { scene: 3, area: (1152, 1344), event_id: 47, trigger_script: 33, trigger_mode: 4, state: 1 }
learned exit AreaKey { scene: 3, anchor: (1216, 1408) } event=47 -> AreaKey { scene: 3, anchor: (1152, 1344) }
area teleport in scene 3 at frame 17190: (1248, 1456) -> (1168, 1368)
target scene=3 area=(1152, 1344) event=71 script=8146 mode=1 state=1 player=(1168, 1368) pos=(1296, 1448) path=61
marked destination touch VisitKey { scene: 3, area: (1216, 1408), event_id: 48, trigger_script: 60, trigger_mode: 4, state: 1 }
learned exit AreaKey { scene: 3, anchor: (1152, 1344) } event=48 -> AreaKey { scene: 3, anchor: (1216, 1408) }
area teleport in scene 3 at frame 17207: (1168, 1368) -> (1248, 1456)
continuing target event=71 across area (1216, 1408) path=0
target scene=3 area=(1216, 1408) event=54 script=4647 mode=5 state=1 player=(1248, 1456) pos=(992, 1472) path=16
marked destination touch VisitKey { scene: 3, area: (1152, 1344), event_id: 47, trigger_script: 33, trigger_mode: 4, state: 1 }
learned exit AreaKey { scene: 3, anchor: (1216, 1408) } event=47 -> AreaKey { scene: 3, anchor: (1152, 1344) }
area teleport in scene 3 at frame 17220: (1248, 1456) -> (1168, 1368)
target scene=3 area=(1152, 1344) event=71 script=8146 mode=1 state=1 player=(1168, 1368) pos=(1296, 1448) path=61
marked destination touch VisitKey { scene: 3, area: (1216, 1408), event_id: 48, trigger_script: 60, trigger_mode: 4, state: 1 }
learned exit AreaKey { scene: 3, anchor: (1152, 1344) } event=48 -> AreaKey { scene: 3, anchor: (1216, 1408) }
area teleport in scene 3 at frame 17237: (1168, 1368) -> (1248, 1456)
continuing target event=71 across area (1216, 1408) path=0
target scene=3 area=(1216, 1408) event=54 script=4647 mode=5 state=1 player=(1248, 1456) pos=(992, 1472) path=16
marked destination touch VisitKey { scene: 3, area: (1152, 1344), event_id: 47, trigger_script: 33, trigger_mode: 4, state: 1 }
learned exit AreaKey { scene: 3, anchor: (1216, 1408) } event=47 -> AreaKey { scene: 3, anchor: (1152, 1344) }
area teleport in scene 3 at frame 17250: (1248, 1456) -> (1168, 1368)
target scene=3 area=(1152, 1344) event=71 script=8146 mode=1 state=1 player=(1168, 1368) pos=(1296, 1448) path=61
marked destination touch VisitKey { scene: 3, area: (1216, 1408), event_id: 48, trigger_script: 60, trigger_mode: 4, state: 1 }
learned exit AreaKey { scene: 3, anchor: (1152, 1344) } event=48 -> AreaKey { scene: 3, anchor: (1216, 1408) }
area teleport in scene 3 at frame 17267: (1168, 1368) -> (1248, 1456)
continuing target event=71 across area (1216, 1408) path=0
target scene=3 area=(1216, 1408) event=54 script=4647 mode=5 state=1 player=(1248, 1456) pos=(992, 1472) path=16
marked destination touch VisitKey { scene: 3, area: (1152, 1344), event_id: 47, trigger_script: 33, trigger_mode: 4, state: 1 }
learned exit AreaKey { scene: 3, anchor: (1216, 1408) } event=47 -> AreaKey { scene: 3, anchor: (1152, 1344) }
area teleport in scene 3 at frame 17280: (1248, 1456) -> (1168, 1368)
target scene=3 area=(1152, 1344) event=71 script=8146 mode=1 state=1 player=(1168, 1368) pos=(1296, 1448) path=61
marked destination touch VisitKey { scene: 3, area: (1216, 1408), event_id: 48, trigger_script: 60, trigger_mode: 4, state: 1 }
learned exit AreaKey { scene: 3, anchor: (1152, 1344) } event=48 -> AreaKey { scene: 3, anchor: (1216, 1408) }
area teleport in scene 3 at frame 17297: (1168, 1368) -> (1248, 1456)
continuing target event=71 across area (1216, 1408) path=0
target scene=3 area=(1216, 1408) event=54 script=4647 mode=5 state=1 player=(1248, 1456) pos=(992, 1472) path=16
marked destination touch VisitKey { scene: 3, area: (1152, 1344), event_id: 47, trigger_script: 33, trigger_mode: 4, state: 1 }
learned exit AreaKey { scene: 3, anchor: (1216, 1408) } event=47 -> AreaKey { scene: 3, anchor: (1152, 1344) }
area teleport in scene 3 at frame 17310: (1248, 1456) -> (1168, 1368)
target scene=3 area=(1152, 1344) event=71 script=8146 mode=1 state=1 player=(1168, 1368) pos=(1296, 1448) path=61
marked destination touch VisitKey { scene: 3, area: (1216, 1408), event_id: 48, trigger_script: 60, trigger_mode: 4, state: 1 }
learned exit AreaKey { scene: 3, anchor: (1152, 1344) } event=48 -> AreaKey { scene: 3, anchor: (1216, 1408) }
area teleport in scene 3 at frame 17327: (1168, 1368) -> (1248, 1456)
continuing target event=71 across area (1216, 1408) path=0
target scene=3 area=(1216, 1408) event=54 script=4647 mode=5 state=1 player=(1248, 1456) pos=(992, 1472) path=16
marked destination touch VisitKey { scene: 3, area: (1152, 1344), event_id: 47, trigger_script: 33, trigger_mode: 4, state: 1 }
learned exit AreaKey { scene: 3, anchor: (1216, 1408) } event=47 -> AreaKey { scene: 3, anchor: (1152, 1344) }
area teleport in scene 3 at frame 17340: (1248, 1456) -> (1168, 1368)
target scene=3 area=(1152, 1344) event=71 script=8146 mode=1 state=1 player=(1168, 1368) pos=(1296, 1448) path=61
marked destination touch VisitKey { scene: 3, area: (1216, 1408), event_id: 48, trigger_script: 60, trigger_mode: 4, state: 1 }
learned exit AreaKey { scene: 3, anchor: (1152, 1344) } event=48 -> AreaKey { scene: 3, anchor: (1216, 1408) }
area teleport in scene 3 at frame 17357: (1168, 1368) -> (1248, 1456)
continuing target event=71 across area (1216, 1408) path=0
target scene=3 area=(1216, 1408) event=54 script=4647 mode=5 state=1 player=(1248, 1456) pos=(992, 1472) path=16
marked destination touch VisitKey { scene: 3, area: (1152, 1344), event_id: 47, trigger_script: 33, trigger_mode: 4, state: 1 }
learned exit AreaKey { scene: 3, anchor: (1216, 1408) } event=47 -> AreaKey { scene: 3, anchor: (1152, 1344) }
area teleport in scene 3 at frame 17370: (1248, 1456) -> (1168, 1368)
target scene=3 area=(1152, 1344) event=71 script=8146 mode=1 state=1 player=(1168, 1368) pos=(1296, 1448) path=61
marked destination touch VisitKey { scene: 3, area: (1216, 1408), event_id: 48, trigger_script: 60, trigger_mode: 4, state: 1 }
learned exit AreaKey { scene: 3, anchor: (1152, 1344) } event=48 -> AreaKey { scene: 3, anchor: (1216, 1408) }
area teleport in scene 3 at frame 17387: (1168, 1368) -> (1248, 1456)
continuing target event=71 across area (1216, 1408) path=0
target scene=3 area=(1216, 1408) event=54 script=4647 mode=5 state=1 player=(1248, 1456) pos=(992, 1472) path=16
marked destination touch VisitKey { scene: 3, area: (1152, 1344), event_id: 47, trigger_script: 33, trigger_mode: 4, state: 1 }
learned exit AreaKey { scene: 3, anchor: (1216, 1408) } event=47 -> AreaKey { scene: 3, anchor: (1152, 1344) }
area teleport in scene 3 at frame 17400: (1248, 1456) -> (1168, 1368)
target scene=3 area=(1152, 1344) event=71 script=8146 mode=1 state=1 player=(1168, 1368) pos=(1296, 1448) path=61
marked destination touch VisitKey { scene: 3, area: (1216, 1408), event_id: 48, trigger_script: 60, trigger_mode: 4, state: 1 }
learned exit AreaKey { scene: 3, anchor: (1152, 1344) } event=48 -> AreaKey { scene: 3, anchor: (1216, 1408) }
area teleport in scene 3 at frame 17417: (1168, 1368) -> (1248, 1456)
continuing target event=71 across area (1216, 1408) path=0
target scene=3 area=(1216, 1408) event=54 script=4647 mode=5 state=1 player=(1248, 1456) pos=(992, 1472) path=16
marked destination touch VisitKey { scene: 3, area: (1152, 1344), event_id: 47, trigger_script: 33, trigger_mode: 4, state: 1 }
learned exit AreaKey { scene: 3, anchor: (1216, 1408) } event=47 -> AreaKey { scene: 3, anchor: (1152, 1344) }
area teleport in scene 3 at frame 17430: (1248, 1456) -> (1168, 1368)
target scene=3 area=(1152, 1344) event=71 script=8146 mode=1 state=1 player=(1168, 1368) pos=(1296, 1448) path=61
marked destination touch VisitKey { scene: 3, area: (1216, 1408), event_id: 48, trigger_script: 60, trigger_mode: 4, state: 1 }
learned exit AreaKey { scene: 3, anchor: (1152, 1344) } event=48 -> AreaKey { scene: 3, anchor: (1216, 1408) }
area teleport in scene 3 at frame 17447: (1168, 1368) -> (1248, 1456)
continuing target event=71 across area (1216, 1408) path=0
target scene=3 area=(1216, 1408) event=54 script=4647 mode=5 state=1 player=(1248, 1456) pos=(992, 1472) path=16
marked destination touch VisitKey { scene: 3, area: (1152, 1344), event_id: 47, trigger_script: 33, trigger_mode: 4, state: 1 }
learned exit AreaKey { scene: 3, anchor: (1216, 1408) } event=47 -> AreaKey { scene: 3, anchor: (1152, 1344) }
area teleport in scene 3 at frame 17460: (1248, 1456) -> (1168, 1368)
target scene=3 area=(1152, 1344) event=71 script=8146 mode=1 state=1 player=(1168, 1368) pos=(1296, 1448) path=61
marked destination touch VisitKey { scene: 3, area: (1216, 1408), event_id: 48, trigger_script: 60, trigger_mode: 4, state: 1 }
learned exit AreaKey { scene: 3, anchor: (1152, 1344) } event=48 -> AreaKey { scene: 3, anchor: (1216, 1408) }
area teleport in scene 3 at frame 17477: (1168, 1368) -> (1248, 1456)
continuing target event=71 across area (1216, 1408) path=0
target scene=3 area=(1216, 1408) event=54 script=4647 mode=5 state=1 player=(1248, 1456) pos=(992, 1472) path=16
marked destination touch VisitKey { scene: 3, area: (1152, 1344), event_id: 47, trigger_script: 33, trigger_mode: 4, state: 1 }
learned exit AreaKey { scene: 3, anchor: (1216, 1408) } event=47 -> AreaKey { scene: 3, anchor: (1152, 1344) }
area teleport in scene 3 at frame 17490: (1248, 1456) -> (1168, 1368)
target scene=3 area=(1152, 1344) event=71 script=8146 mode=1 state=1 player=(1168, 1368) pos=(1296, 1448) path=61
marked destination touch VisitKey { scene: 3, area: (1216, 1408), event_id: 48, trigger_script: 60, trigger_mode: 4, state: 1 }
learned exit AreaKey { scene: 3, anchor: (1152, 1344) } event=48 -> AreaKey { scene: 3, anchor: (1216, 1408) }
area teleport in scene 3 at frame 17507: (1168, 1368) -> (1248, 1456)
continuing target event=71 across area (1216, 1408) path=0
target scene=3 area=(1216, 1408) event=54 script=4647 mode=5 state=1 player=(1248, 1456) pos=(992, 1472) path=16
marked destination touch VisitKey { scene: 3, area: (1152, 1344), event_id: 47, trigger_script: 33, trigger_mode: 4, state: 1 }
learned exit AreaKey { scene: 3, anchor: (1216, 1408) } event=47 -> AreaKey { scene: 3, anchor: (1152, 1344) }
area teleport in scene 3 at frame 17520: (1248, 1456) -> (1168, 1368)
target scene=3 area=(1152, 1344) event=71 script=8146 mode=1 state=1 player=(1168, 1368) pos=(1296, 1448) path=61
marked destination touch VisitKey { scene: 3, area: (1216, 1408), event_id: 48, trigger_script: 60, trigger_mode: 4, state: 1 }
learned exit AreaKey { scene: 3, anchor: (1152, 1344) } event=48 -> AreaKey { scene: 3, anchor: (1216, 1408) }
area teleport in scene 3 at frame 17537: (1168, 1368) -> (1248, 1456)
continuing target event=71 across area (1216, 1408) path=0
target scene=3 area=(1216, 1408) event=54 script=4647 mode=5 state=1 player=(1248, 1456) pos=(992, 1472) path=16
marked destination touch VisitKey { scene: 3, area: (1152, 1344), event_id: 47, trigger_script: 33, trigger_mode: 4, state: 1 }
learned exit AreaKey { scene: 3, anchor: (1216, 1408) } event=47 -> AreaKey { scene: 3, anchor: (1152, 1344) }
area teleport in scene 3 at frame 17550: (1248, 1456) -> (1168, 1368)
target scene=3 area=(1152, 1344) event=71 script=8146 mode=1 state=1 player=(1168, 1368) pos=(1296, 1448) path=61
marked destination touch VisitKey { scene: 3, area: (1216, 1408), event_id: 48, trigger_script: 60, trigger_mode: 4, state: 1 }
learned exit AreaKey { scene: 3, anchor: (1152, 1344) } event=48 -> AreaKey { scene: 3, anchor: (1216, 1408) }
area teleport in scene 3 at frame 17567: (1168, 1368) -> (1248, 1456)
continuing target event=71 across area (1216, 1408) path=0
target scene=3 area=(1216, 1408) event=54 script=4647 mode=5 state=1 player=(1248, 1456) pos=(992, 1472) path=16
marked destination touch VisitKey { scene: 3, area: (1152, 1344), event_id: 47, trigger_script: 33, trigger_mode: 4, state: 1 }
learned exit AreaKey { scene: 3, anchor: (1216, 1408) } event=47 -> AreaKey { scene: 3, anchor: (1152, 1344) }
area teleport in scene 3 at frame 17580: (1248, 1456) -> (1168, 1368)
target scene=3 area=(1152, 1344) event=71 script=8146 mode=1 state=1 player=(1168, 1368) pos=(1296, 1448) path=61
marked destination touch VisitKey { scene: 3, area: (1216, 1408), event_id: 48, trigger_script: 60, trigger_mode: 4, state: 1 }
learned exit AreaKey { scene: 3, anchor: (1152, 1344) } event=48 -> AreaKey { scene: 3, anchor: (1216, 1408) }
area teleport in scene 3 at frame 17597: (1168, 1368) -> (1248, 1456)
continuing target event=71 across area (1216, 1408) path=0
target scene=3 area=(1216, 1408) event=54 script=4647 mode=5 state=1 player=(1248, 1456) pos=(992, 1472) path=16
marked destination touch VisitKey { scene: 3, area: (1152, 1344), event_id: 47, trigger_script: 33, trigger_mode: 4, state: 1 }
learned exit AreaKey { scene: 3, anchor: (1216, 1408) } event=47 -> AreaKey { scene: 3, anchor: (1152, 1344) }
area teleport in scene 3 at frame 17610: (1248, 1456) -> (1168, 1368)
target scene=3 area=(1152, 1344) event=71 script=8146 mode=1 state=1 player=(1168, 1368) pos=(1296, 1448) path=61
marked destination touch VisitKey { scene: 3, area: (1216, 1408), event_id: 48, trigger_script: 60, trigger_mode: 4, state: 1 }
learned exit AreaKey { scene: 3, anchor: (1152, 1344) } event=48 -> AreaKey { scene: 3, anchor: (1216, 1408) }
area teleport in scene 3 at frame 17627: (1168, 1368) -> (1248, 1456)
continuing target event=71 across area (1216, 1408) path=0
target scene=3 area=(1216, 1408) event=54 script=4647 mode=5 state=1 player=(1248, 1456) pos=(992, 1472) path=16
marked destination touch VisitKey { scene: 3, area: (1152, 1344), event_id: 47, trigger_script: 33, trigger_mode: 4, state: 1 }
learned exit AreaKey { scene: 3, anchor: (1216, 1408) } event=47 -> AreaKey { scene: 3, anchor: (1152, 1344) }
area teleport in scene 3 at frame 17640: (1248, 1456) -> (1168, 1368)
target scene=3 area=(1152, 1344) event=71 script=8146 mode=1 state=1 player=(1168, 1368) pos=(1296, 1448) path=61
marked destination touch VisitKey { scene: 3, area: (1216, 1408), event_id: 48, trigger_script: 60, trigger_mode: 4, state: 1 }
learned exit AreaKey { scene: 3, anchor: (1152, 1344) } event=48 -> AreaKey { scene: 3, anchor: (1216, 1408) }
area teleport in scene 3 at frame 17657: (1168, 1368) -> (1248, 1456)
continuing target event=71 across area (1216, 1408) path=0
target scene=3 area=(1216, 1408) event=54 script=4647 mode=5 state=1 player=(1248, 1456) pos=(992, 1472) path=16
marked destination touch VisitKey { scene: 3, area: (1152, 1344), event_id: 47, trigger_script: 33, trigger_mode: 4, state: 1 }
learned exit AreaKey { scene: 3, anchor: (1216, 1408) } event=47 -> AreaKey { scene: 3, anchor: (1152, 1344) }
area teleport in scene 3 at frame 17670: (1248, 1456) -> (1168, 1368)
target scene=3 area=(1152, 1344) event=71 script=8146 mode=1 state=1 player=(1168, 1368) pos=(1296, 1448) path=61
marked destination touch VisitKey { scene: 3, area: (1216, 1408), event_id: 48, trigger_script: 60, trigger_mode: 4, state: 1 }
learned exit AreaKey { scene: 3, anchor: (1152, 1344) } event=48 -> AreaKey { scene: 3, anchor: (1216, 1408) }
area teleport in scene 3 at frame 17687: (1168, 1368) -> (1248, 1456)
continuing target event=71 across area (1216, 1408) path=0
target scene=3 area=(1216, 1408) event=54 script=4647 mode=5 state=1 player=(1248, 1456) pos=(992, 1472) path=16
marked destination touch VisitKey { scene: 3, area: (1152, 1344), event_id: 47, trigger_script: 33, trigger_mode: 4, state: 1 }
learned exit AreaKey { scene: 3, anchor: (1216, 1408) } event=47 -> AreaKey { scene: 3, anchor: (1152, 1344) }
area teleport in scene 3 at frame 17700: (1248, 1456) -> (1168, 1368)
target scene=3 area=(1152, 1344) event=71 script=8146 mode=1 state=1 player=(1168, 1368) pos=(1296, 1448) path=61
marked destination touch VisitKey { scene: 3, area: (1216, 1408), event_id: 48, trigger_script: 60, trigger_mode: 4, state: 1 }
learned exit AreaKey { scene: 3, anchor: (1152, 1344) } event=48 -> AreaKey { scene: 3, anchor: (1216, 1408) }
area teleport in scene 3 at frame 17717: (1168, 1368) -> (1248, 1456)
continuing target event=71 across area (1216, 1408) path=0
target scene=3 area=(1216, 1408) event=54 script=4647 mode=5 state=1 player=(1248, 1456) pos=(992, 1472) path=16
marked destination touch VisitKey { scene: 3, area: (1152, 1344), event_id: 47, trigger_script: 33, trigger_mode: 4, state: 1 }
learned exit AreaKey { scene: 3, anchor: (1216, 1408) } event=47 -> AreaKey { scene: 3, anchor: (1152, 1344) }
area teleport in scene 3 at frame 17730: (1248, 1456) -> (1168, 1368)
target scene=3 area=(1152, 1344) event=71 script=8146 mode=1 state=1 player=(1168, 1368) pos=(1296, 1448) path=61
marked destination touch VisitKey { scene: 3, area: (1216, 1408), event_id: 48, trigger_script: 60, trigger_mode: 4, state: 1 }
learned exit AreaKey { scene: 3, anchor: (1152, 1344) } event=48 -> AreaKey { scene: 3, anchor: (1216, 1408) }
area teleport in scene 3 at frame 17747: (1168, 1368) -> (1248, 1456)
continuing target event=71 across area (1216, 1408) path=0
target scene=3 area=(1216, 1408) event=54 script=4647 mode=5 state=1 player=(1248, 1456) pos=(992, 1472) path=16
marked destination touch VisitKey { scene: 3, area: (1152, 1344), event_id: 47, trigger_script: 33, trigger_mode: 4, state: 1 }
learned exit AreaKey { scene: 3, anchor: (1216, 1408) } event=47 -> AreaKey { scene: 3, anchor: (1152, 1344) }
area teleport in scene 3 at frame 17760: (1248, 1456) -> (1168, 1368)
target scene=3 area=(1152, 1344) event=71 script=8146 mode=1 state=1 player=(1168, 1368) pos=(1296, 1448) path=61
marked destination touch VisitKey { scene: 3, area: (1216, 1408), event_id: 48, trigger_script: 60, trigger_mode: 4, state: 1 }
learned exit AreaKey { scene: 3, anchor: (1152, 1344) } event=48 -> AreaKey { scene: 3, anchor: (1216, 1408) }
area teleport in scene 3 at frame 17777: (1168, 1368) -> (1248, 1456)
continuing target event=71 across area (1216, 1408) path=0
target scene=3 area=(1216, 1408) event=54 script=4647 mode=5 state=1 player=(1248, 1456) pos=(992, 1472) path=16
marked destination touch VisitKey { scene: 3, area: (1152, 1344), event_id: 47, trigger_script: 33, trigger_mode: 4, state: 1 }
learned exit AreaKey { scene: 3, anchor: (1216, 1408) } event=47 -> AreaKey { scene: 3, anchor: (1152, 1344) }
area teleport in scene 3 at frame 17790: (1248, 1456) -> (1168, 1368)
target scene=3 area=(1152, 1344) event=71 script=8146 mode=1 state=1 player=(1168, 1368) pos=(1296, 1448) path=61
marked destination touch VisitKey { scene: 3, area: (1216, 1408), event_id: 48, trigger_script: 60, trigger_mode: 4, state: 1 }
learned exit AreaKey { scene: 3, anchor: (1152, 1344) } event=48 -> AreaKey { scene: 3, anchor: (1216, 1408) }
area teleport in scene 3 at frame 17807: (1168, 1368) -> (1248, 1456)
continuing target event=71 across area (1216, 1408) path=0
target scene=3 area=(1216, 1408) event=54 script=4647 mode=5 state=1 player=(1248, 1456) pos=(992, 1472) path=16
marked destination touch VisitKey { scene: 3, area: (1152, 1344), event_id: 47, trigger_script: 33, trigger_mode: 4, state: 1 }
learned exit AreaKey { scene: 3, anchor: (1216, 1408) } event=47 -> AreaKey { scene: 3, anchor: (1152, 1344) }
area teleport in scene 3 at frame 17820: (1248, 1456) -> (1168, 1368)
target scene=3 area=(1152, 1344) event=71 script=8146 mode=1 state=1 player=(1168, 1368) pos=(1296, 1448) path=61
marked destination touch VisitKey { scene: 3, area: (1216, 1408), event_id: 48, trigger_script: 60, trigger_mode: 4, state: 1 }
learned exit AreaKey { scene: 3, anchor: (1152, 1344) } event=48 -> AreaKey { scene: 3, anchor: (1216, 1408) }
area teleport in scene 3 at frame 17837: (1168, 1368) -> (1248, 1456)
continuing target event=71 across area (1216, 1408) path=0
target scene=3 area=(1216, 1408) event=54 script=4647 mode=5 state=1 player=(1248, 1456) pos=(992, 1472) path=16
marked destination touch VisitKey { scene: 3, area: (1152, 1344), event_id: 47, trigger_script: 33, trigger_mode: 4, state: 1 }
learned exit AreaKey { scene: 3, anchor: (1216, 1408) } event=47 -> AreaKey { scene: 3, anchor: (1152, 1344) }
area teleport in scene 3 at frame 17850: (1248, 1456) -> (1168, 1368)
target scene=3 area=(1152, 1344) event=71 script=8146 mode=1 state=1 player=(1168, 1368) pos=(1296, 1448) path=61
marked destination touch VisitKey { scene: 3, area: (1216, 1408), event_id: 48, trigger_script: 60, trigger_mode: 4, state: 1 }
learned exit AreaKey { scene: 3, anchor: (1152, 1344) } event=48 -> AreaKey { scene: 3, anchor: (1216, 1408) }
area teleport in scene 3 at frame 17867: (1168, 1368) -> (1248, 1456)
continuing target event=71 across area (1216, 1408) path=0
target scene=3 area=(1216, 1408) event=54 script=4647 mode=5 state=1 player=(1248, 1456) pos=(992, 1472) path=16
marked destination touch VisitKey { scene: 3, area: (1152, 1344), event_id: 47, trigger_script: 33, trigger_mode: 4, state: 1 }
learned exit AreaKey { scene: 3, anchor: (1216, 1408) } event=47 -> AreaKey { scene: 3, anchor: (1152, 1344) }
area teleport in scene 3 at frame 17880: (1248, 1456) -> (1168, 1368)
target scene=3 area=(1152, 1344) event=71 script=8146 mode=1 state=1 player=(1168, 1368) pos=(1296, 1448) path=61
marked destination touch VisitKey { scene: 3, area: (1216, 1408), event_id: 48, trigger_script: 60, trigger_mode: 4, state: 1 }
learned exit AreaKey { scene: 3, anchor: (1152, 1344) } event=48 -> AreaKey { scene: 3, anchor: (1216, 1408) }
area teleport in scene 3 at frame 17897: (1168, 1368) -> (1248, 1456)
continuing target event=71 across area (1216, 1408) path=0
target scene=3 area=(1216, 1408) event=54 script=4647 mode=5 state=1 player=(1248, 1456) pos=(992, 1472) path=16
marked destination touch VisitKey { scene: 3, area: (1152, 1344), event_id: 47, trigger_script: 33, trigger_mode: 4, state: 1 }
learned exit AreaKey { scene: 3, anchor: (1216, 1408) } event=47 -> AreaKey { scene: 3, anchor: (1152, 1344) }
area teleport in scene 3 at frame 17910: (1248, 1456) -> (1168, 1368)
target scene=3 area=(1152, 1344) event=71 script=8146 mode=1 state=1 player=(1168, 1368) pos=(1296, 1448) path=61
marked destination touch VisitKey { scene: 3, area: (1216, 1408), event_id: 48, trigger_script: 60, trigger_mode: 4, state: 1 }
learned exit AreaKey { scene: 3, anchor: (1152, 1344) } event=48 -> AreaKey { scene: 3, anchor: (1216, 1408) }
area teleport in scene 3 at frame 17927: (1168, 1368) -> (1248, 1456)
continuing target event=71 across area (1216, 1408) path=0
target scene=3 area=(1216, 1408) event=54 script=4647 mode=5 state=1 player=(1248, 1456) pos=(992, 1472) path=16
marked destination touch VisitKey { scene: 3, area: (1152, 1344), event_id: 47, trigger_script: 33, trigger_mode: 4, state: 1 }
learned exit AreaKey { scene: 3, anchor: (1216, 1408) } event=47 -> AreaKey { scene: 3, anchor: (1152, 1344) }
area teleport in scene 3 at frame 17940: (1248, 1456) -> (1168, 1368)
target scene=3 area=(1152, 1344) event=71 script=8146 mode=1 state=1 player=(1168, 1368) pos=(1296, 1448) path=61
marked destination touch VisitKey { scene: 3, area: (1216, 1408), event_id: 48, trigger_script: 60, trigger_mode: 4, state: 1 }
learned exit AreaKey { scene: 3, anchor: (1152, 1344) } event=48 -> AreaKey { scene: 3, anchor: (1216, 1408) }
area teleport in scene 3 at frame 17957: (1168, 1368) -> (1248, 1456)
continuing target event=71 across area (1216, 1408) path=0
target scene=3 area=(1216, 1408) event=54 script=4647 mode=5 state=1 player=(1248, 1456) pos=(992, 1472) path=16
marked destination touch VisitKey { scene: 3, area: (1152, 1344), event_id: 47, trigger_script: 33, trigger_mode: 4, state: 1 }
learned exit AreaKey { scene: 3, anchor: (1216, 1408) } event=47 -> AreaKey { scene: 3, anchor: (1152, 1344) }
area teleport in scene 3 at frame 17970: (1248, 1456) -> (1168, 1368)
target scene=3 area=(1152, 1344) event=71 script=8146 mode=1 state=1 player=(1168, 1368) pos=(1296, 1448) path=61
marked destination touch VisitKey { scene: 3, area: (1216, 1408), event_id: 48, trigger_script: 60, trigger_mode: 4, state: 1 }
learned exit AreaKey { scene: 3, anchor: (1152, 1344) } event=48 -> AreaKey { scene: 3, anchor: (1216, 1408) }
area teleport in scene 3 at frame 17987: (1168, 1368) -> (1248, 1456)
continuing target event=71 across area (1216, 1408) path=0
target scene=3 area=(1216, 1408) event=54 script=4647 mode=5 state=1 player=(1248, 1456) pos=(992, 1472) path=16
marked destination touch VisitKey { scene: 3, area: (1152, 1344), event_id: 47, trigger_script: 33, trigger_mode: 4, state: 1 }
learned exit AreaKey { scene: 3, anchor: (1216, 1408) } event=47 -> AreaKey { scene: 3, anchor: (1152, 1344) }
area teleport in scene 3 at frame 18000: (1248, 1456) -> (1168, 1368)
target scene=3 area=(1152, 1344) event=71 script=8146 mode=1 state=1 player=(1168, 1368) pos=(1296, 1448) path=61
marked destination touch VisitKey { scene: 3, area: (1216, 1408), event_id: 48, trigger_script: 60, trigger_mode: 4, state: 1 }
learned exit AreaKey { scene: 3, anchor: (1152, 1344) } event=48 -> AreaKey { scene: 3, anchor: (1216, 1408) }
area teleport in scene 3 at frame 18017: (1168, 1368) -> (1248, 1456)
continuing target event=71 across area (1216, 1408) path=0
target scene=3 area=(1216, 1408) event=54 script=4647 mode=5 state=1 player=(1248, 1456) pos=(992, 1472) path=16
marked destination touch VisitKey { scene: 3, area: (1152, 1344), event_id: 47, trigger_script: 33, trigger_mode: 4, state: 1 }
learned exit AreaKey { scene: 3, anchor: (1216, 1408) } event=47 -> AreaKey { scene: 3, anchor: (1152, 1344) }
area teleport in scene 3 at frame 18030: (1248, 1456) -> (1168, 1368)
target scene=3 area=(1152, 1344) event=71 script=8146 mode=1 state=1 player=(1168, 1368) pos=(1296, 1448) path=61
marked destination touch VisitKey { scene: 3, area: (1216, 1408), event_id: 48, trigger_script: 60, trigger_mode: 4, state: 1 }
learned exit AreaKey { scene: 3, anchor: (1152, 1344) } event=48 -> AreaKey { scene: 3, anchor: (1216, 1408) }
area teleport in scene 3 at frame 18047: (1168, 1368) -> (1248, 1456)
continuing target event=71 across area (1216, 1408) path=0
target scene=3 area=(1216, 1408) event=54 script=4647 mode=5 state=1 player=(1248, 1456) pos=(992, 1472) path=16
marked destination touch VisitKey { scene: 3, area: (1152, 1344), event_id: 47, trigger_script: 33, trigger_mode: 4, state: 1 }
learned exit AreaKey { scene: 3, anchor: (1216, 1408) } event=47 -> AreaKey { scene: 3, anchor: (1152, 1344) }
area teleport in scene 3 at frame 18060: (1248, 1456) -> (1168, 1368)
target scene=3 area=(1152, 1344) event=71 script=8146 mode=1 state=1 player=(1168, 1368) pos=(1296, 1448) path=61
marked destination touch VisitKey { scene: 3, area: (1216, 1408), event_id: 48, trigger_script: 60, trigger_mode: 4, state: 1 }
learned exit AreaKey { scene: 3, anchor: (1152, 1344) } event=48 -> AreaKey { scene: 3, anchor: (1216, 1408) }
area teleport in scene 3 at frame 18077: (1168, 1368) -> (1248, 1456)
continuing target event=71 across area (1216, 1408) path=0
target scene=3 area=(1216, 1408) event=54 script=4647 mode=5 state=1 player=(1248, 1456) pos=(992, 1472) path=16
marked destination touch VisitKey { scene: 3, area: (1152, 1344), event_id: 47, trigger_script: 33, trigger_mode: 4, state: 1 }
learned exit AreaKey { scene: 3, anchor: (1216, 1408) } event=47 -> AreaKey { scene: 3, anchor: (1152, 1344) }
area teleport in scene 3 at frame 18090: (1248, 1456) -> (1168, 1368)
target scene=3 area=(1152, 1344) event=71 script=8146 mode=1 state=1 player=(1168, 1368) pos=(1296, 1448) path=61
marked destination touch VisitKey { scene: 3, area: (1216, 1408), event_id: 48, trigger_script: 60, trigger_mode: 4, state: 1 }
learned exit AreaKey { scene: 3, anchor: (1152, 1344) } event=48 -> AreaKey { scene: 3, anchor: (1216, 1408) }
area teleport in scene 3 at frame 18107: (1168, 1368) -> (1248, 1456)
continuing target event=71 across area (1216, 1408) path=0
target scene=3 area=(1216, 1408) event=54 script=4647 mode=5 state=1 player=(1248, 1456) pos=(992, 1472) path=16
marked destination touch VisitKey { scene: 3, area: (1152, 1344), event_id: 47, trigger_script: 33, trigger_mode: 4, state: 1 }
learned exit AreaKey { scene: 3, anchor: (1216, 1408) } event=47 -> AreaKey { scene: 3, anchor: (1152, 1344) }
area teleport in scene 3 at frame 18120: (1248, 1456) -> (1168, 1368)
target scene=3 area=(1152, 1344) event=71 script=8146 mode=1 state=1 player=(1168, 1368) pos=(1296, 1448) path=61
marked destination touch VisitKey { scene: 3, area: (1216, 1408), event_id: 48, trigger_script: 60, trigger_mode: 4, state: 1 }
learned exit AreaKey { scene: 3, anchor: (1152, 1344) } event=48 -> AreaKey { scene: 3, anchor: (1216, 1408) }
area teleport in scene 3 at frame 18137: (1168, 1368) -> (1248, 1456)
continuing target event=71 across area (1216, 1408) path=0
target scene=3 area=(1216, 1408) event=54 script=4647 mode=5 state=1 player=(1248, 1456) pos=(992, 1472) path=16
marked destination touch VisitKey { scene: 3, area: (1152, 1344), event_id: 47, trigger_script: 33, trigger_mode: 4, state: 1 }
learned exit AreaKey { scene: 3, anchor: (1216, 1408) } event=47 -> AreaKey { scene: 3, anchor: (1152, 1344) }
area teleport in scene 3 at frame 18150: (1248, 1456) -> (1168, 1368)
target scene=3 area=(1152, 1344) event=71 script=8146 mode=1 state=1 player=(1168, 1368) pos=(1296, 1448) path=61
marked destination touch VisitKey { scene: 3, area: (1216, 1408), event_id: 48, trigger_script: 60, trigger_mode: 4, state: 1 }
learned exit AreaKey { scene: 3, anchor: (1152, 1344) } event=48 -> AreaKey { scene: 3, anchor: (1216, 1408) }
area teleport in scene 3 at frame 18167: (1168, 1368) -> (1248, 1456)
continuing target event=71 across area (1216, 1408) path=0
target scene=3 area=(1216, 1408) event=54 script=4647 mode=5 state=1 player=(1248, 1456) pos=(992, 1472) path=16
marked destination touch VisitKey { scene: 3, area: (1152, 1344), event_id: 47, trigger_script: 33, trigger_mode: 4, state: 1 }
learned exit AreaKey { scene: 3, anchor: (1216, 1408) } event=47 -> AreaKey { scene: 3, anchor: (1152, 1344) }
area teleport in scene 3 at frame 18180: (1248, 1456) -> (1168, 1368)
target scene=3 area=(1152, 1344) event=71 script=8146 mode=1 state=1 player=(1168, 1368) pos=(1296, 1448) path=61
marked destination touch VisitKey { scene: 3, area: (1216, 1408), event_id: 48, trigger_script: 60, trigger_mode: 4, state: 1 }
learned exit AreaKey { scene: 3, anchor: (1152, 1344) } event=48 -> AreaKey { scene: 3, anchor: (1216, 1408) }
area teleport in scene 3 at frame 18197: (1168, 1368) -> (1248, 1456)
continuing target event=71 across area (1216, 1408) path=0
target scene=3 area=(1216, 1408) event=54 script=4647 mode=5 state=1 player=(1248, 1456) pos=(992, 1472) path=16
marked destination touch VisitKey { scene: 3, area: (1152, 1344), event_id: 47, trigger_script: 33, trigger_mode: 4, state: 1 }
learned exit AreaKey { scene: 3, anchor: (1216, 1408) } event=47 -> AreaKey { scene: 3, anchor: (1152, 1344) }
area teleport in scene 3 at frame 18210: (1248, 1456) -> (1168, 1368)
target scene=3 area=(1152, 1344) event=71 script=8146 mode=1 state=1 player=(1168, 1368) pos=(1296, 1448) path=61
marked destination touch VisitKey { scene: 3, area: (1216, 1408), event_id: 48, trigger_script: 60, trigger_mode: 4, state: 1 }
learned exit AreaKey { scene: 3, anchor: (1152, 1344) } event=48 -> AreaKey { scene: 3, anchor: (1216, 1408) }
area teleport in scene 3 at frame 18227: (1168, 1368) -> (1248, 1456)
continuing target event=71 across area (1216, 1408) path=0
target scene=3 area=(1216, 1408) event=54 script=4647 mode=5 state=1 player=(1248, 1456) pos=(992, 1472) path=16
marked destination touch VisitKey { scene: 3, area: (1152, 1344), event_id: 47, trigger_script: 33, trigger_mode: 4, state: 1 }
learned exit AreaKey { scene: 3, anchor: (1216, 1408) } event=47 -> AreaKey { scene: 3, anchor: (1152, 1344) }
area teleport in scene 3 at frame 18240: (1248, 1456) -> (1168, 1368)
target scene=3 area=(1152, 1344) event=71 script=8146 mode=1 state=1 player=(1168, 1368) pos=(1296, 1448) path=61
marked destination touch VisitKey { scene: 3, area: (1216, 1408), event_id: 48, trigger_script: 60, trigger_mode: 4, state: 1 }
learned exit AreaKey { scene: 3, anchor: (1152, 1344) } event=48 -> AreaKey { scene: 3, anchor: (1216, 1408) }
area teleport in scene 3 at frame 18257: (1168, 1368) -> (1248, 1456)
continuing target event=71 across area (1216, 1408) path=0
target scene=3 area=(1216, 1408) event=54 script=4647 mode=5 state=1 player=(1248, 1456) pos=(992, 1472) path=16
marked destination touch VisitKey { scene: 3, area: (1152, 1344), event_id: 47, trigger_script: 33, trigger_mode: 4, state: 1 }
learned exit AreaKey { scene: 3, anchor: (1216, 1408) } event=47 -> AreaKey { scene: 3, anchor: (1152, 1344) }
area teleport in scene 3 at frame 18270: (1248, 1456) -> (1168, 1368)
target scene=3 area=(1152, 1344) event=71 script=8146 mode=1 state=1 player=(1168, 1368) pos=(1296, 1448) path=61
marked destination touch VisitKey { scene: 3, area: (1216, 1408), event_id: 48, trigger_script: 60, trigger_mode: 4, state: 1 }
learned exit AreaKey { scene: 3, anchor: (1152, 1344) } event=48 -> AreaKey { scene: 3, anchor: (1216, 1408) }
area teleport in scene 3 at frame 18287: (1168, 1368) -> (1248, 1456)
continuing target event=71 across area (1216, 1408) path=0
target scene=3 area=(1216, 1408) event=54 script=4647 mode=5 state=1 player=(1248, 1456) pos=(992, 1472) path=16
marked destination touch VisitKey { scene: 3, area: (1152, 1344), event_id: 47, trigger_script: 33, trigger_mode: 4, state: 1 }
learned exit AreaKey { scene: 3, anchor: (1216, 1408) } event=47 -> AreaKey { scene: 3, anchor: (1152, 1344) }
area teleport in scene 3 at frame 18300: (1248, 1456) -> (1168, 1368)
target scene=3 area=(1152, 1344) event=71 script=8146 mode=1 state=1 player=(1168, 1368) pos=(1296, 1448) path=61
marked destination touch VisitKey { scene: 3, area: (1216, 1408), event_id: 48, trigger_script: 60, trigger_mode: 4, state: 1 }
learned exit AreaKey { scene: 3, anchor: (1152, 1344) } event=48 -> AreaKey { scene: 3, anchor: (1216, 1408) }
area teleport in scene 3 at frame 18317: (1168, 1368) -> (1248, 1456)
continuing target event=71 across area (1216, 1408) path=0
target scene=3 area=(1216, 1408) event=54 script=4647 mode=5 state=1 player=(1248, 1456) pos=(992, 1472) path=16
marked destination touch VisitKey { scene: 3, area: (1152, 1344), event_id: 47, trigger_script: 33, trigger_mode: 4, state: 1 }
learned exit AreaKey { scene: 3, anchor: (1216, 1408) } event=47 -> AreaKey { scene: 3, anchor: (1152, 1344) }
area teleport in scene 3 at frame 18330: (1248, 1456) -> (1168, 1368)
target scene=3 area=(1152, 1344) event=71 script=8146 mode=1 state=1 player=(1168, 1368) pos=(1296, 1448) path=61
marked destination touch VisitKey { scene: 3, area: (1216, 1408), event_id: 48, trigger_script: 60, trigger_mode: 4, state: 1 }
learned exit AreaKey { scene: 3, anchor: (1152, 1344) } event=48 -> AreaKey { scene: 3, anchor: (1216, 1408) }
area teleport in scene 3 at frame 18347: (1168, 1368) -> (1248, 1456)
continuing target event=71 across area (1216, 1408) path=0
target scene=3 area=(1216, 1408) event=54 script=4647 mode=5 state=1 player=(1248, 1456) pos=(992, 1472) path=16
marked destination touch VisitKey { scene: 3, area: (1152, 1344), event_id: 47, trigger_script: 33, trigger_mode: 4, state: 1 }
learned exit AreaKey { scene: 3, anchor: (1216, 1408) } event=47 -> AreaKey { scene: 3, anchor: (1152, 1344) }
area teleport in scene 3 at frame 18360: (1248, 1456) -> (1168, 1368)
target scene=3 area=(1152, 1344) event=71 script=8146 mode=1 state=1 player=(1168, 1368) pos=(1296, 1448) path=61
marked destination touch VisitKey { scene: 3, area: (1216, 1408), event_id: 48, trigger_script: 60, trigger_mode: 4, state: 1 }
learned exit AreaKey { scene: 3, anchor: (1152, 1344) } event=48 -> AreaKey { scene: 3, anchor: (1216, 1408) }
area teleport in scene 3 at frame 18377: (1168, 1368) -> (1248, 1456)
continuing target event=71 across area (1216, 1408) path=0
target scene=3 area=(1216, 1408) event=54 script=4647 mode=5 state=1 player=(1248, 1456) pos=(992, 1472) path=16
marked destination touch VisitKey { scene: 3, area: (1152, 1344), event_id: 47, trigger_script: 33, trigger_mode: 4, state: 1 }
learned exit AreaKey { scene: 3, anchor: (1216, 1408) } event=47 -> AreaKey { scene: 3, anchor: (1152, 1344) }
area teleport in scene 3 at frame 18390: (1248, 1456) -> (1168, 1368)
target scene=3 area=(1152, 1344) event=71 script=8146 mode=1 state=1 player=(1168, 1368) pos=(1296, 1448) path=61
marked destination touch VisitKey { scene: 3, area: (1216, 1408), event_id: 48, trigger_script: 60, trigger_mode: 4, state: 1 }
learned exit AreaKey { scene: 3, anchor: (1152, 1344) } event=48 -> AreaKey { scene: 3, anchor: (1216, 1408) }
area teleport in scene 3 at frame 18407: (1168, 1368) -> (1248, 1456)
continuing target event=71 across area (1216, 1408) path=0
target scene=3 area=(1216, 1408) event=54 script=4647 mode=5 state=1 player=(1248, 1456) pos=(992, 1472) path=16
marked destination touch VisitKey { scene: 3, area: (1152, 1344), event_id: 47, trigger_script: 33, trigger_mode: 4, state: 1 }
learned exit AreaKey { scene: 3, anchor: (1216, 1408) } event=47 -> AreaKey { scene: 3, anchor: (1152, 1344) }
area teleport in scene 3 at frame 18420: (1248, 1456) -> (1168, 1368)
target scene=3 area=(1152, 1344) event=71 script=8146 mode=1 state=1 player=(1168, 1368) pos=(1296, 1448) path=61
marked destination touch VisitKey { scene: 3, area: (1216, 1408), event_id: 48, trigger_script: 60, trigger_mode: 4, state: 1 }
learned exit AreaKey { scene: 3, anchor: (1152, 1344) } event=48 -> AreaKey { scene: 3, anchor: (1216, 1408) }
area teleport in scene 3 at frame 18437: (1168, 1368) -> (1248, 1456)
continuing target event=71 across area (1216, 1408) path=0
target scene=3 area=(1216, 1408) event=54 script=4647 mode=5 state=1 player=(1248, 1456) pos=(992, 1472) path=16
marked destination touch VisitKey { scene: 3, area: (1152, 1344), event_id: 47, trigger_script: 33, trigger_mode: 4, state: 1 }
learned exit AreaKey { scene: 3, anchor: (1216, 1408) } event=47 -> AreaKey { scene: 3, anchor: (1152, 1344) }
area teleport in scene 3 at frame 18450: (1248, 1456) -> (1168, 1368)
target scene=3 area=(1152, 1344) event=71 script=8146 mode=1 state=1 player=(1168, 1368) pos=(1296, 1448) path=61
marked destination touch VisitKey { scene: 3, area: (1216, 1408), event_id: 48, trigger_script: 60, trigger_mode: 4, state: 1 }
learned exit AreaKey { scene: 3, anchor: (1152, 1344) } event=48 -> AreaKey { scene: 3, anchor: (1216, 1408) }
area teleport in scene 3 at frame 18467: (1168, 1368) -> (1248, 1456)
continuing target event=71 across area (1216, 1408) path=0
target scene=3 area=(1216, 1408) event=54 script=4647 mode=5 state=1 player=(1248, 1456) pos=(992, 1472) path=16
marked destination touch VisitKey { scene: 3, area: (1152, 1344), event_id: 47, trigger_script: 33, trigger_mode: 4, state: 1 }
learned exit AreaKey { scene: 3, anchor: (1216, 1408) } event=47 -> AreaKey { scene: 3, anchor: (1152, 1344) }
area teleport in scene 3 at frame 18480: (1248, 1456) -> (1168, 1368)
target scene=3 area=(1152, 1344) event=71 script=8146 mode=1 state=1 player=(1168, 1368) pos=(1296, 1448) path=61
marked destination touch VisitKey { scene: 3, area: (1216, 1408), event_id: 48, trigger_script: 60, trigger_mode: 4, state: 1 }
learned exit AreaKey { scene: 3, anchor: (1152, 1344) } event=48 -> AreaKey { scene: 3, anchor: (1216, 1408) }
area teleport in scene 3 at frame 18497: (1168, 1368) -> (1248, 1456)
continuing target event=71 across area (1216, 1408) path=0
target scene=3 area=(1216, 1408) event=54 script=4647 mode=5 state=1 player=(1248, 1456) pos=(992, 1472) path=16
marked destination touch VisitKey { scene: 3, area: (1152, 1344), event_id: 47, trigger_script: 33, trigger_mode: 4, state: 1 }
learned exit AreaKey { scene: 3, anchor: (1216, 1408) } event=47 -> AreaKey { scene: 3, anchor: (1152, 1344) }
area teleport in scene 3 at frame 18510: (1248, 1456) -> (1168, 1368)
target scene=3 area=(1152, 1344) event=71 script=8146 mode=1 state=1 player=(1168, 1368) pos=(1296, 1448) path=61
marked destination touch VisitKey { scene: 3, area: (1216, 1408), event_id: 48, trigger_script: 60, trigger_mode: 4, state: 1 }
learned exit AreaKey { scene: 3, anchor: (1152, 1344) } event=48 -> AreaKey { scene: 3, anchor: (1216, 1408) }
area teleport in scene 3 at frame 18527: (1168, 1368) -> (1248, 1456)
continuing target event=71 across area (1216, 1408) path=0
target scene=3 area=(1216, 1408) event=54 script=4647 mode=5 state=1 player=(1248, 1456) pos=(992, 1472) path=16
marked destination touch VisitKey { scene: 3, area: (1152, 1344), event_id: 47, trigger_script: 33, trigger_mode: 4, state: 1 }
learned exit AreaKey { scene: 3, anchor: (1216, 1408) } event=47 -> AreaKey { scene: 3, anchor: (1152, 1344) }
area teleport in scene 3 at frame 18540: (1248, 1456) -> (1168, 1368)
target scene=3 area=(1152, 1344) event=71 script=8146 mode=1 state=1 player=(1168, 1368) pos=(1296, 1448) path=61
marked destination touch VisitKey { scene: 3, area: (1216, 1408), event_id: 48, trigger_script: 60, trigger_mode: 4, state: 1 }
learned exit AreaKey { scene: 3, anchor: (1152, 1344) } event=48 -> AreaKey { scene: 3, anchor: (1216, 1408) }
area teleport in scene 3 at frame 18557: (1168, 1368) -> (1248, 1456)
continuing target event=71 across area (1216, 1408) path=0
target scene=3 area=(1216, 1408) event=54 script=4647 mode=5 state=1 player=(1248, 1456) pos=(992, 1472) path=16
marked destination touch VisitKey { scene: 3, area: (1152, 1344), event_id: 47, trigger_script: 33, trigger_mode: 4, state: 1 }
learned exit AreaKey { scene: 3, anchor: (1216, 1408) } event=47 -> AreaKey { scene: 3, anchor: (1152, 1344) }
area teleport in scene 3 at frame 18570: (1248, 1456) -> (1168, 1368)
target scene=3 area=(1152, 1344) event=71 script=8146 mode=1 state=1 player=(1168, 1368) pos=(1296, 1448) path=61
marked destination touch VisitKey { scene: 3, area: (1216, 1408), event_id: 48, trigger_script: 60, trigger_mode: 4, state: 1 }
learned exit AreaKey { scene: 3, anchor: (1152, 1344) } event=48 -> AreaKey { scene: 3, anchor: (1216, 1408) }
area teleport in scene 3 at frame 18587: (1168, 1368) -> (1248, 1456)
continuing target event=71 across area (1216, 1408) path=0
target scene=3 area=(1216, 1408) event=54 script=4647 mode=5 state=1 player=(1248, 1456) pos=(992, 1472) path=16
marked destination touch VisitKey { scene: 3, area: (1152, 1344), event_id: 47, trigger_script: 33, trigger_mode: 4, state: 1 }
learned exit AreaKey { scene: 3, anchor: (1216, 1408) } event=47 -> AreaKey { scene: 3, anchor: (1152, 1344) }
area teleport in scene 3 at frame 18600: (1248, 1456) -> (1168, 1368)
target scene=3 area=(1152, 1344) event=71 script=8146 mode=1 state=1 player=(1168, 1368) pos=(1296, 1448) path=61
marked destination touch VisitKey { scene: 3, area: (1216, 1408), event_id: 48, trigger_script: 60, trigger_mode: 4, state: 1 }
learned exit AreaKey { scene: 3, anchor: (1152, 1344) } event=48 -> AreaKey { scene: 3, anchor: (1216, 1408) }
area teleport in scene 3 at frame 18617: (1168, 1368) -> (1248, 1456)
continuing target event=71 across area (1216, 1408) path=0
target scene=3 area=(1216, 1408) event=54 script=4647 mode=5 state=1 player=(1248, 1456) pos=(992, 1472) path=16
marked destination touch VisitKey { scene: 3, area: (1152, 1344), event_id: 47, trigger_script: 33, trigger_mode: 4, state: 1 }
learned exit AreaKey { scene: 3, anchor: (1216, 1408) } event=47 -> AreaKey { scene: 3, anchor: (1152, 1344) }
area teleport in scene 3 at frame 18630: (1248, 1456) -> (1168, 1368)
target scene=3 area=(1152, 1344) event=71 script=8146 mode=1 state=1 player=(1168, 1368) pos=(1296, 1448) path=61
marked destination touch VisitKey { scene: 3, area: (1216, 1408), event_id: 48, trigger_script: 60, trigger_mode: 4, state: 1 }
learned exit AreaKey { scene: 3, anchor: (1152, 1344) } event=48 -> AreaKey { scene: 3, anchor: (1216, 1408) }
area teleport in scene 3 at frame 18647: (1168, 1368) -> (1248, 1456)
continuing target event=71 across area (1216, 1408) path=0
target scene=3 area=(1216, 1408) event=54 script=4647 mode=5 state=1 player=(1248, 1456) pos=(992, 1472) path=16
marked destination touch VisitKey { scene: 3, area: (1152, 1344), event_id: 47, trigger_script: 33, trigger_mode: 4, state: 1 }
learned exit AreaKey { scene: 3, anchor: (1216, 1408) } event=47 -> AreaKey { scene: 3, anchor: (1152, 1344) }
area teleport in scene 3 at frame 18660: (1248, 1456) -> (1168, 1368)
target scene=3 area=(1152, 1344) event=71 script=8146 mode=1 state=1 player=(1168, 1368) pos=(1296, 1448) path=61
marked destination touch VisitKey { scene: 3, area: (1216, 1408), event_id: 48, trigger_script: 60, trigger_mode: 4, state: 1 }
learned exit AreaKey { scene: 3, anchor: (1152, 1344) } event=48 -> AreaKey { scene: 3, anchor: (1216, 1408) }
area teleport in scene 3 at frame 18677: (1168, 1368) -> (1248, 1456)
continuing target event=71 across area (1216, 1408) path=0
target scene=3 area=(1216, 1408) event=54 script=4647 mode=5 state=1 player=(1248, 1456) pos=(992, 1472) path=16
marked destination touch VisitKey { scene: 3, area: (1152, 1344), event_id: 47, trigger_script: 33, trigger_mode: 4, state: 1 }
learned exit AreaKey { scene: 3, anchor: (1216, 1408) } event=47 -> AreaKey { scene: 3, anchor: (1152, 1344) }
area teleport in scene 3 at frame 18690: (1248, 1456) -> (1168, 1368)
target scene=3 area=(1152, 1344) event=71 script=8146 mode=1 state=1 player=(1168, 1368) pos=(1296, 1448) path=61
marked destination touch VisitKey { scene: 3, area: (1216, 1408), event_id: 48, trigger_script: 60, trigger_mode: 4, state: 1 }
learned exit AreaKey { scene: 3, anchor: (1152, 1344) } event=48 -> AreaKey { scene: 3, anchor: (1216, 1408) }
area teleport in scene 3 at frame 18707: (1168, 1368) -> (1248, 1456)
continuing target event=71 across area (1216, 1408) path=0
target scene=3 area=(1216, 1408) event=54 script=4647 mode=5 state=1 player=(1248, 1456) pos=(992, 1472) path=16
marked destination touch VisitKey { scene: 3, area: (1152, 1344), event_id: 47, trigger_script: 33, trigger_mode: 4, state: 1 }
learned exit AreaKey { scene: 3, anchor: (1216, 1408) } event=47 -> AreaKey { scene: 3, anchor: (1152, 1344) }
area teleport in scene 3 at frame 18720: (1248, 1456) -> (1168, 1368)
target scene=3 area=(1152, 1344) event=71 script=8146 mode=1 state=1 player=(1168, 1368) pos=(1296, 1448) path=61
marked destination touch VisitKey { scene: 3, area: (1216, 1408), event_id: 48, trigger_script: 60, trigger_mode: 4, state: 1 }
learned exit AreaKey { scene: 3, anchor: (1152, 1344) } event=48 -> AreaKey { scene: 3, anchor: (1216, 1408) }
area teleport in scene 3 at frame 18737: (1168, 1368) -> (1248, 1456)
continuing target event=71 across area (1216, 1408) path=0
target scene=3 area=(1216, 1408) event=54 script=4647 mode=5 state=1 player=(1248, 1456) pos=(992, 1472) path=16
marked destination touch VisitKey { scene: 3, area: (1152, 1344), event_id: 47, trigger_script: 33, trigger_mode: 4, state: 1 }
learned exit AreaKey { scene: 3, anchor: (1216, 1408) } event=47 -> AreaKey { scene: 3, anchor: (1152, 1344) }
area teleport in scene 3 at frame 18750: (1248, 1456) -> (1168, 1368)
target scene=3 area=(1152, 1344) event=71 script=8146 mode=1 state=1 player=(1168, 1368) pos=(1296, 1448) path=61
marked destination touch VisitKey { scene: 3, area: (1216, 1408), event_id: 48, trigger_script: 60, trigger_mode: 4, state: 1 }
learned exit AreaKey { scene: 3, anchor: (1152, 1344) } event=48 -> AreaKey { scene: 3, anchor: (1216, 1408) }
area teleport in scene 3 at frame 18767: (1168, 1368) -> (1248, 1456)
continuing target event=71 across area (1216, 1408) path=0
target scene=3 area=(1216, 1408) event=54 script=4647 mode=5 state=1 player=(1248, 1456) pos=(992, 1472) path=16
marked destination touch VisitKey { scene: 3, area: (1152, 1344), event_id: 47, trigger_script: 33, trigger_mode: 4, state: 1 }
learned exit AreaKey { scene: 3, anchor: (1216, 1408) } event=47 -> AreaKey { scene: 3, anchor: (1152, 1344) }
area teleport in scene 3 at frame 18780: (1248, 1456) -> (1168, 1368)
target scene=3 area=(1152, 1344) event=71 script=8146 mode=1 state=1 player=(1168, 1368) pos=(1296, 1448) path=61
marked destination touch VisitKey { scene: 3, area: (1216, 1408), event_id: 48, trigger_script: 60, trigger_mode: 4, state: 1 }
learned exit AreaKey { scene: 3, anchor: (1152, 1344) } event=48 -> AreaKey { scene: 3, anchor: (1216, 1408) }
area teleport in scene 3 at frame 18797: (1168, 1368) -> (1248, 1456)
continuing target event=71 across area (1216, 1408) path=0
target scene=3 area=(1216, 1408) event=54 script=4647 mode=5 state=1 player=(1248, 1456) pos=(992, 1472) path=16
marked destination touch VisitKey { scene: 3, area: (1152, 1344), event_id: 47, trigger_script: 33, trigger_mode: 4, state: 1 }
learned exit AreaKey { scene: 3, anchor: (1216, 1408) } event=47 -> AreaKey { scene: 3, anchor: (1152, 1344) }
area teleport in scene 3 at frame 18810: (1248, 1456) -> (1168, 1368)
target scene=3 area=(1152, 1344) event=71 script=8146 mode=1 state=1 player=(1168, 1368) pos=(1296, 1448) path=61
marked destination touch VisitKey { scene: 3, area: (1216, 1408), event_id: 48, trigger_script: 60, trigger_mode: 4, state: 1 }
learned exit AreaKey { scene: 3, anchor: (1152, 1344) } event=48 -> AreaKey { scene: 3, anchor: (1216, 1408) }
area teleport in scene 3 at frame 18827: (1168, 1368) -> (1248, 1456)
continuing target event=71 across area (1216, 1408) path=0
target scene=3 area=(1216, 1408) event=54 script=4647 mode=5 state=1 player=(1248, 1456) pos=(992, 1472) path=16
marked destination touch VisitKey { scene: 3, area: (1152, 1344), event_id: 47, trigger_script: 33, trigger_mode: 4, state: 1 }
learned exit AreaKey { scene: 3, anchor: (1216, 1408) } event=47 -> AreaKey { scene: 3, anchor: (1152, 1344) }
area teleport in scene 3 at frame 18840: (1248, 1456) -> (1168, 1368)
target scene=3 area=(1152, 1344) event=71 script=8146 mode=1 state=1 player=(1168, 1368) pos=(1296, 1448) path=61
marked destination touch VisitKey { scene: 3, area: (1216, 1408), event_id: 48, trigger_script: 60, trigger_mode: 4, state: 1 }
learned exit AreaKey { scene: 3, anchor: (1152, 1344) } event=48 -> AreaKey { scene: 3, anchor: (1216, 1408) }
area teleport in scene 3 at frame 18857: (1168, 1368) -> (1248, 1456)
continuing target event=71 across area (1216, 1408) path=0
target scene=3 area=(1216, 1408) event=54 script=4647 mode=5 state=1 player=(1248, 1456) pos=(992, 1472) path=16
marked destination touch VisitKey { scene: 3, area: (1152, 1344), event_id: 47, trigger_script: 33, trigger_mode: 4, state: 1 }
learned exit AreaKey { scene: 3, anchor: (1216, 1408) } event=47 -> AreaKey { scene: 3, anchor: (1152, 1344) }
area teleport in scene 3 at frame 18870: (1248, 1456) -> (1168, 1368)
target scene=3 area=(1152, 1344) event=71 script=8146 mode=1 state=1 player=(1168, 1368) pos=(1296, 1448) path=61
marked destination touch VisitKey { scene: 3, area: (1216, 1408), event_id: 48, trigger_script: 60, trigger_mode: 4, state: 1 }
learned exit AreaKey { scene: 3, anchor: (1152, 1344) } event=48 -> AreaKey { scene: 3, anchor: (1216, 1408) }
area teleport in scene 3 at frame 18887: (1168, 1368) -> (1248, 1456)
continuing target event=71 across area (1216, 1408) path=0
target scene=3 area=(1216, 1408) event=54 script=4647 mode=5 state=1 player=(1248, 1456) pos=(992, 1472) path=16
marked destination touch VisitKey { scene: 3, area: (1152, 1344), event_id: 47, trigger_script: 33, trigger_mode: 4, state: 1 }
learned exit AreaKey { scene: 3, anchor: (1216, 1408) } event=47 -> AreaKey { scene: 3, anchor: (1152, 1344) }
area teleport in scene 3 at frame 18900: (1248, 1456) -> (1168, 1368)
target scene=3 area=(1152, 1344) event=71 script=8146 mode=1 state=1 player=(1168, 1368) pos=(1296, 1448) path=61
marked destination touch VisitKey { scene: 3, area: (1216, 1408), event_id: 48, trigger_script: 60, trigger_mode: 4, state: 1 }
learned exit AreaKey { scene: 3, anchor: (1152, 1344) } event=48 -> AreaKey { scene: 3, anchor: (1216, 1408) }
area teleport in scene 3 at frame 18917: (1168, 1368) -> (1248, 1456)
continuing target event=71 across area (1216, 1408) path=0
target scene=3 area=(1216, 1408) event=54 script=4647 mode=5 state=1 player=(1248, 1456) pos=(992, 1472) path=16
marked destination touch VisitKey { scene: 3, area: (1152, 1344), event_id: 47, trigger_script: 33, trigger_mode: 4, state: 1 }
learned exit AreaKey { scene: 3, anchor: (1216, 1408) } event=47 -> AreaKey { scene: 3, anchor: (1152, 1344) }
area teleport in scene 3 at frame 18930: (1248, 1456) -> (1168, 1368)
target scene=3 area=(1152, 1344) event=71 script=8146 mode=1 state=1 player=(1168, 1368) pos=(1296, 1448) path=61
marked destination touch VisitKey { scene: 3, area: (1216, 1408), event_id: 48, trigger_script: 60, trigger_mode: 4, state: 1 }
learned exit AreaKey { scene: 3, anchor: (1152, 1344) } event=48 -> AreaKey { scene: 3, anchor: (1216, 1408) }
area teleport in scene 3 at frame 18947: (1168, 1368) -> (1248, 1456)
continuing target event=71 across area (1216, 1408) path=0
target scene=3 area=(1216, 1408) event=54 script=4647 mode=5 state=1 player=(1248, 1456) pos=(992, 1472) path=16
marked destination touch VisitKey { scene: 3, area: (1152, 1344), event_id: 47, trigger_script: 33, trigger_mode: 4, state: 1 }
learned exit AreaKey { scene: 3, anchor: (1216, 1408) } event=47 -> AreaKey { scene: 3, anchor: (1152, 1344) }
area teleport in scene 3 at frame 18960: (1248, 1456) -> (1168, 1368)
target scene=3 area=(1152, 1344) event=71 script=8146 mode=1 state=1 player=(1168, 1368) pos=(1296, 1448) path=61
marked destination touch VisitKey { scene: 3, area: (1216, 1408), event_id: 48, trigger_script: 60, trigger_mode: 4, state: 1 }
learned exit AreaKey { scene: 3, anchor: (1152, 1344) } event=48 -> AreaKey { scene: 3, anchor: (1216, 1408) }
area teleport in scene 3 at frame 18977: (1168, 1368) -> (1248, 1456)
continuing target event=71 across area (1216, 1408) path=0
target scene=3 area=(1216, 1408) event=54 script=4647 mode=5 state=1 player=(1248, 1456) pos=(992, 1472) path=16
marked destination touch VisitKey { scene: 3, area: (1152, 1344), event_id: 47, trigger_script: 33, trigger_mode: 4, state: 1 }
learned exit AreaKey { scene: 3, anchor: (1216, 1408) } event=47 -> AreaKey { scene: 3, anchor: (1152, 1344) }
area teleport in scene 3 at frame 18990: (1248, 1456) -> (1168, 1368)
target scene=3 area=(1152, 1344) event=71 script=8146 mode=1 state=1 player=(1168, 1368) pos=(1296, 1448) path=61
marked destination touch VisitKey { scene: 3, area: (1216, 1408), event_id: 48, trigger_script: 60, trigger_mode: 4, state: 1 }
learned exit AreaKey { scene: 3, anchor: (1152, 1344) } event=48 -> AreaKey { scene: 3, anchor: (1216, 1408) }
area teleport in scene 3 at frame 19007: (1168, 1368) -> (1248, 1456)
continuing target event=71 across area (1216, 1408) path=0
target scene=3 area=(1216, 1408) event=54 script=4647 mode=5 state=1 player=(1248, 1456) pos=(992, 1472) path=16
marked destination touch VisitKey { scene: 3, area: (1152, 1344), event_id: 47, trigger_script: 33, trigger_mode: 4, state: 1 }
learned exit AreaKey { scene: 3, anchor: (1216, 1408) } event=47 -> AreaKey { scene: 3, anchor: (1152, 1344) }
area teleport in scene 3 at frame 19020: (1248, 1456) -> (1168, 1368)
target scene=3 area=(1152, 1344) event=71 script=8146 mode=1 state=1 player=(1168, 1368) pos=(1296, 1448) path=61
marked destination touch VisitKey { scene: 3, area: (1216, 1408), event_id: 48, trigger_script: 60, trigger_mode: 4, state: 1 }
learned exit AreaKey { scene: 3, anchor: (1152, 1344) } event=48 -> AreaKey { scene: 3, anchor: (1216, 1408) }
area teleport in scene 3 at frame 19037: (1168, 1368) -> (1248, 1456)
continuing target event=71 across area (1216, 1408) path=0
target scene=3 area=(1216, 1408) event=54 script=4647 mode=5 state=1 player=(1248, 1456) pos=(992, 1472) path=16
marked destination touch VisitKey { scene: 3, area: (1152, 1344), event_id: 47, trigger_script: 33, trigger_mode: 4, state: 1 }
learned exit AreaKey { scene: 3, anchor: (1216, 1408) } event=47 -> AreaKey { scene: 3, anchor: (1152, 1344) }
area teleport in scene 3 at frame 19050: (1248, 1456) -> (1168, 1368)
target scene=3 area=(1152, 1344) event=71 script=8146 mode=1 state=1 player=(1168, 1368) pos=(1296, 1448) path=61
marked destination touch VisitKey { scene: 3, area: (1216, 1408), event_id: 48, trigger_script: 60, trigger_mode: 4, state: 1 }
learned exit AreaKey { scene: 3, anchor: (1152, 1344) } event=48 -> AreaKey { scene: 3, anchor: (1216, 1408) }
area teleport in scene 3 at frame 19067: (1168, 1368) -> (1248, 1456)
continuing target event=71 across area (1216, 1408) path=0
target scene=3 area=(1216, 1408) event=54 script=4647 mode=5 state=1 player=(1248, 1456) pos=(992, 1472) path=16
marked destination touch VisitKey { scene: 3, area: (1152, 1344), event_id: 47, trigger_script: 33, trigger_mode: 4, state: 1 }
learned exit AreaKey { scene: 3, anchor: (1216, 1408) } event=47 -> AreaKey { scene: 3, anchor: (1152, 1344) }
area teleport in scene 3 at frame 19080: (1248, 1456) -> (1168, 1368)
target scene=3 area=(1152, 1344) event=71 script=8146 mode=1 state=1 player=(1168, 1368) pos=(1296, 1448) path=61
marked destination touch VisitKey { scene: 3, area: (1216, 1408), event_id: 48, trigger_script: 60, trigger_mode: 4, state: 1 }
learned exit AreaKey { scene: 3, anchor: (1152, 1344) } event=48 -> AreaKey { scene: 3, anchor: (1216, 1408) }
area teleport in scene 3 at frame 19097: (1168, 1368) -> (1248, 1456)
continuing target event=71 across area (1216, 1408) path=0
target scene=3 area=(1216, 1408) event=54 script=4647 mode=5 state=1 player=(1248, 1456) pos=(992, 1472) path=16
marked destination touch VisitKey { scene: 3, area: (1152, 1344), event_id: 47, trigger_script: 33, trigger_mode: 4, state: 1 }
learned exit AreaKey { scene: 3, anchor: (1216, 1408) } event=47 -> AreaKey { scene: 3, anchor: (1152, 1344) }
area teleport in scene 3 at frame 19110: (1248, 1456) -> (1168, 1368)
target scene=3 area=(1152, 1344) event=71 script=8146 mode=1 state=1 player=(1168, 1368) pos=(1296, 1448) path=61
marked destination touch VisitKey { scene: 3, area: (1216, 1408), event_id: 48, trigger_script: 60, trigger_mode: 4, state: 1 }
learned exit AreaKey { scene: 3, anchor: (1152, 1344) } event=48 -> AreaKey { scene: 3, anchor: (1216, 1408) }
area teleport in scene 3 at frame 19127: (1168, 1368) -> (1248, 1456)
continuing target event=71 across area (1216, 1408) path=0
target scene=3 area=(1216, 1408) event=54 script=4647 mode=5 state=1 player=(1248, 1456) pos=(992, 1472) path=16
marked destination touch VisitKey { scene: 3, area: (1152, 1344), event_id: 47, trigger_script: 33, trigger_mode: 4, state: 1 }
learned exit AreaKey { scene: 3, anchor: (1216, 1408) } event=47 -> AreaKey { scene: 3, anchor: (1152, 1344) }
area teleport in scene 3 at frame 19140: (1248, 1456) -> (1168, 1368)
target scene=3 area=(1152, 1344) event=71 script=8146 mode=1 state=1 player=(1168, 1368) pos=(1296, 1448) path=61
marked destination touch VisitKey { scene: 3, area: (1216, 1408), event_id: 48, trigger_script: 60, trigger_mode: 4, state: 1 }
learned exit AreaKey { scene: 3, anchor: (1152, 1344) } event=48 -> AreaKey { scene: 3, anchor: (1216, 1408) }
area teleport in scene 3 at frame 19157: (1168, 1368) -> (1248, 1456)
continuing target event=71 across area (1216, 1408) path=0
target scene=3 area=(1216, 1408) event=54 script=4647 mode=5 state=1 player=(1248, 1456) pos=(992, 1472) path=16
marked destination touch VisitKey { scene: 3, area: (1152, 1344), event_id: 47, trigger_script: 33, trigger_mode: 4, state: 1 }
learned exit AreaKey { scene: 3, anchor: (1216, 1408) } event=47 -> AreaKey { scene: 3, anchor: (1152, 1344) }
area teleport in scene 3 at frame 19170: (1248, 1456) -> (1168, 1368)
target scene=3 area=(1152, 1344) event=71 script=8146 mode=1 state=1 player=(1168, 1368) pos=(1296, 1448) path=61
marked destination touch VisitKey { scene: 3, area: (1216, 1408), event_id: 48, trigger_script: 60, trigger_mode: 4, state: 1 }
learned exit AreaKey { scene: 3, anchor: (1152, 1344) } event=48 -> AreaKey { scene: 3, anchor: (1216, 1408) }
area teleport in scene 3 at frame 19187: (1168, 1368) -> (1248, 1456)
continuing target event=71 across area (1216, 1408) path=0
target scene=3 area=(1216, 1408) event=54 script=4647 mode=5 state=1 player=(1248, 1456) pos=(992, 1472) path=16
marked destination touch VisitKey { scene: 3, area: (1152, 1344), event_id: 47, trigger_script: 33, trigger_mode: 4, state: 1 }
learned exit AreaKey { scene: 3, anchor: (1216, 1408) } event=47 -> AreaKey { scene: 3, anchor: (1152, 1344) }
area teleport in scene 3 at frame 19200: (1248, 1456) -> (1168, 1368)
target scene=3 area=(1152, 1344) event=71 script=8146 mode=1 state=1 player=(1168, 1368) pos=(1296, 1448) path=61
marked destination touch VisitKey { scene: 3, area: (1216, 1408), event_id: 48, trigger_script: 60, trigger_mode: 4, state: 1 }
learned exit AreaKey { scene: 3, anchor: (1152, 1344) } event=48 -> AreaKey { scene: 3, anchor: (1216, 1408) }
area teleport in scene 3 at frame 19217: (1168, 1368) -> (1248, 1456)
continuing target event=71 across area (1216, 1408) path=0
target scene=3 area=(1216, 1408) event=54 script=4647 mode=5 state=1 player=(1248, 1456) pos=(992, 1472) path=16
marked destination touch VisitKey { scene: 3, area: (1152, 1344), event_id: 47, trigger_script: 33, trigger_mode: 4, state: 1 }
learned exit AreaKey { scene: 3, anchor: (1216, 1408) } event=47 -> AreaKey { scene: 3, anchor: (1152, 1344) }
area teleport in scene 3 at frame 19230: (1248, 1456) -> (1168, 1368)
target scene=3 area=(1152, 1344) event=71 script=8146 mode=1 state=1 player=(1168, 1368) pos=(1296, 1448) path=61
marked destination touch VisitKey { scene: 3, area: (1216, 1408), event_id: 48, trigger_script: 60, trigger_mode: 4, state: 1 }
learned exit AreaKey { scene: 3, anchor: (1152, 1344) } event=48 -> AreaKey { scene: 3, anchor: (1216, 1408) }
area teleport in scene 3 at frame 19247: (1168, 1368) -> (1248, 1456)
continuing target event=71 across area (1216, 1408) path=0
target scene=3 area=(1216, 1408) event=54 script=4647 mode=5 state=1 player=(1248, 1456) pos=(992, 1472) path=16
marked destination touch VisitKey { scene: 3, area: (1152, 1344), event_id: 47, trigger_script: 33, trigger_mode: 4, state: 1 }
learned exit AreaKey { scene: 3, anchor: (1216, 1408) } event=47 -> AreaKey { scene: 3, anchor: (1152, 1344) }
area teleport in scene 3 at frame 19260: (1248, 1456) -> (1168, 1368)
target scene=3 area=(1152, 1344) event=71 script=8146 mode=1 state=1 player=(1168, 1368) pos=(1296, 1448) path=61
marked destination touch VisitKey { scene: 3, area: (1216, 1408), event_id: 48, trigger_script: 60, trigger_mode: 4, state: 1 }
learned exit AreaKey { scene: 3, anchor: (1152, 1344) } event=48 -> AreaKey { scene: 3, anchor: (1216, 1408) }
area teleport in scene 3 at frame 19277: (1168, 1368) -> (1248, 1456)
continuing target event=71 across area (1216, 1408) path=0
target scene=3 area=(1216, 1408) event=54 script=4647 mode=5 state=1 player=(1248, 1456) pos=(992, 1472) path=16
marked destination touch VisitKey { scene: 3, area: (1152, 1344), event_id: 47, trigger_script: 33, trigger_mode: 4, state: 1 }
learned exit AreaKey { scene: 3, anchor: (1216, 1408) } event=47 -> AreaKey { scene: 3, anchor: (1152, 1344) }
area teleport in scene 3 at frame 19290: (1248, 1456) -> (1168, 1368)
target scene=3 area=(1152, 1344) event=71 script=8146 mode=1 state=1 player=(1168, 1368) pos=(1296, 1448) path=61
marked destination touch VisitKey { scene: 3, area: (1216, 1408), event_id: 48, trigger_script: 60, trigger_mode: 4, state: 1 }
learned exit AreaKey { scene: 3, anchor: (1152, 1344) } event=48 -> AreaKey { scene: 3, anchor: (1216, 1408) }
area teleport in scene 3 at frame 19307: (1168, 1368) -> (1248, 1456)
continuing target event=71 across area (1216, 1408) path=0
target scene=3 area=(1216, 1408) event=54 script=4647 mode=5 state=1 player=(1248, 1456) pos=(992, 1472) path=16
marked destination touch VisitKey { scene: 3, area: (1152, 1344), event_id: 47, trigger_script: 33, trigger_mode: 4, state: 1 }
learned exit AreaKey { scene: 3, anchor: (1216, 1408) } event=47 -> AreaKey { scene: 3, anchor: (1152, 1344) }
area teleport in scene 3 at frame 19320: (1248, 1456) -> (1168, 1368)
target scene=3 area=(1152, 1344) event=71 script=8146 mode=1 state=1 player=(1168, 1368) pos=(1296, 1448) path=61
marked destination touch VisitKey { scene: 3, area: (1216, 1408), event_id: 48, trigger_script: 60, trigger_mode: 4, state: 1 }
learned exit AreaKey { scene: 3, anchor: (1152, 1344) } event=48 -> AreaKey { scene: 3, anchor: (1216, 1408) }
area teleport in scene 3 at frame 19337: (1168, 1368) -> (1248, 1456)
continuing target event=71 across area (1216, 1408) path=0
target scene=3 area=(1216, 1408) event=54 script=4647 mode=5 state=1 player=(1248, 1456) pos=(992, 1472) path=16
marked destination touch VisitKey { scene: 3, area: (1152, 1344), event_id: 47, trigger_script: 33, trigger_mode: 4, state: 1 }
learned exit AreaKey { scene: 3, anchor: (1216, 1408) } event=47 -> AreaKey { scene: 3, anchor: (1152, 1344) }
area teleport in scene 3 at frame 19350: (1248, 1456) -> (1168, 1368)
target scene=3 area=(1152, 1344) event=71 script=8146 mode=1 state=1 player=(1168, 1368) pos=(1296, 1448) path=61
marked destination touch VisitKey { scene: 3, area: (1216, 1408), event_id: 48, trigger_script: 60, trigger_mode: 4, state: 1 }
learned exit AreaKey { scene: 3, anchor: (1152, 1344) } event=48 -> AreaKey { scene: 3, anchor: (1216, 1408) }
area teleport in scene 3 at frame 19367: (1168, 1368) -> (1248, 1456)
continuing target event=71 across area (1216, 1408) path=0
target scene=3 area=(1216, 1408) event=54 script=4647 mode=5 state=1 player=(1248, 1456) pos=(992, 1472) path=16
marked destination touch VisitKey { scene: 3, area: (1152, 1344), event_id: 47, trigger_script: 33, trigger_mode: 4, state: 1 }
learned exit AreaKey { scene: 3, anchor: (1216, 1408) } event=47 -> AreaKey { scene: 3, anchor: (1152, 1344) }
area teleport in scene 3 at frame 19380: (1248, 1456) -> (1168, 1368)
target scene=3 area=(1152, 1344) event=71 script=8146 mode=1 state=1 player=(1168, 1368) pos=(1296, 1448) path=61
marked destination touch VisitKey { scene: 3, area: (1216, 1408), event_id: 48, trigger_script: 60, trigger_mode: 4, state: 1 }
learned exit AreaKey { scene: 3, anchor: (1152, 1344) } event=48 -> AreaKey { scene: 3, anchor: (1216, 1408) }
area teleport in scene 3 at frame 19397: (1168, 1368) -> (1248, 1456)
continuing target event=71 across area (1216, 1408) path=0
target scene=3 area=(1216, 1408) event=54 script=4647 mode=5 state=1 player=(1248, 1456) pos=(992, 1472) path=16
marked destination touch VisitKey { scene: 3, area: (1152, 1344), event_id: 47, trigger_script: 33, trigger_mode: 4, state: 1 }
learned exit AreaKey { scene: 3, anchor: (1216, 1408) } event=47 -> AreaKey { scene: 3, anchor: (1152, 1344) }
area teleport in scene 3 at frame 19410: (1248, 1456) -> (1168, 1368)
target scene=3 area=(1152, 1344) event=71 script=8146 mode=1 state=1 player=(1168, 1368) pos=(1296, 1448) path=61
marked destination touch VisitKey { scene: 3, area: (1216, 1408), event_id: 48, trigger_script: 60, trigger_mode: 4, state: 1 }
learned exit AreaKey { scene: 3, anchor: (1152, 1344) } event=48 -> AreaKey { scene: 3, anchor: (1216, 1408) }
area teleport in scene 3 at frame 19427: (1168, 1368) -> (1248, 1456)
continuing target event=71 across area (1216, 1408) path=0
target scene=3 area=(1216, 1408) event=54 script=4647 mode=5 state=1 player=(1248, 1456) pos=(992, 1472) path=16
marked destination touch VisitKey { scene: 3, area: (1152, 1344), event_id: 47, trigger_script: 33, trigger_mode: 4, state: 1 }
learned exit AreaKey { scene: 3, anchor: (1216, 1408) } event=47 -> AreaKey { scene: 3, anchor: (1152, 1344) }
area teleport in scene 3 at frame 19440: (1248, 1456) -> (1168, 1368)
target scene=3 area=(1152, 1344) event=71 script=8146 mode=1 state=1 player=(1168, 1368) pos=(1296, 1448) path=61
marked destination touch VisitKey { scene: 3, area: (1216, 1408), event_id: 48, trigger_script: 60, trigger_mode: 4, state: 1 }
learned exit AreaKey { scene: 3, anchor: (1152, 1344) } event=48 -> AreaKey { scene: 3, anchor: (1216, 1408) }
area teleport in scene 3 at frame 19457: (1168, 1368) -> (1248, 1456)
continuing target event=71 across area (1216, 1408) path=0
target scene=3 area=(1216, 1408) event=54 script=4647 mode=5 state=1 player=(1248, 1456) pos=(992, 1472) path=16
marked destination touch VisitKey { scene: 3, area: (1152, 1344), event_id: 47, trigger_script: 33, trigger_mode: 4, state: 1 }
learned exit AreaKey { scene: 3, anchor: (1216, 1408) } event=47 -> AreaKey { scene: 3, anchor: (1152, 1344) }
area teleport in scene 3 at frame 19470: (1248, 1456) -> (1168, 1368)
target scene=3 area=(1152, 1344) event=71 script=8146 mode=1 state=1 player=(1168, 1368) pos=(1296, 1448) path=61
marked destination touch VisitKey { scene: 3, area: (1216, 1408), event_id: 48, trigger_script: 60, trigger_mode: 4, state: 1 }
learned exit AreaKey { scene: 3, anchor: (1152, 1344) } event=48 -> AreaKey { scene: 3, anchor: (1216, 1408) }
area teleport in scene 3 at frame 19487: (1168, 1368) -> (1248, 1456)
continuing target event=71 across area (1216, 1408) path=0
target scene=3 area=(1216, 1408) event=54 script=4647 mode=5 state=1 player=(1248, 1456) pos=(992, 1472) path=16
marked destination touch VisitKey { scene: 3, area: (1152, 1344), event_id: 47, trigger_script: 33, trigger_mode: 4, state: 1 }
learned exit AreaKey { scene: 3, anchor: (1216, 1408) } event=47 -> AreaKey { scene: 3, anchor: (1152, 1344) }
area teleport in scene 3 at frame 19500: (1248, 1456) -> (1168, 1368)
target scene=3 area=(1152, 1344) event=71 script=8146 mode=1 state=1 player=(1168, 1368) pos=(1296, 1448) path=61
marked destination touch VisitKey { scene: 3, area: (1216, 1408), event_id: 48, trigger_script: 60, trigger_mode: 4, state: 1 }
learned exit AreaKey { scene: 3, anchor: (1152, 1344) } event=48 -> AreaKey { scene: 3, anchor: (1216, 1408) }
area teleport in scene 3 at frame 19517: (1168, 1368) -> (1248, 1456)
continuing target event=71 across area (1216, 1408) path=0
target scene=3 area=(1216, 1408) event=54 script=4647 mode=5 state=1 player=(1248, 1456) pos=(992, 1472) path=16
marked destination touch VisitKey { scene: 3, area: (1152, 1344), event_id: 47, trigger_script: 33, trigger_mode: 4, state: 1 }
learned exit AreaKey { scene: 3, anchor: (1216, 1408) } event=47 -> AreaKey { scene: 3, anchor: (1152, 1344) }
area teleport in scene 3 at frame 19530: (1248, 1456) -> (1168, 1368)
target scene=3 area=(1152, 1344) event=71 script=8146 mode=1 state=1 player=(1168, 1368) pos=(1296, 1448) path=61
marked destination touch VisitKey { scene: 3, area: (1216, 1408), event_id: 48, trigger_script: 60, trigger_mode: 4, state: 1 }
learned exit AreaKey { scene: 3, anchor: (1152, 1344) } event=48 -> AreaKey { scene: 3, anchor: (1216, 1408) }
area teleport in scene 3 at frame 19547: (1168, 1368) -> (1248, 1456)
continuing target event=71 across area (1216, 1408) path=0
target scene=3 area=(1216, 1408) event=54 script=4647 mode=5 state=1 player=(1248, 1456) pos=(992, 1472) path=16
marked destination touch VisitKey { scene: 3, area: (1152, 1344), event_id: 47, trigger_script: 33, trigger_mode: 4, state: 1 }
learned exit AreaKey { scene: 3, anchor: (1216, 1408) } event=47 -> AreaKey { scene: 3, anchor: (1152, 1344) }
area teleport in scene 3 at frame 19560: (1248, 1456) -> (1168, 1368)
target scene=3 area=(1152, 1344) event=71 script=8146 mode=1 state=1 player=(1168, 1368) pos=(1296, 1448) path=61
marked destination touch VisitKey { scene: 3, area: (1216, 1408), event_id: 48, trigger_script: 60, trigger_mode: 4, state: 1 }
learned exit AreaKey { scene: 3, anchor: (1152, 1344) } event=48 -> AreaKey { scene: 3, anchor: (1216, 1408) }
area teleport in scene 3 at frame 19577: (1168, 1368) -> (1248, 1456)
continuing target event=71 across area (1216, 1408) path=0
target scene=3 area=(1216, 1408) event=54 script=4647 mode=5 state=1 player=(1248, 1456) pos=(992, 1472) path=16
marked destination touch VisitKey { scene: 3, area: (1152, 1344), event_id: 47, trigger_script: 33, trigger_mode: 4, state: 1 }
learned exit AreaKey { scene: 3, anchor: (1216, 1408) } event=47 -> AreaKey { scene: 3, anchor: (1152, 1344) }
area teleport in scene 3 at frame 19590: (1248, 1456) -> (1168, 1368)
target scene=3 area=(1152, 1344) event=71 script=8146 mode=1 state=1 player=(1168, 1368) pos=(1296, 1448) path=61
marked destination touch VisitKey { scene: 3, area: (1216, 1408), event_id: 48, trigger_script: 60, trigger_mode: 4, state: 1 }
learned exit AreaKey { scene: 3, anchor: (1152, 1344) } event=48 -> AreaKey { scene: 3, anchor: (1216, 1408) }
area teleport in scene 3 at frame 19607: (1168, 1368) -> (1248, 1456)
continuing target event=71 across area (1216, 1408) path=0
target scene=3 area=(1216, 1408) event=54 script=4647 mode=5 state=1 player=(1248, 1456) pos=(992, 1472) path=16
marked destination touch VisitKey { scene: 3, area: (1152, 1344), event_id: 47, trigger_script: 33, trigger_mode: 4, state: 1 }
learned exit AreaKey { scene: 3, anchor: (1216, 1408) } event=47 -> AreaKey { scene: 3, anchor: (1152, 1344) }
area teleport in scene 3 at frame 19620: (1248, 1456) -> (1168, 1368)
target scene=3 area=(1152, 1344) event=71 script=8146 mode=1 state=1 player=(1168, 1368) pos=(1296, 1448) path=61
marked destination touch VisitKey { scene: 3, area: (1216, 1408), event_id: 48, trigger_script: 60, trigger_mode: 4, state: 1 }
learned exit AreaKey { scene: 3, anchor: (1152, 1344) } event=48 -> AreaKey { scene: 3, anchor: (1216, 1408) }
area teleport in scene 3 at frame 19637: (1168, 1368) -> (1248, 1456)
continuing target event=71 across area (1216, 1408) path=0
target scene=3 area=(1216, 1408) event=54 script=4647 mode=5 state=1 player=(1248, 1456) pos=(992, 1472) path=16
marked destination touch VisitKey { scene: 3, area: (1152, 1344), event_id: 47, trigger_script: 33, trigger_mode: 4, state: 1 }
learned exit AreaKey { scene: 3, anchor: (1216, 1408) } event=47 -> AreaKey { scene: 3, anchor: (1152, 1344) }
area teleport in scene 3 at frame 19650: (1248, 1456) -> (1168, 1368)
target scene=3 area=(1152, 1344) event=71 script=8146 mode=1 state=1 player=(1168, 1368) pos=(1296, 1448) path=61
marked destination touch VisitKey { scene: 3, area: (1216, 1408), event_id: 48, trigger_script: 60, trigger_mode: 4, state: 1 }
learned exit AreaKey { scene: 3, anchor: (1152, 1344) } event=48 -> AreaKey { scene: 3, anchor: (1216, 1408) }
area teleport in scene 3 at frame 19667: (1168, 1368) -> (1248, 1456)
continuing target event=71 across area (1216, 1408) path=0
target scene=3 area=(1216, 1408) event=54 script=4647 mode=5 state=1 player=(1248, 1456) pos=(992, 1472) path=16
marked destination touch VisitKey { scene: 3, area: (1152, 1344), event_id: 47, trigger_script: 33, trigger_mode: 4, state: 1 }
learned exit AreaKey { scene: 3, anchor: (1216, 1408) } event=47 -> AreaKey { scene: 3, anchor: (1152, 1344) }
area teleport in scene 3 at frame 19680: (1248, 1456) -> (1168, 1368)
target scene=3 area=(1152, 1344) event=71 script=8146 mode=1 state=1 player=(1168, 1368) pos=(1296, 1448) path=61
marked destination touch VisitKey { scene: 3, area: (1216, 1408), event_id: 48, trigger_script: 60, trigger_mode: 4, state: 1 }
learned exit AreaKey { scene: 3, anchor: (1152, 1344) } event=48 -> AreaKey { scene: 3, anchor: (1216, 1408) }
area teleport in scene 3 at frame 19697: (1168, 1368) -> (1248, 1456)
continuing target event=71 across area (1216, 1408) path=0
target scene=3 area=(1216, 1408) event=54 script=4647 mode=5 state=1 player=(1248, 1456) pos=(992, 1472) path=16
marked destination touch VisitKey { scene: 3, area: (1152, 1344), event_id: 47, trigger_script: 33, trigger_mode: 4, state: 1 }
learned exit AreaKey { scene: 3, anchor: (1216, 1408) } event=47 -> AreaKey { scene: 3, anchor: (1152, 1344) }
area teleport in scene 3 at frame 19710: (1248, 1456) -> (1168, 1368)
target scene=3 area=(1152, 1344) event=71 script=8146 mode=1 state=1 player=(1168, 1368) pos=(1296, 1448) path=61
marked destination touch VisitKey { scene: 3, area: (1216, 1408), event_id: 48, trigger_script: 60, trigger_mode: 4, state: 1 }
learned exit AreaKey { scene: 3, anchor: (1152, 1344) } event=48 -> AreaKey { scene: 3, anchor: (1216, 1408) }
area teleport in scene 3 at frame 19727: (1168, 1368) -> (1248, 1456)
continuing target event=71 across area (1216, 1408) path=0
target scene=3 area=(1216, 1408) event=54 script=4647 mode=5 state=1 player=(1248, 1456) pos=(992, 1472) path=16
marked destination touch VisitKey { scene: 3, area: (1152, 1344), event_id: 47, trigger_script: 33, trigger_mode: 4, state: 1 }
learned exit AreaKey { scene: 3, anchor: (1216, 1408) } event=47 -> AreaKey { scene: 3, anchor: (1152, 1344) }
area teleport in scene 3 at frame 19740: (1248, 1456) -> (1168, 1368)
target scene=3 area=(1152, 1344) event=71 script=8146 mode=1 state=1 player=(1168, 1368) pos=(1296, 1448) path=61
marked destination touch VisitKey { scene: 3, area: (1216, 1408), event_id: 48, trigger_script: 60, trigger_mode: 4, state: 1 }
learned exit AreaKey { scene: 3, anchor: (1152, 1344) } event=48 -> AreaKey { scene: 3, anchor: (1216, 1408) }
area teleport in scene 3 at frame 19757: (1168, 1368) -> (1248, 1456)
continuing target event=71 across area (1216, 1408) path=0
target scene=3 area=(1216, 1408) event=54 script=4647 mode=5 state=1 player=(1248, 1456) pos=(992, 1472) path=16
marked destination touch VisitKey { scene: 3, area: (1152, 1344), event_id: 47, trigger_script: 33, trigger_mode: 4, state: 1 }
learned exit AreaKey { scene: 3, anchor: (1216, 1408) } event=47 -> AreaKey { scene: 3, anchor: (1152, 1344) }
area teleport in scene 3 at frame 19770: (1248, 1456) -> (1168, 1368)
target scene=3 area=(1152, 1344) event=71 script=8146 mode=1 state=1 player=(1168, 1368) pos=(1296, 1448) path=61
marked destination touch VisitKey { scene: 3, area: (1216, 1408), event_id: 48, trigger_script: 60, trigger_mode: 4, state: 1 }
learned exit AreaKey { scene: 3, anchor: (1152, 1344) } event=48 -> AreaKey { scene: 3, anchor: (1216, 1408) }
area teleport in scene 3 at frame 19787: (1168, 1368) -> (1248, 1456)
continuing target event=71 across area (1216, 1408) path=0
target scene=3 area=(1216, 1408) event=54 script=4647 mode=5 state=1 player=(1248, 1456) pos=(992, 1472) path=16
marked destination touch VisitKey { scene: 3, area: (1152, 1344), event_id: 47, trigger_script: 33, trigger_mode: 4, state: 1 }
learned exit AreaKey { scene: 3, anchor: (1216, 1408) } event=47 -> AreaKey { scene: 3, anchor: (1152, 1344) }
area teleport in scene 3 at frame 19800: (1248, 1456) -> (1168, 1368)
target scene=3 area=(1152, 1344) event=71 script=8146 mode=1 state=1 player=(1168, 1368) pos=(1296, 1448) path=61
marked destination touch VisitKey { scene: 3, area: (1216, 1408), event_id: 48, trigger_script: 60, trigger_mode: 4, state: 1 }
learned exit AreaKey { scene: 3, anchor: (1152, 1344) } event=48 -> AreaKey { scene: 3, anchor: (1216, 1408) }
area teleport in scene 3 at frame 19817: (1168, 1368) -> (1248, 1456)
continuing target event=71 across area (1216, 1408) path=0
target scene=3 area=(1216, 1408) event=54 script=4647 mode=5 state=1 player=(1248, 1456) pos=(992, 1472) path=16
marked destination touch VisitKey { scene: 3, area: (1152, 1344), event_id: 47, trigger_script: 33, trigger_mode: 4, state: 1 }
learned exit AreaKey { scene: 3, anchor: (1216, 1408) } event=47 -> AreaKey { scene: 3, anchor: (1152, 1344) }
area teleport in scene 3 at frame 19830: (1248, 1456) -> (1168, 1368)
target scene=3 area=(1152, 1344) event=71 script=8146 mode=1 state=1 player=(1168, 1368) pos=(1296, 1448) path=61
marked destination touch VisitKey { scene: 3, area: (1216, 1408), event_id: 48, trigger_script: 60, trigger_mode: 4, state: 1 }
learned exit AreaKey { scene: 3, anchor: (1152, 1344) } event=48 -> AreaKey { scene: 3, anchor: (1216, 1408) }
area teleport in scene 3 at frame 19847: (1168, 1368) -> (1248, 1456)
continuing target event=71 across area (1216, 1408) path=0
target scene=3 area=(1216, 1408) event=54 script=4647 mode=5 state=1 player=(1248, 1456) pos=(992, 1472) path=16
marked destination touch VisitKey { scene: 3, area: (1152, 1344), event_id: 47, trigger_script: 33, trigger_mode: 4, state: 1 }
learned exit AreaKey { scene: 3, anchor: (1216, 1408) } event=47 -> AreaKey { scene: 3, anchor: (1152, 1344) }
area teleport in scene 3 at frame 19860: (1248, 1456) -> (1168, 1368)
target scene=3 area=(1152, 1344) event=71 script=8146 mode=1 state=1 player=(1168, 1368) pos=(1296, 1448) path=61
marked destination touch VisitKey { scene: 3, area: (1216, 1408), event_id: 48, trigger_script: 60, trigger_mode: 4, state: 1 }
learned exit AreaKey { scene: 3, anchor: (1152, 1344) } event=48 -> AreaKey { scene: 3, anchor: (1216, 1408) }
area teleport in scene 3 at frame 19877: (1168, 1368) -> (1248, 1456)
continuing target event=71 across area (1216, 1408) path=0
target scene=3 area=(1216, 1408) event=54 script=4647 mode=5 state=1 player=(1248, 1456) pos=(992, 1472) path=16
marked destination touch VisitKey { scene: 3, area: (1152, 1344), event_id: 47, trigger_script: 33, trigger_mode: 4, state: 1 }
learned exit AreaKey { scene: 3, anchor: (1216, 1408) } event=47 -> AreaKey { scene: 3, anchor: (1152, 1344) }
area teleport in scene 3 at frame 19890: (1248, 1456) -> (1168, 1368)
target scene=3 area=(1152, 1344) event=71 script=8146 mode=1 state=1 player=(1168, 1368) pos=(1296, 1448) path=61
marked destination touch VisitKey { scene: 3, area: (1216, 1408), event_id: 48, trigger_script: 60, trigger_mode: 4, state: 1 }
learned exit AreaKey { scene: 3, anchor: (1152, 1344) } event=48 -> AreaKey { scene: 3, anchor: (1216, 1408) }
area teleport in scene 3 at frame 19907: (1168, 1368) -> (1248, 1456)
continuing target event=71 across area (1216, 1408) path=0
target scene=3 area=(1216, 1408) event=54 script=4647 mode=5 state=1 player=(1248, 1456) pos=(992, 1472) path=16
marked destination touch VisitKey { scene: 3, area: (1152, 1344), event_id: 47, trigger_script: 33, trigger_mode: 4, state: 1 }
learned exit AreaKey { scene: 3, anchor: (1216, 1408) } event=47 -> AreaKey { scene: 3, anchor: (1152, 1344) }
area teleport in scene 3 at frame 19920: (1248, 1456) -> (1168, 1368)
target scene=3 area=(1152, 1344) event=71 script=8146 mode=1 state=1 player=(1168, 1368) pos=(1296, 1448) path=61
marked destination touch VisitKey { scene: 3, area: (1216, 1408), event_id: 48, trigger_script: 60, trigger_mode: 4, state: 1 }
learned exit AreaKey { scene: 3, anchor: (1152, 1344) } event=48 -> AreaKey { scene: 3, anchor: (1216, 1408) }
area teleport in scene 3 at frame 19937: (1168, 1368) -> (1248, 1456)
continuing target event=71 across area (1216, 1408) path=0
target scene=3 area=(1216, 1408) event=54 script=4647 mode=5 state=1 player=(1248, 1456) pos=(992, 1472) path=16
marked destination touch VisitKey { scene: 3, area: (1152, 1344), event_id: 47, trigger_script: 33, trigger_mode: 4, state: 1 }
learned exit AreaKey { scene: 3, anchor: (1216, 1408) } event=47 -> AreaKey { scene: 3, anchor: (1152, 1344) }
area teleport in scene 3 at frame 19950: (1248, 1456) -> (1168, 1368)
target scene=3 area=(1152, 1344) event=71 script=8146 mode=1 state=1 player=(1168, 1368) pos=(1296, 1448) path=61
marked destination touch VisitKey { scene: 3, area: (1216, 1408), event_id: 48, trigger_script: 60, trigger_mode: 4, state: 1 }
learned exit AreaKey { scene: 3, anchor: (1152, 1344) } event=48 -> AreaKey { scene: 3, anchor: (1216, 1408) }
area teleport in scene 3 at frame 19967: (1168, 1368) -> (1248, 1456)
continuing target event=71 across area (1216, 1408) path=0
target scene=3 area=(1216, 1408) event=54 script=4647 mode=5 state=1 player=(1248, 1456) pos=(992, 1472) path=16
marked destination touch VisitKey { scene: 3, area: (1152, 1344), event_id: 47, trigger_script: 33, trigger_mode: 4, state: 1 }
learned exit AreaKey { scene: 3, anchor: (1216, 1408) } event=47 -> AreaKey { scene: 3, anchor: (1152, 1344) }
area teleport in scene 3 at frame 19980: (1248, 1456) -> (1168, 1368)
target scene=3 area=(1152, 1344) event=71 script=8146 mode=1 state=1 player=(1168, 1368) pos=(1296, 1448) path=61
marked destination touch VisitKey { scene: 3, area: (1216, 1408), event_id: 48, trigger_script: 60, trigger_mode: 4, state: 1 }
learned exit AreaKey { scene: 3, anchor: (1152, 1344) } event=48 -> AreaKey { scene: 3, anchor: (1216, 1408) }
area teleport in scene 3 at frame 19997: (1168, 1368) -> (1248, 1456)
continuing target event=71 across area (1216, 1408) path=0
target scene=3 area=(1216, 1408) event=54 script=4647 mode=5 state=1 player=(1248, 1456) pos=(992, 1472) path=16
marked destination touch VisitKey { scene: 3, area: (1152, 1344), event_id: 47, trigger_script: 33, trigger_mode: 4, state: 1 }
learned exit AreaKey { scene: 3, anchor: (1216, 1408) } event=47 -> AreaKey { scene: 3, anchor: (1152, 1344) }
area teleport in scene 3 at frame 20010: (1248, 1456) -> (1168, 1368)
target scene=3 area=(1152, 1344) event=71 script=8146 mode=1 state=1 player=(1168, 1368) pos=(1296, 1448) path=61
marked destination touch VisitKey { scene: 3, area: (1216, 1408), event_id: 48, trigger_script: 60, trigger_mode: 4, state: 1 }
learned exit AreaKey { scene: 3, anchor: (1152, 1344) } event=48 -> AreaKey { scene: 3, anchor: (1216, 1408) }
area teleport in scene 3 at frame 20027: (1168, 1368) -> (1248, 1456)
continuing target event=71 across area (1216, 1408) path=0
target scene=3 area=(1216, 1408) event=54 script=4647 mode=5 state=1 player=(1248, 1456) pos=(992, 1472) path=16
marked destination touch VisitKey { scene: 3, area: (1152, 1344), event_id: 47, trigger_script: 33, trigger_mode: 4, state: 1 }
learned exit AreaKey { scene: 3, anchor: (1216, 1408) } event=47 -> AreaKey { scene: 3, anchor: (1152, 1344) }
area teleport in scene 3 at frame 20040: (1248, 1456) -> (1168, 1368)
target scene=3 area=(1152, 1344) event=71 script=8146 mode=1 state=1 player=(1168, 1368) pos=(1296, 1448) path=61
marked destination touch VisitKey { scene: 3, area: (1216, 1408), event_id: 48, trigger_script: 60, trigger_mode: 4, state: 1 }
learned exit AreaKey { scene: 3, anchor: (1152, 1344) } event=48 -> AreaKey { scene: 3, anchor: (1216, 1408) }
area teleport in scene 3 at frame 20057: (1168, 1368) -> (1248, 1456)
continuing target event=71 across area (1216, 1408) path=0
target scene=3 area=(1216, 1408) event=54 script=4647 mode=5 state=1 player=(1248, 1456) pos=(992, 1472) path=16
marked destination touch VisitKey { scene: 3, area: (1152, 1344), event_id: 47, trigger_script: 33, trigger_mode: 4, state: 1 }
learned exit AreaKey { scene: 3, anchor: (1216, 1408) } event=47 -> AreaKey { scene: 3, anchor: (1152, 1344) }
area teleport in scene 3 at frame 20070: (1248, 1456) -> (1168, 1368)
target scene=3 area=(1152, 1344) event=71 script=8146 mode=1 state=1 player=(1168, 1368) pos=(1296, 1448) path=61
marked destination touch VisitKey { scene: 3, area: (1216, 1408), event_id: 48, trigger_script: 60, trigger_mode: 4, state: 1 }
learned exit AreaKey { scene: 3, anchor: (1152, 1344) } event=48 -> AreaKey { scene: 3, anchor: (1216, 1408) }
area teleport in scene 3 at frame 20087: (1168, 1368) -> (1248, 1456)
continuing target event=71 across area (1216, 1408) path=0
target scene=3 area=(1216, 1408) event=54 script=4647 mode=5 state=1 player=(1248, 1456) pos=(992, 1472) path=16
marked destination touch VisitKey { scene: 3, area: (1152, 1344), event_id: 47, trigger_script: 33, trigger_mode: 4, state: 1 }
learned exit AreaKey { scene: 3, anchor: (1216, 1408) } event=47 -> AreaKey { scene: 3, anchor: (1152, 1344) }
area teleport in scene 3 at frame 20100: (1248, 1456) -> (1168, 1368)
target scene=3 area=(1152, 1344) event=71 script=8146 mode=1 state=1 player=(1168, 1368) pos=(1296, 1448) path=61
marked destination touch VisitKey { scene: 3, area: (1216, 1408), event_id: 48, trigger_script: 60, trigger_mode: 4, state: 1 }
learned exit AreaKey { scene: 3, anchor: (1152, 1344) } event=48 -> AreaKey { scene: 3, anchor: (1216, 1408) }
area teleport in scene 3 at frame 20117: (1168, 1368) -> (1248, 1456)
continuing target event=71 across area (1216, 1408) path=0
target scene=3 area=(1216, 1408) event=54 script=4647 mode=5 state=1 player=(1248, 1456) pos=(992, 1472) path=16
marked destination touch VisitKey { scene: 3, area: (1152, 1344), event_id: 47, trigger_script: 33, trigger_mode: 4, state: 1 }
learned exit AreaKey { scene: 3, anchor: (1216, 1408) } event=47 -> AreaKey { scene: 3, anchor: (1152, 1344) }
area teleport in scene 3 at frame 20130: (1248, 1456) -> (1168, 1368)
target scene=3 area=(1152, 1344) event=71 script=8146 mode=1 state=1 player=(1168, 1368) pos=(1296, 1448) path=61
marked destination touch VisitKey { scene: 3, area: (1216, 1408), event_id: 48, trigger_script: 60, trigger_mode: 4, state: 1 }
learned exit AreaKey { scene: 3, anchor: (1152, 1344) } event=48 -> AreaKey { scene: 3, anchor: (1216, 1408) }
area teleport in scene 3 at frame 20147: (1168, 1368) -> (1248, 1456)
continuing target event=71 across area (1216, 1408) path=0
target scene=3 area=(1216, 1408) event=54 script=4647 mode=5 state=1 player=(1248, 1456) pos=(992, 1472) path=16
marked destination touch VisitKey { scene: 3, area: (1152, 1344), event_id: 47, trigger_script: 33, trigger_mode: 4, state: 1 }
learned exit AreaKey { scene: 3, anchor: (1216, 1408) } event=47 -> AreaKey { scene: 3, anchor: (1152, 1344) }
area teleport in scene 3 at frame 20160: (1248, 1456) -> (1168, 1368)
target scene=3 area=(1152, 1344) event=71 script=8146 mode=1 state=1 player=(1168, 1368) pos=(1296, 1448) path=61
marked destination touch VisitKey { scene: 3, area: (1216, 1408), event_id: 48, trigger_script: 60, trigger_mode: 4, state: 1 }
learned exit AreaKey { scene: 3, anchor: (1152, 1344) } event=48 -> AreaKey { scene: 3, anchor: (1216, 1408) }
area teleport in scene 3 at frame 20177: (1168, 1368) -> (1248, 1456)
continuing target event=71 across area (1216, 1408) path=0
target scene=3 area=(1216, 1408) event=54 script=4647 mode=5 state=1 player=(1248, 1456) pos=(992, 1472) path=16
marked destination touch VisitKey { scene: 3, area: (1152, 1344), event_id: 47, trigger_script: 33, trigger_mode: 4, state: 1 }
learned exit AreaKey { scene: 3, anchor: (1216, 1408) } event=47 -> AreaKey { scene: 3, anchor: (1152, 1344) }
area teleport in scene 3 at frame 20190: (1248, 1456) -> (1168, 1368)
target scene=3 area=(1152, 1344) event=71 script=8146 mode=1 state=1 player=(1168, 1368) pos=(1296, 1448) path=61
marked destination touch VisitKey { scene: 3, area: (1216, 1408), event_id: 48, trigger_script: 60, trigger_mode: 4, state: 1 }
learned exit AreaKey { scene: 3, anchor: (1152, 1344) } event=48 -> AreaKey { scene: 3, anchor: (1216, 1408) }
area teleport in scene 3 at frame 20207: (1168, 1368) -> (1248, 1456)
continuing target event=71 across area (1216, 1408) path=0
target scene=3 area=(1216, 1408) event=54 script=4647 mode=5 state=1 player=(1248, 1456) pos=(992, 1472) path=16
marked destination touch VisitKey { scene: 3, area: (1152, 1344), event_id: 47, trigger_script: 33, trigger_mode: 4, state: 1 }
learned exit AreaKey { scene: 3, anchor: (1216, 1408) } event=47 -> AreaKey { scene: 3, anchor: (1152, 1344) }
area teleport in scene 3 at frame 20220: (1248, 1456) -> (1168, 1368)
target scene=3 area=(1152, 1344) event=71 script=8146 mode=1 state=1 player=(1168, 1368) pos=(1296, 1448) path=61
marked destination touch VisitKey { scene: 3, area: (1216, 1408), event_id: 48, trigger_script: 60, trigger_mode: 4, state: 1 }
learned exit AreaKey { scene: 3, anchor: (1152, 1344) } event=48 -> AreaKey { scene: 3, anchor: (1216, 1408) }
area teleport in scene 3 at frame 20237: (1168, 1368) -> (1248, 1456)
continuing target event=71 across area (1216, 1408) path=0
target scene=3 area=(1216, 1408) event=54 script=4647 mode=5 state=1 player=(1248, 1456) pos=(992, 1472) path=16
marked destination touch VisitKey { scene: 3, area: (1152, 1344), event_id: 47, trigger_script: 33, trigger_mode: 4, state: 1 }
learned exit AreaKey { scene: 3, anchor: (1216, 1408) } event=47 -> AreaKey { scene: 3, anchor: (1152, 1344) }
area teleport in scene 3 at frame 20250: (1248, 1456) -> (1168, 1368)
target scene=3 area=(1152, 1344) event=71 script=8146 mode=1 state=1 player=(1168, 1368) pos=(1296, 1448) path=61
marked destination touch VisitKey { scene: 3, area: (1216, 1408), event_id: 48, trigger_script: 60, trigger_mode: 4, state: 1 }
learned exit AreaKey { scene: 3, anchor: (1152, 1344) } event=48 -> AreaKey { scene: 3, anchor: (1216, 1408) }
area teleport in scene 3 at frame 20267: (1168, 1368) -> (1248, 1456)
continuing target event=71 across area (1216, 1408) path=0
target scene=3 area=(1216, 1408) event=54 script=4647 mode=5 state=1 player=(1248, 1456) pos=(992, 1472) path=16
marked destination touch VisitKey { scene: 3, area: (1152, 1344), event_id: 47, trigger_script: 33, trigger_mode: 4, state: 1 }
learned exit AreaKey { scene: 3, anchor: (1216, 1408) } event=47 -> AreaKey { scene: 3, anchor: (1152, 1344) }
area teleport in scene 3 at frame 20280: (1248, 1456) -> (1168, 1368)
target scene=3 area=(1152, 1344) event=71 script=8146 mode=1 state=1 player=(1168, 1368) pos=(1296, 1448) path=61
marked destination touch VisitKey { scene: 3, area: (1216, 1408), event_id: 48, trigger_script: 60, trigger_mode: 4, state: 1 }
learned exit AreaKey { scene: 3, anchor: (1152, 1344) } event=48 -> AreaKey { scene: 3, anchor: (1216, 1408) }
area teleport in scene 3 at frame 20297: (1168, 1368) -> (1248, 1456)
continuing target event=71 across area (1216, 1408) path=0
target scene=3 area=(1216, 1408) event=54 script=4647 mode=5 state=1 player=(1248, 1456) pos=(992, 1472) path=16
marked destination touch VisitKey { scene: 3, area: (1152, 1344), event_id: 47, trigger_script: 33, trigger_mode: 4, state: 1 }
learned exit AreaKey { scene: 3, anchor: (1216, 1408) } event=47 -> AreaKey { scene: 3, anchor: (1152, 1344) }
area teleport in scene 3 at frame 20310: (1248, 1456) -> (1168, 1368)
target scene=3 area=(1152, 1344) event=71 script=8146 mode=1 state=1 player=(1168, 1368) pos=(1296, 1448) path=61
marked destination touch VisitKey { scene: 3, area: (1216, 1408), event_id: 48, trigger_script: 60, trigger_mode: 4, state: 1 }
learned exit AreaKey { scene: 3, anchor: (1152, 1344) } event=48 -> AreaKey { scene: 3, anchor: (1216, 1408) }
area teleport in scene 3 at frame 20327: (1168, 1368) -> (1248, 1456)
continuing target event=71 across area (1216, 1408) path=0
target scene=3 area=(1216, 1408) event=54 script=4647 mode=5 state=1 player=(1248, 1456) pos=(992, 1472) path=16
marked destination touch VisitKey { scene: 3, area: (1152, 1344), event_id: 47, trigger_script: 33, trigger_mode: 4, state: 1 }
learned exit AreaKey { scene: 3, anchor: (1216, 1408) } event=47 -> AreaKey { scene: 3, anchor: (1152, 1344) }
area teleport in scene 3 at frame 20340: (1248, 1456) -> (1168, 1368)
target scene=3 area=(1152, 1344) event=71 script=8146 mode=1 state=1 player=(1168, 1368) pos=(1296, 1448) path=61
marked destination touch VisitKey { scene: 3, area: (1216, 1408), event_id: 48, trigger_script: 60, trigger_mode: 4, state: 1 }
learned exit AreaKey { scene: 3, anchor: (1152, 1344) } event=48 -> AreaKey { scene: 3, anchor: (1216, 1408) }
area teleport in scene 3 at frame 20357: (1168, 1368) -> (1248, 1456)
continuing target event=71 across area (1216, 1408) path=0
target scene=3 area=(1216, 1408) event=54 script=4647 mode=5 state=1 player=(1248, 1456) pos=(992, 1472) path=16
marked destination touch VisitKey { scene: 3, area: (1152, 1344), event_id: 47, trigger_script: 33, trigger_mode: 4, state: 1 }
learned exit AreaKey { scene: 3, anchor: (1216, 1408) } event=47 -> AreaKey { scene: 3, anchor: (1152, 1344) }
area teleport in scene 3 at frame 20370: (1248, 1456) -> (1168, 1368)
target scene=3 area=(1152, 1344) event=71 script=8146 mode=1 state=1 player=(1168, 1368) pos=(1296, 1448) path=61
marked destination touch VisitKey { scene: 3, area: (1216, 1408), event_id: 48, trigger_script: 60, trigger_mode: 4, state: 1 }
learned exit AreaKey { scene: 3, anchor: (1152, 1344) } event=48 -> AreaKey { scene: 3, anchor: (1216, 1408) }
area teleport in scene 3 at frame 20387: (1168, 1368) -> (1248, 1456)
continuing target event=71 across area (1216, 1408) path=0
target scene=3 area=(1216, 1408) event=54 script=4647 mode=5 state=1 player=(1248, 1456) pos=(992, 1472) path=16
marked destination touch VisitKey { scene: 3, area: (1152, 1344), event_id: 47, trigger_script: 33, trigger_mode: 4, state: 1 }
learned exit AreaKey { scene: 3, anchor: (1216, 1408) } event=47 -> AreaKey { scene: 3, anchor: (1152, 1344) }
area teleport in scene 3 at frame 20400: (1248, 1456) -> (1168, 1368)
target scene=3 area=(1152, 1344) event=71 script=8146 mode=1 state=1 player=(1168, 1368) pos=(1296, 1448) path=61
marked destination touch VisitKey { scene: 3, area: (1216, 1408), event_id: 48, trigger_script: 60, trigger_mode: 4, state: 1 }
learned exit AreaKey { scene: 3, anchor: (1152, 1344) } event=48 -> AreaKey { scene: 3, anchor: (1216, 1408) }
area teleport in scene 3 at frame 20417: (1168, 1368) -> (1248, 1456)
continuing target event=71 across area (1216, 1408) path=0
target scene=3 area=(1216, 1408) event=54 script=4647 mode=5 state=1 player=(1248, 1456) pos=(992, 1472) path=16
marked destination touch VisitKey { scene: 3, area: (1152, 1344), event_id: 47, trigger_script: 33, trigger_mode: 4, state: 1 }
learned exit AreaKey { scene: 3, anchor: (1216, 1408) } event=47 -> AreaKey { scene: 3, anchor: (1152, 1344) }
area teleport in scene 3 at frame 20430: (1248, 1456) -> (1168, 1368)
target scene=3 area=(1152, 1344) event=71 script=8146 mode=1 state=1 player=(1168, 1368) pos=(1296, 1448) path=61
marked destination touch VisitKey { scene: 3, area: (1216, 1408), event_id: 48, trigger_script: 60, trigger_mode: 4, state: 1 }
learned exit AreaKey { scene: 3, anchor: (1152, 1344) } event=48 -> AreaKey { scene: 3, anchor: (1216, 1408) }
area teleport in scene 3 at frame 20447: (1168, 1368) -> (1248, 1456)
continuing target event=71 across area (1216, 1408) path=0
target scene=3 area=(1216, 1408) event=54 script=4647 mode=5 state=1 player=(1248, 1456) pos=(992, 1472) path=16
marked destination touch VisitKey { scene: 3, area: (1152, 1344), event_id: 47, trigger_script: 33, trigger_mode: 4, state: 1 }
learned exit AreaKey { scene: 3, anchor: (1216, 1408) } event=47 -> AreaKey { scene: 3, anchor: (1152, 1344) }
area teleport in scene 3 at frame 20460: (1248, 1456) -> (1168, 1368)
target scene=3 area=(1152, 1344) event=71 script=8146 mode=1 state=1 player=(1168, 1368) pos=(1296, 1448) path=61
marked destination touch VisitKey { scene: 3, area: (1216, 1408), event_id: 48, trigger_script: 60, trigger_mode: 4, state: 1 }
learned exit AreaKey { scene: 3, anchor: (1152, 1344) } event=48 -> AreaKey { scene: 3, anchor: (1216, 1408) }
area teleport in scene 3 at frame 20477: (1168, 1368) -> (1248, 1456)
continuing target event=71 across area (1216, 1408) path=0
target scene=3 area=(1216, 1408) event=54 script=4647 mode=5 state=1 player=(1248, 1456) pos=(992, 1472) path=16
marked destination touch VisitKey { scene: 3, area: (1152, 1344), event_id: 47, trigger_script: 33, trigger_mode: 4, state: 1 }
learned exit AreaKey { scene: 3, anchor: (1216, 1408) } event=47 -> AreaKey { scene: 3, anchor: (1152, 1344) }
area teleport in scene 3 at frame 20490: (1248, 1456) -> (1168, 1368)
target scene=3 area=(1152, 1344) event=71 script=8146 mode=1 state=1 player=(1168, 1368) pos=(1296, 1448) path=61
marked destination touch VisitKey { scene: 3, area: (1216, 1408), event_id: 48, trigger_script: 60, trigger_mode: 4, state: 1 }
learned exit AreaKey { scene: 3, anchor: (1152, 1344) } event=48 -> AreaKey { scene: 3, anchor: (1216, 1408) }
area teleport in scene 3 at frame 20507: (1168, 1368) -> (1248, 1456)
continuing target event=71 across area (1216, 1408) path=0
target scene=3 area=(1216, 1408) event=54 script=4647 mode=5 state=1 player=(1248, 1456) pos=(992, 1472) path=16
marked destination touch VisitKey { scene: 3, area: (1152, 1344), event_id: 47, trigger_script: 33, trigger_mode: 4, state: 1 }
learned exit AreaKey { scene: 3, anchor: (1216, 1408) } event=47 -> AreaKey { scene: 3, anchor: (1152, 1344) }
area teleport in scene 3 at frame 20520: (1248, 1456) -> (1168, 1368)
target scene=3 area=(1152, 1344) event=71 script=8146 mode=1 state=1 player=(1168, 1368) pos=(1296, 1448) path=61
marked destination touch VisitKey { scene: 3, area: (1216, 1408), event_id: 48, trigger_script: 60, trigger_mode: 4, state: 1 }
learned exit AreaKey { scene: 3, anchor: (1152, 1344) } event=48 -> AreaKey { scene: 3, anchor: (1216, 1408) }
area teleport in scene 3 at frame 20537: (1168, 1368) -> (1248, 1456)
continuing target event=71 across area (1216, 1408) path=0
target scene=3 area=(1216, 1408) event=54 script=4647 mode=5 state=1 player=(1248, 1456) pos=(992, 1472) path=16
marked destination touch VisitKey { scene: 3, area: (1152, 1344), event_id: 47, trigger_script: 33, trigger_mode: 4, state: 1 }
learned exit AreaKey { scene: 3, anchor: (1216, 1408) } event=47 -> AreaKey { scene: 3, anchor: (1152, 1344) }
area teleport in scene 3 at frame 20550: (1248, 1456) -> (1168, 1368)
target scene=3 area=(1152, 1344) event=71 script=8146 mode=1 state=1 player=(1168, 1368) pos=(1296, 1448) path=61
marked destination touch VisitKey { scene: 3, area: (1216, 1408), event_id: 48, trigger_script: 60, trigger_mode: 4, state: 1 }
learned exit AreaKey { scene: 3, anchor: (1152, 1344) } event=48 -> AreaKey { scene: 3, anchor: (1216, 1408) }
area teleport in scene 3 at frame 20567: (1168, 1368) -> (1248, 1456)
continuing target event=71 across area (1216, 1408) path=0
target scene=3 area=(1216, 1408) event=54 script=4647 mode=5 state=1 player=(1248, 1456) pos=(992, 1472) path=16
marked destination touch VisitKey { scene: 3, area: (1152, 1344), event_id: 47, trigger_script: 33, trigger_mode: 4, state: 1 }
learned exit AreaKey { scene: 3, anchor: (1216, 1408) } event=47 -> AreaKey { scene: 3, anchor: (1152, 1344) }
area teleport in scene 3 at frame 20580: (1248, 1456) -> (1168, 1368)
target scene=3 area=(1152, 1344) event=71 script=8146 mode=1 state=1 player=(1168, 1368) pos=(1296, 1448) path=61
marked destination touch VisitKey { scene: 3, area: (1216, 1408), event_id: 48, trigger_script: 60, trigger_mode: 4, state: 1 }
learned exit AreaKey { scene: 3, anchor: (1152, 1344) } event=48 -> AreaKey { scene: 3, anchor: (1216, 1408) }
area teleport in scene 3 at frame 20597: (1168, 1368) -> (1248, 1456)
continuing target event=71 across area (1216, 1408) path=0
target scene=3 area=(1216, 1408) event=54 script=4647 mode=5 state=1 player=(1248, 1456) pos=(992, 1472) path=16
marked destination touch VisitKey { scene: 3, area: (1152, 1344), event_id: 47, trigger_script: 33, trigger_mode: 4, state: 1 }
learned exit AreaKey { scene: 3, anchor: (1216, 1408) } event=47 -> AreaKey { scene: 3, anchor: (1152, 1344) }
area teleport in scene 3 at frame 20610: (1248, 1456) -> (1168, 1368)
target scene=3 area=(1152, 1344) event=71 script=8146 mode=1 state=1 player=(1168, 1368) pos=(1296, 1448) path=61
marked destination touch VisitKey { scene: 3, area: (1216, 1408), event_id: 48, trigger_script: 60, trigger_mode: 4, state: 1 }
learned exit AreaKey { scene: 3, anchor: (1152, 1344) } event=48 -> AreaKey { scene: 3, anchor: (1216, 1408) }
area teleport in scene 3 at frame 20627: (1168, 1368) -> (1248, 1456)
continuing target event=71 across area (1216, 1408) path=0
target scene=3 area=(1216, 1408) event=54 script=4647 mode=5 state=1 player=(1248, 1456) pos=(992, 1472) path=16
marked destination touch VisitKey { scene: 3, area: (1152, 1344), event_id: 47, trigger_script: 33, trigger_mode: 4, state: 1 }
learned exit AreaKey { scene: 3, anchor: (1216, 1408) } event=47 -> AreaKey { scene: 3, anchor: (1152, 1344) }
area teleport in scene 3 at frame 20640: (1248, 1456) -> (1168, 1368)
target scene=3 area=(1152, 1344) event=71 script=8146 mode=1 state=1 player=(1168, 1368) pos=(1296, 1448) path=61
marked destination touch VisitKey { scene: 3, area: (1216, 1408), event_id: 48, trigger_script: 60, trigger_mode: 4, state: 1 }
learned exit AreaKey { scene: 3, anchor: (1152, 1344) } event=48 -> AreaKey { scene: 3, anchor: (1216, 1408) }
area teleport in scene 3 at frame 20657: (1168, 1368) -> (1248, 1456)
continuing target event=71 across area (1216, 1408) path=0
target scene=3 area=(1216, 1408) event=54 script=4647 mode=5 state=1 player=(1248, 1456) pos=(992, 1472) path=16
marked destination touch VisitKey { scene: 3, area: (1152, 1344), event_id: 47, trigger_script: 33, trigger_mode: 4, state: 1 }
learned exit AreaKey { scene: 3, anchor: (1216, 1408) } event=47 -> AreaKey { scene: 3, anchor: (1152, 1344) }
area teleport in scene 3 at frame 20670: (1248, 1456) -> (1168, 1368)
target scene=3 area=(1152, 1344) event=71 script=8146 mode=1 state=1 player=(1168, 1368) pos=(1296, 1448) path=61
marked destination touch VisitKey { scene: 3, area: (1216, 1408), event_id: 48, trigger_script: 60, trigger_mode: 4, state: 1 }
learned exit AreaKey { scene: 3, anchor: (1152, 1344) } event=48 -> AreaKey { scene: 3, anchor: (1216, 1408) }
area teleport in scene 3 at frame 20687: (1168, 1368) -> (1248, 1456)
continuing target event=71 across area (1216, 1408) path=0
target scene=3 area=(1216, 1408) event=54 script=4647 mode=5 state=1 player=(1248, 1456) pos=(992, 1472) path=16
marked destination touch VisitKey { scene: 3, area: (1152, 1344), event_id: 47, trigger_script: 33, trigger_mode: 4, state: 1 }
learned exit AreaKey { scene: 3, anchor: (1216, 1408) } event=47 -> AreaKey { scene: 3, anchor: (1152, 1344) }
area teleport in scene 3 at frame 20700: (1248, 1456) -> (1168, 1368)
target scene=3 area=(1152, 1344) event=71 script=8146 mode=1 state=1 player=(1168, 1368) pos=(1296, 1448) path=61
marked destination touch VisitKey { scene: 3, area: (1216, 1408), event_id: 48, trigger_script: 60, trigger_mode: 4, state: 1 }
learned exit AreaKey { scene: 3, anchor: (1152, 1344) } event=48 -> AreaKey { scene: 3, anchor: (1216, 1408) }
area teleport in scene 3 at frame 20717: (1168, 1368) -> (1248, 1456)
continuing target event=71 across area (1216, 1408) path=0
target scene=3 area=(1216, 1408) event=54 script=4647 mode=5 state=1 player=(1248, 1456) pos=(992, 1472) path=16
marked destination touch VisitKey { scene: 3, area: (1152, 1344), event_id: 47, trigger_script: 33, trigger_mode: 4, state: 1 }
learned exit AreaKey { scene: 3, anchor: (1216, 1408) } event=47 -> AreaKey { scene: 3, anchor: (1152, 1344) }
area teleport in scene 3 at frame 20730: (1248, 1456) -> (1168, 1368)
target scene=3 area=(1152, 1344) event=71 script=8146 mode=1 state=1 player=(1168, 1368) pos=(1296, 1448) path=61
marked destination touch VisitKey { scene: 3, area: (1216, 1408), event_id: 48, trigger_script: 60, trigger_mode: 4, state: 1 }
learned exit AreaKey { scene: 3, anchor: (1152, 1344) } event=48 -> AreaKey { scene: 3, anchor: (1216, 1408) }
area teleport in scene 3 at frame 20747: (1168, 1368) -> (1248, 1456)
continuing target event=71 across area (1216, 1408) path=0
target scene=3 area=(1216, 1408) event=54 script=4647 mode=5 state=1 player=(1248, 1456) pos=(992, 1472) path=16
marked destination touch VisitKey { scene: 3, area: (1152, 1344), event_id: 47, trigger_script: 33, trigger_mode: 4, state: 1 }
learned exit AreaKey { scene: 3, anchor: (1216, 1408) } event=47 -> AreaKey { scene: 3, anchor: (1152, 1344) }
area teleport in scene 3 at frame 20760: (1248, 1456) -> (1168, 1368)
target scene=3 area=(1152, 1344) event=71 script=8146 mode=1 state=1 player=(1168, 1368) pos=(1296, 1448) path=61
marked destination touch VisitKey { scene: 3, area: (1216, 1408), event_id: 48, trigger_script: 60, trigger_mode: 4, state: 1 }
learned exit AreaKey { scene: 3, anchor: (1152, 1344) } event=48 -> AreaKey { scene: 3, anchor: (1216, 1408) }
area teleport in scene 3 at frame 20777: (1168, 1368) -> (1248, 1456)
continuing target event=71 across area (1216, 1408) path=0
target scene=3 area=(1216, 1408) event=54 script=4647 mode=5 state=1 player=(1248, 1456) pos=(992, 1472) path=16
marked destination touch VisitKey { scene: 3, area: (1152, 1344), event_id: 47, trigger_script: 33, trigger_mode: 4, state: 1 }
learned exit AreaKey { scene: 3, anchor: (1216, 1408) } event=47 -> AreaKey { scene: 3, anchor: (1152, 1344) }
area teleport in scene 3 at frame 20790: (1248, 1456) -> (1168, 1368)
target scene=3 area=(1152, 1344) event=71 script=8146 mode=1 state=1 player=(1168, 1368) pos=(1296, 1448) path=61
marked destination touch VisitKey { scene: 3, area: (1216, 1408), event_id: 48, trigger_script: 60, trigger_mode: 4, state: 1 }
learned exit AreaKey { scene: 3, anchor: (1152, 1344) } event=48 -> AreaKey { scene: 3, anchor: (1216, 1408) }
area teleport in scene 3 at frame 20807: (1168, 1368) -> (1248, 1456)
continuing target event=71 across area (1216, 1408) path=0
target scene=3 area=(1216, 1408) event=54 script=4647 mode=5 state=1 player=(1248, 1456) pos=(992, 1472) path=16
marked destination touch VisitKey { scene: 3, area: (1152, 1344), event_id: 47, trigger_script: 33, trigger_mode: 4, state: 1 }
learned exit AreaKey { scene: 3, anchor: (1216, 1408) } event=47 -> AreaKey { scene: 3, anchor: (1152, 1344) }
area teleport in scene 3 at frame 20820: (1248, 1456) -> (1168, 1368)
target scene=3 area=(1152, 1344) event=71 script=8146 mode=1 state=1 player=(1168, 1368) pos=(1296, 1448) path=61
marked destination touch VisitKey { scene: 3, area: (1216, 1408), event_id: 48, trigger_script: 60, trigger_mode: 4, state: 1 }
learned exit AreaKey { scene: 3, anchor: (1152, 1344) } event=48 -> AreaKey { scene: 3, anchor: (1216, 1408) }
area teleport in scene 3 at frame 20837: (1168, 1368) -> (1248, 1456)
continuing target event=71 across area (1216, 1408) path=0
target scene=3 area=(1216, 1408) event=54 script=4647 mode=5 state=1 player=(1248, 1456) pos=(992, 1472) path=16
marked destination touch VisitKey { scene: 3, area: (1152, 1344), event_id: 47, trigger_script: 33, trigger_mode: 4, state: 1 }
learned exit AreaKey { scene: 3, anchor: (1216, 1408) } event=47 -> AreaKey { scene: 3, anchor: (1152, 1344) }
area teleport in scene 3 at frame 20850: (1248, 1456) -> (1168, 1368)
target scene=3 area=(1152, 1344) event=71 script=8146 mode=1 state=1 player=(1168, 1368) pos=(1296, 1448) path=61
marked destination touch VisitKey { scene: 3, area: (1216, 1408), event_id: 48, trigger_script: 60, trigger_mode: 4, state: 1 }
learned exit AreaKey { scene: 3, anchor: (1152, 1344) } event=48 -> AreaKey { scene: 3, anchor: (1216, 1408) }
area teleport in scene 3 at frame 20867: (1168, 1368) -> (1248, 1456)
continuing target event=71 across area (1216, 1408) path=0
target scene=3 area=(1216, 1408) event=54 script=4647 mode=5 state=1 player=(1248, 1456) pos=(992, 1472) path=16
marked destination touch VisitKey { scene: 3, area: (1152, 1344), event_id: 47, trigger_script: 33, trigger_mode: 4, state: 1 }
learned exit AreaKey { scene: 3, anchor: (1216, 1408) } event=47 -> AreaKey { scene: 3, anchor: (1152, 1344) }
area teleport in scene 3 at frame 20880: (1248, 1456) -> (1168, 1368)
target scene=3 area=(1152, 1344) event=71 script=8146 mode=1 state=1 player=(1168, 1368) pos=(1296, 1448) path=61
marked destination touch VisitKey { scene: 3, area: (1216, 1408), event_id: 48, trigger_script: 60, trigger_mode: 4, state: 1 }
learned exit AreaKey { scene: 3, anchor: (1152, 1344) } event=48 -> AreaKey { scene: 3, anchor: (1216, 1408) }
area teleport in scene 3 at frame 20897: (1168, 1368) -> (1248, 1456)
continuing target event=71 across area (1216, 1408) path=0
target scene=3 area=(1216, 1408) event=54 script=4647 mode=5 state=1 player=(1248, 1456) pos=(992, 1472) path=16
marked destination touch VisitKey { scene: 3, area: (1152, 1344), event_id: 47, trigger_script: 33, trigger_mode: 4, state: 1 }
learned exit AreaKey { scene: 3, anchor: (1216, 1408) } event=47 -> AreaKey { scene: 3, anchor: (1152, 1344) }
area teleport in scene 3 at frame 20910: (1248, 1456) -> (1168, 1368)
target scene=3 area=(1152, 1344) event=71 script=8146 mode=1 state=1 player=(1168, 1368) pos=(1296, 1448) path=61
marked destination touch VisitKey { scene: 3, area: (1216, 1408), event_id: 48, trigger_script: 60, trigger_mode: 4, state: 1 }
learned exit AreaKey { scene: 3, anchor: (1152, 1344) } event=48 -> AreaKey { scene: 3, anchor: (1216, 1408) }
area teleport in scene 3 at frame 20927: (1168, 1368) -> (1248, 1456)
continuing target event=71 across area (1216, 1408) path=0
target scene=3 area=(1216, 1408) event=54 script=4647 mode=5 state=1 player=(1248, 1456) pos=(992, 1472) path=16
marked destination touch VisitKey { scene: 3, area: (1152, 1344), event_id: 47, trigger_script: 33, trigger_mode: 4, state: 1 }
learned exit AreaKey { scene: 3, anchor: (1216, 1408) } event=47 -> AreaKey { scene: 3, anchor: (1152, 1344) }
area teleport in scene 3 at frame 20940: (1248, 1456) -> (1168, 1368)
target scene=3 area=(1152, 1344) event=71 script=8146 mode=1 state=1 player=(1168, 1368) pos=(1296, 1448) path=61
marked destination touch VisitKey { scene: 3, area: (1216, 1408), event_id: 48, trigger_script: 60, trigger_mode: 4, state: 1 }
learned exit AreaKey { scene: 3, anchor: (1152, 1344) } event=48 -> AreaKey { scene: 3, anchor: (1216, 1408) }
area teleport in scene 3 at frame 20957: (1168, 1368) -> (1248, 1456)
continuing target event=71 across area (1216, 1408) path=0
target scene=3 area=(1216, 1408) event=54 script=4647 mode=5 state=1 player=(1248, 1456) pos=(992, 1472) path=16
marked destination touch VisitKey { scene: 3, area: (1152, 1344), event_id: 47, trigger_script: 33, trigger_mode: 4, state: 1 }
learned exit AreaKey { scene: 3, anchor: (1216, 1408) } event=47 -> AreaKey { scene: 3, anchor: (1152, 1344) }
area teleport in scene 3 at frame 20970: (1248, 1456) -> (1168, 1368)
target scene=3 area=(1152, 1344) event=71 script=8146 mode=1 state=1 player=(1168, 1368) pos=(1296, 1448) path=61
marked destination touch VisitKey { scene: 3, area: (1216, 1408), event_id: 48, trigger_script: 60, trigger_mode: 4, state: 1 }
learned exit AreaKey { scene: 3, anchor: (1152, 1344) } event=48 -> AreaKey { scene: 3, anchor: (1216, 1408) }
area teleport in scene 3 at frame 20987: (1168, 1368) -> (1248, 1456)
continuing target event=71 across area (1216, 1408) path=0
target scene=3 area=(1216, 1408) event=54 script=4647 mode=5 state=1 player=(1248, 1456) pos=(992, 1472) path=16
marked destination touch VisitKey { scene: 3, area: (1152, 1344), event_id: 47, trigger_script: 33, trigger_mode: 4, state: 1 }
learned exit AreaKey { scene: 3, anchor: (1216, 1408) } event=47 -> AreaKey { scene: 3, anchor: (1152, 1344) }
area teleport in scene 3 at frame 21000: (1248, 1456) -> (1168, 1368)
target scene=3 area=(1152, 1344) event=71 script=8146 mode=1 state=1 player=(1168, 1368) pos=(1296, 1448) path=61
marked destination touch VisitKey { scene: 3, area: (1216, 1408), event_id: 48, trigger_script: 60, trigger_mode: 4, state: 1 }
learned exit AreaKey { scene: 3, anchor: (1152, 1344) } event=48 -> AreaKey { scene: 3, anchor: (1216, 1408) }
area teleport in scene 3 at frame 21017: (1168, 1368) -> (1248, 1456)
continuing target event=71 across area (1216, 1408) path=0
target scene=3 area=(1216, 1408) event=54 script=4647 mode=5 state=1 player=(1248, 1456) pos=(992, 1472) path=16
marked destination touch VisitKey { scene: 3, area: (1152, 1344), event_id: 47, trigger_script: 33, trigger_mode: 4, state: 1 }
learned exit AreaKey { scene: 3, anchor: (1216, 1408) } event=47 -> AreaKey { scene: 3, anchor: (1152, 1344) }
area teleport in scene 3 at frame 21030: (1248, 1456) -> (1168, 1368)
target scene=3 area=(1152, 1344) event=71 script=8146 mode=1 state=1 player=(1168, 1368) pos=(1296, 1448) path=61
marked destination touch VisitKey { scene: 3, area: (1216, 1408), event_id: 48, trigger_script: 60, trigger_mode: 4, state: 1 }
learned exit AreaKey { scene: 3, anchor: (1152, 1344) } event=48 -> AreaKey { scene: 3, anchor: (1216, 1408) }
area teleport in scene 3 at frame 21047: (1168, 1368) -> (1248, 1456)
continuing target event=71 across area (1216, 1408) path=0
target scene=3 area=(1216, 1408) event=54 script=4647 mode=5 state=1 player=(1248, 1456) pos=(992, 1472) path=16
marked destination touch VisitKey { scene: 3, area: (1152, 1344), event_id: 47, trigger_script: 33, trigger_mode: 4, state: 1 }
learned exit AreaKey { scene: 3, anchor: (1216, 1408) } event=47 -> AreaKey { scene: 3, anchor: (1152, 1344) }
area teleport in scene 3 at frame 21060: (1248, 1456) -> (1168, 1368)
target scene=3 area=(1152, 1344) event=71 script=8146 mode=1 state=1 player=(1168, 1368) pos=(1296, 1448) path=61
marked destination touch VisitKey { scene: 3, area: (1216, 1408), event_id: 48, trigger_script: 60, trigger_mode: 4, state: 1 }
learned exit AreaKey { scene: 3, anchor: (1152, 1344) } event=48 -> AreaKey { scene: 3, anchor: (1216, 1408) }
area teleport in scene 3 at frame 21077: (1168, 1368) -> (1248, 1456)
continuing target event=71 across area (1216, 1408) path=0
target scene=3 area=(1216, 1408) event=54 script=4647 mode=5 state=1 player=(1248, 1456) pos=(992, 1472) path=16
marked destination touch VisitKey { scene: 3, area: (1152, 1344), event_id: 47, trigger_script: 33, trigger_mode: 4, state: 1 }
learned exit AreaKey { scene: 3, anchor: (1216, 1408) } event=47 -> AreaKey { scene: 3, anchor: (1152, 1344) }
area teleport in scene 3 at frame 21090: (1248, 1456) -> (1168, 1368)
target scene=3 area=(1152, 1344) event=71 script=8146 mode=1 state=1 player=(1168, 1368) pos=(1296, 1448) path=61
marked destination touch VisitKey { scene: 3, area: (1216, 1408), event_id: 48, trigger_script: 60, trigger_mode: 4, state: 1 }
learned exit AreaKey { scene: 3, anchor: (1152, 1344) } event=48 -> AreaKey { scene: 3, anchor: (1216, 1408) }
area teleport in scene 3 at frame 21107: (1168, 1368) -> (1248, 1456)
continuing target event=71 across area (1216, 1408) path=0
target scene=3 area=(1216, 1408) event=54 script=4647 mode=5 state=1 player=(1248, 1456) pos=(992, 1472) path=16
marked destination touch VisitKey { scene: 3, area: (1152, 1344), event_id: 47, trigger_script: 33, trigger_mode: 4, state: 1 }
learned exit AreaKey { scene: 3, anchor: (1216, 1408) } event=47 -> AreaKey { scene: 3, anchor: (1152, 1344) }
area teleport in scene 3 at frame 21120: (1248, 1456) -> (1168, 1368)
target scene=3 area=(1152, 1344) event=71 script=8146 mode=1 state=1 player=(1168, 1368) pos=(1296, 1448) path=61
marked destination touch VisitKey { scene: 3, area: (1216, 1408), event_id: 48, trigger_script: 60, trigger_mode: 4, state: 1 }
learned exit AreaKey { scene: 3, anchor: (1152, 1344) } event=48 -> AreaKey { scene: 3, anchor: (1216, 1408) }
area teleport in scene 3 at frame 21137: (1168, 1368) -> (1248, 1456)
continuing target event=71 across area (1216, 1408) path=0
target scene=3 area=(1216, 1408) event=54 script=4647 mode=5 state=1 player=(1248, 1456) pos=(992, 1472) path=16
marked destination touch VisitKey { scene: 3, area: (1152, 1344), event_id: 47, trigger_script: 33, trigger_mode: 4, state: 1 }
learned exit AreaKey { scene: 3, anchor: (1216, 1408) } event=47 -> AreaKey { scene: 3, anchor: (1152, 1344) }
area teleport in scene 3 at frame 21150: (1248, 1456) -> (1168, 1368)
target scene=3 area=(1152, 1344) event=71 script=8146 mode=1 state=1 player=(1168, 1368) pos=(1296, 1448) path=61
marked destination touch VisitKey { scene: 3, area: (1216, 1408), event_id: 48, trigger_script: 60, trigger_mode: 4, state: 1 }
learned exit AreaKey { scene: 3, anchor: (1152, 1344) } event=48 -> AreaKey { scene: 3, anchor: (1216, 1408) }
area teleport in scene 3 at frame 21167: (1168, 1368) -> (1248, 1456)
continuing target event=71 across area (1216, 1408) path=0
target scene=3 area=(1216, 1408) event=54 script=4647 mode=5 state=1 player=(1248, 1456) pos=(992, 1472) path=16
marked destination touch VisitKey { scene: 3, area: (1152, 1344), event_id: 47, trigger_script: 33, trigger_mode: 4, state: 1 }
learned exit AreaKey { scene: 3, anchor: (1216, 1408) } event=47 -> AreaKey { scene: 3, anchor: (1152, 1344) }
area teleport in scene 3 at frame 21180: (1248, 1456) -> (1168, 1368)
target scene=3 area=(1152, 1344) event=71 script=8146 mode=1 state=1 player=(1168, 1368) pos=(1296, 1448) path=61
marked destination touch VisitKey { scene: 3, area: (1216, 1408), event_id: 48, trigger_script: 60, trigger_mode: 4, state: 1 }
learned exit AreaKey { scene: 3, anchor: (1152, 1344) } event=48 -> AreaKey { scene: 3, anchor: (1216, 1408) }
area teleport in scene 3 at frame 21197: (1168, 1368) -> (1248, 1456)
continuing target event=71 across area (1216, 1408) path=0
target scene=3 area=(1216, 1408) event=54 script=4647 mode=5 state=1 player=(1248, 1456) pos=(992, 1472) path=16
marked destination touch VisitKey { scene: 3, area: (1152, 1344), event_id: 47, trigger_script: 33, trigger_mode: 4, state: 1 }
learned exit AreaKey { scene: 3, anchor: (1216, 1408) } event=47 -> AreaKey { scene: 3, anchor: (1152, 1344) }
area teleport in scene 3 at frame 21210: (1248, 1456) -> (1168, 1368)
target scene=3 area=(1152, 1344) event=71 script=8146 mode=1 state=1 player=(1168, 1368) pos=(1296, 1448) path=61
marked destination touch VisitKey { scene: 3, area: (1216, 1408), event_id: 48, trigger_script: 60, trigger_mode: 4, state: 1 }
learned exit AreaKey { scene: 3, anchor: (1152, 1344) } event=48 -> AreaKey { scene: 3, anchor: (1216, 1408) }
area teleport in scene 3 at frame 21227: (1168, 1368) -> (1248, 1456)
continuing target event=71 across area (1216, 1408) path=0
target scene=3 area=(1216, 1408) event=54 script=4647 mode=5 state=1 player=(1248, 1456) pos=(992, 1472) path=16
marked destination touch VisitKey { scene: 3, area: (1152, 1344), event_id: 47, trigger_script: 33, trigger_mode: 4, state: 1 }
learned exit AreaKey { scene: 3, anchor: (1216, 1408) } event=47 -> AreaKey { scene: 3, anchor: (1152, 1344) }
area teleport in scene 3 at frame 21240: (1248, 1456) -> (1168, 1368)
target scene=3 area=(1152, 1344) event=71 script=8146 mode=1 state=1 player=(1168, 1368) pos=(1296, 1448) path=61
marked destination touch VisitKey { scene: 3, area: (1216, 1408), event_id: 48, trigger_script: 60, trigger_mode: 4, state: 1 }
learned exit AreaKey { scene: 3, anchor: (1152, 1344) } event=48 -> AreaKey { scene: 3, anchor: (1216, 1408) }
area teleport in scene 3 at frame 21257: (1168, 1368) -> (1248, 1456)
continuing target event=71 across area (1216, 1408) path=0
target scene=3 area=(1216, 1408) event=54 script=4647 mode=5 state=1 player=(1248, 1456) pos=(992, 1472) path=16
marked destination touch VisitKey { scene: 3, area: (1152, 1344), event_id: 47, trigger_script: 33, trigger_mode: 4, state: 1 }
learned exit AreaKey { scene: 3, anchor: (1216, 1408) } event=47 -> AreaKey { scene: 3, anchor: (1152, 1344) }
area teleport in scene 3 at frame 21270: (1248, 1456) -> (1168, 1368)
target scene=3 area=(1152, 1344) event=71 script=8146 mode=1 state=1 player=(1168, 1368) pos=(1296, 1448) path=61
marked destination touch VisitKey { scene: 3, area: (1216, 1408), event_id: 48, trigger_script: 60, trigger_mode: 4, state: 1 }
learned exit AreaKey { scene: 3, anchor: (1152, 1344) } event=48 -> AreaKey { scene: 3, anchor: (1216, 1408) }
area teleport in scene 3 at frame 21287: (1168, 1368) -> (1248, 1456)
continuing target event=71 across area (1216, 1408) path=0
target scene=3 area=(1216, 1408) event=54 script=4647 mode=5 state=1 player=(1248, 1456) pos=(992, 1472) path=16
marked destination touch VisitKey { scene: 3, area: (1152, 1344), event_id: 47, trigger_script: 33, trigger_mode: 4, state: 1 }
learned exit AreaKey { scene: 3, anchor: (1216, 1408) } event=47 -> AreaKey { scene: 3, anchor: (1152, 1344) }
area teleport in scene 3 at frame 21300: (1248, 1456) -> (1168, 1368)
target scene=3 area=(1152, 1344) event=71 script=8146 mode=1 state=1 player=(1168, 1368) pos=(1296, 1448) path=61
marked destination touch VisitKey { scene: 3, area: (1216, 1408), event_id: 48, trigger_script: 60, trigger_mode: 4, state: 1 }
learned exit AreaKey { scene: 3, anchor: (1152, 1344) } event=48 -> AreaKey { scene: 3, anchor: (1216, 1408) }
area teleport in scene 3 at frame 21317: (1168, 1368) -> (1248, 1456)
continuing target event=71 across area (1216, 1408) path=0
target scene=3 area=(1216, 1408) event=54 script=4647 mode=5 state=1 player=(1248, 1456) pos=(992, 1472) path=16
marked destination touch VisitKey { scene: 3, area: (1152, 1344), event_id: 47, trigger_script: 33, trigger_mode: 4, state: 1 }
learned exit AreaKey { scene: 3, anchor: (1216, 1408) } event=47 -> AreaKey { scene: 3, anchor: (1152, 1344) }
area teleport in scene 3 at frame 21330: (1248, 1456) -> (1168, 1368)
target scene=3 area=(1152, 1344) event=71 script=8146 mode=1 state=1 player=(1168, 1368) pos=(1296, 1448) path=61
marked destination touch VisitKey { scene: 3, area: (1216, 1408), event_id: 48, trigger_script: 60, trigger_mode: 4, state: 1 }
learned exit AreaKey { scene: 3, anchor: (1152, 1344) } event=48 -> AreaKey { scene: 3, anchor: (1216, 1408) }
area teleport in scene 3 at frame 21347: (1168, 1368) -> (1248, 1456)
continuing target event=71 across area (1216, 1408) path=0
target scene=3 area=(1216, 1408) event=54 script=4647 mode=5 state=1 player=(1248, 1456) pos=(992, 1472) path=16
marked destination touch VisitKey { scene: 3, area: (1152, 1344), event_id: 47, trigger_script: 33, trigger_mode: 4, state: 1 }
learned exit AreaKey { scene: 3, anchor: (1216, 1408) } event=47 -> AreaKey { scene: 3, anchor: (1152, 1344) }
area teleport in scene 3 at frame 21360: (1248, 1456) -> (1168, 1368)
target scene=3 area=(1152, 1344) event=71 script=8146 mode=1 state=1 player=(1168, 1368) pos=(1296, 1448) path=61
marked destination touch VisitKey { scene: 3, area: (1216, 1408), event_id: 48, trigger_script: 60, trigger_mode: 4, state: 1 }
learned exit AreaKey { scene: 3, anchor: (1152, 1344) } event=48 -> AreaKey { scene: 3, anchor: (1216, 1408) }
area teleport in scene 3 at frame 21377: (1168, 1368) -> (1248, 1456)
continuing target event=71 across area (1216, 1408) path=0
target scene=3 area=(1216, 1408) event=54 script=4647 mode=5 state=1 player=(1248, 1456) pos=(992, 1472) path=16
marked destination touch VisitKey { scene: 3, area: (1152, 1344), event_id: 47, trigger_script: 33, trigger_mode: 4, state: 1 }
learned exit AreaKey { scene: 3, anchor: (1216, 1408) } event=47 -> AreaKey { scene: 3, anchor: (1152, 1344) }
area teleport in scene 3 at frame 21390: (1248, 1456) -> (1168, 1368)
target scene=3 area=(1152, 1344) event=71 script=8146 mode=1 state=1 player=(1168, 1368) pos=(1296, 1448) path=61
marked destination touch VisitKey { scene: 3, area: (1216, 1408), event_id: 48, trigger_script: 60, trigger_mode: 4, state: 1 }
learned exit AreaKey { scene: 3, anchor: (1152, 1344) } event=48 -> AreaKey { scene: 3, anchor: (1216, 1408) }
area teleport in scene 3 at frame 21407: (1168, 1368) -> (1248, 1456)
continuing target event=71 across area (1216, 1408) path=0
target scene=3 area=(1216, 1408) event=54 script=4647 mode=5 state=1 player=(1248, 1456) pos=(992, 1472) path=16
marked destination touch VisitKey { scene: 3, area: (1152, 1344), event_id: 47, trigger_script: 33, trigger_mode: 4, state: 1 }
learned exit AreaKey { scene: 3, anchor: (1216, 1408) } event=47 -> AreaKey { scene: 3, anchor: (1152, 1344) }
area teleport in scene 3 at frame 21420: (1248, 1456) -> (1168, 1368)
target scene=3 area=(1152, 1344) event=71 script=8146 mode=1 state=1 player=(1168, 1368) pos=(1296, 1448) path=61
marked destination touch VisitKey { scene: 3, area: (1216, 1408), event_id: 48, trigger_script: 60, trigger_mode: 4, state: 1 }
learned exit AreaKey { scene: 3, anchor: (1152, 1344) } event=48 -> AreaKey { scene: 3, anchor: (1216, 1408) }
area teleport in scene 3 at frame 21437: (1168, 1368) -> (1248, 1456)
continuing target event=71 across area (1216, 1408) path=0
target scene=3 area=(1216, 1408) event=54 script=4647 mode=5 state=1 player=(1248, 1456) pos=(992, 1472) path=16
marked destination touch VisitKey { scene: 3, area: (1152, 1344), event_id: 47, trigger_script: 33, trigger_mode: 4, state: 1 }
learned exit AreaKey { scene: 3, anchor: (1216, 1408) } event=47 -> AreaKey { scene: 3, anchor: (1152, 1344) }
area teleport in scene 3 at frame 21450: (1248, 1456) -> (1168, 1368)
target scene=3 area=(1152, 1344) event=71 script=8146 mode=1 state=1 player=(1168, 1368) pos=(1296, 1448) path=61
marked destination touch VisitKey { scene: 3, area: (1216, 1408), event_id: 48, trigger_script: 60, trigger_mode: 4, state: 1 }
learned exit AreaKey { scene: 3, anchor: (1152, 1344) } event=48 -> AreaKey { scene: 3, anchor: (1216, 1408) }
area teleport in scene 3 at frame 21467: (1168, 1368) -> (1248, 1456)
continuing target event=71 across area (1216, 1408) path=0
target scene=3 area=(1216, 1408) event=54 script=4647 mode=5 state=1 player=(1248, 1456) pos=(992, 1472) path=16
marked destination touch VisitKey { scene: 3, area: (1152, 1344), event_id: 47, trigger_script: 33, trigger_mode: 4, state: 1 }
learned exit AreaKey { scene: 3, anchor: (1216, 1408) } event=47 -> AreaKey { scene: 3, anchor: (1152, 1344) }
area teleport in scene 3 at frame 21480: (1248, 1456) -> (1168, 1368)
target scene=3 area=(1152, 1344) event=71 script=8146 mode=1 state=1 player=(1168, 1368) pos=(1296, 1448) path=61
marked destination touch VisitKey { scene: 3, area: (1216, 1408), event_id: 48, trigger_script: 60, trigger_mode: 4, state: 1 }
learned exit AreaKey { scene: 3, anchor: (1152, 1344) } event=48 -> AreaKey { scene: 3, anchor: (1216, 1408) }
area teleport in scene 3 at frame 21497: (1168, 1368) -> (1248, 1456)
continuing target event=71 across area (1216, 1408) path=0
target scene=3 area=(1216, 1408) event=54 script=4647 mode=5 state=1 player=(1248, 1456) pos=(992, 1472) path=16
marked destination touch VisitKey { scene: 3, area: (1152, 1344), event_id: 47, trigger_script: 33, trigger_mode: 4, state: 1 }
learned exit AreaKey { scene: 3, anchor: (1216, 1408) } event=47 -> AreaKey { scene: 3, anchor: (1152, 1344) }
area teleport in scene 3 at frame 21510: (1248, 1456) -> (1168, 1368)
target scene=3 area=(1152, 1344) event=71 script=8146 mode=1 state=1 player=(1168, 1368) pos=(1296, 1448) path=61
marked destination touch VisitKey { scene: 3, area: (1216, 1408), event_id: 48, trigger_script: 60, trigger_mode: 4, state: 1 }
learned exit AreaKey { scene: 3, anchor: (1152, 1344) } event=48 -> AreaKey { scene: 3, anchor: (1216, 1408) }
area teleport in scene 3 at frame 21527: (1168, 1368) -> (1248, 1456)
continuing target event=71 across area (1216, 1408) path=0
target scene=3 area=(1216, 1408) event=54 script=4647 mode=5 state=1 player=(1248, 1456) pos=(992, 1472) path=16
marked destination touch VisitKey { scene: 3, area: (1152, 1344), event_id: 47, trigger_script: 33, trigger_mode: 4, state: 1 }
learned exit AreaKey { scene: 3, anchor: (1216, 1408) } event=47 -> AreaKey { scene: 3, anchor: (1152, 1344) }
area teleport in scene 3 at frame 21540: (1248, 1456) -> (1168, 1368)
target scene=3 area=(1152, 1344) event=71 script=8146 mode=1 state=1 player=(1168, 1368) pos=(1296, 1448) path=61
marked destination touch VisitKey { scene: 3, area: (1216, 1408), event_id: 48, trigger_script: 60, trigger_mode: 4, state: 1 }
learned exit AreaKey { scene: 3, anchor: (1152, 1344) } event=48 -> AreaKey { scene: 3, anchor: (1216, 1408) }
area teleport in scene 3 at frame 21557: (1168, 1368) -> (1248, 1456)
continuing target event=71 across area (1216, 1408) path=0
target scene=3 area=(1216, 1408) event=54 script=4647 mode=5 state=1 player=(1248, 1456) pos=(992, 1472) path=16
marked destination touch VisitKey { scene: 3, area: (1152, 1344), event_id: 47, trigger_script: 33, trigger_mode: 4, state: 1 }
learned exit AreaKey { scene: 3, anchor: (1216, 1408) } event=47 -> AreaKey { scene: 3, anchor: (1152, 1344) }
area teleport in scene 3 at frame 21570: (1248, 1456) -> (1168, 1368)
target scene=3 area=(1152, 1344) event=71 script=8146 mode=1 state=1 player=(1168, 1368) pos=(1296, 1448) path=61
marked destination touch VisitKey { scene: 3, area: (1216, 1408), event_id: 48, trigger_script: 60, trigger_mode: 4, state: 1 }
learned exit AreaKey { scene: 3, anchor: (1152, 1344) } event=48 -> AreaKey { scene: 3, anchor: (1216, 1408) }
area teleport in scene 3 at frame 21587: (1168, 1368) -> (1248, 1456)
continuing target event=71 across area (1216, 1408) path=0
target scene=3 area=(1216, 1408) event=54 script=4647 mode=5 state=1 player=(1248, 1456) pos=(992, 1472) path=16
marked destination touch VisitKey { scene: 3, area: (1152, 1344), event_id: 47, trigger_script: 33, trigger_mode: 4, state: 1 }
learned exit AreaKey { scene: 3, anchor: (1216, 1408) } event=47 -> AreaKey { scene: 3, anchor: (1152, 1344) }
area teleport in scene 3 at frame 21600: (1248, 1456) -> (1168, 1368)
target scene=3 area=(1152, 1344) event=71 script=8146 mode=1 state=1 player=(1168, 1368) pos=(1296, 1448) path=61
marked destination touch VisitKey { scene: 3, area: (1216, 1408), event_id: 48, trigger_script: 60, trigger_mode: 4, state: 1 }
learned exit AreaKey { scene: 3, anchor: (1152, 1344) } event=48 -> AreaKey { scene: 3, anchor: (1216, 1408) }
area teleport in scene 3 at frame 21617: (1168, 1368) -> (1248, 1456)
continuing target event=71 across area (1216, 1408) path=0
target scene=3 area=(1216, 1408) event=54 script=4647 mode=5 state=1 player=(1248, 1456) pos=(992, 1472) path=16
marked destination touch VisitKey { scene: 3, area: (1152, 1344), event_id: 47, trigger_script: 33, trigger_mode: 4, state: 1 }
learned exit AreaKey { scene: 3, anchor: (1216, 1408) } event=47 -> AreaKey { scene: 3, anchor: (1152, 1344) }
area teleport in scene 3 at frame 21630: (1248, 1456) -> (1168, 1368)
target scene=3 area=(1152, 1344) event=71 script=8146 mode=1 state=1 player=(1168, 1368) pos=(1296, 1448) path=61
marked destination touch VisitKey { scene: 3, area: (1216, 1408), event_id: 48, trigger_script: 60, trigger_mode: 4, state: 1 }
learned exit AreaKey { scene: 3, anchor: (1152, 1344) } event=48 -> AreaKey { scene: 3, anchor: (1216, 1408) }
area teleport in scene 3 at frame 21647: (1168, 1368) -> (1248, 1456)
continuing target event=71 across area (1216, 1408) path=0
target scene=3 area=(1216, 1408) event=54 script=4647 mode=5 state=1 player=(1248, 1456) pos=(992, 1472) path=16
marked destination touch VisitKey { scene: 3, area: (1152, 1344), event_id: 47, trigger_script: 33, trigger_mode: 4, state: 1 }
learned exit AreaKey { scene: 3, anchor: (1216, 1408) } event=47 -> AreaKey { scene: 3, anchor: (1152, 1344) }
area teleport in scene 3 at frame 21660: (1248, 1456) -> (1168, 1368)
target scene=3 area=(1152, 1344) event=71 script=8146 mode=1 state=1 player=(1168, 1368) pos=(1296, 1448) path=61
marked destination touch VisitKey { scene: 3, area: (1216, 1408), event_id: 48, trigger_script: 60, trigger_mode: 4, state: 1 }
learned exit AreaKey { scene: 3, anchor: (1152, 1344) } event=48 -> AreaKey { scene: 3, anchor: (1216, 1408) }
area teleport in scene 3 at frame 21677: (1168, 1368) -> (1248, 1456)
continuing target event=71 across area (1216, 1408) path=0
target scene=3 area=(1216, 1408) event=54 script=4647 mode=5 state=1 player=(1248, 1456) pos=(992, 1472) path=16
marked destination touch VisitKey { scene: 3, area: (1152, 1344), event_id: 47, trigger_script: 33, trigger_mode: 4, state: 1 }
learned exit AreaKey { scene: 3, anchor: (1216, 1408) } event=47 -> AreaKey { scene: 3, anchor: (1152, 1344) }
area teleport in scene 3 at frame 21690: (1248, 1456) -> (1168, 1368)
target scene=3 area=(1152, 1344) event=71 script=8146 mode=1 state=1 player=(1168, 1368) pos=(1296, 1448) path=61
marked destination touch VisitKey { scene: 3, area: (1216, 1408), event_id: 48, trigger_script: 60, trigger_mode: 4, state: 1 }
learned exit AreaKey { scene: 3, anchor: (1152, 1344) } event=48 -> AreaKey { scene: 3, anchor: (1216, 1408) }
area teleport in scene 3 at frame 21707: (1168, 1368) -> (1248, 1456)
continuing target event=71 across area (1216, 1408) path=0
target scene=3 area=(1216, 1408) event=54 script=4647 mode=5 state=1 player=(1248, 1456) pos=(992, 1472) path=16
marked destination touch VisitKey { scene: 3, area: (1152, 1344), event_id: 47, trigger_script: 33, trigger_mode: 4, state: 1 }
learned exit AreaKey { scene: 3, anchor: (1216, 1408) } event=47 -> AreaKey { scene: 3, anchor: (1152, 1344) }
area teleport in scene 3 at frame 21720: (1248, 1456) -> (1168, 1368)
target scene=3 area=(1152, 1344) event=71 script=8146 mode=1 state=1 player=(1168, 1368) pos=(1296, 1448) path=61
marked destination touch VisitKey { scene: 3, area: (1216, 1408), event_id: 48, trigger_script: 60, trigger_mode: 4, state: 1 }
learned exit AreaKey { scene: 3, anchor: (1152, 1344) } event=48 -> AreaKey { scene: 3, anchor: (1216, 1408) }
area teleport in scene 3 at frame 21737: (1168, 1368) -> (1248, 1456)
continuing target event=71 across area (1216, 1408) path=0
target scene=3 area=(1216, 1408) event=54 script=4647 mode=5 state=1 player=(1248, 1456) pos=(992, 1472) path=16
marked destination touch VisitKey { scene: 3, area: (1152, 1344), event_id: 47, trigger_script: 33, trigger_mode: 4, state: 1 }
learned exit AreaKey { scene: 3, anchor: (1216, 1408) } event=47 -> AreaKey { scene: 3, anchor: (1152, 1344) }
area teleport in scene 3 at frame 21750: (1248, 1456) -> (1168, 1368)
target scene=3 area=(1152, 1344) event=71 script=8146 mode=1 state=1 player=(1168, 1368) pos=(1296, 1448) path=61
marked destination touch VisitKey { scene: 3, area: (1216, 1408), event_id: 48, trigger_script: 60, trigger_mode: 4, state: 1 }
learned exit AreaKey { scene: 3, anchor: (1152, 1344) } event=48 -> AreaKey { scene: 3, anchor: (1216, 1408) }
area teleport in scene 3 at frame 21767: (1168, 1368) -> (1248, 1456)
continuing target event=71 across area (1216, 1408) path=0
target scene=3 area=(1216, 1408) event=54 script=4647 mode=5 state=1 player=(1248, 1456) pos=(992, 1472) path=16
marked destination touch VisitKey { scene: 3, area: (1152, 1344), event_id: 47, trigger_script: 33, trigger_mode: 4, state: 1 }
learned exit AreaKey { scene: 3, anchor: (1216, 1408) } event=47 -> AreaKey { scene: 3, anchor: (1152, 1344) }
area teleport in scene 3 at frame 21780: (1248, 1456) -> (1168, 1368)
target scene=3 area=(1152, 1344) event=71 script=8146 mode=1 state=1 player=(1168, 1368) pos=(1296, 1448) path=61
marked destination touch VisitKey { scene: 3, area: (1216, 1408), event_id: 48, trigger_script: 60, trigger_mode: 4, state: 1 }
learned exit AreaKey { scene: 3, anchor: (1152, 1344) } event=48 -> AreaKey { scene: 3, anchor: (1216, 1408) }
area teleport in scene 3 at frame 21797: (1168, 1368) -> (1248, 1456)
continuing target event=71 across area (1216, 1408) path=0
target scene=3 area=(1216, 1408) event=54 script=4647 mode=5 state=1 player=(1248, 1456) pos=(992, 1472) path=16
marked destination touch VisitKey { scene: 3, area: (1152, 1344), event_id: 47, trigger_script: 33, trigger_mode: 4, state: 1 }
learned exit AreaKey { scene: 3, anchor: (1216, 1408) } event=47 -> AreaKey { scene: 3, anchor: (1152, 1344) }
area teleport in scene 3 at frame 21810: (1248, 1456) -> (1168, 1368)
target scene=3 area=(1152, 1344) event=71 script=8146 mode=1 state=1 player=(1168, 1368) pos=(1296, 1448) path=61
marked destination touch VisitKey { scene: 3, area: (1216, 1408), event_id: 48, trigger_script: 60, trigger_mode: 4, state: 1 }
learned exit AreaKey { scene: 3, anchor: (1152, 1344) } event=48 -> AreaKey { scene: 3, anchor: (1216, 1408) }
area teleport in scene 3 at frame 21827: (1168, 1368) -> (1248, 1456)
continuing target event=71 across area (1216, 1408) path=0
target scene=3 area=(1216, 1408) event=54 script=4647 mode=5 state=1 player=(1248, 1456) pos=(992, 1472) path=16
marked destination touch VisitKey { scene: 3, area: (1152, 1344), event_id: 47, trigger_script: 33, trigger_mode: 4, state: 1 }
learned exit AreaKey { scene: 3, anchor: (1216, 1408) } event=47 -> AreaKey { scene: 3, anchor: (1152, 1344) }
area teleport in scene 3 at frame 21840: (1248, 1456) -> (1168, 1368)
target scene=3 area=(1152, 1344) event=71 script=8146 mode=1 state=1 player=(1168, 1368) pos=(1296, 1448) path=61
marked destination touch VisitKey { scene: 3, area: (1216, 1408), event_id: 48, trigger_script: 60, trigger_mode: 4, state: 1 }
learned exit AreaKey { scene: 3, anchor: (1152, 1344) } event=48 -> AreaKey { scene: 3, anchor: (1216, 1408) }
area teleport in scene 3 at frame 21857: (1168, 1368) -> (1248, 1456)
continuing target event=71 across area (1216, 1408) path=0
target scene=3 area=(1216, 1408) event=54 script=4647 mode=5 state=1 player=(1248, 1456) pos=(992, 1472) path=16
marked destination touch VisitKey { scene: 3, area: (1152, 1344), event_id: 47, trigger_script: 33, trigger_mode: 4, state: 1 }
learned exit AreaKey { scene: 3, anchor: (1216, 1408) } event=47 -> AreaKey { scene: 3, anchor: (1152, 1344) }
area teleport in scene 3 at frame 21870: (1248, 1456) -> (1168, 1368)
target scene=3 area=(1152, 1344) event=71 script=8146 mode=1 state=1 player=(1168, 1368) pos=(1296, 1448) path=61
marked destination touch VisitKey { scene: 3, area: (1216, 1408), event_id: 48, trigger_script: 60, trigger_mode: 4, state: 1 }
learned exit AreaKey { scene: 3, anchor: (1152, 1344) } event=48 -> AreaKey { scene: 3, anchor: (1216, 1408) }
area teleport in scene 3 at frame 21887: (1168, 1368) -> (1248, 1456)
continuing target event=71 across area (1216, 1408) path=0
target scene=3 area=(1216, 1408) event=54 script=4647 mode=5 state=1 player=(1248, 1456) pos=(992, 1472) path=16
marked destination touch VisitKey { scene: 3, area: (1152, 1344), event_id: 47, trigger_script: 33, trigger_mode: 4, state: 1 }
learned exit AreaKey { scene: 3, anchor: (1216, 1408) } event=47 -> AreaKey { scene: 3, anchor: (1152, 1344) }
area teleport in scene 3 at frame 21900: (1248, 1456) -> (1168, 1368)
target scene=3 area=(1152, 1344) event=71 script=8146 mode=1 state=1 player=(1168, 1368) pos=(1296, 1448) path=61
marked destination touch VisitKey { scene: 3, area: (1216, 1408), event_id: 48, trigger_script: 60, trigger_mode: 4, state: 1 }
learned exit AreaKey { scene: 3, anchor: (1152, 1344) } event=48 -> AreaKey { scene: 3, anchor: (1216, 1408) }
area teleport in scene 3 at frame 21917: (1168, 1368) -> (1248, 1456)
continuing target event=71 across area (1216, 1408) path=0
target scene=3 area=(1216, 1408) event=54 script=4647 mode=5 state=1 player=(1248, 1456) pos=(992, 1472) path=16
marked destination touch VisitKey { scene: 3, area: (1152, 1344), event_id: 47, trigger_script: 33, trigger_mode: 4, state: 1 }
learned exit AreaKey { scene: 3, anchor: (1216, 1408) } event=47 -> AreaKey { scene: 3, anchor: (1152, 1344) }
area teleport in scene 3 at frame 21930: (1248, 1456) -> (1168, 1368)
target scene=3 area=(1152, 1344) event=71 script=8146 mode=1 state=1 player=(1168, 1368) pos=(1296, 1448) path=61
marked destination touch VisitKey { scene: 3, area: (1216, 1408), event_id: 48, trigger_script: 60, trigger_mode: 4, state: 1 }
learned exit AreaKey { scene: 3, anchor: (1152, 1344) } event=48 -> AreaKey { scene: 3, anchor: (1216, 1408) }
area teleport in scene 3 at frame 21947: (1168, 1368) -> (1248, 1456)
continuing target event=71 across area (1216, 1408) path=0
target scene=3 area=(1216, 1408) event=54 script=4647 mode=5 state=1 player=(1248, 1456) pos=(992, 1472) path=16
marked destination touch VisitKey { scene: 3, area: (1152, 1344), event_id: 47, trigger_script: 33, trigger_mode: 4, state: 1 }
learned exit AreaKey { scene: 3, anchor: (1216, 1408) } event=47 -> AreaKey { scene: 3, anchor: (1152, 1344) }
area teleport in scene 3 at frame 21960: (1248, 1456) -> (1168, 1368)
target scene=3 area=(1152, 1344) event=71 script=8146 mode=1 state=1 player=(1168, 1368) pos=(1296, 1448) path=61
marked destination touch VisitKey { scene: 3, area: (1216, 1408), event_id: 48, trigger_script: 60, trigger_mode: 4, state: 1 }
learned exit AreaKey { scene: 3, anchor: (1152, 1344) } event=48 -> AreaKey { scene: 3, anchor: (1216, 1408) }
area teleport in scene 3 at frame 21977: (1168, 1368) -> (1248, 1456)
continuing target event=71 across area (1216, 1408) path=0
target scene=3 area=(1216, 1408) event=54 script=4647 mode=5 state=1 player=(1248, 1456) pos=(992, 1472) path=16
marked destination touch VisitKey { scene: 3, area: (1152, 1344), event_id: 47, trigger_script: 33, trigger_mode: 4, state: 1 }
learned exit AreaKey { scene: 3, anchor: (1216, 1408) } event=47 -> AreaKey { scene: 3, anchor: (1152, 1344) }
area teleport in scene 3 at frame 21990: (1248, 1456) -> (1168, 1368)
target scene=3 area=(1152, 1344) event=71 script=8146 mode=1 state=1 player=(1168, 1368) pos=(1296, 1448) path=61
marked destination touch VisitKey { scene: 3, area: (1216, 1408), event_id: 48, trigger_script: 60, trigger_mode: 4, state: 1 }
learned exit AreaKey { scene: 3, anchor: (1152, 1344) } event=48 -> AreaKey { scene: 3, anchor: (1216, 1408) }
area teleport in scene 3 at frame 22007: (1168, 1368) -> (1248, 1456)
continuing target event=71 across area (1216, 1408) path=0
target scene=3 area=(1216, 1408) event=54 script=4647 mode=5 state=1 player=(1248, 1456) pos=(992, 1472) path=16
marked destination touch VisitKey { scene: 3, area: (1152, 1344), event_id: 47, trigger_script: 33, trigger_mode: 4, state: 1 }
learned exit AreaKey { scene: 3, anchor: (1216, 1408) } event=47 -> AreaKey { scene: 3, anchor: (1152, 1344) }
area teleport in scene 3 at frame 22020: (1248, 1456) -> (1168, 1368)
target scene=3 area=(1152, 1344) event=71 script=8146 mode=1 state=1 player=(1168, 1368) pos=(1296, 1448) path=61
marked destination touch VisitKey { scene: 3, area: (1216, 1408), event_id: 48, trigger_script: 60, trigger_mode: 4, state: 1 }
learned exit AreaKey { scene: 3, anchor: (1152, 1344) } event=48 -> AreaKey { scene: 3, anchor: (1216, 1408) }
area teleport in scene 3 at frame 22037: (1168, 1368) -> (1248, 1456)
continuing target event=71 across area (1216, 1408) path=0
target scene=3 area=(1216, 1408) event=54 script=4647 mode=5 state=1 player=(1248, 1456) pos=(992, 1472) path=16
marked destination touch VisitKey { scene: 3, area: (1152, 1344), event_id: 47, trigger_script: 33, trigger_mode: 4, state: 1 }
learned exit AreaKey { scene: 3, anchor: (1216, 1408) } event=47 -> AreaKey { scene: 3, anchor: (1152, 1344) }
area teleport in scene 3 at frame 22050: (1248, 1456) -> (1168, 1368)
target scene=3 area=(1152, 1344) event=71 script=8146 mode=1 state=1 player=(1168, 1368) pos=(1296, 1448) path=61
marked destination touch VisitKey { scene: 3, area: (1216, 1408), event_id: 48, trigger_script: 60, trigger_mode: 4, state: 1 }
learned exit AreaKey { scene: 3, anchor: (1152, 1344) } event=48 -> AreaKey { scene: 3, anchor: (1216, 1408) }
area teleport in scene 3 at frame 22067: (1168, 1368) -> (1248, 1456)
continuing target event=71 across area (1216, 1408) path=0
target scene=3 area=(1216, 1408) event=54 script=4647 mode=5 state=1 player=(1248, 1456) pos=(992, 1472) path=16
marked destination touch VisitKey { scene: 3, area: (1152, 1344), event_id: 47, trigger_script: 33, trigger_mode: 4, state: 1 }
learned exit AreaKey { scene: 3, anchor: (1216, 1408) } event=47 -> AreaKey { scene: 3, anchor: (1152, 1344) }
area teleport in scene 3 at frame 22080: (1248, 1456) -> (1168, 1368)
target scene=3 area=(1152, 1344) event=71 script=8146 mode=1 state=1 player=(1168, 1368) pos=(1296, 1448) path=61
marked destination touch VisitKey { scene: 3, area: (1216, 1408), event_id: 48, trigger_script: 60, trigger_mode: 4, state: 1 }
learned exit AreaKey { scene: 3, anchor: (1152, 1344) } event=48 -> AreaKey { scene: 3, anchor: (1216, 1408) }
area teleport in scene 3 at frame 22097: (1168, 1368) -> (1248, 1456)
continuing target event=71 across area (1216, 1408) path=0
target scene=3 area=(1216, 1408) event=54 script=4647 mode=5 state=1 player=(1248, 1456) pos=(992, 1472) path=16
marked destination touch VisitKey { scene: 3, area: (1152, 1344), event_id: 47, trigger_script: 33, trigger_mode: 4, state: 1 }
learned exit AreaKey { scene: 3, anchor: (1216, 1408) } event=47 -> AreaKey { scene: 3, anchor: (1152, 1344) }
area teleport in scene 3 at frame 22110: (1248, 1456) -> (1168, 1368)
target scene=3 area=(1152, 1344) event=71 script=8146 mode=1 state=1 player=(1168, 1368) pos=(1296, 1448) path=61
marked destination touch VisitKey { scene: 3, area: (1216, 1408), event_id: 48, trigger_script: 60, trigger_mode: 4, state: 1 }
learned exit AreaKey { scene: 3, anchor: (1152, 1344) } event=48 -> AreaKey { scene: 3, anchor: (1216, 1408) }
area teleport in scene 3 at frame 22127: (1168, 1368) -> (1248, 1456)
continuing target event=71 across area (1216, 1408) path=0
target scene=3 area=(1216, 1408) event=54 script=4647 mode=5 state=1 player=(1248, 1456) pos=(992, 1472) path=16
marked destination touch VisitKey { scene: 3, area: (1152, 1344), event_id: 47, trigger_script: 33, trigger_mode: 4, state: 1 }
learned exit AreaKey { scene: 3, anchor: (1216, 1408) } event=47 -> AreaKey { scene: 3, anchor: (1152, 1344) }
area teleport in scene 3 at frame 22140: (1248, 1456) -> (1168, 1368)
target scene=3 area=(1152, 1344) event=71 script=8146 mode=1 state=1 player=(1168, 1368) pos=(1296, 1448) path=61
marked destination touch VisitKey { scene: 3, area: (1216, 1408), event_id: 48, trigger_script: 60, trigger_mode: 4, state: 1 }
learned exit AreaKey { scene: 3, anchor: (1152, 1344) } event=48 -> AreaKey { scene: 3, anchor: (1216, 1408) }
area teleport in scene 3 at frame 22157: (1168, 1368) -> (1248, 1456)
continuing target event=71 across area (1216, 1408) path=0
target scene=3 area=(1216, 1408) event=54 script=4647 mode=5 state=1 player=(1248, 1456) pos=(992, 1472) path=16
marked destination touch VisitKey { scene: 3, area: (1152, 1344), event_id: 47, trigger_script: 33, trigger_mode: 4, state: 1 }
learned exit AreaKey { scene: 3, anchor: (1216, 1408) } event=47 -> AreaKey { scene: 3, anchor: (1152, 1344) }
area teleport in scene 3 at frame 22170: (1248, 1456) -> (1168, 1368)
target scene=3 area=(1152, 1344) event=71 script=8146 mode=1 state=1 player=(1168, 1368) pos=(1296, 1448) path=61
marked destination touch VisitKey { scene: 3, area: (1216, 1408), event_id: 48, trigger_script: 60, trigger_mode: 4, state: 1 }
learned exit AreaKey { scene: 3, anchor: (1152, 1344) } event=48 -> AreaKey { scene: 3, anchor: (1216, 1408) }
area teleport in scene 3 at frame 22187: (1168, 1368) -> (1248, 1456)
continuing target event=71 across area (1216, 1408) path=0
target scene=3 area=(1216, 1408) event=54 script=4647 mode=5 state=1 player=(1248, 1456) pos=(992, 1472) path=16
marked destination touch VisitKey { scene: 3, area: (1152, 1344), event_id: 47, trigger_script: 33, trigger_mode: 4, state: 1 }
learned exit AreaKey { scene: 3, anchor: (1216, 1408) } event=47 -> AreaKey { scene: 3, anchor: (1152, 1344) }
area teleport in scene 3 at frame 22200: (1248, 1456) -> (1168, 1368)
target scene=3 area=(1152, 1344) event=71 script=8146 mode=1 state=1 player=(1168, 1368) pos=(1296, 1448) path=61
marked destination touch VisitKey { scene: 3, area: (1216, 1408), event_id: 48, trigger_script: 60, trigger_mode: 4, state: 1 }
learned exit AreaKey { scene: 3, anchor: (1152, 1344) } event=48 -> AreaKey { scene: 3, anchor: (1216, 1408) }
area teleport in scene 3 at frame 22217: (1168, 1368) -> (1248, 1456)
continuing target event=71 across area (1216, 1408) path=0
target scene=3 area=(1216, 1408) event=54 script=4647 mode=5 state=1 player=(1248, 1456) pos=(992, 1472) path=16
marked destination touch VisitKey { scene: 3, area: (1152, 1344), event_id: 47, trigger_script: 33, trigger_mode: 4, state: 1 }
learned exit AreaKey { scene: 3, anchor: (1216, 1408) } event=47 -> AreaKey { scene: 3, anchor: (1152, 1344) }
area teleport in scene 3 at frame 22230: (1248, 1456) -> (1168, 1368)
target scene=3 area=(1152, 1344) event=71 script=8146 mode=1 state=1 player=(1168, 1368) pos=(1296, 1448) path=61
marked destination touch VisitKey { scene: 3, area: (1216, 1408), event_id: 48, trigger_script: 60, trigger_mode: 4, state: 1 }
learned exit AreaKey { scene: 3, anchor: (1152, 1344) } event=48 -> AreaKey { scene: 3, anchor: (1216, 1408) }
area teleport in scene 3 at frame 22247: (1168, 1368) -> (1248, 1456)
continuing target event=71 across area (1216, 1408) path=0
target scene=3 area=(1216, 1408) event=54 script=4647 mode=5 state=1 player=(1248, 1456) pos=(992, 1472) path=16
marked destination touch VisitKey { scene: 3, area: (1152, 1344), event_id: 47, trigger_script: 33, trigger_mode: 4, state: 1 }
learned exit AreaKey { scene: 3, anchor: (1216, 1408) } event=47 -> AreaKey { scene: 3, anchor: (1152, 1344) }
area teleport in scene 3 at frame 22260: (1248, 1456) -> (1168, 1368)
target scene=3 area=(1152, 1344) event=71 script=8146 mode=1 state=1 player=(1168, 1368) pos=(1296, 1448) path=61
marked destination touch VisitKey { scene: 3, area: (1216, 1408), event_id: 48, trigger_script: 60, trigger_mode: 4, state: 1 }
learned exit AreaKey { scene: 3, anchor: (1152, 1344) } event=48 -> AreaKey { scene: 3, anchor: (1216, 1408) }
area teleport in scene 3 at frame 22277: (1168, 1368) -> (1248, 1456)
continuing target event=71 across area (1216, 1408) path=0
target scene=3 area=(1216, 1408) event=54 script=4647 mode=5 state=1 player=(1248, 1456) pos=(992, 1472) path=16
marked destination touch VisitKey { scene: 3, area: (1152, 1344), event_id: 47, trigger_script: 33, trigger_mode: 4, state: 1 }
learned exit AreaKey { scene: 3, anchor: (1216, 1408) } event=47 -> AreaKey { scene: 3, anchor: (1152, 1344) }
area teleport in scene 3 at frame 22290: (1248, 1456) -> (1168, 1368)
target scene=3 area=(1152, 1344) event=71 script=8146 mode=1 state=1 player=(1168, 1368) pos=(1296, 1448) path=61
marked destination touch VisitKey { scene: 3, area: (1216, 1408), event_id: 48, trigger_script: 60, trigger_mode: 4, state: 1 }
learned exit AreaKey { scene: 3, anchor: (1152, 1344) } event=48 -> AreaKey { scene: 3, anchor: (1216, 1408) }
area teleport in scene 3 at frame 22307: (1168, 1368) -> (1248, 1456)
continuing target event=71 across area (1216, 1408) path=0
target scene=3 area=(1216, 1408) event=54 script=4647 mode=5 state=1 player=(1248, 1456) pos=(992, 1472) path=16
marked destination touch VisitKey { scene: 3, area: (1152, 1344), event_id: 47, trigger_script: 33, trigger_mode: 4, state: 1 }
learned exit AreaKey { scene: 3, anchor: (1216, 1408) } event=47 -> AreaKey { scene: 3, anchor: (1152, 1344) }
area teleport in scene 3 at frame 22320: (1248, 1456) -> (1168, 1368)
target scene=3 area=(1152, 1344) event=71 script=8146 mode=1 state=1 player=(1168, 1368) pos=(1296, 1448) path=61
marked destination touch VisitKey { scene: 3, area: (1216, 1408), event_id: 48, trigger_script: 60, trigger_mode: 4, state: 1 }
learned exit AreaKey { scene: 3, anchor: (1152, 1344) } event=48 -> AreaKey { scene: 3, anchor: (1216, 1408) }
area teleport in scene 3 at frame 22337: (1168, 1368) -> (1248, 1456)
continuing target event=71 across area (1216, 1408) path=0
target scene=3 area=(1216, 1408) event=54 script=4647 mode=5 state=1 player=(1248, 1456) pos=(992, 1472) path=16
marked destination touch VisitKey { scene: 3, area: (1152, 1344), event_id: 47, trigger_script: 33, trigger_mode: 4, state: 1 }
learned exit AreaKey { scene: 3, anchor: (1216, 1408) } event=47 -> AreaKey { scene: 3, anchor: (1152, 1344) }
area teleport in scene 3 at frame 22350: (1248, 1456) -> (1168, 1368)
target scene=3 area=(1152, 1344) event=71 script=8146 mode=1 state=1 player=(1168, 1368) pos=(1296, 1448) path=61
marked destination touch VisitKey { scene: 3, area: (1216, 1408), event_id: 48, trigger_script: 60, trigger_mode: 4, state: 1 }
learned exit AreaKey { scene: 3, anchor: (1152, 1344) } event=48 -> AreaKey { scene: 3, anchor: (1216, 1408) }
area teleport in scene 3 at frame 22367: (1168, 1368) -> (1248, 1456)
continuing target event=71 across area (1216, 1408) path=0
target scene=3 area=(1216, 1408) event=54 script=4647 mode=5 state=1 player=(1248, 1456) pos=(992, 1472) path=16
marked destination touch VisitKey { scene: 3, area: (1152, 1344), event_id: 47, trigger_script: 33, trigger_mode: 4, state: 1 }
learned exit AreaKey { scene: 3, anchor: (1216, 1408) } event=47 -> AreaKey { scene: 3, anchor: (1152, 1344) }
area teleport in scene 3 at frame 22380: (1248, 1456) -> (1168, 1368)
target scene=3 area=(1152, 1344) event=71 script=8146 mode=1 state=1 player=(1168, 1368) pos=(1296, 1448) path=61
marked destination touch VisitKey { scene: 3, area: (1216, 1408), event_id: 48, trigger_script: 60, trigger_mode: 4, state: 1 }
learned exit AreaKey { scene: 3, anchor: (1152, 1344) } event=48 -> AreaKey { scene: 3, anchor: (1216, 1408) }
area teleport in scene 3 at frame 22397: (1168, 1368) -> (1248, 1456)
continuing target event=71 across area (1216, 1408) path=0
target scene=3 area=(1216, 1408) event=54 script=4647 mode=5 state=1 player=(1248, 1456) pos=(992, 1472) path=16
marked destination touch VisitKey { scene: 3, area: (1152, 1344), event_id: 47, trigger_script: 33, trigger_mode: 4, state: 1 }
learned exit AreaKey { scene: 3, anchor: (1216, 1408) } event=47 -> AreaKey { scene: 3, anchor: (1152, 1344) }
area teleport in scene 3 at frame 22410: (1248, 1456) -> (1168, 1368)
target scene=3 area=(1152, 1344) event=71 script=8146 mode=1 state=1 player=(1168, 1368) pos=(1296, 1448) path=61
marked destination touch VisitKey { scene: 3, area: (1216, 1408), event_id: 48, trigger_script: 60, trigger_mode: 4, state: 1 }
learned exit AreaKey { scene: 3, anchor: (1152, 1344) } event=48 -> AreaKey { scene: 3, anchor: (1216, 1408) }
area teleport in scene 3 at frame 22427: (1168, 1368) -> (1248, 1456)
continuing target event=71 across area (1216, 1408) path=0
target scene=3 area=(1216, 1408) event=54 script=4647 mode=5 state=1 player=(1248, 1456) pos=(992, 1472) path=16
marked destination touch VisitKey { scene: 3, area: (1152, 1344), event_id: 47, trigger_script: 33, trigger_mode: 4, state: 1 }
learned exit AreaKey { scene: 3, anchor: (1216, 1408) } event=47 -> AreaKey { scene: 3, anchor: (1152, 1344) }
area teleport in scene 3 at frame 22440: (1248, 1456) -> (1168, 1368)
target scene=3 area=(1152, 1344) event=71 script=8146 mode=1 state=1 player=(1168, 1368) pos=(1296, 1448) path=61
marked destination touch VisitKey { scene: 3, area: (1216, 1408), event_id: 48, trigger_script: 60, trigger_mode: 4, state: 1 }
learned exit AreaKey { scene: 3, anchor: (1152, 1344) } event=48 -> AreaKey { scene: 3, anchor: (1216, 1408) }
area teleport in scene 3 at frame 22457: (1168, 1368) -> (1248, 1456)
continuing target event=71 across area (1216, 1408) path=0
target scene=3 area=(1216, 1408) event=54 script=4647 mode=5 state=1 player=(1248, 1456) pos=(992, 1472) path=16
marked destination touch VisitKey { scene: 3, area: (1152, 1344), event_id: 47, trigger_script: 33, trigger_mode: 4, state: 1 }
learned exit AreaKey { scene: 3, anchor: (1216, 1408) } event=47 -> AreaKey { scene: 3, anchor: (1152, 1344) }
area teleport in scene 3 at frame 22470: (1248, 1456) -> (1168, 1368)
target scene=3 area=(1152, 1344) event=71 script=8146 mode=1 state=1 player=(1168, 1368) pos=(1296, 1448) path=61
marked destination touch VisitKey { scene: 3, area: (1216, 1408), event_id: 48, trigger_script: 60, trigger_mode: 4, state: 1 }
learned exit AreaKey { scene: 3, anchor: (1152, 1344) } event=48 -> AreaKey { scene: 3, anchor: (1216, 1408) }
area teleport in scene 3 at frame 22487: (1168, 1368) -> (1248, 1456)
continuing target event=71 across area (1216, 1408) path=0
target scene=3 area=(1216, 1408) event=54 script=4647 mode=5 state=1 player=(1248, 1456) pos=(992, 1472) path=16
marked destination touch VisitKey { scene: 3, area: (1152, 1344), event_id: 47, trigger_script: 33, trigger_mode: 4, state: 1 }
learned exit AreaKey { scene: 3, anchor: (1216, 1408) } event=47 -> AreaKey { scene: 3, anchor: (1152, 1344) }
area teleport in scene 3 at frame 22500: (1248, 1456) -> (1168, 1368)
target scene=3 area=(1152, 1344) event=71 script=8146 mode=1 state=1 player=(1168, 1368) pos=(1296, 1448) path=61
marked destination touch VisitKey { scene: 3, area: (1216, 1408), event_id: 48, trigger_script: 60, trigger_mode: 4, state: 1 }
learned exit AreaKey { scene: 3, anchor: (1152, 1344) } event=48 -> AreaKey { scene: 3, anchor: (1216, 1408) }
area teleport in scene 3 at frame 22517: (1168, 1368) -> (1248, 1456)
continuing target event=71 across area (1216, 1408) path=0
target scene=3 area=(1216, 1408) event=54 script=4647 mode=5 state=1 player=(1248, 1456) pos=(992, 1472) path=16
marked destination touch VisitKey { scene: 3, area: (1152, 1344), event_id: 47, trigger_script: 33, trigger_mode: 4, state: 1 }
learned exit AreaKey { scene: 3, anchor: (1216, 1408) } event=47 -> AreaKey { scene: 3, anchor: (1152, 1344) }
area teleport in scene 3 at frame 22530: (1248, 1456) -> (1168, 1368)
target scene=3 area=(1152, 1344) event=71 script=8146 mode=1 state=1 player=(1168, 1368) pos=(1296, 1448) path=61
marked destination touch VisitKey { scene: 3, area: (1216, 1408), event_id: 48, trigger_script: 60, trigger_mode: 4, state: 1 }
learned exit AreaKey { scene: 3, anchor: (1152, 1344) } event=48 -> AreaKey { scene: 3, anchor: (1216, 1408) }
area teleport in scene 3 at frame 22547: (1168, 1368) -> (1248, 1456)
continuing target event=71 across area (1216, 1408) path=0
target scene=3 area=(1216, 1408) event=54 script=4647 mode=5 state=1 player=(1248, 1456) pos=(992, 1472) path=16
marked destination touch VisitKey { scene: 3, area: (1152, 1344), event_id: 47, trigger_script: 33, trigger_mode: 4, state: 1 }
learned exit AreaKey { scene: 3, anchor: (1216, 1408) } event=47 -> AreaKey { scene: 3, anchor: (1152, 1344) }
area teleport in scene 3 at frame 22560: (1248, 1456) -> (1168, 1368)
target scene=3 area=(1152, 1344) event=71 script=8146 mode=1 state=1 player=(1168, 1368) pos=(1296, 1448) path=61
marked destination touch VisitKey { scene: 3, area: (1216, 1408), event_id: 48, trigger_script: 60, trigger_mode: 4, state: 1 }
learned exit AreaKey { scene: 3, anchor: (1152, 1344) } event=48 -> AreaKey { scene: 3, anchor: (1216, 1408) }
area teleport in scene 3 at frame 22577: (1168, 1368) -> (1248, 1456)
continuing target event=71 across area (1216, 1408) path=0
target scene=3 area=(1216, 1408) event=54 script=4647 mode=5 state=1 player=(1248, 1456) pos=(992, 1472) path=16
marked destination touch VisitKey { scene: 3, area: (1152, 1344), event_id: 47, trigger_script: 33, trigger_mode: 4, state: 1 }
learned exit AreaKey { scene: 3, anchor: (1216, 1408) } event=47 -> AreaKey { scene: 3, anchor: (1152, 1344) }
area teleport in scene 3 at frame 22590: (1248, 1456) -> (1168, 1368)
target scene=3 area=(1152, 1344) event=71 script=8146 mode=1 state=1 player=(1168, 1368) pos=(1296, 1448) path=61
marked destination touch VisitKey { scene: 3, area: (1216, 1408), event_id: 48, trigger_script: 60, trigger_mode: 4, state: 1 }
learned exit AreaKey { scene: 3, anchor: (1152, 1344) } event=48 -> AreaKey { scene: 3, anchor: (1216, 1408) }
area teleport in scene 3 at frame 22607: (1168, 1368) -> (1248, 1456)
continuing target event=71 across area (1216, 1408) path=0
target scene=3 area=(1216, 1408) event=54 script=4647 mode=5 state=1 player=(1248, 1456) pos=(992, 1472) path=16
marked destination touch VisitKey { scene: 3, area: (1152, 1344), event_id: 47, trigger_script: 33, trigger_mode: 4, state: 1 }
learned exit AreaKey { scene: 3, anchor: (1216, 1408) } event=47 -> AreaKey { scene: 3, anchor: (1152, 1344) }
area teleport in scene 3 at frame 22620: (1248, 1456) -> (1168, 1368)
target scene=3 area=(1152, 1344) event=71 script=8146 mode=1 state=1 player=(1168, 1368) pos=(1296, 1448) path=61
marked destination touch VisitKey { scene: 3, area: (1216, 1408), event_id: 48, trigger_script: 60, trigger_mode: 4, state: 1 }
learned exit AreaKey { scene: 3, anchor: (1152, 1344) } event=48 -> AreaKey { scene: 3, anchor: (1216, 1408) }
area teleport in scene 3 at frame 22637: (1168, 1368) -> (1248, 1456)
continuing target event=71 across area (1216, 1408) path=0
target scene=3 area=(1216, 1408) event=54 script=4647 mode=5 state=1 player=(1248, 1456) pos=(992, 1472) path=16
marked destination touch VisitKey { scene: 3, area: (1152, 1344), event_id: 47, trigger_script: 33, trigger_mode: 4, state: 1 }
learned exit AreaKey { scene: 3, anchor: (1216, 1408) } event=47 -> AreaKey { scene: 3, anchor: (1152, 1344) }
area teleport in scene 3 at frame 22650: (1248, 1456) -> (1168, 1368)
target scene=3 area=(1152, 1344) event=71 script=8146 mode=1 state=1 player=(1168, 1368) pos=(1296, 1448) path=61
marked destination touch VisitKey { scene: 3, area: (1216, 1408), event_id: 48, trigger_script: 60, trigger_mode: 4, state: 1 }
learned exit AreaKey { scene: 3, anchor: (1152, 1344) } event=48 -> AreaKey { scene: 3, anchor: (1216, 1408) }
area teleport in scene 3 at frame 22667: (1168, 1368) -> (1248, 1456)
continuing target event=71 across area (1216, 1408) path=0
target scene=3 area=(1216, 1408) event=54 script=4647 mode=5 state=1 player=(1248, 1456) pos=(992, 1472) path=16
marked destination touch VisitKey { scene: 3, area: (1152, 1344), event_id: 47, trigger_script: 33, trigger_mode: 4, state: 1 }
learned exit AreaKey { scene: 3, anchor: (1216, 1408) } event=47 -> AreaKey { scene: 3, anchor: (1152, 1344) }
area teleport in scene 3 at frame 22680: (1248, 1456) -> (1168, 1368)
target scene=3 area=(1152, 1344) event=71 script=8146 mode=1 state=1 player=(1168, 1368) pos=(1296, 1448) path=61
marked destination touch VisitKey { scene: 3, area: (1216, 1408), event_id: 48, trigger_script: 60, trigger_mode: 4, state: 1 }
learned exit AreaKey { scene: 3, anchor: (1152, 1344) } event=48 -> AreaKey { scene: 3, anchor: (1216, 1408) }
area teleport in scene 3 at frame 22697: (1168, 1368) -> (1248, 1456)
continuing target event=71 across area (1216, 1408) path=0
target scene=3 area=(1216, 1408) event=54 script=4647 mode=5 state=1 player=(1248, 1456) pos=(992, 1472) path=16
marked destination touch VisitKey { scene: 3, area: (1152, 1344), event_id: 47, trigger_script: 33, trigger_mode: 4, state: 1 }
learned exit AreaKey { scene: 3, anchor: (1216, 1408) } event=47 -> AreaKey { scene: 3, anchor: (1152, 1344) }
area teleport in scene 3 at frame 22710: (1248, 1456) -> (1168, 1368)
target scene=3 area=(1152, 1344) event=71 script=8146 mode=1 state=1 player=(1168, 1368) pos=(1296, 1448) path=61
marked destination touch VisitKey { scene: 3, area: (1216, 1408), event_id: 48, trigger_script: 60, trigger_mode: 4, state: 1 }
learned exit AreaKey { scene: 3, anchor: (1152, 1344) } event=48 -> AreaKey { scene: 3, anchor: (1216, 1408) }
area teleport in scene 3 at frame 22727: (1168, 1368) -> (1248, 1456)
continuing target event=71 across area (1216, 1408) path=0
target scene=3 area=(1216, 1408) event=54 script=4647 mode=5 state=1 player=(1248, 1456) pos=(992, 1472) path=16
marked destination touch VisitKey { scene: 3, area: (1152, 1344), event_id: 47, trigger_script: 33, trigger_mode: 4, state: 1 }
learned exit AreaKey { scene: 3, anchor: (1216, 1408) } event=47 -> AreaKey { scene: 3, anchor: (1152, 1344) }
area teleport in scene 3 at frame 22740: (1248, 1456) -> (1168, 1368)
target scene=3 area=(1152, 1344) event=71 script=8146 mode=1 state=1 player=(1168, 1368) pos=(1296, 1448) path=61
marked destination touch VisitKey { scene: 3, area: (1216, 1408), event_id: 48, trigger_script: 60, trigger_mode: 4, state: 1 }
learned exit AreaKey { scene: 3, anchor: (1152, 1344) } event=48 -> AreaKey { scene: 3, anchor: (1216, 1408) }
area teleport in scene 3 at frame 22757: (1168, 1368) -> (1248, 1456)
continuing target event=71 across area (1216, 1408) path=0
target scene=3 area=(1216, 1408) event=54 script=4647 mode=5 state=1 player=(1248, 1456) pos=(992, 1472) path=16
marked destination touch VisitKey { scene: 3, area: (1152, 1344), event_id: 47, trigger_script: 33, trigger_mode: 4, state: 1 }
learned exit AreaKey { scene: 3, anchor: (1216, 1408) } event=47 -> AreaKey { scene: 3, anchor: (1152, 1344) }
area teleport in scene 3 at frame 22770: (1248, 1456) -> (1168, 1368)
target scene=3 area=(1152, 1344) event=71 script=8146 mode=1 state=1 player=(1168, 1368) pos=(1296, 1448) path=61
marked destination touch VisitKey { scene: 3, area: (1216, 1408), event_id: 48, trigger_script: 60, trigger_mode: 4, state: 1 }
learned exit AreaKey { scene: 3, anchor: (1152, 1344) } event=48 -> AreaKey { scene: 3, anchor: (1216, 1408) }
area teleport in scene 3 at frame 22787: (1168, 1368) -> (1248, 1456)
continuing target event=71 across area (1216, 1408) path=0
target scene=3 area=(1216, 1408) event=54 script=4647 mode=5 state=1 player=(1248, 1456) pos=(992, 1472) path=16
marked destination touch VisitKey { scene: 3, area: (1152, 1344), event_id: 47, trigger_script: 33, trigger_mode: 4, state: 1 }
learned exit AreaKey { scene: 3, anchor: (1216, 1408) } event=47 -> AreaKey { scene: 3, anchor: (1152, 1344) }
area teleport in scene 3 at frame 22800: (1248, 1456) -> (1168, 1368)
target scene=3 area=(1152, 1344) event=71 script=8146 mode=1 state=1 player=(1168, 1368) pos=(1296, 1448) path=61
marked destination touch VisitKey { scene: 3, area: (1216, 1408), event_id: 48, trigger_script: 60, trigger_mode: 4, state: 1 }
learned exit AreaKey { scene: 3, anchor: (1152, 1344) } event=48 -> AreaKey { scene: 3, anchor: (1216, 1408) }
area teleport in scene 3 at frame 22817: (1168, 1368) -> (1248, 1456)
continuing target event=71 across area (1216, 1408) path=0
target scene=3 area=(1216, 1408) event=54 script=4647 mode=5 state=1 player=(1248, 1456) pos=(992, 1472) path=16
marked destination touch VisitKey { scene: 3, area: (1152, 1344), event_id: 47, trigger_script: 33, trigger_mode: 4, state: 1 }
learned exit AreaKey { scene: 3, anchor: (1216, 1408) } event=47 -> AreaKey { scene: 3, anchor: (1152, 1344) }
area teleport in scene 3 at frame 22830: (1248, 1456) -> (1168, 1368)
target scene=3 area=(1152, 1344) event=71 script=8146 mode=1 state=1 player=(1168, 1368) pos=(1296, 1448) path=61
marked destination touch VisitKey { scene: 3, area: (1216, 1408), event_id: 48, trigger_script: 60, trigger_mode: 4, state: 1 }
learned exit AreaKey { scene: 3, anchor: (1152, 1344) } event=48 -> AreaKey { scene: 3, anchor: (1216, 1408) }
area teleport in scene 3 at frame 22847: (1168, 1368) -> (1248, 1456)
continuing target event=71 across area (1216, 1408) path=0
target scene=3 area=(1216, 1408) event=54 script=4647 mode=5 state=1 player=(1248, 1456) pos=(992, 1472) path=16
marked destination touch VisitKey { scene: 3, area: (1152, 1344), event_id: 47, trigger_script: 33, trigger_mode: 4, state: 1 }
learned exit AreaKey { scene: 3, anchor: (1216, 1408) } event=47 -> AreaKey { scene: 3, anchor: (1152, 1344) }
area teleport in scene 3 at frame 22860: (1248, 1456) -> (1168, 1368)
target scene=3 area=(1152, 1344) event=71 script=8146 mode=1 state=1 player=(1168, 1368) pos=(1296, 1448) path=61
marked destination touch VisitKey { scene: 3, area: (1216, 1408), event_id: 48, trigger_script: 60, trigger_mode: 4, state: 1 }
learned exit AreaKey { scene: 3, anchor: (1152, 1344) } event=48 -> AreaKey { scene: 3, anchor: (1216, 1408) }
area teleport in scene 3 at frame 22877: (1168, 1368) -> (1248, 1456)
continuing target event=71 across area (1216, 1408) path=0
target scene=3 area=(1216, 1408) event=54 script=4647 mode=5 state=1 player=(1248, 1456) pos=(992, 1472) path=16
marked destination touch VisitKey { scene: 3, area: (1152, 1344), event_id: 47, trigger_script: 33, trigger_mode: 4, state: 1 }
learned exit AreaKey { scene: 3, anchor: (1216, 1408) } event=47 -> AreaKey { scene: 3, anchor: (1152, 1344) }
area teleport in scene 3 at frame 22890: (1248, 1456) -> (1168, 1368)
target scene=3 area=(1152, 1344) event=71 script=8146 mode=1 state=1 player=(1168, 1368) pos=(1296, 1448) path=61
marked destination touch VisitKey { scene: 3, area: (1216, 1408), event_id: 48, trigger_script: 60, trigger_mode: 4, state: 1 }
learned exit AreaKey { scene: 3, anchor: (1152, 1344) } event=48 -> AreaKey { scene: 3, anchor: (1216, 1408) }
area teleport in scene 3 at frame 22907: (1168, 1368) -> (1248, 1456)
continuing target event=71 across area (1216, 1408) path=0
target scene=3 area=(1216, 1408) event=54 script=4647 mode=5 state=1 player=(1248, 1456) pos=(992, 1472) path=16
marked destination touch VisitKey { scene: 3, area: (1152, 1344), event_id: 47, trigger_script: 33, trigger_mode: 4, state: 1 }
learned exit AreaKey { scene: 3, anchor: (1216, 1408) } event=47 -> AreaKey { scene: 3, anchor: (1152, 1344) }
area teleport in scene 3 at frame 22920: (1248, 1456) -> (1168, 1368)
target scene=3 area=(1152, 1344) event=71 script=8146 mode=1 state=1 player=(1168, 1368) pos=(1296, 1448) path=61
marked destination touch VisitKey { scene: 3, area: (1216, 1408), event_id: 48, trigger_script: 60, trigger_mode: 4, state: 1 }
learned exit AreaKey { scene: 3, anchor: (1152, 1344) } event=48 -> AreaKey { scene: 3, anchor: (1216, 1408) }
area teleport in scene 3 at frame 22937: (1168, 1368) -> (1248, 1456)
continuing target event=71 across area (1216, 1408) path=0
target scene=3 area=(1216, 1408) event=54 script=4647 mode=5 state=1 player=(1248, 1456) pos=(992, 1472) path=16
marked destination touch VisitKey { scene: 3, area: (1152, 1344), event_id: 47, trigger_script: 33, trigger_mode: 4, state: 1 }
learned exit AreaKey { scene: 3, anchor: (1216, 1408) } event=47 -> AreaKey { scene: 3, anchor: (1152, 1344) }
area teleport in scene 3 at frame 22950: (1248, 1456) -> (1168, 1368)
target scene=3 area=(1152, 1344) event=71 script=8146 mode=1 state=1 player=(1168, 1368) pos=(1296, 1448) path=61
marked destination touch VisitKey { scene: 3, area: (1216, 1408), event_id: 48, trigger_script: 60, trigger_mode: 4, state: 1 }
learned exit AreaKey { scene: 3, anchor: (1152, 1344) } event=48 -> AreaKey { scene: 3, anchor: (1216, 1408) }
area teleport in scene 3 at frame 22967: (1168, 1368) -> (1248, 1456)
continuing target event=71 across area (1216, 1408) path=0
target scene=3 area=(1216, 1408) event=54 script=4647 mode=5 state=1 player=(1248, 1456) pos=(992, 1472) path=16
marked destination touch VisitKey { scene: 3, area: (1152, 1344), event_id: 47, trigger_script: 33, trigger_mode: 4, state: 1 }
learned exit AreaKey { scene: 3, anchor: (1216, 1408) } event=47 -> AreaKey { scene: 3, anchor: (1152, 1344) }
area teleport in scene 3 at frame 22980: (1248, 1456) -> (1168, 1368)
target scene=3 area=(1152, 1344) event=71 script=8146 mode=1 state=1 player=(1168, 1368) pos=(1296, 1448) path=61
marked destination touch VisitKey { scene: 3, area: (1216, 1408), event_id: 48, trigger_script: 60, trigger_mode: 4, state: 1 }
learned exit AreaKey { scene: 3, anchor: (1152, 1344) } event=48 -> AreaKey { scene: 3, anchor: (1216, 1408) }
area teleport in scene 3 at frame 22997: (1168, 1368) -> (1248, 1456)
continuing target event=71 across area (1216, 1408) path=0
target scene=3 area=(1216, 1408) event=54 script=4647 mode=5 state=1 player=(1248, 1456) pos=(992, 1472) path=16
marked destination touch VisitKey { scene: 3, area: (1152, 1344), event_id: 47, trigger_script: 33, trigger_mode: 4, state: 1 }
learned exit AreaKey { scene: 3, anchor: (1216, 1408) } event=47 -> AreaKey { scene: 3, anchor: (1152, 1344) }
area teleport in scene 3 at frame 23010: (1248, 1456) -> (1168, 1368)
target scene=3 area=(1152, 1344) event=71 script=8146 mode=1 state=1 player=(1168, 1368) pos=(1296, 1448) path=61
marked destination touch VisitKey { scene: 3, area: (1216, 1408), event_id: 48, trigger_script: 60, trigger_mode: 4, state: 1 }
learned exit AreaKey { scene: 3, anchor: (1152, 1344) } event=48 -> AreaKey { scene: 3, anchor: (1216, 1408) }
area teleport in scene 3 at frame 23027: (1168, 1368) -> (1248, 1456)
continuing target event=71 across area (1216, 1408) path=0
target scene=3 area=(1216, 1408) event=54 script=4647 mode=5 state=1 player=(1248, 1456) pos=(992, 1472) path=16
marked destination touch VisitKey { scene: 3, area: (1152, 1344), event_id: 47, trigger_script: 33, trigger_mode: 4, state: 1 }
learned exit AreaKey { scene: 3, anchor: (1216, 1408) } event=47 -> AreaKey { scene: 3, anchor: (1152, 1344) }
area teleport in scene 3 at frame 23040: (1248, 1456) -> (1168, 1368)
target scene=3 area=(1152, 1344) event=71 script=8146 mode=1 state=1 player=(1168, 1368) pos=(1296, 1448) path=61
marked destination touch VisitKey { scene: 3, area: (1216, 1408), event_id: 48, trigger_script: 60, trigger_mode: 4, state: 1 }
learned exit AreaKey { scene: 3, anchor: (1152, 1344) } event=48 -> AreaKey { scene: 3, anchor: (1216, 1408) }
area teleport in scene 3 at frame 23057: (1168, 1368) -> (1248, 1456)
continuing target event=71 across area (1216, 1408) path=0
target scene=3 area=(1216, 1408) event=54 script=4647 mode=5 state=1 player=(1248, 1456) pos=(992, 1472) path=16
marked destination touch VisitKey { scene: 3, area: (1152, 1344), event_id: 47, trigger_script: 33, trigger_mode: 4, state: 1 }
learned exit AreaKey { scene: 3, anchor: (1216, 1408) } event=47 -> AreaKey { scene: 3, anchor: (1152, 1344) }
area teleport in scene 3 at frame 23070: (1248, 1456) -> (1168, 1368)
target scene=3 area=(1152, 1344) event=71 script=8146 mode=1 state=1 player=(1168, 1368) pos=(1296, 1448) path=61
marked destination touch VisitKey { scene: 3, area: (1216, 1408), event_id: 48, trigger_script: 60, trigger_mode: 4, state: 1 }
learned exit AreaKey { scene: 3, anchor: (1152, 1344) } event=48 -> AreaKey { scene: 3, anchor: (1216, 1408) }
area teleport in scene 3 at frame 23087: (1168, 1368) -> (1248, 1456)
continuing target event=71 across area (1216, 1408) path=0
target scene=3 area=(1216, 1408) event=54 script=4647 mode=5 state=1 player=(1248, 1456) pos=(992, 1472) path=16
marked destination touch VisitKey { scene: 3, area: (1152, 1344), event_id: 47, trigger_script: 33, trigger_mode: 4, state: 1 }
learned exit AreaKey { scene: 3, anchor: (1216, 1408) } event=47 -> AreaKey { scene: 3, anchor: (1152, 1344) }
area teleport in scene 3 at frame 23100: (1248, 1456) -> (1168, 1368)
target scene=3 area=(1152, 1344) event=71 script=8146 mode=1 state=1 player=(1168, 1368) pos=(1296, 1448) path=61
marked destination touch VisitKey { scene: 3, area: (1216, 1408), event_id: 48, trigger_script: 60, trigger_mode: 4, state: 1 }
learned exit AreaKey { scene: 3, anchor: (1152, 1344) } event=48 -> AreaKey { scene: 3, anchor: (1216, 1408) }
area teleport in scene 3 at frame 23117: (1168, 1368) -> (1248, 1456)
continuing target event=71 across area (1216, 1408) path=0
target scene=3 area=(1216, 1408) event=54 script=4647 mode=5 state=1 player=(1248, 1456) pos=(992, 1472) path=16
marked destination touch VisitKey { scene: 3, area: (1152, 1344), event_id: 47, trigger_script: 33, trigger_mode: 4, state: 1 }
learned exit AreaKey { scene: 3, anchor: (1216, 1408) } event=47 -> AreaKey { scene: 3, anchor: (1152, 1344) }
area teleport in scene 3 at frame 23130: (1248, 1456) -> (1168, 1368)
target scene=3 area=(1152, 1344) event=71 script=8146 mode=1 state=1 player=(1168, 1368) pos=(1296, 1448) path=61
marked destination touch VisitKey { scene: 3, area: (1216, 1408), event_id: 48, trigger_script: 60, trigger_mode: 4, state: 1 }
learned exit AreaKey { scene: 3, anchor: (1152, 1344) } event=48 -> AreaKey { scene: 3, anchor: (1216, 1408) }
area teleport in scene 3 at frame 23147: (1168, 1368) -> (1248, 1456)
continuing target event=71 across area (1216, 1408) path=0
target scene=3 area=(1216, 1408) event=54 script=4647 mode=5 state=1 player=(1248, 1456) pos=(992, 1472) path=16
marked destination touch VisitKey { scene: 3, area: (1152, 1344), event_id: 47, trigger_script: 33, trigger_mode: 4, state: 1 }
learned exit AreaKey { scene: 3, anchor: (1216, 1408) } event=47 -> AreaKey { scene: 3, anchor: (1152, 1344) }
area teleport in scene 3 at frame 23160: (1248, 1456) -> (1168, 1368)
target scene=3 area=(1152, 1344) event=71 script=8146 mode=1 state=1 player=(1168, 1368) pos=(1296, 1448) path=61
marked destination touch VisitKey { scene: 3, area: (1216, 1408), event_id: 48, trigger_script: 60, trigger_mode: 4, state: 1 }
learned exit AreaKey { scene: 3, anchor: (1152, 1344) } event=48 -> AreaKey { scene: 3, anchor: (1216, 1408) }
area teleport in scene 3 at frame 23177: (1168, 1368) -> (1248, 1456)
continuing target event=71 across area (1216, 1408) path=0
target scene=3 area=(1216, 1408) event=54 script=4647 mode=5 state=1 player=(1248, 1456) pos=(992, 1472) path=16
marked destination touch VisitKey { scene: 3, area: (1152, 1344), event_id: 47, trigger_script: 33, trigger_mode: 4, state: 1 }
learned exit AreaKey { scene: 3, anchor: (1216, 1408) } event=47 -> AreaKey { scene: 3, anchor: (1152, 1344) }
area teleport in scene 3 at frame 23190: (1248, 1456) -> (1168, 1368)
target scene=3 area=(1152, 1344) event=71 script=8146 mode=1 state=1 player=(1168, 1368) pos=(1296, 1448) path=61
marked destination touch VisitKey { scene: 3, area: (1216, 1408), event_id: 48, trigger_script: 60, trigger_mode: 4, state: 1 }
learned exit AreaKey { scene: 3, anchor: (1152, 1344) } event=48 -> AreaKey { scene: 3, anchor: (1216, 1408) }
area teleport in scene 3 at frame 23207: (1168, 1368) -> (1248, 1456)
continuing target event=71 across area (1216, 1408) path=0
target scene=3 area=(1216, 1408) event=54 script=4647 mode=5 state=1 player=(1248, 1456) pos=(992, 1472) path=16
marked destination touch VisitKey { scene: 3, area: (1152, 1344), event_id: 47, trigger_script: 33, trigger_mode: 4, state: 1 }
learned exit AreaKey { scene: 3, anchor: (1216, 1408) } event=47 -> AreaKey { scene: 3, anchor: (1152, 1344) }
area teleport in scene 3 at frame 23220: (1248, 1456) -> (1168, 1368)
target scene=3 area=(1152, 1344) event=71 script=8146 mode=1 state=1 player=(1168, 1368) pos=(1296, 1448) path=61
marked destination touch VisitKey { scene: 3, area: (1216, 1408), event_id: 48, trigger_script: 60, trigger_mode: 4, state: 1 }
learned exit AreaKey { scene: 3, anchor: (1152, 1344) } event=48 -> AreaKey { scene: 3, anchor: (1216, 1408) }
area teleport in scene 3 at frame 23237: (1168, 1368) -> (1248, 1456)
continuing target event=71 across area (1216, 1408) path=0
target scene=3 area=(1216, 1408) event=54 script=4647 mode=5 state=1 player=(1248, 1456) pos=(992, 1472) path=16
marked destination touch VisitKey { scene: 3, area: (1152, 1344), event_id: 47, trigger_script: 33, trigger_mode: 4, state: 1 }
learned exit AreaKey { scene: 3, anchor: (1216, 1408) } event=47 -> AreaKey { scene: 3, anchor: (1152, 1344) }
area teleport in scene 3 at frame 23250: (1248, 1456) -> (1168, 1368)
target scene=3 area=(1152, 1344) event=71 script=8146 mode=1 state=1 player=(1168, 1368) pos=(1296, 1448) path=61
marked destination touch VisitKey { scene: 3, area: (1216, 1408), event_id: 48, trigger_script: 60, trigger_mode: 4, state: 1 }
learned exit AreaKey { scene: 3, anchor: (1152, 1344) } event=48 -> AreaKey { scene: 3, anchor: (1216, 1408) }
area teleport in scene 3 at frame 23267: (1168, 1368) -> (1248, 1456)
continuing target event=71 across area (1216, 1408) path=0
target scene=3 area=(1216, 1408) event=54 script=4647 mode=5 state=1 player=(1248, 1456) pos=(992, 1472) path=16
marked destination touch VisitKey { scene: 3, area: (1152, 1344), event_id: 47, trigger_script: 33, trigger_mode: 4, state: 1 }
learned exit AreaKey { scene: 3, anchor: (1216, 1408) } event=47 -> AreaKey { scene: 3, anchor: (1152, 1344) }
area teleport in scene 3 at frame 23280: (1248, 1456) -> (1168, 1368)
target scene=3 area=(1152, 1344) event=71 script=8146 mode=1 state=1 player=(1168, 1368) pos=(1296, 1448) path=61
marked destination touch VisitKey { scene: 3, area: (1216, 1408), event_id: 48, trigger_script: 60, trigger_mode: 4, state: 1 }
learned exit AreaKey { scene: 3, anchor: (1152, 1344) } event=48 -> AreaKey { scene: 3, anchor: (1216, 1408) }
area teleport in scene 3 at frame 23297: (1168, 1368) -> (1248, 1456)
continuing target event=71 across area (1216, 1408) path=0
target scene=3 area=(1216, 1408) event=54 script=4647 mode=5 state=1 player=(1248, 1456) pos=(992, 1472) path=16
marked destination touch VisitKey { scene: 3, area: (1152, 1344), event_id: 47, trigger_script: 33, trigger_mode: 4, state: 1 }
learned exit AreaKey { scene: 3, anchor: (1216, 1408) } event=47 -> AreaKey { scene: 3, anchor: (1152, 1344) }
area teleport in scene 3 at frame 23310: (1248, 1456) -> (1168, 1368)
target scene=3 area=(1152, 1344) event=71 script=8146 mode=1 state=1 player=(1168, 1368) pos=(1296, 1448) path=61
marked destination touch VisitKey { scene: 3, area: (1216, 1408), event_id: 48, trigger_script: 60, trigger_mode: 4, state: 1 }
learned exit AreaKey { scene: 3, anchor: (1152, 1344) } event=48 -> AreaKey { scene: 3, anchor: (1216, 1408) }
area teleport in scene 3 at frame 23327: (1168, 1368) -> (1248, 1456)
continuing target event=71 across area (1216, 1408) path=0
target scene=3 area=(1216, 1408) event=54 script=4647 mode=5 state=1 player=(1248, 1456) pos=(992, 1472) path=16
marked destination touch VisitKey { scene: 3, area: (1152, 1344), event_id: 47, trigger_script: 33, trigger_mode: 4, state: 1 }
learned exit AreaKey { scene: 3, anchor: (1216, 1408) } event=47 -> AreaKey { scene: 3, anchor: (1152, 1344) }
area teleport in scene 3 at frame 23340: (1248, 1456) -> (1168, 1368)
target scene=3 area=(1152, 1344) event=71 script=8146 mode=1 state=1 player=(1168, 1368) pos=(1296, 1448) path=61
marked destination touch VisitKey { scene: 3, area: (1216, 1408), event_id: 48, trigger_script: 60, trigger_mode: 4, state: 1 }
learned exit AreaKey { scene: 3, anchor: (1152, 1344) } event=48 -> AreaKey { scene: 3, anchor: (1216, 1408) }
area teleport in scene 3 at frame 23357: (1168, 1368) -> (1248, 1456)
continuing target event=71 across area (1216, 1408) path=0
target scene=3 area=(1216, 1408) event=54 script=4647 mode=5 state=1 player=(1248, 1456) pos=(992, 1472) path=16
marked destination touch VisitKey { scene: 3, area: (1152, 1344), event_id: 47, trigger_script: 33, trigger_mode: 4, state: 1 }
learned exit AreaKey { scene: 3, anchor: (1216, 1408) } event=47 -> AreaKey { scene: 3, anchor: (1152, 1344) }
area teleport in scene 3 at frame 23370: (1248, 1456) -> (1168, 1368)
target scene=3 area=(1152, 1344) event=71 script=8146 mode=1 state=1 player=(1168, 1368) pos=(1296, 1448) path=61
marked destination touch VisitKey { scene: 3, area: (1216, 1408), event_id: 48, trigger_script: 60, trigger_mode: 4, state: 1 }
learned exit AreaKey { scene: 3, anchor: (1152, 1344) } event=48 -> AreaKey { scene: 3, anchor: (1216, 1408) }
area teleport in scene 3 at frame 23387: (1168, 1368) -> (1248, 1456)
continuing target event=71 across area (1216, 1408) path=0
target scene=3 area=(1216, 1408) event=54 script=4647 mode=5 state=1 player=(1248, 1456) pos=(992, 1472) path=16
marked destination touch VisitKey { scene: 3, area: (1152, 1344), event_id: 47, trigger_script: 33, trigger_mode: 4, state: 1 }
learned exit AreaKey { scene: 3, anchor: (1216, 1408) } event=47 -> AreaKey { scene: 3, anchor: (1152, 1344) }
area teleport in scene 3 at frame 23400: (1248, 1456) -> (1168, 1368)
target scene=3 area=(1152, 1344) event=71 script=8146 mode=1 state=1 player=(1168, 1368) pos=(1296, 1448) path=61
marked destination touch VisitKey { scene: 3, area: (1216, 1408), event_id: 48, trigger_script: 60, trigger_mode: 4, state: 1 }
learned exit AreaKey { scene: 3, anchor: (1152, 1344) } event=48 -> AreaKey { scene: 3, anchor: (1216, 1408) }
area teleport in scene 3 at frame 23417: (1168, 1368) -> (1248, 1456)
continuing target event=71 across area (1216, 1408) path=0
target scene=3 area=(1216, 1408) event=54 script=4647 mode=5 state=1 player=(1248, 1456) pos=(992, 1472) path=16
marked destination touch VisitKey { scene: 3, area: (1152, 1344), event_id: 47, trigger_script: 33, trigger_mode: 4, state: 1 }
learned exit AreaKey { scene: 3, anchor: (1216, 1408) } event=47 -> AreaKey { scene: 3, anchor: (1152, 1344) }
area teleport in scene 3 at frame 23430: (1248, 1456) -> (1168, 1368)
target scene=3 area=(1152, 1344) event=71 script=8146 mode=1 state=1 player=(1168, 1368) pos=(1296, 1448) path=61
marked destination touch VisitKey { scene: 3, area: (1216, 1408), event_id: 48, trigger_script: 60, trigger_mode: 4, state: 1 }
learned exit AreaKey { scene: 3, anchor: (1152, 1344) } event=48 -> AreaKey { scene: 3, anchor: (1216, 1408) }
area teleport in scene 3 at frame 23447: (1168, 1368) -> (1248, 1456)
continuing target event=71 across area (1216, 1408) path=0
target scene=3 area=(1216, 1408) event=54 script=4647 mode=5 state=1 player=(1248, 1456) pos=(992, 1472) path=16
marked destination touch VisitKey { scene: 3, area: (1152, 1344), event_id: 47, trigger_script: 33, trigger_mode: 4, state: 1 }
learned exit AreaKey { scene: 3, anchor: (1216, 1408) } event=47 -> AreaKey { scene: 3, anchor: (1152, 1344) }
area teleport in scene 3 at frame 23460: (1248, 1456) -> (1168, 1368)
target scene=3 area=(1152, 1344) event=71 script=8146 mode=1 state=1 player=(1168, 1368) pos=(1296, 1448) path=61
marked destination touch VisitKey { scene: 3, area: (1216, 1408), event_id: 48, trigger_script: 60, trigger_mode: 4, state: 1 }
learned exit AreaKey { scene: 3, anchor: (1152, 1344) } event=48 -> AreaKey { scene: 3, anchor: (1216, 1408) }
area teleport in scene 3 at frame 23477: (1168, 1368) -> (1248, 1456)
continuing target event=71 across area (1216, 1408) path=0
target scene=3 area=(1216, 1408) event=54 script=4647 mode=5 state=1 player=(1248, 1456) pos=(992, 1472) path=16
marked destination touch VisitKey { scene: 3, area: (1152, 1344), event_id: 47, trigger_script: 33, trigger_mode: 4, state: 1 }
learned exit AreaKey { scene: 3, anchor: (1216, 1408) } event=47 -> AreaKey { scene: 3, anchor: (1152, 1344) }
area teleport in scene 3 at frame 23490: (1248, 1456) -> (1168, 1368)
target scene=3 area=(1152, 1344) event=71 script=8146 mode=1 state=1 player=(1168, 1368) pos=(1296, 1448) path=61
marked destination touch VisitKey { scene: 3, area: (1216, 1408), event_id: 48, trigger_script: 60, trigger_mode: 4, state: 1 }
learned exit AreaKey { scene: 3, anchor: (1152, 1344) } event=48 -> AreaKey { scene: 3, anchor: (1216, 1408) }
area teleport in scene 3 at frame 23507: (1168, 1368) -> (1248, 1456)
continuing target event=71 across area (1216, 1408) path=0
target scene=3 area=(1216, 1408) event=54 script=4647 mode=5 state=1 player=(1248, 1456) pos=(992, 1472) path=16
marked destination touch VisitKey { scene: 3, area: (1152, 1344), event_id: 47, trigger_script: 33, trigger_mode: 4, state: 1 }
learned exit AreaKey { scene: 3, anchor: (1216, 1408) } event=47 -> AreaKey { scene: 3, anchor: (1152, 1344) }
area teleport in scene 3 at frame 23520: (1248, 1456) -> (1168, 1368)
target scene=3 area=(1152, 1344) event=71 script=8146 mode=1 state=1 player=(1168, 1368) pos=(1296, 1448) path=61
marked destination touch VisitKey { scene: 3, area: (1216, 1408), event_id: 48, trigger_script: 60, trigger_mode: 4, state: 1 }
learned exit AreaKey { scene: 3, anchor: (1152, 1344) } event=48 -> AreaKey { scene: 3, anchor: (1216, 1408) }
area teleport in scene 3 at frame 23537: (1168, 1368) -> (1248, 1456)
continuing target event=71 across area (1216, 1408) path=0
target scene=3 area=(1216, 1408) event=54 script=4647 mode=5 state=1 player=(1248, 1456) pos=(992, 1472) path=16
marked destination touch VisitKey { scene: 3, area: (1152, 1344), event_id: 47, trigger_script: 33, trigger_mode: 4, state: 1 }
learned exit AreaKey { scene: 3, anchor: (1216, 1408) } event=47 -> AreaKey { scene: 3, anchor: (1152, 1344) }
area teleport in scene 3 at frame 23550: (1248, 1456) -> (1168, 1368)
target scene=3 area=(1152, 1344) event=71 script=8146 mode=1 state=1 player=(1168, 1368) pos=(1296, 1448) path=61
marked destination touch VisitKey { scene: 3, area: (1216, 1408), event_id: 48, trigger_script: 60, trigger_mode: 4, state: 1 }
learned exit AreaKey { scene: 3, anchor: (1152, 1344) } event=48 -> AreaKey { scene: 3, anchor: (1216, 1408) }
area teleport in scene 3 at frame 23567: (1168, 1368) -> (1248, 1456)
continuing target event=71 across area (1216, 1408) path=0
target scene=3 area=(1216, 1408) event=54 script=4647 mode=5 state=1 player=(1248, 1456) pos=(992, 1472) path=16
marked destination touch VisitKey { scene: 3, area: (1152, 1344), event_id: 47, trigger_script: 33, trigger_mode: 4, state: 1 }
learned exit AreaKey { scene: 3, anchor: (1216, 1408) } event=47 -> AreaKey { scene: 3, anchor: (1152, 1344) }
area teleport in scene 3 at frame 23580: (1248, 1456) -> (1168, 1368)
target scene=3 area=(1152, 1344) event=71 script=8146 mode=1 state=1 player=(1168, 1368) pos=(1296, 1448) path=61
marked destination touch VisitKey { scene: 3, area: (1216, 1408), event_id: 48, trigger_script: 60, trigger_mode: 4, state: 1 }
learned exit AreaKey { scene: 3, anchor: (1152, 1344) } event=48 -> AreaKey { scene: 3, anchor: (1216, 1408) }
area teleport in scene 3 at frame 23597: (1168, 1368) -> (1248, 1456)
continuing target event=71 across area (1216, 1408) path=0
target scene=3 area=(1216, 1408) event=54 script=4647 mode=5 state=1 player=(1248, 1456) pos=(992, 1472) path=16
marked destination touch VisitKey { scene: 3, area: (1152, 1344), event_id: 47, trigger_script: 33, trigger_mode: 4, state: 1 }
learned exit AreaKey { scene: 3, anchor: (1216, 1408) } event=47 -> AreaKey { scene: 3, anchor: (1152, 1344) }
area teleport in scene 3 at frame 23610: (1248, 1456) -> (1168, 1368)
target scene=3 area=(1152, 1344) event=71 script=8146 mode=1 state=1 player=(1168, 1368) pos=(1296, 1448) path=61
marked destination touch VisitKey { scene: 3, area: (1216, 1408), event_id: 48, trigger_script: 60, trigger_mode: 4, state: 1 }
learned exit AreaKey { scene: 3, anchor: (1152, 1344) } event=48 -> AreaKey { scene: 3, anchor: (1216, 1408) }
area teleport in scene 3 at frame 23627: (1168, 1368) -> (1248, 1456)
continuing target event=71 across area (1216, 1408) path=0
target scene=3 area=(1216, 1408) event=54 script=4647 mode=5 state=1 player=(1248, 1456) pos=(992, 1472) path=16
marked destination touch VisitKey { scene: 3, area: (1152, 1344), event_id: 47, trigger_script: 33, trigger_mode: 4, state: 1 }
learned exit AreaKey { scene: 3, anchor: (1216, 1408) } event=47 -> AreaKey { scene: 3, anchor: (1152, 1344) }
area teleport in scene 3 at frame 23640: (1248, 1456) -> (1168, 1368)
target scene=3 area=(1152, 1344) event=71 script=8146 mode=1 state=1 player=(1168, 1368) pos=(1296, 1448) path=61
marked destination touch VisitKey { scene: 3, area: (1216, 1408), event_id: 48, trigger_script: 60, trigger_mode: 4, state: 1 }
learned exit AreaKey { scene: 3, anchor: (1152, 1344) } event=48 -> AreaKey { scene: 3, anchor: (1216, 1408) }
area teleport in scene 3 at frame 23657: (1168, 1368) -> (1248, 1456)
continuing target event=71 across area (1216, 1408) path=0
target scene=3 area=(1216, 1408) event=54 script=4647 mode=5 state=1 player=(1248, 1456) pos=(992, 1472) path=16
marked destination touch VisitKey { scene: 3, area: (1152, 1344), event_id: 47, trigger_script: 33, trigger_mode: 4, state: 1 }
learned exit AreaKey { scene: 3, anchor: (1216, 1408) } event=47 -> AreaKey { scene: 3, anchor: (1152, 1344) }
area teleport in scene 3 at frame 23670: (1248, 1456) -> (1168, 1368)
target scene=3 area=(1152, 1344) event=71 script=8146 mode=1 state=1 player=(1168, 1368) pos=(1296, 1448) path=61
marked destination touch VisitKey { scene: 3, area: (1216, 1408), event_id: 48, trigger_script: 60, trigger_mode: 4, state: 1 }
learned exit AreaKey { scene: 3, anchor: (1152, 1344) } event=48 -> AreaKey { scene: 3, anchor: (1216, 1408) }
area teleport in scene 3 at frame 23687: (1168, 1368) -> (1248, 1456)
continuing target event=71 across area (1216, 1408) path=0
target scene=3 area=(1216, 1408) event=54 script=4647 mode=5 state=1 player=(1248, 1456) pos=(992, 1472) path=16
marked destination touch VisitKey { scene: 3, area: (1152, 1344), event_id: 47, trigger_script: 33, trigger_mode: 4, state: 1 }
learned exit AreaKey { scene: 3, anchor: (1216, 1408) } event=47 -> AreaKey { scene: 3, anchor: (1152, 1344) }
area teleport in scene 3 at frame 23700: (1248, 1456) -> (1168, 1368)
target scene=3 area=(1152, 1344) event=71 script=8146 mode=1 state=1 player=(1168, 1368) pos=(1296, 1448) path=61
marked destination touch VisitKey { scene: 3, area: (1216, 1408), event_id: 48, trigger_script: 60, trigger_mode: 4, state: 1 }
learned exit AreaKey { scene: 3, anchor: (1152, 1344) } event=48 -> AreaKey { scene: 3, anchor: (1216, 1408) }
area teleport in scene 3 at frame 23717: (1168, 1368) -> (1248, 1456)
continuing target event=71 across area (1216, 1408) path=0
target scene=3 area=(1216, 1408) event=54 script=4647 mode=5 state=1 player=(1248, 1456) pos=(992, 1472) path=16
marked destination touch VisitKey { scene: 3, area: (1152, 1344), event_id: 47, trigger_script: 33, trigger_mode: 4, state: 1 }
learned exit AreaKey { scene: 3, anchor: (1216, 1408) } event=47 -> AreaKey { scene: 3, anchor: (1152, 1344) }
area teleport in scene 3 at frame 23730: (1248, 1456) -> (1168, 1368)
target scene=3 area=(1152, 1344) event=71 script=8146 mode=1 state=1 player=(1168, 1368) pos=(1296, 1448) path=61
marked destination touch VisitKey { scene: 3, area: (1216, 1408), event_id: 48, trigger_script: 60, trigger_mode: 4, state: 1 }
learned exit AreaKey { scene: 3, anchor: (1152, 1344) } event=48 -> AreaKey { scene: 3, anchor: (1216, 1408) }
area teleport in scene 3 at frame 23747: (1168, 1368) -> (1248, 1456)
continuing target event=71 across area (1216, 1408) path=0
target scene=3 area=(1216, 1408) event=54 script=4647 mode=5 state=1 player=(1248, 1456) pos=(992, 1472) path=16
marked destination touch VisitKey { scene: 3, area: (1152, 1344), event_id: 47, trigger_script: 33, trigger_mode: 4, state: 1 }
learned exit AreaKey { scene: 3, anchor: (1216, 1408) } event=47 -> AreaKey { scene: 3, anchor: (1152, 1344) }
area teleport in scene 3 at frame 23760: (1248, 1456) -> (1168, 1368)
target scene=3 area=(1152, 1344) event=71 script=8146 mode=1 state=1 player=(1168, 1368) pos=(1296, 1448) path=61
marked destination touch VisitKey { scene: 3, area: (1216, 1408), event_id: 48, trigger_script: 60, trigger_mode: 4, state: 1 }
learned exit AreaKey { scene: 3, anchor: (1152, 1344) } event=48 -> AreaKey { scene: 3, anchor: (1216, 1408) }
area teleport in scene 3 at frame 23777: (1168, 1368) -> (1248, 1456)
continuing target event=71 across area (1216, 1408) path=0
target scene=3 area=(1216, 1408) event=54 script=4647 mode=5 state=1 player=(1248, 1456) pos=(992, 1472) path=16
marked destination touch VisitKey { scene: 3, area: (1152, 1344), event_id: 47, trigger_script: 33, trigger_mode: 4, state: 1 }
learned exit AreaKey { scene: 3, anchor: (1216, 1408) } event=47 -> AreaKey { scene: 3, anchor: (1152, 1344) }
area teleport in scene 3 at frame 23790: (1248, 1456) -> (1168, 1368)
target scene=3 area=(1152, 1344) event=71 script=8146 mode=1 state=1 player=(1168, 1368) pos=(1296, 1448) path=61
marked destination touch VisitKey { scene: 3, area: (1216, 1408), event_id: 48, trigger_script: 60, trigger_mode: 4, state: 1 }
learned exit AreaKey { scene: 3, anchor: (1152, 1344) } event=48 -> AreaKey { scene: 3, anchor: (1216, 1408) }
area teleport in scene 3 at frame 23807: (1168, 1368) -> (1248, 1456)
continuing target event=71 across area (1216, 1408) path=0
target scene=3 area=(1216, 1408) event=54 script=4647 mode=5 state=1 player=(1248, 1456) pos=(992, 1472) path=16
marked destination touch VisitKey { scene: 3, area: (1152, 1344), event_id: 47, trigger_script: 33, trigger_mode: 4, state: 1 }
learned exit AreaKey { scene: 3, anchor: (1216, 1408) } event=47 -> AreaKey { scene: 3, anchor: (1152, 1344) }
area teleport in scene 3 at frame 23820: (1248, 1456) -> (1168, 1368)
target scene=3 area=(1152, 1344) event=71 script=8146 mode=1 state=1 player=(1168, 1368) pos=(1296, 1448) path=61
marked destination touch VisitKey { scene: 3, area: (1216, 1408), event_id: 48, trigger_script: 60, trigger_mode: 4, state: 1 }
learned exit AreaKey { scene: 3, anchor: (1152, 1344) } event=48 -> AreaKey { scene: 3, anchor: (1216, 1408) }
area teleport in scene 3 at frame 23837: (1168, 1368) -> (1248, 1456)
continuing target event=71 across area (1216, 1408) path=0
target scene=3 area=(1216, 1408) event=54 script=4647 mode=5 state=1 player=(1248, 1456) pos=(992, 1472) path=16
marked destination touch VisitKey { scene: 3, area: (1152, 1344), event_id: 47, trigger_script: 33, trigger_mode: 4, state: 1 }
learned exit AreaKey { scene: 3, anchor: (1216, 1408) } event=47 -> AreaKey { scene: 3, anchor: (1152, 1344) }
area teleport in scene 3 at frame 23850: (1248, 1456) -> (1168, 1368)
target scene=3 area=(1152, 1344) event=71 script=8146 mode=1 state=1 player=(1168, 1368) pos=(1296, 1448) path=61
marked destination touch VisitKey { scene: 3, area: (1216, 1408), event_id: 48, trigger_script: 60, trigger_mode: 4, state: 1 }
learned exit AreaKey { scene: 3, anchor: (1152, 1344) } event=48 -> AreaKey { scene: 3, anchor: (1216, 1408) }
area teleport in scene 3 at frame 23867: (1168, 1368) -> (1248, 1456)
continuing target event=71 across area (1216, 1408) path=0
target scene=3 area=(1216, 1408) event=54 script=4647 mode=5 state=1 player=(1248, 1456) pos=(992, 1472) path=16
marked destination touch VisitKey { scene: 3, area: (1152, 1344), event_id: 47, trigger_script: 33, trigger_mode: 4, state: 1 }
learned exit AreaKey { scene: 3, anchor: (1216, 1408) } event=47 -> AreaKey { scene: 3, anchor: (1152, 1344) }
area teleport in scene 3 at frame 23880: (1248, 1456) -> (1168, 1368)
target scene=3 area=(1152, 1344) event=71 script=8146 mode=1 state=1 player=(1168, 1368) pos=(1296, 1448) path=61
marked destination touch VisitKey { scene: 3, area: (1216, 1408), event_id: 48, trigger_script: 60, trigger_mode: 4, state: 1 }
learned exit AreaKey { scene: 3, anchor: (1152, 1344) } event=48 -> AreaKey { scene: 3, anchor: (1216, 1408) }
area teleport in scene 3 at frame 23897: (1168, 1368) -> (1248, 1456)
continuing target event=71 across area (1216, 1408) path=0
target scene=3 area=(1216, 1408) event=54 script=4647 mode=5 state=1 player=(1248, 1456) pos=(992, 1472) path=16
marked destination touch VisitKey { scene: 3, area: (1152, 1344), event_id: 47, trigger_script: 33, trigger_mode: 4, state: 1 }
learned exit AreaKey { scene: 3, anchor: (1216, 1408) } event=47 -> AreaKey { scene: 3, anchor: (1152, 1344) }
area teleport in scene 3 at frame 23910: (1248, 1456) -> (1168, 1368)
target scene=3 area=(1152, 1344) event=71 script=8146 mode=1 state=1 player=(1168, 1368) pos=(1296, 1448) path=61
marked destination touch VisitKey { scene: 3, area: (1216, 1408), event_id: 48, trigger_script: 60, trigger_mode: 4, state: 1 }
learned exit AreaKey { scene: 3, anchor: (1152, 1344) } event=48 -> AreaKey { scene: 3, anchor: (1216, 1408) }
area teleport in scene 3 at frame 23927: (1168, 1368) -> (1248, 1456)
continuing target event=71 across area (1216, 1408) path=0
target scene=3 area=(1216, 1408) event=54 script=4647 mode=5 state=1 player=(1248, 1456) pos=(992, 1472) path=16
marked destination touch VisitKey { scene: 3, area: (1152, 1344), event_id: 47, trigger_script: 33, trigger_mode: 4, state: 1 }
learned exit AreaKey { scene: 3, anchor: (1216, 1408) } event=47 -> AreaKey { scene: 3, anchor: (1152, 1344) }
area teleport in scene 3 at frame 23940: (1248, 1456) -> (1168, 1368)
target scene=3 area=(1152, 1344) event=71 script=8146 mode=1 state=1 player=(1168, 1368) pos=(1296, 1448) path=61
marked destination touch VisitKey { scene: 3, area: (1216, 1408), event_id: 48, trigger_script: 60, trigger_mode: 4, state: 1 }
learned exit AreaKey { scene: 3, anchor: (1152, 1344) } event=48 -> AreaKey { scene: 3, anchor: (1216, 1408) }
area teleport in scene 3 at frame 23957: (1168, 1368) -> (1248, 1456)
continuing target event=71 across area (1216, 1408) path=0
target scene=3 area=(1216, 1408) event=54 script=4647 mode=5 state=1 player=(1248, 1456) pos=(992, 1472) path=16
marked destination touch VisitKey { scene: 3, area: (1152, 1344), event_id: 47, trigger_script: 33, trigger_mode: 4, state: 1 }
learned exit AreaKey { scene: 3, anchor: (1216, 1408) } event=47 -> AreaKey { scene: 3, anchor: (1152, 1344) }
area teleport in scene 3 at frame 23970: (1248, 1456) -> (1168, 1368)
target scene=3 area=(1152, 1344) event=71 script=8146 mode=1 state=1 player=(1168, 1368) pos=(1296, 1448) path=61
marked destination touch VisitKey { scene: 3, area: (1216, 1408), event_id: 48, trigger_script: 60, trigger_mode: 4, state: 1 }
learned exit AreaKey { scene: 3, anchor: (1152, 1344) } event=48 -> AreaKey { scene: 3, anchor: (1216, 1408) }
area teleport in scene 3 at frame 23987: (1168, 1368) -> (1248, 1456)
continuing target event=71 across area (1216, 1408) path=0
target scene=3 area=(1216, 1408) event=54 script=4647 mode=5 state=1 player=(1248, 1456) pos=(992, 1472) path=16
marked destination touch VisitKey { scene: 3, area: (1152, 1344), event_id: 47, trigger_script: 33, trigger_mode: 4, state: 1 }
learned exit AreaKey { scene: 3, anchor: (1216, 1408) } event=47 -> AreaKey { scene: 3, anchor: (1152, 1344) }
area teleport in scene 3 at frame 24000: (1248, 1456) -> (1168, 1368)
target scene=3 area=(1152, 1344) event=71 script=8146 mode=1 state=1 player=(1168, 1368) pos=(1296, 1448) path=61
marked destination touch VisitKey { scene: 3, area: (1216, 1408), event_id: 48, trigger_script: 60, trigger_mode: 4, state: 1 }
learned exit AreaKey { scene: 3, anchor: (1152, 1344) } event=48 -> AreaKey { scene: 3, anchor: (1216, 1408) }
area teleport in scene 3 at frame 24017: (1168, 1368) -> (1248, 1456)
continuing target event=71 across area (1216, 1408) path=0
target scene=3 area=(1216, 1408) event=54 script=4647 mode=5 state=1 player=(1248, 1456) pos=(992, 1472) path=16
marked destination touch VisitKey { scene: 3, area: (1152, 1344), event_id: 47, trigger_script: 33, trigger_mode: 4, state: 1 }
learned exit AreaKey { scene: 3, anchor: (1216, 1408) } event=47 -> AreaKey { scene: 3, anchor: (1152, 1344) }
area teleport in scene 3 at frame 24030: (1248, 1456) -> (1168, 1368)
target scene=3 area=(1152, 1344) event=71 script=8146 mode=1 state=1 player=(1168, 1368) pos=(1296, 1448) path=61
marked destination touch VisitKey { scene: 3, area: (1216, 1408), event_id: 48, trigger_script: 60, trigger_mode: 4, state: 1 }
learned exit AreaKey { scene: 3, anchor: (1152, 1344) } event=48 -> AreaKey { scene: 3, anchor: (1216, 1408) }
area teleport in scene 3 at frame 24047: (1168, 1368) -> (1248, 1456)
continuing target event=71 across area (1216, 1408) path=0
target scene=3 area=(1216, 1408) event=54 script=4647 mode=5 state=1 player=(1248, 1456) pos=(992, 1472) path=16
marked destination touch VisitKey { scene: 3, area: (1152, 1344), event_id: 47, trigger_script: 33, trigger_mode: 4, state: 1 }
learned exit AreaKey { scene: 3, anchor: (1216, 1408) } event=47 -> AreaKey { scene: 3, anchor: (1152, 1344) }
area teleport in scene 3 at frame 24060: (1248, 1456) -> (1168, 1368)
target scene=3 area=(1152, 1344) event=71 script=8146 mode=1 state=1 player=(1168, 1368) pos=(1296, 1448) path=61
marked destination touch VisitKey { scene: 3, area: (1216, 1408), event_id: 48, trigger_script: 60, trigger_mode: 4, state: 1 }
learned exit AreaKey { scene: 3, anchor: (1152, 1344) } event=48 -> AreaKey { scene: 3, anchor: (1216, 1408) }
area teleport in scene 3 at frame 24077: (1168, 1368) -> (1248, 1456)
continuing target event=71 across area (1216, 1408) path=0
target scene=3 area=(1216, 1408) event=54 script=4647 mode=5 state=1 player=(1248, 1456) pos=(992, 1472) path=16
marked destination touch VisitKey { scene: 3, area: (1152, 1344), event_id: 47, trigger_script: 33, trigger_mode: 4, state: 1 }
learned exit AreaKey { scene: 3, anchor: (1216, 1408) } event=47 -> AreaKey { scene: 3, anchor: (1152, 1344) }
area teleport in scene 3 at frame 24090: (1248, 1456) -> (1168, 1368)
target scene=3 area=(1152, 1344) event=71 script=8146 mode=1 state=1 player=(1168, 1368) pos=(1296, 1448) path=61
marked destination touch VisitKey { scene: 3, area: (1216, 1408), event_id: 48, trigger_script: 60, trigger_mode: 4, state: 1 }
learned exit AreaKey { scene: 3, anchor: (1152, 1344) } event=48 -> AreaKey { scene: 3, anchor: (1216, 1408) }
area teleport in scene 3 at frame 24107: (1168, 1368) -> (1248, 1456)
continuing target event=71 across area (1216, 1408) path=0
target scene=3 area=(1216, 1408) event=54 script=4647 mode=5 state=1 player=(1248, 1456) pos=(992, 1472) path=16
marked destination touch VisitKey { scene: 3, area: (1152, 1344), event_id: 47, trigger_script: 33, trigger_mode: 4, state: 1 }
learned exit AreaKey { scene: 3, anchor: (1216, 1408) } event=47 -> AreaKey { scene: 3, anchor: (1152, 1344) }
area teleport in scene 3 at frame 24120: (1248, 1456) -> (1168, 1368)
target scene=3 area=(1152, 1344) event=71 script=8146 mode=1 state=1 player=(1168, 1368) pos=(1296, 1448) path=61
marked destination touch VisitKey { scene: 3, area: (1216, 1408), event_id: 48, trigger_script: 60, trigger_mode: 4, state: 1 }
learned exit AreaKey { scene: 3, anchor: (1152, 1344) } event=48 -> AreaKey { scene: 3, anchor: (1216, 1408) }
area teleport in scene 3 at frame 24137: (1168, 1368) -> (1248, 1456)
continuing target event=71 across area (1216, 1408) path=0
target scene=3 area=(1216, 1408) event=54 script=4647 mode=5 state=1 player=(1248, 1456) pos=(992, 1472) path=16
marked destination touch VisitKey { scene: 3, area: (1152, 1344), event_id: 47, trigger_script: 33, trigger_mode: 4, state: 1 }
learned exit AreaKey { scene: 3, anchor: (1216, 1408) } event=47 -> AreaKey { scene: 3, anchor: (1152, 1344) }
area teleport in scene 3 at frame 24150: (1248, 1456) -> (1168, 1368)
target scene=3 area=(1152, 1344) event=71 script=8146 mode=1 state=1 player=(1168, 1368) pos=(1296, 1448) path=61
marked destination touch VisitKey { scene: 3, area: (1216, 1408), event_id: 48, trigger_script: 60, trigger_mode: 4, state: 1 }
learned exit AreaKey { scene: 3, anchor: (1152, 1344) } event=48 -> AreaKey { scene: 3, anchor: (1216, 1408) }
area teleport in scene 3 at frame 24167: (1168, 1368) -> (1248, 1456)
continuing target event=71 across area (1216, 1408) path=0
target scene=3 area=(1216, 1408) event=54 script=4647 mode=5 state=1 player=(1248, 1456) pos=(992, 1472) path=16
marked destination touch VisitKey { scene: 3, area: (1152, 1344), event_id: 47, trigger_script: 33, trigger_mode: 4, state: 1 }
learned exit AreaKey { scene: 3, anchor: (1216, 1408) } event=47 -> AreaKey { scene: 3, anchor: (1152, 1344) }
area teleport in scene 3 at frame 24180: (1248, 1456) -> (1168, 1368)
target scene=3 area=(1152, 1344) event=71 script=8146 mode=1 state=1 player=(1168, 1368) pos=(1296, 1448) path=61
marked destination touch VisitKey { scene: 3, area: (1216, 1408), event_id: 48, trigger_script: 60, trigger_mode: 4, state: 1 }
learned exit AreaKey { scene: 3, anchor: (1152, 1344) } event=48 -> AreaKey { scene: 3, anchor: (1216, 1408) }
area teleport in scene 3 at frame 24197: (1168, 1368) -> (1248, 1456)
continuing target event=71 across area (1216, 1408) path=0
target scene=3 area=(1216, 1408) event=54 script=4647 mode=5 state=1 player=(1248, 1456) pos=(992, 1472) path=16
marked destination touch VisitKey { scene: 3, area: (1152, 1344), event_id: 47, trigger_script: 33, trigger_mode: 4, state: 1 }
learned exit AreaKey { scene: 3, anchor: (1216, 1408) } event=47 -> AreaKey { scene: 3, anchor: (1152, 1344) }
area teleport in scene 3 at frame 24210: (1248, 1456) -> (1168, 1368)
target scene=3 area=(1152, 1344) event=71 script=8146 mode=1 state=1 player=(1168, 1368) pos=(1296, 1448) path=61
marked destination touch VisitKey { scene: 3, area: (1216, 1408), event_id: 48, trigger_script: 60, trigger_mode: 4, state: 1 }
learned exit AreaKey { scene: 3, anchor: (1152, 1344) } event=48 -> AreaKey { scene: 3, anchor: (1216, 1408) }
area teleport in scene 3 at frame 24227: (1168, 1368) -> (1248, 1456)
continuing target event=71 across area (1216, 1408) path=0
target scene=3 area=(1216, 1408) event=54 script=4647 mode=5 state=1 player=(1248, 1456) pos=(992, 1472) path=16
marked destination touch VisitKey { scene: 3, area: (1152, 1344), event_id: 47, trigger_script: 33, trigger_mode: 4, state: 1 }
learned exit AreaKey { scene: 3, anchor: (1216, 1408) } event=47 -> AreaKey { scene: 3, anchor: (1152, 1344) }
area teleport in scene 3 at frame 24240: (1248, 1456) -> (1168, 1368)
target scene=3 area=(1152, 1344) event=71 script=8146 mode=1 state=1 player=(1168, 1368) pos=(1296, 1448) path=61
marked destination touch VisitKey { scene: 3, area: (1216, 1408), event_id: 48, trigger_script: 60, trigger_mode: 4, state: 1 }
learned exit AreaKey { scene: 3, anchor: (1152, 1344) } event=48 -> AreaKey { scene: 3, anchor: (1216, 1408) }
area teleport in scene 3 at frame 24257: (1168, 1368) -> (1248, 1456)
continuing target event=71 across area (1216, 1408) path=0
target scene=3 area=(1216, 1408) event=54 script=4647 mode=5 state=1 player=(1248, 1456) pos=(992, 1472) path=16
marked destination touch VisitKey { scene: 3, area: (1152, 1344), event_id: 47, trigger_script: 33, trigger_mode: 4, state: 1 }
learned exit AreaKey { scene: 3, anchor: (1216, 1408) } event=47 -> AreaKey { scene: 3, anchor: (1152, 1344) }
area teleport in scene 3 at frame 24270: (1248, 1456) -> (1168, 1368)
target scene=3 area=(1152, 1344) event=71 script=8146 mode=1 state=1 player=(1168, 1368) pos=(1296, 1448) path=61
marked destination touch VisitKey { scene: 3, area: (1216, 1408), event_id: 48, trigger_script: 60, trigger_mode: 4, state: 1 }
learned exit AreaKey { scene: 3, anchor: (1152, 1344) } event=48 -> AreaKey { scene: 3, anchor: (1216, 1408) }
area teleport in scene 3 at frame 24287: (1168, 1368) -> (1248, 1456)
continuing target event=71 across area (1216, 1408) path=0
target scene=3 area=(1216, 1408) event=54 script=4647 mode=5 state=1 player=(1248, 1456) pos=(992, 1472) path=16
marked destination touch VisitKey { scene: 3, area: (1152, 1344), event_id: 47, trigger_script: 33, trigger_mode: 4, state: 1 }
learned exit AreaKey { scene: 3, anchor: (1216, 1408) } event=47 -> AreaKey { scene: 3, anchor: (1152, 1344) }
area teleport in scene 3 at frame 24300: (1248, 1456) -> (1168, 1368)
target scene=3 area=(1152, 1344) event=71 script=8146 mode=1 state=1 player=(1168, 1368) pos=(1296, 1448) path=61
marked destination touch VisitKey { scene: 3, area: (1216, 1408), event_id: 48, trigger_script: 60, trigger_mode: 4, state: 1 }
learned exit AreaKey { scene: 3, anchor: (1152, 1344) } event=48 -> AreaKey { scene: 3, anchor: (1216, 1408) }
area teleport in scene 3 at frame 24317: (1168, 1368) -> (1248, 1456)
continuing target event=71 across area (1216, 1408) path=0
target scene=3 area=(1216, 1408) event=54 script=4647 mode=5 state=1 player=(1248, 1456) pos=(992, 1472) path=16
marked destination touch VisitKey { scene: 3, area: (1152, 1344), event_id: 47, trigger_script: 33, trigger_mode: 4, state: 1 }
learned exit AreaKey { scene: 3, anchor: (1216, 1408) } event=47 -> AreaKey { scene: 3, anchor: (1152, 1344) }
area teleport in scene 3 at frame 24330: (1248, 1456) -> (1168, 1368)
target scene=3 area=(1152, 1344) event=71 script=8146 mode=1 state=1 player=(1168, 1368) pos=(1296, 1448) path=61
marked destination touch VisitKey { scene: 3, area: (1216, 1408), event_id: 48, trigger_script: 60, trigger_mode: 4, state: 1 }
learned exit AreaKey { scene: 3, anchor: (1152, 1344) } event=48 -> AreaKey { scene: 3, anchor: (1216, 1408) }
area teleport in scene 3 at frame 24347: (1168, 1368) -> (1248, 1456)
continuing target event=71 across area (1216, 1408) path=0
target scene=3 area=(1216, 1408) event=54 script=4647 mode=5 state=1 player=(1248, 1456) pos=(992, 1472) path=16
marked destination touch VisitKey { scene: 3, area: (1152, 1344), event_id: 47, trigger_script: 33, trigger_mode: 4, state: 1 }
learned exit AreaKey { scene: 3, anchor: (1216, 1408) } event=47 -> AreaKey { scene: 3, anchor: (1152, 1344) }
area teleport in scene 3 at frame 24360: (1248, 1456) -> (1168, 1368)
target scene=3 area=(1152, 1344) event=71 script=8146 mode=1 state=1 player=(1168, 1368) pos=(1296, 1448) path=61
marked destination touch VisitKey { scene: 3, area: (1216, 1408), event_id: 48, trigger_script: 60, trigger_mode: 4, state: 1 }
learned exit AreaKey { scene: 3, anchor: (1152, 1344) } event=48 -> AreaKey { scene: 3, anchor: (1216, 1408) }
area teleport in scene 3 at frame 24377: (1168, 1368) -> (1248, 1456)
continuing target event=71 across area (1216, 1408) path=0
target scene=3 area=(1216, 1408) event=54 script=4647 mode=5 state=1 player=(1248, 1456) pos=(992, 1472) path=16
marked destination touch VisitKey { scene: 3, area: (1152, 1344), event_id: 47, trigger_script: 33, trigger_mode: 4, state: 1 }
learned exit AreaKey { scene: 3, anchor: (1216, 1408) } event=47 -> AreaKey { scene: 3, anchor: (1152, 1344) }
area teleport in scene 3 at frame 24390: (1248, 1456) -> (1168, 1368)
target scene=3 area=(1152, 1344) event=71 script=8146 mode=1 state=1 player=(1168, 1368) pos=(1296, 1448) path=61
marked destination touch VisitKey { scene: 3, area: (1216, 1408), event_id: 48, trigger_script: 60, trigger_mode: 4, state: 1 }
learned exit AreaKey { scene: 3, anchor: (1152, 1344) } event=48 -> AreaKey { scene: 3, anchor: (1216, 1408) }
area teleport in scene 3 at frame 24407: (1168, 1368) -> (1248, 1456)
continuing target event=71 across area (1216, 1408) path=0
target scene=3 area=(1216, 1408) event=54 script=4647 mode=5 state=1 player=(1248, 1456) pos=(992, 1472) path=16
marked destination touch VisitKey { scene: 3, area: (1152, 1344), event_id: 47, trigger_script: 33, trigger_mode: 4, state: 1 }
learned exit AreaKey { scene: 3, anchor: (1216, 1408) } event=47 -> AreaKey { scene: 3, anchor: (1152, 1344) }
area teleport in scene 3 at frame 24420: (1248, 1456) -> (1168, 1368)
target scene=3 area=(1152, 1344) event=71 script=8146 mode=1 state=1 player=(1168, 1368) pos=(1296, 1448) path=61
marked destination touch VisitKey { scene: 3, area: (1216, 1408), event_id: 48, trigger_script: 60, trigger_mode: 4, state: 1 }
learned exit AreaKey { scene: 3, anchor: (1152, 1344) } event=48 -> AreaKey { scene: 3, anchor: (1216, 1408) }
area teleport in scene 3 at frame 24437: (1168, 1368) -> (1248, 1456)
continuing target event=71 across area (1216, 1408) path=0
target scene=3 area=(1216, 1408) event=54 script=4647 mode=5 state=1 player=(1248, 1456) pos=(992, 1472) path=16
marked destination touch VisitKey { scene: 3, area: (1152, 1344), event_id: 47, trigger_script: 33, trigger_mode: 4, state: 1 }
learned exit AreaKey { scene: 3, anchor: (1216, 1408) } event=47 -> AreaKey { scene: 3, anchor: (1152, 1344) }
area teleport in scene 3 at frame 24450: (1248, 1456) -> (1168, 1368)
target scene=3 area=(1152, 1344) event=71 script=8146 mode=1 state=1 player=(1168, 1368) pos=(1296, 1448) path=61
marked destination touch VisitKey { scene: 3, area: (1216, 1408), event_id: 48, trigger_script: 60, trigger_mode: 4, state: 1 }
learned exit AreaKey { scene: 3, anchor: (1152, 1344) } event=48 -> AreaKey { scene: 3, anchor: (1216, 1408) }
area teleport in scene 3 at frame 24467: (1168, 1368) -> (1248, 1456)
continuing target event=71 across area (1216, 1408) path=0
target scene=3 area=(1216, 1408) event=54 script=4647 mode=5 state=1 player=(1248, 1456) pos=(992, 1472) path=16
marked destination touch VisitKey { scene: 3, area: (1152, 1344), event_id: 47, trigger_script: 33, trigger_mode: 4, state: 1 }
learned exit AreaKey { scene: 3, anchor: (1216, 1408) } event=47 -> AreaKey { scene: 3, anchor: (1152, 1344) }
area teleport in scene 3 at frame 24480: (1248, 1456) -> (1168, 1368)
target scene=3 area=(1152, 1344) event=71 script=8146 mode=1 state=1 player=(1168, 1368) pos=(1296, 1448) path=61
marked destination touch VisitKey { scene: 3, area: (1216, 1408), event_id: 48, trigger_script: 60, trigger_mode: 4, state: 1 }
learned exit AreaKey { scene: 3, anchor: (1152, 1344) } event=48 -> AreaKey { scene: 3, anchor: (1216, 1408) }
area teleport in scene 3 at frame 24497: (1168, 1368) -> (1248, 1456)
continuing target event=71 across area (1216, 1408) path=0
target scene=3 area=(1216, 1408) event=54 script=4647 mode=5 state=1 player=(1248, 1456) pos=(992, 1472) path=16
marked destination touch VisitKey { scene: 3, area: (1152, 1344), event_id: 47, trigger_script: 33, trigger_mode: 4, state: 1 }
learned exit AreaKey { scene: 3, anchor: (1216, 1408) } event=47 -> AreaKey { scene: 3, anchor: (1152, 1344) }
area teleport in scene 3 at frame 24510: (1248, 1456) -> (1168, 1368)
target scene=3 area=(1152, 1344) event=71 script=8146 mode=1 state=1 player=(1168, 1368) pos=(1296, 1448) path=61
marked destination touch VisitKey { scene: 3, area: (1216, 1408), event_id: 48, trigger_script: 60, trigger_mode: 4, state: 1 }
learned exit AreaKey { scene: 3, anchor: (1152, 1344) } event=48 -> AreaKey { scene: 3, anchor: (1216, 1408) }
area teleport in scene 3 at frame 24527: (1168, 1368) -> (1248, 1456)
continuing target event=71 across area (1216, 1408) path=0
target scene=3 area=(1216, 1408) event=54 script=4647 mode=5 state=1 player=(1248, 1456) pos=(992, 1472) path=16
marked destination touch VisitKey { scene: 3, area: (1152, 1344), event_id: 47, trigger_script: 33, trigger_mode: 4, state: 1 }
learned exit AreaKey { scene: 3, anchor: (1216, 1408) } event=47 -> AreaKey { scene: 3, anchor: (1152, 1344) }
area teleport in scene 3 at frame 24540: (1248, 1456) -> (1168, 1368)
target scene=3 area=(1152, 1344) event=71 script=8146 mode=1 state=1 player=(1168, 1368) pos=(1296, 1448) path=61
marked destination touch VisitKey { scene: 3, area: (1216, 1408), event_id: 48, trigger_script: 60, trigger_mode: 4, state: 1 }
learned exit AreaKey { scene: 3, anchor: (1152, 1344) } event=48 -> AreaKey { scene: 3, anchor: (1216, 1408) }
area teleport in scene 3 at frame 24557: (1168, 1368) -> (1248, 1456)
continuing target event=71 across area (1216, 1408) path=0
target scene=3 area=(1216, 1408) event=54 script=4647 mode=5 state=1 player=(1248, 1456) pos=(992, 1472) path=16
marked destination touch VisitKey { scene: 3, area: (1152, 1344), event_id: 47, trigger_script: 33, trigger_mode: 4, state: 1 }
learned exit AreaKey { scene: 3, anchor: (1216, 1408) } event=47 -> AreaKey { scene: 3, anchor: (1152, 1344) }
area teleport in scene 3 at frame 24570: (1248, 1456) -> (1168, 1368)
target scene=3 area=(1152, 1344) event=71 script=8146 mode=1 state=1 player=(1168, 1368) pos=(1296, 1448) path=61
marked destination touch VisitKey { scene: 3, area: (1216, 1408), event_id: 48, trigger_script: 60, trigger_mode: 4, state: 1 }
learned exit AreaKey { scene: 3, anchor: (1152, 1344) } event=48 -> AreaKey { scene: 3, anchor: (1216, 1408) }
area teleport in scene 3 at frame 24587: (1168, 1368) -> (1248, 1456)
continuing target event=71 across area (1216, 1408) path=0
target scene=3 area=(1216, 1408) event=54 script=4647 mode=5 state=1 player=(1248, 1456) pos=(992, 1472) path=16
marked destination touch VisitKey { scene: 3, area: (1152, 1344), event_id: 47, trigger_script: 33, trigger_mode: 4, state: 1 }
learned exit AreaKey { scene: 3, anchor: (1216, 1408) } event=47 -> AreaKey { scene: 3, anchor: (1152, 1344) }
area teleport in scene 3 at frame 24600: (1248, 1456) -> (1168, 1368)
target scene=3 area=(1152, 1344) event=71 script=8146 mode=1 state=1 player=(1168, 1368) pos=(1296, 1448) path=61
marked destination touch VisitKey { scene: 3, area: (1216, 1408), event_id: 48, trigger_script: 60, trigger_mode: 4, state: 1 }
learned exit AreaKey { scene: 3, anchor: (1152, 1344) } event=48 -> AreaKey { scene: 3, anchor: (1216, 1408) }
area teleport in scene 3 at frame 24617: (1168, 1368) -> (1248, 1456)
continuing target event=71 across area (1216, 1408) path=0
target scene=3 area=(1216, 1408) event=54 script=4647 mode=5 state=1 player=(1248, 1456) pos=(992, 1472) path=16
marked destination touch VisitKey { scene: 3, area: (1152, 1344), event_id: 47, trigger_script: 33, trigger_mode: 4, state: 1 }
learned exit AreaKey { scene: 3, anchor: (1216, 1408) } event=47 -> AreaKey { scene: 3, anchor: (1152, 1344) }
area teleport in scene 3 at frame 24630: (1248, 1456) -> (1168, 1368)
target scene=3 area=(1152, 1344) event=71 script=8146 mode=1 state=1 player=(1168, 1368) pos=(1296, 1448) path=61
marked destination touch VisitKey { scene: 3, area: (1216, 1408), event_id: 48, trigger_script: 60, trigger_mode: 4, state: 1 }
learned exit AreaKey { scene: 3, anchor: (1152, 1344) } event=48 -> AreaKey { scene: 3, anchor: (1216, 1408) }
area teleport in scene 3 at frame 24647: (1168, 1368) -> (1248, 1456)
continuing target event=71 across area (1216, 1408) path=0
target scene=3 area=(1216, 1408) event=54 script=4647 mode=5 state=1 player=(1248, 1456) pos=(992, 1472) path=16
marked destination touch VisitKey { scene: 3, area: (1152, 1344), event_id: 47, trigger_script: 33, trigger_mode: 4, state: 1 }
learned exit AreaKey { scene: 3, anchor: (1216, 1408) } event=47 -> AreaKey { scene: 3, anchor: (1152, 1344) }
area teleport in scene 3 at frame 24660: (1248, 1456) -> (1168, 1368)
target scene=3 area=(1152, 1344) event=71 script=8146 mode=1 state=1 player=(1168, 1368) pos=(1296, 1448) path=61
marked destination touch VisitKey { scene: 3, area: (1216, 1408), event_id: 48, trigger_script: 60, trigger_mode: 4, state: 1 }
learned exit AreaKey { scene: 3, anchor: (1152, 1344) } event=48 -> AreaKey { scene: 3, anchor: (1216, 1408) }
area teleport in scene 3 at frame 24677: (1168, 1368) -> (1248, 1456)
continuing target event=71 across area (1216, 1408) path=0
target scene=3 area=(1216, 1408) event=54 script=4647 mode=5 state=1 player=(1248, 1456) pos=(992, 1472) path=16
marked destination touch VisitKey { scene: 3, area: (1152, 1344), event_id: 47, trigger_script: 33, trigger_mode: 4, state: 1 }
learned exit AreaKey { scene: 3, anchor: (1216, 1408) } event=47 -> AreaKey { scene: 3, anchor: (1152, 1344) }
area teleport in scene 3 at frame 24690: (1248, 1456) -> (1168, 1368)
target scene=3 area=(1152, 1344) event=71 script=8146 mode=1 state=1 player=(1168, 1368) pos=(1296, 1448) path=61
marked destination touch VisitKey { scene: 3, area: (1216, 1408), event_id: 48, trigger_script: 60, trigger_mode: 4, state: 1 }
learned exit AreaKey { scene: 3, anchor: (1152, 1344) } event=48 -> AreaKey { scene: 3, anchor: (1216, 1408) }
area teleport in scene 3 at frame 24707: (1168, 1368) -> (1248, 1456)
continuing target event=71 across area (1216, 1408) path=0
target scene=3 area=(1216, 1408) event=54 script=4647 mode=5 state=1 player=(1248, 1456) pos=(992, 1472) path=16
marked destination touch VisitKey { scene: 3, area: (1152, 1344), event_id: 47, trigger_script: 33, trigger_mode: 4, state: 1 }
learned exit AreaKey { scene: 3, anchor: (1216, 1408) } event=47 -> AreaKey { scene: 3, anchor: (1152, 1344) }
area teleport in scene 3 at frame 24720: (1248, 1456) -> (1168, 1368)
target scene=3 area=(1152, 1344) event=71 script=8146 mode=1 state=1 player=(1168, 1368) pos=(1296, 1448) path=61
marked destination touch VisitKey { scene: 3, area: (1216, 1408), event_id: 48, trigger_script: 60, trigger_mode: 4, state: 1 }
learned exit AreaKey { scene: 3, anchor: (1152, 1344) } event=48 -> AreaKey { scene: 3, anchor: (1216, 1408) }
area teleport in scene 3 at frame 24737: (1168, 1368) -> (1248, 1456)
continuing target event=71 across area (1216, 1408) path=0
target scene=3 area=(1216, 1408) event=54 script=4647 mode=5 state=1 player=(1248, 1456) pos=(992, 1472) path=16
marked destination touch VisitKey { scene: 3, area: (1152, 1344), event_id: 47, trigger_script: 33, trigger_mode: 4, state: 1 }
learned exit AreaKey { scene: 3, anchor: (1216, 1408) } event=47 -> AreaKey { scene: 3, anchor: (1152, 1344) }
area teleport in scene 3 at frame 24750: (1248, 1456) -> (1168, 1368)
target scene=3 area=(1152, 1344) event=71 script=8146 mode=1 state=1 player=(1168, 1368) pos=(1296, 1448) path=61
marked destination touch VisitKey { scene: 3, area: (1216, 1408), event_id: 48, trigger_script: 60, trigger_mode: 4, state: 1 }
learned exit AreaKey { scene: 3, anchor: (1152, 1344) } event=48 -> AreaKey { scene: 3, anchor: (1216, 1408) }
area teleport in scene 3 at frame 24767: (1168, 1368) -> (1248, 1456)
continuing target event=71 across area (1216, 1408) path=0
target scene=3 area=(1216, 1408) event=54 script=4647 mode=5 state=1 player=(1248, 1456) pos=(992, 1472) path=16
marked destination touch VisitKey { scene: 3, area: (1152, 1344), event_id: 47, trigger_script: 33, trigger_mode: 4, state: 1 }
learned exit AreaKey { scene: 3, anchor: (1216, 1408) } event=47 -> AreaKey { scene: 3, anchor: (1152, 1344) }
area teleport in scene 3 at frame 24780: (1248, 1456) -> (1168, 1368)
target scene=3 area=(1152, 1344) event=71 script=8146 mode=1 state=1 player=(1168, 1368) pos=(1296, 1448) path=61
marked destination touch VisitKey { scene: 3, area: (1216, 1408), event_id: 48, trigger_script: 60, trigger_mode: 4, state: 1 }
learned exit AreaKey { scene: 3, anchor: (1152, 1344) } event=48 -> AreaKey { scene: 3, anchor: (1216, 1408) }
area teleport in scene 3 at frame 24797: (1168, 1368) -> (1248, 1456)
continuing target event=71 across area (1216, 1408) path=0
target scene=3 area=(1216, 1408) event=54 script=4647 mode=5 state=1 player=(1248, 1456) pos=(992, 1472) path=16
marked destination touch VisitKey { scene: 3, area: (1152, 1344), event_id: 47, trigger_script: 33, trigger_mode: 4, state: 1 }
learned exit AreaKey { scene: 3, anchor: (1216, 1408) } event=47 -> AreaKey { scene: 3, anchor: (1152, 1344) }
area teleport in scene 3 at frame 24810: (1248, 1456) -> (1168, 1368)
target scene=3 area=(1152, 1344) event=71 script=8146 mode=1 state=1 player=(1168, 1368) pos=(1296, 1448) path=61
marked destination touch VisitKey { scene: 3, area: (1216, 1408), event_id: 48, trigger_script: 60, trigger_mode: 4, state: 1 }
learned exit AreaKey { scene: 3, anchor: (1152, 1344) } event=48 -> AreaKey { scene: 3, anchor: (1216, 1408) }
area teleport in scene 3 at frame 24827: (1168, 1368) -> (1248, 1456)
continuing target event=71 across area (1216, 1408) path=0
target scene=3 area=(1216, 1408) event=54 script=4647 mode=5 state=1 player=(1248, 1456) pos=(992, 1472) path=16
marked destination touch VisitKey { scene: 3, area: (1152, 1344), event_id: 47, trigger_script: 33, trigger_mode: 4, state: 1 }
learned exit AreaKey { scene: 3, anchor: (1216, 1408) } event=47 -> AreaKey { scene: 3, anchor: (1152, 1344) }
area teleport in scene 3 at frame 24840: (1248, 1456) -> (1168, 1368)
target scene=3 area=(1152, 1344) event=71 script=8146 mode=1 state=1 player=(1168, 1368) pos=(1296, 1448) path=61
marked destination touch VisitKey { scene: 3, area: (1216, 1408), event_id: 48, trigger_script: 60, trigger_mode: 4, state: 1 }
learned exit AreaKey { scene: 3, anchor: (1152, 1344) } event=48 -> AreaKey { scene: 3, anchor: (1216, 1408) }
area teleport in scene 3 at frame 24857: (1168, 1368) -> (1248, 1456)
continuing target event=71 across area (1216, 1408) path=0
target scene=3 area=(1216, 1408) event=54 script=4647 mode=5 state=1 player=(1248, 1456) pos=(992, 1472) path=16
marked destination touch VisitKey { scene: 3, area: (1152, 1344), event_id: 47, trigger_script: 33, trigger_mode: 4, state: 1 }
learned exit AreaKey { scene: 3, anchor: (1216, 1408) } event=47 -> AreaKey { scene: 3, anchor: (1152, 1344) }
area teleport in scene 3 at frame 24870: (1248, 1456) -> (1168, 1368)
target scene=3 area=(1152, 1344) event=71 script=8146 mode=1 state=1 player=(1168, 1368) pos=(1296, 1448) path=61
marked destination touch VisitKey { scene: 3, area: (1216, 1408), event_id: 48, trigger_script: 60, trigger_mode: 4, state: 1 }
learned exit AreaKey { scene: 3, anchor: (1152, 1344) } event=48 -> AreaKey { scene: 3, anchor: (1216, 1408) }
area teleport in scene 3 at frame 24887: (1168, 1368) -> (1248, 1456)
continuing target event=71 across area (1216, 1408) path=0
target scene=3 area=(1216, 1408) event=54 script=4647 mode=5 state=1 player=(1248, 1456) pos=(992, 1472) path=16
marked destination touch VisitKey { scene: 3, area: (1152, 1344), event_id: 47, trigger_script: 33, trigger_mode: 4, state: 1 }
learned exit AreaKey { scene: 3, anchor: (1216, 1408) } event=47 -> AreaKey { scene: 3, anchor: (1152, 1344) }
area teleport in scene 3 at frame 24900: (1248, 1456) -> (1168, 1368)
target scene=3 area=(1152, 1344) event=71 script=8146 mode=1 state=1 player=(1168, 1368) pos=(1296, 1448) path=61
marked destination touch VisitKey { scene: 3, area: (1216, 1408), event_id: 48, trigger_script: 60, trigger_mode: 4, state: 1 }
learned exit AreaKey { scene: 3, anchor: (1152, 1344) } event=48 -> AreaKey { scene: 3, anchor: (1216, 1408) }
area teleport in scene 3 at frame 24917: (1168, 1368) -> (1248, 1456)
continuing target event=71 across area (1216, 1408) path=0
target scene=3 area=(1216, 1408) event=54 script=4647 mode=5 state=1 player=(1248, 1456) pos=(992, 1472) path=16
marked destination touch VisitKey { scene: 3, area: (1152, 1344), event_id: 47, trigger_script: 33, trigger_mode: 4, state: 1 }
learned exit AreaKey { scene: 3, anchor: (1216, 1408) } event=47 -> AreaKey { scene: 3, anchor: (1152, 1344) }
area teleport in scene 3 at frame 24930: (1248, 1456) -> (1168, 1368)
target scene=3 area=(1152, 1344) event=71 script=8146 mode=1 state=1 player=(1168, 1368) pos=(1296, 1448) path=61
marked destination touch VisitKey { scene: 3, area: (1216, 1408), event_id: 48, trigger_script: 60, trigger_mode: 4, state: 1 }
learned exit AreaKey { scene: 3, anchor: (1152, 1344) } event=48 -> AreaKey { scene: 3, anchor: (1216, 1408) }
area teleport in scene 3 at frame 24947: (1168, 1368) -> (1248, 1456)
continuing target event=71 across area (1216, 1408) path=0
target scene=3 area=(1216, 1408) event=54 script=4647 mode=5 state=1 player=(1248, 1456) pos=(992, 1472) path=16
marked destination touch VisitKey { scene: 3, area: (1152, 1344), event_id: 47, trigger_script: 33, trigger_mode: 4, state: 1 }
learned exit AreaKey { scene: 3, anchor: (1216, 1408) } event=47 -> AreaKey { scene: 3, anchor: (1152, 1344) }
area teleport in scene 3 at frame 24960: (1248, 1456) -> (1168, 1368)
target scene=3 area=(1152, 1344) event=71 script=8146 mode=1 state=1 player=(1168, 1368) pos=(1296, 1448) path=61
marked destination touch VisitKey { scene: 3, area: (1216, 1408), event_id: 48, trigger_script: 60, trigger_mode: 4, state: 1 }
learned exit AreaKey { scene: 3, anchor: (1152, 1344) } event=48 -> AreaKey { scene: 3, anchor: (1216, 1408) }
area teleport in scene 3 at frame 24977: (1168, 1368) -> (1248, 1456)
continuing target event=71 across area (1216, 1408) path=0
target scene=3 area=(1216, 1408) event=54 script=4647 mode=5 state=1 player=(1248, 1456) pos=(992, 1472) path=16
marked destination touch VisitKey { scene: 3, area: (1152, 1344), event_id: 47, trigger_script: 33, trigger_mode: 4, state: 1 }
learned exit AreaKey { scene: 3, anchor: (1216, 1408) } event=47 -> AreaKey { scene: 3, anchor: (1152, 1344) }
area teleport in scene 3 at frame 24990: (1248, 1456) -> (1168, 1368)
target scene=3 area=(1152, 1344) event=71 script=8146 mode=1 state=1 player=(1168, 1368) pos=(1296, 1448) path=61
marked destination touch VisitKey { scene: 3, area: (1216, 1408), event_id: 48, trigger_script: 60, trigger_mode: 4, state: 1 }
learned exit AreaKey { scene: 3, anchor: (1152, 1344) } event=48 -> AreaKey { scene: 3, anchor: (1216, 1408) }
area teleport in scene 3 at frame 25007: (1168, 1368) -> (1248, 1456)
continuing target event=71 across area (1216, 1408) path=0
target scene=3 area=(1216, 1408) event=54 script=4647 mode=5 state=1 player=(1248, 1456) pos=(992, 1472) path=16
marked destination touch VisitKey { scene: 3, area: (1152, 1344), event_id: 47, trigger_script: 33, trigger_mode: 4, state: 1 }
learned exit AreaKey { scene: 3, anchor: (1216, 1408) } event=47 -> AreaKey { scene: 3, anchor: (1152, 1344) }
area teleport in scene 3 at frame 25020: (1248, 1456) -> (1168, 1368)
target scene=3 area=(1152, 1344) event=71 script=8146 mode=1 state=1 player=(1168, 1368) pos=(1296, 1448) path=61
marked destination touch VisitKey { scene: 3, area: (1216, 1408), event_id: 48, trigger_script: 60, trigger_mode: 4, state: 1 }
learned exit AreaKey { scene: 3, anchor: (1152, 1344) } event=48 -> AreaKey { scene: 3, anchor: (1216, 1408) }
area teleport in scene 3 at frame 25037: (1168, 1368) -> (1248, 1456)
continuing target event=71 across area (1216, 1408) path=0
target scene=3 area=(1216, 1408) event=54 script=4647 mode=5 state=1 player=(1248, 1456) pos=(992, 1472) path=16
marked destination touch VisitKey { scene: 3, area: (1152, 1344), event_id: 47, trigger_script: 33, trigger_mode: 4, state: 1 }
learned exit AreaKey { scene: 3, anchor: (1216, 1408) } event=47 -> AreaKey { scene: 3, anchor: (1152, 1344) }
area teleport in scene 3 at frame 25050: (1248, 1456) -> (1168, 1368)
target scene=3 area=(1152, 1344) event=71 script=8146 mode=1 state=1 player=(1168, 1368) pos=(1296, 1448) path=61
marked destination touch VisitKey { scene: 3, area: (1216, 1408), event_id: 48, trigger_script: 60, trigger_mode: 4, state: 1 }
learned exit AreaKey { scene: 3, anchor: (1152, 1344) } event=48 -> AreaKey { scene: 3, anchor: (1216, 1408) }
area teleport in scene 3 at frame 25067: (1168, 1368) -> (1248, 1456)
continuing target event=71 across area (1216, 1408) path=0
target scene=3 area=(1216, 1408) event=54 script=4647 mode=5 state=1 player=(1248, 1456) pos=(992, 1472) path=16
marked destination touch VisitKey { scene: 3, area: (1152, 1344), event_id: 47, trigger_script: 33, trigger_mode: 4, state: 1 }
learned exit AreaKey { scene: 3, anchor: (1216, 1408) } event=47 -> AreaKey { scene: 3, anchor: (1152, 1344) }
area teleport in scene 3 at frame 25080: (1248, 1456) -> (1168, 1368)
target scene=3 area=(1152, 1344) event=71 script=8146 mode=1 state=1 player=(1168, 1368) pos=(1296, 1448) path=61
marked destination touch VisitKey { scene: 3, area: (1216, 1408), event_id: 48, trigger_script: 60, trigger_mode: 4, state: 1 }
learned exit AreaKey { scene: 3, anchor: (1152, 1344) } event=48 -> AreaKey { scene: 3, anchor: (1216, 1408) }
area teleport in scene 3 at frame 25097: (1168, 1368) -> (1248, 1456)
continuing target event=71 across area (1216, 1408) path=0
target scene=3 area=(1216, 1408) event=54 script=4647 mode=5 state=1 player=(1248, 1456) pos=(992, 1472) path=16
marked destination touch VisitKey { scene: 3, area: (1152, 1344), event_id: 47, trigger_script: 33, trigger_mode: 4, state: 1 }
learned exit AreaKey { scene: 3, anchor: (1216, 1408) } event=47 -> AreaKey { scene: 3, anchor: (1152, 1344) }
area teleport in scene 3 at frame 25110: (1248, 1456) -> (1168, 1368)
target scene=3 area=(1152, 1344) event=71 script=8146 mode=1 state=1 player=(1168, 1368) pos=(1296, 1448) path=61
marked destination touch VisitKey { scene: 3, area: (1216, 1408), event_id: 48, trigger_script: 60, trigger_mode: 4, state: 1 }
learned exit AreaKey { scene: 3, anchor: (1152, 1344) } event=48 -> AreaKey { scene: 3, anchor: (1216, 1408) }
area teleport in scene 3 at frame 25127: (1168, 1368) -> (1248, 1456)
continuing target event=71 across area (1216, 1408) path=0
target scene=3 area=(1216, 1408) event=54 script=4647 mode=5 state=1 player=(1248, 1456) pos=(992, 1472) path=16
marked destination touch VisitKey { scene: 3, area: (1152, 1344), event_id: 47, trigger_script: 33, trigger_mode: 4, state: 1 }
learned exit AreaKey { scene: 3, anchor: (1216, 1408) } event=47 -> AreaKey { scene: 3, anchor: (1152, 1344) }
area teleport in scene 3 at frame 25140: (1248, 1456) -> (1168, 1368)
target scene=3 area=(1152, 1344) event=71 script=8146 mode=1 state=1 player=(1168, 1368) pos=(1296, 1448) path=61
marked destination touch VisitKey { scene: 3, area: (1216, 1408), event_id: 48, trigger_script: 60, trigger_mode: 4, state: 1 }
learned exit AreaKey { scene: 3, anchor: (1152, 1344) } event=48 -> AreaKey { scene: 3, anchor: (1216, 1408) }
area teleport in scene 3 at frame 25157: (1168, 1368) -> (1248, 1456)
continuing target event=71 across area (1216, 1408) path=0
target scene=3 area=(1216, 1408) event=54 script=4647 mode=5 state=1 player=(1248, 1456) pos=(992, 1472) path=16
marked destination touch VisitKey { scene: 3, area: (1152, 1344), event_id: 47, trigger_script: 33, trigger_mode: 4, state: 1 }
learned exit AreaKey { scene: 3, anchor: (1216, 1408) } event=47 -> AreaKey { scene: 3, anchor: (1152, 1344) }
area teleport in scene 3 at frame 25170: (1248, 1456) -> (1168, 1368)
target scene=3 area=(1152, 1344) event=71 script=8146 mode=1 state=1 player=(1168, 1368) pos=(1296, 1448) path=61
marked destination touch VisitKey { scene: 3, area: (1216, 1408), event_id: 48, trigger_script: 60, trigger_mode: 4, state: 1 }
learned exit AreaKey { scene: 3, anchor: (1152, 1344) } event=48 -> AreaKey { scene: 3, anchor: (1216, 1408) }
area teleport in scene 3 at frame 25187: (1168, 1368) -> (1248, 1456)
continuing target event=71 across area (1216, 1408) path=0
target scene=3 area=(1216, 1408) event=54 script=4647 mode=5 state=1 player=(1248, 1456) pos=(992, 1472) path=16
marked destination touch VisitKey { scene: 3, area: (1152, 1344), event_id: 47, trigger_script: 33, trigger_mode: 4, state: 1 }
learned exit AreaKey { scene: 3, anchor: (1216, 1408) } event=47 -> AreaKey { scene: 3, anchor: (1152, 1344) }
area teleport in scene 3 at frame 25200: (1248, 1456) -> (1168, 1368)
target scene=3 area=(1152, 1344) event=71 script=8146 mode=1 state=1 player=(1168, 1368) pos=(1296, 1448) path=61
marked destination touch VisitKey { scene: 3, area: (1216, 1408), event_id: 48, trigger_script: 60, trigger_mode: 4, state: 1 }
learned exit AreaKey { scene: 3, anchor: (1152, 1344) } event=48 -> AreaKey { scene: 3, anchor: (1216, 1408) }
area teleport in scene 3 at frame 25217: (1168, 1368) -> (1248, 1456)
continuing target event=71 across area (1216, 1408) path=0
target scene=3 area=(1216, 1408) event=54 script=4647 mode=5 state=1 player=(1248, 1456) pos=(992, 1472) path=16
marked destination touch VisitKey { scene: 3, area: (1152, 1344), event_id: 47, trigger_script: 33, trigger_mode: 4, state: 1 }
learned exit AreaKey { scene: 3, anchor: (1216, 1408) } event=47 -> AreaKey { scene: 3, anchor: (1152, 1344) }
area teleport in scene 3 at frame 25230: (1248, 1456) -> (1168, 1368)
target scene=3 area=(1152, 1344) event=71 script=8146 mode=1 state=1 player=(1168, 1368) pos=(1296, 1448) path=61
marked destination touch VisitKey { scene: 3, area: (1216, 1408), event_id: 48, trigger_script: 60, trigger_mode: 4, state: 1 }
learned exit AreaKey { scene: 3, anchor: (1152, 1344) } event=48 -> AreaKey { scene: 3, anchor: (1216, 1408) }
area teleport in scene 3 at frame 25247: (1168, 1368) -> (1248, 1456)
continuing target event=71 across area (1216, 1408) path=0
target scene=3 area=(1216, 1408) event=54 script=4647 mode=5 state=1 player=(1248, 1456) pos=(992, 1472) path=16
marked destination touch VisitKey { scene: 3, area: (1152, 1344), event_id: 47, trigger_script: 33, trigger_mode: 4, state: 1 }
learned exit AreaKey { scene: 3, anchor: (1216, 1408) } event=47 -> AreaKey { scene: 3, anchor: (1152, 1344) }
area teleport in scene 3 at frame 25260: (1248, 1456) -> (1168, 1368)
target scene=3 area=(1152, 1344) event=71 script=8146 mode=1 state=1 player=(1168, 1368) pos=(1296, 1448) path=61
marked destination touch VisitKey { scene: 3, area: (1216, 1408), event_id: 48, trigger_script: 60, trigger_mode: 4, state: 1 }
learned exit AreaKey { scene: 3, anchor: (1152, 1344) } event=48 -> AreaKey { scene: 3, anchor: (1216, 1408) }
area teleport in scene 3 at frame 25277: (1168, 1368) -> (1248, 1456)
continuing target event=71 across area (1216, 1408) path=0
target scene=3 area=(1216, 1408) event=54 script=4647 mode=5 state=1 player=(1248, 1456) pos=(992, 1472) path=16
marked destination touch VisitKey { scene: 3, area: (1152, 1344), event_id: 47, trigger_script: 33, trigger_mode: 4, state: 1 }
learned exit AreaKey { scene: 3, anchor: (1216, 1408) } event=47 -> AreaKey { scene: 3, anchor: (1152, 1344) }
area teleport in scene 3 at frame 25290: (1248, 1456) -> (1168, 1368)
target scene=3 area=(1152, 1344) event=71 script=8146 mode=1 state=1 player=(1168, 1368) pos=(1296, 1448) path=61
marked destination touch VisitKey { scene: 3, area: (1216, 1408), event_id: 48, trigger_script: 60, trigger_mode: 4, state: 1 }
learned exit AreaKey { scene: 3, anchor: (1152, 1344) } event=48 -> AreaKey { scene: 3, anchor: (1216, 1408) }
area teleport in scene 3 at frame 25307: (1168, 1368) -> (1248, 1456)
continuing target event=71 across area (1216, 1408) path=0
target scene=3 area=(1216, 1408) event=54 script=4647 mode=5 state=1 player=(1248, 1456) pos=(992, 1472) path=16
marked destination touch VisitKey { scene: 3, area: (1152, 1344), event_id: 47, trigger_script: 33, trigger_mode: 4, state: 1 }
learned exit AreaKey { scene: 3, anchor: (1216, 1408) } event=47 -> AreaKey { scene: 3, anchor: (1152, 1344) }
area teleport in scene 3 at frame 25320: (1248, 1456) -> (1168, 1368)
target scene=3 area=(1152, 1344) event=71 script=8146 mode=1 state=1 player=(1168, 1368) pos=(1296, 1448) path=61
marked destination touch VisitKey { scene: 3, area: (1216, 1408), event_id: 48, trigger_script: 60, trigger_mode: 4, state: 1 }
learned exit AreaKey { scene: 3, anchor: (1152, 1344) } event=48 -> AreaKey { scene: 3, anchor: (1216, 1408) }
area teleport in scene 3 at frame 25337: (1168, 1368) -> (1248, 1456)
continuing target event=71 across area (1216, 1408) path=0
target scene=3 area=(1216, 1408) event=54 script=4647 mode=5 state=1 player=(1248, 1456) pos=(992, 1472) path=16
marked destination touch VisitKey { scene: 3, area: (1152, 1344), event_id: 47, trigger_script: 33, trigger_mode: 4, state: 1 }
learned exit AreaKey { scene: 3, anchor: (1216, 1408) } event=47 -> AreaKey { scene: 3, anchor: (1152, 1344) }
area teleport in scene 3 at frame 25350: (1248, 1456) -> (1168, 1368)
target scene=3 area=(1152, 1344) event=71 script=8146 mode=1 state=1 player=(1168, 1368) pos=(1296, 1448) path=61
marked destination touch VisitKey { scene: 3, area: (1216, 1408), event_id: 48, trigger_script: 60, trigger_mode: 4, state: 1 }
learned exit AreaKey { scene: 3, anchor: (1152, 1344) } event=48 -> AreaKey { scene: 3, anchor: (1216, 1408) }
area teleport in scene 3 at frame 25367: (1168, 1368) -> (1248, 1456)
continuing target event=71 across area (1216, 1408) path=0
target scene=3 area=(1216, 1408) event=54 script=4647 mode=5 state=1 player=(1248, 1456) pos=(992, 1472) path=16
marked destination touch VisitKey { scene: 3, area: (1152, 1344), event_id: 47, trigger_script: 33, trigger_mode: 4, state: 1 }
learned exit AreaKey { scene: 3, anchor: (1216, 1408) } event=47 -> AreaKey { scene: 3, anchor: (1152, 1344) }
area teleport in scene 3 at frame 25380: (1248, 1456) -> (1168, 1368)
target scene=3 area=(1152, 1344) event=71 script=8146 mode=1 state=1 player=(1168, 1368) pos=(1296, 1448) path=61
marked destination touch VisitKey { scene: 3, area: (1216, 1408), event_id: 48, trigger_script: 60, trigger_mode: 4, state: 1 }
learned exit AreaKey { scene: 3, anchor: (1152, 1344) } event=48 -> AreaKey { scene: 3, anchor: (1216, 1408) }
area teleport in scene 3 at frame 25397: (1168, 1368) -> (1248, 1456)
continuing target event=71 across area (1216, 1408) path=0
target scene=3 area=(1216, 1408) event=54 script=4647 mode=5 state=1 player=(1248, 1456) pos=(992, 1472) path=16
marked destination touch VisitKey { scene: 3, area: (1152, 1344), event_id: 47, trigger_script: 33, trigger_mode: 4, state: 1 }
learned exit AreaKey { scene: 3, anchor: (1216, 1408) } event=47 -> AreaKey { scene: 3, anchor: (1152, 1344) }
area teleport in scene 3 at frame 25410: (1248, 1456) -> (1168, 1368)
target scene=3 area=(1152, 1344) event=71 script=8146 mode=1 state=1 player=(1168, 1368) pos=(1296, 1448) path=61
marked destination touch VisitKey { scene: 3, area: (1216, 1408), event_id: 48, trigger_script: 60, trigger_mode: 4, state: 1 }
learned exit AreaKey { scene: 3, anchor: (1152, 1344) } event=48 -> AreaKey { scene: 3, anchor: (1216, 1408) }
area teleport in scene 3 at frame 25427: (1168, 1368) -> (1248, 1456)
continuing target event=71 across area (1216, 1408) path=0
target scene=3 area=(1216, 1408) event=54 script=4647 mode=5 state=1 player=(1248, 1456) pos=(992, 1472) path=16
marked destination touch VisitKey { scene: 3, area: (1152, 1344), event_id: 47, trigger_script: 33, trigger_mode: 4, state: 1 }
learned exit AreaKey { scene: 3, anchor: (1216, 1408) } event=47 -> AreaKey { scene: 3, anchor: (1152, 1344) }
area teleport in scene 3 at frame 25440: (1248, 1456) -> (1168, 1368)
target scene=3 area=(1152, 1344) event=71 script=8146 mode=1 state=1 player=(1168, 1368) pos=(1296, 1448) path=61
marked destination touch VisitKey { scene: 3, area: (1216, 1408), event_id: 48, trigger_script: 60, trigger_mode: 4, state: 1 }
learned exit AreaKey { scene: 3, anchor: (1152, 1344) } event=48 -> AreaKey { scene: 3, anchor: (1216, 1408) }
area teleport in scene 3 at frame 25457: (1168, 1368) -> (1248, 1456)
continuing target event=71 across area (1216, 1408) path=0
target scene=3 area=(1216, 1408) event=54 script=4647 mode=5 state=1 player=(1248, 1456) pos=(992, 1472) path=16
marked destination touch VisitKey { scene: 3, area: (1152, 1344), event_id: 47, trigger_script: 33, trigger_mode: 4, state: 1 }
learned exit AreaKey { scene: 3, anchor: (1216, 1408) } event=47 -> AreaKey { scene: 3, anchor: (1152, 1344) }
area teleport in scene 3 at frame 25470: (1248, 1456) -> (1168, 1368)
target scene=3 area=(1152, 1344) event=71 script=8146 mode=1 state=1 player=(1168, 1368) pos=(1296, 1448) path=61
marked destination touch VisitKey { scene: 3, area: (1216, 1408), event_id: 48, trigger_script: 60, trigger_mode: 4, state: 1 }
learned exit AreaKey { scene: 3, anchor: (1152, 1344) } event=48 -> AreaKey { scene: 3, anchor: (1216, 1408) }
area teleport in scene 3 at frame 25487: (1168, 1368) -> (1248, 1456)
continuing target event=71 across area (1216, 1408) path=0
target scene=3 area=(1216, 1408) event=54 script=4647 mode=5 state=1 player=(1248, 1456) pos=(992, 1472) path=16
marked destination touch VisitKey { scene: 3, area: (1152, 1344), event_id: 47, trigger_script: 33, trigger_mode: 4, state: 1 }
learned exit AreaKey { scene: 3, anchor: (1216, 1408) } event=47 -> AreaKey { scene: 3, anchor: (1152, 1344) }
area teleport in scene 3 at frame 25500: (1248, 1456) -> (1168, 1368)
target scene=3 area=(1152, 1344) event=71 script=8146 mode=1 state=1 player=(1168, 1368) pos=(1296, 1448) path=61
marked destination touch VisitKey { scene: 3, area: (1216, 1408), event_id: 48, trigger_script: 60, trigger_mode: 4, state: 1 }
learned exit AreaKey { scene: 3, anchor: (1152, 1344) } event=48 -> AreaKey { scene: 3, anchor: (1216, 1408) }
area teleport in scene 3 at frame 25517: (1168, 1368) -> (1248, 1456)
continuing target event=71 across area (1216, 1408) path=0
target scene=3 area=(1216, 1408) event=54 script=4647 mode=5 state=1 player=(1248, 1456) pos=(992, 1472) path=16
marked destination touch VisitKey { scene: 3, area: (1152, 1344), event_id: 47, trigger_script: 33, trigger_mode: 4, state: 1 }
learned exit AreaKey { scene: 3, anchor: (1216, 1408) } event=47 -> AreaKey { scene: 3, anchor: (1152, 1344) }
area teleport in scene 3 at frame 25530: (1248, 1456) -> (1168, 1368)
target scene=3 area=(1152, 1344) event=71 script=8146 mode=1 state=1 player=(1168, 1368) pos=(1296, 1448) path=61
marked destination touch VisitKey { scene: 3, area: (1216, 1408), event_id: 48, trigger_script: 60, trigger_mode: 4, state: 1 }
learned exit AreaKey { scene: 3, anchor: (1152, 1344) } event=48 -> AreaKey { scene: 3, anchor: (1216, 1408) }
area teleport in scene 3 at frame 25547: (1168, 1368) -> (1248, 1456)
continuing target event=71 across area (1216, 1408) path=0
target scene=3 area=(1216, 1408) event=54 script=4647 mode=5 state=1 player=(1248, 1456) pos=(992, 1472) path=16
marked destination touch VisitKey { scene: 3, area: (1152, 1344), event_id: 47, trigger_script: 33, trigger_mode: 4, state: 1 }
learned exit AreaKey { scene: 3, anchor: (1216, 1408) } event=47 -> AreaKey { scene: 3, anchor: (1152, 1344) }
area teleport in scene 3 at frame 25560: (1248, 1456) -> (1168, 1368)
target scene=3 area=(1152, 1344) event=71 script=8146 mode=1 state=1 player=(1168, 1368) pos=(1296, 1448) path=61
marked destination touch VisitKey { scene: 3, area: (1216, 1408), event_id: 48, trigger_script: 60, trigger_mode: 4, state: 1 }
learned exit AreaKey { scene: 3, anchor: (1152, 1344) } event=48 -> AreaKey { scene: 3, anchor: (1216, 1408) }
area teleport in scene 3 at frame 25577: (1168, 1368) -> (1248, 1456)
continuing target event=71 across area (1216, 1408) path=0
target scene=3 area=(1216, 1408) event=54 script=4647 mode=5 state=1 player=(1248, 1456) pos=(992, 1472) path=16
marked destination touch VisitKey { scene: 3, area: (1152, 1344), event_id: 47, trigger_script: 33, trigger_mode: 4, state: 1 }
learned exit AreaKey { scene: 3, anchor: (1216, 1408) } event=47 -> AreaKey { scene: 3, anchor: (1152, 1344) }
area teleport in scene 3 at frame 25590: (1248, 1456) -> (1168, 1368)
target scene=3 area=(1152, 1344) event=71 script=8146 mode=1 state=1 player=(1168, 1368) pos=(1296, 1448) path=61
marked destination touch VisitKey { scene: 3, area: (1216, 1408), event_id: 48, trigger_script: 60, trigger_mode: 4, state: 1 }
learned exit AreaKey { scene: 3, anchor: (1152, 1344) } event=48 -> AreaKey { scene: 3, anchor: (1216, 1408) }
area teleport in scene 3 at frame 25607: (1168, 1368) -> (1248, 1456)
continuing target event=71 across area (1216, 1408) path=0
target scene=3 area=(1216, 1408) event=54 script=4647 mode=5 state=1 player=(1248, 1456) pos=(992, 1472) path=16
marked destination touch VisitKey { scene: 3, area: (1152, 1344), event_id: 47, trigger_script: 33, trigger_mode: 4, state: 1 }
learned exit AreaKey { scene: 3, anchor: (1216, 1408) } event=47 -> AreaKey { scene: 3, anchor: (1152, 1344) }
area teleport in scene 3 at frame 25620: (1248, 1456) -> (1168, 1368)
target scene=3 area=(1152, 1344) event=71 script=8146 mode=1 state=1 player=(1168, 1368) pos=(1296, 1448) path=61
marked destination touch VisitKey { scene: 3, area: (1216, 1408), event_id: 48, trigger_script: 60, trigger_mode: 4, state: 1 }
learned exit AreaKey { scene: 3, anchor: (1152, 1344) } event=48 -> AreaKey { scene: 3, anchor: (1216, 1408) }
area teleport in scene 3 at frame 25637: (1168, 1368) -> (1248, 1456)
continuing target event=71 across area (1216, 1408) path=0
target scene=3 area=(1216, 1408) event=54 script=4647 mode=5 state=1 player=(1248, 1456) pos=(992, 1472) path=16
marked destination touch VisitKey { scene: 3, area: (1152, 1344), event_id: 47, trigger_script: 33, trigger_mode: 4, state: 1 }
learned exit AreaKey { scene: 3, anchor: (1216, 1408) } event=47 -> AreaKey { scene: 3, anchor: (1152, 1344) }
area teleport in scene 3 at frame 25650: (1248, 1456) -> (1168, 1368)
target scene=3 area=(1152, 1344) event=71 script=8146 mode=1 state=1 player=(1168, 1368) pos=(1296, 1448) path=61
marked destination touch VisitKey { scene: 3, area: (1216, 1408), event_id: 48, trigger_script: 60, trigger_mode: 4, state: 1 }
learned exit AreaKey { scene: 3, anchor: (1152, 1344) } event=48 -> AreaKey { scene: 3, anchor: (1216, 1408) }
area teleport in scene 3 at frame 25667: (1168, 1368) -> (1248, 1456)
continuing target event=71 across area (1216, 1408) path=0
target scene=3 area=(1216, 1408) event=54 script=4647 mode=5 state=1 player=(1248, 1456) pos=(992, 1472) path=16
marked destination touch VisitKey { scene: 3, area: (1152, 1344), event_id: 47, trigger_script: 33, trigger_mode: 4, state: 1 }
learned exit AreaKey { scene: 3, anchor: (1216, 1408) } event=47 -> AreaKey { scene: 3, anchor: (1152, 1344) }
area teleport in scene 3 at frame 25680: (1248, 1456) -> (1168, 1368)
target scene=3 area=(1152, 1344) event=71 script=8146 mode=1 state=1 player=(1168, 1368) pos=(1296, 1448) path=61
marked destination touch VisitKey { scene: 3, area: (1216, 1408), event_id: 48, trigger_script: 60, trigger_mode: 4, state: 1 }
learned exit AreaKey { scene: 3, anchor: (1152, 1344) } event=48 -> AreaKey { scene: 3, anchor: (1216, 1408) }
area teleport in scene 3 at frame 25697: (1168, 1368) -> (1248, 1456)
continuing target event=71 across area (1216, 1408) path=0
target scene=3 area=(1216, 1408) event=54 script=4647 mode=5 state=1 player=(1248, 1456) pos=(992, 1472) path=16
marked destination touch VisitKey { scene: 3, area: (1152, 1344), event_id: 47, trigger_script: 33, trigger_mode: 4, state: 1 }
learned exit AreaKey { scene: 3, anchor: (1216, 1408) } event=47 -> AreaKey { scene: 3, anchor: (1152, 1344) }
area teleport in scene 3 at frame 25710: (1248, 1456) -> (1168, 1368)
target scene=3 area=(1152, 1344) event=71 script=8146 mode=1 state=1 player=(1168, 1368) pos=(1296, 1448) path=61
marked destination touch VisitKey { scene: 3, area: (1216, 1408), event_id: 48, trigger_script: 60, trigger_mode: 4, state: 1 }
learned exit AreaKey { scene: 3, anchor: (1152, 1344) } event=48 -> AreaKey { scene: 3, anchor: (1216, 1408) }
area teleport in scene 3 at frame 25727: (1168, 1368) -> (1248, 1456)
continuing target event=71 across area (1216, 1408) path=0
target scene=3 area=(1216, 1408) event=54 script=4647 mode=5 state=1 player=(1248, 1456) pos=(992, 1472) path=16
marked destination touch VisitKey { scene: 3, area: (1152, 1344), event_id: 47, trigger_script: 33, trigger_mode: 4, state: 1 }
learned exit AreaKey { scene: 3, anchor: (1216, 1408) } event=47 -> AreaKey { scene: 3, anchor: (1152, 1344) }
area teleport in scene 3 at frame 25740: (1248, 1456) -> (1168, 1368)
target scene=3 area=(1152, 1344) event=71 script=8146 mode=1 state=1 player=(1168, 1368) pos=(1296, 1448) path=61
marked destination touch VisitKey { scene: 3, area: (1216, 1408), event_id: 48, trigger_script: 60, trigger_mode: 4, state: 1 }
learned exit AreaKey { scene: 3, anchor: (1152, 1344) } event=48 -> AreaKey { scene: 3, anchor: (1216, 1408) }
area teleport in scene 3 at frame 25757: (1168, 1368) -> (1248, 1456)
continuing target event=71 across area (1216, 1408) path=0
target scene=3 area=(1216, 1408) event=54 script=4647 mode=5 state=1 player=(1248, 1456) pos=(992, 1472) path=16
marked destination touch VisitKey { scene: 3, area: (1152, 1344), event_id: 47, trigger_script: 33, trigger_mode: 4, state: 1 }
learned exit AreaKey { scene: 3, anchor: (1216, 1408) } event=47 -> AreaKey { scene: 3, anchor: (1152, 1344) }
area teleport in scene 3 at frame 25770: (1248, 1456) -> (1168, 1368)
target scene=3 area=(1152, 1344) event=71 script=8146 mode=1 state=1 player=(1168, 1368) pos=(1296, 1448) path=61
marked destination touch VisitKey { scene: 3, area: (1216, 1408), event_id: 48, trigger_script: 60, trigger_mode: 4, state: 1 }
learned exit AreaKey { scene: 3, anchor: (1152, 1344) } event=48 -> AreaKey { scene: 3, anchor: (1216, 1408) }
area teleport in scene 3 at frame 25787: (1168, 1368) -> (1248, 1456)
continuing target event=71 across area (1216, 1408) path=0
target scene=3 area=(1216, 1408) event=54 script=4647 mode=5 state=1 player=(1248, 1456) pos=(992, 1472) path=16
marked destination touch VisitKey { scene: 3, area: (1152, 1344), event_id: 47, trigger_script: 33, trigger_mode: 4, state: 1 }
learned exit AreaKey { scene: 3, anchor: (1216, 1408) } event=47 -> AreaKey { scene: 3, anchor: (1152, 1344) }
area teleport in scene 3 at frame 25800: (1248, 1456) -> (1168, 1368)
target scene=3 area=(1152, 1344) event=71 script=8146 mode=1 state=1 player=(1168, 1368) pos=(1296, 1448) path=61
marked destination touch VisitKey { scene: 3, area: (1216, 1408), event_id: 48, trigger_script: 60, trigger_mode: 4, state: 1 }
learned exit AreaKey { scene: 3, anchor: (1152, 1344) } event=48 -> AreaKey { scene: 3, anchor: (1216, 1408) }
area teleport in scene 3 at frame 25817: (1168, 1368) -> (1248, 1456)
continuing target event=71 across area (1216, 1408) path=0
target scene=3 area=(1216, 1408) event=54 script=4647 mode=5 state=1 player=(1248, 1456) pos=(992, 1472) path=16
marked destination touch VisitKey { scene: 3, area: (1152, 1344), event_id: 47, trigger_script: 33, trigger_mode: 4, state: 1 }
learned exit AreaKey { scene: 3, anchor: (1216, 1408) } event=47 -> AreaKey { scene: 3, anchor: (1152, 1344) }
area teleport in scene 3 at frame 25830: (1248, 1456) -> (1168, 1368)
target scene=3 area=(1152, 1344) event=71 script=8146 mode=1 state=1 player=(1168, 1368) pos=(1296, 1448) path=61
marked destination touch VisitKey { scene: 3, area: (1216, 1408), event_id: 48, trigger_script: 60, trigger_mode: 4, state: 1 }
learned exit AreaKey { scene: 3, anchor: (1152, 1344) } event=48 -> AreaKey { scene: 3, anchor: (1216, 1408) }
area teleport in scene 3 at frame 25847: (1168, 1368) -> (1248, 1456)
continuing target event=71 across area (1216, 1408) path=0
target scene=3 area=(1216, 1408) event=54 script=4647 mode=5 state=1 player=(1248, 1456) pos=(992, 1472) path=16
marked destination touch VisitKey { scene: 3, area: (1152, 1344), event_id: 47, trigger_script: 33, trigger_mode: 4, state: 1 }
learned exit AreaKey { scene: 3, anchor: (1216, 1408) } event=47 -> AreaKey { scene: 3, anchor: (1152, 1344) }
area teleport in scene 3 at frame 25860: (1248, 1456) -> (1168, 1368)
target scene=3 area=(1152, 1344) event=71 script=8146 mode=1 state=1 player=(1168, 1368) pos=(1296, 1448) path=61
marked destination touch VisitKey { scene: 3, area: (1216, 1408), event_id: 48, trigger_script: 60, trigger_mode: 4, state: 1 }
learned exit AreaKey { scene: 3, anchor: (1152, 1344) } event=48 -> AreaKey { scene: 3, anchor: (1216, 1408) }
area teleport in scene 3 at frame 25877: (1168, 1368) -> (1248, 1456)
continuing target event=71 across area (1216, 1408) path=0
target scene=3 area=(1216, 1408) event=54 script=4647 mode=5 state=1 player=(1248, 1456) pos=(992, 1472) path=16
marked destination touch VisitKey { scene: 3, area: (1152, 1344), event_id: 47, trigger_script: 33, trigger_mode: 4, state: 1 }
learned exit AreaKey { scene: 3, anchor: (1216, 1408) } event=47 -> AreaKey { scene: 3, anchor: (1152, 1344) }
area teleport in scene 3 at frame 25890: (1248, 1456) -> (1168, 1368)
target scene=3 area=(1152, 1344) event=71 script=8146 mode=1 state=1 player=(1168, 1368) pos=(1296, 1448) path=61
marked destination touch VisitKey { scene: 3, area: (1216, 1408), event_id: 48, trigger_script: 60, trigger_mode: 4, state: 1 }
learned exit AreaKey { scene: 3, anchor: (1152, 1344) } event=48 -> AreaKey { scene: 3, anchor: (1216, 1408) }
area teleport in scene 3 at frame 25907: (1168, 1368) -> (1248, 1456)
continuing target event=71 across area (1216, 1408) path=0
target scene=3 area=(1216, 1408) event=54 script=4647 mode=5 state=1 player=(1248, 1456) pos=(992, 1472) path=16
marked destination touch VisitKey { scene: 3, area: (1152, 1344), event_id: 47, trigger_script: 33, trigger_mode: 4, state: 1 }
learned exit AreaKey { scene: 3, anchor: (1216, 1408) } event=47 -> AreaKey { scene: 3, anchor: (1152, 1344) }
area teleport in scene 3 at frame 25920: (1248, 1456) -> (1168, 1368)
target scene=3 area=(1152, 1344) event=71 script=8146 mode=1 state=1 player=(1168, 1368) pos=(1296, 1448) path=61
marked destination touch VisitKey { scene: 3, area: (1216, 1408), event_id: 48, trigger_script: 60, trigger_mode: 4, state: 1 }
learned exit AreaKey { scene: 3, anchor: (1152, 1344) } event=48 -> AreaKey { scene: 3, anchor: (1216, 1408) }
area teleport in scene 3 at frame 25937: (1168, 1368) -> (1248, 1456)
continuing target event=71 across area (1216, 1408) path=0
target scene=3 area=(1216, 1408) event=54 script=4647 mode=5 state=1 player=(1248, 1456) pos=(992, 1472) path=16
marked destination touch VisitKey { scene: 3, area: (1152, 1344), event_id: 47, trigger_script: 33, trigger_mode: 4, state: 1 }
learned exit AreaKey { scene: 3, anchor: (1216, 1408) } event=47 -> AreaKey { scene: 3, anchor: (1152, 1344) }
area teleport in scene 3 at frame 25950: (1248, 1456) -> (1168, 1368)
target scene=3 area=(1152, 1344) event=71 script=8146 mode=1 state=1 player=(1168, 1368) pos=(1296, 1448) path=61
marked destination touch VisitKey { scene: 3, area: (1216, 1408), event_id: 48, trigger_script: 60, trigger_mode: 4, state: 1 }
learned exit AreaKey { scene: 3, anchor: (1152, 1344) } event=48 -> AreaKey { scene: 3, anchor: (1216, 1408) }
area teleport in scene 3 at frame 25967: (1168, 1368) -> (1248, 1456)
continuing target event=71 across area (1216, 1408) path=0
target scene=3 area=(1216, 1408) event=54 script=4647 mode=5 state=1 player=(1248, 1456) pos=(992, 1472) path=16
marked destination touch VisitKey { scene: 3, area: (1152, 1344), event_id: 47, trigger_script: 33, trigger_mode: 4, state: 1 }
learned exit AreaKey { scene: 3, anchor: (1216, 1408) } event=47 -> AreaKey { scene: 3, anchor: (1152, 1344) }
area teleport in scene 3 at frame 25980: (1248, 1456) -> (1168, 1368)
target scene=3 area=(1152, 1344) event=71 script=8146 mode=1 state=1 player=(1168, 1368) pos=(1296, 1448) path=61
marked destination touch VisitKey { scene: 3, area: (1216, 1408), event_id: 48, trigger_script: 60, trigger_mode: 4, state: 1 }
learned exit AreaKey { scene: 3, anchor: (1152, 1344) } event=48 -> AreaKey { scene: 3, anchor: (1216, 1408) }
area teleport in scene 3 at frame 25997: (1168, 1368) -> (1248, 1456)
continuing target event=71 across area (1216, 1408) path=0
target scene=3 area=(1216, 1408) event=54 script=4647 mode=5 state=1 player=(1248, 1456) pos=(992, 1472) path=16
marked destination touch VisitKey { scene: 3, area: (1152, 1344), event_id: 47, trigger_script: 33, trigger_mode: 4, state: 1 }
learned exit AreaKey { scene: 3, anchor: (1216, 1408) } event=47 -> AreaKey { scene: 3, anchor: (1152, 1344) }
area teleport in scene 3 at frame 26010: (1248, 1456) -> (1168, 1368)
target scene=3 area=(1152, 1344) event=71 script=8146 mode=1 state=1 player=(1168, 1368) pos=(1296, 1448) path=61
marked destination touch VisitKey { scene: 3, area: (1216, 1408), event_id: 48, trigger_script: 60, trigger_mode: 4, state: 1 }
learned exit AreaKey { scene: 3, anchor: (1152, 1344) } event=48 -> AreaKey { scene: 3, anchor: (1216, 1408) }
area teleport in scene 3 at frame 26027: (1168, 1368) -> (1248, 1456)
continuing target event=71 across area (1216, 1408) path=0
target scene=3 area=(1216, 1408) event=54 script=4647 mode=5 state=1 player=(1248, 1456) pos=(992, 1472) path=16
marked destination touch VisitKey { scene: 3, area: (1152, 1344), event_id: 47, trigger_script: 33, trigger_mode: 4, state: 1 }
learned exit AreaKey { scene: 3, anchor: (1216, 1408) } event=47 -> AreaKey { scene: 3, anchor: (1152, 1344) }
area teleport in scene 3 at frame 26040: (1248, 1456) -> (1168, 1368)
target scene=3 area=(1152, 1344) event=71 script=8146 mode=1 state=1 player=(1168, 1368) pos=(1296, 1448) path=61
marked destination touch VisitKey { scene: 3, area: (1216, 1408), event_id: 48, trigger_script: 60, trigger_mode: 4, state: 1 }
learned exit AreaKey { scene: 3, anchor: (1152, 1344) } event=48 -> AreaKey { scene: 3, anchor: (1216, 1408) }
area teleport in scene 3 at frame 26057: (1168, 1368) -> (1248, 1456)
continuing target event=71 across area (1216, 1408) path=0
target scene=3 area=(1216, 1408) event=54 script=4647 mode=5 state=1 player=(1248, 1456) pos=(992, 1472) path=16
marked destination touch VisitKey { scene: 3, area: (1152, 1344), event_id: 47, trigger_script: 33, trigger_mode: 4, state: 1 }
learned exit AreaKey { scene: 3, anchor: (1216, 1408) } event=47 -> AreaKey { scene: 3, anchor: (1152, 1344) }
area teleport in scene 3 at frame 26070: (1248, 1456) -> (1168, 1368)
target scene=3 area=(1152, 1344) event=71 script=8146 mode=1 state=1 player=(1168, 1368) pos=(1296, 1448) path=61
marked destination touch VisitKey { scene: 3, area: (1216, 1408), event_id: 48, trigger_script: 60, trigger_mode: 4, state: 1 }
learned exit AreaKey { scene: 3, anchor: (1152, 1344) } event=48 -> AreaKey { scene: 3, anchor: (1216, 1408) }
area teleport in scene 3 at frame 26087: (1168, 1368) -> (1248, 1456)
continuing target event=71 across area (1216, 1408) path=0
target scene=3 area=(1216, 1408) event=54 script=4647 mode=5 state=1 player=(1248, 1456) pos=(992, 1472) path=16
marked destination touch VisitKey { scene: 3, area: (1152, 1344), event_id: 47, trigger_script: 33, trigger_mode: 4, state: 1 }
learned exit AreaKey { scene: 3, anchor: (1216, 1408) } event=47 -> AreaKey { scene: 3, anchor: (1152, 1344) }
area teleport in scene 3 at frame 26100: (1248, 1456) -> (1168, 1368)
target scene=3 area=(1152, 1344) event=71 script=8146 mode=1 state=1 player=(1168, 1368) pos=(1296, 1448) path=61
marked destination touch VisitKey { scene: 3, area: (1216, 1408), event_id: 48, trigger_script: 60, trigger_mode: 4, state: 1 }
learned exit AreaKey { scene: 3, anchor: (1152, 1344) } event=48 -> AreaKey { scene: 3, anchor: (1216, 1408) }
area teleport in scene 3 at frame 26117: (1168, 1368) -> (1248, 1456)
continuing target event=71 across area (1216, 1408) path=0
target scene=3 area=(1216, 1408) event=54 script=4647 mode=5 state=1 player=(1248, 1456) pos=(992, 1472) path=16
marked destination touch VisitKey { scene: 3, area: (1152, 1344), event_id: 47, trigger_script: 33, trigger_mode: 4, state: 1 }
learned exit AreaKey { scene: 3, anchor: (1216, 1408) } event=47 -> AreaKey { scene: 3, anchor: (1152, 1344) }
area teleport in scene 3 at frame 26130: (1248, 1456) -> (1168, 1368)
target scene=3 area=(1152, 1344) event=71 script=8146 mode=1 state=1 player=(1168, 1368) pos=(1296, 1448) path=61
marked destination touch VisitKey { scene: 3, area: (1216, 1408), event_id: 48, trigger_script: 60, trigger_mode: 4, state: 1 }
learned exit AreaKey { scene: 3, anchor: (1152, 1344) } event=48 -> AreaKey { scene: 3, anchor: (1216, 1408) }
area teleport in scene 3 at frame 26147: (1168, 1368) -> (1248, 1456)
continuing target event=71 across area (1216, 1408) path=0
target scene=3 area=(1216, 1408) event=54 script=4647 mode=5 state=1 player=(1248, 1456) pos=(992, 1472) path=16
marked destination touch VisitKey { scene: 3, area: (1152, 1344), event_id: 47, trigger_script: 33, trigger_mode: 4, state: 1 }
learned exit AreaKey { scene: 3, anchor: (1216, 1408) } event=47 -> AreaKey { scene: 3, anchor: (1152, 1344) }
area teleport in scene 3 at frame 26160: (1248, 1456) -> (1168, 1368)
target scene=3 area=(1152, 1344) event=71 script=8146 mode=1 state=1 player=(1168, 1368) pos=(1296, 1448) path=61
marked destination touch VisitKey { scene: 3, area: (1216, 1408), event_id: 48, trigger_script: 60, trigger_mode: 4, state: 1 }
learned exit AreaKey { scene: 3, anchor: (1152, 1344) } event=48 -> AreaKey { scene: 3, anchor: (1216, 1408) }
area teleport in scene 3 at frame 26177: (1168, 1368) -> (1248, 1456)
continuing target event=71 across area (1216, 1408) path=0
target scene=3 area=(1216, 1408) event=54 script=4647 mode=5 state=1 player=(1248, 1456) pos=(992, 1472) path=16
marked destination touch VisitKey { scene: 3, area: (1152, 1344), event_id: 47, trigger_script: 33, trigger_mode: 4, state: 1 }
learned exit AreaKey { scene: 3, anchor: (1216, 1408) } event=47 -> AreaKey { scene: 3, anchor: (1152, 1344) }
area teleport in scene 3 at frame 26190: (1248, 1456) -> (1168, 1368)
target scene=3 area=(1152, 1344) event=71 script=8146 mode=1 state=1 player=(1168, 1368) pos=(1296, 1448) path=61
marked destination touch VisitKey { scene: 3, area: (1216, 1408), event_id: 48, trigger_script: 60, trigger_mode: 4, state: 1 }
learned exit AreaKey { scene: 3, anchor: (1152, 1344) } event=48 -> AreaKey { scene: 3, anchor: (1216, 1408) }
area teleport in scene 3 at frame 26207: (1168, 1368) -> (1248, 1456)
continuing target event=71 across area (1216, 1408) path=0
target scene=3 area=(1216, 1408) event=54 script=4647 mode=5 state=1 player=(1248, 1456) pos=(992, 1472) path=16
marked destination touch VisitKey { scene: 3, area: (1152, 1344), event_id: 47, trigger_script: 33, trigger_mode: 4, state: 1 }
learned exit AreaKey { scene: 3, anchor: (1216, 1408) } event=47 -> AreaKey { scene: 3, anchor: (1152, 1344) }
area teleport in scene 3 at frame 26220: (1248, 1456) -> (1168, 1368)
target scene=3 area=(1152, 1344) event=71 script=8146 mode=1 state=1 player=(1168, 1368) pos=(1296, 1448) path=61
marked destination touch VisitKey { scene: 3, area: (1216, 1408), event_id: 48, trigger_script: 60, trigger_mode: 4, state: 1 }
learned exit AreaKey { scene: 3, anchor: (1152, 1344) } event=48 -> AreaKey { scene: 3, anchor: (1216, 1408) }
area teleport in scene 3 at frame 26237: (1168, 1368) -> (1248, 1456)
continuing target event=71 across area (1216, 1408) path=0
target scene=3 area=(1216, 1408) event=54 script=4647 mode=5 state=1 player=(1248, 1456) pos=(992, 1472) path=16
marked destination touch VisitKey { scene: 3, area: (1152, 1344), event_id: 47, trigger_script: 33, trigger_mode: 4, state: 1 }
learned exit AreaKey { scene: 3, anchor: (1216, 1408) } event=47 -> AreaKey { scene: 3, anchor: (1152, 1344) }
area teleport in scene 3 at frame 26250: (1248, 1456) -> (1168, 1368)
target scene=3 area=(1152, 1344) event=71 script=8146 mode=1 state=1 player=(1168, 1368) pos=(1296, 1448) path=61
marked destination touch VisitKey { scene: 3, area: (1216, 1408), event_id: 48, trigger_script: 60, trigger_mode: 4, state: 1 }
learned exit AreaKey { scene: 3, anchor: (1152, 1344) } event=48 -> AreaKey { scene: 3, anchor: (1216, 1408) }
area teleport in scene 3 at frame 26267: (1168, 1368) -> (1248, 1456)
continuing target event=71 across area (1216, 1408) path=0
target scene=3 area=(1216, 1408) event=54 script=4647 mode=5 state=1 player=(1248, 1456) pos=(992, 1472) path=16
marked destination touch VisitKey { scene: 3, area: (1152, 1344), event_id: 47, trigger_script: 33, trigger_mode: 4, state: 1 }
learned exit AreaKey { scene: 3, anchor: (1216, 1408) } event=47 -> AreaKey { scene: 3, anchor: (1152, 1344) }
area teleport in scene 3 at frame 26280: (1248, 1456) -> (1168, 1368)
target scene=3 area=(1152, 1344) event=71 script=8146 mode=1 state=1 player=(1168, 1368) pos=(1296, 1448) path=61
marked destination touch VisitKey { scene: 3, area: (1216, 1408), event_id: 48, trigger_script: 60, trigger_mode: 4, state: 1 }
learned exit AreaKey { scene: 3, anchor: (1152, 1344) } event=48 -> AreaKey { scene: 3, anchor: (1216, 1408) }
area teleport in scene 3 at frame 26297: (1168, 1368) -> (1248, 1456)
continuing target event=71 across area (1216, 1408) path=0
target scene=3 area=(1216, 1408) event=54 script=4647 mode=5 state=1 player=(1248, 1456) pos=(992, 1472) path=16
marked destination touch VisitKey { scene: 3, area: (1152, 1344), event_id: 47, trigger_script: 33, trigger_mode: 4, state: 1 }
learned exit AreaKey { scene: 3, anchor: (1216, 1408) } event=47 -> AreaKey { scene: 3, anchor: (1152, 1344) }
area teleport in scene 3 at frame 26310: (1248, 1456) -> (1168, 1368)
target scene=3 area=(1152, 1344) event=71 script=8146 mode=1 state=1 player=(1168, 1368) pos=(1296, 1448) path=61
marked destination touch VisitKey { scene: 3, area: (1216, 1408), event_id: 48, trigger_script: 60, trigger_mode: 4, state: 1 }
learned exit AreaKey { scene: 3, anchor: (1152, 1344) } event=48 -> AreaKey { scene: 3, anchor: (1216, 1408) }
area teleport in scene 3 at frame 26327: (1168, 1368) -> (1248, 1456)
continuing target event=71 across area (1216, 1408) path=0
target scene=3 area=(1216, 1408) event=54 script=4647 mode=5 state=1 player=(1248, 1456) pos=(992, 1472) path=16
marked destination touch VisitKey { scene: 3, area: (1152, 1344), event_id: 47, trigger_script: 33, trigger_mode: 4, state: 1 }
learned exit AreaKey { scene: 3, anchor: (1216, 1408) } event=47 -> AreaKey { scene: 3, anchor: (1152, 1344) }
area teleport in scene 3 at frame 26340: (1248, 1456) -> (1168, 1368)
target scene=3 area=(1152, 1344) event=71 script=8146 mode=1 state=1 player=(1168, 1368) pos=(1296, 1448) path=61
marked destination touch VisitKey { scene: 3, area: (1216, 1408), event_id: 48, trigger_script: 60, trigger_mode: 4, state: 1 }
learned exit AreaKey { scene: 3, anchor: (1152, 1344) } event=48 -> AreaKey { scene: 3, anchor: (1216, 1408) }
area teleport in scene 3 at frame 26357: (1168, 1368) -> (1248, 1456)
continuing target event=71 across area (1216, 1408) path=0
target scene=3 area=(1216, 1408) event=54 script=4647 mode=5 state=1 player=(1248, 1456) pos=(992, 1472) path=16
marked destination touch VisitKey { scene: 3, area: (1152, 1344), event_id: 47, trigger_script: 33, trigger_mode: 4, state: 1 }
learned exit AreaKey { scene: 3, anchor: (1216, 1408) } event=47 -> AreaKey { scene: 3, anchor: (1152, 1344) }
area teleport in scene 3 at frame 26370: (1248, 1456) -> (1168, 1368)
target scene=3 area=(1152, 1344) event=71 script=8146 mode=1 state=1 player=(1168, 1368) pos=(1296, 1448) path=61
marked destination touch VisitKey { scene: 3, area: (1216, 1408), event_id: 48, trigger_script: 60, trigger_mode: 4, state: 1 }
learned exit AreaKey { scene: 3, anchor: (1152, 1344) } event=48 -> AreaKey { scene: 3, anchor: (1216, 1408) }
area teleport in scene 3 at frame 26387: (1168, 1368) -> (1248, 1456)
continuing target event=71 across area (1216, 1408) path=0
target scene=3 area=(1216, 1408) event=54 script=4647 mode=5 state=1 player=(1248, 1456) pos=(992, 1472) path=16
marked destination touch VisitKey { scene: 3, area: (1152, 1344), event_id: 47, trigger_script: 33, trigger_mode: 4, state: 1 }
learned exit AreaKey { scene: 3, anchor: (1216, 1408) } event=47 -> AreaKey { scene: 3, anchor: (1152, 1344) }
area teleport in scene 3 at frame 26400: (1248, 1456) -> (1168, 1368)
target scene=3 area=(1152, 1344) event=71 script=8146 mode=1 state=1 player=(1168, 1368) pos=(1296, 1448) path=61
marked destination touch VisitKey { scene: 3, area: (1216, 1408), event_id: 48, trigger_script: 60, trigger_mode: 4, state: 1 }
learned exit AreaKey { scene: 3, anchor: (1152, 1344) } event=48 -> AreaKey { scene: 3, anchor: (1216, 1408) }
area teleport in scene 3 at frame 26417: (1168, 1368) -> (1248, 1456)
continuing target event=71 across area (1216, 1408) path=0
target scene=3 area=(1216, 1408) event=54 script=4647 mode=5 state=1 player=(1248, 1456) pos=(992, 1472) path=16
marked destination touch VisitKey { scene: 3, area: (1152, 1344), event_id: 47, trigger_script: 33, trigger_mode: 4, state: 1 }
learned exit AreaKey { scene: 3, anchor: (1216, 1408) } event=47 -> AreaKey { scene: 3, anchor: (1152, 1344) }
area teleport in scene 3 at frame 26430: (1248, 1456) -> (1168, 1368)
target scene=3 area=(1152, 1344) event=71 script=8146 mode=1 state=1 player=(1168, 1368) pos=(1296, 1448) path=61
marked destination touch VisitKey { scene: 3, area: (1216, 1408), event_id: 48, trigger_script: 60, trigger_mode: 4, state: 1 }
learned exit AreaKey { scene: 3, anchor: (1152, 1344) } event=48 -> AreaKey { scene: 3, anchor: (1216, 1408) }
area teleport in scene 3 at frame 26447: (1168, 1368) -> (1248, 1456)
continuing target event=71 across area (1216, 1408) path=0
target scene=3 area=(1216, 1408) event=54 script=4647 mode=5 state=1 player=(1248, 1456) pos=(992, 1472) path=16
marked destination touch VisitKey { scene: 3, area: (1152, 1344), event_id: 47, trigger_script: 33, trigger_mode: 4, state: 1 }
learned exit AreaKey { scene: 3, anchor: (1216, 1408) } event=47 -> AreaKey { scene: 3, anchor: (1152, 1344) }
area teleport in scene 3 at frame 26460: (1248, 1456) -> (1168, 1368)
target scene=3 area=(1152, 1344) event=71 script=8146 mode=1 state=1 player=(1168, 1368) pos=(1296, 1448) path=61
marked destination touch VisitKey { scene: 3, area: (1216, 1408), event_id: 48, trigger_script: 60, trigger_mode: 4, state: 1 }
learned exit AreaKey { scene: 3, anchor: (1152, 1344) } event=48 -> AreaKey { scene: 3, anchor: (1216, 1408) }
area teleport in scene 3 at frame 26477: (1168, 1368) -> (1248, 1456)
continuing target event=71 across area (1216, 1408) path=0
target scene=3 area=(1216, 1408) event=54 script=4647 mode=5 state=1 player=(1248, 1456) pos=(992, 1472) path=16
marked destination touch VisitKey { scene: 3, area: (1152, 1344), event_id: 47, trigger_script: 33, trigger_mode: 4, state: 1 }
learned exit AreaKey { scene: 3, anchor: (1216, 1408) } event=47 -> AreaKey { scene: 3, anchor: (1152, 1344) }
area teleport in scene 3 at frame 26490: (1248, 1456) -> (1168, 1368)
target scene=3 area=(1152, 1344) event=71 script=8146 mode=1 state=1 player=(1168, 1368) pos=(1296, 1448) path=61
marked destination touch VisitKey { scene: 3, area: (1216, 1408), event_id: 48, trigger_script: 60, trigger_mode: 4, state: 1 }
learned exit AreaKey { scene: 3, anchor: (1152, 1344) } event=48 -> AreaKey { scene: 3, anchor: (1216, 1408) }
area teleport in scene 3 at frame 26507: (1168, 1368) -> (1248, 1456)
continuing target event=71 across area (1216, 1408) path=0
target scene=3 area=(1216, 1408) event=54 script=4647 mode=5 state=1 player=(1248, 1456) pos=(992, 1472) path=16
marked destination touch VisitKey { scene: 3, area: (1152, 1344), event_id: 47, trigger_script: 33, trigger_mode: 4, state: 1 }
learned exit AreaKey { scene: 3, anchor: (1216, 1408) } event=47 -> AreaKey { scene: 3, anchor: (1152, 1344) }
area teleport in scene 3 at frame 26520: (1248, 1456) -> (1168, 1368)
target scene=3 area=(1152, 1344) event=71 script=8146 mode=1 state=1 player=(1168, 1368) pos=(1296, 1448) path=61
marked destination touch VisitKey { scene: 3, area: (1216, 1408), event_id: 48, trigger_script: 60, trigger_mode: 4, state: 1 }
learned exit AreaKey { scene: 3, anchor: (1152, 1344) } event=48 -> AreaKey { scene: 3, anchor: (1216, 1408) }
area teleport in scene 3 at frame 26537: (1168, 1368) -> (1248, 1456)
continuing target event=71 across area (1216, 1408) path=0
target scene=3 area=(1216, 1408) event=54 script=4647 mode=5 state=1 player=(1248, 1456) pos=(992, 1472) path=16
marked destination touch VisitKey { scene: 3, area: (1152, 1344), event_id: 47, trigger_script: 33, trigger_mode: 4, state: 1 }
learned exit AreaKey { scene: 3, anchor: (1216, 1408) } event=47 -> AreaKey { scene: 3, anchor: (1152, 1344) }
area teleport in scene 3 at frame 26550: (1248, 1456) -> (1168, 1368)
target scene=3 area=(1152, 1344) event=71 script=8146 mode=1 state=1 player=(1168, 1368) pos=(1296, 1448) path=61
marked destination touch VisitKey { scene: 3, area: (1216, 1408), event_id: 48, trigger_script: 60, trigger_mode: 4, state: 1 }
learned exit AreaKey { scene: 3, anchor: (1152, 1344) } event=48 -> AreaKey { scene: 3, anchor: (1216, 1408) }
area teleport in scene 3 at frame 26567: (1168, 1368) -> (1248, 1456)
continuing target event=71 across area (1216, 1408) path=0
target scene=3 area=(1216, 1408) event=54 script=4647 mode=5 state=1 player=(1248, 1456) pos=(992, 1472) path=16
marked destination touch VisitKey { scene: 3, area: (1152, 1344), event_id: 47, trigger_script: 33, trigger_mode: 4, state: 1 }
learned exit AreaKey { scene: 3, anchor: (1216, 1408) } event=47 -> AreaKey { scene: 3, anchor: (1152, 1344) }
area teleport in scene 3 at frame 26580: (1248, 1456) -> (1168, 1368)
target scene=3 area=(1152, 1344) event=71 script=8146 mode=1 state=1 player=(1168, 1368) pos=(1296, 1448) path=61
marked destination touch VisitKey { scene: 3, area: (1216, 1408), event_id: 48, trigger_script: 60, trigger_mode: 4, state: 1 }
learned exit AreaKey { scene: 3, anchor: (1152, 1344) } event=48 -> AreaKey { scene: 3, anchor: (1216, 1408) }
area teleport in scene 3 at frame 26597: (1168, 1368) -> (1248, 1456)
continuing target event=71 across area (1216, 1408) path=0
target scene=3 area=(1216, 1408) event=54 script=4647 mode=5 state=1 player=(1248, 1456) pos=(992, 1472) path=16
marked destination touch VisitKey { scene: 3, area: (1152, 1344), event_id: 47, trigger_script: 33, trigger_mode: 4, state: 1 }
learned exit AreaKey { scene: 3, anchor: (1216, 1408) } event=47 -> AreaKey { scene: 3, anchor: (1152, 1344) }
area teleport in scene 3 at frame 26610: (1248, 1456) -> (1168, 1368)
target scene=3 area=(1152, 1344) event=71 script=8146 mode=1 state=1 player=(1168, 1368) pos=(1296, 1448) path=61
marked destination touch VisitKey { scene: 3, area: (1216, 1408), event_id: 48, trigger_script: 60, trigger_mode: 4, state: 1 }
learned exit AreaKey { scene: 3, anchor: (1152, 1344) } event=48 -> AreaKey { scene: 3, anchor: (1216, 1408) }
area teleport in scene 3 at frame 26627: (1168, 1368) -> (1248, 1456)
continuing target event=71 across area (1216, 1408) path=0
target scene=3 area=(1216, 1408) event=54 script=4647 mode=5 state=1 player=(1248, 1456) pos=(992, 1472) path=16
marked destination touch VisitKey { scene: 3, area: (1152, 1344), event_id: 47, trigger_script: 33, trigger_mode: 4, state: 1 }
learned exit AreaKey { scene: 3, anchor: (1216, 1408) } event=47 -> AreaKey { scene: 3, anchor: (1152, 1344) }
area teleport in scene 3 at frame 26640: (1248, 1456) -> (1168, 1368)
target scene=3 area=(1152, 1344) event=71 script=8146 mode=1 state=1 player=(1168, 1368) pos=(1296, 1448) path=61
marked destination touch VisitKey { scene: 3, area: (1216, 1408), event_id: 48, trigger_script: 60, trigger_mode: 4, state: 1 }
learned exit AreaKey { scene: 3, anchor: (1152, 1344) } event=48 -> AreaKey { scene: 3, anchor: (1216, 1408) }
area teleport in scene 3 at frame 26657: (1168, 1368) -> (1248, 1456)
continuing target event=71 across area (1216, 1408) path=0
target scene=3 area=(1216, 1408) event=54 script=4647 mode=5 state=1 player=(1248, 1456) pos=(992, 1472) path=16
marked destination touch VisitKey { scene: 3, area: (1152, 1344), event_id: 47, trigger_script: 33, trigger_mode: 4, state: 1 }
learned exit AreaKey { scene: 3, anchor: (1216, 1408) } event=47 -> AreaKey { scene: 3, anchor: (1152, 1344) }
area teleport in scene 3 at frame 26670: (1248, 1456) -> (1168, 1368)
target scene=3 area=(1152, 1344) event=71 script=8146 mode=1 state=1 player=(1168, 1368) pos=(1296, 1448) path=61
marked destination touch VisitKey { scene: 3, area: (1216, 1408), event_id: 48, trigger_script: 60, trigger_mode: 4, state: 1 }
learned exit AreaKey { scene: 3, anchor: (1152, 1344) } event=48 -> AreaKey { scene: 3, anchor: (1216, 1408) }
area teleport in scene 3 at frame 26687: (1168, 1368) -> (1248, 1456)
continuing target event=71 across area (1216, 1408) path=0
target scene=3 area=(1216, 1408) event=54 script=4647 mode=5 state=1 player=(1248, 1456) pos=(992, 1472) path=16
marked destination touch VisitKey { scene: 3, area: (1152, 1344), event_id: 47, trigger_script: 33, trigger_mode: 4, state: 1 }
learned exit AreaKey { scene: 3, anchor: (1216, 1408) } event=47 -> AreaKey { scene: 3, anchor: (1152, 1344) }
area teleport in scene 3 at frame 26700: (1248, 1456) -> (1168, 1368)
target scene=3 area=(1152, 1344) event=71 script=8146 mode=1 state=1 player=(1168, 1368) pos=(1296, 1448) path=61
marked destination touch VisitKey { scene: 3, area: (1216, 1408), event_id: 48, trigger_script: 60, trigger_mode: 4, state: 1 }
learned exit AreaKey { scene: 3, anchor: (1152, 1344) } event=48 -> AreaKey { scene: 3, anchor: (1216, 1408) }
area teleport in scene 3 at frame 26717: (1168, 1368) -> (1248, 1456)
continuing target event=71 across area (1216, 1408) path=0
target scene=3 area=(1216, 1408) event=54 script=4647 mode=5 state=1 player=(1248, 1456) pos=(992, 1472) path=16
marked destination touch VisitKey { scene: 3, area: (1152, 1344), event_id: 47, trigger_script: 33, trigger_mode: 4, state: 1 }
learned exit AreaKey { scene: 3, anchor: (1216, 1408) } event=47 -> AreaKey { scene: 3, anchor: (1152, 1344) }
area teleport in scene 3 at frame 26730: (1248, 1456) -> (1168, 1368)
target scene=3 area=(1152, 1344) event=71 script=8146 mode=1 state=1 player=(1168, 1368) pos=(1296, 1448) path=61
marked destination touch VisitKey { scene: 3, area: (1216, 1408), event_id: 48, trigger_script: 60, trigger_mode: 4, state: 1 }
learned exit AreaKey { scene: 3, anchor: (1152, 1344) } event=48 -> AreaKey { scene: 3, anchor: (1216, 1408) }
area teleport in scene 3 at frame 26747: (1168, 1368) -> (1248, 1456)
continuing target event=71 across area (1216, 1408) path=0
target scene=3 area=(1216, 1408) event=54 script=4647 mode=5 state=1 player=(1248, 1456) pos=(992, 1472) path=16
marked destination touch VisitKey { scene: 3, area: (1152, 1344), event_id: 47, trigger_script: 33, trigger_mode: 4, state: 1 }
learned exit AreaKey { scene: 3, anchor: (1216, 1408) } event=47 -> AreaKey { scene: 3, anchor: (1152, 1344) }
area teleport in scene 3 at frame 26760: (1248, 1456) -> (1168, 1368)
target scene=3 area=(1152, 1344) event=71 script=8146 mode=1 state=1 player=(1168, 1368) pos=(1296, 1448) path=61
marked destination touch VisitKey { scene: 3, area: (1216, 1408), event_id: 48, trigger_script: 60, trigger_mode: 4, state: 1 }
learned exit AreaKey { scene: 3, anchor: (1152, 1344) } event=48 -> AreaKey { scene: 3, anchor: (1216, 1408) }
area teleport in scene 3 at frame 26777: (1168, 1368) -> (1248, 1456)
continuing target event=71 across area (1216, 1408) path=0
target scene=3 area=(1216, 1408) event=54 script=4647 mode=5 state=1 player=(1248, 1456) pos=(992, 1472) path=16
marked destination touch VisitKey { scene: 3, area: (1152, 1344), event_id: 47, trigger_script: 33, trigger_mode: 4, state: 1 }
learned exit AreaKey { scene: 3, anchor: (1216, 1408) } event=47 -> AreaKey { scene: 3, anchor: (1152, 1344) }
area teleport in scene 3 at frame 26790: (1248, 1456) -> (1168, 1368)
target scene=3 area=(1152, 1344) event=71 script=8146 mode=1 state=1 player=(1168, 1368) pos=(1296, 1448) path=61
marked destination touch VisitKey { scene: 3, area: (1216, 1408), event_id: 48, trigger_script: 60, trigger_mode: 4, state: 1 }
learned exit AreaKey { scene: 3, anchor: (1152, 1344) } event=48 -> AreaKey { scene: 3, anchor: (1216, 1408) }
area teleport in scene 3 at frame 26807: (1168, 1368) -> (1248, 1456)
continuing target event=71 across area (1216, 1408) path=0
target scene=3 area=(1216, 1408) event=54 script=4647 mode=5 state=1 player=(1248, 1456) pos=(992, 1472) path=16
marked destination touch VisitKey { scene: 3, area: (1152, 1344), event_id: 47, trigger_script: 33, trigger_mode: 4, state: 1 }
learned exit AreaKey { scene: 3, anchor: (1216, 1408) } event=47 -> AreaKey { scene: 3, anchor: (1152, 1344) }
area teleport in scene 3 at frame 26820: (1248, 1456) -> (1168, 1368)
target scene=3 area=(1152, 1344) event=71 script=8146 mode=1 state=1 player=(1168, 1368) pos=(1296, 1448) path=61
marked destination touch VisitKey { scene: 3, area: (1216, 1408), event_id: 48, trigger_script: 60, trigger_mode: 4, state: 1 }
learned exit AreaKey { scene: 3, anchor: (1152, 1344) } event=48 -> AreaKey { scene: 3, anchor: (1216, 1408) }
area teleport in scene 3 at frame 26837: (1168, 1368) -> (1248, 1456)
continuing target event=71 across area (1216, 1408) path=0
target scene=3 area=(1216, 1408) event=54 script=4647 mode=5 state=1 player=(1248, 1456) pos=(992, 1472) path=16
marked destination touch VisitKey { scene: 3, area: (1152, 1344), event_id: 47, trigger_script: 33, trigger_mode: 4, state: 1 }
learned exit AreaKey { scene: 3, anchor: (1216, 1408) } event=47 -> AreaKey { scene: 3, anchor: (1152, 1344) }
area teleport in scene 3 at frame 26850: (1248, 1456) -> (1168, 1368)
target scene=3 area=(1152, 1344) event=71 script=8146 mode=1 state=1 player=(1168, 1368) pos=(1296, 1448) path=61
marked destination touch VisitKey { scene: 3, area: (1216, 1408), event_id: 48, trigger_script: 60, trigger_mode: 4, state: 1 }
learned exit AreaKey { scene: 3, anchor: (1152, 1344) } event=48 -> AreaKey { scene: 3, anchor: (1216, 1408) }
area teleport in scene 3 at frame 26867: (1168, 1368) -> (1248, 1456)
continuing target event=71 across area (1216, 1408) path=0
target scene=3 area=(1216, 1408) event=54 script=4647 mode=5 state=1 player=(1248, 1456) pos=(992, 1472) path=16
marked destination touch VisitKey { scene: 3, area: (1152, 1344), event_id: 47, trigger_script: 33, trigger_mode: 4, state: 1 }
learned exit AreaKey { scene: 3, anchor: (1216, 1408) } event=47 -> AreaKey { scene: 3, anchor: (1152, 1344) }
area teleport in scene 3 at frame 26880: (1248, 1456) -> (1168, 1368)
target scene=3 area=(1152, 1344) event=71 script=8146 mode=1 state=1 player=(1168, 1368) pos=(1296, 1448) path=61
marked destination touch VisitKey { scene: 3, area: (1216, 1408), event_id: 48, trigger_script: 60, trigger_mode: 4, state: 1 }
learned exit AreaKey { scene: 3, anchor: (1152, 1344) } event=48 -> AreaKey { scene: 3, anchor: (1216, 1408) }
area teleport in scene 3 at frame 26897: (1168, 1368) -> (1248, 1456)
continuing target event=71 across area (1216, 1408) path=0
target scene=3 area=(1216, 1408) event=54 script=4647 mode=5 state=1 player=(1248, 1456) pos=(992, 1472) path=16
marked destination touch VisitKey { scene: 3, area: (1152, 1344), event_id: 47, trigger_script: 33, trigger_mode: 4, state: 1 }
learned exit AreaKey { scene: 3, anchor: (1216, 1408) } event=47 -> AreaKey { scene: 3, anchor: (1152, 1344) }
area teleport in scene 3 at frame 26910: (1248, 1456) -> (1168, 1368)
target scene=3 area=(1152, 1344) event=71 script=8146 mode=1 state=1 player=(1168, 1368) pos=(1296, 1448) path=61
marked destination touch VisitKey { scene: 3, area: (1216, 1408), event_id: 48, trigger_script: 60, trigger_mode: 4, state: 1 }
learned exit AreaKey { scene: 3, anchor: (1152, 1344) } event=48 -> AreaKey { scene: 3, anchor: (1216, 1408) }
area teleport in scene 3 at frame 26927: (1168, 1368) -> (1248, 1456)
continuing target event=71 across area (1216, 1408) path=0
target scene=3 area=(1216, 1408) event=54 script=4647 mode=5 state=1 player=(1248, 1456) pos=(992, 1472) path=16
marked destination touch VisitKey { scene: 3, area: (1152, 1344), event_id: 47, trigger_script: 33, trigger_mode: 4, state: 1 }
learned exit AreaKey { scene: 3, anchor: (1216, 1408) } event=47 -> AreaKey { scene: 3, anchor: (1152, 1344) }
area teleport in scene 3 at frame 26940: (1248, 1456) -> (1168, 1368)
target scene=3 area=(1152, 1344) event=71 script=8146 mode=1 state=1 player=(1168, 1368) pos=(1296, 1448) path=61
marked destination touch VisitKey { scene: 3, area: (1216, 1408), event_id: 48, trigger_script: 60, trigger_mode: 4, state: 1 }
learned exit AreaKey { scene: 3, anchor: (1152, 1344) } event=48 -> AreaKey { scene: 3, anchor: (1216, 1408) }
area teleport in scene 3 at frame 26957: (1168, 1368) -> (1248, 1456)
continuing target event=71 across area (1216, 1408) path=0
target scene=3 area=(1216, 1408) event=54 script=4647 mode=5 state=1 player=(1248, 1456) pos=(992, 1472) path=16
marked destination touch VisitKey { scene: 3, area: (1152, 1344), event_id: 47, trigger_script: 33, trigger_mode: 4, state: 1 }
learned exit AreaKey { scene: 3, anchor: (1216, 1408) } event=47 -> AreaKey { scene: 3, anchor: (1152, 1344) }
area teleport in scene 3 at frame 26970: (1248, 1456) -> (1168, 1368)
target scene=3 area=(1152, 1344) event=71 script=8146 mode=1 state=1 player=(1168, 1368) pos=(1296, 1448) path=61
marked destination touch VisitKey { scene: 3, area: (1216, 1408), event_id: 48, trigger_script: 60, trigger_mode: 4, state: 1 }
learned exit AreaKey { scene: 3, anchor: (1152, 1344) } event=48 -> AreaKey { scene: 3, anchor: (1216, 1408) }
area teleport in scene 3 at frame 26987: (1168, 1368) -> (1248, 1456)
continuing target event=71 across area (1216, 1408) path=0
target scene=3 area=(1216, 1408) event=54 script=4647 mode=5 state=1 player=(1248, 1456) pos=(992, 1472) path=16
marked destination touch VisitKey { scene: 3, area: (1152, 1344), event_id: 47, trigger_script: 33, trigger_mode: 4, state: 1 }
learned exit AreaKey { scene: 3, anchor: (1216, 1408) } event=47 -> AreaKey { scene: 3, anchor: (1152, 1344) }
area teleport in scene 3 at frame 27000: (1248, 1456) -> (1168, 1368)
target scene=3 area=(1152, 1344) event=71 script=8146 mode=1 state=1 player=(1168, 1368) pos=(1296, 1448) path=61
marked destination touch VisitKey { scene: 3, area: (1216, 1408), event_id: 48, trigger_script: 60, trigger_mode: 4, state: 1 }
learned exit AreaKey { scene: 3, anchor: (1152, 1344) } event=48 -> AreaKey { scene: 3, anchor: (1216, 1408) }
area teleport in scene 3 at frame 27017: (1168, 1368) -> (1248, 1456)
continuing target event=71 across area (1216, 1408) path=0
target scene=3 area=(1216, 1408) event=54 script=4647 mode=5 state=1 player=(1248, 1456) pos=(992, 1472) path=16
marked destination touch VisitKey { scene: 3, area: (1152, 1344), event_id: 47, trigger_script: 33, trigger_mode: 4, state: 1 }
learned exit AreaKey { scene: 3, anchor: (1216, 1408) } event=47 -> AreaKey { scene: 3, anchor: (1152, 1344) }
area teleport in scene 3 at frame 27030: (1248, 1456) -> (1168, 1368)
target scene=3 area=(1152, 1344) event=71 script=8146 mode=1 state=1 player=(1168, 1368) pos=(1296, 1448) path=61
marked destination touch VisitKey { scene: 3, area: (1216, 1408), event_id: 48, trigger_script: 60, trigger_mode: 4, state: 1 }
learned exit AreaKey { scene: 3, anchor: (1152, 1344) } event=48 -> AreaKey { scene: 3, anchor: (1216, 1408) }
area teleport in scene 3 at frame 27047: (1168, 1368) -> (1248, 1456)
continuing target event=71 across area (1216, 1408) path=0
target scene=3 area=(1216, 1408) event=54 script=4647 mode=5 state=1 player=(1248, 1456) pos=(992, 1472) path=16
marked destination touch VisitKey { scene: 3, area: (1152, 1344), event_id: 47, trigger_script: 33, trigger_mode: 4, state: 1 }
learned exit AreaKey { scene: 3, anchor: (1216, 1408) } event=47 -> AreaKey { scene: 3, anchor: (1152, 1344) }
area teleport in scene 3 at frame 27060: (1248, 1456) -> (1168, 1368)
target scene=3 area=(1152, 1344) event=71 script=8146 mode=1 state=1 player=(1168, 1368) pos=(1296, 1448) path=61
marked destination touch VisitKey { scene: 3, area: (1216, 1408), event_id: 48, trigger_script: 60, trigger_mode: 4, state: 1 }
learned exit AreaKey { scene: 3, anchor: (1152, 1344) } event=48 -> AreaKey { scene: 3, anchor: (1216, 1408) }
area teleport in scene 3 at frame 27077: (1168, 1368) -> (1248, 1456)
continuing target event=71 across area (1216, 1408) path=0
target scene=3 area=(1216, 1408) event=54 script=4647 mode=5 state=1 player=(1248, 1456) pos=(992, 1472) path=16
marked destination touch VisitKey { scene: 3, area: (1152, 1344), event_id: 47, trigger_script: 33, trigger_mode: 4, state: 1 }
learned exit AreaKey { scene: 3, anchor: (1216, 1408) } event=47 -> AreaKey { scene: 3, anchor: (1152, 1344) }
area teleport in scene 3 at frame 27090: (1248, 1456) -> (1168, 1368)
target scene=3 area=(1152, 1344) event=71 script=8146 mode=1 state=1 player=(1168, 1368) pos=(1296, 1448) path=61
marked destination touch VisitKey { scene: 3, area: (1216, 1408), event_id: 48, trigger_script: 60, trigger_mode: 4, state: 1 }
learned exit AreaKey { scene: 3, anchor: (1152, 1344) } event=48 -> AreaKey { scene: 3, anchor: (1216, 1408) }
area teleport in scene 3 at frame 27107: (1168, 1368) -> (1248, 1456)
continuing target event=71 across area (1216, 1408) path=0
target scene=3 area=(1216, 1408) event=54 script=4647 mode=5 state=1 player=(1248, 1456) pos=(992, 1472) path=16
marked destination touch VisitKey { scene: 3, area: (1152, 1344), event_id: 47, trigger_script: 33, trigger_mode: 4, state: 1 }
learned exit AreaKey { scene: 3, anchor: (1216, 1408) } event=47 -> AreaKey { scene: 3, anchor: (1152, 1344) }
area teleport in scene 3 at frame 27120: (1248, 1456) -> (1168, 1368)
target scene=3 area=(1152, 1344) event=71 script=8146 mode=1 state=1 player=(1168, 1368) pos=(1296, 1448) path=61
marked destination touch VisitKey { scene: 3, area: (1216, 1408), event_id: 48, trigger_script: 60, trigger_mode: 4, state: 1 }
learned exit AreaKey { scene: 3, anchor: (1152, 1344) } event=48 -> AreaKey { scene: 3, anchor: (1216, 1408) }
area teleport in scene 3 at frame 27137: (1168, 1368) -> (1248, 1456)
continuing target event=71 across area (1216, 1408) path=0
target scene=3 area=(1216, 1408) event=54 script=4647 mode=5 state=1 player=(1248, 1456) pos=(992, 1472) path=16
marked destination touch VisitKey { scene: 3, area: (1152, 1344), event_id: 47, trigger_script: 33, trigger_mode: 4, state: 1 }
learned exit AreaKey { scene: 3, anchor: (1216, 1408) } event=47 -> AreaKey { scene: 3, anchor: (1152, 1344) }
area teleport in scene 3 at frame 27150: (1248, 1456) -> (1168, 1368)
target scene=3 area=(1152, 1344) event=71 script=8146 mode=1 state=1 player=(1168, 1368) pos=(1296, 1448) path=61
marked destination touch VisitKey { scene: 3, area: (1216, 1408), event_id: 48, trigger_script: 60, trigger_mode: 4, state: 1 }
learned exit AreaKey { scene: 3, anchor: (1152, 1344) } event=48 -> AreaKey { scene: 3, anchor: (1216, 1408) }
area teleport in scene 3 at frame 27167: (1168, 1368) -> (1248, 1456)
continuing target event=71 across area (1216, 1408) path=0
target scene=3 area=(1216, 1408) event=54 script=4647 mode=5 state=1 player=(1248, 1456) pos=(992, 1472) path=16
marked destination touch VisitKey { scene: 3, area: (1152, 1344), event_id: 47, trigger_script: 33, trigger_mode: 4, state: 1 }
learned exit AreaKey { scene: 3, anchor: (1216, 1408) } event=47 -> AreaKey { scene: 3, anchor: (1152, 1344) }
area teleport in scene 3 at frame 27180: (1248, 1456) -> (1168, 1368)
target scene=3 area=(1152, 1344) event=71 script=8146 mode=1 state=1 player=(1168, 1368) pos=(1296, 1448) path=61
marked destination touch VisitKey { scene: 3, area: (1216, 1408), event_id: 48, trigger_script: 60, trigger_mode: 4, state: 1 }
learned exit AreaKey { scene: 3, anchor: (1152, 1344) } event=48 -> AreaKey { scene: 3, anchor: (1216, 1408) }
area teleport in scene 3 at frame 27197: (1168, 1368) -> (1248, 1456)
continuing target event=71 across area (1216, 1408) path=0
target scene=3 area=(1216, 1408) event=54 script=4647 mode=5 state=1 player=(1248, 1456) pos=(992, 1472) path=16
marked destination touch VisitKey { scene: 3, area: (1152, 1344), event_id: 47, trigger_script: 33, trigger_mode: 4, state: 1 }
learned exit AreaKey { scene: 3, anchor: (1216, 1408) } event=47 -> AreaKey { scene: 3, anchor: (1152, 1344) }
area teleport in scene 3 at frame 27210: (1248, 1456) -> (1168, 1368)
target scene=3 area=(1152, 1344) event=71 script=8146 mode=1 state=1 player=(1168, 1368) pos=(1296, 1448) path=61
marked destination touch VisitKey { scene: 3, area: (1216, 1408), event_id: 48, trigger_script: 60, trigger_mode: 4, state: 1 }
learned exit AreaKey { scene: 3, anchor: (1152, 1344) } event=48 -> AreaKey { scene: 3, anchor: (1216, 1408) }
area teleport in scene 3 at frame 27227: (1168, 1368) -> (1248, 1456)
continuing target event=71 across area (1216, 1408) path=0
target scene=3 area=(1216, 1408) event=54 script=4647 mode=5 state=1 player=(1248, 1456) pos=(992, 1472) path=16
marked destination touch VisitKey { scene: 3, area: (1152, 1344), event_id: 47, trigger_script: 33, trigger_mode: 4, state: 1 }
learned exit AreaKey { scene: 3, anchor: (1216, 1408) } event=47 -> AreaKey { scene: 3, anchor: (1152, 1344) }
area teleport in scene 3 at frame 27240: (1248, 1456) -> (1168, 1368)
target scene=3 area=(1152, 1344) event=71 script=8146 mode=1 state=1 player=(1168, 1368) pos=(1296, 1448) path=61
marked destination touch VisitKey { scene: 3, area: (1216, 1408), event_id: 48, trigger_script: 60, trigger_mode: 4, state: 1 }
learned exit AreaKey { scene: 3, anchor: (1152, 1344) } event=48 -> AreaKey { scene: 3, anchor: (1216, 1408) }
area teleport in scene 3 at frame 27257: (1168, 1368) -> (1248, 1456)
continuing target event=71 across area (1216, 1408) path=0
target scene=3 area=(1216, 1408) event=54 script=4647 mode=5 state=1 player=(1248, 1456) pos=(992, 1472) path=16
marked destination touch VisitKey { scene: 3, area: (1152, 1344), event_id: 47, trigger_script: 33, trigger_mode: 4, state: 1 }
learned exit AreaKey { scene: 3, anchor: (1216, 1408) } event=47 -> AreaKey { scene: 3, anchor: (1152, 1344) }
area teleport in scene 3 at frame 27270: (1248, 1456) -> (1168, 1368)
target scene=3 area=(1152, 1344) event=71 script=8146 mode=1 state=1 player=(1168, 1368) pos=(1296, 1448) path=61
marked destination touch VisitKey { scene: 3, area: (1216, 1408), event_id: 48, trigger_script: 60, trigger_mode: 4, state: 1 }
learned exit AreaKey { scene: 3, anchor: (1152, 1344) } event=48 -> AreaKey { scene: 3, anchor: (1216, 1408) }
area teleport in scene 3 at frame 27287: (1168, 1368) -> (1248, 1456)
continuing target event=71 across area (1216, 1408) path=0
target scene=3 area=(1216, 1408) event=54 script=4647 mode=5 state=1 player=(1248, 1456) pos=(992, 1472) path=16
marked destination touch VisitKey { scene: 3, area: (1152, 1344), event_id: 47, trigger_script: 33, trigger_mode: 4, state: 1 }
learned exit AreaKey { scene: 3, anchor: (1216, 1408) } event=47 -> AreaKey { scene: 3, anchor: (1152, 1344) }
area teleport in scene 3 at frame 27300: (1248, 1456) -> (1168, 1368)
target scene=3 area=(1152, 1344) event=71 script=8146 mode=1 state=1 player=(1168, 1368) pos=(1296, 1448) path=61
marked destination touch VisitKey { scene: 3, area: (1216, 1408), event_id: 48, trigger_script: 60, trigger_mode: 4, state: 1 }
learned exit AreaKey { scene: 3, anchor: (1152, 1344) } event=48 -> AreaKey { scene: 3, anchor: (1216, 1408) }
area teleport in scene 3 at frame 27317: (1168, 1368) -> (1248, 1456)
continuing target event=71 across area (1216, 1408) path=0
target scene=3 area=(1216, 1408) event=54 script=4647 mode=5 state=1 player=(1248, 1456) pos=(992, 1472) path=16
marked destination touch VisitKey { scene: 3, area: (1152, 1344), event_id: 47, trigger_script: 33, trigger_mode: 4, state: 1 }
learned exit AreaKey { scene: 3, anchor: (1216, 1408) } event=47 -> AreaKey { scene: 3, anchor: (1152, 1344) }
area teleport in scene 3 at frame 27330: (1248, 1456) -> (1168, 1368)
target scene=3 area=(1152, 1344) event=71 script=8146 mode=1 state=1 player=(1168, 1368) pos=(1296, 1448) path=61
marked destination touch VisitKey { scene: 3, area: (1216, 1408), event_id: 48, trigger_script: 60, trigger_mode: 4, state: 1 }
learned exit AreaKey { scene: 3, anchor: (1152, 1344) } event=48 -> AreaKey { scene: 3, anchor: (1216, 1408) }
area teleport in scene 3 at frame 27347: (1168, 1368) -> (1248, 1456)
continuing target event=71 across area (1216, 1408) path=0
target scene=3 area=(1216, 1408) event=54 script=4647 mode=5 state=1 player=(1248, 1456) pos=(992, 1472) path=16
marked destination touch VisitKey { scene: 3, area: (1152, 1344), event_id: 47, trigger_script: 33, trigger_mode: 4, state: 1 }
learned exit AreaKey { scene: 3, anchor: (1216, 1408) } event=47 -> AreaKey { scene: 3, anchor: (1152, 1344) }
area teleport in scene 3 at frame 27360: (1248, 1456) -> (1168, 1368)
target scene=3 area=(1152, 1344) event=71 script=8146 mode=1 state=1 player=(1168, 1368) pos=(1296, 1448) path=61
marked destination touch VisitKey { scene: 3, area: (1216, 1408), event_id: 48, trigger_script: 60, trigger_mode: 4, state: 1 }
learned exit AreaKey { scene: 3, anchor: (1152, 1344) } event=48 -> AreaKey { scene: 3, anchor: (1216, 1408) }
area teleport in scene 3 at frame 27377: (1168, 1368) -> (1248, 1456)
continuing target event=71 across area (1216, 1408) path=0
target scene=3 area=(1216, 1408) event=54 script=4647 mode=5 state=1 player=(1248, 1456) pos=(992, 1472) path=16
marked destination touch VisitKey { scene: 3, area: (1152, 1344), event_id: 47, trigger_script: 33, trigger_mode: 4, state: 1 }
learned exit AreaKey { scene: 3, anchor: (1216, 1408) } event=47 -> AreaKey { scene: 3, anchor: (1152, 1344) }
area teleport in scene 3 at frame 27390: (1248, 1456) -> (1168, 1368)
target scene=3 area=(1152, 1344) event=71 script=8146 mode=1 state=1 player=(1168, 1368) pos=(1296, 1448) path=61
marked destination touch VisitKey { scene: 3, area: (1216, 1408), event_id: 48, trigger_script: 60, trigger_mode: 4, state: 1 }
learned exit AreaKey { scene: 3, anchor: (1152, 1344) } event=48 -> AreaKey { scene: 3, anchor: (1216, 1408) }
area teleport in scene 3 at frame 27407: (1168, 1368) -> (1248, 1456)
continuing target event=71 across area (1216, 1408) path=0
target scene=3 area=(1216, 1408) event=54 script=4647 mode=5 state=1 player=(1248, 1456) pos=(992, 1472) path=16
marked destination touch VisitKey { scene: 3, area: (1152, 1344), event_id: 47, trigger_script: 33, trigger_mode: 4, state: 1 }
learned exit AreaKey { scene: 3, anchor: (1216, 1408) } event=47 -> AreaKey { scene: 3, anchor: (1152, 1344) }
area teleport in scene 3 at frame 27420: (1248, 1456) -> (1168, 1368)
target scene=3 area=(1152, 1344) event=71 script=8146 mode=1 state=1 player=(1168, 1368) pos=(1296, 1448) path=61
marked destination touch VisitKey { scene: 3, area: (1216, 1408), event_id: 48, trigger_script: 60, trigger_mode: 4, state: 1 }
learned exit AreaKey { scene: 3, anchor: (1152, 1344) } event=48 -> AreaKey { scene: 3, anchor: (1216, 1408) }
area teleport in scene 3 at frame 27437: (1168, 1368) -> (1248, 1456)
continuing target event=71 across area (1216, 1408) path=0
target scene=3 area=(1216, 1408) event=54 script=4647 mode=5 state=1 player=(1248, 1456) pos=(992, 1472) path=16
marked destination touch VisitKey { scene: 3, area: (1152, 1344), event_id: 47, trigger_script: 33, trigger_mode: 4, state: 1 }
learned exit AreaKey { scene: 3, anchor: (1216, 1408) } event=47 -> AreaKey { scene: 3, anchor: (1152, 1344) }
area teleport in scene 3 at frame 27450: (1248, 1456) -> (1168, 1368)
target scene=3 area=(1152, 1344) event=71 script=8146 mode=1 state=1 player=(1168, 1368) pos=(1296, 1448) path=61
marked destination touch VisitKey { scene: 3, area: (1216, 1408), event_id: 48, trigger_script: 60, trigger_mode: 4, state: 1 }
learned exit AreaKey { scene: 3, anchor: (1152, 1344) } event=48 -> AreaKey { scene: 3, anchor: (1216, 1408) }
area teleport in scene 3 at frame 27467: (1168, 1368) -> (1248, 1456)
continuing target event=71 across area (1216, 1408) path=0
target scene=3 area=(1216, 1408) event=54 script=4647 mode=5 state=1 player=(1248, 1456) pos=(992, 1472) path=16
marked destination touch VisitKey { scene: 3, area: (1152, 1344), event_id: 47, trigger_script: 33, trigger_mode: 4, state: 1 }
learned exit AreaKey { scene: 3, anchor: (1216, 1408) } event=47 -> AreaKey { scene: 3, anchor: (1152, 1344) }
area teleport in scene 3 at frame 27480: (1248, 1456) -> (1168, 1368)
target scene=3 area=(1152, 1344) event=71 script=8146 mode=1 state=1 player=(1168, 1368) pos=(1296, 1448) path=61
marked destination touch VisitKey { scene: 3, area: (1216, 1408), event_id: 48, trigger_script: 60, trigger_mode: 4, state: 1 }
learned exit AreaKey { scene: 3, anchor: (1152, 1344) } event=48 -> AreaKey { scene: 3, anchor: (1216, 1408) }
area teleport in scene 3 at frame 27497: (1168, 1368) -> (1248, 1456)
continuing target event=71 across area (1216, 1408) path=0
target scene=3 area=(1216, 1408) event=54 script=4647 mode=5 state=1 player=(1248, 1456) pos=(992, 1472) path=16
marked destination touch VisitKey { scene: 3, area: (1152, 1344), event_id: 47, trigger_script: 33, trigger_mode: 4, state: 1 }
learned exit AreaKey { scene: 3, anchor: (1216, 1408) } event=47 -> AreaKey { scene: 3, anchor: (1152, 1344) }
area teleport in scene 3 at frame 27510: (1248, 1456) -> (1168, 1368)
target scene=3 area=(1152, 1344) event=71 script=8146 mode=1 state=1 player=(1168, 1368) pos=(1296, 1448) path=61
marked destination touch VisitKey { scene: 3, area: (1216, 1408), event_id: 48, trigger_script: 60, trigger_mode: 4, state: 1 }
learned exit AreaKey { scene: 3, anchor: (1152, 1344) } event=48 -> AreaKey { scene: 3, anchor: (1216, 1408) }
area teleport in scene 3 at frame 27527: (1168, 1368) -> (1248, 1456)
continuing target event=71 across area (1216, 1408) path=0
target scene=3 area=(1216, 1408) event=54 script=4647 mode=5 state=1 player=(1248, 1456) pos=(992, 1472) path=16
marked destination touch VisitKey { scene: 3, area: (1152, 1344), event_id: 47, trigger_script: 33, trigger_mode: 4, state: 1 }
learned exit AreaKey { scene: 3, anchor: (1216, 1408) } event=47 -> AreaKey { scene: 3, anchor: (1152, 1344) }
area teleport in scene 3 at frame 27540: (1248, 1456) -> (1168, 1368)
target scene=3 area=(1152, 1344) event=71 script=8146 mode=1 state=1 player=(1168, 1368) pos=(1296, 1448) path=61
marked destination touch VisitKey { scene: 3, area: (1216, 1408), event_id: 48, trigger_script: 60, trigger_mode: 4, state: 1 }
learned exit AreaKey { scene: 3, anchor: (1152, 1344) } event=48 -> AreaKey { scene: 3, anchor: (1216, 1408) }
area teleport in scene 3 at frame 27557: (1168, 1368) -> (1248, 1456)
continuing target event=71 across area (1216, 1408) path=0
target scene=3 area=(1216, 1408) event=54 script=4647 mode=5 state=1 player=(1248, 1456) pos=(992, 1472) path=16
marked destination touch VisitKey { scene: 3, area: (1152, 1344), event_id: 47, trigger_script: 33, trigger_mode: 4, state: 1 }
learned exit AreaKey { scene: 3, anchor: (1216, 1408) } event=47 -> AreaKey { scene: 3, anchor: (1152, 1344) }
area teleport in scene 3 at frame 27570: (1248, 1456) -> (1168, 1368)
target scene=3 area=(1152, 1344) event=71 script=8146 mode=1 state=1 player=(1168, 1368) pos=(1296, 1448) path=61
marked destination touch VisitKey { scene: 3, area: (1216, 1408), event_id: 48, trigger_script: 60, trigger_mode: 4, state: 1 }
learned exit AreaKey { scene: 3, anchor: (1152, 1344) } event=48 -> AreaKey { scene: 3, anchor: (1216, 1408) }
area teleport in scene 3 at frame 27587: (1168, 1368) -> (1248, 1456)
continuing target event=71 across area (1216, 1408) path=0
target scene=3 area=(1216, 1408) event=54 script=4647 mode=5 state=1 player=(1248, 1456) pos=(992, 1472) path=16
marked destination touch VisitKey { scene: 3, area: (1152, 1344), event_id: 47, trigger_script: 33, trigger_mode: 4, state: 1 }
learned exit AreaKey { scene: 3, anchor: (1216, 1408) } event=47 -> AreaKey { scene: 3, anchor: (1152, 1344) }
area teleport in scene 3 at frame 27600: (1248, 1456) -> (1168, 1368)
target scene=3 area=(1152, 1344) event=71 script=8146 mode=1 state=1 player=(1168, 1368) pos=(1296, 1448) path=61
marked destination touch VisitKey { scene: 3, area: (1216, 1408), event_id: 48, trigger_script: 60, trigger_mode: 4, state: 1 }
learned exit AreaKey { scene: 3, anchor: (1152, 1344) } event=48 -> AreaKey { scene: 3, anchor: (1216, 1408) }
area teleport in scene 3 at frame 27617: (1168, 1368) -> (1248, 1456)
continuing target event=71 across area (1216, 1408) path=0
target scene=3 area=(1216, 1408) event=54 script=4647 mode=5 state=1 player=(1248, 1456) pos=(992, 1472) path=16
marked destination touch VisitKey { scene: 3, area: (1152, 1344), event_id: 47, trigger_script: 33, trigger_mode: 4, state: 1 }
learned exit AreaKey { scene: 3, anchor: (1216, 1408) } event=47 -> AreaKey { scene: 3, anchor: (1152, 1344) }
area teleport in scene 3 at frame 27630: (1248, 1456) -> (1168, 1368)
target scene=3 area=(1152, 1344) event=71 script=8146 mode=1 state=1 player=(1168, 1368) pos=(1296, 1448) path=61
marked destination touch VisitKey { scene: 3, area: (1216, 1408), event_id: 48, trigger_script: 60, trigger_mode: 4, state: 1 }
learned exit AreaKey { scene: 3, anchor: (1152, 1344) } event=48 -> AreaKey { scene: 3, anchor: (1216, 1408) }
area teleport in scene 3 at frame 27647: (1168, 1368) -> (1248, 1456)
continuing target event=71 across area (1216, 1408) path=0
target scene=3 area=(1216, 1408) event=54 script=4647 mode=5 state=1 player=(1248, 1456) pos=(992, 1472) path=16
marked destination touch VisitKey { scene: 3, area: (1152, 1344), event_id: 47, trigger_script: 33, trigger_mode: 4, state: 1 }
learned exit AreaKey { scene: 3, anchor: (1216, 1408) } event=47 -> AreaKey { scene: 3, anchor: (1152, 1344) }
area teleport in scene 3 at frame 27660: (1248, 1456) -> (1168, 1368)
target scene=3 area=(1152, 1344) event=71 script=8146 mode=1 state=1 player=(1168, 1368) pos=(1296, 1448) path=61
marked destination touch VisitKey { scene: 3, area: (1216, 1408), event_id: 48, trigger_script: 60, trigger_mode: 4, state: 1 }
learned exit AreaKey { scene: 3, anchor: (1152, 1344) } event=48 -> AreaKey { scene: 3, anchor: (1216, 1408) }
area teleport in scene 3 at frame 27677: (1168, 1368) -> (1248, 1456)
continuing target event=71 across area (1216, 1408) path=0
target scene=3 area=(1216, 1408) event=54 script=4647 mode=5 state=1 player=(1248, 1456) pos=(992, 1472) path=16
marked destination touch VisitKey { scene: 3, area: (1152, 1344), event_id: 47, trigger_script: 33, trigger_mode: 4, state: 1 }
learned exit AreaKey { scene: 3, anchor: (1216, 1408) } event=47 -> AreaKey { scene: 3, anchor: (1152, 1344) }
area teleport in scene 3 at frame 27690: (1248, 1456) -> (1168, 1368)
target scene=3 area=(1152, 1344) event=71 script=8146 mode=1 state=1 player=(1168, 1368) pos=(1296, 1448) path=61
marked destination touch VisitKey { scene: 3, area: (1216, 1408), event_id: 48, trigger_script: 60, trigger_mode: 4, state: 1 }
learned exit AreaKey { scene: 3, anchor: (1152, 1344) } event=48 -> AreaKey { scene: 3, anchor: (1216, 1408) }
area teleport in scene 3 at frame 27707: (1168, 1368) -> (1248, 1456)
continuing target event=71 across area (1216, 1408) path=0
target scene=3 area=(1216, 1408) event=54 script=4647 mode=5 state=1 player=(1248, 1456) pos=(992, 1472) path=16
marked destination touch VisitKey { scene: 3, area: (1152, 1344), event_id: 47, trigger_script: 33, trigger_mode: 4, state: 1 }
learned exit AreaKey { scene: 3, anchor: (1216, 1408) } event=47 -> AreaKey { scene: 3, anchor: (1152, 1344) }
area teleport in scene 3 at frame 27720: (1248, 1456) -> (1168, 1368)
target scene=3 area=(1152, 1344) event=71 script=8146 mode=1 state=1 player=(1168, 1368) pos=(1296, 1448) path=61
marked destination touch VisitKey { scene: 3, area: (1216, 1408), event_id: 48, trigger_script: 60, trigger_mode: 4, state: 1 }
learned exit AreaKey { scene: 3, anchor: (1152, 1344) } event=48 -> AreaKey { scene: 3, anchor: (1216, 1408) }
area teleport in scene 3 at frame 27737: (1168, 1368) -> (1248, 1456)
continuing target event=71 across area (1216, 1408) path=0
target scene=3 area=(1216, 1408) event=54 script=4647 mode=5 state=1 player=(1248, 1456) pos=(992, 1472) path=16
marked destination touch VisitKey { scene: 3, area: (1152, 1344), event_id: 47, trigger_script: 33, trigger_mode: 4, state: 1 }
learned exit AreaKey { scene: 3, anchor: (1216, 1408) } event=47 -> AreaKey { scene: 3, anchor: (1152, 1344) }
area teleport in scene 3 at frame 27750: (1248, 1456) -> (1168, 1368)
target scene=3 area=(1152, 1344) event=71 script=8146 mode=1 state=1 player=(1168, 1368) pos=(1296, 1448) path=61
marked destination touch VisitKey { scene: 3, area: (1216, 1408), event_id: 48, trigger_script: 60, trigger_mode: 4, state: 1 }
learned exit AreaKey { scene: 3, anchor: (1152, 1344) } event=48 -> AreaKey { scene: 3, anchor: (1216, 1408) }
area teleport in scene 3 at frame 27767: (1168, 1368) -> (1248, 1456)
continuing target event=71 across area (1216, 1408) path=0
target scene=3 area=(1216, 1408) event=54 script=4647 mode=5 state=1 player=(1248, 1456) pos=(992, 1472) path=16
marked destination touch VisitKey { scene: 3, area: (1152, 1344), event_id: 47, trigger_script: 33, trigger_mode: 4, state: 1 }
learned exit AreaKey { scene: 3, anchor: (1216, 1408) } event=47 -> AreaKey { scene: 3, anchor: (1152, 1344) }
area teleport in scene 3 at frame 27780: (1248, 1456) -> (1168, 1368)
target scene=3 area=(1152, 1344) event=71 script=8146 mode=1 state=1 player=(1168, 1368) pos=(1296, 1448) path=61
marked destination touch VisitKey { scene: 3, area: (1216, 1408), event_id: 48, trigger_script: 60, trigger_mode: 4, state: 1 }
learned exit AreaKey { scene: 3, anchor: (1152, 1344) } event=48 -> AreaKey { scene: 3, anchor: (1216, 1408) }
area teleport in scene 3 at frame 27797: (1168, 1368) -> (1248, 1456)
continuing target event=71 across area (1216, 1408) path=0
target scene=3 area=(1216, 1408) event=54 script=4647 mode=5 state=1 player=(1248, 1456) pos=(992, 1472) path=16
marked destination touch VisitKey { scene: 3, area: (1152, 1344), event_id: 47, trigger_script: 33, trigger_mode: 4, state: 1 }
learned exit AreaKey { scene: 3, anchor: (1216, 1408) } event=47 -> AreaKey { scene: 3, anchor: (1152, 1344) }
area teleport in scene 3 at frame 27810: (1248, 1456) -> (1168, 1368)
target scene=3 area=(1152, 1344) event=71 script=8146 mode=1 state=1 player=(1168, 1368) pos=(1296, 1448) path=61
marked destination touch VisitKey { scene: 3, area: (1216, 1408), event_id: 48, trigger_script: 60, trigger_mode: 4, state: 1 }
learned exit AreaKey { scene: 3, anchor: (1152, 1344) } event=48 -> AreaKey { scene: 3, anchor: (1216, 1408) }
area teleport in scene 3 at frame 27827: (1168, 1368) -> (1248, 1456)
continuing target event=71 across area (1216, 1408) path=0
target scene=3 area=(1216, 1408) event=54 script=4647 mode=5 state=1 player=(1248, 1456) pos=(992, 1472) path=16
marked destination touch VisitKey { scene: 3, area: (1152, 1344), event_id: 47, trigger_script: 33, trigger_mode: 4, state: 1 }
learned exit AreaKey { scene: 3, anchor: (1216, 1408) } event=47 -> AreaKey { scene: 3, anchor: (1152, 1344) }
area teleport in scene 3 at frame 27840: (1248, 1456) -> (1168, 1368)
target scene=3 area=(1152, 1344) event=71 script=8146 mode=1 state=1 player=(1168, 1368) pos=(1296, 1448) path=61
marked destination touch VisitKey { scene: 3, area: (1216, 1408), event_id: 48, trigger_script: 60, trigger_mode: 4, state: 1 }
learned exit AreaKey { scene: 3, anchor: (1152, 1344) } event=48 -> AreaKey { scene: 3, anchor: (1216, 1408) }
area teleport in scene 3 at frame 27857: (1168, 1368) -> (1248, 1456)
continuing target event=71 across area (1216, 1408) path=0
target scene=3 area=(1216, 1408) event=54 script=4647 mode=5 state=1 player=(1248, 1456) pos=(992, 1472) path=16
marked destination touch VisitKey { scene: 3, area: (1152, 1344), event_id: 47, trigger_script: 33, trigger_mode: 4, state: 1 }
learned exit AreaKey { scene: 3, anchor: (1216, 1408) } event=47 -> AreaKey { scene: 3, anchor: (1152, 1344) }
area teleport in scene 3 at frame 27870: (1248, 1456) -> (1168, 1368)
target scene=3 area=(1152, 1344) event=71 script=8146 mode=1 state=1 player=(1168, 1368) pos=(1296, 1448) path=61
marked destination touch VisitKey { scene: 3, area: (1216, 1408), event_id: 48, trigger_script: 60, trigger_mode: 4, state: 1 }
learned exit AreaKey { scene: 3, anchor: (1152, 1344) } event=48 -> AreaKey { scene: 3, anchor: (1216, 1408) }
area teleport in scene 3 at frame 27887: (1168, 1368) -> (1248, 1456)
continuing target event=71 across area (1216, 1408) path=0
target scene=3 area=(1216, 1408) event=54 script=4647 mode=5 state=1 player=(1248, 1456) pos=(992, 1472) path=16
marked destination touch VisitKey { scene: 3, area: (1152, 1344), event_id: 47, trigger_script: 33, trigger_mode: 4, state: 1 }
learned exit AreaKey { scene: 3, anchor: (1216, 1408) } event=47 -> AreaKey { scene: 3, anchor: (1152, 1344) }
area teleport in scene 3 at frame 27900: (1248, 1456) -> (1168, 1368)
target scene=3 area=(1152, 1344) event=71 script=8146 mode=1 state=1 player=(1168, 1368) pos=(1296, 1448) path=61
marked destination touch VisitKey { scene: 3, area: (1216, 1408), event_id: 48, trigger_script: 60, trigger_mode: 4, state: 1 }
learned exit AreaKey { scene: 3, anchor: (1152, 1344) } event=48 -> AreaKey { scene: 3, anchor: (1216, 1408) }
area teleport in scene 3 at frame 27917: (1168, 1368) -> (1248, 1456)
continuing target event=71 across area (1216, 1408) path=0
target scene=3 area=(1216, 1408) event=54 script=4647 mode=5 state=1 player=(1248, 1456) pos=(992, 1472) path=16
marked destination touch VisitKey { scene: 3, area: (1152, 1344), event_id: 47, trigger_script: 33, trigger_mode: 4, state: 1 }
learned exit AreaKey { scene: 3, anchor: (1216, 1408) } event=47 -> AreaKey { scene: 3, anchor: (1152, 1344) }
area teleport in scene 3 at frame 27930: (1248, 1456) -> (1168, 1368)
target scene=3 area=(1152, 1344) event=71 script=8146 mode=1 state=1 player=(1168, 1368) pos=(1296, 1448) path=61
marked destination touch VisitKey { scene: 3, area: (1216, 1408), event_id: 48, trigger_script: 60, trigger_mode: 4, state: 1 }
learned exit AreaKey { scene: 3, anchor: (1152, 1344) } event=48 -> AreaKey { scene: 3, anchor: (1216, 1408) }
area teleport in scene 3 at frame 27947: (1168, 1368) -> (1248, 1456)
continuing target event=71 across area (1216, 1408) path=0
target scene=3 area=(1216, 1408) event=54 script=4647 mode=5 state=1 player=(1248, 1456) pos=(992, 1472) path=16
marked destination touch VisitKey { scene: 3, area: (1152, 1344), event_id: 47, trigger_script: 33, trigger_mode: 4, state: 1 }
learned exit AreaKey { scene: 3, anchor: (1216, 1408) } event=47 -> AreaKey { scene: 3, anchor: (1152, 1344) }
area teleport in scene 3 at frame 27960: (1248, 1456) -> (1168, 1368)
target scene=3 area=(1152, 1344) event=71 script=8146 mode=1 state=1 player=(1168, 1368) pos=(1296, 1448) path=61
marked destination touch VisitKey { scene: 3, area: (1216, 1408), event_id: 48, trigger_script: 60, trigger_mode: 4, state: 1 }
learned exit AreaKey { scene: 3, anchor: (1152, 1344) } event=48 -> AreaKey { scene: 3, anchor: (1216, 1408) }
area teleport in scene 3 at frame 27977: (1168, 1368) -> (1248, 1456)
continuing target event=71 across area (1216, 1408) path=0
target scene=3 area=(1216, 1408) event=54 script=4647 mode=5 state=1 player=(1248, 1456) pos=(992, 1472) path=16
marked destination touch VisitKey { scene: 3, area: (1152, 1344), event_id: 47, trigger_script: 33, trigger_mode: 4, state: 1 }
learned exit AreaKey { scene: 3, anchor: (1216, 1408) } event=47 -> AreaKey { scene: 3, anchor: (1152, 1344) }
area teleport in scene 3 at frame 27990: (1248, 1456) -> (1168, 1368)
target scene=3 area=(1152, 1344) event=71 script=8146 mode=1 state=1 player=(1168, 1368) pos=(1296, 1448) path=61
marked destination touch VisitKey { scene: 3, area: (1216, 1408), event_id: 48, trigger_script: 60, trigger_mode: 4, state: 1 }
learned exit AreaKey { scene: 3, anchor: (1152, 1344) } event=48 -> AreaKey { scene: 3, anchor: (1216, 1408) }
area teleport in scene 3 at frame 28007: (1168, 1368) -> (1248, 1456)
continuing target event=71 across area (1216, 1408) path=0
target scene=3 area=(1216, 1408) event=54 script=4647 mode=5 state=1 player=(1248, 1456) pos=(992, 1472) path=16
marked destination touch VisitKey { scene: 3, area: (1152, 1344), event_id: 47, trigger_script: 33, trigger_mode: 4, state: 1 }
learned exit AreaKey { scene: 3, anchor: (1216, 1408) } event=47 -> AreaKey { scene: 3, anchor: (1152, 1344) }
area teleport in scene 3 at frame 28020: (1248, 1456) -> (1168, 1368)
target scene=3 area=(1152, 1344) event=71 script=8146 mode=1 state=1 player=(1168, 1368) pos=(1296, 1448) path=61
marked destination touch VisitKey { scene: 3, area: (1216, 1408), event_id: 48, trigger_script: 60, trigger_mode: 4, state: 1 }
learned exit AreaKey { scene: 3, anchor: (1152, 1344) } event=48 -> AreaKey { scene: 3, anchor: (1216, 1408) }
area teleport in scene 3 at frame 28037: (1168, 1368) -> (1248, 1456)
continuing target event=71 across area (1216, 1408) path=0
target scene=3 area=(1216, 1408) event=54 script=4647 mode=5 state=1 player=(1248, 1456) pos=(992, 1472) path=16
marked destination touch VisitKey { scene: 3, area: (1152, 1344), event_id: 47, trigger_script: 33, trigger_mode: 4, state: 1 }
learned exit AreaKey { scene: 3, anchor: (1216, 1408) } event=47 -> AreaKey { scene: 3, anchor: (1152, 1344) }
area teleport in scene 3 at frame 28050: (1248, 1456) -> (1168, 1368)
target scene=3 area=(1152, 1344) event=71 script=8146 mode=1 state=1 player=(1168, 1368) pos=(1296, 1448) path=61
marked destination touch VisitKey { scene: 3, area: (1216, 1408), event_id: 48, trigger_script: 60, trigger_mode: 4, state: 1 }
learned exit AreaKey { scene: 3, anchor: (1152, 1344) } event=48 -> AreaKey { scene: 3, anchor: (1216, 1408) }
area teleport in scene 3 at frame 28067: (1168, 1368) -> (1248, 1456)
continuing target event=71 across area (1216, 1408) path=0
target scene=3 area=(1216, 1408) event=54 script=4647 mode=5 state=1 player=(1248, 1456) pos=(992, 1472) path=16
marked destination touch VisitKey { scene: 3, area: (1152, 1344), event_id: 47, trigger_script: 33, trigger_mode: 4, state: 1 }
learned exit AreaKey { scene: 3, anchor: (1216, 1408) } event=47 -> AreaKey { scene: 3, anchor: (1152, 1344) }
area teleport in scene 3 at frame 28080: (1248, 1456) -> (1168, 1368)
target scene=3 area=(1152, 1344) event=71 script=8146 mode=1 state=1 player=(1168, 1368) pos=(1296, 1448) path=61
marked destination touch VisitKey { scene: 3, area: (1216, 1408), event_id: 48, trigger_script: 60, trigger_mode: 4, state: 1 }
learned exit AreaKey { scene: 3, anchor: (1152, 1344) } event=48 -> AreaKey { scene: 3, anchor: (1216, 1408) }
area teleport in scene 3 at frame 28097: (1168, 1368) -> (1248, 1456)
continuing target event=71 across area (1216, 1408) path=0
target scene=3 area=(1216, 1408) event=54 script=4647 mode=5 state=1 player=(1248, 1456) pos=(992, 1472) path=16
marked destination touch VisitKey { scene: 3, area: (1152, 1344), event_id: 47, trigger_script: 33, trigger_mode: 4, state: 1 }
learned exit AreaKey { scene: 3, anchor: (1216, 1408) } event=47 -> AreaKey { scene: 3, anchor: (1152, 1344) }
area teleport in scene 3 at frame 28110: (1248, 1456) -> (1168, 1368)
target scene=3 area=(1152, 1344) event=71 script=8146 mode=1 state=1 player=(1168, 1368) pos=(1296, 1448) path=61
marked destination touch VisitKey { scene: 3, area: (1216, 1408), event_id: 48, trigger_script: 60, trigger_mode: 4, state: 1 }
learned exit AreaKey { scene: 3, anchor: (1152, 1344) } event=48 -> AreaKey { scene: 3, anchor: (1216, 1408) }
area teleport in scene 3 at frame 28127: (1168, 1368) -> (1248, 1456)
continuing target event=71 across area (1216, 1408) path=0
target scene=3 area=(1216, 1408) event=54 script=4647 mode=5 state=1 player=(1248, 1456) pos=(992, 1472) path=16
marked destination touch VisitKey { scene: 3, area: (1152, 1344), event_id: 47, trigger_script: 33, trigger_mode: 4, state: 1 }
learned exit AreaKey { scene: 3, anchor: (1216, 1408) } event=47 -> AreaKey { scene: 3, anchor: (1152, 1344) }
area teleport in scene 3 at frame 28140: (1248, 1456) -> (1168, 1368)
target scene=3 area=(1152, 1344) event=71 script=8146 mode=1 state=1 player=(1168, 1368) pos=(1296, 1448) path=61
marked destination touch VisitKey { scene: 3, area: (1216, 1408), event_id: 48, trigger_script: 60, trigger_mode: 4, state: 1 }
learned exit AreaKey { scene: 3, anchor: (1152, 1344) } event=48 -> AreaKey { scene: 3, anchor: (1216, 1408) }
area teleport in scene 3 at frame 28157: (1168, 1368) -> (1248, 1456)
continuing target event=71 across area (1216, 1408) path=0
target scene=3 area=(1216, 1408) event=54 script=4647 mode=5 state=1 player=(1248, 1456) pos=(992, 1472) path=16
marked destination touch VisitKey { scene: 3, area: (1152, 1344), event_id: 47, trigger_script: 33, trigger_mode: 4, state: 1 }
learned exit AreaKey { scene: 3, anchor: (1216, 1408) } event=47 -> AreaKey { scene: 3, anchor: (1152, 1344) }
area teleport in scene 3 at frame 28170: (1248, 1456) -> (1168, 1368)
target scene=3 area=(1152, 1344) event=71 script=8146 mode=1 state=1 player=(1168, 1368) pos=(1296, 1448) path=61
marked destination touch VisitKey { scene: 3, area: (1216, 1408), event_id: 48, trigger_script: 60, trigger_mode: 4, state: 1 }
learned exit AreaKey { scene: 3, anchor: (1152, 1344) } event=48 -> AreaKey { scene: 3, anchor: (1216, 1408) }
area teleport in scene 3 at frame 28187: (1168, 1368) -> (1248, 1456)
continuing target event=71 across area (1216, 1408) path=0
target scene=3 area=(1216, 1408) event=54 script=4647 mode=5 state=1 player=(1248, 1456) pos=(992, 1472) path=16
marked destination touch VisitKey { scene: 3, area: (1152, 1344), event_id: 47, trigger_script: 33, trigger_mode: 4, state: 1 }
learned exit AreaKey { scene: 3, anchor: (1216, 1408) } event=47 -> AreaKey { scene: 3, anchor: (1152, 1344) }
area teleport in scene 3 at frame 28200: (1248, 1456) -> (1168, 1368)
target scene=3 area=(1152, 1344) event=71 script=8146 mode=1 state=1 player=(1168, 1368) pos=(1296, 1448) path=61
marked destination touch VisitKey { scene: 3, area: (1216, 1408), event_id: 48, trigger_script: 60, trigger_mode: 4, state: 1 }
learned exit AreaKey { scene: 3, anchor: (1152, 1344) } event=48 -> AreaKey { scene: 3, anchor: (1216, 1408) }
area teleport in scene 3 at frame 28217: (1168, 1368) -> (1248, 1456)
continuing target event=71 across area (1216, 1408) path=0
target scene=3 area=(1216, 1408) event=54 script=4647 mode=5 state=1 player=(1248, 1456) pos=(992, 1472) path=16
marked destination touch VisitKey { scene: 3, area: (1152, 1344), event_id: 47, trigger_script: 33, trigger_mode: 4, state: 1 }
learned exit AreaKey { scene: 3, anchor: (1216, 1408) } event=47 -> AreaKey { scene: 3, anchor: (1152, 1344) }
area teleport in scene 3 at frame 28230: (1248, 1456) -> (1168, 1368)
target scene=3 area=(1152, 1344) event=71 script=8146 mode=1 state=1 player=(1168, 1368) pos=(1296, 1448) path=61
marked destination touch VisitKey { scene: 3, area: (1216, 1408), event_id: 48, trigger_script: 60, trigger_mode: 4, state: 1 }
learned exit AreaKey { scene: 3, anchor: (1152, 1344) } event=48 -> AreaKey { scene: 3, anchor: (1216, 1408) }
area teleport in scene 3 at frame 28247: (1168, 1368) -> (1248, 1456)
continuing target event=71 across area (1216, 1408) path=0
target scene=3 area=(1216, 1408) event=54 script=4647 mode=5 state=1 player=(1248, 1456) pos=(992, 1472) path=16
marked destination touch VisitKey { scene: 3, area: (1152, 1344), event_id: 47, trigger_script: 33, trigger_mode: 4, state: 1 }
learned exit AreaKey { scene: 3, anchor: (1216, 1408) } event=47 -> AreaKey { scene: 3, anchor: (1152, 1344) }
area teleport in scene 3 at frame 28260: (1248, 1456) -> (1168, 1368)
target scene=3 area=(1152, 1344) event=71 script=8146 mode=1 state=1 player=(1168, 1368) pos=(1296, 1448) path=61
marked destination touch VisitKey { scene: 3, area: (1216, 1408), event_id: 48, trigger_script: 60, trigger_mode: 4, state: 1 }
learned exit AreaKey { scene: 3, anchor: (1152, 1344) } event=48 -> AreaKey { scene: 3, anchor: (1216, 1408) }
area teleport in scene 3 at frame 28277: (1168, 1368) -> (1248, 1456)
continuing target event=71 across area (1216, 1408) path=0
target scene=3 area=(1216, 1408) event=54 script=4647 mode=5 state=1 player=(1248, 1456) pos=(992, 1472) path=16
marked destination touch VisitKey { scene: 3, area: (1152, 1344), event_id: 47, trigger_script: 33, trigger_mode: 4, state: 1 }
learned exit AreaKey { scene: 3, anchor: (1216, 1408) } event=47 -> AreaKey { scene: 3, anchor: (1152, 1344) }
area teleport in scene 3 at frame 28290: (1248, 1456) -> (1168, 1368)
target scene=3 area=(1152, 1344) event=71 script=8146 mode=1 state=1 player=(1168, 1368) pos=(1296, 1448) path=61
marked destination touch VisitKey { scene: 3, area: (1216, 1408), event_id: 48, trigger_script: 60, trigger_mode: 4, state: 1 }
learned exit AreaKey { scene: 3, anchor: (1152, 1344) } event=48 -> AreaKey { scene: 3, anchor: (1216, 1408) }
area teleport in scene 3 at frame 28307: (1168, 1368) -> (1248, 1456)
continuing target event=71 across area (1216, 1408) path=0
target scene=3 area=(1216, 1408) event=54 script=4647 mode=5 state=1 player=(1248, 1456) pos=(992, 1472) path=16
marked destination touch VisitKey { scene: 3, area: (1152, 1344), event_id: 47, trigger_script: 33, trigger_mode: 4, state: 1 }
learned exit AreaKey { scene: 3, anchor: (1216, 1408) } event=47 -> AreaKey { scene: 3, anchor: (1152, 1344) }
area teleport in scene 3 at frame 28320: (1248, 1456) -> (1168, 1368)
target scene=3 area=(1152, 1344) event=71 script=8146 mode=1 state=1 player=(1168, 1368) pos=(1296, 1448) path=61
marked destination touch VisitKey { scene: 3, area: (1216, 1408), event_id: 48, trigger_script: 60, trigger_mode: 4, state: 1 }
learned exit AreaKey { scene: 3, anchor: (1152, 1344) } event=48 -> AreaKey { scene: 3, anchor: (1216, 1408) }
area teleport in scene 3 at frame 28337: (1168, 1368) -> (1248, 1456)
continuing target event=71 across area (1216, 1408) path=0
target scene=3 area=(1216, 1408) event=54 script=4647 mode=5 state=1 player=(1248, 1456) pos=(992, 1472) path=16
marked destination touch VisitKey { scene: 3, area: (1152, 1344), event_id: 47, trigger_script: 33, trigger_mode: 4, state: 1 }
learned exit AreaKey { scene: 3, anchor: (1216, 1408) } event=47 -> AreaKey { scene: 3, anchor: (1152, 1344) }
area teleport in scene 3 at frame 28350: (1248, 1456) -> (1168, 1368)
target scene=3 area=(1152, 1344) event=71 script=8146 mode=1 state=1 player=(1168, 1368) pos=(1296, 1448) path=61
marked destination touch VisitKey { scene: 3, area: (1216, 1408), event_id: 48, trigger_script: 60, trigger_mode: 4, state: 1 }
learned exit AreaKey { scene: 3, anchor: (1152, 1344) } event=48 -> AreaKey { scene: 3, anchor: (1216, 1408) }
area teleport in scene 3 at frame 28367: (1168, 1368) -> (1248, 1456)
continuing target event=71 across area (1216, 1408) path=0
target scene=3 area=(1216, 1408) event=54 script=4647 mode=5 state=1 player=(1248, 1456) pos=(992, 1472) path=16
marked destination touch VisitKey { scene: 3, area: (1152, 1344), event_id: 47, trigger_script: 33, trigger_mode: 4, state: 1 }
learned exit AreaKey { scene: 3, anchor: (1216, 1408) } event=47 -> AreaKey { scene: 3, anchor: (1152, 1344) }
area teleport in scene 3 at frame 28380: (1248, 1456) -> (1168, 1368)
target scene=3 area=(1152, 1344) event=71 script=8146 mode=1 state=1 player=(1168, 1368) pos=(1296, 1448) path=61
marked destination touch VisitKey { scene: 3, area: (1216, 1408), event_id: 48, trigger_script: 60, trigger_mode: 4, state: 1 }
learned exit AreaKey { scene: 3, anchor: (1152, 1344) } event=48 -> AreaKey { scene: 3, anchor: (1216, 1408) }
area teleport in scene 3 at frame 28397: (1168, 1368) -> (1248, 1456)
continuing target event=71 across area (1216, 1408) path=0
target scene=3 area=(1216, 1408) event=54 script=4647 mode=5 state=1 player=(1248, 1456) pos=(992, 1472) path=16
marked destination touch VisitKey { scene: 3, area: (1152, 1344), event_id: 47, trigger_script: 33, trigger_mode: 4, state: 1 }
learned exit AreaKey { scene: 3, anchor: (1216, 1408) } event=47 -> AreaKey { scene: 3, anchor: (1152, 1344) }
area teleport in scene 3 at frame 28410: (1248, 1456) -> (1168, 1368)
target scene=3 area=(1152, 1344) event=71 script=8146 mode=1 state=1 player=(1168, 1368) pos=(1296, 1448) path=61
marked destination touch VisitKey { scene: 3, area: (1216, 1408), event_id: 48, trigger_script: 60, trigger_mode: 4, state: 1 }
learned exit AreaKey { scene: 3, anchor: (1152, 1344) } event=48 -> AreaKey { scene: 3, anchor: (1216, 1408) }
area teleport in scene 3 at frame 28427: (1168, 1368) -> (1248, 1456)
continuing target event=71 across area (1216, 1408) path=0
target scene=3 area=(1216, 1408) event=54 script=4647 mode=5 state=1 player=(1248, 1456) pos=(992, 1472) path=16
marked destination touch VisitKey { scene: 3, area: (1152, 1344), event_id: 47, trigger_script: 33, trigger_mode: 4, state: 1 }
learned exit AreaKey { scene: 3, anchor: (1216, 1408) } event=47 -> AreaKey { scene: 3, anchor: (1152, 1344) }
area teleport in scene 3 at frame 28440: (1248, 1456) -> (1168, 1368)
target scene=3 area=(1152, 1344) event=71 script=8146 mode=1 state=1 player=(1168, 1368) pos=(1296, 1448) path=61
marked destination touch VisitKey { scene: 3, area: (1216, 1408), event_id: 48, trigger_script: 60, trigger_mode: 4, state: 1 }
learned exit AreaKey { scene: 3, anchor: (1152, 1344) } event=48 -> AreaKey { scene: 3, anchor: (1216, 1408) }
area teleport in scene 3 at frame 28457: (1168, 1368) -> (1248, 1456)
continuing target event=71 across area (1216, 1408) path=0
target scene=3 area=(1216, 1408) event=54 script=4647 mode=5 state=1 player=(1248, 1456) pos=(992, 1472) path=16
marked destination touch VisitKey { scene: 3, area: (1152, 1344), event_id: 47, trigger_script: 33, trigger_mode: 4, state: 1 }
learned exit AreaKey { scene: 3, anchor: (1216, 1408) } event=47 -> AreaKey { scene: 3, anchor: (1152, 1344) }
area teleport in scene 3 at frame 28470: (1248, 1456) -> (1168, 1368)
target scene=3 area=(1152, 1344) event=71 script=8146 mode=1 state=1 player=(1168, 1368) pos=(1296, 1448) path=61
marked destination touch VisitKey { scene: 3, area: (1216, 1408), event_id: 48, trigger_script: 60, trigger_mode: 4, state: 1 }
learned exit AreaKey { scene: 3, anchor: (1152, 1344) } event=48 -> AreaKey { scene: 3, anchor: (1216, 1408) }
area teleport in scene 3 at frame 28487: (1168, 1368) -> (1248, 1456)
continuing target event=71 across area (1216, 1408) path=0
target scene=3 area=(1216, 1408) event=54 script=4647 mode=5 state=1 player=(1248, 1456) pos=(992, 1472) path=16
marked destination touch VisitKey { scene: 3, area: (1152, 1344), event_id: 47, trigger_script: 33, trigger_mode: 4, state: 1 }
learned exit AreaKey { scene: 3, anchor: (1216, 1408) } event=47 -> AreaKey { scene: 3, anchor: (1152, 1344) }
area teleport in scene 3 at frame 28500: (1248, 1456) -> (1168, 1368)
target scene=3 area=(1152, 1344) event=71 script=8146 mode=1 state=1 player=(1168, 1368) pos=(1296, 1448) path=61
marked destination touch VisitKey { scene: 3, area: (1216, 1408), event_id: 48, trigger_script: 60, trigger_mode: 4, state: 1 }
learned exit AreaKey { scene: 3, anchor: (1152, 1344) } event=48 -> AreaKey { scene: 3, anchor: (1216, 1408) }
area teleport in scene 3 at frame 28517: (1168, 1368) -> (1248, 1456)
continuing target event=71 across area (1216, 1408) path=0
target scene=3 area=(1216, 1408) event=54 script=4647 mode=5 state=1 player=(1248, 1456) pos=(992, 1472) path=16
marked destination touch VisitKey { scene: 3, area: (1152, 1344), event_id: 47, trigger_script: 33, trigger_mode: 4, state: 1 }
learned exit AreaKey { scene: 3, anchor: (1216, 1408) } event=47 -> AreaKey { scene: 3, anchor: (1152, 1344) }
area teleport in scene 3 at frame 28530: (1248, 1456) -> (1168, 1368)
target scene=3 area=(1152, 1344) event=71 script=8146 mode=1 state=1 player=(1168, 1368) pos=(1296, 1448) path=61
marked destination touch VisitKey { scene: 3, area: (1216, 1408), event_id: 48, trigger_script: 60, trigger_mode: 4, state: 1 }
learned exit AreaKey { scene: 3, anchor: (1152, 1344) } event=48 -> AreaKey { scene: 3, anchor: (1216, 1408) }
area teleport in scene 3 at frame 28547: (1168, 1368) -> (1248, 1456)
continuing target event=71 across area (1216, 1408) path=0
target scene=3 area=(1216, 1408) event=54 script=4647 mode=5 state=1 player=(1248, 1456) pos=(992, 1472) path=16
marked destination touch VisitKey { scene: 3, area: (1152, 1344), event_id: 47, trigger_script: 33, trigger_mode: 4, state: 1 }
learned exit AreaKey { scene: 3, anchor: (1216, 1408) } event=47 -> AreaKey { scene: 3, anchor: (1152, 1344) }
area teleport in scene 3 at frame 28560: (1248, 1456) -> (1168, 1368)
target scene=3 area=(1152, 1344) event=71 script=8146 mode=1 state=1 player=(1168, 1368) pos=(1296, 1448) path=61
marked destination touch VisitKey { scene: 3, area: (1216, 1408), event_id: 48, trigger_script: 60, trigger_mode: 4, state: 1 }
learned exit AreaKey { scene: 3, anchor: (1152, 1344) } event=48 -> AreaKey { scene: 3, anchor: (1216, 1408) }
area teleport in scene 3 at frame 28577: (1168, 1368) -> (1248, 1456)
continuing target event=71 across area (1216, 1408) path=0
target scene=3 area=(1216, 1408) event=54 script=4647 mode=5 state=1 player=(1248, 1456) pos=(992, 1472) path=16
marked destination touch VisitKey { scene: 3, area: (1152, 1344), event_id: 47, trigger_script: 33, trigger_mode: 4, state: 1 }
learned exit AreaKey { scene: 3, anchor: (1216, 1408) } event=47 -> AreaKey { scene: 3, anchor: (1152, 1344) }
area teleport in scene 3 at frame 28590: (1248, 1456) -> (1168, 1368)
target scene=3 area=(1152, 1344) event=71 script=8146 mode=1 state=1 player=(1168, 1368) pos=(1296, 1448) path=61
marked destination touch VisitKey { scene: 3, area: (1216, 1408), event_id: 48, trigger_script: 60, trigger_mode: 4, state: 1 }
learned exit AreaKey { scene: 3, anchor: (1152, 1344) } event=48 -> AreaKey { scene: 3, anchor: (1216, 1408) }
area teleport in scene 3 at frame 28607: (1168, 1368) -> (1248, 1456)
continuing target event=71 across area (1216, 1408) path=0
target scene=3 area=(1216, 1408) event=54 script=4647 mode=5 state=1 player=(1248, 1456) pos=(992, 1472) path=16
marked destination touch VisitKey { scene: 3, area: (1152, 1344), event_id: 47, trigger_script: 33, trigger_mode: 4, state: 1 }
learned exit AreaKey { scene: 3, anchor: (1216, 1408) } event=47 -> AreaKey { scene: 3, anchor: (1152, 1344) }
area teleport in scene 3 at frame 28620: (1248, 1456) -> (1168, 1368)
target scene=3 area=(1152, 1344) event=71 script=8146 mode=1 state=1 player=(1168, 1368) pos=(1296, 1448) path=61
marked destination touch VisitKey { scene: 3, area: (1216, 1408), event_id: 48, trigger_script: 60, trigger_mode: 4, state: 1 }
learned exit AreaKey { scene: 3, anchor: (1152, 1344) } event=48 -> AreaKey { scene: 3, anchor: (1216, 1408) }
area teleport in scene 3 at frame 28637: (1168, 1368) -> (1248, 1456)
continuing target event=71 across area (1216, 1408) path=0
target scene=3 area=(1216, 1408) event=54 script=4647 mode=5 state=1 player=(1248, 1456) pos=(992, 1472) path=16
marked destination touch VisitKey { scene: 3, area: (1152, 1344), event_id: 47, trigger_script: 33, trigger_mode: 4, state: 1 }
learned exit AreaKey { scene: 3, anchor: (1216, 1408) } event=47 -> AreaKey { scene: 3, anchor: (1152, 1344) }
area teleport in scene 3 at frame 28650: (1248, 1456) -> (1168, 1368)
target scene=3 area=(1152, 1344) event=71 script=8146 mode=1 state=1 player=(1168, 1368) pos=(1296, 1448) path=61
marked destination touch VisitKey { scene: 3, area: (1216, 1408), event_id: 48, trigger_script: 60, trigger_mode: 4, state: 1 }
learned exit AreaKey { scene: 3, anchor: (1152, 1344) } event=48 -> AreaKey { scene: 3, anchor: (1216, 1408) }
area teleport in scene 3 at frame 28667: (1168, 1368) -> (1248, 1456)
continuing target event=71 across area (1216, 1408) path=0
target scene=3 area=(1216, 1408) event=54 script=4647 mode=5 state=1 player=(1248, 1456) pos=(992, 1472) path=16
marked destination touch VisitKey { scene: 3, area: (1152, 1344), event_id: 47, trigger_script: 33, trigger_mode: 4, state: 1 }
learned exit AreaKey { scene: 3, anchor: (1216, 1408) } event=47 -> AreaKey { scene: 3, anchor: (1152, 1344) }
area teleport in scene 3 at frame 28680: (1248, 1456) -> (1168, 1368)
target scene=3 area=(1152, 1344) event=71 script=8146 mode=1 state=1 player=(1168, 1368) pos=(1296, 1448) path=61
marked destination touch VisitKey { scene: 3, area: (1216, 1408), event_id: 48, trigger_script: 60, trigger_mode: 4, state: 1 }
learned exit AreaKey { scene: 3, anchor: (1152, 1344) } event=48 -> AreaKey { scene: 3, anchor: (1216, 1408) }
area teleport in scene 3 at frame 28697: (1168, 1368) -> (1248, 1456)
continuing target event=71 across area (1216, 1408) path=0
target scene=3 area=(1216, 1408) event=54 script=4647 mode=5 state=1 player=(1248, 1456) pos=(992, 1472) path=16
marked destination touch VisitKey { scene: 3, area: (1152, 1344), event_id: 47, trigger_script: 33, trigger_mode: 4, state: 1 }
learned exit AreaKey { scene: 3, anchor: (1216, 1408) } event=47 -> AreaKey { scene: 3, anchor: (1152, 1344) }
area teleport in scene 3 at frame 28710: (1248, 1456) -> (1168, 1368)
target scene=3 area=(1152, 1344) event=71 script=8146 mode=1 state=1 player=(1168, 1368) pos=(1296, 1448) path=61
marked destination touch VisitKey { scene: 3, area: (1216, 1408), event_id: 48, trigger_script: 60, trigger_mode: 4, state: 1 }
learned exit AreaKey { scene: 3, anchor: (1152, 1344) } event=48 -> AreaKey { scene: 3, anchor: (1216, 1408) }
area teleport in scene 3 at frame 28727: (1168, 1368) -> (1248, 1456)
continuing target event=71 across area (1216, 1408) path=0
target scene=3 area=(1216, 1408) event=54 script=4647 mode=5 state=1 player=(1248, 1456) pos=(992, 1472) path=16
marked destination touch VisitKey { scene: 3, area: (1152, 1344), event_id: 47, trigger_script: 33, trigger_mode: 4, state: 1 }
learned exit AreaKey { scene: 3, anchor: (1216, 1408) } event=47 -> AreaKey { scene: 3, anchor: (1152, 1344) }
area teleport in scene 3 at frame 28740: (1248, 1456) -> (1168, 1368)
target scene=3 area=(1152, 1344) event=71 script=8146 mode=1 state=1 player=(1168, 1368) pos=(1296, 1448) path=61
marked destination touch VisitKey { scene: 3, area: (1216, 1408), event_id: 48, trigger_script: 60, trigger_mode: 4, state: 1 }
learned exit AreaKey { scene: 3, anchor: (1152, 1344) } event=48 -> AreaKey { scene: 3, anchor: (1216, 1408) }
area teleport in scene 3 at frame 28757: (1168, 1368) -> (1248, 1456)
continuing target event=71 across area (1216, 1408) path=0
target scene=3 area=(1216, 1408) event=54 script=4647 mode=5 state=1 player=(1248, 1456) pos=(992, 1472) path=16
marked destination touch VisitKey { scene: 3, area: (1152, 1344), event_id: 47, trigger_script: 33, trigger_mode: 4, state: 1 }
learned exit AreaKey { scene: 3, anchor: (1216, 1408) } event=47 -> AreaKey { scene: 3, anchor: (1152, 1344) }
area teleport in scene 3 at frame 28770: (1248, 1456) -> (1168, 1368)
target scene=3 area=(1152, 1344) event=71 script=8146 mode=1 state=1 player=(1168, 1368) pos=(1296, 1448) path=61
marked destination touch VisitKey { scene: 3, area: (1216, 1408), event_id: 48, trigger_script: 60, trigger_mode: 4, state: 1 }
learned exit AreaKey { scene: 3, anchor: (1152, 1344) } event=48 -> AreaKey { scene: 3, anchor: (1216, 1408) }
area teleport in scene 3 at frame 28787: (1168, 1368) -> (1248, 1456)
continuing target event=71 across area (1216, 1408) path=0
target scene=3 area=(1216, 1408) event=54 script=4647 mode=5 state=1 player=(1248, 1456) pos=(992, 1472) path=16
marked destination touch VisitKey { scene: 3, area: (1152, 1344), event_id: 47, trigger_script: 33, trigger_mode: 4, state: 1 }
learned exit AreaKey { scene: 3, anchor: (1216, 1408) } event=47 -> AreaKey { scene: 3, anchor: (1152, 1344) }
area teleport in scene 3 at frame 28800: (1248, 1456) -> (1168, 1368)
target scene=3 area=(1152, 1344) event=71 script=8146 mode=1 state=1 player=(1168, 1368) pos=(1296, 1448) path=61
marked destination touch VisitKey { scene: 3, area: (1216, 1408), event_id: 48, trigger_script: 60, trigger_mode: 4, state: 1 }
learned exit AreaKey { scene: 3, anchor: (1152, 1344) } event=48 -> AreaKey { scene: 3, anchor: (1216, 1408) }
area teleport in scene 3 at frame 28817: (1168, 1368) -> (1248, 1456)
continuing target event=71 across area (1216, 1408) path=0
target scene=3 area=(1216, 1408) event=54 script=4647 mode=5 state=1 player=(1248, 1456) pos=(992, 1472) path=16
marked destination touch VisitKey { scene: 3, area: (1152, 1344), event_id: 47, trigger_script: 33, trigger_mode: 4, state: 1 }
learned exit AreaKey { scene: 3, anchor: (1216, 1408) } event=47 -> AreaKey { scene: 3, anchor: (1152, 1344) }
area teleport in scene 3 at frame 28830: (1248, 1456) -> (1168, 1368)
target scene=3 area=(1152, 1344) event=71 script=8146 mode=1 state=1 player=(1168, 1368) pos=(1296, 1448) path=61
marked destination touch VisitKey { scene: 3, area: (1216, 1408), event_id: 48, trigger_script: 60, trigger_mode: 4, state: 1 }
learned exit AreaKey { scene: 3, anchor: (1152, 1344) } event=48 -> AreaKey { scene: 3, anchor: (1216, 1408) }
area teleport in scene 3 at frame 28847: (1168, 1368) -> (1248, 1456)
continuing target event=71 across area (1216, 1408) path=0
target scene=3 area=(1216, 1408) event=54 script=4647 mode=5 state=1 player=(1248, 1456) pos=(992, 1472) path=16
marked destination touch VisitKey { scene: 3, area: (1152, 1344), event_id: 47, trigger_script: 33, trigger_mode: 4, state: 1 }
learned exit AreaKey { scene: 3, anchor: (1216, 1408) } event=47 -> AreaKey { scene: 3, anchor: (1152, 1344) }
area teleport in scene 3 at frame 28860: (1248, 1456) -> (1168, 1368)
target scene=3 area=(1152, 1344) event=71 script=8146 mode=1 state=1 player=(1168, 1368) pos=(1296, 1448) path=61
marked destination touch VisitKey { scene: 3, area: (1216, 1408), event_id: 48, trigger_script: 60, trigger_mode: 4, state: 1 }
learned exit AreaKey { scene: 3, anchor: (1152, 1344) } event=48 -> AreaKey { scene: 3, anchor: (1216, 1408) }
area teleport in scene 3 at frame 28877: (1168, 1368) -> (1248, 1456)
continuing target event=71 across area (1216, 1408) path=0
target scene=3 area=(1216, 1408) event=54 script=4647 mode=5 state=1 player=(1248, 1456) pos=(992, 1472) path=16
marked destination touch VisitKey { scene: 3, area: (1152, 1344), event_id: 47, trigger_script: 33, trigger_mode: 4, state: 1 }
learned exit AreaKey { scene: 3, anchor: (1216, 1408) } event=47 -> AreaKey { scene: 3, anchor: (1152, 1344) }
area teleport in scene 3 at frame 28890: (1248, 1456) -> (1168, 1368)
target scene=3 area=(1152, 1344) event=71 script=8146 mode=1 state=1 player=(1168, 1368) pos=(1296, 1448) path=61
marked destination touch VisitKey { scene: 3, area: (1216, 1408), event_id: 48, trigger_script: 60, trigger_mode: 4, state: 1 }
learned exit AreaKey { scene: 3, anchor: (1152, 1344) } event=48 -> AreaKey { scene: 3, anchor: (1216, 1408) }
area teleport in scene 3 at frame 28907: (1168, 1368) -> (1248, 1456)
continuing target event=71 across area (1216, 1408) path=0
target scene=3 area=(1216, 1408) event=54 script=4647 mode=5 state=1 player=(1248, 1456) pos=(992, 1472) path=16
marked destination touch VisitKey { scene: 3, area: (1152, 1344), event_id: 47, trigger_script: 33, trigger_mode: 4, state: 1 }
learned exit AreaKey { scene: 3, anchor: (1216, 1408) } event=47 -> AreaKey { scene: 3, anchor: (1152, 1344) }
area teleport in scene 3 at frame 28920: (1248, 1456) -> (1168, 1368)
target scene=3 area=(1152, 1344) event=71 script=8146 mode=1 state=1 player=(1168, 1368) pos=(1296, 1448) path=61
marked destination touch VisitKey { scene: 3, area: (1216, 1408), event_id: 48, trigger_script: 60, trigger_mode: 4, state: 1 }
learned exit AreaKey { scene: 3, anchor: (1152, 1344) } event=48 -> AreaKey { scene: 3, anchor: (1216, 1408) }
area teleport in scene 3 at frame 28937: (1168, 1368) -> (1248, 1456)
continuing target event=71 across area (1216, 1408) path=0
target scene=3 area=(1216, 1408) event=54 script=4647 mode=5 state=1 player=(1248, 1456) pos=(992, 1472) path=16
marked destination touch VisitKey { scene: 3, area: (1152, 1344), event_id: 47, trigger_script: 33, trigger_mode: 4, state: 1 }
learned exit AreaKey { scene: 3, anchor: (1216, 1408) } event=47 -> AreaKey { scene: 3, anchor: (1152, 1344) }
area teleport in scene 3 at frame 28950: (1248, 1456) -> (1168, 1368)
target scene=3 area=(1152, 1344) event=71 script=8146 mode=1 state=1 player=(1168, 1368) pos=(1296, 1448) path=61
marked destination touch VisitKey { scene: 3, area: (1216, 1408), event_id: 48, trigger_script: 60, trigger_mode: 4, state: 1 }
learned exit AreaKey { scene: 3, anchor: (1152, 1344) } event=48 -> AreaKey { scene: 3, anchor: (1216, 1408) }
area teleport in scene 3 at frame 28967: (1168, 1368) -> (1248, 1456)
continuing target event=71 across area (1216, 1408) path=0
target scene=3 area=(1216, 1408) event=54 script=4647 mode=5 state=1 player=(1248, 1456) pos=(992, 1472) path=16
marked destination touch VisitKey { scene: 3, area: (1152, 1344), event_id: 47, trigger_script: 33, trigger_mode: 4, state: 1 }
learned exit AreaKey { scene: 3, anchor: (1216, 1408) } event=47 -> AreaKey { scene: 3, anchor: (1152, 1344) }
area teleport in scene 3 at frame 28980: (1248, 1456) -> (1168, 1368)
target scene=3 area=(1152, 1344) event=71 script=8146 mode=1 state=1 player=(1168, 1368) pos=(1296, 1448) path=61
marked destination touch VisitKey { scene: 3, area: (1216, 1408), event_id: 48, trigger_script: 60, trigger_mode: 4, state: 1 }
learned exit AreaKey { scene: 3, anchor: (1152, 1344) } event=48 -> AreaKey { scene: 3, anchor: (1216, 1408) }
area teleport in scene 3 at frame 28997: (1168, 1368) -> (1248, 1456)
continuing target event=71 across area (1216, 1408) path=0
target scene=3 area=(1216, 1408) event=54 script=4647 mode=5 state=1 player=(1248, 1456) pos=(992, 1472) path=16
marked destination touch VisitKey { scene: 3, area: (1152, 1344), event_id: 47, trigger_script: 33, trigger_mode: 4, state: 1 }
learned exit AreaKey { scene: 3, anchor: (1216, 1408) } event=47 -> AreaKey { scene: 3, anchor: (1152, 1344) }
area teleport in scene 3 at frame 29010: (1248, 1456) -> (1168, 1368)
target scene=3 area=(1152, 1344) event=71 script=8146 mode=1 state=1 player=(1168, 1368) pos=(1296, 1448) path=61
marked destination touch VisitKey { scene: 3, area: (1216, 1408), event_id: 48, trigger_script: 60, trigger_mode: 4, state: 1 }
learned exit AreaKey { scene: 3, anchor: (1152, 1344) } event=48 -> AreaKey { scene: 3, anchor: (1216, 1408) }
area teleport in scene 3 at frame 29027: (1168, 1368) -> (1248, 1456)
continuing target event=71 across area (1216, 1408) path=0
target scene=3 area=(1216, 1408) event=54 script=4647 mode=5 state=1 player=(1248, 1456) pos=(992, 1472) path=16
marked destination touch VisitKey { scene: 3, area: (1152, 1344), event_id: 47, trigger_script: 33, trigger_mode: 4, state: 1 }
learned exit AreaKey { scene: 3, anchor: (1216, 1408) } event=47 -> AreaKey { scene: 3, anchor: (1152, 1344) }
area teleport in scene 3 at frame 29040: (1248, 1456) -> (1168, 1368)
target scene=3 area=(1152, 1344) event=71 script=8146 mode=1 state=1 player=(1168, 1368) pos=(1296, 1448) path=61
marked destination touch VisitKey { scene: 3, area: (1216, 1408), event_id: 48, trigger_script: 60, trigger_mode: 4, state: 1 }
learned exit AreaKey { scene: 3, anchor: (1152, 1344) } event=48 -> AreaKey { scene: 3, anchor: (1216, 1408) }
area teleport in scene 3 at frame 29057: (1168, 1368) -> (1248, 1456)
continuing target event=71 across area (1216, 1408) path=0
target scene=3 area=(1216, 1408) event=54 script=4647 mode=5 state=1 player=(1248, 1456) pos=(992, 1472) path=16
marked destination touch VisitKey { scene: 3, area: (1152, 1344), event_id: 47, trigger_script: 33, trigger_mode: 4, state: 1 }
learned exit AreaKey { scene: 3, anchor: (1216, 1408) } event=47 -> AreaKey { scene: 3, anchor: (1152, 1344) }
area teleport in scene 3 at frame 29070: (1248, 1456) -> (1168, 1368)
target scene=3 area=(1152, 1344) event=71 script=8146 mode=1 state=1 player=(1168, 1368) pos=(1296, 1448) path=61
marked destination touch VisitKey { scene: 3, area: (1216, 1408), event_id: 48, trigger_script: 60, trigger_mode: 4, state: 1 }
learned exit AreaKey { scene: 3, anchor: (1152, 1344) } event=48 -> AreaKey { scene: 3, anchor: (1216, 1408) }
area teleport in scene 3 at frame 29087: (1168, 1368) -> (1248, 1456)
continuing target event=71 across area (1216, 1408) path=0
target scene=3 area=(1216, 1408) event=54 script=4647 mode=5 state=1 player=(1248, 1456) pos=(992, 1472) path=16
