resuming recordings/autoplay-probe-checkpoint.rpg at scene=49 position=(672, 1312)
target scene=49 area=(160, 112) event=810 script=14191 mode=2 state=2 player=(832, 1424) pos=(640, 1360) path=21
target scene=49 area=(160, 112) event=831 script=14355 mode=2 state=1 player=(688, 1384) pos=(256, 1408) path=24
used story item=284 on event=831 facing=0 script 14355 -> 14358 mode 2 -> 6 state 1 -> 1
target scene=49 area=(160, 112) event=813 script=14272 mode=2 state=2 player=(272, 1400) pos=(1072, 1304) path=47
target scene=49 area=(160, 112) event=812 script=14266 mode=2 state=2 player=(1024, 1312) pos=(1088, 1296) path=1
target scene=49 area=(160, 112) event=839 script=14348 mode=2 state=2 player=(1040, 1304) pos=(976, 904) path=47
target scene=49 area=(160, 112) event=838 script=14342 mode=2 state=2 player=(1024, 928) pos=(944, 888) path=2
target scene=49 area=(160, 112) event=837 script=14338 mode=2 state=2 player=(992, 912) pos=(944, 872) path=2
target scene=49 area=(160, 112) event=836 script=14333 mode=2 state=2 player=(992, 896) pos=(928, 864) path=1
target scene=49 area=(160, 112) event=833 script=14316 mode=2 state=2 player=(976, 888) pos=(928, 848) path=6
target scene=49 area=(160, 112) event=835 script=14329 mode=2 state=2 player=(912, 872) pos=(880, 856) path=0
target scene=49 area=(160, 112) event=834 script=14324 mode=2 state=2 player=(912, 872) pos=(880, 840) path=1
target scene=49 area=(160, 112) event=840 script=14351 mode=2 state=2 player=(896, 864) pos=(864, 832) path=1
target scene=49 area=(160, 112) event=817 script=14282 mode=2 state=2 player=(912, 856) pos=(1376, 864) path=44
target scene=49 area=(160, 112) event=819 script=14306 mode=2 state=2 player=(1328, 840) pos=(1424, 824) path=3
directing unreachable manual event=818 script=14286 mode=2 state=2
target scene=49 area=(160, 112) event=818 script=14286 mode=2 state=2 player=(1376, 816) pos=(1266, 777) path=0
target scene=49 area=(160, 112) event=814 script=14276 mode=2 state=2 player=(1376, 816) pos=(912, 600) path=26
target scene=49 area=(160, 112) event=830 script=14082 mode=5 state=1 player=(960, 624) pos=(928, 832) path=35
learned targeted exit AreaKey { scene: 49, anchor: (160, 112) } event=830 -> AreaKey { scene: 50, anchor: (160, 112) }
learned exit AreaKey { scene: 49, anchor: (160, 112) } event=830 -> AreaKey { scene: 50, anchor: (160, 112) }
scene 49 -> 50 at frame 386 position (656, 808)
target scene=50 area=(160, 112) event=856 script=15343 mode=2 state=2 player=(816, 920) pos=(832, 928) path=0
target scene=50 area=(160, 112) event=855 script=15338 mode=2 state=2 player=(816, 920) pos=(864, 912) path=0
target scene=50 area=(160, 112) event=857 script=15347 mode=2 state=2 player=(816, 920) pos=(800, 944) path=0
target scene=50 area=(160, 112) event=854 script=15334 mode=2 state=2 player=(816, 920) pos=(880, 904) path=1
target scene=50 area=(160, 112) event=853 script=15329 mode=2 state=2 player=(832, 912) pos=(912, 888) path=2
target scene=50 area=(160, 112) event=852 script=15325 mode=2 state=2 player=(864, 896) pos=(944, 888) path=2
target scene=50 area=(160, 112) event=859 script=15355 mode=2 state=2 player=(896, 880) pos=(896, 864) path=0
target scene=50 area=(160, 112) event=860 script=15360 mode=2 state=2 player=(896, 880) pos=(912, 872) path=0
target scene=50 area=(160, 112) event=851 script=15320 mode=2 state=2 player=(896, 880) pos=(944, 872) path=0
target scene=50 area=(160, 112) event=850 script=15316 mode=2 state=2 player=(896, 880) pos=(960, 864) path=5
target scene=50 area=(160, 112) event=858 script=15351 mode=2 state=2 player=(912, 856) pos=(928, 848) path=0
target scene=50 area=(160, 112) event=846 script=15424 mode=2 state=2 player=(912, 856) pos=(944, 824) path=1
target scene=50 area=(160, 112) event=847 script=15424 mode=2 state=2 player=(896, 848) pos=(992, 848) path=17
target scene=50 area=(160, 112) event=845 script=15398 mode=2 state=2 player=(1008, 824) pos=(784, 808) path=11
target scene=50 area=(160, 112) event=849 script=15413 mode=2 state=2 player=(832, 800) pos=(816, 792) path=0
target scene=50 area=(160, 112) event=848 script=15409 mode=2 state=2 player=(832, 800) pos=(752, 824) path=2
target scene=50 area=(160, 112) event=844 script=14086 mode=5 state=1 player=(800, 816) pos=(768, 944) path=14
learned targeted exit AreaKey { scene: 50, anchor: (160, 112) } event=844 -> AreaKey { scene: 49, anchor: (160, 112) }
learned exit AreaKey { scene: 50, anchor: (160, 112) } event=844 -> AreaKey { scene: 49, anchor: (160, 112) }
scene 50 -> 49 at frame 441 position (736, 736)
target scene=49 area=(160, 112) event=804 script=14127 mode=5 state=1 player=(896, 848) pos=(896, 1168) path=43
learned targeted exit AreaKey { scene: 49, anchor: (160, 112) } event=804 -> AreaKey { scene: 51, anchor: (160, 112) }
learned exit AreaKey { scene: 49, anchor: (160, 112) } event=804 -> AreaKey { scene: 51, anchor: (160, 112) }
scene 49 -> 51 at frame 484 position (592, 344)
target scene=51 area=(160, 112) event=877 script=14252 mode=2 state=2 player=(752, 456) pos=(800, 336) path=12
target scene=51 area=(160, 112) event=877 script=14257 mode=2 state=2 player=(848, 360) pos=(800, 336) path=0
target scene=51 area=(160, 112) event=879 script=15265 mode=2 state=1 player=(848, 360) pos=(1424, 328) path=51
learned exit AreaKey { scene: 51, anchor: (160, 112) } event=871 -> AreaKey { scene: 49, anchor: (160, 112) }
scene 51 -> 49 at frame 510 position (768, 1072)
target scene=49 area=(160, 112) event=801 script=14187 mode=5 state=1 player=(928, 1184) pos=(528, 1656) path=57
learned targeted exit AreaKey { scene: 49, anchor: (160, 112) } event=801 -> AreaKey { scene: 48, anchor: (160, 112) }
learned exit AreaKey { scene: 49, anchor: (160, 112) } event=801 -> AreaKey { scene: 48, anchor: (160, 112) }
scene 49 -> 48 at frame 567 position (1616, 1416)
target scene=48 area=(160, 112) event=799 script=15058 mode=2 state=2 player=(1776, 1528) pos=(1584, 1512) path=21
target scene=48 area=(160, 112) event=799 script=15063 mode=2 state=2 player=(1568, 1536) pos=(1584, 1512) path=0
target scene=48 area=(160, 112) event=796 script=14640 mode=3 state=2 player=(1568, 1536) pos=(704, 1424) path=115
target scene=48 area=(160, 112) event=797 script=14774 mode=8 state=2 player=(656, 1384) pos=(1184, 560) path=143
target scene=48 area=(160, 112) event=797 script=14777 mode=0 state=2 player=(1120, 528) pos=(1152, 528) path=1
target scene=48 area=(160, 112) event=790 script=14183 mode=5 state=1 player=(1120, 528) pos=(1824, 1504) path=194
learned targeted exit AreaKey { scene: 48, anchor: (160, 112) } event=790 -> AreaKey { scene: 49, anchor: (160, 112) }
learned exit AreaKey { scene: 48, anchor: (160, 112) } event=790 -> AreaKey { scene: 49, anchor: (160, 112) }
scene 48 -> 49 at frame 1046 position (416, 1520)
target scene=49 area=(160, 112) event=802 script=14119 mode=6 state=1 player=(576, 1632) pos=(672, 480) path=142
forcing unreached touch target scene=49 event=802 script=14119 player=(960, 880) pos=(672, 480)
running forced event=802 script=14119 destination=Some(54)
scene 49 -> 54 at frame 1193 position (896, 1680)
target scene=54 area=(160, 112) event=926 script=14095 mode=5 state=1 player=(1056, 1792) pos=(192, 1296) path=104
learned targeted exit AreaKey { scene: 54, anchor: (160, 112) } event=926 -> AreaKey { scene: 55, anchor: (160, 1504) }
learned exit AreaKey { scene: 54, anchor: (160, 112) } event=926 -> AreaKey { scene: 55, anchor: (160, 1504) }
scene 54 -> 55 at frame 1297 position (1568, 1376)
target scene=55 area=(160, 1504) event=934 script=14644 mode=5 state=1 player=(1728, 1488) pos=(192, 1504) path=191
forcing unreached touch target scene=55 event=934 script=14644 player=(256, 1536) pos=(192, 1504)
running forced event=934 script=14644 destination=Some(70)
scene 55 -> 70 at frame 1493 position (1472, 608)
target scene=70 area=(160, 112) event=1463 script=2079 mode=1 state=2 player=(1632, 720) pos=(1328, 696) path=18
target scene=70 area=(160, 112) event=1463 script=887 mode=1 state=2 player=(1344, 704) pos=(1328, 696) path=0
target scene=70 area=(160, 112) event=1462 script=2109 mode=1 state=2 player=(1344, 704) pos=(480, 624) path=75
target scene=70 area=(160, 112) event=1462 script=887 mode=1 state=2 player=(496, 632) pos=(480, 624) path=0
target scene=70 area=(160, 112) event=1455 script=16978 mode=5 state=1 player=(496, 632) pos=(1584, 1032) path=82
learned targeted exit AreaKey { scene: 70, anchor: (160, 112) } event=1455 -> AreaKey { scene: 68, anchor: (160, 112) }
learned exit AreaKey { scene: 70, anchor: (160, 112) } event=1455 -> AreaKey { scene: 68, anchor: (160, 112) }
scene 70 -> 68 at frame 1668 position (1536, 1616)
target scene=68 area=(160, 112) event=1436 script=16944 mode=5 state=1 player=(1696, 1728) pos=(1664, 1216) path=107
learned targeted exit AreaKey { scene: 68, anchor: (160, 112) } event=1436 -> AreaKey { scene: 72, anchor: (240, 1272) }
learned exit AreaKey { scene: 68, anchor: (160, 112) } event=1436 -> AreaKey { scene: 72, anchor: (240, 1272) }
scene 68 -> 72 at frame 1775 position (1408, 1600)
target scene=72 area=(240, 1272) event=1480 script=1821 mode=1 state=2 player=(1568, 1712) pos=(912, 1320) path=60
target scene=72 area=(240, 1272) event=1480 script=887 mode=1 state=2 player=(928, 1328) pos=(912, 1320) path=0
target scene=72 area=(240, 1272) event=1481 script=2109 mode=1 state=2 player=(928, 1328) pos=(688, 1368) path=62
target scene=72 area=(240, 1272) event=1481 script=887 mode=1 state=2 player=(704, 1376) pos=(688, 1368) path=0
target scene=72 area=(240, 1272) event=1477 script=40691 mode=5 state=2 player=(704, 1376) pos=(944, 1432) path=48
target scene=72 area=(240, 1272) event=1478 script=40689 mode=5 state=2 player=(960, 1440) pos=(416, 1200) path=33
target scene=72 area=(240, 1272) event=1474 script=16998 mode=5 state=1 player=(432, 1192) pos=(384, 1328) path=16
learned targeted exit AreaKey { scene: 72, anchor: (240, 1272) } event=1474 -> AreaKey { scene: 68, anchor: (928, 656) }
learned exit AreaKey { scene: 72, anchor: (240, 1272) } event=1474 -> AreaKey { scene: 68, anchor: (928, 656) }
scene 72 -> 68 at frame 2004 position (832, 560)
target scene=68 area=(928, 656) event=1437 script=16948 mode=5 state=1 player=(992, 672) pos=(944, 648) path=2
learned targeted exit AreaKey { scene: 68, anchor: (928, 656) } event=1437 -> AreaKey { scene: 72, anchor: (240, 1272) }
learned exit AreaKey { scene: 68, anchor: (928, 656) } event=1437 -> AreaKey { scene: 72, anchor: (240, 1272) }
scene 68 -> 72 at frame 2006 position (176, 1192)
target scene=72 area=(240, 1272) event=1473 script=16994 mode=5 state=1 player=(336, 1304) pos=(1616, 1736) path=94
learned targeted exit AreaKey { scene: 72, anchor: (240, 1272) } event=1473 -> AreaKey { scene: 68, anchor: (160, 112) }
learned exit AreaKey { scene: 72, anchor: (240, 1272) } event=1473 -> AreaKey { scene: 68, anchor: (160, 112) }
scene 72 -> 68 at frame 2100 position (1552, 1128)
target scene=68 area=(160, 112) event=1434 script=16936 mode=5 state=1 player=(1712, 1240) pos=(1360, 1144) path=33
learned targeted exit AreaKey { scene: 68, anchor: (160, 112) } event=1434 -> AreaKey { scene: 71, anchor: (416, 688) }
learned exit AreaKey { scene: 68, anchor: (160, 112) } event=1434 -> AreaKey { scene: 71, anchor: (416, 688) }
scene 68 -> 71 at frame 2133 position (960, 944)
target scene=71 area=(416, 688) event=1471 script=2079 mode=1 state=2 player=(1120, 1056) pos=(928, 1024) path=11
target scene=71 area=(416, 688) event=1471 script=887 mode=1 state=2 player=(944, 1016) pos=(928, 1024) path=0
target scene=71 area=(416, 688) event=1472 script=2253 mode=1 state=2 player=(944, 1016) pos=(1184, 656) path=88
target scene=71 area=(416, 688) event=1472 script=887 mode=1 state=2 player=(1360, 744) pos=(1184, 656) path=56
target scene=71 area=(416, 688) event=1470 script=40689 mode=5 state=2 player=(1168, 648) pos=(576, 832) path=46
target scene=71 area=(416, 688) event=1464 script=16986 mode=5 state=1 player=(592, 824) pos=(1168, 1080) path=87
learned targeted exit AreaKey { scene: 71, anchor: (416, 688) } event=1464 -> AreaKey { scene: 68, anchor: (160, 112) }
learned exit AreaKey { scene: 71, anchor: (416, 688) } event=1464 -> AreaKey { scene: 68, anchor: (160, 112) }
scene 71 -> 68 at frame 2426 position (1248, 1056)
target scene=68 area=(160, 112) event=1440 script=16952 mode=5 state=1 player=(1408, 1168) pos=(1328, 904) path=44
learned targeted exit AreaKey { scene: 68, anchor: (160, 112) } event=1440 -> AreaKey { scene: 74, anchor: (320, 1136) }
learned exit AreaKey { scene: 68, anchor: (160, 112) } event=1440 -> AreaKey { scene: 74, anchor: (320, 1136) }
scene 68 -> 74 at frame 2470 position (464, 1480)
target scene=74 area=(320, 1136) event=1491 script=2271 mode=1 state=2 player=(624, 1592) pos=(1152, 1120) path=90
target scene=74 area=(320, 1136) event=1491 script=887 mode=1 state=2 player=(1168, 1128) pos=(1152, 1120) path=0
target scene=74 area=(320, 1136) event=1490 script=17014 mode=5 state=1 player=(1168, 1128) pos=(464, 1192) path=85
learned targeted exit AreaKey { scene: 74, anchor: (320, 1136) } event=1490 -> AreaKey { scene: 68, anchor: (560, 1064) }
learned exit AreaKey { scene: 74, anchor: (320, 1136) } event=1490 -> AreaKey { scene: 68, anchor: (560, 1064) }
scene 74 -> 68 at frame 2645 position (736, 784)
target scene=68 area=(560, 1064) event=1438 script=16960 mode=5 state=1 player=(896, 896) pos=(576, 1056) path=33
learned targeted exit AreaKey { scene: 68, anchor: (560, 1064) } event=1438 -> AreaKey { scene: 73, anchor: (304, 1016) }
learned exit AreaKey { scene: 68, anchor: (560, 1064) } event=1438 -> AreaKey { scene: 73, anchor: (304, 1016) }
scene 68 -> 73 at frame 2678 position (1008, 1080)
target scene=73 area=(304, 1016) event=1488 script=2253 mode=1 state=2 player=(1168, 1192) pos=(736, 800) path=78
target scene=73 area=(304, 1016) event=1488 script=887 mode=1 state=2 player=(752, 808) pos=(736, 800) path=0
target scene=73 area=(304, 1016) event=1487 script=40167 mode=5 state=2 player=(752, 808) pos=(788, 854) path=4
target scene=73 area=(304, 1016) event=1485 script=40691 mode=5 state=2 player=(784, 840) pos=(1120, 752) path=20
target scene=73 area=(304, 1016) event=1486 script=40689 mode=5 state=2 player=(1104, 744) pos=(384, 976) path=60
target scene=73 area=(304, 1016) event=1483 script=17006 mode=5 state=1 player=(368, 984) pos=(1264, 808) path=68
learned targeted exit AreaKey { scene: 73, anchor: (304, 1016) } event=1483 -> AreaKey { scene: 68, anchor: (160, 112) }
learned exit AreaKey { scene: 73, anchor: (304, 1016) } event=1483 -> AreaKey { scene: 68, anchor: (160, 112) }
scene 73 -> 68 at frame 2923 position (208, 712)
target scene=68 area=(160, 112) event=1443 script=16972 mode=5 state=1 player=(368, 824) pos=(560, 520) path=38
learned targeted exit AreaKey { scene: 68, anchor: (160, 112) } event=1443 -> AreaKey { scene: 69, anchor: (160, 112) }
learned exit AreaKey { scene: 68, anchor: (160, 112) } event=1443 -> AreaKey { scene: 69, anchor: (160, 112) }
scene 68 -> 69 at frame 2961 position (400, 1736)
target scene=69 area=(160, 112) event=1452 script=2469 mode=1 state=1 player=(560, 1848) pos=(880, 1624) path=27
target scene=69 area=(160, 112) event=1453 script=2476 mode=1 state=1 player=(896, 1632) pos=(912, 1352) path=102
target scene=69 area=(160, 112) event=1451 script=2469 mode=1 state=1 player=(928, 1360) pos=(1776, 1480) path=60
target scene=69 area=(160, 112) event=1454 script=2469 mode=1 state=1 player=(1760, 1472) pos=(1232, 904) path=98
target scene=69 area=(160, 112) event=1447 script=17022 mode=5 state=1 player=(1248, 912) pos=(1424, 808) path=11
learned targeted exit AreaKey { scene: 69, anchor: (160, 112) } event=1447 -> AreaKey { scene: 76, anchor: (160, 112) }
learned exit AreaKey { scene: 69, anchor: (160, 112) } event=1447 -> AreaKey { scene: 76, anchor: (160, 112) }
scene 69 -> 76 at frame 3259 position (816, 1768)
target scene=76 area=(160, 112) event=1556 script=1869 mode=1 state=2 player=(976, 1880) pos=(1088, 1088) path=136
learned exit AreaKey { scene: 76, anchor: (160, 112) } event=1501 -> AreaKey { scene: 69, anchor: (160, 112) }
scene 76 -> 69 at frame 3262 position (1184, 736)
target scene=69 area=(160, 112) event=1448 script=17026 mode=5 state=1 player=(1344, 848) pos=(1232, 712) path=15
learned targeted exit AreaKey { scene: 69, anchor: (160, 112) } event=1448 -> AreaKey { scene: 76, anchor: (160, 112) }
learned exit AreaKey { scene: 69, anchor: (160, 112) } event=1448 -> AreaKey { scene: 76, anchor: (160, 112) }
scene 69 -> 76 at frame 3277 position (608, 1664)
target scene=76 area=(160, 112) event=1556 script=1869 mode=1 state=2 player=(768, 1776) pos=(1088, 1088) path=115
target scene=76 area=(160, 112) event=1556 script=887 mode=1 state=2 player=(1072, 1080) pos=(1088, 1088) path=0
target scene=76 area=(160, 112) event=1561 script=1299 mode=3 state=1 player=(1072, 1080) pos=(1152, 1104) path=0
target scene=76 area=(160, 112) event=1555 script=1839 mode=1 state=2 player=(1072, 1080) pos=(1152, 960) path=30
target scene=76 area=(160, 112) event=1555 script=887 mode=1 state=2 player=(1168, 968) pos=(1152, 960) path=0
target scene=76 area=(160, 112) event=1557 script=2067 mode=1 state=2 player=(1168, 968) pos=(1664, 1040) path=92
target scene=76 area=(160, 112) event=1557 script=887 mode=1 state=2 player=(1648, 1032) pos=(1664, 1040) path=0
target scene=76 area=(160, 112) event=1558 script=2109 mode=1 state=2 player=(1648, 1032) pos=(1696, 1024) path=2
target scene=76 area=(160, 112) event=1558 script=887 mode=1 state=2 player=(1680, 1016) pos=(1696, 1024) path=0
target scene=76 area=(160, 112) event=1553 script=1515 mode=2 state=2 player=(1680, 1016) pos=(1584, 1256) path=191
target scene=76 area=(160, 112) event=1553 script=887 mode=2 state=2 player=(1568, 1136) pos=(1584, 1256) path=160
target scene=76 area=(160, 112) event=1554 script=1575 mode=1 state=2 player=(1536, 1280) pos=(336, 1128) path=92
target scene=76 area=(160, 112) event=1554 script=887 mode=1 state=2 player=(352, 1136) pos=(336, 1128) path=0
target scene=76 area=(160, 112) event=1560 script=1869 mode=1 state=2 player=(352, 1136) pos=(544, 496) path=287
target scene=76 area=(160, 112) event=1560 script=887 mode=1 state=2 player=(560, 504) pos=(544, 496) path=0
target scene=76 area=(160, 112) event=1559 script=2271 mode=1 state=2 player=(560, 504) pos=(1760, 624) path=144
target scene=76 area=(160, 112) event=1559 script=887 mode=1 state=2 player=(1744, 616) pos=(1760, 624) path=0
target scene=76 area=(160, 112) event=1503 script=17038 mode=5 state=1 player=(1744, 616) pos=(416, 496) path=142
learned targeted exit AreaKey { scene: 76, anchor: (160, 112) } event=1503 -> AreaKey { scene: 67, anchor: (160, 112) }
learned exit AreaKey { scene: 76, anchor: (160, 112) } event=1503 -> AreaKey { scene: 67, anchor: (160, 112) }
scene 76 -> 67 at frame 4532 position (656, 1592)
target scene=67 area=(160, 112) event=1412 script=17224 mode=1 state=2 player=(816, 1704) pos=(1168, 904) path=99
target scene=67 area=(160, 112) event=1413 script=17224 mode=1 state=2 player=(1152, 912) pos=(1152, 896) path=1
target scene=67 area=(160, 112) event=1414 script=17062 mode=7 state=1 player=(1136, 904) pos=(1344, 1040) path=14
learned targeted exit AreaKey { scene: 67, anchor: (160, 112) } event=1414 -> AreaKey { scene: 77, anchor: (432, 1528) }
learned exit AreaKey { scene: 67, anchor: (160, 112) } event=1414 -> AreaKey { scene: 77, anchor: (432, 1528) }
scene 67 -> 77 at frame 4701 position (1072, 872)
target scene=77 area=(432, 1528) event=1562 script=17046 mode=5 state=1 player=(1232, 984) pos=(1184, 880) path=11
learned targeted exit AreaKey { scene: 77, anchor: (432, 1528) } event=1562 -> AreaKey { scene: 78, anchor: (160, 112) }
learned exit AreaKey { scene: 77, anchor: (432, 1528) } event=1562 -> AreaKey { scene: 78, anchor: (160, 112) }
scene 77 -> 78 at frame 4758 position (256, 944)
target scene=78 area=(160, 112) event=1572 script=17054 mode=5 state=1 player=(416, 1056) pos=(1104, 1320) path=43
learned targeted exit AreaKey { scene: 78, anchor: (160, 112) } event=1572 -> AreaKey { scene: 80, anchor: (160, 112) }
learned exit AreaKey { scene: 78, anchor: (160, 112) } event=1572 -> AreaKey { scene: 80, anchor: (160, 112) }
scene 78 -> 80 at frame 4801 position (128, 336)
target scene=80 area=(160, 112) event=1591 script=2469 mode=1 state=1 player=(288, 448) pos=(384, 464) path=5
target scene=80 area=(160, 112) event=1592 script=2476 mode=1 state=1 player=(368, 456) pos=(1120, 976) path=78
target scene=80 area=(160, 112) event=1582 script=17358 mode=5 state=1 player=(1104, 984) pos=(1728, 1136) path=152
learned targeted exit AreaKey { scene: 80, anchor: (160, 112) } event=1582 -> AreaKey { scene: 83, anchor: (160, 112) }
learned exit AreaKey { scene: 80, anchor: (160, 112) } event=1582 -> AreaKey { scene: 83, anchor: (160, 112) }
scene 80 -> 83 at frame 5036 position (64, 736)
target scene=83 area=(160, 112) event=1648 script=19441 mode=2 state=2 player=(224, 848) pos=(1344, 720) path=217
target scene=83 area=(160, 112) event=1648 script=19455 mode=2 state=2 player=(1392, 744) pos=(1344, 720) path=0
target scene=83 area=(160, 112) event=1647 script=17366 mode=5 state=1 player=(1392, 744) pos=(1760, 720) path=76
learned targeted exit AreaKey { scene: 83, anchor: (160, 112) } event=1647 -> AreaKey { scene: 79, anchor: (160, 112) }
learned exit AreaKey { scene: 83, anchor: (160, 112) } event=1647 -> AreaKey { scene: 79, anchor: (160, 112) }
scene 83 -> 79 at frame 5329 position (256, 1344)
target scene=79 area=(160, 112) event=1578 script=17635 mode=2 state=2 player=(416, 1456) pos=(448, 1216) path=27
target scene=79 area=(160, 112) event=1580 script=19517 mode=2 state=2 player=(496, 1240) pos=(624, 1256) path=5
target scene=79 area=(160, 112) event=1579 script=18553 mode=2 state=1 player=(576, 1232) pos=(656, 1256) path=2
target scene=79 area=(160, 112) event=1577 script=17631 mode=2 state=2 player=(608, 1248) pos=(384, 1184) path=13
target scene=79 area=(160, 112) event=1576 script=17638 mode=5 state=2 player=(432, 1208) pos=(432, 1192) path=0
learned targeted exit AreaKey { scene: 79, anchor: (160, 112) } event=1576 -> AreaKey { scene: 82, anchor: (160, 112) }
learned exit AreaKey { scene: 79, anchor: (160, 112) } event=1576 -> AreaKey { scene: 82, anchor: (160, 112) }
scene 79 -> 82 at frame 5395 position (320, 1056)
target scene=82 area=(160, 112) event=1644 script=17864 mode=2 state=2 player=(480, 1168) pos=(560, 1032) path=14
target scene=82 area=(160, 112) event=1645 script=17872 mode=2 state=2 player=(608, 1056) pos=(608, 1040) path=0
target scene=82 area=(160, 112) event=1645 script=17872 mode=0 state=2 player=(608, 1056) pos=(608, 1040) path=1
target scene=82 area=(160, 112) event=1644 script=17864 mode=0 state=2 player=(624, 1048) pos=(560, 1032) path=3
target scene=82 area=(160, 112) event=1639 script=19523 mode=2 state=1 player=(576, 1040) pos=(656, 984) path=6
directing unreachable manual event=1629 script=19534 mode=2 state=2
target scene=82 area=(160, 112) event=1629 script=19534 mode=2 state=2 player=(672, 1008) pos=(916, 1142) path=0
directing unreachable manual event=1630 script=19534 mode=2 state=2
target scene=82 area=(160, 112) event=1630 script=19534 mode=2 state=2 player=(672, 1008) pos=(920, 1164) path=0
target scene=82 area=(160, 112) event=1632 script=19557 mode=2 state=2 player=(672, 1008) pos=(992, 784) path=25
target scene=82 area=(160, 112) event=1638 script=18558 mode=2 state=1 player=(1040, 808) pos=(1024, 768) path=2
target scene=82 area=(160, 112) event=1633 script=19562 mode=2 state=2 player=(1072, 792) pos=(960, 768) path=4
target scene=82 area=(160, 112) event=1640 script=19528 mode=2 state=1 player=(1008, 792) pos=(1376, 624) path=24
directing unreachable manual event=1631 script=19611 mode=2 state=2
target scene=82 area=(160, 112) event=1631 script=19611 mode=2 state=2 player=(1392, 648) pos=(1348, 446) path=0
directing unreachable manual event=1635 script=19549 mode=2 state=2
target scene=82 area=(160, 112) event=1635 script=19549 mode=2 state=2 player=(1392, 648) pos=(1652, 1222) path=0
target scene=82 area=(160, 112) event=1634 script=19540 mode=2 state=2 player=(1392, 648) pos=(1616, 1256) path=107
directing unreachable manual event=1636 script=19553 mode=2 state=2
target scene=82 area=(160, 112) event=1636 script=19553 mode=2 state=2 player=(1568, 1264) pos=(1468, 1346) path=0
target scene=82 area=(160, 112) event=1622 script=17378 mode=6 state=1 player=(1568, 1264) pos=(1728, 1200) path=7
learned targeted exit AreaKey { scene: 82, anchor: (160, 112) } event=1622 -> AreaKey { scene: 84, anchor: (160, 112) }
learned exit AreaKey { scene: 82, anchor: (160, 112) } event=1622 -> AreaKey { scene: 84, anchor: (160, 112) }
scene 82 -> 84 at frame 5588 position (208, 1176)
target scene=84 area=(160, 112) event=1681 script=19622 mode=2 state=2 player=(368, 1288) pos=(496, 1208) path=7
directing unreachable manual event=1682 script=19615 mode=2 state=2
target scene=84 area=(160, 112) event=1682 script=19615 mode=2 state=2 player=(480, 1232) pos=(516, 1198) path=0
target scene=84 area=(160, 112) event=1680 script=19618 mode=2 state=2 player=(480, 1232) pos=(480, 1168) path=5
target scene=84 area=(160, 112) event=1679 script=19634 mode=2 state=2 player=(528, 1192) pos=(448, 1152) path=2
target scene=84 area=(160, 112) event=1687 script=18576 mode=2 state=1 player=(496, 1176) pos=(480, 1136) path=2
target scene=84 area=(160, 112) event=1678 script=19628 mode=2 state=2 player=(496, 1160) pos=(432, 1144) path=1
target scene=84 area=(160, 112) event=1667 script=18616 mode=2 state=2 player=(480, 1152) pos=(496, 904) path=28
target scene=84 area=(160, 112) event=1668 script=18616 mode=2 state=2 player=(544, 928) pos=(576, 944) path=0
target scene=84 area=(160, 112) event=1688 script=18570 mode=2 state=1 player=(544, 928) pos=(240, 1000) path=16
target scene=84 area=(160, 112) event=1665 script=19643 mode=2 state=2 player=(288, 1024) pos=(896, 1264) path=39
directing unreachable manual event=1664 script=19639 mode=2 state=2
target scene=84 area=(160, 112) event=1664 script=19639 mode=2 state=2 player=(848, 1240) pos=(1028, 1346) path=0
target scene=84 area=(160, 112) event=1666 script=19648 mode=2 state=2 player=(848, 1240) pos=(1072, 1352) path=13
target scene=84 area=(160, 112) event=1689 script=18564 mode=2 state=1 player=(1056, 1328) pos=(1472, 1488) path=37
target scene=84 area=(160, 112) event=1659 script=19681 mode=2 state=2 player=(1424, 1480) pos=(1392, 952) path=121
target scene=84 area=(160, 112) event=1660 script=19684 mode=2 state=2 player=(1344, 928) pos=(1376, 960) path=1
target scene=84 area=(160, 112) event=1662 script=19687 mode=2 state=2 player=(1360, 936) pos=(1616, 1000) path=13
directing unreachable manual event=1661 script=19687 mode=2 state=2
target scene=84 area=(160, 112) event=1661 script=19687 mode=2 state=2 player=(1376, 944) pos=(1688, 1004) path=0
target scene=84 area=(160, 112) event=1663 script=19687 mode=2 state=2 player=(1376, 944) pos=(1696, 1040) path=17
target scene=84 area=(160, 112) event=1677 script=19678 mode=2 state=2 player=(1376, 944) pos=(1312, 656) path=33
target scene=84 area=(160, 112) event=1675 script=19669 mode=2 state=2 player=(1328, 680) pos=(1296, 648) path=1
target scene=84 area=(160, 112) event=1676 script=19674 mode=2 state=2 player=(1312, 672) pos=(1280, 640) path=1
target scene=84 area=(160, 112) event=1655 script=17351 mode=5 state=1 player=(1296, 664) pos=(1568, 704) path=20
learned targeted exit AreaKey { scene: 84, anchor: (160, 112) } event=1655 -> AreaKey { scene: 86, anchor: (160, 336) }
learned exit AreaKey { scene: 84, anchor: (160, 112) } event=1655 -> AreaKey { scene: 86, anchor: (160, 336) }
scene 84 -> 86 at frame 5953 position (1360, 536)
target scene=86 area=(160, 336) event=1700 script=17583 mode=5 state=1 player=(1520, 648) pos=(320, 240) path=103
learned targeted exit AreaKey { scene: 86, anchor: (160, 336) } event=1700 -> AreaKey { scene: 98, anchor: (160, 112) }
learned exit AreaKey { scene: 86, anchor: (160, 336) } event=1700 -> AreaKey { scene: 98, anchor: (160, 112) }
scene 86 -> 98 at frame 6056 position (384, 928)
target scene=98 area=(160, 112) event=1868 script=17575 mode=5 state=1 player=(544, 1040) pos=(384, 1120) path=9
learned targeted exit AreaKey { scene: 98, anchor: (160, 112) } event=1868 -> AreaKey { scene: 85, anchor: (160, 496) }
learned exit AreaKey { scene: 98, anchor: (160, 112) } event=1868 -> AreaKey { scene: 85, anchor: (160, 496) }
scene 98 -> 85 at frame 6065 position (1632, 208)
target scene=85 area=(160, 496) event=1694 script=17531 mode=5 state=1 player=(1792, 320) pos=(880, 376) path=77
learned exit AreaKey { scene: 85, anchor: (160, 496) } event=1697 -> AreaKey { scene: 98, anchor: (160, 112) }
scene 85 -> 98 at frame 6067 position (272, 984)
target scene=98 area=(160, 112) event=1864 script=17539 mode=5 state=1 player=(432, 1096) pos=(400, 472) path=76
learned exit AreaKey { scene: 98, anchor: (160, 112) } event=1869 -> AreaKey { scene: 86, anchor: (160, 336) }
scene 98 -> 86 at frame 6076 position (192, 112)
target scene=86 area=(160, 336) event=1701 script=17348 mode=5 state=1 player=(352, 224) pos=(1568, 656) path=102
learned targeted exit AreaKey { scene: 86, anchor: (160, 336) } event=1701 -> AreaKey { scene: 84, anchor: (160, 112) }
learned exit AreaKey { scene: 86, anchor: (160, 336) } event=1701 -> AreaKey { scene: 84, anchor: (160, 112) }
scene 86 -> 84 at frame 6186 position (1472, 592)
target scene=84 area=(160, 112) event=1653 script=17429 mode=5 state=1 player=(1632, 704) pos=(1744, 984) path=69
forcing unreached touch target scene=84 event=1653 script=17429 player=(1376, 944) pos=(1744, 984)
running forced event=1653 script=17429 destination=Some(88)
scene 84 -> 88 at frame 6260 position (304, 1704)
target scene=88 area=(160, 112) event=1723 script=17603 mode=5 state=1 player=(464, 1816) pos=(416, 1584) path=38
learned targeted exit AreaKey { scene: 88, anchor: (160, 112) } event=1723 -> AreaKey { scene: 91, anchor: (160, 112) }
learned exit AreaKey { scene: 88, anchor: (160, 112) } event=1723 -> AreaKey { scene: 91, anchor: (160, 112) }
scene 88 -> 91 at frame 6302 position (896, 1152)
target scene=91 area=(160, 112) event=1762 script=19835 mode=2 state=1 player=(1056, 1264) pos=(1072, 1480) path=60
learned exit AreaKey { scene: 91, anchor: (160, 112) } event=1741 -> AreaKey { scene: 88, anchor: (160, 112) }
scene 91 -> 88 at frame 6307 position (288, 1456)
target scene=88 area=(160, 112) event=1722 script=17499 mode=5 state=1 player=(448, 1568) pos=(416, 1840) path=38
learned targeted exit AreaKey { scene: 88, anchor: (160, 112) } event=1722 -> AreaKey { scene: 84, anchor: (160, 112) }
learned exit AreaKey { scene: 88, anchor: (160, 112) } event=1722 -> AreaKey { scene: 84, anchor: (160, 112) }
scene 88 -> 84 at frame 6345 position (1504, 912)
target scene=84 area=(160, 112) event=1658 script=19868 mode=5 state=1 player=(1664, 1024) pos=(1824, 384) path=86
forcing unreached touch target scene=84 event=1658 script=19868 player=(1520, 904) pos=(1824, 384)
running forced event=1658 script=19868 destination=Some(105)
scene 84 -> 105 at frame 6436 position (64, 960)
target scene=105 area=(160, 368) event=2042 script=19872 mode=6 state=1 player=(224, 1072) pos=(192, 400) path=91
learned targeted exit AreaKey { scene: 105, anchor: (160, 368) } event=2042 -> AreaKey { scene: 113, anchor: (304, 1784) }
learned exit AreaKey { scene: 105, anchor: (160, 368) } event=2042 -> AreaKey { scene: 113, anchor: (304, 1784) }
scene 105 -> 113 at frame 6527 position (320, 1744)
target scene=113 area=(304, 1784) event=2192 script=40721 mode=5 state=2 player=(480, 1856) pos=(592, 1944) path=9
learned exit AreaKey { scene: 113, anchor: (304, 1784) } event=2187 -> AreaKey { scene: 105, anchor: (160, 368) }
scene 113 -> 105 at frame 6530 position (96, 320)
target scene=105 area=(160, 368) event=2040 script=19888 mode=6 state=1 player=(256, 432) pos=(1840, 680) path=96
learned targeted exit AreaKey { scene: 105, anchor: (160, 368) } event=2040 -> AreaKey { scene: 102, anchor: (160, 112) }
learned exit AreaKey { scene: 105, anchor: (160, 368) } event=2040 -> AreaKey { scene: 102, anchor: (160, 112) }
scene 105 -> 102 at frame 6626 position (416, 1264)
target scene=102 area=(160, 112) event=1958 script=25591 mode=2 state=2 player=(576, 1376) pos=(1120, 1344) path=31
target scene=102 area=(160, 112) event=1962 script=25682 mode=2 state=2 player=(1072, 1352) pos=(1408, 1168) path=120
target scene=102 area=(160, 112) event=1962 script=25688 mode=2 state=2 player=(1456, 1192) pos=(1408, 1168) path=0
target scene=102 area=(160, 112) event=1961 script=25672 mode=2 state=2 player=(1456, 1192) pos=(1536, 1136) path=6
target scene=102 area=(160, 112) event=1964 script=2373 mode=1 state=2 player=(1552, 1160) pos=(1760, 624) path=108
target scene=102 area=(160, 112) event=1964 script=887 mode=1 state=2 player=(1744, 616) pos=(1760, 624) path=0
target scene=102 area=(160, 112) event=1965 script=2469 mode=1 state=1 player=(1744, 616) pos=(1024, 672) path=44
target scene=102 area=(160, 112) event=1963 script=2469 mode=1 state=1 player=(1040, 680) pos=(1824, 1744) path=186
target scene=102 area=(160, 112) event=1956 script=19896 mode=6 state=1 player=(1808, 1752) pos=(496, 1016) path=241
learned targeted exit AreaKey { scene: 102, anchor: (160, 112) } event=1956 -> AreaKey { scene: 101, anchor: (176, 984) }
learned exit AreaKey { scene: 102, anchor: (160, 112) } event=1956 -> AreaKey { scene: 101, anchor: (176, 984) }
scene 102 -> 101 at frame 7390 position (1632, 1632)
target scene=101 area=(176, 984) event=1945 script=2490 mode=1 state=2 player=(1792, 1744) pos=(1680, 1528) path=76
target scene=101 area=(176, 984) event=1948 script=2331 mode=1 state=2 player=(1440, 1408) pos=(1376, 1536) path=161
target scene=101 area=(176, 984) event=1948 script=887 mode=1 state=2 player=(1312, 1536) pos=(1376, 1536) path=3
target scene=101 area=(176, 984) event=1949 script=2504 mode=1 state=2 player=(1360, 1528) pos=(1264, 1576) path=5
target scene=101 area=(176, 984) event=1920 script=20189 mode=1 state=2 player=(1280, 1568) pos=(928, 1552) path=49
target scene=101 area=(176, 984) event=1920 script=20213 mode=1 state=2 player=(912, 1544) pos=(928, 1552) path=0
target scene=101 area=(176, 984) event=1950 script=2205 mode=1 state=2 player=(912, 1544) pos=(624, 1432) path=31
target scene=101 area=(176, 984) event=1950 script=887 mode=1 state=2 player=(640, 1440) pos=(624, 1432) path=0
target scene=101 area=(176, 984) event=1951 script=2483 mode=1 state=2 player=(640, 1440) pos=(384, 1360) path=15
target scene=101 area=(176, 984) event=1954 script=2043 mode=1 state=2 player=(400, 1368) pos=(736, 1056) path=96
target scene=101 area=(176, 984) event=1954 script=887 mode=1 state=2 player=(816, 1080) pos=(736, 1056) path=4
target scene=101 area=(176, 984) event=1947 script=2497 mode=1 state=2 player=(752, 1064) pos=(1392, 1096) path=263
target scene=101 area=(176, 984) event=1946 script=2031 mode=1 state=2 player=(1408, 1104) pos=(1808, 1416) path=48
target scene=101 area=(176, 984) event=1946 script=887 mode=1 state=2 player=(1792, 1408) pos=(1808, 1416) path=0
target scene=101 area=(176, 984) event=1952 script=2511 mode=1 state=2 player=(1792, 1408) pos=(656, 408) path=334
target scene=101 area=(176, 984) event=1953 script=2265 mode=1 state=2 player=(672, 416) pos=(560, 376) path=6
target scene=101 area=(176, 984) event=1953 script=887 mode=1 state=2 player=(576, 384) pos=(560, 376) path=0
target scene=101 area=(176, 984) event=1944 script=2483 mode=1 state=2 player=(576, 384) pos=(384, 464) path=17
target scene=101 area=(176, 984) event=1919 script=25801 mode=5 state=1 player=(400, 472) pos=(928, 864) path=87
learned targeted exit AreaKey { scene: 101, anchor: (176, 984) } event=1919 -> AreaKey { scene: 103, anchor: (256, 1168) }
learned exit AreaKey { scene: 101, anchor: (176, 984) } event=1919 -> AreaKey { scene: 103, anchor: (256, 1168) }
scene 101 -> 103 at frame 8625 position (384, 1696)
target scene=103 area=(256, 1168) event=1995 script=2367 mode=1 state=2 player=(544, 1808) pos=(720, 1336) path=74
target scene=103 area=(256, 1168) event=1995 script=887 mode=1 state=2 player=(736, 1344) pos=(720, 1336) path=0
target scene=103 area=(256, 1168) event=1996 script=1959 mode=1 state=2 player=(736, 1344) pos=(832, 1392) path=5
target scene=103 area=(256, 1168) event=1996 script=887 mode=1 state=2 player=(816, 1384) pos=(832, 1392) path=0
target scene=103 area=(256, 1168) event=1997 script=2049 mode=1 state=2 player=(816, 1384) pos=(896, 1312) path=8
target scene=103 area=(256, 1168) event=1997 script=887 mode=1 state=2 player=(912, 1320) pos=(896, 1312) path=0
target scene=103 area=(256, 1168) event=1994 script=2049 mode=1 state=2 player=(912, 1320) pos=(880, 1256) path=7
target scene=103 area=(256, 1168) event=1994 script=887 mode=1 state=2 player=(896, 1264) pos=(880, 1256) path=0
target scene=103 area=(256, 1168) event=1999 script=2337 mode=1 state=2 player=(896, 1264) pos=(416, 1216) path=51
target scene=103 area=(256, 1168) event=1999 script=887 mode=1 state=2 player=(432, 1208) pos=(416, 1216) path=0
target scene=103 area=(256, 1168) event=1998 script=2457 mode=1 state=2 player=(432, 1208) pos=(368, 1192) path=3
target scene=103 area=(256, 1168) event=1998 script=887 mode=1 state=2 player=(384, 1200) pos=(368, 1192) path=0
target scene=103 area=(256, 1168) event=2000 script=2361 mode=1 state=2 player=(384, 1200) pos=(1168, 1080) path=48
target scene=103 area=(256, 1168) event=2000 script=887 mode=1 state=2 player=(1152, 1072) pos=(1168, 1080) path=0
target scene=103 area=(256, 1168) event=1981 script=25809 mode=5 state=1 player=(1152, 1072) pos=(688, 824) path=33
forcing unreached touch target scene=103 event=1981 script=25809 player=(928, 912) pos=(688, 824)
running forced event=1981 script=25809 destination=Some(104)
scene 103 -> 104 at frame 8859 position (1184, 1648)
target scene=104 area=(192, 1488) event=2032 script=2325 mode=1 state=2 player=(1344, 1760) pos=(816, 1640) path=88
target scene=104 area=(192, 1488) event=2032 script=887 mode=1 state=2 player=(800, 1632) pos=(816, 1640) path=0
target scene=104 area=(192, 1488) event=2031 script=2241 mode=1 state=2 player=(800, 1632) pos=(880, 1464) path=60
target scene=104 area=(192, 1488) event=2031 script=887 mode=1 state=2 player=(896, 1472) pos=(880, 1464) path=0
target scene=104 area=(192, 1488) event=2038 script=2205 mode=1 state=2 player=(896, 1472) pos=(832, 992) path=79
target scene=104 area=(192, 1488) event=2038 script=887 mode=1 state=2 player=(816, 1000) pos=(832, 992) path=0
target scene=104 area=(192, 1488) event=2039 script=2019 mode=1 state=2 player=(816, 1000) pos=(880, 792) path=133
target scene=104 area=(192, 1488) event=2039 script=887 mode=1 state=2 player=(896, 784) pos=(880, 792) path=0
target scene=104 area=(192, 1488) event=2034 script=2337 mode=1 state=2 player=(896, 784) pos=(1328, 680) path=32
target scene=104 area=(192, 1488) event=2034 script=887 mode=1 state=2 player=(1312, 672) pos=(1328, 680) path=0
target scene=104 area=(192, 1488) event=2037 script=2049 mode=1 state=2 player=(1312, 672) pos=(1440, 432) path=109
target scene=104 area=(192, 1488) event=2037 script=887 mode=1 state=2 player=(1456, 440) pos=(1440, 432) path=0
target scene=104 area=(192, 1488) event=2036 script=2331 mode=1 state=2 player=(1456, 440) pos=(592, 568) path=169
target scene=104 area=(192, 1488) event=2036 script=887 mode=1 state=2 player=(608, 576) pos=(592, 568) path=0
target scene=104 area=(192, 1488) event=2035 script=2343 mode=1 state=2 player=(608, 576) pos=(320, 720) path=17
target scene=104 area=(192, 1488) event=2035 script=887 mode=1 state=2 player=(336, 712) pos=(320, 720) path=0
target scene=104 area=(192, 1488) event=2033 script=2331 mode=1 state=2 player=(336, 712) pos=(1632, 1296) path=164
target scene=104 area=(192, 1488) event=2033 script=887 mode=1 state=2 player=(1616, 1288) pos=(1632, 1296) path=0
target scene=104 area=(192, 1488) event=2003 script=25573 mode=5 state=1 player=(1616, 1288) pos=(256, 416) path=228
learned targeted exit AreaKey { scene: 104, anchor: (192, 1488) } event=2003 -> AreaKey { scene: 106, anchor: (160, 864) }
learned exit AreaKey { scene: 104, anchor: (192, 1488) } event=2003 -> AreaKey { scene: 106, anchor: (160, 864) }
scene 104 -> 106 at frame 9938 position (1520, 408)
target scene=106 area=(160, 864) event=2046 script=20794 mode=5 state=1 player=(1680, 520) pos=(864, 1040) path=79
learned targeted exit AreaKey { scene: 106, anchor: (160, 864) } event=2046 -> AreaKey { scene: 110, anchor: (608, 720) }
learned exit AreaKey { scene: 106, anchor: (160, 864) } event=2046 -> AreaKey { scene: 110, anchor: (608, 720) }
scene 106 -> 110 at frame 10017 position (816, 600)
target scene=110 area=(608, 720) event=2137 script=21198 mode=7 state=2 player=(976, 712) pos=(928, 688) path=0
learned targeted exit AreaKey { scene: 110, anchor: (608, 720) } event=2137 -> AreaKey { scene: 106, anchor: (160, 112) }
learned exit AreaKey { scene: 110, anchor: (608, 720) } event=2137 -> AreaKey { scene: 106, anchor: (160, 112) }
scene 110 -> 106 at frame 10138 position (624, 552)
scene 106 -> 110 at frame 10212 position (768, 992)
target scene=110 area=(160, 112) event=2131 script=20790 mode=5 state=1 player=(928, 1104) pos=(1024, 736) path=44
area teleport in scene 110 at frame 10225: (928, 1104) -> (832, 656)
continuing target event=2131 across area (832, 640) path=10
learned targeted exit AreaKey { scene: 110, anchor: (832, 640) } event=2131 -> AreaKey { scene: 109, anchor: (160, 864) }
learned exit AreaKey { scene: 110, anchor: (832, 640) } event=2131 -> AreaKey { scene: 109, anchor: (160, 864) }
scene 110 -> 109 at frame 10235 position (752, 952)
target scene=109 area=(160, 864) event=2126 script=21423 mode=1 state=2 player=(912, 1064) pos=(912, 1048) path=1
target scene=109 area=(160, 864) event=2129 script=21423 mode=1 state=2 player=(928, 1056) pos=(1008, 1048) path=4
target scene=109 area=(160, 864) event=2128 script=21423 mode=1 state=2 player=(992, 1040) pos=(1040, 1080) path=4
target scene=109 area=(160, 864) event=2127 script=21423 mode=1 state=2 player=(1024, 1072) pos=(1008, 1112) path=4
target scene=109 area=(160, 864) event=2125 script=21423 mode=1 state=2 player=(1024, 1104) pos=(848, 1096) path=10
target scene=109 area=(160, 864) event=2115 script=21426 mode=1 state=2 player=(864, 1104) pos=(848, 1160) path=6
target scene=109 area=(160, 864) event=2118 script=21423 mode=1 state=2 player=(880, 1144) pos=(912, 1160) path=1
target scene=109 area=(160, 864) event=2124 script=21423 mode=1 state=2 player=(896, 1152) pos=(864, 1216) path=7
target scene=109 area=(160, 864) event=2119 script=21423 mode=1 state=2 player=(880, 1208) pos=(704, 1200) path=10
target scene=109 area=(160, 864) event=2120 script=21423 mode=1 state=2 player=(720, 1208) pos=(656, 1160) path=5
target scene=109 area=(160, 864) event=2117 script=21423 mode=1 state=2 player=(672, 1168) pos=(768, 1120) path=5
target scene=109 area=(160, 864) event=2123 script=21423 mode=1 state=2 player=(752, 1128) pos=(720, 1080) path=5
directing unreachable manual event=2121 script=21423 mode=1 state=2
target scene=109 area=(160, 864) event=2121 script=21423 mode=1 state=2 player=(736, 1088) pos=(816, 1000) path=0
directing unreachable manual event=2122 script=21423 mode=1 state=2
target scene=109 area=(160, 864) event=2122 script=21423 mode=1 state=2 player=(736, 1088) pos=(896, 960) path=0
checkpoint iterations=10000 scene=109 position=(736, 1088)
target scene=109 area=(160, 864) event=2111 script=25561 mode=5 state=1 player=(736, 1088) pos=(320, 1008) path=30
learned targeted exit AreaKey { scene: 109, anchor: (160, 864) } event=2111 -> AreaKey { scene: 107, anchor: (160, 112) }
learned exit AreaKey { scene: 109, anchor: (160, 864) } event=2111 -> AreaKey { scene: 107, anchor: (160, 112) }
scene 109 -> 107 at frame 10327 position (1584, 1640)
target scene=107 area=(160, 112) event=2070 script=20216 mode=2 state=2 player=(1744, 1752) pos=(1232, 1416) path=39
target scene=107 area=(160, 112) event=2067 script=19908 mode=5 state=1 player=(1280, 1440) pos=(992, 816) path=121
marked destination touch VisitKey { scene: 107, area: (832, 896), event_id: 2068, trigger_script: 799, trigger_mode: 5, state: 1 }
learned exit AreaKey { scene: 107, anchor: (160, 112) } event=2068 -> AreaKey { scene: 107, anchor: (832, 896) }
area teleport in scene 107 at frame 10474: (768, 976) -> (832, 912)
continuing target event=2067 across area (832, 896) path=11
learned targeted exit AreaKey { scene: 107, anchor: (832, 896) } event=2067 -> AreaKey { scene: 112, anchor: (160, 112) }
learned exit AreaKey { scene: 107, anchor: (832, 896) } event=2067 -> AreaKey { scene: 112, anchor: (160, 112) }
scene 107 -> 112 at frame 10485 position (1056, 1616)
target scene=112 area=(160, 112) event=2166 script=25334 mode=2 state=1 player=(1216, 1728) pos=(1568, 1680) path=19
marked destination touch VisitKey { scene: 112, area: (1344, 1728), event_id: 2165, trigger_script: 823, trigger_mode: 5, state: 1 }
learned exit AreaKey { scene: 112, anchor: (160, 112) } event=2165 -> AreaKey { scene: 112, anchor: (1344, 1728) }
area teleport in scene 112 at frame 10494: (1248, 1712) -> (1360, 1752)
continuing target event=2166 across area (1344, 1728) path=10
target scene=112 area=(1344, 1728) event=2167 script=25334 mode=2 state=1 player=(1520, 1672) pos=(1536, 1648) path=0
target scene=112 area=(1344, 1728) event=2169 script=25330 mode=2 state=2 player=(1520, 1672) pos=(1728, 1664) path=10
target scene=112 area=(1344, 1728) event=2168 script=25341 mode=2 state=1 player=(1680, 1640) pos=(1648, 1608) path=1
target scene=112 area=(1344, 1728) event=2170 script=25345 mode=3 state=2 player=(1696, 1632) pos=(1392, 1576) path=21
target scene=112 area=(1344, 1728) event=2182 script=25352 mode=2 state=2 player=(1360, 1608) pos=(976, 1512) path=21
target scene=112 area=(1344, 1728) event=2181 script=25349 mode=2 state=1 player=(1024, 1488) pos=(992, 1472) path=0
target scene=112 area=(1344, 1728) event=2178 script=25407 mode=2 state=1 player=(1024, 1488) pos=(960, 1456) path=1
target scene=112 area=(1344, 1728) event=2180 script=25403 mode=2 state=1 player=(1008, 1480) pos=(912, 1480) path=3
target scene=112 area=(1344, 1728) event=2179 script=25387 mode=2 state=1 player=(960, 1488) pos=(896, 1488) path=1
target scene=112 area=(1344, 1728) event=2183 script=25370 mode=2 state=2 player=(944, 1496) pos=(880, 1496) path=1
target scene=112 area=(1344, 1728) event=2175 script=25383 mode=2 state=1 player=(928, 1504) pos=(864, 1472) path=1
target scene=112 area=(1344, 1728) event=2184 script=25374 mode=2 state=2 player=(912, 1496) pos=(832, 1488) path=2
target scene=112 area=(1344, 1728) event=2171 script=25395 mode=2 state=1 player=(880, 1512) pos=(816, 1464) path=3
target scene=112 area=(1344, 1728) event=2172 script=25413 mode=2 state=1 player=(864, 1488) pos=(832, 1456) path=1
target scene=112 area=(1344, 1728) event=2173 script=25380 mode=2 state=1 player=(880, 1480) pos=(864, 1440) path=2
target scene=112 area=(1344, 1728) event=2176 script=25410 mode=2 state=1 player=(912, 1464) pos=(928, 1440) path=0
target scene=112 area=(1344, 1728) event=2174 script=25391 mode=2 state=1 player=(912, 1464) pos=(912, 1416) path=3
target scene=112 area=(1344, 1728) event=2177 script=25400 mode=2 state=1 player=(960, 1440) pos=(944, 1432) path=0
target scene=112 area=(1344, 1728) event=2186 script=25984 mode=3 state=1 player=(960, 1440) pos=(784, 1400) path=8
target scene=112 area=(1344, 1728) event=2186 script=25999 mode=3 state=1 player=(864, 1424) pos=(784, 1400) path=0
target scene=112 area=(1344, 1728) event=2186 script=26022 mode=3 state=1 player=(864, 1424) pos=(784, 1400) path=0
target scene=112 area=(1344, 1728) event=2186 script=26050 mode=3 state=1 player=(864, 1424) pos=(784, 1400) path=0
target scene=112 area=(1344, 1728) event=2162 script=20106 mode=5 state=1 player=(864, 1424) pos=(352, 1344) path=30
learned targeted exit AreaKey { scene: 112, anchor: (1344, 1728) } event=2162 -> AreaKey { scene: 111, anchor: (160, 112) }
learned exit AreaKey { scene: 112, anchor: (1344, 1728) } event=2162 -> AreaKey { scene: 111, anchor: (160, 112) }
scene 112 -> 111 at frame 10613 position (224, 1232)
target scene=111 area=(160, 112) event=2156 script=25423 mode=2 state=2 player=(384, 1344) pos=(848, 936) path=48
target scene=111 area=(160, 112) event=2157 script=25427 mode=2 state=2 player=(896, 960) pos=(880, 952) path=0
target scene=111 area=(160, 112) event=2154 script=25417 mode=2 state=2 player=(896, 960) pos=(896, 912) path=3
target scene=111 area=(160, 112) event=2155 script=25420 mode=2 state=2 player=(944, 936) pos=(928, 928) path=0
target scene=111 area=(160, 112) event=2158 script=25429 mode=2 state=2 player=(944, 936) pos=(864, 912) path=2
target scene=111 area=(160, 112) event=2159 script=25433 mode=2 state=2 player=(912, 936) pos=(848, 920) path=1
target scene=111 area=(160, 112) event=2153 script=25417 mode=2 state=2 player=(896, 944) pos=(864, 896) path=3
target scene=111 area=(160, 112) event=2147 script=19918 mode=2 state=2 player=(912, 920) pos=(1296, 936) path=23
scene 111 -> 100 at frame 10743 position (1088, 784)
target scene=100 area=(192, 784) event=1917 script=25589 mode=2 state=1 player=(1248, 896) pos=(1184, 688) path=93
area teleport in scene 100 at frame 10783: (1248, 896) -> (416, 336)
continuing target event=1917 across area (384, 320) path=47
target scene=100 area=(384, 320) event=1906 script=24533 mode=2 state=2 player=(1136, 680) pos=(912, 584) path=11
target scene=100 area=(384, 320) event=1906 script=24543 mode=2 state=2 player=(960, 608) pos=(912, 584) path=0
target scene=100 area=(384, 320) event=1905 script=24509 mode=2 state=2 player=(960, 608) pos=(880, 568) path=2
target scene=100 area=(384, 320) event=1905 script=24525 mode=2 state=2 player=(928, 592) pos=(880, 568) path=0
directing unreachable manual event=1907 script=24696 mode=2 state=2
target scene=100 area=(384, 320) event=1907 script=24696 mode=2 state=2 player=(928, 592) pos=(390, 499) path=0
directing unreachable manual event=1907 script=24704 mode=2 state=2
target scene=100 area=(384, 320) event=1907 script=24704 mode=2 state=2 player=(928, 592) pos=(390, 499) path=0
directing unreachable manual event=1907 script=24713 mode=2 state=2
target scene=100 area=(384, 320) event=1907 script=24713 mode=2 state=2 player=(928, 592) pos=(390, 499) path=0
directing unreachable manual event=1907 script=24718 mode=2 state=2
target scene=100 area=(384, 320) event=1907 script=24718 mode=2 state=2 player=(928, 592) pos=(390, 499) path=0
target scene=100 area=(384, 320) event=1902 script=24436 mode=2 state=2 player=(928, 592) pos=(944, 1000) path=56
target scene=100 area=(384, 320) event=1903 script=24436 mode=2 state=2 player=(896, 992) pos=(912, 1000) path=0
target scene=100 area=(384, 320) event=1904 script=24439 mode=2 state=2 player=(896, 992) pos=(992, 1040) path=5
target scene=100 area=(384, 320) event=1916 script=25587 mode=2 state=1 player=(944, 1016) pos=(352, 1008) path=260
target scene=100 area=(384, 320) event=1889 script=24209 mode=2 state=2 player=(400, 1032) pos=(320, 352) path=234
target scene=100 area=(384, 320) event=1891 script=24213 mode=2 state=2 player=(368, 376) pos=(352, 336) path=2
target scene=100 area=(384, 320) event=1891 script=24227 mode=2 state=2 player=(400, 360) pos=(352, 336) path=0
target scene=100 area=(384, 320) event=1888 script=24206 mode=2 state=2 player=(400, 360) pos=(384, 304) path=4
target scene=100 area=(384, 320) event=1887 script=24203 mode=2 state=2 player=(432, 328) pos=(432, 280) path=3
target scene=100 area=(384, 320) event=1887 script=24206 mode=2 state=2 player=(480, 304) pos=(432, 280) path=0
target scene=100 area=(384, 320) event=1892 script=24231 mode=2 state=2 player=(480, 304) pos=(496, 264) path=2
target scene=100 area=(384, 320) event=1893 script=24241 mode=2 state=2 player=(512, 288) pos=(528, 248) path=2
target scene=100 area=(384, 320) event=1893 script=24259 mode=2 state=2 player=(544, 272) pos=(528, 248) path=0
target scene=100 area=(384, 320) event=1915 script=25585 mode=2 state=1 player=(544, 272) pos=(1584, 1368) path=134
target scene=100 area=(384, 320) event=1908 script=24721 mode=2 state=2 player=(1632, 1344) pos=(1760, 1360) path=5
target scene=100 area=(384, 320) event=1908 script=24738 mode=2 state=2 player=(1712, 1336) pos=(1760, 1360) path=0
target scene=100 area=(384, 320) event=1909 script=24744 mode=2 state=2 player=(1712, 1336) pos=(1792, 1376) path=2
target scene=100 area=(384, 320) event=1894 script=20152 mode=5 state=1 player=(1744, 1352) pos=(1248, 1424) path=37
learned targeted exit AreaKey { scene: 100, anchor: (384, 320) } event=1894 -> AreaKey { scene: 129, anchor: (416, 448) }
learned exit AreaKey { scene: 100, anchor: (384, 320) } event=1894 -> AreaKey { scene: 129, anchor: (416, 448) }
scene 100 -> 129 at frame 11593 position (800, 608)
target scene=129 area=(416, 448) event=2335 script=24602 mode=2 state=2 player=(960, 720) pos=(944, 664) path=4
target scene=129 area=(416, 448) event=2334 script=24595 mode=2 state=2 player=(992, 688) pos=(976, 648) path=2
target scene=129 area=(416, 448) event=2331 script=20716 mode=3 state=2 player=(1024, 672) pos=(1088, 656) path=0
target scene=129 area=(416, 448) event=2334 script=24598 mode=2 state=2 player=(1024, 672) pos=(976, 648) path=0
target scene=129 area=(416, 448) event=2335 script=24625 mode=2 state=2 player=(1024, 672) pos=(944, 664) path=2
target scene=129 area=(416, 448) event=2330 script=25555 mode=3 state=1 player=(992, 688) pos=(896, 560) path=23
target scene=129 area=(416, 448) event=2333 script=20734 mode=2 state=2 player=(976, 584) pos=(1008, 648) path=15
target scene=129 area=(416, 448) event=2328 script=25545 mode=3 state=1 player=(1008, 648) pos=(832, 528) path=22
target scene=129 area=(416, 448) event=2327 script=25555 mode=3 state=1 player=(912, 504) pos=(800, 512) path=2
directing unreachable manual event=2329 script=25541 mode=3 state=1
target scene=129 area=(416, 448) event=2329 script=25541 mode=3 state=1 player=(880, 488) pos=(784, 552) path=0
target scene=129 area=(416, 448) event=2323 script=25536 mode=3 state=1 player=(880, 488) pos=(640, 464) path=10
target scene=129 area=(416, 448) event=2326 script=25549 mode=3 state=1 player=(720, 488) pos=(672, 416) path=4
target scene=129 area=(416, 448) event=2325 script=25545 mode=3 state=1 player=(720, 456) pos=(608, 432) path=6
target scene=129 area=(416, 448) event=2324 script=25541 mode=3 state=1 player=(688, 408) pos=(560, 408) path=3
target scene=129 area=(416, 448) event=2322 script=20148 mode=5 state=1 player=(640, 384) pos=(912, 744) path=49
forcing unreached touch target scene=129 event=2322 script=20148 player=(1008, 648) pos=(912, 744)
running forced event=2322 script=20148 destination=Some(100)
learned exit AreaKey { scene: 129, anchor: (416, 448) } event=2332 -> AreaKey { scene: 100, anchor: (192, 784) }
scene 129 -> 100 at frame 11741 position (1040, 1336)
target scene=100 area=(192, 784) event=1898 script=20312 mode=5 state=1 player=(1200, 1448) pos=(1264, 1192) path=54
learned targeted exit AreaKey { scene: 100, anchor: (192, 784) } event=1898 -> AreaKey { scene: 136, anchor: (160, 112) }
learned exit AreaKey { scene: 100, anchor: (192, 784) } event=1898 -> AreaKey { scene: 136, anchor: (160, 112) }
scene 100 -> 136 at frame 11795 position (544, 512)
target scene=136 area=(160, 112) event=2405 script=20775 mode=2 state=2 player=(704, 624) pos=(704, 576) path=3
target scene=136 area=(160, 112) event=2404 script=20770 mode=2 state=2 player=(752, 600) pos=(720, 552) path=5
target scene=136 area=(160, 112) event=2406 script=20778 mode=2 state=2 player=(672, 576) pos=(512, 528) path=7
target scene=136 area=(160, 112) event=2406 script=20781 mode=2 state=2 player=(560, 552) pos=(512, 528) path=0
target scene=136 area=(160, 112) event=2403 script=20316 mode=5 state=1 player=(560, 552) pos=(752, 648) path=11
learned targeted exit AreaKey { scene: 136, anchor: (160, 112) } event=2403 -> AreaKey { scene: 100, anchor: (192, 784) }
learned exit AreaKey { scene: 136, anchor: (160, 112) } event=2403 -> AreaKey { scene: 100, anchor: (192, 784) }
scene 136 -> 100 at frame 11822 position (1152, 1104)
target scene=100 area=(192, 784) event=1895 script=20168 mode=5 state=1 player=(1312, 1216) pos=(1008, 1000) path=135
learned targeted exit AreaKey { scene: 100, anchor: (192, 784) } event=1895 -> AreaKey { scene: 130, anchor: (160, 112) }
learned exit AreaKey { scene: 100, anchor: (192, 784) } event=1895 -> AreaKey { scene: 130, anchor: (160, 112) }
scene 100 -> 130 at frame 11957 position (576, 992)
target scene=130 area=(160, 112) event=2343 script=25437 mode=2 state=2 player=(736, 1104) pos=(832, 1104) path=3
target scene=130 area=(160, 112) event=2350 script=25456 mode=2 state=2 player=(784, 1080) pos=(864, 1056) path=2
target scene=130 area=(160, 112) event=2342 script=25460 mode=2 state=2 player=(816, 1064) pos=(880, 1048) path=1
target scene=130 area=(160, 112) event=2341 script=25464 mode=2 state=2 player=(832, 1056) pos=(896, 1040) path=1
target scene=130 area=(160, 112) event=2340 script=25468 mode=2 state=2 player=(848, 1064) pos=(896, 1024) path=4
target scene=130 area=(160, 112) event=2339 script=25476 mode=2 state=2 player=(848, 1032) pos=(944, 1016) path=3
target scene=130 area=(160, 112) event=2338 script=25476 mode=2 state=2 player=(896, 1008) pos=(960, 1008) path=1
target scene=130 area=(160, 112) event=2345 script=25501 mode=2 state=2 player=(912, 1000) pos=(1040, 1032) path=5
target scene=130 area=(160, 112) event=2346 script=25504 mode=2 state=2 player=(992, 1008) pos=(1168, 1016) path=10
target scene=130 area=(160, 112) event=2347 script=25504 mode=2 state=2 player=(1120, 992) pos=(1136, 1032) path=2
target scene=130 area=(160, 112) event=2348 script=25524 mode=2 state=2 player=(1152, 1008) pos=(1392, 968) path=12
target scene=130 area=(160, 112) event=2349 script=25524 mode=2 state=2 player=(1344, 944) pos=(1408, 976) path=1
target scene=130 area=(160, 112) event=2344 script=25437 mode=2 state=2 player=(1360, 952) pos=(864, 1120) path=28
target scene=130 area=(160, 112) event=2337 script=20160 mode=5 state=1 player=(912, 1128) pos=(736, 1008) path=20
learned targeted exit AreaKey { scene: 130, anchor: (160, 112) } event=2337 -> AreaKey { scene: 131, anchor: (160, 112) }
learned exit AreaKey { scene: 130, anchor: (160, 112) } event=2337 -> AreaKey { scene: 131, anchor: (160, 112) }
scene 130 -> 131 at frame 12070 position (656, 808)
target scene=131 area=(160, 112) event=2368 script=20352 mode=2 state=2 player=(816, 920) pos=(864, 896) path=0
learned exit AreaKey { scene: 131, anchor: (160, 112) } event=2357 -> AreaKey { scene: 133, anchor: (160, 112) }
scene 131 -> 133 at frame 12070 position (656, 808)
target scene=133 area=(160, 112) event=2391 script=20431 mode=2 state=2 player=(816, 920) pos=(1104, 1000) path=15
area teleport in scene 133 at frame 12173: (816, 920) -> (1168, 1016)
continuing target event=2391 across area (1152, 960) path=0
target scene=133 area=(1152, 960) event=2391 script=20437 mode=2 state=2 player=(1168, 1016) pos=(1104, 1000) path=1
target scene=133 area=(1152, 960) event=2391 script=20440 mode=2 state=2 player=(1152, 1024) pos=(1104, 1000) path=0
target scene=133 area=(1152, 960) event=2390 script=20280 mode=5 state=1 player=(1152, 1024) pos=(1152, 1136) path=13
learned targeted exit AreaKey { scene: 133, anchor: (1152, 960) } event=2390 -> AreaKey { scene: 131, anchor: (160, 112) }
learned exit AreaKey { scene: 133, anchor: (1152, 960) } event=2390 -> AreaKey { scene: 131, anchor: (160, 112) }
scene 133 -> 131 at frame 12187 position (1136, 664)
target scene=131 area=(160, 112) event=2369 script=21950 mode=2 state=2 player=(1296, 776) pos=(1504, 864) path=10
target scene=131 area=(160, 112) event=2368 script=20368 mode=2 state=2 player=(1456, 840) pos=(864, 896) path=34
target scene=131 area=(160, 112) event=2361 script=20244 mode=5 state=1 player=(912, 888) pos=(688, 856) path=13
learned targeted exit AreaKey { scene: 131, anchor: (160, 112) } event=2361 -> AreaKey { scene: 132, anchor: (160, 112) }
learned exit AreaKey { scene: 131, anchor: (160, 112) } event=2361 -> AreaKey { scene: 132, anchor: (160, 112) }
scene 131 -> 132 at frame 12244 position (416, 1328)
target scene=132 area=(160, 112) event=2381 script=20343 mode=2 state=2 player=(576, 1440) pos=(560, 1368) path=6
target scene=132 area=(160, 112) event=2380 script=20327 mode=2 state=2 player=(576, 1392) pos=(528, 1336) path=4
target scene=132 area=(160, 112) event=2384 script=20329 mode=2 state=2 player=(512, 1360) pos=(656, 1752) path=52
learned exit AreaKey { scene: 132, anchor: (160, 112) } event=2373 -> AreaKey { scene: 131, anchor: (160, 112) }
scene 132 -> 131 at frame 12266 position (560, 760)
target scene=131 area=(160, 112) event=2358 script=20220 mode=5 state=1 player=(720, 872) pos=(256, 768) path=28
learned targeted exit AreaKey { scene: 131, anchor: (160, 112) } event=2358 -> AreaKey { scene: 134, anchor: (160, 112) }
learned exit AreaKey { scene: 131, anchor: (160, 112) } event=2358 -> AreaKey { scene: 134, anchor: (160, 112) }
scene 131 -> 134 at frame 12294 position (336, 280)
target scene=134 area=(160, 112) event=2394 script=20324 mode=2 state=1 player=(496, 392) pos=(480, 272) path=12
target scene=134 area=(160, 112) event=2395 script=20336 mode=2 state=2 player=(528, 296) pos=(432, 296) path=3
target scene=134 area=(160, 112) event=2395 script=20340 mode=2 state=2 player=(480, 320) pos=(432, 296) path=0
target scene=134 area=(160, 112) event=2393 script=20224 mode=5 state=1 player=(480, 320) pos=(544, 416) path=11
learned targeted exit AreaKey { scene: 134, anchor: (160, 112) } event=2393 -> AreaKey { scene: 131, anchor: (160, 112) }
learned exit AreaKey { scene: 134, anchor: (160, 112) } event=2393 -> AreaKey { scene: 131, anchor: (160, 112) }
scene 134 -> 131 at frame 12320 position (128, 672)
target scene=131 area=(160, 112) event=2359 script=20228 mode=5 state=1 player=(288, 784) pos=(416, 800) path=7
learned targeted exit AreaKey { scene: 131, anchor: (160, 112) } event=2359 -> AreaKey { scene: 132, anchor: (160, 112) }
learned exit AreaKey { scene: 131, anchor: (160, 112) } event=2359 -> AreaKey { scene: 132, anchor: (160, 112) }
scene 131 -> 132 at frame 12327 position (288, 656)
target scene=132 area=(160, 112) event=2382 script=20345 mode=2 state=2 player=(448, 768) pos=(496, 680) path=8
target scene=132 area=(160, 112) event=2382 script=20349 mode=2 state=2 player=(512, 704) pos=(496, 680) path=0
target scene=132 area=(160, 112) event=2383 script=20329 mode=2 state=2 player=(512, 704) pos=(480, 672) path=1
target scene=132 area=(160, 112) event=2386 script=20329 mode=2 state=2 player=(528, 696) pos=(1168, 664) path=59
learned exit AreaKey { scene: 132, anchor: (160, 112) } event=2371 -> AreaKey { scene: 131, anchor: (160, 112) }
scene 132 -> 131 at frame 12348 position (224, 704)
target scene=131 area=(160, 112) event=2360 script=20236 mode=5 state=1 player=(384, 816) pos=(528, 856) path=8
learned targeted exit AreaKey { scene: 131, anchor: (160, 112) } event=2360 -> AreaKey { scene: 132, anchor: (160, 112) }
learned exit AreaKey { scene: 131, anchor: (160, 112) } event=2360 -> AreaKey { scene: 132, anchor: (160, 112) }
scene 131 -> 132 at frame 12356 position (304, 1016)
target scene=132 area=(160, 112) event=2388 script=20427 mode=2 state=2 player=(464, 1128) pos=(1216, 1008) path=54
learned exit AreaKey { scene: 132, anchor: (160, 112) } event=2372 -> AreaKey { scene: 131, anchor: (160, 112) }
scene 132 -> 131 at frame 12359 position (336, 760)
target scene=131 area=(160, 112) event=2362 script=20252 mode=5 state=1 player=(496, 872) pos=(800, 800) path=21
learned targeted exit AreaKey { scene: 131, anchor: (160, 112) } event=2362 -> AreaKey { scene: 132, anchor: (160, 112) }
learned exit AreaKey { scene: 131, anchor: (160, 112) } event=2362 -> AreaKey { scene: 132, anchor: (160, 112) }
scene 131 -> 132 at frame 12380 position (368, 1704)
target scene=132 area=(160, 112) event=2385 script=20340 mode=2 state=2 player=(528, 1816) pos=(624, 1768) path=7
target scene=132 area=(160, 112) event=2384 script=20329 mode=2 state=2 player=(576, 1760) pos=(656, 1752) path=2
target scene=132 area=(160, 112) event=2389 script=20332 mode=2 state=2 player=(608, 1744) pos=(1136, 1768) path=42
learned exit AreaKey { scene: 132, anchor: (160, 112) } event=2374 -> AreaKey { scene: 131, anchor: (160, 112) }
scene 132 -> 131 at frame 12399 position (672, 704)
target scene=131 area=(160, 112) event=2363 script=20260 mode=5 state=1 player=(832, 816) pos=(992, 768) path=12
learned targeted exit AreaKey { scene: 131, anchor: (160, 112) } event=2363 -> AreaKey { scene: 132, anchor: (160, 112) }
learned exit AreaKey { scene: 131, anchor: (160, 112) } event=2363 -> AreaKey { scene: 132, anchor: (160, 112) }
scene 131 -> 132 at frame 12411 position (976, 248)
target scene=132 area=(160, 112) event=2387 script=20340 mode=2 state=2 player=(1136, 360) pos=(1104, 632) path=53
learned exit AreaKey { scene: 132, anchor: (160, 112) } event=2375 -> AreaKey { scene: 131, anchor: (160, 112) }
scene 132 -> 131 at frame 12413 position (864, 672)
target scene=131 area=(160, 112) event=2364 script=20268 mode=5 state=1 player=(1024, 784) pos=(1120, 784) path=5
learned targeted exit AreaKey { scene: 131, anchor: (160, 112) } event=2364 -> AreaKey { scene: 132, anchor: (160, 112) }
learned exit AreaKey { scene: 131, anchor: (160, 112) } event=2364 -> AreaKey { scene: 132, anchor: (160, 112) }
scene 131 -> 132 at frame 12418 position (832, 576)
target scene=132 area=(160, 112) event=2386 script=20329 mode=2 state=2 player=(992, 688) pos=(1168, 664) path=8
target scene=132 area=(160, 112) event=2387 script=20340 mode=2 state=2 player=(1120, 640) pos=(1104, 632) path=0
target scene=132 area=(160, 112) event=2388 script=20427 mode=2 state=2 player=(1120, 640) pos=(1216, 1008) path=43
learned exit AreaKey { scene: 132, anchor: (160, 112) } event=2376 -> AreaKey { scene: 131, anchor: (160, 112) }
scene 132 -> 131 at frame 12435 position (928, 688)
target scene=131 area=(160, 112) event=2365 script=20276 mode=5 state=1 player=(1088, 800) pos=(1264, 760) path=13
learned targeted exit AreaKey { scene: 131, anchor: (160, 112) } event=2365 -> AreaKey { scene: 132, anchor: (160, 112) }
learned exit AreaKey { scene: 131, anchor: (160, 112) } event=2365 -> AreaKey { scene: 132, anchor: (160, 112) }
scene 131 -> 132 at frame 12448 position (944, 1000)
target scene=132 area=(160, 112) event=2388 script=20427 mode=2 state=2 player=(1104, 1112) pos=(1216, 1008) path=10
target scene=132 area=(160, 112) event=2389 script=20332 mode=2 state=2 player=(1264, 1032) pos=(1136, 1768) path=103
learned exit AreaKey { scene: 132, anchor: (160, 112) } event=2377 -> AreaKey { scene: 131, anchor: (160, 112) }
scene 132 -> 131 at frame 12470 position (1136, 664)
target scene=131 area=(160, 112) event=2366 script=20284 mode=5 state=1 player=(1296, 776) pos=(1424, 792) path=7
learned targeted exit AreaKey { scene: 131, anchor: (160, 112) } event=2366 -> AreaKey { scene: 132, anchor: (160, 112) }
learned exit AreaKey { scene: 131, anchor: (160, 112) } event=2366 -> AreaKey { scene: 132, anchor: (160, 112) }
scene 131 -> 132 at frame 12477 position (976, 1336)
target scene=132 area=(160, 112) event=2389 script=20332 mode=2 state=2 player=(1136, 1448) pos=(1136, 1768) path=51
learned exit AreaKey { scene: 132, anchor: (160, 112) } event=2378 -> AreaKey { scene: 131, anchor: (160, 112) }
scene 132 -> 131 at frame 12480 position (1232, 696)
target scene=131 area=(160, 112) event=2367 script=20292 mode=5 state=1 player=(1392, 808) pos=(1536, 848) path=8
learned targeted exit AreaKey { scene: 131, anchor: (160, 112) } event=2367 -> AreaKey { scene: 132, anchor: (160, 112) }
learned exit AreaKey { scene: 131, anchor: (160, 112) } event=2367 -> AreaKey { scene: 132, anchor: (160, 112) }
scene 131 -> 132 at frame 12488 position (944, 1672)
target scene=132 area=(160, 112) event=2389 script=20332 mode=2 state=2 player=(1104, 1784) pos=(1136, 1768) path=0
target scene=132 area=(160, 112) event=2379 script=20320 mode=5 state=1 player=(1104, 1784) pos=(1056, 1808) path=2
learned targeted exit AreaKey { scene: 132, anchor: (160, 112) } event=2379 -> AreaKey { scene: 131, anchor: (160, 112) }
learned exit AreaKey { scene: 132, anchor: (160, 112) } event=2379 -> AreaKey { scene: 131, anchor: (160, 112) }
scene 132 -> 131 at frame 12490 position (1344, 752)
target scene=131 area=(160, 112) event=2357 script=20156 mode=5 state=1 player=(1504, 864) pos=(784, 936) path=44
learned targeted exit AreaKey { scene: 131, anchor: (160, 112) } event=2357 -> AreaKey { scene: 130, anchor: (160, 112) }
learned exit AreaKey { scene: 131, anchor: (160, 112) } event=2357 -> AreaKey { scene: 130, anchor: (160, 112) }
scene 131 -> 130 at frame 12546 position (544, 912)
target scene=130 area=(160, 112) event=2336 script=20164 mode=5 state=1 player=(704, 1024) pos=(688, 1128) path=11
learned targeted exit AreaKey { scene: 130, anchor: (160, 112) } event=2336 -> AreaKey { scene: 100, anchor: (192, 784) }
learned exit AreaKey { scene: 130, anchor: (160, 112) } event=2336 -> AreaKey { scene: 100, anchor: (192, 784) }
scene 130 -> 100 at frame 12557 position (800, 912)
target scene=100 area=(192, 784) event=1897 script=20304 mode=5 state=1 player=(960, 1024) pos=(1440, 816) path=93
learned targeted exit AreaKey { scene: 100, anchor: (192, 784) } event=1897 -> AreaKey { scene: 135, anchor: (160, 112) }
learned exit AreaKey { scene: 100, anchor: (192, 784) } event=1897 -> AreaKey { scene: 135, anchor: (160, 112) }
scene 100 -> 135 at frame 12650 position (240, 360)
target scene=135 area=(160, 112) event=2401 script=20757 mode=2 state=2 player=(400, 472) pos=(528, 472) path=5
target scene=135 area=(160, 112) event=2400 script=20753 mode=2 state=2 player=(480, 448) pos=(512, 384) path=5
target scene=135 area=(160, 112) event=2399 script=20743 mode=2 state=2 player=(560, 408) pos=(384, 368) path=8
target scene=135 area=(160, 112) event=2398 script=20308 mode=5 state=1 player=(432, 392) pos=(352, 496) path=11
learned targeted exit AreaKey { scene: 135, anchor: (160, 112) } event=2398 -> AreaKey { scene: 100, anchor: (192, 784) }
learned exit AreaKey { scene: 135, anchor: (160, 112) } event=2398 -> AreaKey { scene: 100, anchor: (192, 784) }
scene 135 -> 100 at frame 12679 position (1248, 736)
target scene=100 area=(192, 784) event=1886 script=20086 mode=5 state=1 player=(1408, 848) pos=(1008, 568) path=33
learned targeted exit AreaKey { scene: 100, anchor: (192, 784) } event=1886 -> AreaKey { scene: 127, anchor: (160, 112) }
learned exit AreaKey { scene: 100, anchor: (192, 784) } event=1886 -> AreaKey { scene: 127, anchor: (160, 112) }
scene 100 -> 127 at frame 12712 position (592, 568)
target scene=127 area=(160, 112) event=2303 script=24672 mode=2 state=1 player=(752, 680) pos=(880, 696) path=5
target scene=127 area=(160, 112) event=2302 script=24672 mode=2 state=1 player=(832, 672) pos=(912, 696) path=2
target scene=127 area=(160, 112) event=2304 script=24443 mode=2 state=2 player=(864, 672) pos=(816, 552) path=12
target scene=127 area=(160, 112) event=2304 script=24481 mode=2 state=2 player=(864, 576) pos=(816, 552) path=0
target scene=127 area=(160, 112) event=2304 script=24503 mode=2 state=2 player=(864, 576) pos=(816, 552) path=0
target scene=127 area=(160, 112) event=2300 script=20629 mode=3 state=2 player=(864, 576) pos=(976, 568) path=2
target scene=127 area=(160, 112) event=2301 script=20640 mode=2 state=2 player=(896, 592) pos=(928, 528) path=25
directing unreachable manual event=2299 script=20608 mode=2 state=2
target scene=127 area=(160, 112) event=2299 script=20608 mode=2 state=2 player=(1040, 552) pos=(1100, 582) path=0
target scene=127 area=(160, 112) event=2305 script=24549 mode=2 state=2 player=(1040, 552) pos=(656, 568) path=33
target scene=127 area=(160, 112) event=2305 script=24592 mode=2 state=2 player=(944, 536) pos=(656, 568) path=41
target scene=127 area=(160, 112) event=2298 script=20094 mode=5 state=1 player=(704, 592) pos=(720, 552) path=4
learned targeted exit AreaKey { scene: 127, anchor: (160, 112) } event=2298 -> AreaKey { scene: 128, anchor: (432, 1400) }
learned exit AreaKey { scene: 127, anchor: (160, 112) } event=2298 -> AreaKey { scene: 128, anchor: (432, 1400) }
scene 127 -> 128 at frame 12848 position (560, 1192)
target scene=128 area=(432, 1400) event=2317 script=20704 mode=2 state=2 player=(720, 1304) pos=(688, 1272) path=1
target scene=128 area=(432, 1400) event=2308 script=20645 mode=2 state=2 player=(736, 1296) pos=(640, 1344) path=3
learned exit AreaKey { scene: 128, anchor: (432, 1400) } event=2307 -> AreaKey { scene: 127, anchor: (160, 112) }
scene 128 -> 127 at frame 12855 position (528, 456)
target scene=127 area=(160, 112) event=2297 script=20090 mode=5 state=1 player=(688, 568) pos=(704, 704) path=15
learned targeted exit AreaKey { scene: 127, anchor: (160, 112) } event=2297 -> AreaKey { scene: 100, anchor: (192, 784) }
learned exit AreaKey { scene: 127, anchor: (160, 112) } event=2297 -> AreaKey { scene: 100, anchor: (192, 784) }
scene 127 -> 100 at frame 12870 position (784, 488)
target scene=100 area=(192, 784) event=1896 script=20296 mode=5 state=1 player=(944, 600) pos=(736, 432) path=19
learned targeted exit AreaKey { scene: 100, anchor: (192, 784) } event=1896 -> AreaKey { scene: 137, anchor: (160, 112) }
learned exit AreaKey { scene: 100, anchor: (192, 784) } event=1896 -> AreaKey { scene: 137, anchor: (160, 112) }
scene 100 -> 137 at frame 12889 position (448, 464)
target scene=137 area=(160, 112) event=2411 script=2832 mode=1 state=1 player=(608, 576) pos=(736, 432) path=17
target scene=137 area=(160, 112) event=2409 script=20940 mode=2 state=2 player=(720, 440) pos=(928, 416) path=18
target scene=137 area=(160, 112) event=2408 script=20933 mode=2 state=2 player=(880, 392) pos=(848, 360) path=1
target scene=137 area=(160, 112) event=2407 script=20300 mode=5 state=1 player=(896, 384) pos=(560, 600) path=35
learned targeted exit AreaKey { scene: 137, anchor: (160, 112) } event=2407 -> AreaKey { scene: 100, anchor: (192, 784) }
learned exit AreaKey { scene: 137, anchor: (160, 112) } event=2407 -> AreaKey { scene: 100, anchor: (192, 784) }
scene 137 -> 100 at frame 12960 position (544, 352)
target scene=100 area=(192, 784) event=1885 script=20074 mode=6 state=1 player=(704, 464) pos=(368, 264) path=22
learned targeted exit AreaKey { scene: 100, anchor: (192, 784) } event=1885 -> AreaKey { scene: 114, anchor: (160, 112) }
learned exit AreaKey { scene: 100, anchor: (192, 784) } event=1885 -> AreaKey { scene: 114, anchor: (160, 112) }
scene 100 -> 114 at frame 12982 position (1408, 1104)
target scene=114 area=(160, 112) event=2206 script=22549 mode=2 state=2 player=(1568, 1216) pos=(1312, 1056) path=17
target scene=114 area=(160, 112) event=2207 script=22549 mode=2 state=2 player=(1360, 1080) pos=(1248, 1088) path=4
target scene=114 area=(160, 112) event=2198 script=20066 mode=5 state=1 player=(1296, 1112) pos=(1248, 1040) path=7
learned targeted exit AreaKey { scene: 114, anchor: (160, 112) } event=2198 -> AreaKey { scene: 118, anchor: (160, 112) }
learned exit AreaKey { scene: 114, anchor: (160, 112) } event=2198 -> AreaKey { scene: 118, anchor: (160, 112) }
scene 114 -> 118 at frame 13010 position (944, 536)
target scene=118 area=(160, 112) event=2243 script=21736 mode=2 state=2 player=(1104, 648) pos=(1184, 496) path=16
area teleport in scene 118 at frame 13033: (1104, 648) -> (1168, 504)
continuing target event=2243 across area (1152, 448) path=0
target scene=118 area=(1152, 448) event=2241 script=24280 mode=2 state=2 player=(1168, 504) pos=(1296, 472) path=5
used story item=287 on event=2241 facing=2 script 24280 -> 24286 mode 2 -> 6 state 2 -> 2
target scene=118 area=(1152, 448) event=2241 script=24315 mode=2 state=2 player=(1248, 480) pos=(1296, 472) path=0
target scene=118 area=(1152, 448) event=2242 script=24283 mode=2 state=2 player=(1248, 480) pos=(1184, 416) path=5
target scene=118 area=(1152, 448) event=2240 script=22549 mode=2 state=2 player=(1232, 440) pos=(928, 432) path=16
target scene=118 area=(1152, 448) event=2247 script=2916 mode=1 state=1 player=(976, 456) pos=(800, 544) path=16
target scene=118 area=(1152, 448) event=2248 script=2994 mode=1 state=1 player=(816, 552) pos=(336, 664) path=33
learned exit AreaKey { scene: 118, anchor: (1152, 448) } event=2236 -> AreaKey { scene: 115, anchor: (160, 112) }
scene 118 -> 115 at frame 13084 position (864, 816)
target scene=115 area=(160, 112) event=2210 script=20040 mode=5 state=1 player=(1024, 928) pos=(192, 736) path=50
learned targeted exit AreaKey { scene: 115, anchor: (160, 112) } event=2210 -> AreaKey { scene: 116, anchor: (160, 112) }
learned exit AreaKey { scene: 115, anchor: (160, 112) } event=2210 -> AreaKey { scene: 116, anchor: (160, 112) }
scene 115 -> 116 at frame 13134 position (1584, 1672)
target scene=116 area=(160, 112) event=2226 script=22552 mode=2 state=2 player=(1744, 1784) pos=(1552, 1672) path=11
target scene=116 area=(160, 112) event=2226 script=22556 mode=2 state=2 player=(1600, 1696) pos=(1552, 1672) path=0
target scene=116 area=(160, 112) event=2224 script=20032 mode=5 state=1 player=(1600, 1696) pos=(608, 1424) path=73
learned targeted exit AreaKey { scene: 116, anchor: (160, 112) } event=2224 -> AreaKey { scene: 108, anchor: (160, 112) }
learned exit AreaKey { scene: 116, anchor: (160, 112) } event=2224 -> AreaKey { scene: 108, anchor: (160, 112) }
scene 116 -> 108 at frame 13218 position (448, 1744)
target scene=108 area=(160, 112) event=2110 script=25976 mode=1 state=2 player=(608, 1856) pos=(640, 1568) path=117
target scene=108 area=(160, 112) event=2074 script=22561 mode=2 state=2 player=(656, 1576) pos=(688, 1256) path=51
target scene=108 area=(160, 112) event=2075 script=22579 mode=2 state=2 player=(736, 1280) pos=(752, 1288) path=0
target scene=108 area=(160, 112) event=2075 script=22591 mode=2 state=2 player=(736, 1280) pos=(752, 1288) path=0
target scene=108 area=(160, 112) event=2074 script=22565 mode=2 state=2 player=(736, 1280) pos=(688, 1256) path=0
target scene=108 area=(160, 112) event=2074 script=22574 mode=2 state=2 player=(736, 1280) pos=(688, 1256) path=0
target scene=108 area=(160, 112) event=2072 script=20004 mode=5 state=1 player=(736, 1280) pos=(816, 1080) path=24
learned targeted exit AreaKey { scene: 108, anchor: (160, 112) } event=2072 -> AreaKey { scene: 122, anchor: (160, 112) }
learned exit AreaKey { scene: 108, anchor: (160, 112) } event=2072 -> AreaKey { scene: 122, anchor: (160, 112) }
scene 108 -> 122 at frame 13410 position (640, 544)
target scene=122 area=(160, 112) event=2278 script=20078 mode=5 state=1 player=(800, 656) pos=(656, 536) path=14
learned targeted exit AreaKey { scene: 122, anchor: (160, 112) } event=2278 -> AreaKey { scene: 123, anchor: (160, 112) }
learned exit AreaKey { scene: 122, anchor: (160, 112) } event=2278 -> AreaKey { scene: 123, anchor: (160, 112) }
scene 122 -> 123 at frame 13436 position (576, 336)
target scene=123 area=(160, 112) event=2280 script=20020 mode=5 state=1 player=(736, 448) pos=(320, 608) path=26
learned exit AreaKey { scene: 123, anchor: (160, 112) } event=2279 -> AreaKey { scene: 122, anchor: (160, 112) }
scene 123 -> 122 at frame 13449 position (464, 440)
target scene=122 area=(160, 112) event=2276 script=20012 mode=5 state=1 player=(624, 552) pos=(832, 512) path=11
learned targeted exit AreaKey { scene: 122, anchor: (160, 112) } event=2276 -> AreaKey { scene: 122, anchor: (1408, 512) }
marked destination touch VisitKey { scene: 122, area: (1408, 512), event_id: 2276, trigger_script: 20012, trigger_mode: 5, state: 1 }
learned exit AreaKey { scene: 122, anchor: (160, 112) } event=2276 -> AreaKey { scene: 122, anchor: (1408, 512) }
area teleport in scene 122 at frame 13461: (800, 512) -> (1440, 528)
target scene=122 area=(1408, 512) event=2277 script=20016 mode=5 state=1 player=(1440, 528) pos=(1392, 552) path=2
learned targeted exit AreaKey { scene: 122, anchor: (1408, 512) } event=2277 -> AreaKey { scene: 122, anchor: (768, 512) }
marked destination touch VisitKey { scene: 122, area: (768, 512), event_id: 2277, trigger_script: 20016, trigger_mode: 5, state: 1 }
learned exit AreaKey { scene: 122, anchor: (1408, 512) } event=2277 -> AreaKey { scene: 122, anchor: (768, 512) }
area teleport in scene 122 at frame 13464: (1408, 544) -> (768, 528)
target scene=122 area=(768, 512) event=2276 script=20012 mode=5 state=1 player=(768, 528) pos=(832, 512) path=2
learned targeted exit AreaKey { scene: 122, anchor: (768, 512) } event=2276 -> AreaKey { scene: 122, anchor: (1408, 512) }
marked destination touch VisitKey { scene: 122, area: (1408, 512), event_id: 2276, trigger_script: 20012, trigger_mode: 5, state: 1 }
learned exit AreaKey { scene: 122, anchor: (768, 512) } event=2276 -> AreaKey { scene: 122, anchor: (1408, 512) }
area teleport in scene 122 at frame 13467: (800, 512) -> (1440, 528)
target scene=122 area=(1408, 512) event=2278 script=20078 mode=5 state=1 player=(1440, 528) pos=(656, 536) path=48
marked destination touch VisitKey { scene: 122, area: (704, 512), event_id: 2277, trigger_script: 20016, trigger_mode: 5, state: 1 }
learned exit AreaKey { scene: 122, anchor: (1408, 512) } event=2277 -> AreaKey { scene: 122, anchor: (704, 512) }
area teleport in scene 122 at frame 13470: (1408, 544) -> (752, 536)
continuing target event=2278 across area (704, 512) path=9
learned targeted exit AreaKey { scene: 122, anchor: (704, 512) } event=2278 -> AreaKey { scene: 123, anchor: (160, 112) }
learned exit AreaKey { scene: 122, anchor: (704, 512) } event=2278 -> AreaKey { scene: 123, anchor: (160, 112) }
scene 122 -> 123 at frame 13491 position (576, 336)
target scene=123 area=(160, 112) event=2280 script=20020 mode=5 state=1 player=(736, 448) pos=(320, 608) path=45
learned targeted exit AreaKey { scene: 123, anchor: (160, 112) } event=2280 -> AreaKey { scene: 124, anchor: (160, 112) }
learned exit AreaKey { scene: 123, anchor: (160, 112) } event=2280 -> AreaKey { scene: 124, anchor: (160, 112) }
scene 123 -> 124 at frame 13536 position (640, 592)
target scene=124 area=(160, 112) event=2284 script=21765 mode=7 state=2 player=(800, 704) pos=(880, 568) path=11
target scene=124 area=(160, 112) event=2283 script=21757 mode=2 state=2 player=(880, 584) pos=(912, 568) path=0
target scene=124 area=(160, 112) event=2283 script=21762 mode=2 state=2 player=(880, 584) pos=(912, 568) path=0
target scene=124 area=(160, 112) event=2285 script=22838 mode=2 state=1 player=(880, 584) pos=(912, 552) path=1
target scene=124 area=(160, 112) event=2281 script=20024 mode=5 state=1 player=(896, 576) pos=(848, 728) path=17
learned targeted exit AreaKey { scene: 124, anchor: (160, 112) } event=2281 -> AreaKey { scene: 123, anchor: (160, 112) }
learned exit AreaKey { scene: 124, anchor: (160, 112) } event=2281 -> AreaKey { scene: 123, anchor: (160, 112) }
scene 124 -> 123 at frame 13644 position (192, 512)
target scene=123 area=(160, 112) event=2280 script=20020 mode=5 state=1 player=(352, 624) pos=(320, 608) path=1
forcing unreached touch target scene=123 event=2280 script=20020 player=(384, 640) pos=(320, 608)
running forced event=2280 script=20020 destination=Some(124)
scene 123 -> 124 at frame 13668 position (640, 592)
target scene=124 area=(160, 112) event=2281 script=20024 mode=5 state=1 player=(800, 704) pos=(848, 728) path=2
learned targeted exit AreaKey { scene: 124, anchor: (160, 112) } event=2281 -> AreaKey { scene: 123, anchor: (160, 112) }
learned exit AreaKey { scene: 124, anchor: (160, 112) } event=2281 -> AreaKey { scene: 123, anchor: (160, 112) }
scene 124 -> 123 at frame 13670 position (192, 512)
target scene=123 area=(160, 112) event=2280 script=20020 mode=5 state=1 player=(352, 624) pos=(320, 608) path=1
learned targeted exit AreaKey { scene: 123, anchor: (160, 112) } event=2280 -> AreaKey { scene: 124, anchor: (160, 112) }
learned exit AreaKey { scene: 123, anchor: (160, 112) } event=2280 -> AreaKey { scene: 124, anchor: (160, 112) }
scene 123 -> 124 at frame 13671 position (640, 592)
target scene=124 area=(160, 112) event=2281 script=20024 mode=5 state=1 player=(800, 704) pos=(848, 728) path=2
learned targeted exit AreaKey { scene: 124, anchor: (160, 112) } event=2281 -> AreaKey { scene: 123, anchor: (160, 112) }
learned exit AreaKey { scene: 124, anchor: (160, 112) } event=2281 -> AreaKey { scene: 123, anchor: (160, 112) }
scene 124 -> 123 at frame 13673 position (192, 512)
target scene=123 area=(160, 112) event=2279 script=20082 mode=5 state=1 player=(352, 624) pos=(704, 464) path=45
learned targeted exit AreaKey { scene: 123, anchor: (160, 112) } event=2279 -> AreaKey { scene: 122, anchor: (160, 112) }
learned exit AreaKey { scene: 123, anchor: (160, 112) } event=2279 -> AreaKey { scene: 122, anchor: (160, 112) }
scene 123 -> 122 at frame 13730 position (464, 440)
target scene=122 area=(160, 112) event=2275 script=20008 mode=5 state=1 player=(624, 552) pos=(848, 680) path=14
learned targeted exit AreaKey { scene: 122, anchor: (160, 112) } event=2275 -> AreaKey { scene: 108, anchor: (160, 112) }
learned exit AreaKey { scene: 122, anchor: (160, 112) } event=2275 -> AreaKey { scene: 108, anchor: (160, 112) }
scene 122 -> 108 at frame 13744 position (704, 992)
target scene=108 area=(160, 112) event=2077 script=22381 mode=7 state=1 player=(864, 1104) pos=(912, 1128) path=0
learned targeted exit AreaKey { scene: 108, anchor: (160, 112) } event=2077 -> AreaKey { scene: 120, anchor: (160, 112) }
learned exit AreaKey { scene: 108, anchor: (160, 112) } event=2077 -> AreaKey { scene: 120, anchor: (160, 112) }
scene 108 -> 120 at frame 13744 position (704, 992)
target scene=120 area=(160, 112) event=2268 script=22331 mode=2 state=2 player=(864, 1104) pos=(960, 416) path=95
scene 120 -> 121 at frame 13744 position (432, 408)
target scene=121 area=(160, 112) event=2272 script=22541 mode=2 state=2 player=(592, 520) pos=(608, 496) path=0
target scene=121 area=(160, 112) event=2273 script=22545 mode=2 state=2 player=(592, 520) pos=(944, 344) path=23
target scene=121 area=(160, 112) event=2271 script=22296 mode=5 state=1 player=(784, 424) pos=(592, 696) path=34
learned targeted exit AreaKey { scene: 121, anchor: (160, 112) } event=2271 -> AreaKey { scene: 118, anchor: (160, 112) }
learned exit AreaKey { scene: 121, anchor: (160, 112) } event=2271 -> AreaKey { scene: 118, anchor: (160, 112) }
scene 121 -> 118 at frame 13802 position (688, 344)
target scene=118 area=(160, 112) event=2248 script=2994 mode=1 state=1 player=(848, 456) pos=(336, 664) path=35
learned exit AreaKey { scene: 118, anchor: (160, 112) } event=2236 -> AreaKey { scene: 115, anchor: (160, 112) }
scene 118 -> 115 at frame 13813 position (864, 816)
target scene=115 area=(160, 112) event=2211 script=20044 mode=5 state=1 player=(1024, 928) pos=(1072, 952) path=2
learned targeted exit AreaKey { scene: 115, anchor: (160, 112) } event=2211 -> AreaKey { scene: 118, anchor: (160, 112) }
learned exit AreaKey { scene: 115, anchor: (160, 112) } event=2211 -> AreaKey { scene: 118, anchor: (160, 112) }
scene 115 -> 118 at frame 13815 position (560, 408)
target scene=118 area=(160, 112) event=2248 script=2994 mode=1 state=1 player=(720, 520) pos=(336, 664) path=41
learned exit AreaKey { scene: 118, anchor: (160, 112) } event=2239 -> AreaKey { scene: 121, anchor: (160, 112) }
scene 118 -> 121 at frame 13824 position (384, 560)
target scene=121 area=(160, 112) event=2271 script=22296 mode=5 state=1 player=(544, 672) pos=(592, 696) path=2
learned targeted exit AreaKey { scene: 121, anchor: (160, 112) } event=2271 -> AreaKey { scene: 118, anchor: (160, 112) }
learned exit AreaKey { scene: 121, anchor: (160, 112) } event=2271 -> AreaKey { scene: 118, anchor: (160, 112) }
scene 121 -> 118 at frame 13826 position (688, 344)
target scene=118 area=(160, 112) event=2248 script=2994 mode=1 state=1 player=(848, 456) pos=(336, 664) path=61
learned exit AreaKey { scene: 118, anchor: (160, 112) } event=2237 -> AreaKey { scene: 119, anchor: (320, 688) }
scene 118 -> 119 at frame 13847 position (544, 400)
target scene=119 area=(320, 688) event=2263 script=25288 mode=1 state=2 player=(704, 512) pos=(560, 552) path=14
target scene=119 area=(320, 688) event=2263 script=887 mode=1 state=2 player=(576, 560) pos=(560, 552) path=0
target scene=119 area=(320, 688) event=2264 script=25294 mode=1 state=2 player=(576, 560) pos=(944, 616) path=28
target scene=119 area=(320, 688) event=2264 script=887 mode=1 state=2 player=(928, 624) pos=(944, 616) path=0
target scene=119 area=(320, 688) event=2262 script=25281 mode=1 state=2 player=(928, 624) pos=(496, 776) path=34
target scene=119 area=(320, 688) event=2262 script=887 mode=1 state=2 player=(512, 784) pos=(496, 776) path=0
target scene=119 area=(320, 688) event=2249 script=20057 mode=5 state=1 player=(512, 784) pos=(672, 528) path=37
learned targeted exit AreaKey { scene: 119, anchor: (320, 688) } event=2249 -> AreaKey { scene: 118, anchor: (160, 112) }
learned exit AreaKey { scene: 119, anchor: (320, 688) } event=2249 -> AreaKey { scene: 118, anchor: (160, 112) }
scene 119 -> 118 at frame 13964 position (832, 288)
target scene=118 area=(160, 112) event=2248 script=2994 mode=1 state=1 player=(992, 400) pos=(336, 664) path=44
queued unreachable event=2248 script=2994 after 5 scene-transition interruptions
learned exit AreaKey { scene: 118, anchor: (160, 112) } event=2236 -> AreaKey { scene: 115, anchor: (160, 112) }
scene 118 -> 115 at frame 13984 position (864, 816)
target scene=115 area=(160, 112) event=2210 script=20040 mode=5 state=1 player=(1024, 928) pos=(192, 736) path=50
learned targeted exit AreaKey { scene: 115, anchor: (160, 112) } event=2210 -> AreaKey { scene: 116, anchor: (160, 112) }
learned exit AreaKey { scene: 115, anchor: (160, 112) } event=2210 -> AreaKey { scene: 116, anchor: (160, 112) }
scene 115 -> 116 at frame 14034 position (1584, 1672)
target scene=116 area=(160, 112) event=2225 script=20036 mode=5 state=1 player=(1744, 1784) pos=(1808, 1800) path=2
learned targeted exit AreaKey { scene: 116, anchor: (160, 112) } event=2225 -> AreaKey { scene: 115, anchor: (160, 112) }
learned exit AreaKey { scene: 116, anchor: (160, 112) } event=2225 -> AreaKey { scene: 115, anchor: (160, 112) }
scene 116 -> 115 at frame 14036 position (96, 656)
target scene=115 area=(160, 112) event=2210 script=20040 mode=5 state=1 player=(256, 768) pos=(192, 736) path=3
learned targeted exit AreaKey { scene: 115, anchor: (160, 112) } event=2210 -> AreaKey { scene: 116, anchor: (160, 112) }
learned exit AreaKey { scene: 115, anchor: (160, 112) } event=2210 -> AreaKey { scene: 116, anchor: (160, 112) }
scene 115 -> 116 at frame 14039 position (1584, 1672)
target scene=116 area=(160, 112) event=2224 script=20032 mode=5 state=1 player=(1744, 1784) pos=(608, 1424) path=82
learned targeted exit AreaKey { scene: 116, anchor: (160, 112) } event=2224 -> AreaKey { scene: 108, anchor: (160, 112) }
learned exit AreaKey { scene: 116, anchor: (160, 112) } event=2224 -> AreaKey { scene: 108, anchor: (160, 112) }
scene 116 -> 108 at frame 14121 position (448, 1744)
target scene=108 area=(160, 112) event=2071 script=19996 mode=5 state=1 player=(608, 1856) pos=(1168, 1048) path=99
learned targeted exit AreaKey { scene: 108, anchor: (160, 112) } event=2071 -> AreaKey { scene: 117, anchor: (160, 112) }
learned exit AreaKey { scene: 108, anchor: (160, 112) } event=2071 -> AreaKey { scene: 117, anchor: (160, 112) }
scene 108 -> 117 at frame 14220 position (96, 1760)
target scene=117 area=(160, 112) event=2227 script=26058 mode=5 state=1 player=(256, 1872) pos=(576, 1664) path=25
forcing unreached touch target scene=117 event=2227 script=26058 player=(512, 1696) pos=(576, 1664)
running forced event=2227 script=26058 destination=Some(139)
scene 117 -> 139 at frame 14250 position (320, 1696)
target scene=139 area=(160, 544) event=2435 script=2518 mode=1 state=1 player=(480, 1808) pos=(1328, 1720) path=52
target scene=139 area=(160, 544) event=2444 script=2490 mode=1 state=1 player=(1312, 1728) pos=(1792, 1712) path=29
target scene=139 area=(160, 544) event=2434 script=2483 mode=1 state=1 player=(1776, 1704) pos=(944, 1384) path=81
target scene=139 area=(160, 544) event=2436 script=2504 mode=1 state=1 player=(960, 1392) pos=(1136, 1224) path=114
target scene=139 area=(160, 544) event=2446 script=2469 mode=1 state=1 player=(1152, 1232) pos=(944, 1112) path=14
target scene=139 area=(160, 544) event=2443 script=2525 mode=1 state=1 player=(960, 1120) pos=(768, 992) path=35
target scene=139 area=(160, 544) event=2440 script=1887 mode=1 state=2 player=(720, 1096) pos=(848, 824) path=39
target scene=139 area=(160, 544) event=2440 script=887 mode=1 state=2 player=(832, 832) pos=(848, 824) path=0
target scene=139 area=(160, 544) event=2445 script=2211 mode=1 state=2 player=(832, 832) pos=(1184, 816) path=117
target scene=139 area=(160, 544) event=2445 script=887 mode=1 state=2 player=(1200, 824) pos=(1184, 816) path=0
target scene=139 area=(160, 544) event=2439 script=2259 mode=1 state=2 player=(1200, 824) pos=(992, 608) path=28
target scene=139 area=(160, 544) event=2439 script=887 mode=1 state=2 player=(1008, 616) pos=(992, 608) path=0
target scene=139 area=(160, 544) event=2438 script=2211 mode=1 state=2 player=(1008, 616) pos=(1040, 456) path=19
target scene=139 area=(160, 544) event=2438 script=887 mode=1 state=2 player=(1024, 464) pos=(1040, 456) path=0
target scene=139 area=(160, 544) event=2441 script=2247 mode=1 state=2 player=(1024, 464) pos=(1312, 432) path=65
target scene=139 area=(160, 544) event=2441 script=887 mode=1 state=2 player=(1328, 440) pos=(1312, 432) path=0
target scene=139 area=(160, 544) event=2437 script=2115 mode=1 state=2 player=(1328, 440) pos=(1488, 344) path=11
target scene=139 area=(160, 544) event=2437 script=887 mode=1 state=2 player=(1504, 352) pos=(1488, 344) path=0
target scene=139 area=(160, 544) event=2442 script=2031 mode=1 state=2 player=(1504, 352) pos=(1632, 672) path=59
target scene=139 area=(160, 544) event=2442 script=887 mode=1 state=2 player=(1616, 664) pos=(1632, 672) path=0
target scene=139 area=(160, 544) event=2421 script=26062 mode=5 state=1 player=(1616, 664) pos=(528, 744) path=155
forcing unreached touch target scene=139 event=2421 script=26062 player=(576, 768) pos=(528, 744)
running forced event=2421 script=26062 destination=Some(138)
scene 139 -> 138 at frame 15082 position (1392, 1320)
target scene=138 area=(160, 112) event=2417 script=26099 mode=6 state=1 player=(1552, 1432) pos=(1376, 1360) path=8
learned targeted exit AreaKey { scene: 138, anchor: (160, 112) } event=2417 -> AreaKey { scene: 140, anchor: (160, 112) }
learned exit AreaKey { scene: 138, anchor: (160, 112) } event=2417 -> AreaKey { scene: 140, anchor: (160, 112) }
scene 138 -> 140 at frame 15207 position (1216, 1104)
scene 140 -> 141 at frame 15379 position (1184, 1216)
scene 141 -> 140 at frame 15489 position (1184, 272)
scene 140 -> 142 at frame 15539 position (1184, 1216)
scene 142 -> 143 at frame 15609 position (320, 784)
scene 143 -> 140 at frame 15645 position (736, 448)
scene 140 -> 155 at frame 15738 position (1168, 1208)
target scene=155 area=(160, 112) event=2615 script=27012 mode=5 state=1 player=(1328, 1320) pos=(1552, 1336) path=12
area teleport in scene 155 at frame 15800: (1328, 1320) -> (1040, 1592)
continuing target event=2615 across area (1024, 1536) path=31
learned targeted exit AreaKey { scene: 155, anchor: (1024, 1536) } event=2615 -> AreaKey { scene: 157, anchor: (160, 112) }
learned exit AreaKey { scene: 155, anchor: (1024, 1536) } event=2615 -> AreaKey { scene: 157, anchor: (160, 112) }
scene 155 -> 157 at frame 15836 position (416, 1552)
target scene=157 area=(160, 112) event=2748 script=27312 mode=2 state=2 player=(576, 1664) pos=(736, 1552) path=11
target scene=157 area=(160, 112) event=2748 script=27315 mode=2 state=2 player=(752, 1576) pos=(736, 1552) path=0
target scene=157 area=(160, 112) event=2749 script=27323 mode=2 state=2 player=(752, 1576) pos=(816, 1592) path=1
target scene=157 area=(160, 112) event=2747 script=27020 mode=8 state=1 player=(768, 1568) pos=(1296, 1256) path=32
learned targeted exit AreaKey { scene: 157, anchor: (160, 112) } event=2747 -> AreaKey { scene: 159, anchor: (160, 112) }
learned exit AreaKey { scene: 157, anchor: (160, 112) } event=2747 -> AreaKey { scene: 159, anchor: (160, 112) }
scene 157 -> 159 at frame 15880 position (448, 1376)
target scene=159 area=(160, 112) event=2757 script=27263 mode=2 state=2 player=(608, 1488) pos=(1024, 1232) path=29
area teleport in scene 159 at frame 15944: (608, 1488) -> (1056, 1264)
continuing target event=2757 across area (1024, 1216) path=0
target scene=159 area=(1024, 1216) event=2756 script=27238 mode=2 state=2 player=(1056, 1264) pos=(1088, 1248) path=0
target scene=159 area=(1024, 1216) event=2756 script=27258 mode=2 state=2 player=(1056, 1264) pos=(1088, 1248) path=0
target scene=159 area=(1024, 1216) event=2760 script=27036 mode=5 state=1 player=(1056, 1264) pos=(1008, 1128) path=15
learned targeted exit AreaKey { scene: 159, anchor: (1024, 1216) } event=2760 -> AreaKey { scene: 160, anchor: (496, 1464) }
learned exit AreaKey { scene: 159, anchor: (1024, 1216) } event=2760 -> AreaKey { scene: 160, anchor: (496, 1464) }
scene 159 -> 160 at frame 15959 position (496, 1416)
target scene=160 area=(496, 1464) event=2782 script=27326 mode=3 state=1 player=(656, 1528) pos=(672, 1424) path=8
target scene=160 area=(496, 1464) event=2783 script=27414 mode=2 state=2 player=(720, 1464) pos=(656, 1416) path=5
target scene=160 area=(496, 1464) event=2789 script=29462 mode=1 state=1 player=(640, 1440) pos=(608, 1392) path=5
target scene=160 area=(496, 1464) event=2788 script=29457 mode=1 state=1 player=(624, 1400) pos=(656, 1368) path=3
target scene=160 area=(496, 1464) event=2787 script=29452 mode=1 state=1 player=(672, 1376) pos=(688, 1352) path=2
target scene=160 area=(496, 1464) event=2785 script=29442 mode=1 state=1 player=(704, 1360) pos=(752, 1384) path=4
target scene=160 area=(496, 1464) event=2786 script=29447 mode=1 state=1 player=(736, 1392) pos=(848, 1432) path=6
target scene=160 area=(496, 1464) event=2790 script=29467 mode=1 state=1 player=(832, 1440) pos=(560, 1416) path=16
target scene=160 area=(496, 1464) event=2791 script=29472 mode=1 state=1 player=(576, 1424) pos=(528, 1432) path=2
target scene=160 area=(496, 1464) event=2781 script=27040 mode=5 state=1 player=(544, 1440) pos=(608, 1552) path=12
learned targeted exit AreaKey { scene: 160, anchor: (496, 1464) } event=2781 -> AreaKey { scene: 159, anchor: (160, 112) }
learned exit AreaKey { scene: 160, anchor: (496, 1464) } event=2781 -> AreaKey { scene: 159, anchor: (160, 112) }
scene 160 -> 159 at frame 16024 position (800, 1040)
target scene=159 area=(160, 112) event=2757 script=27418 mode=2 state=2 player=(960, 1152) pos=(1024, 1232) path=7
target scene=159 area=(160, 112) event=2756 script=27428 mode=2 state=2 player=(1040, 1208) pos=(1088, 1248) path=2
scene 159 -> 158 at frame 16095 position (912, 1144)
target scene=158 area=(160, 112) event=2752 script=27275 mode=2 state=2 player=(1072, 1256) pos=(928, 1360) path=10
area teleport in scene 158 at frame 16167: (1072, 1256) -> (848, 1448)
continuing target event=2752 across area (832, 1408) path=8
target scene=158 area=(832, 1408) event=2753 script=27292 mode=2 state=2 player=(976, 1384) pos=(1008, 1400) path=0
target scene=158 area=(832, 1408) event=2753 script=27307 mode=2 state=2 player=(976, 1384) pos=(1008, 1400) path=0
target scene=158 area=(832, 1408) event=2752 script=27286 mode=2 state=2 player=(976, 1384) pos=(928, 1360) path=0
target scene=158 area=(832, 1408) event=2754 script=27688 mode=2 state=2 player=(976, 1384) pos=(800, 1408) path=8
target scene=158 area=(832, 1408) event=2751 script=27052 mode=7 state=1 player=(848, 1432) pos=(1024, 1344) path=8
learned targeted exit AreaKey { scene: 158, anchor: (832, 1408) } event=2751 -> AreaKey { scene: 161, anchor: (160, 1856) }
learned exit AreaKey { scene: 158, anchor: (832, 1408) } event=2751 -> AreaKey { scene: 161, anchor: (160, 1856) }
scene 158 -> 161 at frame 16191 position (304, 1624)
target scene=161 area=(160, 1856) event=2792 script=26798 mode=5 state=1 player=(464, 1736) pos=(1792, 928) path=150
learned targeted exit AreaKey { scene: 161, anchor: (160, 1856) } event=2792 -> AreaKey { scene: 162, anchor: (160, 112) }
learned exit AreaKey { scene: 161, anchor: (160, 1856) } event=2792 -> AreaKey { scene: 162, anchor: (160, 112) }
scene 161 -> 162 at frame 16341 position (272, 56)
target scene=162 area=(160, 112) event=2804 script=26806 mode=5 state=1 player=(432, 168) pos=(864, 1392) path=232
learned targeted exit AreaKey { scene: 162, anchor: (160, 112) } event=2804 -> AreaKey { scene: 163, anchor: (160, 112) }
learned exit AreaKey { scene: 162, anchor: (160, 112) } event=2804 -> AreaKey { scene: 163, anchor: (160, 112) }
scene 162 -> 163 at frame 16573 position (512, 592)
target scene=163 area=(160, 112) event=2811 script=27064 mode=6 state=1 player=(672, 704) pos=(1184, 1104) path=58
learned targeted exit AreaKey { scene: 163, anchor: (160, 112) } event=2811 -> AreaKey { scene: 164, anchor: (160, 112) }
learned exit AreaKey { scene: 163, anchor: (160, 112) } event=2811 -> AreaKey { scene: 164, anchor: (160, 112) }
scene 163 -> 164 at frame 16631 position (960, 992)
scene 164 -> 146 at frame 16791 position (896, 192)
area teleport in scene 146 at frame 16792: (1056, 304) -> (1184, 560)
target scene=146 area=(1152, 512) event=2479 script=26814 mode=5 state=1 player=(1184, 560) pos=(1552, 376) path=22
forcing unreached touch target scene=146 event=2479 script=26814 player=(1520, 392) pos=(1552, 376)
running forced event=2479 script=26814 destination=Some(165)
learned exit AreaKey { scene: 146, anchor: (1152, 512) } event=2479 -> AreaKey { scene: 165, anchor: (160, 720) }
scene 146 -> 165 at frame 16821 position (1280, 176)
target scene=165 area=(160, 720) event=2846 script=2151 mode=1 state=2 player=(1440, 288) pos=(1616, 328) path=132
target scene=165 area=(160, 720) event=2846 script=887 mode=1 state=2 player=(1600, 320) pos=(1616, 328) path=0
target scene=165 area=(160, 720) event=2847 script=2157 mode=1 state=2 player=(1600, 320) pos=(1760, 464) path=167
target scene=165 area=(160, 720) event=2847 script=887 mode=1 state=2 player=(1568, 528) pos=(1760, 464) path=11
target scene=165 area=(160, 720) event=2855 script=2127 mode=1 state=2 player=(1744, 456) pos=(1536, 720) path=248
target scene=165 area=(160, 720) event=2855 script=887 mode=1 state=2 player=(1552, 728) pos=(1536, 720) path=0
target scene=165 area=(160, 720) event=2856 script=2001 mode=1 state=2 player=(1552, 728) pos=(1632, 768) path=4
target scene=165 area=(160, 720) event=2856 script=887 mode=1 state=2 player=(1616, 760) pos=(1632, 768) path=0
target scene=165 area=(160, 720) event=2848 script=1989 mode=1 state=2 player=(1616, 760) pos=(1184, 864) path=160
target scene=165 area=(160, 720) event=2848 script=887 mode=1 state=2 player=(1168, 856) pos=(1184, 864) path=0
target scene=165 area=(160, 720) event=2853 script=1947 mode=1 state=2 player=(1168, 856) pos=(352, 880) path=50
target scene=165 area=(160, 720) event=2853 script=887 mode=1 state=2 player=(368, 888) pos=(352, 880) path=0
target scene=165 area=(160, 720) event=2854 script=2133 mode=1 state=2 player=(368, 888) pos=(464, 936) path=5
target scene=165 area=(160, 720) event=2854 script=887 mode=1 state=2 player=(448, 928) pos=(464, 936) path=0
target scene=165 area=(160, 720) event=2844 script=2139 mode=1 state=2 player=(448, 928) pos=(736, 384) path=97
target scene=165 area=(160, 720) event=2844 script=887 mode=1 state=2 player=(720, 376) pos=(736, 384) path=0
target scene=165 area=(160, 720) event=2845 script=1833 mode=1 state=2 player=(720, 376) pos=(832, 432) path=8
target scene=165 area=(160, 720) event=2845 script=887 mode=1 state=2 player=(816, 424) pos=(832, 432) path=0
target scene=165 area=(160, 720) event=2843 script=1989 mode=1 state=2 player=(816, 424) pos=(1136, 296) path=71
target scene=165 area=(160, 720) event=2843 script=887 mode=1 state=2 player=(1152, 304) pos=(1136, 296) path=0
target scene=165 area=(160, 720) event=2850 script=2145 mode=1 state=2 player=(1152, 304) pos=(1056, 1472) path=239
target scene=165 area=(160, 720) event=2850 script=887 mode=1 state=2 player=(1040, 1464) pos=(1056, 1472) path=0
target scene=165 area=(160, 720) event=2851 script=1983 mode=1 state=2 player=(1040, 1464) pos=(1120, 1856) path=104
target scene=165 area=(160, 720) event=2851 script=887 mode=1 state=2 player=(1104, 1848) pos=(1120, 1856) path=0
target scene=165 area=(160, 720) event=2852 script=1839 mode=1 state=2 player=(1104, 1848) pos=(752, 1816) path=117
target scene=165 area=(160, 720) event=2852 script=887 mode=1 state=2 player=(736, 1808) pos=(752, 1816) path=0
target scene=165 area=(160, 720) event=2849 script=1977 mode=1 state=2 player=(736, 1808) pos=(1664, 1872) path=223
target scene=165 area=(160, 720) event=2849 script=887 mode=1 state=2 player=(1648, 1864) pos=(1664, 1872) path=0
target scene=165 area=(160, 720) event=2815 script=26818 mode=5 state=1 player=(1648, 1864) pos=(1392, 1528) path=80
learned targeted exit AreaKey { scene: 165, anchor: (160, 720) } event=2815 -> AreaKey { scene: 166, anchor: (160, 1360) }
learned exit AreaKey { scene: 165, anchor: (160, 720) } event=2815 -> AreaKey { scene: 166, anchor: (160, 1360) }
scene 165 -> 166 at frame 18537 position (864, 608)
target scene=166 area=(160, 1360) event=2896 script=1839 mode=1 state=2 player=(1024, 720) pos=(1184, 864) path=27
target scene=166 area=(160, 1360) event=2903 script=1833 mode=1 state=2 player=(1072, 888) pos=(1120, 912) path=74
target scene=166 area=(160, 1360) event=2903 script=887 mode=1 state=2 player=(1136, 920) pos=(1120, 912) path=0
target scene=166 area=(160, 1360) event=2896 script=887 mode=1 state=2 player=(1136, 920) pos=(1184, 864) path=66
target scene=166 area=(160, 1360) event=2902 script=2007 mode=1 state=2 player=(1200, 872) pos=(464, 936) path=91
target scene=166 area=(160, 1360) event=2902 script=887 mode=1 state=2 player=(480, 928) pos=(464, 936) path=0
target scene=166 area=(160, 1360) event=2897 script=1983 mode=1 state=2 player=(480, 928) pos=(400, 648) path=34
target scene=166 area=(160, 1360) event=2897 script=887 mode=1 state=2 player=(416, 656) pos=(400, 648) path=0
target scene=166 area=(160, 1360) event=2895 script=1857 mode=1 state=2 player=(416, 656) pos=(336, 616) path=6
target scene=166 area=(160, 1360) event=2895 script=887 mode=1 state=2 player=(352, 624) pos=(336, 616) path=0
target scene=166 area=(160, 1360) event=2891 script=1851 mode=1 state=2 player=(352, 624) pos=(1168, 408) path=188
target scene=166 area=(160, 1360) event=2891 script=887 mode=1 state=2 player=(1152, 400) pos=(1168, 408) path=0
target scene=166 area=(160, 1360) event=2892 script=1875 mode=1 state=2 player=(1152, 400) pos=(1344, 480) path=83
target scene=166 area=(160, 1360) event=2892 script=887 mode=1 state=2 player=(1360, 488) pos=(1344, 480) path=0
directing unreachable manual event=2894 script=1869 mode=1 state=2
target scene=166 area=(160, 1360) event=2894 script=1869 mode=1 state=2 player=(1360, 488) pos=(1616, 328) path=0
directing unreachable manual event=2894 script=887 mode=1 state=2
target scene=166 area=(160, 1360) event=2894 script=887 mode=1 state=2 player=(1360, 488) pos=(1616, 328) path=0
target scene=166 area=(160, 1360) event=2901 script=1833 mode=1 state=2 player=(1360, 488) pos=(1760, 1088) path=322
target scene=166 area=(160, 1360) event=2901 script=887 mode=1 state=2 player=(1776, 1096) pos=(1760, 1088) path=0
target scene=166 area=(160, 1360) event=2898 script=1947 mode=1 state=2 player=(1776, 1096) pos=(1056, 1376) path=204
target scene=166 area=(160, 1360) event=2898 script=887 mode=1 state=2 player=(1072, 1384) pos=(1056, 1376) path=0
target scene=166 area=(160, 1360) event=2899 script=1875 mode=1 state=2 player=(1072, 1384) pos=(1024, 1568) path=156
target scene=166 area=(160, 1360) event=2899 script=887 mode=1 state=2 player=(1040, 1576) pos=(1024, 1568) path=0
target scene=166 area=(160, 1360) event=2900 script=1845 mode=1 state=2 player=(1040, 1576) pos=(1104, 1608) path=3
target scene=166 area=(160, 1360) event=2900 script=887 mode=1 state=2 player=(1088, 1600) pos=(1104, 1608) path=0
target scene=166 area=(160, 1360) event=2893 script=1953 mode=1 state=2 player=(1088, 1600) pos=(624, 1528) path=224
target scene=166 area=(160, 1360) event=2893 script=887 mode=1 state=2 player=(608, 1520) pos=(624, 1528) path=0
target scene=166 area=(160, 1360) event=2857 script=26822 mode=5 state=1 player=(608, 1520) pos=(976, 1720) path=197
learned targeted exit AreaKey { scene: 166, anchor: (160, 1360) } event=2857 -> AreaKey { scene: 147, anchor: (208, 904) }
learned exit AreaKey { scene: 166, anchor: (160, 1360) } event=2857 -> AreaKey { scene: 147, anchor: (208, 904) }
scene 166 -> 147 at frame 20212 position (1360, 1048)
target scene=147 area=(208, 904) event=2483 script=27745 mode=1 state=2 player=(1520, 1160) pos=(1472, 1136) path=2
target scene=147 area=(208, 904) event=2483 script=27904 mode=1 state=2 player=(1504, 1168) pos=(1472, 1136) path=3
target scene=147 area=(208, 904) event=2503 script=2031 mode=1 state=2 player=(1488, 1144) pos=(1504, 864) path=316
target scene=147 area=(208, 904) event=2503 script=887 mode=1 state=2 player=(1312, 864) pos=(1504, 864) path=77
target scene=147 area=(208, 904) event=2501 script=1929 mode=1 state=2 player=(1520, 856) pos=(880, 632) path=47
target scene=147 area=(208, 904) event=2501 script=887 mode=1 state=2 player=(896, 640) pos=(880, 632) path=0
target scene=147 area=(208, 904) event=2502 script=1929 mode=1 state=2 player=(896, 640) pos=(944, 600) path=4
target scene=147 area=(208, 904) event=2502 script=887 mode=1 state=2 player=(960, 608) pos=(944, 600) path=0
target scene=147 area=(208, 904) event=2500 script=1959 mode=1 state=2 player=(960, 608) pos=(656, 584) path=156
target scene=147 area=(208, 904) event=2500 script=887 mode=1 state=2 player=(656, 600) pos=(656, 584) path=1
target scene=147 area=(208, 904) event=2504 script=1941 mode=1 state=2 player=(672, 592) pos=(336, 1032) path=246
target scene=147 area=(208, 904) event=2504 script=887 mode=1 state=2 player=(384, 992) pos=(336, 1032) path=4
target scene=147 area=(208, 904) event=2499 script=1929 mode=1 state=2 player=(352, 1024) pos=(656, 1240) path=370
target scene=147 area=(208, 904) event=2499 script=887 mode=1 state=2 player=(672, 1248) pos=(656, 1240) path=0
target scene=147 area=(208, 904) event=2482 script=26826 mode=5 state=1 player=(672, 1248) pos=(1104, 376) path=321
checkpoint iterations=20000 scene=147 position=(1008, 1304)
learned targeted exit AreaKey { scene: 147, anchor: (208, 904) } event=2482 -> AreaKey { scene: 167, anchor: (192, 1136) }
learned exit AreaKey { scene: 147, anchor: (208, 904) } event=2482 -> AreaKey { scene: 167, anchor: (192, 1136) }
scene 147 -> 167 at frame 21786 position (688, 600)
target scene=167 area=(192, 1136) event=2951 script=2079 mode=1 state=2 player=(848, 712) pos=(1040, 888) path=153
target scene=167 area=(192, 1136) event=2951 script=887 mode=1 state=2 player=(1056, 896) pos=(1040, 888) path=0
target scene=167 area=(192, 1136) event=2949 script=2037 mode=1 state=2 player=(1056, 896) pos=(1584, 968) path=108
target scene=167 area=(192, 1136) event=2949 script=887 mode=1 state=2 player=(1568, 960) pos=(1584, 968) path=0
target scene=167 area=(192, 1136) event=2952 script=1785 mode=1 state=2 player=(1568, 960) pos=(1760, 1168) path=257
target scene=167 area=(192, 1136) event=2952 script=887 mode=1 state=2 player=(1744, 1176) pos=(1760, 1168) path=0
target scene=167 area=(192, 1136) event=2950 script=1623 mode=1 state=2 player=(1744, 1176) pos=(1168, 1208) path=187
target scene=167 area=(192, 1136) event=2950 script=887 mode=1 state=2 player=(960, 1280) pos=(1168, 1208) path=12
target scene=167 area=(192, 1136) event=2953 script=1875 mode=1 state=2 player=(1152, 1200) pos=(912, 1720) path=198
target scene=167 area=(192, 1136) event=2953 script=887 mode=1 state=2 player=(928, 1712) pos=(912, 1720) path=0
target scene=167 area=(192, 1136) event=2947 script=1995 mode=1 state=2 player=(928, 1712) pos=(1264, 552) path=278
target scene=167 area=(192, 1136) event=2947 script=887 mode=1 state=2 player=(1248, 560) pos=(1264, 552) path=0
target scene=167 area=(192, 1136) event=2948 script=2121 mode=1 state=2 player=(1248, 560) pos=(912, 312) path=128
target scene=167 area=(192, 1136) event=2948 script=887 mode=1 state=2 player=(832, 320) pos=(912, 312) path=4
target scene=167 area=(192, 1136) event=2954 script=1977 mode=1 state=2 player=(896, 304) pos=(320, 624) path=373
target scene=167 area=(192, 1136) event=2954 script=887 mode=1 state=2 player=(672, 992) pos=(320, 624) path=173
target scene=167 area=(192, 1136) event=2904 script=26830 mode=5 state=1 player=(336, 632) pos=(688, 520) path=28
learned targeted exit AreaKey { scene: 167, anchor: (192, 1136) } event=2904 -> AreaKey { scene: 148, anchor: (160, 112) }
learned exit AreaKey { scene: 167, anchor: (192, 1136) } event=2904 -> AreaKey { scene: 148, anchor: (160, 112) }
scene 167 -> 148 at frame 23685 position (1120, 176)
target scene=148 area=(160, 112) event=2538 script=2451 mode=1 state=2 player=(1280, 288) pos=(1184, 688) path=51
target scene=148 area=(160, 112) event=2538 script=887 mode=1 state=2 player=(1200, 696) pos=(1184, 688) path=0
target scene=148 area=(160, 112) event=2542 script=1887 mode=1 state=2 player=(1200, 696) pos=(656, 680) path=103
target scene=148 area=(160, 112) event=2542 script=887 mode=1 state=2 player=(672, 688) pos=(656, 680) path=0
target scene=148 area=(160, 112) event=2541 script=2439 mode=1 state=2 player=(672, 688) pos=(608, 864) path=47
target scene=148 area=(160, 112) event=2541 script=887 mode=1 state=2 player=(624, 872) pos=(608, 864) path=0
target scene=148 area=(160, 112) event=2540 script=1989 mode=1 state=2 player=(624, 872) pos=(848, 1080) path=85
target scene=148 area=(160, 112) event=2540 script=887 mode=1 state=2 player=(864, 1088) pos=(848, 1080) path=0
target scene=148 area=(160, 112) event=2511 script=27917 mode=2 state=2 player=(864, 1088) pos=(864, 1440) path=51
target scene=148 area=(160, 112) event=2511 script=28025 mode=2 state=2 player=(944, 1464) pos=(864, 1440) path=2
target scene=148 area=(160, 112) event=2539 script=1473 mode=1 state=2 player=(912, 1464) pos=(1248, 1312) path=20
target scene=148 area=(160, 112) event=2539 script=887 mode=1 state=2 player=(1232, 1320) pos=(1248, 1312) path=0
target scene=148 area=(160, 112) event=2507 script=27702 mode=2 state=2 player=(1232, 1320) pos=(352, 592) path=176
marked destination touch VisitKey { scene: 148, area: (384, 576), event_id: 2518, trigger_script: 40837, trigger_mode: 5, state: 2 }
learned exit AreaKey { scene: 148, anchor: (160, 112) } event=2518 -> AreaKey { scene: 148, anchor: (384, 576) }
area teleport in scene 148 at frame 24332: (928, 912) -> (432, 632)
target scene=148 area=(384, 576) event=2505 script=26834 mode=5 state=1 player=(432, 632) pos=(320, 576) path=6
learned targeted exit AreaKey { scene: 148, anchor: (384, 576) } event=2505 -> AreaKey { scene: 154, anchor: (160, 112) }
learned exit AreaKey { scene: 148, anchor: (384, 576) } event=2505 -> AreaKey { scene: 154, anchor: (160, 112) }
scene 148 -> 154 at frame 24338 position (1296, 1272)
target scene=154 area=(160, 112) event=2582 script=28099 mode=2 state=2 player=(1456, 1384) pos=(1072, 1080) path=167
target scene=154 area=(160, 112) event=2582 script=28188 mode=2 state=2 player=(1024, 1056) pos=(1072, 1080) path=0
target scene=154 area=(160, 112) event=2609 script=2235 mode=1 state=2 player=(1024, 1056) pos=(800, 1168) path=55
target scene=154 area=(160, 112) event=2609 script=887 mode=1 state=2 player=(784, 1176) pos=(800, 1168) path=0
target scene=154 area=(160, 112) event=2608 script=1341 mode=1 state=2 player=(784, 1176) pos=(320, 1136) path=202
target scene=154 area=(160, 112) event=2608 script=887 mode=1 state=2 player=(336, 1144) pos=(320, 1136) path=0
target scene=154 area=(160, 112) event=2610 script=2031 mode=1 state=2 player=(336, 1144) pos=(352, 752) path=48
target scene=154 area=(160, 112) event=2610 script=887 mode=1 state=2 player=(368, 760) pos=(352, 752) path=0
target scene=154 area=(160, 112) event=2607 script=1845 mode=1 state=2 player=(368, 760) pos=(944, 824) path=39
target scene=154 area=(160, 112) event=2607 script=887 mode=1 state=2 player=(928, 832) pos=(944, 824) path=0
target scene=154 area=(160, 112) event=2580 script=28232 mode=2 state=2 player=(928, 832) pos=(1392, 776) path=154
learned exit AreaKey { scene: 154, anchor: (160, 112) } event=2577 -> AreaKey { scene: 148, anchor: (160, 112) }
scene 154 -> 148 at frame 24922 position (208, 488)
target scene=148 area=(160, 112) event=2513 script=40811 mode=5 state=2 player=(368, 600) pos=(320, 800) path=23
target scene=148 area=(160, 112) event=2514 script=40813 mode=5 state=2 player=(320, 784) pos=(368, 968) path=21
target scene=148 area=(160, 112) event=2515 script=40280 mode=5 state=2 player=(368, 952) pos=(512, 1056) path=13
target scene=148 area=(160, 112) event=2521 script=40839 mode=5 state=2 player=(480, 1056) pos=(912, 1144) path=55
target scene=148 area=(160, 112) event=2523 script=40767 mode=5 state=2 player=(912, 1160) pos=(1008, 1192) path=28
target scene=148 area=(160, 112) event=2524 script=40809 mode=5 state=2 player=(1040, 1192) pos=(928, 1264) path=7
target scene=148 area=(160, 112) event=2528 script=40815 mode=5 state=2 player=(928, 1248) pos=(1520, 1240) path=35
target scene=148 area=(160, 112) event=2526 script=40841 mode=5 state=2 player=(1488, 1240) pos=(1632, 1184) path=15
target scene=148 area=(160, 112) event=2525 script=40813 mode=5 state=2 player=(1600, 1184) pos=(1496, 1132) path=6
target scene=148 area=(160, 112) event=2527 script=40831 mode=5 state=2 player=(1520, 1144) pos=(1232, 888) path=30
target scene=148 area=(160, 112) event=2529 script=40837 mode=5 state=2 player=(1232, 904) pos=(1056, 656) path=39
target scene=148 area=(160, 112) event=2531 script=40809 mode=5 state=2 player=(1024, 656) pos=(1264, 648) path=36
target scene=148 area=(160, 112) event=2532 script=40841 mode=5 state=2 player=(1296, 632) pos=(1352, 604) path=3
target scene=148 area=(160, 112) event=2536 script=40843 mode=5 state=2 player=(1344, 608) pos=(1528, 604) path=10
target scene=148 area=(160, 112) event=2535 script=40815 mode=5 state=2 player=(1504, 608) pos=(1536, 416) path=52
target scene=148 area=(160, 112) event=2530 script=40815 mode=5 state=2 player=(1504, 416) pos=(1152, 544) path=60
target scene=148 area=(160, 112) event=2533 script=40809 mode=5 state=2 player=(1184, 544) pos=(848, 472) path=53
target scene=148 area=(160, 112) event=2517 script=40843 mode=5 state=2 player=(880, 472) pos=(656, 760) path=120
target scene=148 area=(160, 112) event=2537 script=40176 mode=5 state=2 player=(688, 760) pos=(656, 872) path=34
target scene=148 area=(160, 112) event=2519 script=40843 mode=5 state=2 player=(688, 872) pos=(720, 1240) path=44
target scene=148 area=(160, 112) event=2520 script=40845 mode=5 state=2 player=(720, 1224) pos=(600, 1284) path=7
target scene=148 area=(160, 112) event=2505 script=26834 mode=5 state=1 player=(608, 1280) pos=(320, 576) path=88
learned targeted exit AreaKey { scene: 148, anchor: (160, 112) } event=2505 -> AreaKey { scene: 154, anchor: (160, 112) }
learned exit AreaKey { scene: 148, anchor: (160, 112) } event=2505 -> AreaKey { scene: 154, anchor: (160, 112) }
scene 148 -> 154 at frame 25806 position (1296, 1272)
target scene=154 area=(160, 112) event=2580 script=28232 mode=2 state=2 player=(1456, 1384) pos=(1392, 776) path=173
target scene=154 area=(160, 112) event=2582 script=28191 mode=2 state=2 player=(1264, 1000) pos=(1072, 1080) path=189
target scene=154 area=(160, 112) event=2611 script=1941 mode=1 state=2 player=(1024, 1056) pos=(704, 576) path=271
target scene=154 area=(160, 112) event=2611 script=887 mode=1 state=2 player=(720, 584) pos=(704, 576) path=0
target scene=154 area=(160, 112) event=2578 script=26842 mode=5 state=1 player=(720, 584) pos=(1152, 1120) path=278
learned targeted exit AreaKey { scene: 154, anchor: (160, 112) } event=2578 -> AreaKey { scene: 156, anchor: (240, 1160) }
learned exit AreaKey { scene: 154, anchor: (160, 112) } event=2578 -> AreaKey { scene: 156, anchor: (240, 1160) }
scene 154 -> 156 at frame 26719 position (160, 1600)
target scene=156 area=(240, 1160) event=2687 script=2049 mode=1 state=2 player=(320, 1712) pos=(640, 1504) path=75
target scene=156 area=(240, 1160) event=2687 script=887 mode=1 state=2 player=(656, 1512) pos=(640, 1504) path=0
target scene=156 area=(240, 1160) event=2690 script=1851 mode=1 state=2 player=(656, 1512) pos=(1040, 1784) path=591
target scene=156 area=(240, 1160) event=2686 script=1857 mode=1 state=2 player=(288, 1552) pos=(448, 1072) path=107
target scene=156 area=(240, 1160) event=2686 script=887 mode=1 state=2 player=(464, 1080) pos=(448, 1072) path=0
target scene=156 area=(240, 1160) event=2685 script=1833 mode=1 state=2 player=(464, 1080) pos=(816, 872) path=245
target scene=156 area=(240, 1160) event=2685 script=887 mode=1 state=2 player=(800, 880) pos=(816, 872) path=0
target scene=156 area=(240, 1160) event=2684 script=2049 mode=1 state=2 player=(800, 880) pos=(704, 688) path=301
target scene=156 area=(240, 1160) event=2684 script=887 mode=1 state=2 player=(320, 1056) pos=(704, 688) path=101
target scene=156 area=(240, 1160) event=2683 script=2001 mode=1 state=2 player=(320, 1056) pos=(992, 704) path=43
target scene=156 area=(240, 1160) event=2683 script=887 mode=1 state=2 player=(432, 1000) pos=(992, 704) path=36
target scene=156 area=(240, 1160) event=2682 script=1785 mode=1 state=2 player=(432, 1000) pos=(816, 472) path=219
target scene=156 area=(240, 1160) event=2688 script=1953 mode=1 state=2 player=(640, 1168) pos=(1456, 1432) path=374
target scene=156 area=(240, 1160) event=2688 script=887 mode=1 state=2 player=(1024, 1424) pos=(1456, 1432) path=148
target scene=156 area=(240, 1160) event=2689 script=2451 mode=1 state=2 player=(1472, 1440) pos=(1344, 1744) path=871
target scene=156 area=(240, 1160) event=2690 script=887 mode=1 state=2 player=(336, 1560) pos=(1040, 1784) path=503
target scene=156 area=(240, 1160) event=2689 script=887 mode=1 state=2 player=(288, 1552) pos=(1344, 1744) path=545
target scene=156 area=(240, 1160) event=2682 script=887 mode=1 state=2 player=(336, 1560) pos=(816, 472) path=289
directing unreachable manual event=2681 script=2265 mode=1 state=2
target scene=156 area=(240, 1160) event=2681 script=2265 mode=1 state=2 player=(640, 1168) pos=(1408, 592) path=0
directing unreachable manual event=2681 script=887 mode=1 state=2
target scene=156 area=(240, 1160) event=2681 script=887 mode=1 state=2 player=(640, 1168) pos=(1408, 592) path=0
target scene=156 area=(240, 1160) event=2680 script=1845 mode=1 state=2 player=(640, 1168) pos=(1584, 312) path=292
target scene=156 area=(240, 1160) event=2680 script=887 mode=1 state=2 player=(704, 1136) pos=(1584, 312) path=288
checkpoint iterations=30000 scene=156 position=(336, 1048)
target scene=156 area=(240, 1160) event=2616 script=26846 mode=5 state=1 player=(704, 1136) pos=(592, 1832) path=496
forcing unreached touch target scene=156 event=2616 script=26846 player=(288, 1552) pos=(592, 1832)
running forced event=2616 script=26846 destination=Some(168)
scene 156 -> 168 at frame 32248 position (304, 744)
target scene=168 area=(160, 112) event=2976 script=1323 mode=1 state=2 player=(464, 856) pos=(752, 584) path=47
target scene=168 area=(160, 112) event=2976 script=887 mode=1 state=2 player=(736, 592) pos=(752, 584) path=0
target scene=168 area=(160, 112) event=2978 script=2001 mode=1 state=2 player=(736, 592) pos=(1408, 576) path=153
target scene=168 area=(160, 112) event=2978 script=887 mode=1 state=2 player=(1392, 568) pos=(1408, 576) path=0
target scene=168 area=(160, 112) event=2977 script=1959 mode=1 state=2 player=(1392, 568) pos=(1808, 696) path=131
learned exit AreaKey { scene: 168, anchor: (160, 112) } event=2955 -> AreaKey { scene: 145, anchor: (192, 1040) }
scene 168 -> 145 at frame 32528 position (304, 1048)
target scene=145 area=(192, 1040) event=2475 script=28338 mode=5 state=1 player=(464, 1160) pos=(1536, 432) path=111
learned targeted exit AreaKey { scene: 145, anchor: (192, 1040) } event=2475 -> AreaKey { scene: 169, anchor: (160, 112) }
learned exit AreaKey { scene: 145, anchor: (192, 1040) } event=2475 -> AreaKey { scene: 169, anchor: (160, 112) }
scene 145 -> 169 at frame 32745 position (1392, 312)
scene 169 -> 170 at frame 32745 position (416, 1376)
scene 170 -> 171 at frame 32788 position (928, 1312)
scene 171 -> 169 at frame 32812 position (720, 904)
scene 169 -> 145 at frame 32828 position (992, 1040)
target scene=145 area=(160, 112) event=2473 script=27000 mode=5 state=1 player=(1152, 1152) pos=(512, 1184) path=38
scene 145 -> 1 at frame 0 position (0, 0)
directing unreachable manual event=5 script=6318 mode=1 state=1
target scene=1 area=(160, 112) event=5 script=6318 mode=1 state=1 player=(160, 112) pos=(1248, 272) path=0
directing unreachable manual event=8 script=4549 mode=1 state=1
target scene=1 area=(160, 112) event=8 script=4549 mode=1 state=1 player=(160, 112) pos=(640, 608) path=0
area teleport in scene 1 at frame 30: (160, 112) -> (1344, 288)
target scene=1 area=(1344, 256) event=10 script=4510 mode=2 state=1 player=(1344, 288) pos=(1376, 272) path=0
target scene=1 area=(1344, 256) event=7 script=6330 mode=1 state=1 player=(1344, 288) pos=(1456, 312) path=6
learned exit AreaKey { scene: 1, anchor: (1344, 256) } event=10 -> AreaKey { scene: 1, anchor: (640, 576) }
area teleport in scene 1 at frame 114: (1376, 272) -> (672, 624)
directing unreachable manual event=6 script=6324 mode=1 state=1
target scene=1 area=(640, 576) event=6 script=6324 mode=1 state=1 player=(672, 624) pos=(1264, 392) path=0
directing unreachable manual event=22 script=6359 mode=1 state=1
target scene=1 area=(640, 576) event=22 script=6359 mode=1 state=1 player=(672, 624) pos=(496, 1112) path=0
directing unreachable manual event=32 script=2970 mode=1 state=1
target scene=1 area=(640, 576) event=32 script=2970 mode=1 state=1 player=(672, 624) pos=(1312, 368) path=0
directing unreachable manual event=23 script=6365 mode=1 state=1
target scene=1 area=(640, 576) event=23 script=6365 mode=1 state=1 player=(672, 624) pos=(464, 1128) path=0
directing unreachable manual event=24 script=6371 mode=1 state=1
target scene=1 area=(640, 576) event=24 script=6371 mode=1 state=1 player=(672, 624) pos=(416, 1152) path=0
directing unreachable manual event=7 script=6330 mode=1 state=1
target scene=1 area=(640, 576) event=7 script=6330 mode=1 state=1 player=(672, 624) pos=(1456, 312) path=0
directing unreachable manual event=15 script=6347 mode=1 state=1
target scene=1 area=(640, 576) event=15 script=6347 mode=1 state=1 player=(672, 624) pos=(1472, 1040) path=0
directing unreachable manual event=14 script=6336 mode=1 state=1
target scene=1 area=(640, 576) event=14 script=6336 mode=1 state=1 player=(672, 624) pos=(1520, 1064) path=0
target scene=1 area=(640, 576) event=2 script=69 mode=4 state=1 player=(672, 624) pos=(672, 624) path=0
learned targeted exit AreaKey { scene: 1, anchor: (640, 576) } event=2 -> AreaKey { scene: 1, anchor: (704, 640) }
marked destination touch VisitKey { scene: 1, area: (704, 640), event_id: 2, trigger_script: 69, trigger_mode: 4, state: 1 }
learned exit AreaKey { scene: 1, anchor: (640, 576) } event=2 -> AreaKey { scene: 1, anchor: (704, 640) }
area teleport in scene 1 at frame 123: (672, 624) -> (736, 688)
target scene=1 area=(704, 640) event=1 script=4667 mode=5 state=1 player=(736, 688) pos=(512, 800) path=13
learned targeted exit AreaKey { scene: 1, anchor: (704, 640) } event=1 -> AreaKey { scene: 3, anchor: (160, 112) }
learned exit AreaKey { scene: 1, anchor: (704, 640) } event=1 -> AreaKey { scene: 3, anchor: (160, 112) }
scene 1 -> 3 at frame 136 position (1280, 1424)
target scene=3 area=(160, 112) event=75 script=8149 mode=1 state=2 player=(1440, 1536) pos=(1440, 1424) path=33
learned exit AreaKey { scene: 3, anchor: (160, 112) } event=46 -> AreaKey { scene: 1, anchor: (512, 784) }
scene 3 -> 1 at frame 137 position (384, 672)
target scene=1 area=(512, 784) event=3 script=42 mode=5 state=1 player=(544, 784) pos=(720, 664) path=13
learned targeted exit AreaKey { scene: 1, anchor: (512, 784) } event=3 -> AreaKey { scene: 1, anchor: (640, 576) }
marked destination touch VisitKey { scene: 1, area: (640, 576), event_id: 3, trigger_script: 42, trigger_mode: 5, state: 1 }
learned exit AreaKey { scene: 1, anchor: (512, 784) } event=3 -> AreaKey { scene: 1, anchor: (640, 576) }
area teleport in scene 1 at frame 159: (720, 680) -> (656, 616)
target scene=1 area=(640, 576) event=2 script=69 mode=4 state=1 player=(656, 616) pos=(672, 624) path=1
learned targeted exit AreaKey { scene: 1, anchor: (640, 576) } event=2 -> AreaKey { scene: 1, anchor: (704, 640) }
marked destination touch VisitKey { scene: 1, area: (704, 640), event_id: 2, trigger_script: 69, trigger_mode: 4, state: 1 }
learned exit AreaKey { scene: 1, anchor: (640, 576) } event=2 -> AreaKey { scene: 1, anchor: (704, 640) }
area teleport in scene 1 at frame 169: (672, 624) -> (736, 688)
target scene=1 area=(704, 640) event=3 script=42 mode=5 state=1 player=(736, 688) pos=(720, 664) path=1
learned targeted exit AreaKey { scene: 1, anchor: (704, 640) } event=3 -> AreaKey { scene: 1, anchor: (640, 576) }
marked destination touch VisitKey { scene: 1, area: (640, 576), event_id: 3, trigger_script: 42, trigger_mode: 5, state: 1 }
learned exit AreaKey { scene: 1, anchor: (704, 640) } event=3 -> AreaKey { scene: 1, anchor: (640, 576) }
area teleport in scene 1 at frame 179: (720, 680) -> (656, 616)
target scene=1 area=(640, 576) event=2 script=69 mode=4 state=1 player=(656, 616) pos=(672, 624) path=1
learned targeted exit AreaKey { scene: 1, anchor: (640, 576) } event=2 -> AreaKey { scene: 1, anchor: (704, 640) }
marked destination touch VisitKey { scene: 1, area: (704, 640), event_id: 2, trigger_script: 69, trigger_mode: 4, state: 1 }
learned exit AreaKey { scene: 1, anchor: (640, 576) } event=2 -> AreaKey { scene: 1, anchor: (704, 640) }
area teleport in scene 1 at frame 189: (672, 624) -> (736, 688)
target scene=1 area=(704, 640) event=1 script=4667 mode=5 state=1 player=(736, 688) pos=(512, 800) path=13
learned targeted exit AreaKey { scene: 1, anchor: (704, 640) } event=1 -> AreaKey { scene: 3, anchor: (160, 112) }
learned exit AreaKey { scene: 1, anchor: (704, 640) } event=1 -> AreaKey { scene: 3, anchor: (160, 112) }
scene 1 -> 3 at frame 202 position (1280, 1424)
target scene=3 area=(160, 112) event=75 script=8149 mode=1 state=2 player=(1440, 1536) pos=(1440, 1424) path=95
target scene=3 area=(160, 112) event=74 script=8149 mode=1 state=1 player=(1264, 1480) pos=(1424, 1416) path=97
target scene=3 area=(160, 112) event=60 script=4808 mode=3 state=2 player=(1248, 1488) pos=(1216, 1344) path=82
target scene=3 area=(160, 112) event=75 script=8149 mode=1 state=1 player=(1232, 1496) pos=(1440, 1424) path=94
target scene=3 area=(160, 112) event=62 script=4815 mode=3 state=2 player=(1264, 1480) pos=(1152, 1344) path=73
target scene=3 area=(160, 112) event=62 script=4820 mode=3 state=2 player=(1168, 1464) pos=(1152, 1344) path=75
target scene=3 area=(160, 112) event=61 script=4812 mode=3 state=2 player=(1168, 1464) pos=(1184, 1312) path=78
target scene=3 area=(160, 112) event=68 script=2670 mode=1 state=1 player=(1168, 1464) pos=(960, 1568) path=12
target scene=3 area=(160, 112) event=66 script=6377 mode=1 state=1 player=(976, 1560) pos=(976, 1608) path=7
target scene=3 area=(160, 112) event=63 script=5017 mode=1 state=2 player=(960, 1600) pos=(1024, 1680) path=21
target scene=3 area=(160, 112) event=67 script=6383 mode=1 state=1 player=(1040, 1672) pos=(1568, 1616) path=32
target scene=3 area=(160, 112) event=50 script=4463 mode=5 state=1 player=(1552, 1608) pos=(1328, 1448) path=19
learned targeted exit AreaKey { scene: 3, anchor: (160, 112) } event=50 -> AreaKey { scene: 2, anchor: (1168, 728) }
learned exit AreaKey { scene: 3, anchor: (160, 112) } event=50 -> AreaKey { scene: 2, anchor: (1168, 728) }
scene 3 -> 2 at frame 887 position (1072, 648)
target scene=2 area=(1168, 728) event=43 script=2730 mode=1 state=1 player=(1232, 760) pos=(1184, 704) path=6
target scene=2 area=(1168, 728) event=42 script=2586 mode=1 state=1 player=(1200, 712) pos=(1456, 712) path=15
target scene=2 area=(1168, 728) event=44 script=2790 mode=1 state=1 player=(1440, 720) pos=(1456, 696) path=4
target scene=2 area=(1168, 728) event=34 script=6353 mode=1 state=1 player=(1440, 688) pos=(1328, 632) path=6
target scene=2 area=(1168, 728) event=33 script=4467 mode=5 state=1 player=(1344, 640) pos=(1184, 784) path=17
learned targeted exit AreaKey { scene: 2, anchor: (1168, 728) } event=33 -> AreaKey { scene: 3, anchor: (160, 112) }
learned exit AreaKey { scene: 2, anchor: (1168, 728) } event=33 -> AreaKey { scene: 3, anchor: (160, 112) }
scene 2 -> 3 at frame 935 position (1136, 1352)
target scene=3 area=(160, 112) event=45 script=6065 mode=6 state=1 player=(1296, 1464) pos=(976, 1704) path=27
forcing unreached touch target scene=3 event=45 script=6065 player=(1024, 1664) pos=(976, 1704)
running forced event=45 script=6065 destination=Some(4)
scene 3 -> 4 at frame 967 position (1088, 784)
target scene=4 area=(160, 1328) event=87 script=5211 mode=3 state=2 player=(1248, 896) pos=(1152, 1008) path=9
target scene=4 area=(160, 1328) event=87 script=5225 mode=3 state=2 player=(1200, 968) pos=(1152, 1008) path=0
target scene=4 area=(160, 1328) event=85 script=5679 mode=3 state=2 player=(1200, 968) pos=(1088, 1024) path=3
target scene=4 area=(160, 1328) event=85 script=5697 mode=3 state=2 player=(1152, 992) pos=(1088, 1024) path=0
target scene=4 area=(160, 1328) event=86 script=5185 mode=3 state=2 player=(1152, 992) pos=(1072, 1016) path=0
target scene=4 area=(160, 1328) event=86 script=5206 mode=3 state=2 player=(1152, 992) pos=(1072, 1016) path=0
target scene=4 area=(160, 1328) event=88 script=5236 mode=3 state=2 player=(1152, 992) pos=(992, 944) path=5
target scene=4 area=(160, 1328) event=102 script=20 mode=1 state=2 player=(1072, 968) pos=(1264, 1240) path=35
target scene=4 area=(160, 1328) event=103 script=20 mode=1 state=2 player=(1168, 1208) pos=(1280, 1248) path=6
target scene=4 area=(160, 1328) event=112 script=2628 mode=1 state=1 player=(1264, 1240) pos=(1392, 1288) path=9
learned exit AreaKey { scene: 4, anchor: (160, 1328) } event=99 -> AreaKey { scene: 8, anchor: (160, 112) }
scene 4 -> 8 at frame 1025 position (528, 1528)
target scene=8 area=(160, 112) event=183 script=2622 mode=1 state=1 player=(688, 1640) pos=(672, 1440) path=24
target scene=8 area=(160, 112) event=181 script=7782 mode=2 state=2 player=(688, 1448) pos=(864, 1376) path=8
target scene=8 area=(160, 112) event=181 script=7786 mode=2 state=2 player=(816, 1400) pos=(864, 1376) path=0
target scene=8 area=(160, 112) event=185 script=2970 mode=1 state=1 player=(816, 1400) pos=(912, 1528) path=17
target scene=8 area=(160, 112) event=184 script=2574 mode=1 state=1 player=(896, 1520) pos=(976, 1560) path=6
target scene=8 area=(160, 112) event=182 script=2610 mode=1 state=1 player=(960, 1552) pos=(768, 256) path=193
learned exit AreaKey { scene: 8, anchor: (160, 112) } event=180 -> AreaKey { scene: 4, anchor: (160, 1328) }
scene 8 -> 4 at frame 1097 position (1088, 1136)
target scene=4 area=(160, 1328) event=112 script=2628 mode=1 state=1 player=(1248, 1248) pos=(1392, 1288) path=8
target scene=4 area=(160, 1328) event=105 script=20 mode=1 state=2 player=(1376, 1296) pos=(1232, 1560) path=34
target scene=4 area=(160, 1328) event=104 script=20 mode=1 state=2 player=(1248, 1568) pos=(1216, 1568) path=1
target scene=4 area=(160, 1328) event=111 script=6407 mode=1 state=1 player=(1232, 1576) pos=(1200, 1608) path=5
target scene=4 area=(160, 1328) event=110 script=6401 mode=1 state=1 player=(1216, 1616) pos=(1168, 1624) path=2
target scene=4 area=(160, 1328) event=78 script=8381 mode=2 state=2 player=(1184, 1632) pos=(992, 1680) path=9
target scene=4 area=(160, 1328) event=78 script=8397 mode=2 state=2 player=(1040, 1704) pos=(992, 1680) path=0
target scene=4 area=(160, 1328) event=78 script=8407 mode=2 state=2 player=(1040, 1704) pos=(992, 1680) path=0
target scene=4 area=(160, 1328) event=78 script=8417 mode=2 state=2 player=(1040, 1704) pos=(992, 1680) path=0
target scene=4 area=(160, 1328) event=78 script=8427 mode=2 state=2 player=(1040, 1704) pos=(992, 1680) path=0
target scene=4 area=(160, 1328) event=78 script=8437 mode=2 state=2 player=(1040, 1704) pos=(992, 1680) path=0
target scene=4 area=(160, 1328) event=83 script=5593 mode=3 state=2 player=(1040, 1704) pos=(1504, 1760) path=24
target scene=4 area=(160, 1328) event=83 script=5600 mode=3 state=2 player=(1424, 1736) pos=(1504, 1760) path=0
target scene=4 area=(160, 1328) event=83 script=5612 mode=3 state=2 player=(1424, 1736) pos=(1504, 1760) path=0
directing unreachable manual event=77 script=5280 mode=3 state=2
target scene=4 area=(160, 1328) event=77 script=5280 mode=3 state=2 player=(1424, 1736) pos=(1386, 1413) path=0
target scene=4 area=(160, 1328) event=106 script=25 mode=2 state=1 player=(1424, 1736) pos=(960, 1424) path=40
target scene=4 area=(160, 1328) event=113 script=7739 mode=2 state=2 player=(1008, 1448) pos=(352, 1440) path=38
target scene=4 area=(160, 1328) event=113 script=7747 mode=2 state=2 player=(400, 1464) pos=(352, 1440) path=0
target scene=4 area=(160, 1328) event=113 script=7757 mode=2 state=2 player=(400, 1464) pos=(352, 1440) path=0
target scene=4 area=(160, 1328) event=113 script=7759 mode=2 state=2 player=(400, 1464) pos=(352, 1440) path=0
target scene=4 area=(160, 1328) event=108 script=6389 mode=1 state=2 player=(400, 1464) pos=(1184, 336) path=140
target scene=4 area=(160, 1328) event=109 script=6395 mode=1 state=2 player=(1200, 344) pos=(1248, 352) path=2
target scene=4 area=(160, 1328) event=100 script=6039 mode=5 state=1 player=(1232, 344) pos=(960, 912) path=74
learned targeted exit AreaKey { scene: 4, anchor: (160, 1328) } event=100 -> AreaKey { scene: 9, anchor: (160, 112) }
learned exit AreaKey { scene: 4, anchor: (160, 1328) } event=100 -> AreaKey { scene: 9, anchor: (160, 112) }
scene 4 -> 9 at frame 1474 position (800, 416)
target scene=9 area=(160, 112) event=190 script=2676 mode=1 state=1 player=(960, 528) pos=(880, 968) path=114
learned exit AreaKey { scene: 9, anchor: (160, 112) } event=186 -> AreaKey { scene: 4, anchor: (160, 1328) }
scene 9 -> 4 at frame 1475 position (832, 816)
target scene=4 area=(160, 1328) event=101 script=6447 mode=5 state=1 player=(992, 928) pos=(1216, 1552) path=81
learned targeted exit AreaKey { scene: 4, anchor: (160, 1328) } event=101 -> AreaKey { scene: 10, anchor: (160, 112) }
learned exit AreaKey { scene: 4, anchor: (160, 1328) } event=101 -> AreaKey { scene: 10, anchor: (160, 112) }
scene 4 -> 10 at frame 1556 position (832, 1424)
target scene=10 area=(160, 112) event=194 script=8257 mode=2 state=2 player=(992, 1536) pos=(800, 1488) path=9
target scene=10 area=(160, 112) event=192 script=6419 mode=3 state=2 player=(848, 1512) pos=(800, 1440) path=4
target scene=10 area=(160, 112) event=193 script=6451 mode=5 state=1 player=(848, 1480) pos=(1024, 1552) path=9
learned targeted exit AreaKey { scene: 10, anchor: (160, 112) } event=193 -> AreaKey { scene: 4, anchor: (160, 1328) }
learned exit AreaKey { scene: 10, anchor: (160, 112) } event=193 -> AreaKey { scene: 4, anchor: (160, 1328) }
scene 10 -> 4 at frame 1578 position (1088, 1456)
target scene=4 area=(160, 1328) event=96 script=5804 mode=7 state=1 player=(1248, 1568) pos=(1824, 1328) path=32
learned targeted exit AreaKey { scene: 4, anchor: (160, 1328) } event=96 -> AreaKey { scene: 5, anchor: (160, 1648) }
learned exit AreaKey { scene: 4, anchor: (160, 1328) } event=96 -> AreaKey { scene: 5, anchor: (160, 1648) }
scene 4 -> 5 at frame 1610 position (96, 1536)
directing unreachable manual event=145 script=2670 mode=1 state=1
target scene=5 area=(160, 1648) event=145 script=2670 mode=1 state=1 player=(256, 1648) pos=(240, 1464) path=0
target scene=5 area=(160, 1648) event=132 script=8209 mode=3 state=2 player=(256, 1648) pos=(624, 1512) path=18
target scene=5 area=(160, 1648) event=132 script=8225 mode=3 state=2 player=(544, 1536) pos=(624, 1512) path=0
target scene=5 area=(160, 1648) event=143 script=2670 mode=1 state=1 player=(544, 1536) pos=(496, 1448) path=10
target scene=5 area=(160, 1648) event=134 script=8244 mode=2 state=2 player=(512, 1456) pos=(480, 1440) path=0
target scene=5 area=(160, 1648) event=129 script=8157 mode=3 state=2 player=(512, 1456) pos=(512, 1408) path=2
target scene=5 area=(160, 1648) event=130 script=8174 mode=3 state=2 player=(544, 1440) pos=(576, 1376) path=4
target scene=5 area=(160, 1648) event=130 script=8184 mode=3 state=2 player=(608, 1408) pos=(576, 1376) path=0
target scene=5 area=(160, 1648) event=128 script=6022 mode=3 state=2 player=(608, 1408) pos=(752, 1448) path=4
target scene=5 area=(160, 1648) event=128 script=6028 mode=3 state=2 player=(672, 1424) pos=(752, 1448) path=0
target scene=5 area=(160, 1648) event=131 script=8190 mode=3 state=2 player=(672, 1424) pos=(672, 1328) path=7
target scene=5 area=(160, 1648) event=131 script=8206 mode=3 state=2 player=(720, 1368) pos=(672, 1328) path=0
target scene=5 area=(160, 1648) event=133 script=8228 mode=3 state=2 player=(720, 1368) pos=(864, 1408) path=4
target scene=5 area=(160, 1648) event=133 script=8240 mode=3 state=2 player=(784, 1384) pos=(864, 1408) path=0
target scene=5 area=(160, 1648) event=124 script=5846 mode=3 state=2 player=(784, 1384) pos=(960, 1376) path=6
target scene=5 area=(160, 1648) event=147 script=2778 mode=1 state=1 player=(880, 1352) pos=(784, 1288) path=7
target scene=5 area=(160, 1648) event=148 script=2760 mode=1 state=1 player=(800, 1296) pos=(832, 1264) path=3
target scene=5 area=(160, 1648) event=139 script=20 mode=1 state=2 player=(848, 1272) pos=(672, 1248) path=12
target scene=5 area=(160, 1648) event=138 script=20 mode=1 state=2 player=(656, 1256) pos=(656, 1240) path=1
target scene=5 area=(160, 1648) event=135 script=20 mode=1 state=2 player=(672, 1248) pos=(400, 1336) path=34
learned exit AreaKey { scene: 5, anchor: (160, 1648) } event=140 -> AreaKey { scene: 12, anchor: (608, 544) }
scene 5 -> 12 at frame 1688 position (528, 488)
target scene=12 area=(608, 544) event=198 script=7763 mode=2 state=2 player=(688, 600) pos=(880, 568) path=9
target scene=12 area=(608, 544) event=197 script=4443 mode=5 state=1 player=(832, 544) pos=(640, 624) path=10
learned targeted exit AreaKey { scene: 12, anchor: (608, 544) } event=197 -> AreaKey { scene: 5, anchor: (160, 1648) }
learned exit AreaKey { scene: 12, anchor: (608, 544) } event=197 -> AreaKey { scene: 5, anchor: (160, 1648) }
scene 12 -> 5 at frame 1707 position (480, 1136)
target scene=5 area=(160, 1648) event=135 script=20 mode=1 state=2 player=(640, 1248) pos=(400, 1336) path=32
target scene=5 area=(160, 1648) event=136 script=20 mode=1 state=2 player=(384, 1344) pos=(416, 1344) path=1
target scene=5 area=(160, 1648) event=146 script=2700 mode=1 state=1 player=(400, 1336) pos=(400, 1096) path=35
learned exit AreaKey { scene: 5, anchor: (160, 1648) } event=137 -> AreaKey { scene: 13, anchor: (560, 808) }
scene 5 -> 13 at frame 1740 position (512, 768)
target scene=13 area=(560, 808) event=201 script=8260 mode=2 state=2 player=(672, 880) pos=(848, 696) path=20
target scene=13 area=(560, 808) event=199 script=4451 mode=5 state=1 player=(832, 720) pos=(624, 904) path=21
learned targeted exit AreaKey { scene: 13, anchor: (560, 808) } event=199 -> AreaKey { scene: 5, anchor: (160, 1648) }
learned exit AreaKey { scene: 13, anchor: (560, 808) } event=199 -> AreaKey { scene: 5, anchor: (160, 1648) }
scene 13 -> 5 at frame 1781 position (224, 1232)
target scene=5 area=(160, 1648) event=146 script=2700 mode=1 state=1 player=(384, 1344) pos=(400, 1096) path=34
target scene=5 area=(160, 1648) event=141 script=6413 mode=1 state=1 player=(416, 1104) pos=(288, 1040) path=19
directing unreachable manual event=127 script=7916 mode=0 state=1
target scene=5 area=(160, 1648) event=127 script=7916 mode=0 state=1 player=(304, 1032) pos=(1248, 1200) path=0
target scene=5 area=(160, 1648) event=144 script=2700 mode=1 state=1 player=(304, 1032) pos=(752, 1736) path=99
target scene=5 area=(160, 1648) event=119 script=5812 mode=3 state=2 player=(768, 1744) pos=(928, 1728) path=5
target scene=5 area=(160, 1648) event=119 script=5818 mode=3 state=2 player=(848, 1704) pos=(928, 1728) path=0
target scene=5 area=(160, 1648) event=119 script=5824 mode=3 state=2 player=(848, 1704) pos=(928, 1728) path=0
target scene=5 area=(160, 1648) event=119 script=5831 mode=3 state=2 player=(848, 1704) pos=(928, 1728) path=0
target scene=5 area=(160, 1648) event=125 script=5944 mode=6 state=2 player=(848, 1704) pos=(1040, 1432) path=44
target scene=5 area=(160, 1648) event=125 script=5968 mode=3 state=2 player=(1008, 1416) pos=(1040, 1432) path=0
target scene=5 area=(160, 1648) event=124 script=5852 mode=6 state=2 player=(1008, 1416) pos=(960, 1376) path=2
target scene=5 area=(160, 1648) event=124 script=5875 mode=3 state=2 player=(976, 1400) pos=(960, 1376) path=0
target scene=5 area=(160, 1648) event=126 script=5995 mode=7 state=2 player=(976, 1400) pos=(1168, 1208) path=21
target scene=5 area=(160, 1648) event=126 script=6017 mode=3 state=2 player=(1120, 1232) pos=(1168, 1208) path=0
target scene=5 area=(160, 1648) event=142 script=8249 mode=5 state=1 player=(1120, 1232) pos=(640, 1680) path=61
learned targeted exit AreaKey { scene: 5, anchor: (160, 1648) } event=142 -> AreaKey { scene: 9, anchor: (160, 112) }
learned exit AreaKey { scene: 5, anchor: (160, 1648) } event=142 -> AreaKey { scene: 9, anchor: (160, 112) }
scene 5 -> 9 at frame 2081 position (448, 1088)
target scene=9 area=(160, 112) event=189 script=8270 mode=2 state=2 player=(608, 1200) pos=(544, 1040) path=17
target scene=9 area=(160, 112) event=189 script=8324 mode=2 state=2 player=(592, 1064) pos=(544, 1040) path=0
target scene=9 area=(160, 112) event=189 script=8329 mode=2 state=2 player=(592, 1064) pos=(544, 1040) path=0
directing unreachable manual event=191 script=2616 mode=1 state=1
target scene=9 area=(160, 112) event=191 script=2616 mode=1 state=1 player=(592, 1064) pos=(672, 944) path=0
target scene=9 area=(160, 112) event=188 script=8267 mode=2 state=2 player=(592, 1064) pos=(704, 944) path=16
target scene=9 area=(160, 112) event=190 script=2676 mode=1 state=1 player=(752, 968) pos=(880, 968) path=7
target scene=9 area=(160, 112) event=187 script=8253 mode=5 state=1 player=(864, 976) pos=(560, 1224) path=29
learned targeted exit AreaKey { scene: 9, anchor: (160, 112) } event=187 -> AreaKey { scene: 5, anchor: (160, 1648) }
learned exit AreaKey { scene: 9, anchor: (160, 112) } event=187 -> AreaKey { scene: 5, anchor: (160, 1648) }
scene 9 -> 5 at frame 2150 position (432, 1592)
target scene=5 area=(160, 1648) event=116 script=5808 mode=7 state=1 player=(592, 1704) pos=(192, 1680) path=20
learned targeted exit AreaKey { scene: 5, anchor: (160, 1648) } event=116 -> AreaKey { scene: 4, anchor: (160, 1328) }
learned exit AreaKey { scene: 5, anchor: (160, 1648) } event=116 -> AreaKey { scene: 4, anchor: (160, 1328) }
scene 5 -> 4 at frame 2170 position (1584, 1256)
target scene=4 area=(160, 1328) event=97 script=6047 mode=6 state=1 player=(1744, 1368) pos=(128, 1344) path=98
forcing unreached touch target scene=4 event=97 script=6047 player=(368, 1448) pos=(128, 1344)
running forced event=97 script=6047 destination=Some(6)
scene 4 -> 6 at frame 2285 position (1632, 1792)
target scene=6 area=(160, 112) event=168 script=2490 mode=1 state=2 player=(1792, 1904) pos=(1840, 568) path=166
target scene=6 area=(160, 112) event=167 script=2469 mode=1 state=2 player=(1856, 576) pos=(256, 896) path=99
target scene=6 area=(160, 112) event=150 script=6055 mode=7 state=1 player=(272, 904) pos=(160, 144) path=89
learned targeted exit AreaKey { scene: 6, anchor: (160, 112) } event=150 -> AreaKey { scene: 7, anchor: (160, 112) }
learned exit AreaKey { scene: 6, anchor: (160, 112) } event=150 -> AreaKey { scene: 7, anchor: (160, 112) }
scene 6 -> 7 at frame 2639 position (1264, 824)
target scene=7 area=(160, 112) event=171 script=6614 mode=5 state=1 player=(1424, 936) pos=(1072, 680) path=30
learned targeted exit AreaKey { scene: 7, anchor: (160, 112) } event=171 -> AreaKey { scene: 11, anchor: (320, 448) }
learned exit AreaKey { scene: 7, anchor: (160, 112) } event=171 -> AreaKey { scene: 11, anchor: (320, 448) }
scene 7 -> 11 at frame 2669 position (304, 392)
target scene=11 area=(320, 448) event=196 script=6622 mode=6 state=2 player=(464, 504) pos=(736, 368) path=16
target scene=11 area=(320, 448) event=195 script=6618 mode=5 state=1 player=(672, 400) pos=(416, 528) path=16
learned targeted exit AreaKey { scene: 11, anchor: (320, 448) } event=195 -> AreaKey { scene: 7, anchor: (160, 112) }
learned exit AreaKey { scene: 11, anchor: (320, 448) } event=195 -> AreaKey { scene: 7, anchor: (160, 112) }
scene 11 -> 7 at frame 2719 position (864, 592)
target scene=7 area=(160, 112) event=172 script=8339 mode=7 state=2 player=(1024, 704) pos=(1440, 912) path=23
forcing unreached touch target scene=7 event=172 script=8339 player=(1392, 888) pos=(1472, 928)
running forced event=172 script=8339 destination=None
target scene=7 area=(160, 112) event=170 script=6059 mode=6 state=1 player=(1392, 888) pos=(1504, 960) path=6
learned targeted exit AreaKey { scene: 7, anchor: (160, 112) } event=170 -> AreaKey { scene: 6, anchor: (160, 112) }
learned exit AreaKey { scene: 7, anchor: (160, 112) } event=170 -> AreaKey { scene: 6, anchor: (160, 112) }
scene 7 -> 6 at frame 2781 position (48, 72)
target scene=6 area=(160, 112) event=166 script=40164 mode=5 state=1 player=(208, 184) pos=(200, 200) path=0
target scene=6 area=(160, 112) event=163 script=40173 mode=5 state=1 player=(208, 184) pos=(1296, 280) path=66
target scene=6 area=(160, 112) event=159 script=40170 mode=5 state=1 player=(1264, 280) pos=(1184, 704) path=71
target scene=6 area=(160, 112) event=158 script=40146 mode=5 state=1 player=(1152, 704) pos=(1352, 836) path=15
target scene=6 area=(160, 112) event=157 script=40161 mode=5 state=1 player=(1360, 824) pos=(1424, 1080) path=30
target scene=6 area=(160, 112) event=155 script=40158 mode=5 state=1 player=(1424, 1064) pos=(912, 1176) path=31
target scene=6 area=(160, 112) event=160 script=40155 mode=5 state=1 player=(928, 1168) pos=(544, 944) path=46
target scene=6 area=(160, 112) event=154 script=40146 mode=5 state=1 player=(576, 944) pos=(576, 1456) path=81
target scene=6 area=(160, 112) event=153 script=40146 mode=5 state=1 player=(560, 1448) pos=(768, 1728) path=35
target scene=6 area=(160, 112) event=152 script=40152 mode=5 state=1 player=(736, 1728) pos=(1816, 1332) path=80
target scene=6 area=(160, 112) event=151 script=40149 mode=5 state=1 player=(1792, 1328) pos=(1664, 1640) path=39
target scene=6 area=(160, 112) event=149 script=6051 mode=7 state=1 player=(1648, 1640) pos=(1872, 1944) path=33
learned targeted exit AreaKey { scene: 6, anchor: (160, 112) } event=149 -> AreaKey { scene: 4, anchor: (160, 1328) }
learned exit AreaKey { scene: 6, anchor: (160, 112) } event=149 -> AreaKey { scene: 4, anchor: (160, 1328) }
scene 6 -> 4 at frame 3363 position (64, 1264)
target scene=4 area=(160, 1328) event=77 script=6883 mode=3 state=2 player=(224, 1376) pos=(1152, 1248) path=53
target scene=4 area=(160, 1328) event=77 script=6883 mode=2 state=2 player=(336, 1432) pos=(1152, 1248) path=48
target scene=4 area=(160, 1328) event=86 script=6848 mode=3 state=2 player=(336, 1432) pos=(1072, 1016) path=49
target scene=4 area=(160, 1328) event=87 script=6854 mode=3 state=2 player=(336, 1432) pos=(1152, 1008) path=50
directing unreachable manual event=85 script=5360 mode=3 state=2
target scene=4 area=(160, 1328) event=85 script=5360 mode=3 state=2 player=(320, 1424) pos=(1416, 1700) path=0
directing unreachable manual event=85 script=5368 mode=3 state=2
target scene=4 area=(160, 1328) event=85 script=5368 mode=3 state=2 player=(320, 1424) pos=(1416, 1700) path=0
target scene=4 area=(160, 1328) event=84 script=5371 mode=3 state=2 player=(320, 1424) pos=(1728, 1648) path=84
target scene=4 area=(160, 1328) event=98 script=4655 mode=5 state=1 player=(336, 1432) pos=(1520, 1640) path=73
forcing unreached touch target scene=4 event=98 script=4655 player=(336, 1432) pos=(1520, 1640)
running forced event=98 script=4655 destination=Some(8)
scene 4 -> 8 at frame 3725 position (496, 392)
target scene=8 area=(160, 112) event=182 script=2610 mode=1 state=1 player=(656, 504) pos=(768, 256) path=30
target scene=8 area=(160, 112) event=181 script=7790 mode=2 state=2 player=(784, 264) pos=(864, 1376) path=204
learned exit AreaKey { scene: 8, anchor: (160, 112) } event=175 -> AreaKey { scene: 4, anchor: (160, 1328) }
scene 8 -> 4 at frame 3787 position (1328, 1560)
target scene=4 area=(160, 1328) event=95 script=4459 mode=5 state=1 player=(1488, 1672) pos=(1296, 872) path=99
learned targeted exit AreaKey { scene: 4, anchor: (160, 1328) } event=95 -> AreaKey { scene: 3, anchor: (160, 112) }
learned exit AreaKey { scene: 4, anchor: (160, 1328) } event=95 -> AreaKey { scene: 3, anchor: (160, 112) }
scene 4 -> 3 at frame 3886 position (896, 1552)
target scene=3 area=(160, 112) event=62 script=6877 mode=3 state=2 player=(1056, 1664) pos=(1552, 1512) path=53
target scene=3 area=(160, 112) event=62 script=6877 mode=2 state=2 player=(1456, 1544) pos=(1552, 1512) path=77
target scene=3 area=(160, 112) event=57 script=6831 mode=2 state=2 player=(1456, 1544) pos=(1088, 1648) path=20
target scene=3 area=(160, 112) event=47 script=33 mode=4 state=1 player=(1136, 1672) pos=(1248, 1456) path=27
learned targeted exit AreaKey { scene: 3, anchor: (160, 112) } event=47 -> AreaKey { scene: 3, anchor: (1152, 1344) }
marked destination touch VisitKey { scene: 3, area: (1152, 1344), event_id: 47, trigger_script: 33, trigger_mode: 4, state: 1 }
learned exit AreaKey { scene: 3, anchor: (160, 112) } event=47 -> AreaKey { scene: 3, anchor: (1152, 1344) }
area teleport in scene 3 at frame 4076: (1248, 1456) -> (1152, 1360)
target scene=3 area=(1152, 1344) event=48 script=60 mode=4 state=1 player=(1152, 1360) pos=(1168, 1368) path=1
learned targeted exit AreaKey { scene: 3, anchor: (1152, 1344) } event=48 -> AreaKey { scene: 3, anchor: (1216, 1408) }
marked destination touch VisitKey { scene: 3, area: (1216, 1408), event_id: 48, trigger_script: 60, trigger_mode: 4, state: 1 }
learned exit AreaKey { scene: 3, anchor: (1152, 1344) } event=48 -> AreaKey { scene: 3, anchor: (1216, 1408) }
area teleport in scene 3 at frame 4090: (1168, 1368) -> (1264, 1464)
target scene=3 area=(1216, 1408) event=47 script=33 mode=4 state=1 player=(1264, 1464) pos=(1248, 1456) path=1
learned targeted exit AreaKey { scene: 3, anchor: (1216, 1408) } event=47 -> AreaKey { scene: 3, anchor: (1152, 1344) }
marked destination touch VisitKey { scene: 3, area: (1152, 1344), event_id: 47, trigger_script: 33, trigger_mode: 4, state: 1 }
learned exit AreaKey { scene: 3, anchor: (1216, 1408) } event=47 -> AreaKey { scene: 3, anchor: (1152, 1344) }
area teleport in scene 3 at frame 4104: (1248, 1456) -> (1152, 1360)
target scene=3 area=(1152, 1344) event=61 script=6877 mode=6 state=2 player=(1152, 1360) pos=(1552, 1496) path=23
forcing unreached touch target scene=3 event=61 script=6877 player=(1520, 1480) pos=(1552, 1496)
running forced event=61 script=6877 destination=None
target scene=3 area=(1152, 1344) event=51 script=4471 mode=5 state=1 player=(1520, 1480) pos=(1616, 1480) path=18
learned exit AreaKey { scene: 3, anchor: (1152, 1344) } event=52 -> AreaKey { scene: 1, anchor: (1184, 1056) }
scene 3 -> 1 at frame 4140 position (1088, 992)
directing unreachable manual event=28 script=6906 mode=1 state=2
target scene=1 area=(1184, 1056) event=28 script=6906 mode=1 state=2 player=(1248, 1104) pos=(1280, 256) path=0
area teleport in scene 1 at frame 4140: (1248, 1104) -> (1296, 264)
target scene=1 area=(1280, 256) event=30 script=7018 mode=1 state=1 player=(1296, 264) pos=(1280, 256) path=0
target scene=1 area=(1280, 256) event=10 script=4607 mode=2 state=1 player=(1296, 264) pos=(1376, 272) path=2
target scene=1 area=(1280, 256) event=27 script=4966 mode=2 state=2 player=(1328, 280) pos=(1184, 384) path=10
directing unreachable manual event=8 script=4623 mode=1 state=1
target scene=1 area=(1280, 256) event=8 script=4623 mode=1 state=1 player=(1232, 360) pos=(640, 608) path=0
target scene=1 area=(1280, 256) event=4 script=4475 mode=5 state=1 player=(1232, 360) pos=(1152, 384) path=3
learned targeted exit AreaKey { scene: 1, anchor: (1280, 256) } event=4 -> AreaKey { scene: 3, anchor: (160, 112) }
learned exit AreaKey { scene: 1, anchor: (1280, 256) } event=4 -> AreaKey { scene: 3, anchor: (160, 112) }
scene 1 -> 3 at frame 4155 position (1408, 1392)
target scene=3 area=(160, 112) event=48 script=60 mode=4 state=1 player=(1568, 1504) pos=(1168, 1368) path=27
learned targeted exit AreaKey { scene: 3, anchor: (160, 112) } event=48 -> AreaKey { scene: 3, anchor: (1216, 1408) }
marked destination touch VisitKey { scene: 3, area: (1216, 1408), event_id: 48, trigger_script: 60, trigger_mode: 4, state: 1 }
learned exit AreaKey { scene: 3, anchor: (160, 112) } event=48 -> AreaKey { scene: 3, anchor: (1216, 1408) }
area teleport in scene 3 at frame 4195: (1168, 1368) -> (1264, 1464)
target scene=3 area=(1216, 1408) event=57 script=7031 mode=6 state=2 player=(1264, 1464) pos=(1088, 1648) path=19
target scene=3 area=(1216, 1408) event=57 script=7067 mode=2 state=2 player=(1088, 1616) pos=(1088, 1648) path=1
target scene=3 area=(1216, 1408) event=45 script=6065 mode=6 state=1 player=(1104, 1624) pos=(976, 1704) path=74
learned exit AreaKey { scene: 3, anchor: (1216, 1408) } event=46 -> AreaKey { scene: 1, anchor: (512, 784) }
scene 3 -> 1 at frame 4242 position (384, 672)
target scene=1 area=(512, 784) event=1 script=4667 mode=5 state=1 player=(544, 784) pos=(512, 800) path=1
learned targeted exit AreaKey { scene: 1, anchor: (512, 784) } event=1 -> AreaKey { scene: 3, anchor: (160, 112) }
learned exit AreaKey { scene: 1, anchor: (512, 784) } event=1 -> AreaKey { scene: 3, anchor: (160, 112) }
scene 1 -> 3 at frame 4243 position (1280, 1424)
target scene=3 area=(160, 112) event=51 script=4471 mode=5 state=1 player=(1440, 1536) pos=(1616, 1480) path=83
forcing unreached touch target scene=3 event=51 script=4471 player=(1456, 1544) pos=(1616, 1480)
running forced event=51 script=4471 destination=Some(1)
learned exit AreaKey { scene: 3, anchor: (160, 112) } event=46 -> AreaKey { scene: 1, anchor: (1152, 320) }
scene 3 -> 1 at frame 4331 position (1040, 248)
target scene=1 area=(1152, 320) event=4 script=4475 mode=5 state=1 player=(1200, 360) pos=(1152, 384) path=2
learned targeted exit AreaKey { scene: 1, anchor: (1152, 320) } event=4 -> AreaKey { scene: 3, anchor: (160, 112) }
learned exit AreaKey { scene: 1, anchor: (1152, 320) } event=4 -> AreaKey { scene: 3, anchor: (160, 112) }
scene 1 -> 3 at frame 4333 position (1408, 1392)
target scene=3 area=(160, 112) event=52 script=4631 mode=5 state=1 player=(1568, 1504) pos=(1456, 1400) path=11
learned targeted exit AreaKey { scene: 3, anchor: (160, 112) } event=52 -> AreaKey { scene: 1, anchor: (1184, 1056) }
learned exit AreaKey { scene: 3, anchor: (160, 112) } event=52 -> AreaKey { scene: 1, anchor: (1184, 1056) }
scene 3 -> 1 at frame 4344 position (1088, 992)
target scene=1 area=(1184, 1056) event=13 script=4635 mode=5 state=1 player=(1248, 1104) pos=(1200, 1128) path=2
learned targeted exit AreaKey { scene: 1, anchor: (1184, 1056) } event=13 -> AreaKey { scene: 3, anchor: (160, 112) }
learned exit AreaKey { scene: 1, anchor: (1184, 1056) } event=13 -> AreaKey { scene: 3, anchor: (160, 112) }
scene 1 -> 3 at frame 4346 position (1248, 1312)
target scene=3 area=(160, 112) event=53 script=4639 mode=5 state=1 player=(1408, 1424) pos=(1296, 1320) path=11
learned targeted exit AreaKey { scene: 3, anchor: (160, 112) } event=53 -> AreaKey { scene: 1, anchor: (400, 344) }
learned exit AreaKey { scene: 3, anchor: (160, 112) } event=53 -> AreaKey { scene: 1, anchor: (400, 344) }
scene 3 -> 1 at frame 4357 position (304, 264)
target scene=1 area=(400, 344) event=18 script=4643 mode=5 state=1 player=(464, 376) pos=(416, 400) path=2
learned targeted exit AreaKey { scene: 1, anchor: (400, 344) } event=18 -> AreaKey { scene: 3, anchor: (160, 112) }
learned exit AreaKey { scene: 1, anchor: (400, 344) } event=18 -> AreaKey { scene: 3, anchor: (160, 112) }
scene 1 -> 3 at frame 4359 position (1088, 1232)
target scene=3 area=(160, 112) event=54 script=4647 mode=5 state=1 player=(1248, 1344) pos=(992, 1472) path=108
learned exit AreaKey { scene: 3, anchor: (160, 112) } event=51 -> AreaKey { scene: 1, anchor: (1152, 320) }
scene 3 -> 1 at frame 4381 position (1040, 248)
target scene=1 area=(1152, 320) event=4 script=4475 mode=5 state=1 player=(1200, 360) pos=(1152, 384) path=2
learned targeted exit AreaKey { scene: 1, anchor: (1152, 320) } event=4 -> AreaKey { scene: 3, anchor: (160, 112) }
learned exit AreaKey { scene: 1, anchor: (1152, 320) } event=4 -> AreaKey { scene: 3, anchor: (160, 112) }
scene 1 -> 3 at frame 4383 position (1408, 1392)
target scene=3 area=(160, 112) event=54 script=4647 mode=5 state=1 player=(1568, 1504) pos=(992, 1472) path=52
learned exit AreaKey { scene: 3, anchor: (160, 112) } event=51 -> AreaKey { scene: 1, anchor: (1152, 320) }
scene 3 -> 1 at frame 4385 position (1040, 248)
target scene=1 area=(1152, 320) event=4 script=4475 mode=5 state=1 player=(1200, 360) pos=(1152, 384) path=2
learned targeted exit AreaKey { scene: 1, anchor: (1152, 320) } event=4 -> AreaKey { scene: 3, anchor: (160, 112) }
learned exit AreaKey { scene: 1, anchor: (1152, 320) } event=4 -> AreaKey { scene: 3, anchor: (160, 112) }
scene 1 -> 3 at frame 4387 position (1408, 1392)
target scene=3 area=(160, 112) event=54 script=4647 mode=5 state=1 player=(1568, 1504) pos=(992, 1472) path=52
learned exit AreaKey { scene: 3, anchor: (160, 112) } event=51 -> AreaKey { scene: 1, anchor: (1152, 320) }
scene 3 -> 1 at frame 4389 position (1040, 248)
target scene=1 area=(1152, 320) event=4 script=4475 mode=5 state=1 player=(1200, 360) pos=(1152, 384) path=2
learned targeted exit AreaKey { scene: 1, anchor: (1152, 320) } event=4 -> AreaKey { scene: 3, anchor: (160, 112) }
learned exit AreaKey { scene: 1, anchor: (1152, 320) } event=4 -> AreaKey { scene: 3, anchor: (160, 112) }
scene 1 -> 3 at frame 4391 position (1408, 1392)
target scene=3 area=(160, 112) event=54 script=4647 mode=5 state=1 player=(1568, 1504) pos=(992, 1472) path=52
learned exit AreaKey { scene: 3, anchor: (160, 112) } event=51 -> AreaKey { scene: 1, anchor: (1152, 320) }
scene 3 -> 1 at frame 4393 position (1040, 248)
target scene=1 area=(1152, 320) event=4 script=4475 mode=5 state=1 player=(1200, 360) pos=(1152, 384) path=2
learned targeted exit AreaKey { scene: 1, anchor: (1152, 320) } event=4 -> AreaKey { scene: 3, anchor: (160, 112) }
learned exit AreaKey { scene: 1, anchor: (1152, 320) } event=4 -> AreaKey { scene: 3, anchor: (160, 112) }
scene 1 -> 3 at frame 4395 position (1408, 1392)
target scene=3 area=(160, 112) event=54 script=4647 mode=5 state=1 player=(1568, 1504) pos=(992, 1472) path=52
queued unreachable event=54 script=4647 after 5 scene-transition interruptions
learned exit AreaKey { scene: 3, anchor: (160, 112) } event=51 -> AreaKey { scene: 1, anchor: (1152, 320) }
scene 3 -> 1 at frame 4397 position (1040, 248)
target scene=1 area=(1152, 320) event=4 script=4475 mode=5 state=1 player=(1200, 360) pos=(1152, 384) path=2
learned targeted exit AreaKey { scene: 1, anchor: (1152, 320) } event=4 -> AreaKey { scene: 3, anchor: (160, 112) }
learned exit AreaKey { scene: 1, anchor: (1152, 320) } event=4 -> AreaKey { scene: 3, anchor: (160, 112) }
scene 1 -> 3 at frame 4399 position (1408, 1392)
running forced event=54 script=4647 destination=Some(1)
scene 3 -> 1 at frame 4399 position (496, 1160)
target scene=1 area=(160, 112) event=19 script=4651 mode=5 state=1 player=(656, 1272) pos=(688, 1288) path=1
learned targeted exit AreaKey { scene: 1, anchor: (160, 112) } event=19 -> AreaKey { scene: 3, anchor: (160, 112) }
learned exit AreaKey { scene: 1, anchor: (160, 112) } event=19 -> AreaKey { scene: 3, anchor: (160, 112) }
scene 1 -> 3 at frame 4400 position (864, 1376)
target scene=3 area=(160, 112) event=50 script=4463 mode=5 state=1 player=(1024, 1488) pos=(1328, 1448) path=17
learned targeted exit AreaKey { scene: 3, anchor: (160, 112) } event=50 -> AreaKey { scene: 2, anchor: (1168, 728) }
learned exit AreaKey { scene: 3, anchor: (160, 112) } event=50 -> AreaKey { scene: 2, anchor: (1168, 728) }
scene 3 -> 2 at frame 4417 position (1072, 648)
target scene=2 area=(1168, 728) event=37 script=5380 mode=2 state=2 player=(1232, 760) pos=(1472, 736) path=12
target scene=2 area=(1168, 728) event=35 script=4985 mode=2 state=1 player=(1424, 712) pos=(1488, 728) path=1
target scene=2 area=(1168, 728) event=35 script=4992 mode=2 state=1 player=(1440, 720) pos=(1488, 728) path=0
target scene=2 area=(1168, 728) event=37 script=5432 mode=2 state=2 player=(1440, 720) pos=(1472, 736) path=0
target scene=2 area=(1168, 728) event=37 script=5437 mode=2 state=2 player=(1440, 720) pos=(1472, 736) path=0
target scene=2 area=(1168, 728) event=33 script=4467 mode=5 state=1 player=(1440, 720) pos=(1184, 784) path=14
learned targeted exit AreaKey { scene: 2, anchor: (1168, 728) } event=33 -> AreaKey { scene: 3, anchor: (160, 112) }
learned exit AreaKey { scene: 2, anchor: (1168, 728) } event=33 -> AreaKey { scene: 3, anchor: (160, 112) }
scene 2 -> 3 at frame 4447 position (1136, 1352)
target scene=3 area=(160, 112) event=60 script=5486 mode=6 state=2 player=(1296, 1464) pos=(976, 1704) path=27
target scene=3 area=(160, 112) event=60 script=5579 mode=2 state=2 player=(1024, 1664) pos=(1040, 1672) path=0
target scene=3 area=(160, 112) event=47 script=33 mode=4 state=1 player=(1024, 1664) pos=(1248, 1456) path=26
learned targeted exit AreaKey { scene: 3, anchor: (160, 112) } event=47 -> AreaKey { scene: 3, anchor: (1152, 1344) }
marked destination touch VisitKey { scene: 3, area: (1152, 1344), event_id: 47, trigger_script: 33, trigger_mode: 4, state: 1 }
learned exit AreaKey { scene: 3, anchor: (160, 112) } event=47 -> AreaKey { scene: 3, anchor: (1152, 1344) }
area teleport in scene 3 at frame 4518: (1248, 1456) -> (1152, 1360)
target scene=3 area=(1152, 1344) event=53 script=4639 mode=5 state=1 player=(1152, 1360) pos=(1296, 1320) path=8
learned targeted exit AreaKey { scene: 3, anchor: (1152, 1344) } event=53 -> AreaKey { scene: 1, anchor: (400, 344) }
learned exit AreaKey { scene: 3, anchor: (1152, 1344) } event=53 -> AreaKey { scene: 1, anchor: (400, 344) }
scene 3 -> 1 at frame 4526 position (304, 264)
target scene=1 area=(400, 344) event=18 script=4643 mode=5 state=1 player=(464, 376) pos=(416, 400) path=2
learned targeted exit AreaKey { scene: 1, anchor: (400, 344) } event=18 -> AreaKey { scene: 3, anchor: (160, 112) }
learned exit AreaKey { scene: 1, anchor: (400, 344) } event=18 -> AreaKey { scene: 3, anchor: (160, 112) }
scene 1 -> 3 at frame 4528 position (1088, 1232)
target scene=3 area=(160, 112) event=53 script=4639 mode=5 state=1 player=(1248, 1344) pos=(1296, 1320) path=2
learned targeted exit AreaKey { scene: 3, anchor: (160, 112) } event=53 -> AreaKey { scene: 1, anchor: (400, 344) }
learned exit AreaKey { scene: 3, anchor: (160, 112) } event=53 -> AreaKey { scene: 1, anchor: (400, 344) }
scene 3 -> 1 at frame 4530 position (304, 264)
target scene=1 area=(400, 344) event=18 script=4643 mode=5 state=1 player=(464, 376) pos=(416, 400) path=2
learned targeted exit AreaKey { scene: 1, anchor: (400, 344) } event=18 -> AreaKey { scene: 3, anchor: (160, 112) }
learned exit AreaKey { scene: 1, anchor: (400, 344) } event=18 -> AreaKey { scene: 3, anchor: (160, 112) }
scene 1 -> 3 at frame 4532 position (1088, 1232)
target scene=3 area=(160, 112) event=48 script=60 mode=4 state=1 player=(1248, 1344) pos=(1168, 1368) path=7
learned targeted exit AreaKey { scene: 3, anchor: (160, 112) } event=48 -> AreaKey { scene: 3, anchor: (1216, 1408) }
marked destination touch VisitKey { scene: 3, area: (1216, 1408), event_id: 48, trigger_script: 60, trigger_mode: 4, state: 1 }
learned exit AreaKey { scene: 3, anchor: (160, 112) } event=48 -> AreaKey { scene: 3, anchor: (1216, 1408) }
area teleport in scene 3 at frame 4552: (1168, 1368) -> (1264, 1464)
target scene=3 area=(1216, 1408) event=50 script=4463 mode=5 state=1 player=(1264, 1464) pos=(1328, 1448) path=2
learned targeted exit AreaKey { scene: 3, anchor: (1216, 1408) } event=50 -> AreaKey { scene: 2, anchor: (1168, 728) }
learned exit AreaKey { scene: 3, anchor: (1216, 1408) } event=50 -> AreaKey { scene: 2, anchor: (1168, 728) }
scene 3 -> 2 at frame 4554 position (1072, 648)
target scene=2 area=(1168, 728) event=33 script=4467 mode=5 state=1 player=(1232, 760) pos=(1184, 784) path=2
learned targeted exit AreaKey { scene: 2, anchor: (1168, 728) } event=33 -> AreaKey { scene: 3, anchor: (160, 112) }
learned exit AreaKey { scene: 2, anchor: (1168, 728) } event=33 -> AreaKey { scene: 3, anchor: (160, 112) }
scene 2 -> 3 at frame 4556 position (1136, 1352)
target scene=3 area=(160, 112) event=50 script=4463 mode=5 state=1 player=(1296, 1464) pos=(1328, 1448) path=1
learned targeted exit AreaKey { scene: 3, anchor: (160, 112) } event=50 -> AreaKey { scene: 2, anchor: (1168, 728) }
learned exit AreaKey { scene: 3, anchor: (160, 112) } event=50 -> AreaKey { scene: 2, anchor: (1168, 728) }
scene 3 -> 2 at frame 4557 position (1072, 648)
target scene=2 area=(1168, 728) event=33 script=4467 mode=5 state=1 player=(1232, 760) pos=(1184, 784) path=2
learned targeted exit AreaKey { scene: 2, anchor: (1168, 728) } event=33 -> AreaKey { scene: 3, anchor: (160, 112) }
learned exit AreaKey { scene: 2, anchor: (1168, 728) } event=33 -> AreaKey { scene: 3, anchor: (160, 112) }
scene 2 -> 3 at frame 4559 position (1136, 1352)
target scene=3 area=(160, 112) event=47 script=33 mode=4 state=1 player=(1296, 1464) pos=(1248, 1456) path=3
learned targeted exit AreaKey { scene: 3, anchor: (160, 112) } event=47 -> AreaKey { scene: 3, anchor: (1152, 1344) }
marked destination touch VisitKey { scene: 3, area: (1152, 1344), event_id: 47, trigger_script: 33, trigger_mode: 4, state: 1 }
learned exit AreaKey { scene: 3, anchor: (160, 112) } event=47 -> AreaKey { scene: 3, anchor: (1152, 1344) }
area teleport in scene 3 at frame 4575: (1248, 1456) -> (1152, 1360)
target scene=3 area=(1152, 1344) event=50 script=4463 mode=5 state=1 player=(1152, 1360) pos=(1328, 1448) path=57
learned exit AreaKey { scene: 3, anchor: (1152, 1344) } event=51 -> AreaKey { scene: 1, anchor: (1152, 320) }
scene 3 -> 1 at frame 4603 position (1040, 248)
target scene=1 area=(1152, 320) event=4 script=4475 mode=5 state=1 player=(1200, 360) pos=(1152, 384) path=2
learned targeted exit AreaKey { scene: 1, anchor: (1152, 320) } event=4 -> AreaKey { scene: 3, anchor: (160, 112) }
learned exit AreaKey { scene: 1, anchor: (1152, 320) } event=4 -> AreaKey { scene: 3, anchor: (160, 112) }
scene 1 -> 3 at frame 4605 position (1408, 1392)
target scene=3 area=(160, 112) event=52 script=4631 mode=5 state=1 player=(1568, 1504) pos=(1456, 1400) path=11
learned targeted exit AreaKey { scene: 3, anchor: (160, 112) } event=52 -> AreaKey { scene: 1, anchor: (1184, 1056) }
learned exit AreaKey { scene: 3, anchor: (160, 112) } event=52 -> AreaKey { scene: 1, anchor: (1184, 1056) }
scene 3 -> 1 at frame 4616 position (1088, 992)
target scene=1 area=(1184, 1056) event=13 script=4635 mode=5 state=1 player=(1248, 1104) pos=(1200, 1128) path=2
learned targeted exit AreaKey { scene: 1, anchor: (1184, 1056) } event=13 -> AreaKey { scene: 3, anchor: (160, 112) }
learned exit AreaKey { scene: 1, anchor: (1184, 1056) } event=13 -> AreaKey { scene: 3, anchor: (160, 112) }
scene 1 -> 3 at frame 4618 position (1248, 1312)
target scene=3 area=(160, 112) event=52 script=4631 mode=5 state=1 player=(1408, 1424) pos=(1456, 1400) path=2
learned targeted exit AreaKey { scene: 3, anchor: (160, 112) } event=52 -> AreaKey { scene: 1, anchor: (1184, 1056) }
learned exit AreaKey { scene: 3, anchor: (160, 112) } event=52 -> AreaKey { scene: 1, anchor: (1184, 1056) }
scene 3 -> 1 at frame 4620 position (1088, 992)
target scene=1 area=(1184, 1056) event=13 script=4635 mode=5 state=1 player=(1248, 1104) pos=(1200, 1128) path=2
learned targeted exit AreaKey { scene: 1, anchor: (1184, 1056) } event=13 -> AreaKey { scene: 3, anchor: (160, 112) }
learned exit AreaKey { scene: 1, anchor: (1184, 1056) } event=13 -> AreaKey { scene: 3, anchor: (160, 112) }
scene 1 -> 3 at frame 4622 position (1248, 1312)
target scene=3 area=(160, 112) event=53 script=4639 mode=5 state=1 player=(1408, 1424) pos=(1296, 1320) path=11
learned targeted exit AreaKey { scene: 3, anchor: (160, 112) } event=53 -> AreaKey { scene: 1, anchor: (400, 344) }
learned exit AreaKey { scene: 3, anchor: (160, 112) } event=53 -> AreaKey { scene: 1, anchor: (400, 344) }
scene 3 -> 1 at frame 4633 position (304, 264)
target scene=1 area=(400, 344) event=18 script=4643 mode=5 state=1 player=(464, 376) pos=(416, 400) path=2
learned targeted exit AreaKey { scene: 1, anchor: (400, 344) } event=18 -> AreaKey { scene: 3, anchor: (160, 112) }
learned exit AreaKey { scene: 1, anchor: (400, 344) } event=18 -> AreaKey { scene: 3, anchor: (160, 112) }
scene 1 -> 3 at frame 4635 position (1088, 1232)
target scene=3 area=(160, 112) event=48 script=60 mode=4 state=1 player=(1248, 1344) pos=(1168, 1368) path=7
learned targeted exit AreaKey { scene: 3, anchor: (160, 112) } event=48 -> AreaKey { scene: 3, anchor: (1216, 1408) }
marked destination touch VisitKey { scene: 3, area: (1216, 1408), event_id: 48, trigger_script: 60, trigger_mode: 4, state: 1 }
learned exit AreaKey { scene: 3, anchor: (160, 112) } event=48 -> AreaKey { scene: 3, anchor: (1216, 1408) }
area teleport in scene 3 at frame 4655: (1168, 1368) -> (1264, 1464)
target scene=3 area=(1216, 1408) event=54 script=4647 mode=5 state=1 player=(1264, 1464) pos=(992, 1472) path=15
learned targeted exit AreaKey { scene: 3, anchor: (1216, 1408) } event=54 -> AreaKey { scene: 1, anchor: (160, 112) }
learned exit AreaKey { scene: 3, anchor: (1216, 1408) } event=54 -> AreaKey { scene: 1, anchor: (160, 112) }
scene 3 -> 1 at frame 4670 position (496, 1160)
target scene=1 area=(160, 112) event=13 script=4635 mode=5 state=1 player=(656, 1272) pos=(1200, 1128) path=32
learned exit AreaKey { scene: 1, anchor: (160, 112) } event=19 -> AreaKey { scene: 3, anchor: (160, 112) }
scene 1 -> 3 at frame 4672 position (864, 1376)
target scene=3 area=(160, 112) event=47 script=33 mode=4 state=1 player=(1024, 1488) pos=(1248, 1456) path=16
learned targeted exit AreaKey { scene: 3, anchor: (160, 112) } event=47 -> AreaKey { scene: 3, anchor: (1152, 1344) }
marked destination touch VisitKey { scene: 3, area: (1152, 1344), event_id: 47, trigger_script: 33, trigger_mode: 4, state: 1 }
learned exit AreaKey { scene: 3, anchor: (160, 112) } event=47 -> AreaKey { scene: 3, anchor: (1152, 1344) }
area teleport in scene 3 at frame 4701: (1248, 1456) -> (1152, 1360)
target scene=3 area=(1152, 1344) event=50 script=4463 mode=5 state=1 player=(1152, 1360) pos=(1328, 1448) path=57
learned exit AreaKey { scene: 3, anchor: (1152, 1344) } event=53 -> AreaKey { scene: 1, anchor: (400, 344) }
scene 3 -> 1 at frame 4709 position (304, 264)
target scene=1 area=(400, 344) event=18 script=4643 mode=5 state=1 player=(464, 376) pos=(416, 400) path=2
learned targeted exit AreaKey { scene: 1, anchor: (400, 344) } event=18 -> AreaKey { scene: 3, anchor: (160, 112) }
learned exit AreaKey { scene: 1, anchor: (400, 344) } event=18 -> AreaKey { scene: 3, anchor: (160, 112) }
scene 1 -> 3 at frame 4711 position (1088, 1232)
target scene=3 area=(160, 112) event=48 script=60 mode=4 state=1 player=(1248, 1344) pos=(1168, 1368) path=7
learned targeted exit AreaKey { scene: 3, anchor: (160, 112) } event=48 -> AreaKey { scene: 3, anchor: (1216, 1408) }
marked destination touch VisitKey { scene: 3, area: (1216, 1408), event_id: 48, trigger_script: 60, trigger_mode: 4, state: 1 }
learned exit AreaKey { scene: 3, anchor: (160, 112) } event=48 -> AreaKey { scene: 3, anchor: (1216, 1408) }
area teleport in scene 3 at frame 4731: (1168, 1368) -> (1264, 1464)
target scene=3 area=(1216, 1408) event=52 script=4631 mode=5 state=1 player=(1264, 1464) pos=(1456, 1400) path=96
forcing unreached touch target scene=3 event=52 script=4631 player=(1296, 1464) pos=(1456, 1400)
running forced event=52 script=4631 destination=Some(1)
learned exit AreaKey { scene: 3, anchor: (1216, 1408) } event=50 -> AreaKey { scene: 1, anchor: (1184, 1056) }
scene 3 -> 1 at frame 4832 position (1088, 992)
target scene=1 area=(1184, 1056) event=13 script=4635 mode=5 state=1 player=(1248, 1104) pos=(1200, 1128) path=2
learned targeted exit AreaKey { scene: 1, anchor: (1184, 1056) } event=13 -> AreaKey { scene: 3, anchor: (160, 112) }
learned exit AreaKey { scene: 1, anchor: (1184, 1056) } event=13 -> AreaKey { scene: 3, anchor: (160, 112) }
scene 1 -> 3 at frame 4834 position (1248, 1312)
target scene=3 area=(160, 112) event=52 script=4631 mode=5 state=1 player=(1408, 1424) pos=(1456, 1400) path=2
learned targeted exit AreaKey { scene: 3, anchor: (160, 112) } event=52 -> AreaKey { scene: 1, anchor: (1184, 1056) }
learned exit AreaKey { scene: 3, anchor: (160, 112) } event=52 -> AreaKey { scene: 1, anchor: (1184, 1056) }
scene 3 -> 1 at frame 4836 position (1088, 992)
target scene=1 area=(1184, 1056) event=13 script=4635 mode=5 state=1 player=(1248, 1104) pos=(1200, 1128) path=2
learned targeted exit AreaKey { scene: 1, anchor: (1184, 1056) } event=13 -> AreaKey { scene: 3, anchor: (160, 112) }
learned exit AreaKey { scene: 1, anchor: (1184, 1056) } event=13 -> AreaKey { scene: 3, anchor: (160, 112) }
scene 1 -> 3 at frame 4838 position (1248, 1312)
target scene=3 area=(160, 112) event=53 script=4639 mode=5 state=1 player=(1408, 1424) pos=(1296, 1320) path=12
learned targeted exit AreaKey { scene: 3, anchor: (160, 112) } event=53 -> AreaKey { scene: 1, anchor: (400, 344) }
learned exit AreaKey { scene: 3, anchor: (160, 112) } event=53 -> AreaKey { scene: 1, anchor: (400, 344) }
scene 3 -> 1 at frame 4850 position (304, 264)
target scene=1 area=(400, 344) event=25 script=5579 mode=2 state=2 player=(464, 376) pos=(544, 288) path=8
target scene=1 area=(400, 344) event=18 script=4643 mode=5 state=1 player=(560, 312) pos=(416, 400) path=10
learned targeted exit AreaKey { scene: 1, anchor: (400, 344) } event=18 -> AreaKey { scene: 3, anchor: (160, 112) }
learned exit AreaKey { scene: 1, anchor: (400, 344) } event=18 -> AreaKey { scene: 3, anchor: (160, 112) }
scene 1 -> 3 at frame 4868 position (1088, 1232)
target scene=3 area=(160, 112) event=48 script=60 mode=4 state=1 player=(1248, 1344) pos=(1168, 1368) path=7
learned targeted exit AreaKey { scene: 3, anchor: (160, 112) } event=48 -> AreaKey { scene: 3, anchor: (1216, 1408) }
marked destination touch VisitKey { scene: 3, area: (1216, 1408), event_id: 48, trigger_script: 60, trigger_mode: 4, state: 1 }
learned exit AreaKey { scene: 3, anchor: (160, 112) } event=48 -> AreaKey { scene: 3, anchor: (1216, 1408) }
area teleport in scene 3 at frame 4888: (1168, 1368) -> (1264, 1464)
target scene=3 area=(1216, 1408) event=53 script=4639 mode=5 state=1 player=(1264, 1464) pos=(1296, 1320) path=88
forcing unreached touch target scene=3 event=53 script=4639 player=(1248, 1504) pos=(1296, 1320)
running forced event=53 script=4639 destination=Some(1)
scene 3 -> 1 at frame 4981 position (304, 264)
target scene=1 area=(400, 344) event=18 script=4643 mode=5 state=1 player=(464, 376) pos=(416, 400) path=2
learned targeted exit AreaKey { scene: 1, anchor: (400, 344) } event=18 -> AreaKey { scene: 3, anchor: (160, 112) }
learned exit AreaKey { scene: 1, anchor: (400, 344) } event=18 -> AreaKey { scene: 3, anchor: (160, 112) }
scene 1 -> 3 at frame 4983 position (1088, 1232)
target scene=3 area=(160, 112) event=48 script=60 mode=4 state=1 player=(1248, 1344) pos=(1168, 1368) path=7
learned targeted exit AreaKey { scene: 3, anchor: (160, 112) } event=48 -> AreaKey { scene: 3, anchor: (1216, 1408) }
marked destination touch VisitKey { scene: 3, area: (1216, 1408), event_id: 48, trigger_script: 60, trigger_mode: 4, state: 1 }
learned exit AreaKey { scene: 3, anchor: (160, 112) } event=48 -> AreaKey { scene: 3, anchor: (1216, 1408) }
area teleport in scene 3 at frame 5003: (1168, 1368) -> (1264, 1464)
target scene=3 area=(1216, 1408) event=51 script=4471 mode=5 state=1 player=(1264, 1464) pos=(1616, 1480) path=86
forcing unreached touch target scene=3 event=51 script=4471 player=(1456, 1544) pos=(1616, 1480)
running forced event=51 script=4471 destination=Some(1)
learned exit AreaKey { scene: 3, anchor: (1216, 1408) } event=46 -> AreaKey { scene: 1, anchor: (1152, 320) }
scene 3 -> 1 at frame 5094 position (1040, 248)
target scene=1 area=(1152, 320) event=4 script=4475 mode=5 state=1 player=(1200, 360) pos=(1152, 384) path=2
learned targeted exit AreaKey { scene: 1, anchor: (1152, 320) } event=4 -> AreaKey { scene: 3, anchor: (160, 112) }
learned exit AreaKey { scene: 1, anchor: (1152, 320) } event=4 -> AreaKey { scene: 3, anchor: (160, 112) }
scene 1 -> 3 at frame 5096 position (1408, 1392)
target scene=3 area=(160, 112) event=52 script=4631 mode=5 state=1 player=(1568, 1504) pos=(1456, 1400) path=11
learned targeted exit AreaKey { scene: 3, anchor: (160, 112) } event=52 -> AreaKey { scene: 1, anchor: (1184, 1056) }
learned exit AreaKey { scene: 3, anchor: (160, 112) } event=52 -> AreaKey { scene: 1, anchor: (1184, 1056) }
scene 3 -> 1 at frame 5107 position (1088, 992)
target scene=1 area=(1184, 1056) event=13 script=4635 mode=5 state=1 player=(1248, 1104) pos=(1200, 1128) path=2
learned targeted exit AreaKey { scene: 1, anchor: (1184, 1056) } event=13 -> AreaKey { scene: 3, anchor: (160, 112) }
learned exit AreaKey { scene: 1, anchor: (1184, 1056) } event=13 -> AreaKey { scene: 3, anchor: (160, 112) }
scene 1 -> 3 at frame 5109 position (1248, 1312)
target scene=3 area=(160, 112) event=52 script=4631 mode=5 state=1 player=(1408, 1424) pos=(1456, 1400) path=2
learned targeted exit AreaKey { scene: 3, anchor: (160, 112) } event=52 -> AreaKey { scene: 1, anchor: (1184, 1056) }
learned exit AreaKey { scene: 3, anchor: (160, 112) } event=52 -> AreaKey { scene: 1, anchor: (1184, 1056) }
scene 3 -> 1 at frame 5111 position (1088, 992)
target scene=1 area=(1184, 1056) event=13 script=4635 mode=5 state=1 player=(1248, 1104) pos=(1200, 1128) path=2
learned targeted exit AreaKey { scene: 1, anchor: (1184, 1056) } event=13 -> AreaKey { scene: 3, anchor: (160, 112) }
learned exit AreaKey { scene: 1, anchor: (1184, 1056) } event=13 -> AreaKey { scene: 3, anchor: (160, 112) }
scene 1 -> 3 at frame 5113 position (1248, 1312)
target scene=3 area=(160, 112) event=53 script=4639 mode=5 state=1 player=(1408, 1424) pos=(1296, 1320) path=11
learned targeted exit AreaKey { scene: 3, anchor: (160, 112) } event=53 -> AreaKey { scene: 1, anchor: (400, 344) }
learned exit AreaKey { scene: 3, anchor: (160, 112) } event=53 -> AreaKey { scene: 1, anchor: (400, 344) }
scene 3 -> 1 at frame 5124 position (304, 264)
target scene=1 area=(400, 344) event=18 script=4643 mode=5 state=1 player=(464, 376) pos=(416, 400) path=2
learned targeted exit AreaKey { scene: 1, anchor: (400, 344) } event=18 -> AreaKey { scene: 3, anchor: (160, 112) }
learned exit AreaKey { scene: 1, anchor: (400, 344) } event=18 -> AreaKey { scene: 3, anchor: (160, 112) }
scene 1 -> 3 at frame 5126 position (1088, 1232)
target scene=3 area=(160, 112) event=48 script=60 mode=4 state=1 player=(1248, 1344) pos=(1168, 1368) path=7
learned targeted exit AreaKey { scene: 3, anchor: (160, 112) } event=48 -> AreaKey { scene: 3, anchor: (1216, 1408) }
marked destination touch VisitKey { scene: 3, area: (1216, 1408), event_id: 48, trigger_script: 60, trigger_mode: 4, state: 1 }
learned exit AreaKey { scene: 3, anchor: (160, 112) } event=48 -> AreaKey { scene: 3, anchor: (1216, 1408) }
area teleport in scene 3 at frame 5146: (1168, 1368) -> (1264, 1464)
target scene=3 area=(1216, 1408) event=45 script=6065 mode=6 state=1 player=(1264, 1464) pos=(976, 1704) path=27
forcing unreached touch target scene=3 event=45 script=6065 player=(1024, 1664) pos=(976, 1704)
running forced event=45 script=6065 destination=Some(4)
scene 3 -> 4 at frame 5178 position (1088, 784)
target scene=4 area=(160, 1328) event=87 script=7708 mode=3 state=2 player=(1248, 896) pos=(1152, 1008) path=9
target scene=4 area=(160, 1328) event=86 script=7702 mode=3 state=2 player=(1200, 968) pos=(1072, 1016) path=3
target scene=4 area=(160, 1328) event=86 script=7706 mode=3 state=2 player=(1152, 992) pos=(1072, 1016) path=0
directing unreachable manual event=85 script=7685 mode=3 state=2
target scene=4 area=(160, 1328) event=85 script=7685 mode=3 state=2 player=(1152, 992) pos=(1512, 1428) path=0
directing unreachable manual event=85 script=7699 mode=3 state=2
target scene=4 area=(160, 1328) event=85 script=7699 mode=3 state=2 player=(1152, 992) pos=(1512, 1428) path=0
target scene=4 area=(160, 1328) event=84 script=5376 mode=3 state=2 player=(1152, 992) pos=(1552, 1752) path=90
target scene=4 area=(160, 1328) event=77 script=7630 mode=6 state=2 player=(1504, 1712) pos=(1152, 1248) path=54
target scene=4 area=(160, 1328) event=77 script=7648 mode=3 state=2 player=(1152, 1280) pos=(1152, 1248) path=1
target scene=4 area=(160, 1328) event=77 script=7653 mode=3 state=2 player=(1168, 1272) pos=(1152, 1248) path=0
target scene=4 area=(160, 1328) event=101 script=6447 mode=5 state=1 player=(1168, 1272) pos=(1216, 1552) path=38
learned targeted exit AreaKey { scene: 4, anchor: (160, 1328) } event=101 -> AreaKey { scene: 10, anchor: (160, 112) }
learned exit AreaKey { scene: 4, anchor: (160, 1328) } event=101 -> AreaKey { scene: 10, anchor: (160, 112) }
scene 4 -> 10 at frame 5378 position (832, 1424)
target scene=10 area=(160, 112) event=192 script=6434 mode=3 state=2 player=(992, 1536) pos=(800, 1440) path=8
target scene=10 area=(160, 112) event=192 script=6441 mode=3 state=2 player=(864, 1472) pos=(800, 1440) path=0
target scene=10 area=(160, 112) event=193 script=6451 mode=5 state=1 player=(864, 1472) pos=(1024, 1552) path=9
learned targeted exit AreaKey { scene: 10, anchor: (160, 112) } event=193 -> AreaKey { scene: 4, anchor: (160, 1328) }
learned exit AreaKey { scene: 10, anchor: (160, 112) } event=193 -> AreaKey { scene: 4, anchor: (160, 1328) }
scene 10 -> 4 at frame 5395 position (1088, 1456)
target scene=4 area=(160, 1328) event=101 script=6447 mode=5 state=1 player=(1248, 1568) pos=(1216, 1552) path=1
learned targeted exit AreaKey { scene: 4, anchor: (160, 1328) } event=101 -> AreaKey { scene: 10, anchor: (160, 112) }
learned exit AreaKey { scene: 4, anchor: (160, 1328) } event=101 -> AreaKey { scene: 10, anchor: (160, 112) }
scene 4 -> 10 at frame 5396 position (832, 1424)
target scene=10 area=(160, 112) event=193 script=6451 mode=5 state=1 player=(992, 1536) pos=(1024, 1552) path=1
learned targeted exit AreaKey { scene: 10, anchor: (160, 112) } event=193 -> AreaKey { scene: 4, anchor: (160, 1328) }
learned exit AreaKey { scene: 10, anchor: (160, 112) } event=193 -> AreaKey { scene: 4, anchor: (160, 1328) }
scene 10 -> 4 at frame 5397 position (1088, 1456)
target scene=4 area=(160, 1328) event=99 script=6031 mode=5 state=1 player=(1248, 1568) pos=(1280, 1232) path=40
learned targeted exit AreaKey { scene: 4, anchor: (160, 1328) } event=99 -> AreaKey { scene: 8, anchor: (160, 112) }
learned exit AreaKey { scene: 4, anchor: (160, 1328) } event=99 -> AreaKey { scene: 8, anchor: (160, 112) }
scene 4 -> 8 at frame 5437 position (528, 1528)
target scene=8 area=(160, 112) event=181 script=7790 mode=2 state=2 player=(688, 1640) pos=(864, 1376) path=30
target scene=8 area=(160, 112) event=181 script=7794 mode=2 state=2 player=(880, 1400) pos=(864, 1376) path=0
target scene=8 area=(160, 112) event=180 script=6035 mode=5 state=1 player=(880, 1400) pos=(656, 1656) path=30
learned targeted exit AreaKey { scene: 8, anchor: (160, 112) } event=180 -> AreaKey { scene: 4, anchor: (160, 1328) }
learned exit AreaKey { scene: 8, anchor: (160, 112) } event=180 -> AreaKey { scene: 4, anchor: (160, 1328) }
scene 8 -> 4 at frame 5497 position (1088, 1136)
target scene=4 area=(160, 1328) event=100 script=6039 mode=5 state=1 player=(1248, 1248) pos=(960, 912) path=40
learned targeted exit AreaKey { scene: 4, anchor: (160, 1328) } event=100 -> AreaKey { scene: 9, anchor: (160, 112) }
learned exit AreaKey { scene: 4, anchor: (160, 1328) } event=100 -> AreaKey { scene: 9, anchor: (160, 112) }
scene 4 -> 9 at frame 5537 position (800, 416)
target scene=9 area=(160, 112) event=186 script=6043 mode=5 state=1 player=(960, 528) pos=(992, 544) path=1
learned targeted exit AreaKey { scene: 9, anchor: (160, 112) } event=186 -> AreaKey { scene: 4, anchor: (160, 1328) }
learned exit AreaKey { scene: 9, anchor: (160, 112) } event=186 -> AreaKey { scene: 4, anchor: (160, 1328) }
scene 9 -> 4 at frame 5538 position (832, 816)
target scene=4 area=(160, 1328) event=100 script=6039 mode=5 state=1 player=(992, 928) pos=(960, 912) path=1
learned targeted exit AreaKey { scene: 4, anchor: (160, 1328) } event=100 -> AreaKey { scene: 9, anchor: (160, 112) }
learned exit AreaKey { scene: 4, anchor: (160, 1328) } event=100 -> AreaKey { scene: 9, anchor: (160, 112) }
scene 4 -> 9 at frame 5539 position (800, 416)
target scene=9 area=(160, 112) event=186 script=6043 mode=5 state=1 player=(960, 528) pos=(992, 544) path=1
learned targeted exit AreaKey { scene: 9, anchor: (160, 112) } event=186 -> AreaKey { scene: 4, anchor: (160, 1328) }
learned exit AreaKey { scene: 9, anchor: (160, 112) } event=186 -> AreaKey { scene: 4, anchor: (160, 1328) }
scene 9 -> 4 at frame 5540 position (832, 816)
target scene=4 area=(160, 1328) event=99 script=6031 mode=5 state=1 player=(992, 928) pos=(1280, 1232) path=41
learned targeted exit AreaKey { scene: 4, anchor: (160, 1328) } event=99 -> AreaKey { scene: 8, anchor: (160, 112) }
learned exit AreaKey { scene: 4, anchor: (160, 1328) } event=99 -> AreaKey { scene: 8, anchor: (160, 112) }
scene 4 -> 8 at frame 5581 position (528, 1528)
target scene=8 area=(160, 112) event=180 script=6035 mode=5 state=1 player=(688, 1640) pos=(656, 1656) path=1
learned targeted exit AreaKey { scene: 8, anchor: (160, 112) } event=180 -> AreaKey { scene: 4, anchor: (160, 1328) }
learned exit AreaKey { scene: 8, anchor: (160, 112) } event=180 -> AreaKey { scene: 4, anchor: (160, 1328) }
scene 8 -> 4 at frame 5582 position (1088, 1136)
target scene=4 area=(160, 1328) event=101 script=6447 mode=5 state=1 player=(1248, 1248) pos=(1216, 1552) path=41
learned targeted exit AreaKey { scene: 4, anchor: (160, 1328) } event=101 -> AreaKey { scene: 10, anchor: (160, 112) }
learned exit AreaKey { scene: 4, anchor: (160, 1328) } event=101 -> AreaKey { scene: 10, anchor: (160, 112) }
scene 4 -> 10 at frame 5623 position (832, 1424)
target scene=10 area=(160, 112) event=193 script=6451 mode=5 state=1 player=(992, 1536) pos=(1024, 1552) path=1
learned targeted exit AreaKey { scene: 10, anchor: (160, 112) } event=193 -> AreaKey { scene: 4, anchor: (160, 1328) }
learned exit AreaKey { scene: 10, anchor: (160, 112) } event=193 -> AreaKey { scene: 4, anchor: (160, 1328) }
scene 10 -> 4 at frame 5624 position (1088, 1456)
target scene=4 area=(160, 1328) event=101 script=6447 mode=5 state=1 player=(1248, 1568) pos=(1216, 1552) path=1
learned targeted exit AreaKey { scene: 4, anchor: (160, 1328) } event=101 -> AreaKey { scene: 10, anchor: (160, 112) }
learned exit AreaKey { scene: 4, anchor: (160, 1328) } event=101 -> AreaKey { scene: 10, anchor: (160, 112) }
scene 4 -> 10 at frame 5625 position (832, 1424)
target scene=10 area=(160, 112) event=193 script=6451 mode=5 state=1 player=(992, 1536) pos=(1024, 1552) path=1
learned targeted exit AreaKey { scene: 10, anchor: (160, 112) } event=193 -> AreaKey { scene: 4, anchor: (160, 1328) }
learned exit AreaKey { scene: 10, anchor: (160, 112) } event=193 -> AreaKey { scene: 4, anchor: (160, 1328) }
scene 10 -> 4 at frame 5626 position (1088, 1456)
target scene=4 area=(160, 1328) event=96 script=5804 mode=7 state=1 player=(1248, 1568) pos=(1824, 1328) path=32
learned targeted exit AreaKey { scene: 4, anchor: (160, 1328) } event=96 -> AreaKey { scene: 5, anchor: (160, 1648) }
learned exit AreaKey { scene: 4, anchor: (160, 1328) } event=96 -> AreaKey { scene: 5, anchor: (160, 1648) }
scene 4 -> 5 at frame 5658 position (96, 1536)
target scene=5 area=(160, 1648) event=128 script=7711 mode=3 state=2 player=(256, 1648) pos=(752, 1448) path=26
target scene=5 area=(160, 1648) event=125 script=5973 mode=3 state=2 player=(672, 1472) pos=(1040, 1432) path=19
target scene=5 area=(160, 1648) event=125 script=5984 mode=3 state=2 player=(976, 1400) pos=(1040, 1432) path=0
target scene=5 area=(160, 1648) event=125 script=5992 mode=3 state=2 player=(976, 1400) pos=(1040, 1432) path=0
target scene=5 area=(160, 1648) event=124 script=5881 mode=3 state=2 player=(976, 1400) pos=(1152, 1376) path=11
target scene=5 area=(160, 1648) event=117 script=5925 mode=6 state=1 player=(1088, 1344) pos=(1184, 1424) path=6
learned targeted exit AreaKey { scene: 5, anchor: (160, 1648) } event=117 -> AreaKey { scene: 15, anchor: (160, 112) }
learned exit AreaKey { scene: 5, anchor: (160, 1648) } event=117 -> AreaKey { scene: 15, anchor: (160, 112) }
scene 5 -> 15 at frame 5800 position (592, 696)
target scene=15 area=(160, 112) event=226 script=8660 mode=3 state=2 player=(752, 808) pos=(704, 832) path=0
target scene=15 area=(160, 112) event=226 script=8663 mode=3 state=2 player=(752, 808) pos=(704, 832) path=0
target scene=15 area=(160, 112) event=226 script=8668 mode=3 state=2 player=(752, 808) pos=(704, 832) path=0
target scene=15 area=(160, 112) event=227 script=8440 mode=5 state=1 player=(752, 808) pos=(1472, 448) path=44
learned targeted exit AreaKey { scene: 15, anchor: (160, 112) } event=227 -> AreaKey { scene: 16, anchor: (160, 1776) }
learned exit AreaKey { scene: 15, anchor: (160, 112) } event=227 -> AreaKey { scene: 16, anchor: (160, 1776) }
scene 15 -> 16 at frame 5844 position (256, 1552)
target scene=16 area=(160, 1776) event=229 script=8444 mode=5 state=1 player=(416, 1664) pos=(1856, 928) path=91
learned targeted exit AreaKey { scene: 16, anchor: (160, 1776) } event=229 -> AreaKey { scene: 17, anchor: (160, 112) }
learned exit AreaKey { scene: 16, anchor: (160, 1776) } event=229 -> AreaKey { scene: 17, anchor: (160, 112) }
scene 16 -> 17 at frame 5935 position (416, 1040)
target scene=17 area=(160, 112) event=242 script=9433 mode=0 state=2 player=(576, 1152) pos=(576, 976) path=99
marked destination touch VisitKey { scene: 17, area: (832, 832), event_id: 244, trigger_script: 8467, trigger_mode: 4, state: 1 }
learned exit AreaKey { scene: 17, anchor: (160, 112) } event=244 -> AreaKey { scene: 17, anchor: (832, 832) }
area teleport in scene 17 at frame 5983: (944, 888) -> (864, 832)
continuing target event=242 across area (832, 832) path=57
marked destination touch VisitKey { scene: 17, area: (704, 512), event_id: 245, trigger_script: 8475, trigger_mode: 4, state: 1 }
learned exit AreaKey { scene: 17, anchor: (832, 832) } event=245 -> AreaKey { scene: 17, anchor: (704, 512) }
area teleport in scene 17 at frame 6058: (864, 832) -> (704, 528)
continuing target event=242 across area (704, 512) path=55
marked destination touch VisitKey { scene: 17, area: (512, 704), event_id: 250, trigger_script: 8514, trigger_mode: 4, state: 1 }
learned exit AreaKey { scene: 17, anchor: (704, 512) } event=250 -> AreaKey { scene: 17, anchor: (512, 704) }
area teleport in scene 17 at frame 6107: (672, 544) -> (544, 736)
continuing target event=242 across area (512, 704) path=29
target scene=17 area=(512, 704) event=238 script=9433 mode=0 state=2 player=(560, 968) pos=(432, 488) path=59
marked destination touch VisitKey { scene: 17, area: (640, 512), event_id: 250, trigger_script: 8510, trigger_mode: 4, state: 1 }
learned exit AreaKey { scene: 17, anchor: (512, 704) } event=250 -> AreaKey { scene: 17, anchor: (640, 512) }
area teleport in scene 17 at frame 6214: (512, 720) -> (688, 536)
continuing target event=238 across area (640, 512) path=17
marked destination touch VisitKey { scene: 17, area: (832, 832), event_id: 245, trigger_script: 8471, trigger_mode: 4, state: 1 }
learned exit AreaKey { scene: 17, anchor: (640, 512) } event=245 -> AreaKey { scene: 17, anchor: (832, 832) }
area teleport in scene 17 at frame 6290: (704, 544) -> (832, 848)
continuing target event=238 across area (832, 832) path=44
marked destination touch VisitKey { scene: 17, area: (704, 512), event_id: 245, trigger_script: 8475, trigger_mode: 4, state: 1 }
learned exit AreaKey { scene: 17, anchor: (832, 832) } event=245 -> AreaKey { scene: 17, anchor: (704, 512) }
area teleport in scene 17 at frame 6367: (864, 832) -> (704, 528)
continuing target event=238 across area (704, 512) path=16
marked destination touch VisitKey { scene: 17, area: (512, 704), event_id: 250, trigger_script: 8514, trigger_mode: 4, state: 1 }
learned exit AreaKey { scene: 17, anchor: (704, 512) } event=250 -> AreaKey { scene: 17, anchor: (512, 704) }
area teleport in scene 17 at frame 6416: (672, 544) -> (528, 728)
continuing target event=238 across area (512, 704) path=29
marked destination touch VisitKey { scene: 17, area: (640, 512), event_id: 250, trigger_script: 8510, trigger_mode: 4, state: 1 }
learned exit AreaKey { scene: 17, anchor: (512, 704) } event=250 -> AreaKey { scene: 17, anchor: (640, 512) }
area teleport in scene 17 at frame 6464: (512, 720) -> (688, 536)
forcing unreachable event=238 script=9433 after 5 area crossings
deferred event=238 after 5 unrelated area crossings
running forced event=238 script=9433 destination=None
target scene=17 area=(640, 512) event=237 script=9193 mode=2 state=2 player=(688, 536) pos=(784, 216) path=49
marked destination touch VisitKey { scene: 17, area: (832, 832), event_id: 245, trigger_script: 8471, trigger_mode: 4, state: 1 }
learned exit AreaKey { scene: 17, anchor: (640, 512) } event=245 -> AreaKey { scene: 17, anchor: (832, 832) }
area teleport in scene 17 at frame 6540: (704, 544) -> (864, 848)
continuing target event=237 across area (832, 832) path=84
marked destination touch VisitKey { scene: 17, area: (960, 896), event_id: 244, trigger_script: 8464, trigger_mode: 4, state: 1 }
learned exit AreaKey { scene: 17, anchor: (832, 832) } event=244 -> AreaKey { scene: 17, anchor: (960, 896) }
area teleport in scene 17 at frame 6553: (864, 848) -> (976, 904)
continuing target event=237 across area (960, 896) path=95
marked destination touch VisitKey { scene: 17, area: (1280, 768), event_id: 249, trigger_script: 8506, trigger_mode: 4, state: 1 }
learned exit AreaKey { scene: 17, anchor: (960, 896) } event=249 -> AreaKey { scene: 17, anchor: (1280, 768) }
area teleport in scene 17 at frame 6581: (1120, 880) -> (1280, 800)
continuing target event=237 across area (1280, 768) path=82
marked destination touch VisitKey { scene: 17, area: (1472, 1088), event_id: 251, trigger_script: 8524, trigger_mode: 4, state: 1 }
learned exit AreaKey { scene: 17, anchor: (1280, 768) } event=251 -> AreaKey { scene: 17, anchor: (1472, 1088) }
area teleport in scene 17 at frame 6667: (1296, 824) -> (1488, 1144)
continuing target event=237 across area (1472, 1088) path=119
marked destination touch VisitKey { scene: 17, area: (1152, 832), event_id: 253, trigger_script: 8540, trigger_mode: 4, state: 1 }
learned exit AreaKey { scene: 17, anchor: (1472, 1088) } event=253 -> AreaKey { scene: 17, anchor: (1152, 832) }
area teleport in scene 17 at frame 6712: (1424, 1000) -> (1200, 888)
forcing unreachable event=237 script=9193 after 5 area crossings
deferred event=237 after 5 unrelated area crossings
running forced event=237 script=9193 destination=None
target scene=17 area=(1152, 832) event=241 script=9433 mode=0 state=2 player=(1200, 888) pos=(1776, 824) path=67
marked destination touch VisitKey { scene: 17, area: (896, 384), event_id: 255, trigger_script: 8555, trigger_mode: 4, state: 1 }
learned exit AreaKey { scene: 17, anchor: (1152, 832) } event=255 -> AreaKey { scene: 17, anchor: (896, 384) }
area teleport in scene 17 at frame 6834: (1248, 880) -> (928, 400)
continuing target event=241 across area (896, 384) path=122
marked destination touch VisitKey { scene: 17, area: (1216, 832), event_id: 255, trigger_script: 8551, trigger_mode: 4, state: 1 }
learned exit AreaKey { scene: 17, anchor: (896, 384) } event=255 -> AreaKey { scene: 17, anchor: (1216, 832) }
area teleport in scene 17 at frame 6955: (928, 416) -> (1232, 888)
continuing target event=241 across area (1216, 832) path=61
marked destination touch VisitKey { scene: 17, area: (1408, 960), event_id: 253, trigger_script: 8537, trigger_mode: 4, state: 1 }
learned exit AreaKey { scene: 17, anchor: (1216, 832) } event=253 -> AreaKey { scene: 17, anchor: (1408, 960) }
area teleport in scene 17 at frame 6984: (1232, 904) -> (1456, 1016)
continuing target event=241 across area (1408, 960) path=45
target scene=17 area=(1408, 960) event=236 script=8605 mode=1 state=1 player=(1760, 832) pos=(1824, 672) path=93
marked destination touch VisitKey { scene: 17, area: (1024, 1216), event_id: 252, trigger_script: 8533, trigger_mode: 4, state: 1 }
learned exit AreaKey { scene: 17, anchor: (1408, 960) } event=252 -> AreaKey { scene: 17, anchor: (1024, 1216) }
area teleport in scene 17 at frame 7124: (1440, 1056) -> (1024, 1248)
continuing target event=236 across area (1024, 1216) path=75
marked destination touch VisitKey { scene: 17, area: (1472, 1024), event_id: 252, trigger_script: 8530, trigger_mode: 4, state: 1 }
learned exit AreaKey { scene: 17, anchor: (1024, 1216) } event=252 -> AreaKey { scene: 17, anchor: (1472, 1024) }
area teleport in scene 17 at frame 7177: (1056, 1248) -> (1472, 1040)
continuing target event=236 across area (1472, 1024) path=47
marked destination touch VisitKey { scene: 17, area: (1152, 832), event_id: 253, trigger_script: 8540, trigger_mode: 4, state: 1 }
learned exit AreaKey { scene: 17, anchor: (1472, 1024) } event=253 -> AreaKey { scene: 17, anchor: (1152, 832) }
area teleport in scene 17 at frame 7209: (1424, 1000) -> (1200, 888)
continuing target event=236 across area (1152, 832) path=46
marked destination touch VisitKey { scene: 17, area: (1088, 832), event_id: 254, trigger_script: 8547, trigger_mode: 4, state: 1 }
learned exit AreaKey { scene: 17, anchor: (1152, 832) } event=254 -> AreaKey { scene: 17, anchor: (1088, 832) }
area teleport in scene 17 at frame 7223: (1184, 880) -> (1088, 832)
continuing target event=236 across area (1088, 832) path=49
marked destination touch VisitKey { scene: 17, area: (1344, 512), event_id: 256, trigger_script: 8564, trigger_mode: 4, state: 1 }
learned exit AreaKey { scene: 17, anchor: (1088, 832) } event=256 -> AreaKey { scene: 17, anchor: (1344, 512) }
area teleport in scene 17 at frame 7285: (1232, 776) -> (1344, 560)
forcing unreachable event=236 script=8605 after 5 area crossings
deferred event=236 after 5 unrelated area crossings
running forced event=236 script=8605 destination=None
target scene=17 area=(1344, 512) event=264 script=9576 mode=1 state=2 player=(1344, 560) pos=(1408, 432) path=41
marked destination touch VisitKey { scene: 17, area: (1408, 512), event_id: 257, trigger_script: 8572, trigger_mode: 4, state: 1 }
learned exit AreaKey { scene: 17, anchor: (1344, 512) } event=257 -> AreaKey { scene: 17, anchor: (1408, 512) }
area teleport in scene 17 at frame 7296: (1344, 560) -> (1424, 520)
continuing target event=264 across area (1408, 512) path=46
marked destination touch VisitKey { scene: 17, area: (1280, 576), event_id: 257, trigger_script: 8569, trigger_mode: 4, state: 1 }
learned exit AreaKey { scene: 17, anchor: (1408, 512) } event=257 -> AreaKey { scene: 17, anchor: (1280, 576) }
area teleport in scene 17 at frame 7308: (1408, 528) -> (1312, 576)
continuing target event=264 across area (1280, 576) path=43
marked destination touch VisitKey { scene: 17, area: (1024, 448), event_id: 260, trigger_script: 8595, trigger_mode: 4, state: 1 }
learned exit AreaKey { scene: 17, anchor: (1280, 576) } event=260 -> AreaKey { scene: 17, anchor: (1024, 448) }
area teleport in scene 17 at frame 7364: (1280, 560) -> (1072, 456)
continuing target event=264 across area (1024, 448) path=24
target scene=17 area=(1024, 448) event=264 script=887 mode=1 state=2 player=(1392, 424) pos=(1408, 432) path=0
target scene=17 area=(1024, 448) event=240 script=9433 mode=0 state=2 player=(1392, 424) pos=(1472, 272) path=76
marked destination touch VisitKey { scene: 17, area: (1280, 576), event_id: 260, trigger_script: 8601, trigger_mode: 4, state: 1 }
learned exit AreaKey { scene: 17, anchor: (1024, 448) } event=260 -> AreaKey { scene: 17, anchor: (1280, 576) }
area teleport in scene 17 at frame 7439: (1104, 472) -> (1312, 576)
continuing target event=240 across area (1280, 576) path=39
marked destination touch VisitKey { scene: 17, area: (1216, 768), event_id: 256, trigger_script: 8560, trigger_mode: 4, state: 1 }
learned exit AreaKey { scene: 17, anchor: (1280, 576) } event=256 -> AreaKey { scene: 17, anchor: (1216, 768) }
area teleport in scene 17 at frame 7494: (1344, 576) -> (1232, 776)
continuing target event=240 across area (1216, 768) path=62
marked destination touch VisitKey { scene: 17, area: (1344, 512), event_id: 256, trigger_script: 8564, trigger_mode: 4, state: 1 }
learned exit AreaKey { scene: 17, anchor: (1216, 768) } event=256 -> AreaKey { scene: 17, anchor: (1344, 512) }
area teleport in scene 17 at frame 7547: (1232, 776) -> (1344, 560)
continuing target event=240 across area (1344, 512) path=35
marked destination touch VisitKey { scene: 17, area: (1408, 512), event_id: 257, trigger_script: 8572, trigger_mode: 4, state: 1 }
learned exit AreaKey { scene: 17, anchor: (1344, 512) } event=257 -> AreaKey { scene: 17, anchor: (1408, 512) }
area teleport in scene 17 at frame 7558: (1344, 560) -> (1440, 512)
continuing target event=240 across area (1408, 512) path=29
target scene=17 area=(1408, 512) event=237 script=9193 mode=2 state=2 player=(1488, 280) pos=(784, 216) path=89
marked destination touch VisitKey { scene: 17, area: (1280, 576), event_id: 257, trigger_script: 8569, trigger_mode: 4, state: 1 }
learned exit AreaKey { scene: 17, anchor: (1408, 512) } event=257 -> AreaKey { scene: 17, anchor: (1280, 576) }
area teleport in scene 17 at frame 7629: (1408, 528) -> (1312, 576)
continuing target event=237 across area (1280, 576) path=52
marked destination touch VisitKey { scene: 17, area: (1024, 448), event_id: 260, trigger_script: 8595, trigger_mode: 4, state: 1 }
learned exit AreaKey { scene: 17, anchor: (1280, 576) } event=260 -> AreaKey { scene: 17, anchor: (1024, 448) }
area teleport in scene 17 at frame 7658: (1280, 560) -> (1072, 456)
continuing target event=237 across area (1024, 448) path=41
marked destination touch VisitKey { scene: 17, area: (1280, 512), event_id: 260, trigger_script: 8601, trigger_mode: 4, state: 1 }
learned exit AreaKey { scene: 17, anchor: (1024, 448) } event=260 -> AreaKey { scene: 17, anchor: (1280, 512) }
area teleport in scene 17 at frame 7685: (1104, 472) -> (1296, 568)
continuing target event=237 across area (1280, 512) path=57
marked destination touch VisitKey { scene: 17, area: (1408, 512), event_id: 257, trigger_script: 8572, trigger_mode: 4, state: 1 }
learned exit AreaKey { scene: 17, anchor: (1280, 512) } event=257 -> AreaKey { scene: 17, anchor: (1408, 512) }
area teleport in scene 17 at frame 7699: (1344, 560) -> (1424, 520)
continuing target event=237 across area (1408, 512) path=59
marked destination touch VisitKey { scene: 17, area: (1280, 576), event_id: 257, trigger_script: 8569, trigger_mode: 4, state: 1 }
learned exit AreaKey { scene: 17, anchor: (1408, 512) } event=257 -> AreaKey { scene: 17, anchor: (1280, 576) }
area teleport in scene 17 at frame 7711: (1408, 528) -> (1312, 576)
forcing unreachable event=237 script=9193 after 5 area crossings
deferred event=237 after 5 unrelated area crossings
running forced event=237 script=9193 destination=None
target scene=17 area=(1280, 576) event=236 script=8609 mode=1 state=1 player=(1312, 576) pos=(1824, 672) path=37
marked destination touch VisitKey { scene: 17, area: (1408, 512), event_id: 257, trigger_script: 8572, trigger_mode: 4, state: 1 }
learned exit AreaKey { scene: 17, anchor: (1280, 576) } event=257 -> AreaKey { scene: 17, anchor: (1408, 512) }
area teleport in scene 17 at frame 7727: (1344, 560) -> (1440, 512)
continuing target event=236 across area (1408, 512) path=33
marked destination touch VisitKey { scene: 17, area: (1344, 576), event_id: 257, trigger_script: 8569, trigger_mode: 4, state: 1 }
learned exit AreaKey { scene: 17, anchor: (1408, 512) } event=257 -> AreaKey { scene: 17, anchor: (1344, 576) }
area teleport in scene 17 at frame 7740: (1408, 528) -> (1344, 576)
continuing target event=236 across area (1344, 576) path=33
marked destination touch VisitKey { scene: 17, area: (1216, 768), event_id: 256, trigger_script: 8560, trigger_mode: 4, state: 1 }
learned exit AreaKey { scene: 17, anchor: (1344, 576) } event=256 -> AreaKey { scene: 17, anchor: (1216, 768) }
area teleport in scene 17 at frame 7793: (1344, 576) -> (1232, 776)
continuing target event=236 across area (1216, 768) path=40
marked destination touch VisitKey { scene: 17, area: (1344, 512), event_id: 256, trigger_script: 8564, trigger_mode: 4, state: 1 }
learned exit AreaKey { scene: 17, anchor: (1216, 768) } event=256 -> AreaKey { scene: 17, anchor: (1344, 512) }
area teleport in scene 17 at frame 7846: (1232, 776) -> (1344, 560)
continuing target event=236 across area (1344, 512) path=33
marked destination touch VisitKey { scene: 17, area: (1408, 512), event_id: 257, trigger_script: 8572, trigger_mode: 4, state: 1 }
learned exit AreaKey { scene: 17, anchor: (1344, 512) } event=257 -> AreaKey { scene: 17, anchor: (1408, 512) }
area teleport in scene 17 at frame 7857: (1344, 560) -> (1440, 512)
forcing unreachable event=236 script=8609 after 5 area crossings
deferred event=236 after 5 unrelated area crossings
running forced event=236 script=8609 destination=None
target scene=17 area=(1408, 512) event=237 script=9193 mode=2 state=2 player=(1440, 512) pos=(784, 216) path=60
marked destination touch VisitKey { scene: 17, area: (1280, 576), event_id: 257, trigger_script: 8569, trigger_mode: 4, state: 1 }
learned exit AreaKey { scene: 17, anchor: (1408, 512) } event=257 -> AreaKey { scene: 17, anchor: (1280, 576) }
area teleport in scene 17 at frame 7870: (1408, 528) -> (1312, 576)
continuing target event=237 across area (1280, 576) path=52
marked destination touch VisitKey { scene: 17, area: (1024, 448), event_id: 260, trigger_script: 8595, trigger_mode: 4, state: 1 }
learned exit AreaKey { scene: 17, anchor: (1280, 576) } event=260 -> AreaKey { scene: 17, anchor: (1024, 448) }
area teleport in scene 17 at frame 7899: (1280, 560) -> (1072, 456)
continuing target event=237 across area (1024, 448) path=41
marked destination touch VisitKey { scene: 17, area: (1280, 512), event_id: 260, trigger_script: 8601, trigger_mode: 4, state: 1 }
learned exit AreaKey { scene: 17, anchor: (1024, 448) } event=260 -> AreaKey { scene: 17, anchor: (1280, 512) }
area teleport in scene 17 at frame 7926: (1104, 472) -> (1296, 568)
continuing target event=237 across area (1280, 512) path=59
marked destination touch VisitKey { scene: 17, area: (1216, 768), event_id: 256, trigger_script: 8560, trigger_mode: 4, state: 1 }
learned exit AreaKey { scene: 17, anchor: (1280, 512) } event=256 -> AreaKey { scene: 17, anchor: (1216, 768) }
area teleport in scene 17 at frame 7982: (1344, 576) -> (1216, 784)
continuing target event=237 across area (1216, 768) path=74
marked destination touch VisitKey { scene: 17, area: (832, 448), event_id: 259, trigger_script: 8588, trigger_mode: 4, state: 1 }
learned exit AreaKey { scene: 17, anchor: (1216, 768) } event=259 -> AreaKey { scene: 17, anchor: (832, 448) }
area teleport in scene 17 at frame 8044: (1136, 600) -> (832, 448)
forcing unreachable event=237 script=9193 after 5 area crossings
deferred event=237 after 5 unrelated area crossings
running forced event=237 script=9193 destination=None
target scene=17 area=(832, 448) event=239 script=9433 mode=0 state=2 player=(832, 448) pos=(496, 232) path=38
target scene=17 area=(832, 448) event=236 script=8609 mode=1 state=1 player=(512, 240) pos=(1824, 672) path=103
marked destination touch VisitKey { scene: 17, area: (1152, 576), event_id: 259, trigger_script: 8585, trigger_mode: 4, state: 1 }
learned exit AreaKey { scene: 17, anchor: (832, 448) } event=259 -> AreaKey { scene: 17, anchor: (1152, 576) }
area teleport in scene 17 at frame 8160: (848, 456) -> (1152, 608)
continuing target event=236 across area (1152, 576) path=63
marked destination touch VisitKey { scene: 17, area: (1344, 512), event_id: 256, trigger_script: 8564, trigger_mode: 4, state: 1 }
learned exit AreaKey { scene: 17, anchor: (1152, 576) } event=256 -> AreaKey { scene: 17, anchor: (1344, 512) }
area teleport in scene 17 at frame 8236: (1232, 776) -> (1344, 560)
continuing target event=236 across area (1344, 512) path=33
marked destination touch VisitKey { scene: 17, area: (1408, 512), event_id: 257, trigger_script: 8572, trigger_mode: 4, state: 1 }
learned exit AreaKey { scene: 17, anchor: (1344, 512) } event=257 -> AreaKey { scene: 17, anchor: (1408, 512) }
area teleport in scene 17 at frame 8247: (1344, 560) -> (1440, 512)
continuing target event=236 across area (1408, 512) path=33
marked destination touch VisitKey { scene: 17, area: (1344, 576), event_id: 257, trigger_script: 8569, trigger_mode: 4, state: 1 }
learned exit AreaKey { scene: 17, anchor: (1408, 512) } event=257 -> AreaKey { scene: 17, anchor: (1344, 576) }
area teleport in scene 17 at frame 8260: (1408, 528) -> (1344, 576)
continuing target event=236 across area (1344, 576) path=33
marked destination touch VisitKey { scene: 17, area: (1216, 768), event_id: 256, trigger_script: 8560, trigger_mode: 4, state: 1 }
learned exit AreaKey { scene: 17, anchor: (1344, 576) } event=256 -> AreaKey { scene: 17, anchor: (1216, 768) }
area teleport in scene 17 at frame 8313: (1344, 576) -> (1232, 776)
forcing unreachable event=236 script=8609 after 5 area crossings
deferred event=236 after 5 unrelated area crossings
running forced event=236 script=8609 destination=None
target scene=17 area=(1216, 768) event=243 script=9433 mode=0 state=2 player=(1232, 776) pos=(1472, 1280) path=94
marked destination touch VisitKey { scene: 17, area: (1280, 576), event_id: 256, trigger_script: 8564, trigger_mode: 4, state: 1 }
learned exit AreaKey { scene: 17, anchor: (1216, 768) } event=256 -> AreaKey { scene: 17, anchor: (1280, 576) }
area teleport in scene 17 at frame 8366: (1232, 776) -> (1312, 576)
continuing target event=243 across area (1280, 576) path=117
marked destination touch VisitKey { scene: 17, area: (1216, 768), event_id: 256, trigger_script: 8560, trigger_mode: 4, state: 1 }
learned exit AreaKey { scene: 17, anchor: (1280, 576) } event=256 -> AreaKey { scene: 17, anchor: (1216, 768) }
area teleport in scene 17 at frame 8521: (1344, 576) -> (1232, 776)
continuing target event=243 across area (1216, 768) path=94
marked destination touch VisitKey { scene: 17, area: (1280, 576), event_id: 256, trigger_script: 8564, trigger_mode: 4, state: 1 }
learned exit AreaKey { scene: 17, anchor: (1216, 768) } event=256 -> AreaKey { scene: 17, anchor: (1280, 576) }
area teleport in scene 17 at frame 8574: (1232, 776) -> (1312, 576)
continuing target event=243 across area (1280, 576) path=117
marked destination touch VisitKey { scene: 17, area: (1216, 768), event_id: 256, trigger_script: 8560, trigger_mode: 4, state: 1 }
learned exit AreaKey { scene: 17, anchor: (1280, 576) } event=256 -> AreaKey { scene: 17, anchor: (1216, 768) }
area teleport in scene 17 at frame 8729: (1344, 576) -> (1232, 776)
continuing target event=243 across area (1216, 768) path=94
marked destination touch VisitKey { scene: 17, area: (1280, 576), event_id: 256, trigger_script: 8564, trigger_mode: 4, state: 1 }
learned exit AreaKey { scene: 17, anchor: (1216, 768) } event=256 -> AreaKey { scene: 17, anchor: (1280, 576) }
area teleport in scene 17 at frame 8782: (1232, 776) -> (1312, 576)
forcing unreachable event=243 script=9433 after 5 area crossings
deferred event=243 after 5 unrelated area crossings
running forced event=243 script=9433 destination=None
target scene=17 area=(1280, 576) event=236 script=8609 mode=1 state=1 player=(1312, 576) pos=(1824, 672) path=37
marked destination touch VisitKey { scene: 17, area: (1408, 512), event_id: 257, trigger_script: 8572, trigger_mode: 4, state: 1 }
learned exit AreaKey { scene: 17, anchor: (1280, 576) } event=257 -> AreaKey { scene: 17, anchor: (1408, 512) }
area teleport in scene 17 at frame 8798: (1344, 560) -> (1440, 512)
continuing target event=236 across area (1408, 512) path=33
marked destination touch VisitKey { scene: 17, area: (1344, 576), event_id: 257, trigger_script: 8569, trigger_mode: 4, state: 1 }
learned exit AreaKey { scene: 17, anchor: (1408, 512) } event=257 -> AreaKey { scene: 17, anchor: (1344, 576) }
area teleport in scene 17 at frame 8811: (1408, 528) -> (1344, 576)
continuing target event=236 across area (1344, 576) path=33
marked destination touch VisitKey { scene: 17, area: (1216, 768), event_id: 256, trigger_script: 8560, trigger_mode: 4, state: 1 }
learned exit AreaKey { scene: 17, anchor: (1344, 576) } event=256 -> AreaKey { scene: 17, anchor: (1216, 768) }
area teleport in scene 17 at frame 8864: (1344, 576) -> (1232, 776)
continuing target event=236 across area (1216, 768) path=40
marked destination touch VisitKey { scene: 17, area: (1344, 512), event_id: 256, trigger_script: 8564, trigger_mode: 4, state: 1 }
learned exit AreaKey { scene: 17, anchor: (1216, 768) } event=256 -> AreaKey { scene: 17, anchor: (1344, 512) }
area teleport in scene 17 at frame 8917: (1232, 776) -> (1344, 560)
continuing target event=236 across area (1344, 512) path=33
marked destination touch VisitKey { scene: 17, area: (1408, 512), event_id: 257, trigger_script: 8572, trigger_mode: 4, state: 1 }
learned exit AreaKey { scene: 17, anchor: (1344, 512) } event=257 -> AreaKey { scene: 17, anchor: (1408, 512) }
area teleport in scene 17 at frame 8928: (1344, 560) -> (1440, 512)
forcing unreachable event=236 script=8609 after 5 area crossings
deferred event=236 after 5 unrelated area crossings
running forced event=236 script=8609 destination=None
target scene=17 area=(1408, 512) event=237 script=9193 mode=2 state=2 player=(1440, 512) pos=(784, 216) path=60
marked destination touch VisitKey { scene: 17, area: (1280, 576), event_id: 257, trigger_script: 8569, trigger_mode: 4, state: 1 }
learned exit AreaKey { scene: 17, anchor: (1408, 512) } event=257 -> AreaKey { scene: 17, anchor: (1280, 576) }
area teleport in scene 17 at frame 8941: (1408, 528) -> (1312, 576)
continuing target event=237 across area (1280, 576) path=52
marked destination touch VisitKey { scene: 17, area: (1024, 448), event_id: 260, trigger_script: 8595, trigger_mode: 4, state: 1 }
learned exit AreaKey { scene: 17, anchor: (1280, 576) } event=260 -> AreaKey { scene: 17, anchor: (1024, 448) }
area teleport in scene 17 at frame 8970: (1280, 560) -> (1072, 456)
continuing target event=237 across area (1024, 448) path=41
marked destination touch VisitKey { scene: 17, area: (1280, 512), event_id: 260, trigger_script: 8601, trigger_mode: 4, state: 1 }
learned exit AreaKey { scene: 17, anchor: (1024, 448) } event=260 -> AreaKey { scene: 17, anchor: (1280, 512) }
area teleport in scene 17 at frame 8997: (1104, 472) -> (1296, 568)
continuing target event=237 across area (1280, 512) path=53
marked destination touch VisitKey { scene: 17, area: (1024, 448), event_id: 260, trigger_script: 8595, trigger_mode: 4, state: 1 }
learned exit AreaKey { scene: 17, anchor: (1280, 512) } event=260 -> AreaKey { scene: 17, anchor: (1024, 448) }
area teleport in scene 17 at frame 9027: (1280, 560) -> (1072, 456)
continuing target event=237 across area (1024, 448) path=41
marked destination touch VisitKey { scene: 17, area: (1280, 512), event_id: 260, trigger_script: 8601, trigger_mode: 4, state: 1 }
learned exit AreaKey { scene: 17, anchor: (1024, 448) } event=260 -> AreaKey { scene: 17, anchor: (1280, 512) }
area teleport in scene 17 at frame 9054: (1104, 472) -> (1296, 568)
forcing unreachable event=237 script=9193 after 5 area crossings
deferred event=237 after 5 unrelated area crossings
running forced event=237 script=9193 destination=None
target scene=17 area=(1280, 512) event=236 script=8609 mode=1 state=1 player=(1296, 568) pos=(1824, 672) path=38
marked destination touch VisitKey { scene: 17, area: (1408, 512), event_id: 257, trigger_script: 8572, trigger_mode: 4, state: 1 }
learned exit AreaKey { scene: 17, anchor: (1280, 512) } event=257 -> AreaKey { scene: 17, anchor: (1408, 512) }
area teleport in scene 17 at frame 9071: (1344, 560) -> (1440, 512)
continuing target event=236 across area (1408, 512) path=33
marked destination touch VisitKey { scene: 17, area: (1344, 576), event_id: 257, trigger_script: 8569, trigger_mode: 4, state: 1 }
learned exit AreaKey { scene: 17, anchor: (1408, 512) } event=257 -> AreaKey { scene: 17, anchor: (1344, 576) }
area teleport in scene 17 at frame 9084: (1408, 528) -> (1344, 576)
continuing target event=236 across area (1344, 576) path=33
marked destination touch VisitKey { scene: 17, area: (1216, 768), event_id: 256, trigger_script: 8560, trigger_mode: 4, state: 1 }
learned exit AreaKey { scene: 17, anchor: (1344, 576) } event=256 -> AreaKey { scene: 17, anchor: (1216, 768) }
area teleport in scene 17 at frame 9137: (1344, 576) -> (1232, 776)
continuing target event=236 across area (1216, 768) path=40
marked destination touch VisitKey { scene: 17, area: (1344, 512), event_id: 256, trigger_script: 8564, trigger_mode: 4, state: 1 }
learned exit AreaKey { scene: 17, anchor: (1216, 768) } event=256 -> AreaKey { scene: 17, anchor: (1344, 512) }
area teleport in scene 17 at frame 9190: (1232, 776) -> (1344, 560)
continuing target event=236 across area (1344, 512) path=33
marked destination touch VisitKey { scene: 17, area: (1408, 512), event_id: 257, trigger_script: 8572, trigger_mode: 4, state: 1 }
learned exit AreaKey { scene: 17, anchor: (1344, 512) } event=257 -> AreaKey { scene: 17, anchor: (1408, 512) }
area teleport in scene 17 at frame 9201: (1344, 560) -> (1440, 512)
forcing unreachable event=236 script=8609 after 5 area crossings
deferred event=236 after 5 unrelated area crossings
running forced event=236 script=8609 destination=None
target scene=17 area=(1408, 512) event=237 script=9193 mode=2 state=2 player=(1440, 512) pos=(784, 216) path=60
marked destination touch VisitKey { scene: 17, area: (1280, 576), event_id: 257, trigger_script: 8569, trigger_mode: 4, state: 1 }
learned exit AreaKey { scene: 17, anchor: (1408, 512) } event=257 -> AreaKey { scene: 17, anchor: (1280, 576) }
area teleport in scene 17 at frame 9214: (1408, 528) -> (1312, 576)
continuing target event=237 across area (1280, 576) path=52
marked destination touch VisitKey { scene: 17, area: (1024, 448), event_id: 260, trigger_script: 8595, trigger_mode: 4, state: 1 }
learned exit AreaKey { scene: 17, anchor: (1280, 576) } event=260 -> AreaKey { scene: 17, anchor: (1024, 448) }
area teleport in scene 17 at frame 9243: (1280, 560) -> (1072, 456)
continuing target event=237 across area (1024, 448) path=41
marked destination touch VisitKey { scene: 17, area: (1280, 512), event_id: 260, trigger_script: 8601, trigger_mode: 4, state: 1 }
learned exit AreaKey { scene: 17, anchor: (1024, 448) } event=260 -> AreaKey { scene: 17, anchor: (1280, 512) }
area teleport in scene 17 at frame 9270: (1104, 472) -> (1296, 568)
continuing target event=237 across area (1280, 512) path=53
marked destination touch VisitKey { scene: 17, area: (1024, 448), event_id: 260, trigger_script: 8595, trigger_mode: 4, state: 1 }
learned exit AreaKey { scene: 17, anchor: (1280, 512) } event=260 -> AreaKey { scene: 17, anchor: (1024, 448) }
area teleport in scene 17 at frame 9300: (1280, 560) -> (1072, 456)
continuing target event=237 across area (1024, 448) path=41
marked destination touch VisitKey { scene: 17, area: (1280, 512), event_id: 260, trigger_script: 8601, trigger_mode: 4, state: 1 }
learned exit AreaKey { scene: 17, anchor: (1024, 448) } event=260 -> AreaKey { scene: 17, anchor: (1280, 512) }
area teleport in scene 17 at frame 9327: (1104, 472) -> (1296, 568)
forcing unreachable event=237 script=9193 after 5 area crossings
deferred event=237 after 5 unrelated area crossings
running forced event=237 script=9193 destination=None
target scene=17 area=(1280, 512) event=236 script=8609 mode=1 state=1 player=(1296, 568) pos=(1824, 672) path=38
marked destination touch VisitKey { scene: 17, area: (1408, 512), event_id: 257, trigger_script: 8572, trigger_mode: 4, state: 1 }
learned exit AreaKey { scene: 17, anchor: (1280, 512) } event=257 -> AreaKey { scene: 17, anchor: (1408, 512) }
area teleport in scene 17 at frame 9344: (1344, 560) -> (1440, 512)
continuing target event=236 across area (1408, 512) path=33
marked destination touch VisitKey { scene: 17, area: (1344, 576), event_id: 257, trigger_script: 8569, trigger_mode: 4, state: 1 }
learned exit AreaKey { scene: 17, anchor: (1408, 512) } event=257 -> AreaKey { scene: 17, anchor: (1344, 576) }
area teleport in scene 17 at frame 9357: (1408, 528) -> (1344, 576)
continuing target event=236 across area (1344, 576) path=33
marked destination touch VisitKey { scene: 17, area: (1216, 768), event_id: 256, trigger_script: 8560, trigger_mode: 4, state: 1 }
learned exit AreaKey { scene: 17, anchor: (1344, 576) } event=256 -> AreaKey { scene: 17, anchor: (1216, 768) }
area teleport in scene 17 at frame 9410: (1344, 576) -> (1232, 776)
continuing target event=236 across area (1216, 768) path=40
marked destination touch VisitKey { scene: 17, area: (1344, 512), event_id: 256, trigger_script: 8564, trigger_mode: 4, state: 1 }
learned exit AreaKey { scene: 17, anchor: (1216, 768) } event=256 -> AreaKey { scene: 17, anchor: (1344, 512) }
area teleport in scene 17 at frame 9463: (1232, 776) -> (1344, 560)
continuing target event=236 across area (1344, 512) path=33
marked destination touch VisitKey { scene: 17, area: (1408, 512), event_id: 257, trigger_script: 8572, trigger_mode: 4, state: 1 }
learned exit AreaKey { scene: 17, anchor: (1344, 512) } event=257 -> AreaKey { scene: 17, anchor: (1408, 512) }
area teleport in scene 17 at frame 9474: (1344, 560) -> (1440, 512)
forcing unreachable event=236 script=8609 after 5 area crossings
deferred event=236 after 5 unrelated area crossings
running forced event=236 script=8609 destination=None
target scene=17 area=(1408, 512) event=237 script=9193 mode=2 state=2 player=(1440, 512) pos=(784, 216) path=60
marked destination touch VisitKey { scene: 17, area: (1280, 576), event_id: 257, trigger_script: 8569, trigger_mode: 4, state: 1 }
learned exit AreaKey { scene: 17, anchor: (1408, 512) } event=257 -> AreaKey { scene: 17, anchor: (1280, 576) }
area teleport in scene 17 at frame 9487: (1408, 528) -> (1312, 576)
continuing target event=237 across area (1280, 576) path=52
marked destination touch VisitKey { scene: 17, area: (1024, 448), event_id: 260, trigger_script: 8595, trigger_mode: 4, state: 1 }
learned exit AreaKey { scene: 17, anchor: (1280, 576) } event=260 -> AreaKey { scene: 17, anchor: (1024, 448) }
area teleport in scene 17 at frame 9516: (1280, 560) -> (1072, 456)
continuing target event=237 across area (1024, 448) path=41
marked destination touch VisitKey { scene: 17, area: (1280, 512), event_id: 260, trigger_script: 8601, trigger_mode: 4, state: 1 }
learned exit AreaKey { scene: 17, anchor: (1024, 448) } event=260 -> AreaKey { scene: 17, anchor: (1280, 512) }
area teleport in scene 17 at frame 9543: (1104, 472) -> (1296, 568)
continuing target event=237 across area (1280, 512) path=53
marked destination touch VisitKey { scene: 17, area: (1024, 448), event_id: 260, trigger_script: 8595, trigger_mode: 4, state: 1 }
learned exit AreaKey { scene: 17, anchor: (1280, 512) } event=260 -> AreaKey { scene: 17, anchor: (1024, 448) }
area teleport in scene 17 at frame 9573: (1280, 560) -> (1072, 456)
continuing target event=237 across area (1024, 448) path=41
marked destination touch VisitKey { scene: 17, area: (1280, 512), event_id: 260, trigger_script: 8601, trigger_mode: 4, state: 1 }
learned exit AreaKey { scene: 17, anchor: (1024, 448) } event=260 -> AreaKey { scene: 17, anchor: (1280, 512) }
area teleport in scene 17 at frame 9600: (1104, 472) -> (1296, 568)
forcing unreachable event=237 script=9193 after 5 area crossings
deferred event=237 after 5 unrelated area crossings
running forced event=237 script=9193 destination=None
target scene=17 area=(1280, 512) event=236 script=8609 mode=1 state=1 player=(1296, 568) pos=(1824, 672) path=38
marked destination touch VisitKey { scene: 17, area: (1408, 512), event_id: 257, trigger_script: 8572, trigger_mode: 4, state: 1 }
learned exit AreaKey { scene: 17, anchor: (1280, 512) } event=257 -> AreaKey { scene: 17, anchor: (1408, 512) }
area teleport in scene 17 at frame 9617: (1344, 560) -> (1440, 512)
continuing target event=236 across area (1408, 512) path=33
marked destination touch VisitKey { scene: 17, area: (1344, 576), event_id: 257, trigger_script: 8569, trigger_mode: 4, state: 1 }
learned exit AreaKey { scene: 17, anchor: (1408, 512) } event=257 -> AreaKey { scene: 17, anchor: (1344, 576) }
area teleport in scene 17 at frame 9630: (1408, 528) -> (1344, 576)
continuing target event=236 across area (1344, 576) path=33
marked destination touch VisitKey { scene: 17, area: (1216, 768), event_id: 256, trigger_script: 8560, trigger_mode: 4, state: 1 }
learned exit AreaKey { scene: 17, anchor: (1344, 576) } event=256 -> AreaKey { scene: 17, anchor: (1216, 768) }
area teleport in scene 17 at frame 9683: (1344, 576) -> (1232, 776)
continuing target event=236 across area (1216, 768) path=40
marked destination touch VisitKey { scene: 17, area: (1344, 512), event_id: 256, trigger_script: 8564, trigger_mode: 4, state: 1 }
learned exit AreaKey { scene: 17, anchor: (1216, 768) } event=256 -> AreaKey { scene: 17, anchor: (1344, 512) }
area teleport in scene 17 at frame 9736: (1232, 776) -> (1344, 560)
continuing target event=236 across area (1344, 512) path=33
marked destination touch VisitKey { scene: 17, area: (1408, 512), event_id: 257, trigger_script: 8572, trigger_mode: 4, state: 1 }
learned exit AreaKey { scene: 17, anchor: (1344, 512) } event=257 -> AreaKey { scene: 17, anchor: (1408, 512) }
area teleport in scene 17 at frame 9747: (1344, 560) -> (1440, 512)
forcing unreachable event=236 script=8609 after 5 area crossings
deferred event=236 after 5 unrelated area crossings
running forced event=236 script=8609 destination=None
target scene=17 area=(1408, 512) event=237 script=9193 mode=2 state=2 player=(1440, 512) pos=(784, 216) path=60
marked destination touch VisitKey { scene: 17, area: (1280, 576), event_id: 257, trigger_script: 8569, trigger_mode: 4, state: 1 }
learned exit AreaKey { scene: 17, anchor: (1408, 512) } event=257 -> AreaKey { scene: 17, anchor: (1280, 576) }
area teleport in scene 17 at frame 9760: (1408, 528) -> (1312, 576)
continuing target event=237 across area (1280, 576) path=52
marked destination touch VisitKey { scene: 17, area: (1024, 448), event_id: 260, trigger_script: 8595, trigger_mode: 4, state: 1 }
learned exit AreaKey { scene: 17, anchor: (1280, 576) } event=260 -> AreaKey { scene: 17, anchor: (1024, 448) }
area teleport in scene 17 at frame 9789: (1280, 560) -> (1072, 456)
continuing target event=237 across area (1024, 448) path=41
marked destination touch VisitKey { scene: 17, area: (1280, 512), event_id: 260, trigger_script: 8601, trigger_mode: 4, state: 1 }
learned exit AreaKey { scene: 17, anchor: (1024, 448) } event=260 -> AreaKey { scene: 17, anchor: (1280, 512) }
area teleport in scene 17 at frame 9816: (1104, 472) -> (1296, 568)
continuing target event=237 across area (1280, 512) path=53
marked destination touch VisitKey { scene: 17, area: (1024, 448), event_id: 260, trigger_script: 8595, trigger_mode: 4, state: 1 }
learned exit AreaKey { scene: 17, anchor: (1280, 512) } event=260 -> AreaKey { scene: 17, anchor: (1024, 448) }
area teleport in scene 17 at frame 9846: (1280, 560) -> (1072, 456)
continuing target event=237 across area (1024, 448) path=41
marked destination touch VisitKey { scene: 17, area: (1280, 512), event_id: 260, trigger_script: 8601, trigger_mode: 4, state: 1 }
learned exit AreaKey { scene: 17, anchor: (1024, 448) } event=260 -> AreaKey { scene: 17, anchor: (1280, 512) }
area teleport in scene 17 at frame 9873: (1104, 472) -> (1296, 568)
forcing unreachable event=237 script=9193 after 5 area crossings
deferred event=237 after 5 unrelated area crossings
running forced event=237 script=9193 destination=None
target scene=17 area=(1280, 512) event=236 script=8609 mode=1 state=1 player=(1296, 568) pos=(1824, 672) path=38
marked destination touch VisitKey { scene: 17, area: (1408, 512), event_id: 257, trigger_script: 8572, trigger_mode: 4, state: 1 }
learned exit AreaKey { scene: 17, anchor: (1280, 512) } event=257 -> AreaKey { scene: 17, anchor: (1408, 512) }
area teleport in scene 17 at frame 9890: (1344, 560) -> (1440, 512)
continuing target event=236 across area (1408, 512) path=33
marked destination touch VisitKey { scene: 17, area: (1344, 576), event_id: 257, trigger_script: 8569, trigger_mode: 4, state: 1 }
learned exit AreaKey { scene: 17, anchor: (1408, 512) } event=257 -> AreaKey { scene: 17, anchor: (1344, 576) }
area teleport in scene 17 at frame 9903: (1408, 528) -> (1344, 576)
continuing target event=236 across area (1344, 576) path=33
marked destination touch VisitKey { scene: 17, area: (1216, 768), event_id: 256, trigger_script: 8560, trigger_mode: 4, state: 1 }
learned exit AreaKey { scene: 17, anchor: (1344, 576) } event=256 -> AreaKey { scene: 17, anchor: (1216, 768) }
area teleport in scene 17 at frame 9956: (1344, 576) -> (1232, 776)
continuing target event=236 across area (1216, 768) path=40
marked destination touch VisitKey { scene: 17, area: (1344, 512), event_id: 256, trigger_script: 8564, trigger_mode: 4, state: 1 }
learned exit AreaKey { scene: 17, anchor: (1216, 768) } event=256 -> AreaKey { scene: 17, anchor: (1344, 512) }
area teleport in scene 17 at frame 10009: (1232, 776) -> (1344, 560)
continuing target event=236 across area (1344, 512) path=33
marked destination touch VisitKey { scene: 17, area: (1408, 512), event_id: 257, trigger_script: 8572, trigger_mode: 4, state: 1 }
learned exit AreaKey { scene: 17, anchor: (1344, 512) } event=257 -> AreaKey { scene: 17, anchor: (1408, 512) }
area teleport in scene 17 at frame 10020: (1344, 560) -> (1440, 512)
forcing unreachable event=236 script=8609 after 5 area crossings
deferred event=236 after 5 unrelated area crossings
running forced event=236 script=8609 destination=None
target scene=17 area=(1408, 512) event=237 script=9193 mode=2 state=2 player=(1440, 512) pos=(784, 216) path=60
marked destination touch VisitKey { scene: 17, area: (1280, 576), event_id: 257, trigger_script: 8569, trigger_mode: 4, state: 1 }
learned exit AreaKey { scene: 17, anchor: (1408, 512) } event=257 -> AreaKey { scene: 17, anchor: (1280, 576) }
area teleport in scene 17 at frame 10033: (1408, 528) -> (1312, 576)
continuing target event=237 across area (1280, 576) path=52
marked destination touch VisitKey { scene: 17, area: (1024, 448), event_id: 260, trigger_script: 8595, trigger_mode: 4, state: 1 }
learned exit AreaKey { scene: 17, anchor: (1280, 576) } event=260 -> AreaKey { scene: 17, anchor: (1024, 448) }
area teleport in scene 17 at frame 10062: (1280, 560) -> (1072, 456)
continuing target event=237 across area (1024, 448) path=41
marked destination touch VisitKey { scene: 17, area: (1280, 512), event_id: 260, trigger_script: 8601, trigger_mode: 4, state: 1 }
learned exit AreaKey { scene: 17, anchor: (1024, 448) } event=260 -> AreaKey { scene: 17, anchor: (1280, 512) }
area teleport in scene 17 at frame 10089: (1104, 472) -> (1296, 568)
continuing target event=237 across area (1280, 512) path=53
marked destination touch VisitKey { scene: 17, area: (1024, 448), event_id: 260, trigger_script: 8595, trigger_mode: 4, state: 1 }
learned exit AreaKey { scene: 17, anchor: (1280, 512) } event=260 -> AreaKey { scene: 17, anchor: (1024, 448) }
area teleport in scene 17 at frame 10119: (1280, 560) -> (1072, 456)
continuing target event=237 across area (1024, 448) path=41
marked destination touch VisitKey { scene: 17, area: (1280, 512), event_id: 260, trigger_script: 8601, trigger_mode: 4, state: 1 }
learned exit AreaKey { scene: 17, anchor: (1024, 448) } event=260 -> AreaKey { scene: 17, anchor: (1280, 512) }
area teleport in scene 17 at frame 10146: (1104, 472) -> (1296, 568)
forcing unreachable event=237 script=9193 after 5 area crossings
deferred event=237 after 5 unrelated area crossings
running forced event=237 script=9193 destination=None
target scene=17 area=(1280, 512) event=236 script=8609 mode=1 state=1 player=(1296, 568) pos=(1824, 672) path=38
marked destination touch VisitKey { scene: 17, area: (1408, 512), event_id: 257, trigger_script: 8572, trigger_mode: 4, state: 1 }
learned exit AreaKey { scene: 17, anchor: (1280, 512) } event=257 -> AreaKey { scene: 17, anchor: (1408, 512) }
area teleport in scene 17 at frame 10163: (1344, 560) -> (1440, 512)
continuing target event=236 across area (1408, 512) path=33
marked destination touch VisitKey { scene: 17, area: (1344, 576), event_id: 257, trigger_script: 8569, trigger_mode: 4, state: 1 }
learned exit AreaKey { scene: 17, anchor: (1408, 512) } event=257 -> AreaKey { scene: 17, anchor: (1344, 576) }
area teleport in scene 17 at frame 10176: (1408, 528) -> (1344, 576)
continuing target event=236 across area (1344, 576) path=33
marked destination touch VisitKey { scene: 17, area: (1216, 768), event_id: 256, trigger_script: 8560, trigger_mode: 4, state: 1 }
learned exit AreaKey { scene: 17, anchor: (1344, 576) } event=256 -> AreaKey { scene: 17, anchor: (1216, 768) }
area teleport in scene 17 at frame 10229: (1344, 576) -> (1232, 776)
continuing target event=236 across area (1216, 768) path=40
marked destination touch VisitKey { scene: 17, area: (1344, 512), event_id: 256, trigger_script: 8564, trigger_mode: 4, state: 1 }
learned exit AreaKey { scene: 17, anchor: (1216, 768) } event=256 -> AreaKey { scene: 17, anchor: (1344, 512) }
area teleport in scene 17 at frame 10282: (1232, 776) -> (1344, 560)
continuing target event=236 across area (1344, 512) path=33
marked destination touch VisitKey { scene: 17, area: (1408, 512), event_id: 257, trigger_script: 8572, trigger_mode: 4, state: 1 }
learned exit AreaKey { scene: 17, anchor: (1344, 512) } event=257 -> AreaKey { scene: 17, anchor: (1408, 512) }
area teleport in scene 17 at frame 10293: (1344, 560) -> (1440, 512)
forcing unreachable event=236 script=8609 after 5 area crossings
deferred event=236 after 5 unrelated area crossings
running forced event=236 script=8609 destination=None
target scene=17 area=(1408, 512) event=237 script=9193 mode=2 state=2 player=(1440, 512) pos=(784, 216) path=60
marked destination touch VisitKey { scene: 17, area: (1280, 576), event_id: 257, trigger_script: 8569, trigger_mode: 4, state: 1 }
learned exit AreaKey { scene: 17, anchor: (1408, 512) } event=257 -> AreaKey { scene: 17, anchor: (1280, 576) }
area teleport in scene 17 at frame 10306: (1408, 528) -> (1312, 576)
continuing target event=237 across area (1280, 576) path=52
marked destination touch VisitKey { scene: 17, area: (1024, 448), event_id: 260, trigger_script: 8595, trigger_mode: 4, state: 1 }
learned exit AreaKey { scene: 17, anchor: (1280, 576) } event=260 -> AreaKey { scene: 17, anchor: (1024, 448) }
area teleport in scene 17 at frame 10335: (1280, 560) -> (1072, 456)
continuing target event=237 across area (1024, 448) path=41
marked destination touch VisitKey { scene: 17, area: (1280, 512), event_id: 260, trigger_script: 8601, trigger_mode: 4, state: 1 }
learned exit AreaKey { scene: 17, anchor: (1024, 448) } event=260 -> AreaKey { scene: 17, anchor: (1280, 512) }
area teleport in scene 17 at frame 10362: (1104, 472) -> (1296, 568)
continuing target event=237 across area (1280, 512) path=53
marked destination touch VisitKey { scene: 17, area: (1024, 448), event_id: 260, trigger_script: 8595, trigger_mode: 4, state: 1 }
learned exit AreaKey { scene: 17, anchor: (1280, 512) } event=260 -> AreaKey { scene: 17, anchor: (1024, 448) }
area teleport in scene 17 at frame 10392: (1280, 560) -> (1072, 456)
continuing target event=237 across area (1024, 448) path=41
marked destination touch VisitKey { scene: 17, area: (1280, 512), event_id: 260, trigger_script: 8601, trigger_mode: 4, state: 1 }
learned exit AreaKey { scene: 17, anchor: (1024, 448) } event=260 -> AreaKey { scene: 17, anchor: (1280, 512) }
area teleport in scene 17 at frame 10419: (1104, 472) -> (1296, 568)
forcing unreachable event=237 script=9193 after 5 area crossings
deferred event=237 after 5 unrelated area crossings
running forced event=237 script=9193 destination=None
target scene=17 area=(1280, 512) event=236 script=8609 mode=1 state=1 player=(1296, 568) pos=(1824, 672) path=38
marked destination touch VisitKey { scene: 17, area: (1408, 512), event_id: 257, trigger_script: 8572, trigger_mode: 4, state: 1 }
learned exit AreaKey { scene: 17, anchor: (1280, 512) } event=257 -> AreaKey { scene: 17, anchor: (1408, 512) }
area teleport in scene 17 at frame 10436: (1344, 560) -> (1440, 512)
continuing target event=236 across area (1408, 512) path=33
marked destination touch VisitKey { scene: 17, area: (1344, 576), event_id: 257, trigger_script: 8569, trigger_mode: 4, state: 1 }
learned exit AreaKey { scene: 17, anchor: (1408, 512) } event=257 -> AreaKey { scene: 17, anchor: (1344, 576) }
area teleport in scene 17 at frame 10449: (1408, 528) -> (1344, 576)
continuing target event=236 across area (1344, 576) path=33
marked destination touch VisitKey { scene: 17, area: (1216, 768), event_id: 256, trigger_script: 8560, trigger_mode: 4, state: 1 }
learned exit AreaKey { scene: 17, anchor: (1344, 576) } event=256 -> AreaKey { scene: 17, anchor: (1216, 768) }
area teleport in scene 17 at frame 10502: (1344, 576) -> (1232, 776)
continuing target event=236 across area (1216, 768) path=40
marked destination touch VisitKey { scene: 17, area: (1344, 512), event_id: 256, trigger_script: 8564, trigger_mode: 4, state: 1 }
learned exit AreaKey { scene: 17, anchor: (1216, 768) } event=256 -> AreaKey { scene: 17, anchor: (1344, 512) }
area teleport in scene 17 at frame 10555: (1232, 776) -> (1344, 560)
continuing target event=236 across area (1344, 512) path=33
marked destination touch VisitKey { scene: 17, area: (1408, 512), event_id: 257, trigger_script: 8572, trigger_mode: 4, state: 1 }
learned exit AreaKey { scene: 17, anchor: (1344, 512) } event=257 -> AreaKey { scene: 17, anchor: (1408, 512) }
area teleport in scene 17 at frame 10566: (1344, 560) -> (1440, 512)
forcing unreachable event=236 script=8609 after 5 area crossings
deferred event=236 after 5 unrelated area crossings
running forced event=236 script=8609 destination=None
target scene=17 area=(1408, 512) event=237 script=9193 mode=2 state=2 player=(1440, 512) pos=(784, 216) path=60
marked destination touch VisitKey { scene: 17, area: (1280, 576), event_id: 257, trigger_script: 8569, trigger_mode: 4, state: 1 }
learned exit AreaKey { scene: 17, anchor: (1408, 512) } event=257 -> AreaKey { scene: 17, anchor: (1280, 576) }
area teleport in scene 17 at frame 10579: (1408, 528) -> (1312, 576)
continuing target event=237 across area (1280, 576) path=52
marked destination touch VisitKey { scene: 17, area: (1024, 448), event_id: 260, trigger_script: 8595, trigger_mode: 4, state: 1 }
learned exit AreaKey { scene: 17, anchor: (1280, 576) } event=260 -> AreaKey { scene: 17, anchor: (1024, 448) }
area teleport in scene 17 at frame 10608: (1280, 560) -> (1072, 456)
continuing target event=237 across area (1024, 448) path=41
marked destination touch VisitKey { scene: 17, area: (1280, 512), event_id: 260, trigger_script: 8601, trigger_mode: 4, state: 1 }
learned exit AreaKey { scene: 17, anchor: (1024, 448) } event=260 -> AreaKey { scene: 17, anchor: (1280, 512) }
area teleport in scene 17 at frame 10635: (1104, 472) -> (1296, 568)
continuing target event=237 across area (1280, 512) path=53
marked destination touch VisitKey { scene: 17, area: (1024, 448), event_id: 260, trigger_script: 8595, trigger_mode: 4, state: 1 }
learned exit AreaKey { scene: 17, anchor: (1280, 512) } event=260 -> AreaKey { scene: 17, anchor: (1024, 448) }
area teleport in scene 17 at frame 10665: (1280, 560) -> (1072, 456)
continuing target event=237 across area (1024, 448) path=41
marked destination touch VisitKey { scene: 17, area: (1280, 512), event_id: 260, trigger_script: 8601, trigger_mode: 4, state: 1 }
learned exit AreaKey { scene: 17, anchor: (1024, 448) } event=260 -> AreaKey { scene: 17, anchor: (1280, 512) }
area teleport in scene 17 at frame 10692: (1104, 472) -> (1296, 568)
forcing unreachable event=237 script=9193 after 5 area crossings
deferred event=237 after 5 unrelated area crossings
running forced event=237 script=9193 destination=None
target scene=17 area=(1280, 512) event=236 script=8609 mode=1 state=1 player=(1296, 568) pos=(1824, 672) path=38
marked destination touch VisitKey { scene: 17, area: (1408, 512), event_id: 257, trigger_script: 8572, trigger_mode: 4, state: 1 }
learned exit AreaKey { scene: 17, anchor: (1280, 512) } event=257 -> AreaKey { scene: 17, anchor: (1408, 512) }
area teleport in scene 17 at frame 10709: (1344, 560) -> (1440, 512)
continuing target event=236 across area (1408, 512) path=33
marked destination touch VisitKey { scene: 17, area: (1344, 576), event_id: 257, trigger_script: 8569, trigger_mode: 4, state: 1 }
learned exit AreaKey { scene: 17, anchor: (1408, 512) } event=257 -> AreaKey { scene: 17, anchor: (1344, 576) }
area teleport in scene 17 at frame 10722: (1408, 528) -> (1344, 576)
continuing target event=236 across area (1344, 576) path=33
marked destination touch VisitKey { scene: 17, area: (1216, 768), event_id: 256, trigger_script: 8560, trigger_mode: 4, state: 1 }
learned exit AreaKey { scene: 17, anchor: (1344, 576) } event=256 -> AreaKey { scene: 17, anchor: (1216, 768) }
area teleport in scene 17 at frame 10775: (1344, 576) -> (1232, 776)
continuing target event=236 across area (1216, 768) path=40
marked destination touch VisitKey { scene: 17, area: (1344, 512), event_id: 256, trigger_script: 8564, trigger_mode: 4, state: 1 }
learned exit AreaKey { scene: 17, anchor: (1216, 768) } event=256 -> AreaKey { scene: 17, anchor: (1344, 512) }
area teleport in scene 17 at frame 10828: (1232, 776) -> (1344, 560)
continuing target event=236 across area (1344, 512) path=33
marked destination touch VisitKey { scene: 17, area: (1408, 512), event_id: 257, trigger_script: 8572, trigger_mode: 4, state: 1 }
learned exit AreaKey { scene: 17, anchor: (1344, 512) } event=257 -> AreaKey { scene: 17, anchor: (1408, 512) }
area teleport in scene 17 at frame 10839: (1344, 560) -> (1440, 512)
forcing unreachable event=236 script=8609 after 5 area crossings
deferred event=236 after 5 unrelated area crossings
running forced event=236 script=8609 destination=None
target scene=17 area=(1408, 512) event=237 script=9193 mode=2 state=2 player=(1440, 512) pos=(784, 216) path=60
marked destination touch VisitKey { scene: 17, area: (1280, 576), event_id: 257, trigger_script: 8569, trigger_mode: 4, state: 1 }
learned exit AreaKey { scene: 17, anchor: (1408, 512) } event=257 -> AreaKey { scene: 17, anchor: (1280, 576) }
area teleport in scene 17 at frame 10852: (1408, 528) -> (1312, 576)
continuing target event=237 across area (1280, 576) path=52
marked destination touch VisitKey { scene: 17, area: (1024, 448), event_id: 260, trigger_script: 8595, trigger_mode: 4, state: 1 }
learned exit AreaKey { scene: 17, anchor: (1280, 576) } event=260 -> AreaKey { scene: 17, anchor: (1024, 448) }
area teleport in scene 17 at frame 10881: (1280, 560) -> (1072, 456)
continuing target event=237 across area (1024, 448) path=41
marked destination touch VisitKey { scene: 17, area: (1280, 512), event_id: 260, trigger_script: 8601, trigger_mode: 4, state: 1 }
learned exit AreaKey { scene: 17, anchor: (1024, 448) } event=260 -> AreaKey { scene: 17, anchor: (1280, 512) }
area teleport in scene 17 at frame 10908: (1104, 472) -> (1296, 568)
continuing target event=237 across area (1280, 512) path=53
marked destination touch VisitKey { scene: 17, area: (1024, 448), event_id: 260, trigger_script: 8595, trigger_mode: 4, state: 1 }
learned exit AreaKey { scene: 17, anchor: (1280, 512) } event=260 -> AreaKey { scene: 17, anchor: (1024, 448) }
area teleport in scene 17 at frame 10938: (1280, 560) -> (1072, 456)
continuing target event=237 across area (1024, 448) path=41
marked destination touch VisitKey { scene: 17, area: (1280, 512), event_id: 260, trigger_script: 8601, trigger_mode: 4, state: 1 }
learned exit AreaKey { scene: 17, anchor: (1024, 448) } event=260 -> AreaKey { scene: 17, anchor: (1280, 512) }
area teleport in scene 17 at frame 10965: (1104, 472) -> (1296, 568)
forcing unreachable event=237 script=9193 after 5 area crossings
deferred event=237 after 5 unrelated area crossings
running forced event=237 script=9193 destination=None
target scene=17 area=(1280, 512) event=236 script=8609 mode=1 state=1 player=(1296, 568) pos=(1824, 672) path=38
marked destination touch VisitKey { scene: 17, area: (1408, 512), event_id: 257, trigger_script: 8572, trigger_mode: 4, state: 1 }
learned exit AreaKey { scene: 17, anchor: (1280, 512) } event=257 -> AreaKey { scene: 17, anchor: (1408, 512) }
area teleport in scene 17 at frame 10982: (1344, 560) -> (1440, 512)
continuing target event=236 across area (1408, 512) path=33
marked destination touch VisitKey { scene: 17, area: (1344, 576), event_id: 257, trigger_script: 8569, trigger_mode: 4, state: 1 }
learned exit AreaKey { scene: 17, anchor: (1408, 512) } event=257 -> AreaKey { scene: 17, anchor: (1344, 576) }
area teleport in scene 17 at frame 10995: (1408, 528) -> (1344, 576)
continuing target event=236 across area (1344, 576) path=33
marked destination touch VisitKey { scene: 17, area: (1216, 768), event_id: 256, trigger_script: 8560, trigger_mode: 4, state: 1 }
learned exit AreaKey { scene: 17, anchor: (1344, 576) } event=256 -> AreaKey { scene: 17, anchor: (1216, 768) }
area teleport in scene 17 at frame 11048: (1344, 576) -> (1232, 776)
continuing target event=236 across area (1216, 768) path=40
marked destination touch VisitKey { scene: 17, area: (1344, 512), event_id: 256, trigger_script: 8564, trigger_mode: 4, state: 1 }
learned exit AreaKey { scene: 17, anchor: (1216, 768) } event=256 -> AreaKey { scene: 17, anchor: (1344, 512) }
area teleport in scene 17 at frame 11101: (1232, 776) -> (1344, 560)
continuing target event=236 across area (1344, 512) path=33
marked destination touch VisitKey { scene: 17, area: (1408, 512), event_id: 257, trigger_script: 8572, trigger_mode: 4, state: 1 }
learned exit AreaKey { scene: 17, anchor: (1344, 512) } event=257 -> AreaKey { scene: 17, anchor: (1408, 512) }
area teleport in scene 17 at frame 11112: (1344, 560) -> (1440, 512)
forcing unreachable event=236 script=8609 after 5 area crossings
deferred event=236 after 5 unrelated area crossings
running forced event=236 script=8609 destination=None
target scene=17 area=(1408, 512) event=237 script=9193 mode=2 state=2 player=(1440, 512) pos=(784, 216) path=60
marked destination touch VisitKey { scene: 17, area: (1280, 576), event_id: 257, trigger_script: 8569, trigger_mode: 4, state: 1 }
learned exit AreaKey { scene: 17, anchor: (1408, 512) } event=257 -> AreaKey { scene: 17, anchor: (1280, 576) }
area teleport in scene 17 at frame 11125: (1408, 528) -> (1312, 576)
continuing target event=237 across area (1280, 576) path=52
marked destination touch VisitKey { scene: 17, area: (1024, 448), event_id: 260, trigger_script: 8595, trigger_mode: 4, state: 1 }
learned exit AreaKey { scene: 17, anchor: (1280, 576) } event=260 -> AreaKey { scene: 17, anchor: (1024, 448) }
area teleport in scene 17 at frame 11154: (1280, 560) -> (1072, 456)
continuing target event=237 across area (1024, 448) path=41
marked destination touch VisitKey { scene: 17, area: (1280, 512), event_id: 260, trigger_script: 8601, trigger_mode: 4, state: 1 }
learned exit AreaKey { scene: 17, anchor: (1024, 448) } event=260 -> AreaKey { scene: 17, anchor: (1280, 512) }
area teleport in scene 17 at frame 11181: (1104, 472) -> (1296, 568)
continuing target event=237 across area (1280, 512) path=53
marked destination touch VisitKey { scene: 17, area: (1024, 448), event_id: 260, trigger_script: 8595, trigger_mode: 4, state: 1 }
learned exit AreaKey { scene: 17, anchor: (1280, 512) } event=260 -> AreaKey { scene: 17, anchor: (1024, 448) }
area teleport in scene 17 at frame 11211: (1280, 560) -> (1072, 456)
continuing target event=237 across area (1024, 448) path=41
marked destination touch VisitKey { scene: 17, area: (1280, 512), event_id: 260, trigger_script: 8601, trigger_mode: 4, state: 1 }
learned exit AreaKey { scene: 17, anchor: (1024, 448) } event=260 -> AreaKey { scene: 17, anchor: (1280, 512) }
area teleport in scene 17 at frame 11238: (1104, 472) -> (1296, 568)
forcing unreachable event=237 script=9193 after 5 area crossings
deferred event=237 after 5 unrelated area crossings
running forced event=237 script=9193 destination=None
target scene=17 area=(1280, 512) event=236 script=8609 mode=1 state=1 player=(1296, 568) pos=(1824, 672) path=38
marked destination touch VisitKey { scene: 17, area: (1408, 512), event_id: 257, trigger_script: 8572, trigger_mode: 4, state: 1 }
learned exit AreaKey { scene: 17, anchor: (1280, 512) } event=257 -> AreaKey { scene: 17, anchor: (1408, 512) }
area teleport in scene 17 at frame 11255: (1344, 560) -> (1440, 512)
continuing target event=236 across area (1408, 512) path=33
marked destination touch VisitKey { scene: 17, area: (1344, 576), event_id: 257, trigger_script: 8569, trigger_mode: 4, state: 1 }
learned exit AreaKey { scene: 17, anchor: (1408, 512) } event=257 -> AreaKey { scene: 17, anchor: (1344, 576) }
area teleport in scene 17 at frame 11268: (1408, 528) -> (1344, 576)
continuing target event=236 across area (1344, 576) path=33
marked destination touch VisitKey { scene: 17, area: (1216, 768), event_id: 256, trigger_script: 8560, trigger_mode: 4, state: 1 }
learned exit AreaKey { scene: 17, anchor: (1344, 576) } event=256 -> AreaKey { scene: 17, anchor: (1216, 768) }
area teleport in scene 17 at frame 11321: (1344, 576) -> (1232, 776)
continuing target event=236 across area (1216, 768) path=40
marked destination touch VisitKey { scene: 17, area: (1344, 512), event_id: 256, trigger_script: 8564, trigger_mode: 4, state: 1 }
learned exit AreaKey { scene: 17, anchor: (1216, 768) } event=256 -> AreaKey { scene: 17, anchor: (1344, 512) }
area teleport in scene 17 at frame 11374: (1232, 776) -> (1344, 560)
continuing target event=236 across area (1344, 512) path=33
marked destination touch VisitKey { scene: 17, area: (1408, 512), event_id: 257, trigger_script: 8572, trigger_mode: 4, state: 1 }
learned exit AreaKey { scene: 17, anchor: (1344, 512) } event=257 -> AreaKey { scene: 17, anchor: (1408, 512) }
area teleport in scene 17 at frame 11385: (1344, 560) -> (1440, 512)
forcing unreachable event=236 script=8609 after 5 area crossings
deferred event=236 after 5 unrelated area crossings
running forced event=236 script=8609 destination=None
target scene=17 area=(1408, 512) event=237 script=9193 mode=2 state=2 player=(1440, 512) pos=(784, 216) path=60
marked destination touch VisitKey { scene: 17, area: (1280, 576), event_id: 257, trigger_script: 8569, trigger_mode: 4, state: 1 }
learned exit AreaKey { scene: 17, anchor: (1408, 512) } event=257 -> AreaKey { scene: 17, anchor: (1280, 576) }
area teleport in scene 17 at frame 11398: (1408, 528) -> (1312, 576)
continuing target event=237 across area (1280, 576) path=52
marked destination touch VisitKey { scene: 17, area: (1024, 448), event_id: 260, trigger_script: 8595, trigger_mode: 4, state: 1 }
learned exit AreaKey { scene: 17, anchor: (1280, 576) } event=260 -> AreaKey { scene: 17, anchor: (1024, 448) }
area teleport in scene 17 at frame 11427: (1280, 560) -> (1072, 456)
continuing target event=237 across area (1024, 448) path=41
marked destination touch VisitKey { scene: 17, area: (1280, 512), event_id: 260, trigger_script: 8601, trigger_mode: 4, state: 1 }
learned exit AreaKey { scene: 17, anchor: (1024, 448) } event=260 -> AreaKey { scene: 17, anchor: (1280, 512) }
area teleport in scene 17 at frame 11454: (1104, 472) -> (1296, 568)
continuing target event=237 across area (1280, 512) path=53
marked destination touch VisitKey { scene: 17, area: (1024, 448), event_id: 260, trigger_script: 8595, trigger_mode: 4, state: 1 }
learned exit AreaKey { scene: 17, anchor: (1280, 512) } event=260 -> AreaKey { scene: 17, anchor: (1024, 448) }
area teleport in scene 17 at frame 11484: (1280, 560) -> (1072, 456)
continuing target event=237 across area (1024, 448) path=41
