   Compiling rustpal v0.1.0 (/Users/mlv/orca/workspaces/Legend-of-Sword-and-Fairy/gorgonian)
    Finished `release` profile [optimized] target(s) in 1.26s
     Running `target/release/examples/fullgame_autoplay`
resuming recordings/autoplay-probe-checkpoint.rpg at scene=1 position=(288, 272)
target scene=1 area=(400, 344) event=18 script=4643 mode=5 state=1 player=(448, 384) pos=(416, 400) path=1
learned targeted exit AreaKey { scene: 1, anchor: (400, 344) } event=18 -> AreaKey { scene: 3, anchor: (160, 112) }
learned exit AreaKey { scene: 1, anchor: (400, 344) } event=18 -> AreaKey { scene: 3, anchor: (160, 112) }
scene 1 -> 3 at frame 2 position (1088, 1232)
target scene=3 area=(160, 112) event=71 script=8146 mode=1 state=2 player=(1248, 1344) pos=(1296, 1448) path=54
learned exit AreaKey { scene: 3, anchor: (160, 112) } event=53 -> AreaKey { scene: 1, anchor: (400, 344) }
scene 3 -> 1 at frame 4 position (304, 264)
target scene=1 area=(400, 344) event=18 script=4643 mode=5 state=1 player=(464, 376) pos=(416, 400) path=2
learned targeted exit AreaKey { scene: 1, anchor: (400, 344) } event=18 -> AreaKey { scene: 3, anchor: (160, 112) }
learned exit AreaKey { scene: 1, anchor: (400, 344) } event=18 -> AreaKey { scene: 3, anchor: (160, 112) }
scene 1 -> 3 at frame 6 position (1088, 1232)
target scene=3 area=(160, 112) event=71 script=8146 mode=1 state=2 player=(1248, 1344) pos=(1296, 1448) path=54
learned exit AreaKey { scene: 3, anchor: (160, 112) } event=52 -> AreaKey { scene: 1, anchor: (1184, 1056) }
scene 3 -> 1 at frame 18 position (1088, 992)
target scene=1 area=(1184, 1056) event=13 script=4635 mode=5 state=1 player=(1248, 1104) pos=(1200, 1128) path=2
learned targeted exit AreaKey { scene: 1, anchor: (1184, 1056) } event=13 -> AreaKey { scene: 3, anchor: (160, 112) }
learned exit AreaKey { scene: 1, anchor: (1184, 1056) } event=13 -> AreaKey { scene: 3, anchor: (160, 112) }
scene 1 -> 3 at frame 20 position (1248, 1312)
target scene=3 area=(160, 112) event=74 script=8149 mode=1 state=1 player=(1408, 1424) pos=(1424, 1416) path=0
target scene=3 area=(160, 112) event=75 script=8149 mode=1 state=1 player=(1408, 1424) pos=(1440, 1424) path=1
target scene=3 area=(160, 112) event=71 script=8146 mode=1 state=2 player=(1424, 1432) pos=(1296, 1448) path=43
learned exit AreaKey { scene: 3, anchor: (160, 112) } event=51 -> AreaKey { scene: 1, anchor: (1152, 320) }
scene 3 -> 1 at frame 32 position (1040, 248)
target scene=1 area=(1152, 320) event=10 script=4510 mode=2 state=1 player=(1200, 360) pos=(1376, 272) path=8
target scene=1 area=(1152, 320) event=10 script=4520 mode=4 state=1 player=(1328, 296) pos=(1376, 272) path=3
learned targeted exit AreaKey { scene: 1, anchor: (1152, 320) } event=10 -> AreaKey { scene: 1, anchor: (640, 576) }
learned exit AreaKey { scene: 1, anchor: (1152, 320) } event=10 -> AreaKey { scene: 1, anchor: (640, 576) }
area teleport in scene 1 at frame 49: (1376, 272) -> (656, 616)
target scene=1 area=(640, 576) event=8 script=4549 mode=1 state=1 player=(656, 616) pos=(640, 608) path=0
marked destination touch VisitKey { scene: 1, area: (1344, 256), event_id: 2, trigger_script: 69, trigger_mode: 4, state: 1 }
learned exit AreaKey { scene: 1, anchor: (640, 576) } event=2 -> AreaKey { scene: 1, anchor: (1344, 256) }
area teleport in scene 1 at frame 79: (656, 616) -> (1344, 288)
target scene=1 area=(1344, 256) event=10 script=4510 mode=2 state=1 player=(1344, 288) pos=(1376, 272) path=0
target scene=1 area=(1344, 256) event=10 script=4520 mode=4 state=1 player=(1344, 288) pos=(1376, 272) path=2
learned targeted exit AreaKey { scene: 1, anchor: (1344, 256) } event=10 -> AreaKey { scene: 1, anchor: (640, 576) }
learned exit AreaKey { scene: 1, anchor: (1344, 256) } event=10 -> AreaKey { scene: 1, anchor: (640, 576) }
area teleport in scene 1 at frame 87: (1376, 272) -> (656, 616)
target scene=1 area=(640, 576) event=2 script=69 mode=4 state=1 player=(656, 616) pos=(672, 624) path=1
learned targeted exit AreaKey { scene: 1, anchor: (640, 576) } event=2 -> AreaKey { scene: 1, anchor: (704, 640) }
marked destination touch VisitKey { scene: 1, area: (704, 640), event_id: 2, trigger_script: 69, trigger_mode: 4, state: 1 }
learned exit AreaKey { scene: 1, anchor: (640, 576) } event=2 -> AreaKey { scene: 1, anchor: (704, 640) }
area teleport in scene 1 at frame 97: (672, 624) -> (736, 688)
target scene=1 area=(704, 640) event=3 script=42 mode=5 state=1 player=(736, 688) pos=(720, 664) path=1
learned targeted exit AreaKey { scene: 1, anchor: (704, 640) } event=3 -> AreaKey { scene: 1, anchor: (640, 576) }
marked destination touch VisitKey { scene: 1, area: (640, 576), event_id: 3, trigger_script: 42, trigger_mode: 5, state: 1 }
learned exit AreaKey { scene: 1, anchor: (704, 640) } event=3 -> AreaKey { scene: 1, anchor: (640, 576) }
area teleport in scene 1 at frame 107: (720, 680) -> (656, 616)
target scene=1 area=(640, 576) event=2 script=69 mode=4 state=1 player=(656, 616) pos=(672, 624) path=1
learned targeted exit AreaKey { scene: 1, anchor: (640, 576) } event=2 -> AreaKey { scene: 1, anchor: (704, 640) }
marked destination touch VisitKey { scene: 1, area: (704, 640), event_id: 2, trigger_script: 69, trigger_mode: 4, state: 1 }
learned exit AreaKey { scene: 1, anchor: (640, 576) } event=2 -> AreaKey { scene: 1, anchor: (704, 640) }
area teleport in scene 1 at frame 117: (672, 624) -> (736, 688)
target scene=1 area=(704, 640) event=1 script=4667 mode=5 state=1 player=(736, 688) pos=(512, 800) path=13
learned targeted exit AreaKey { scene: 1, anchor: (704, 640) } event=1 -> AreaKey { scene: 3, anchor: (160, 112) }
learned exit AreaKey { scene: 1, anchor: (704, 640) } event=1 -> AreaKey { scene: 3, anchor: (160, 112) }
scene 1 -> 3 at frame 130 position (1280, 1424)
target scene=3 area=(160, 112) event=72 script=8146 mode=1 state=2 player=(1440, 1536) pos=(1312, 1456) path=9
target scene=3 area=(160, 112) event=71 script=8146 mode=1 state=1 player=(1248, 1456) pos=(1296, 1448) path=2
learned targeted exit AreaKey { scene: 3, anchor: (160, 112) } event=71 -> AreaKey { scene: 3, anchor: (1152, 1344) }
marked destination touch VisitKey { scene: 3, area: (1152, 1344), event_id: 47, trigger_script: 33, trigger_mode: 4, state: 1 }
learned exit AreaKey { scene: 3, anchor: (160, 112) } event=47 -> AreaKey { scene: 3, anchor: (1152, 1344) }
area teleport in scene 3 at frame 156: (1248, 1456) -> (1168, 1368)
target scene=3 area=(1152, 1344) event=71 script=8146 mode=1 state=1 player=(1168, 1368) pos=(1296, 1448) path=61
marked destination touch VisitKey { scene: 3, area: (1216, 1408), event_id: 48, trigger_script: 60, trigger_mode: 4, state: 1 }
learned exit AreaKey { scene: 3, anchor: (1152, 1344) } event=48 -> AreaKey { scene: 3, anchor: (1216, 1408) }
area teleport in scene 3 at frame 173: (1168, 1368) -> (1248, 1456)
continuing target event=71 across area (1216, 1408) path=2
learned targeted exit AreaKey { scene: 3, anchor: (1216, 1408) } event=71 -> AreaKey { scene: 3, anchor: (1152, 1344) }
marked destination touch VisitKey { scene: 3, area: (1152, 1344), event_id: 47, trigger_script: 33, trigger_mode: 4, state: 1 }
learned exit AreaKey { scene: 3, anchor: (1216, 1408) } event=47 -> AreaKey { scene: 3, anchor: (1152, 1344) }
area teleport in scene 3 at frame 186: (1248, 1456) -> (1168, 1368)
target scene=3 area=(1152, 1344) event=71 script=8146 mode=1 state=1 player=(1168, 1368) pos=(1296, 1448) path=61
marked destination touch VisitKey { scene: 3, area: (1216, 1408), event_id: 48, trigger_script: 60, trigger_mode: 4, state: 1 }
learned exit AreaKey { scene: 3, anchor: (1152, 1344) } event=48 -> AreaKey { scene: 3, anchor: (1216, 1408) }
area teleport in scene 3 at frame 203: (1168, 1368) -> (1248, 1456)
continuing target event=71 across area (1216, 1408) path=2
learned targeted exit AreaKey { scene: 3, anchor: (1216, 1408) } event=71 -> AreaKey { scene: 3, anchor: (1152, 1344) }
marked destination touch VisitKey { scene: 3, area: (1152, 1344), event_id: 47, trigger_script: 33, trigger_mode: 4, state: 1 }
learned exit AreaKey { scene: 3, anchor: (1216, 1408) } event=47 -> AreaKey { scene: 3, anchor: (1152, 1344) }
area teleport in scene 3 at frame 216: (1248, 1456) -> (1168, 1368)
target scene=3 area=(1152, 1344) event=71 script=8146 mode=1 state=1 player=(1168, 1368) pos=(1296, 1448) path=61
marked destination touch VisitKey { scene: 3, area: (1216, 1408), event_id: 48, trigger_script: 60, trigger_mode: 4, state: 1 }
learned exit AreaKey { scene: 3, anchor: (1152, 1344) } event=48 -> AreaKey { scene: 3, anchor: (1216, 1408) }
area teleport in scene 3 at frame 233: (1168, 1368) -> (1248, 1456)
continuing target event=71 across area (1216, 1408) path=2
learned targeted exit AreaKey { scene: 3, anchor: (1216, 1408) } event=71 -> AreaKey { scene: 3, anchor: (1152, 1344) }
marked destination touch VisitKey { scene: 3, area: (1152, 1344), event_id: 47, trigger_script: 33, trigger_mode: 4, state: 1 }
learned exit AreaKey { scene: 3, anchor: (1216, 1408) } event=47 -> AreaKey { scene: 3, anchor: (1152, 1344) }
area teleport in scene 3 at frame 246: (1248, 1456) -> (1168, 1368)
target scene=3 area=(1152, 1344) event=71 script=8146 mode=1 state=1 player=(1168, 1368) pos=(1296, 1448) path=61
marked destination touch VisitKey { scene: 3, area: (1216, 1408), event_id: 48, trigger_script: 60, trigger_mode: 4, state: 1 }
learned exit AreaKey { scene: 3, anchor: (1152, 1344) } event=48 -> AreaKey { scene: 3, anchor: (1216, 1408) }
area teleport in scene 3 at frame 263: (1168, 1368) -> (1248, 1456)
continuing target event=71 across area (1216, 1408) path=2
learned targeted exit AreaKey { scene: 3, anchor: (1216, 1408) } event=71 -> AreaKey { scene: 3, anchor: (1152, 1344) }
marked destination touch VisitKey { scene: 3, area: (1152, 1344), event_id: 47, trigger_script: 33, trigger_mode: 4, state: 1 }
learned exit AreaKey { scene: 3, anchor: (1216, 1408) } event=47 -> AreaKey { scene: 3, anchor: (1152, 1344) }
area teleport in scene 3 at frame 276: (1248, 1456) -> (1168, 1368)
target scene=3 area=(1152, 1344) event=71 script=8146 mode=1 state=1 player=(1168, 1368) pos=(1296, 1448) path=61
marked destination touch VisitKey { scene: 3, area: (1216, 1408), event_id: 48, trigger_script: 60, trigger_mode: 4, state: 1 }
learned exit AreaKey { scene: 3, anchor: (1152, 1344) } event=48 -> AreaKey { scene: 3, anchor: (1216, 1408) }
area teleport in scene 3 at frame 293: (1168, 1368) -> (1248, 1456)
continuing target event=71 across area (1216, 1408) path=2
learned targeted exit AreaKey { scene: 3, anchor: (1216, 1408) } event=71 -> AreaKey { scene: 3, anchor: (1152, 1344) }
marked destination touch VisitKey { scene: 3, area: (1152, 1344), event_id: 47, trigger_script: 33, trigger_mode: 4, state: 1 }
learned exit AreaKey { scene: 3, anchor: (1216, 1408) } event=47 -> AreaKey { scene: 3, anchor: (1152, 1344) }
area teleport in scene 3 at frame 306: (1248, 1456) -> (1168, 1368)
target scene=3 area=(1152, 1344) event=71 script=8146 mode=1 state=1 player=(1168, 1368) pos=(1296, 1448) path=61
marked destination touch VisitKey { scene: 3, area: (1216, 1408), event_id: 48, trigger_script: 60, trigger_mode: 4, state: 1 }
learned exit AreaKey { scene: 3, anchor: (1152, 1344) } event=48 -> AreaKey { scene: 3, anchor: (1216, 1408) }
area teleport in scene 3 at frame 323: (1168, 1368) -> (1248, 1456)
continuing target event=71 across area (1216, 1408) path=2
learned targeted exit AreaKey { scene: 3, anchor: (1216, 1408) } event=71 -> AreaKey { scene: 3, anchor: (1152, 1344) }
marked destination touch VisitKey { scene: 3, area: (1152, 1344), event_id: 47, trigger_script: 33, trigger_mode: 4, state: 1 }
learned exit AreaKey { scene: 3, anchor: (1216, 1408) } event=47 -> AreaKey { scene: 3, anchor: (1152, 1344) }
area teleport in scene 3 at frame 336: (1248, 1456) -> (1168, 1368)
target scene=3 area=(1152, 1344) event=71 script=8146 mode=1 state=1 player=(1168, 1368) pos=(1296, 1448) path=61
marked destination touch VisitKey { scene: 3, area: (1216, 1408), event_id: 48, trigger_script: 60, trigger_mode: 4, state: 1 }
learned exit AreaKey { scene: 3, anchor: (1152, 1344) } event=48 -> AreaKey { scene: 3, anchor: (1216, 1408) }
area teleport in scene 3 at frame 353: (1168, 1368) -> (1248, 1456)
continuing target event=71 across area (1216, 1408) path=2
learned targeted exit AreaKey { scene: 3, anchor: (1216, 1408) } event=71 -> AreaKey { scene: 3, anchor: (1152, 1344) }
marked destination touch VisitKey { scene: 3, area: (1152, 1344), event_id: 47, trigger_script: 33, trigger_mode: 4, state: 1 }
learned exit AreaKey { scene: 3, anchor: (1216, 1408) } event=47 -> AreaKey { scene: 3, anchor: (1152, 1344) }
area teleport in scene 3 at frame 366: (1248, 1456) -> (1168, 1368)
target scene=3 area=(1152, 1344) event=71 script=8146 mode=1 state=1 player=(1168, 1368) pos=(1296, 1448) path=61
marked destination touch VisitKey { scene: 3, area: (1216, 1408), event_id: 48, trigger_script: 60, trigger_mode: 4, state: 1 }
learned exit AreaKey { scene: 3, anchor: (1152, 1344) } event=48 -> AreaKey { scene: 3, anchor: (1216, 1408) }
area teleport in scene 3 at frame 383: (1168, 1368) -> (1248, 1456)
continuing target event=71 across area (1216, 1408) path=2
learned targeted exit AreaKey { scene: 3, anchor: (1216, 1408) } event=71 -> AreaKey { scene: 3, anchor: (1152, 1344) }
marked destination touch VisitKey { scene: 3, area: (1152, 1344), event_id: 47, trigger_script: 33, trigger_mode: 4, state: 1 }
learned exit AreaKey { scene: 3, anchor: (1216, 1408) } event=47 -> AreaKey { scene: 3, anchor: (1152, 1344) }
area teleport in scene 3 at frame 396: (1248, 1456) -> (1168, 1368)
target scene=3 area=(1152, 1344) event=71 script=8146 mode=1 state=1 player=(1168, 1368) pos=(1296, 1448) path=61
marked destination touch VisitKey { scene: 3, area: (1216, 1408), event_id: 48, trigger_script: 60, trigger_mode: 4, state: 1 }
learned exit AreaKey { scene: 3, anchor: (1152, 1344) } event=48 -> AreaKey { scene: 3, anchor: (1216, 1408) }
area teleport in scene 3 at frame 413: (1168, 1368) -> (1248, 1456)
continuing target event=71 across area (1216, 1408) path=2
learned targeted exit AreaKey { scene: 3, anchor: (1216, 1408) } event=71 -> AreaKey { scene: 3, anchor: (1152, 1344) }
marked destination touch VisitKey { scene: 3, area: (1152, 1344), event_id: 47, trigger_script: 33, trigger_mode: 4, state: 1 }
learned exit AreaKey { scene: 3, anchor: (1216, 1408) } event=47 -> AreaKey { scene: 3, anchor: (1152, 1344) }
area teleport in scene 3 at frame 426: (1248, 1456) -> (1168, 1368)
target scene=3 area=(1152, 1344) event=71 script=8146 mode=1 state=1 player=(1168, 1368) pos=(1296, 1448) path=61
marked destination touch VisitKey { scene: 3, area: (1216, 1408), event_id: 48, trigger_script: 60, trigger_mode: 4, state: 1 }
learned exit AreaKey { scene: 3, anchor: (1152, 1344) } event=48 -> AreaKey { scene: 3, anchor: (1216, 1408) }
area teleport in scene 3 at frame 443: (1168, 1368) -> (1248, 1456)
continuing target event=71 across area (1216, 1408) path=2
learned targeted exit AreaKey { scene: 3, anchor: (1216, 1408) } event=71 -> AreaKey { scene: 3, anchor: (1152, 1344) }
marked destination touch VisitKey { scene: 3, area: (1152, 1344), event_id: 47, trigger_script: 33, trigger_mode: 4, state: 1 }
learned exit AreaKey { scene: 3, anchor: (1216, 1408) } event=47 -> AreaKey { scene: 3, anchor: (1152, 1344) }
area teleport in scene 3 at frame 456: (1248, 1456) -> (1168, 1368)
target scene=3 area=(1152, 1344) event=71 script=8146 mode=1 state=1 player=(1168, 1368) pos=(1296, 1448) path=61
marked destination touch VisitKey { scene: 3, area: (1216, 1408), event_id: 48, trigger_script: 60, trigger_mode: 4, state: 1 }
learned exit AreaKey { scene: 3, anchor: (1152, 1344) } event=48 -> AreaKey { scene: 3, anchor: (1216, 1408) }
area teleport in scene 3 at frame 473: (1168, 1368) -> (1248, 1456)
continuing target event=71 across area (1216, 1408) path=2
learned targeted exit AreaKey { scene: 3, anchor: (1216, 1408) } event=71 -> AreaKey { scene: 3, anchor: (1152, 1344) }
marked destination touch VisitKey { scene: 3, area: (1152, 1344), event_id: 47, trigger_script: 33, trigger_mode: 4, state: 1 }
learned exit AreaKey { scene: 3, anchor: (1216, 1408) } event=47 -> AreaKey { scene: 3, anchor: (1152, 1344) }
area teleport in scene 3 at frame 486: (1248, 1456) -> (1168, 1368)
target scene=3 area=(1152, 1344) event=71 script=8146 mode=1 state=1 player=(1168, 1368) pos=(1296, 1448) path=61
marked destination touch VisitKey { scene: 3, area: (1216, 1408), event_id: 48, trigger_script: 60, trigger_mode: 4, state: 1 }
learned exit AreaKey { scene: 3, anchor: (1152, 1344) } event=48 -> AreaKey { scene: 3, anchor: (1216, 1408) }
area teleport in scene 3 at frame 503: (1168, 1368) -> (1248, 1456)
continuing target event=71 across area (1216, 1408) path=2
learned targeted exit AreaKey { scene: 3, anchor: (1216, 1408) } event=71 -> AreaKey { scene: 3, anchor: (1152, 1344) }
marked destination touch VisitKey { scene: 3, area: (1152, 1344), event_id: 47, trigger_script: 33, trigger_mode: 4, state: 1 }
learned exit AreaKey { scene: 3, anchor: (1216, 1408) } event=47 -> AreaKey { scene: 3, anchor: (1152, 1344) }
area teleport in scene 3 at frame 516: (1248, 1456) -> (1168, 1368)
target scene=3 area=(1152, 1344) event=71 script=8146 mode=1 state=1 player=(1168, 1368) pos=(1296, 1448) path=61
marked destination touch VisitKey { scene: 3, area: (1216, 1408), event_id: 48, trigger_script: 60, trigger_mode: 4, state: 1 }
learned exit AreaKey { scene: 3, anchor: (1152, 1344) } event=48 -> AreaKey { scene: 3, anchor: (1216, 1408) }
area teleport in scene 3 at frame 533: (1168, 1368) -> (1248, 1456)
continuing target event=71 across area (1216, 1408) path=2
learned targeted exit AreaKey { scene: 3, anchor: (1216, 1408) } event=71 -> AreaKey { scene: 3, anchor: (1152, 1344) }
marked destination touch VisitKey { scene: 3, area: (1152, 1344), event_id: 47, trigger_script: 33, trigger_mode: 4, state: 1 }
learned exit AreaKey { scene: 3, anchor: (1216, 1408) } event=47 -> AreaKey { scene: 3, anchor: (1152, 1344) }
area teleport in scene 3 at frame 546: (1248, 1456) -> (1168, 1368)
target scene=3 area=(1152, 1344) event=71 script=8146 mode=1 state=1 player=(1168, 1368) pos=(1296, 1448) path=61
marked destination touch VisitKey { scene: 3, area: (1216, 1408), event_id: 48, trigger_script: 60, trigger_mode: 4, state: 1 }
learned exit AreaKey { scene: 3, anchor: (1152, 1344) } event=48 -> AreaKey { scene: 3, anchor: (1216, 1408) }
area teleport in scene 3 at frame 563: (1168, 1368) -> (1248, 1456)
continuing target event=71 across area (1216, 1408) path=2
learned targeted exit AreaKey { scene: 3, anchor: (1216, 1408) } event=71 -> AreaKey { scene: 3, anchor: (1152, 1344) }
marked destination touch VisitKey { scene: 3, area: (1152, 1344), event_id: 47, trigger_script: 33, trigger_mode: 4, state: 1 }
learned exit AreaKey { scene: 3, anchor: (1216, 1408) } event=47 -> AreaKey { scene: 3, anchor: (1152, 1344) }
area teleport in scene 3 at frame 576: (1248, 1456) -> (1168, 1368)
target scene=3 area=(1152, 1344) event=71 script=8146 mode=1 state=1 player=(1168, 1368) pos=(1296, 1448) path=61
marked destination touch VisitKey { scene: 3, area: (1216, 1408), event_id: 48, trigger_script: 60, trigger_mode: 4, state: 1 }
learned exit AreaKey { scene: 3, anchor: (1152, 1344) } event=48 -> AreaKey { scene: 3, anchor: (1216, 1408) }
area teleport in scene 3 at frame 593: (1168, 1368) -> (1248, 1456)
continuing target event=71 across area (1216, 1408) path=2
learned targeted exit AreaKey { scene: 3, anchor: (1216, 1408) } event=71 -> AreaKey { scene: 3, anchor: (1152, 1344) }
marked destination touch VisitKey { scene: 3, area: (1152, 1344), event_id: 47, trigger_script: 33, trigger_mode: 4, state: 1 }
learned exit AreaKey { scene: 3, anchor: (1216, 1408) } event=47 -> AreaKey { scene: 3, anchor: (1152, 1344) }
area teleport in scene 3 at frame 606: (1248, 1456) -> (1168, 1368)
target scene=3 area=(1152, 1344) event=71 script=8146 mode=1 state=1 player=(1168, 1368) pos=(1296, 1448) path=61
marked destination touch VisitKey { scene: 3, area: (1216, 1408), event_id: 48, trigger_script: 60, trigger_mode: 4, state: 1 }
learned exit AreaKey { scene: 3, anchor: (1152, 1344) } event=48 -> AreaKey { scene: 3, anchor: (1216, 1408) }
area teleport in scene 3 at frame 623: (1168, 1368) -> (1248, 1456)
continuing target event=71 across area (1216, 1408) path=2
learned targeted exit AreaKey { scene: 3, anchor: (1216, 1408) } event=71 -> AreaKey { scene: 3, anchor: (1152, 1344) }
marked destination touch VisitKey { scene: 3, area: (1152, 1344), event_id: 47, trigger_script: 33, trigger_mode: 4, state: 1 }
learned exit AreaKey { scene: 3, anchor: (1216, 1408) } event=47 -> AreaKey { scene: 3, anchor: (1152, 1344) }
area teleport in scene 3 at frame 636: (1248, 1456) -> (1168, 1368)
target scene=3 area=(1152, 1344) event=71 script=8146 mode=1 state=1 player=(1168, 1368) pos=(1296, 1448) path=61
marked destination touch VisitKey { scene: 3, area: (1216, 1408), event_id: 48, trigger_script: 60, trigger_mode: 4, state: 1 }
learned exit AreaKey { scene: 3, anchor: (1152, 1344) } event=48 -> AreaKey { scene: 3, anchor: (1216, 1408) }
area teleport in scene 3 at frame 653: (1168, 1368) -> (1248, 1456)
continuing target event=71 across area (1216, 1408) path=2
learned targeted exit AreaKey { scene: 3, anchor: (1216, 1408) } event=71 -> AreaKey { scene: 3, anchor: (1152, 1344) }
marked destination touch VisitKey { scene: 3, area: (1152, 1344), event_id: 47, trigger_script: 33, trigger_mode: 4, state: 1 }
learned exit AreaKey { scene: 3, anchor: (1216, 1408) } event=47 -> AreaKey { scene: 3, anchor: (1152, 1344) }
area teleport in scene 3 at frame 666: (1248, 1456) -> (1168, 1368)
target scene=3 area=(1152, 1344) event=71 script=8146 mode=1 state=1 player=(1168, 1368) pos=(1296, 1448) path=61
marked destination touch VisitKey { scene: 3, area: (1216, 1408), event_id: 48, trigger_script: 60, trigger_mode: 4, state: 1 }
learned exit AreaKey { scene: 3, anchor: (1152, 1344) } event=48 -> AreaKey { scene: 3, anchor: (1216, 1408) }
area teleport in scene 3 at frame 683: (1168, 1368) -> (1248, 1456)
continuing target event=71 across area (1216, 1408) path=2
learned targeted exit AreaKey { scene: 3, anchor: (1216, 1408) } event=71 -> AreaKey { scene: 3, anchor: (1152, 1344) }
marked destination touch VisitKey { scene: 3, area: (1152, 1344), event_id: 47, trigger_script: 33, trigger_mode: 4, state: 1 }
learned exit AreaKey { scene: 3, anchor: (1216, 1408) } event=47 -> AreaKey { scene: 3, anchor: (1152, 1344) }
area teleport in scene 3 at frame 696: (1248, 1456) -> (1168, 1368)
target scene=3 area=(1152, 1344) event=71 script=8146 mode=1 state=1 player=(1168, 1368) pos=(1296, 1448) path=61
marked destination touch VisitKey { scene: 3, area: (1216, 1408), event_id: 48, trigger_script: 60, trigger_mode: 4, state: 1 }
learned exit AreaKey { scene: 3, anchor: (1152, 1344) } event=48 -> AreaKey { scene: 3, anchor: (1216, 1408) }
area teleport in scene 3 at frame 713: (1168, 1368) -> (1248, 1456)
continuing target event=71 across area (1216, 1408) path=2
learned targeted exit AreaKey { scene: 3, anchor: (1216, 1408) } event=71 -> AreaKey { scene: 3, anchor: (1152, 1344) }
marked destination touch VisitKey { scene: 3, area: (1152, 1344), event_id: 47, trigger_script: 33, trigger_mode: 4, state: 1 }
learned exit AreaKey { scene: 3, anchor: (1216, 1408) } event=47 -> AreaKey { scene: 3, anchor: (1152, 1344) }
area teleport in scene 3 at frame 726: (1248, 1456) -> (1168, 1368)
target scene=3 area=(1152, 1344) event=71 script=8146 mode=1 state=1 player=(1168, 1368) pos=(1296, 1448) path=61
marked destination touch VisitKey { scene: 3, area: (1216, 1408), event_id: 48, trigger_script: 60, trigger_mode: 4, state: 1 }
learned exit AreaKey { scene: 3, anchor: (1152, 1344) } event=48 -> AreaKey { scene: 3, anchor: (1216, 1408) }
area teleport in scene 3 at frame 743: (1168, 1368) -> (1248, 1456)
continuing target event=71 across area (1216, 1408) path=2
learned targeted exit AreaKey { scene: 3, anchor: (1216, 1408) } event=71 -> AreaKey { scene: 3, anchor: (1152, 1344) }
marked destination touch VisitKey { scene: 3, area: (1152, 1344), event_id: 47, trigger_script: 33, trigger_mode: 4, state: 1 }
learned exit AreaKey { scene: 3, anchor: (1216, 1408) } event=47 -> AreaKey { scene: 3, anchor: (1152, 1344) }
area teleport in scene 3 at frame 756: (1248, 1456) -> (1168, 1368)
target scene=3 area=(1152, 1344) event=71 script=8146 mode=1 state=1 player=(1168, 1368) pos=(1296, 1448) path=61
marked destination touch VisitKey { scene: 3, area: (1216, 1408), event_id: 48, trigger_script: 60, trigger_mode: 4, state: 1 }
learned exit AreaKey { scene: 3, anchor: (1152, 1344) } event=48 -> AreaKey { scene: 3, anchor: (1216, 1408) }
area teleport in scene 3 at frame 773: (1168, 1368) -> (1248, 1456)
continuing target event=71 across area (1216, 1408) path=2
learned targeted exit AreaKey { scene: 3, anchor: (1216, 1408) } event=71 -> AreaKey { scene: 3, anchor: (1152, 1344) }
marked destination touch VisitKey { scene: 3, area: (1152, 1344), event_id: 47, trigger_script: 33, trigger_mode: 4, state: 1 }
learned exit AreaKey { scene: 3, anchor: (1216, 1408) } event=47 -> AreaKey { scene: 3, anchor: (1152, 1344) }
area teleport in scene 3 at frame 786: (1248, 1456) -> (1168, 1368)
target scene=3 area=(1152, 1344) event=71 script=8146 mode=1 state=1 player=(1168, 1368) pos=(1296, 1448) path=61
marked destination touch VisitKey { scene: 3, area: (1216, 1408), event_id: 48, trigger_script: 60, trigger_mode: 4, state: 1 }
learned exit AreaKey { scene: 3, anchor: (1152, 1344) } event=48 -> AreaKey { scene: 3, anchor: (1216, 1408) }
area teleport in scene 3 at frame 803: (1168, 1368) -> (1248, 1456)
continuing target event=71 across area (1216, 1408) path=2
learned targeted exit AreaKey { scene: 3, anchor: (1216, 1408) } event=71 -> AreaKey { scene: 3, anchor: (1152, 1344) }
marked destination touch VisitKey { scene: 3, area: (1152, 1344), event_id: 47, trigger_script: 33, trigger_mode: 4, state: 1 }
learned exit AreaKey { scene: 3, anchor: (1216, 1408) } event=47 -> AreaKey { scene: 3, anchor: (1152, 1344) }
area teleport in scene 3 at frame 816: (1248, 1456) -> (1168, 1368)
target scene=3 area=(1152, 1344) event=71 script=8146 mode=1 state=1 player=(1168, 1368) pos=(1296, 1448) path=61
marked destination touch VisitKey { scene: 3, area: (1216, 1408), event_id: 48, trigger_script: 60, trigger_mode: 4, state: 1 }
learned exit AreaKey { scene: 3, anchor: (1152, 1344) } event=48 -> AreaKey { scene: 3, anchor: (1216, 1408) }
area teleport in scene 3 at frame 833: (1168, 1368) -> (1248, 1456)
continuing target event=71 across area (1216, 1408) path=2
learned targeted exit AreaKey { scene: 3, anchor: (1216, 1408) } event=71 -> AreaKey { scene: 3, anchor: (1152, 1344) }
marked destination touch VisitKey { scene: 3, area: (1152, 1344), event_id: 47, trigger_script: 33, trigger_mode: 4, state: 1 }
learned exit AreaKey { scene: 3, anchor: (1216, 1408) } event=47 -> AreaKey { scene: 3, anchor: (1152, 1344) }
area teleport in scene 3 at frame 846: (1248, 1456) -> (1168, 1368)
target scene=3 area=(1152, 1344) event=71 script=8146 mode=1 state=1 player=(1168, 1368) pos=(1296, 1448) path=61
marked destination touch VisitKey { scene: 3, area: (1216, 1408), event_id: 48, trigger_script: 60, trigger_mode: 4, state: 1 }
learned exit AreaKey { scene: 3, anchor: (1152, 1344) } event=48 -> AreaKey { scene: 3, anchor: (1216, 1408) }
area teleport in scene 3 at frame 863: (1168, 1368) -> (1248, 1456)
continuing target event=71 across area (1216, 1408) path=2
learned targeted exit AreaKey { scene: 3, anchor: (1216, 1408) } event=71 -> AreaKey { scene: 3, anchor: (1152, 1344) }
marked destination touch VisitKey { scene: 3, area: (1152, 1344), event_id: 47, trigger_script: 33, trigger_mode: 4, state: 1 }
learned exit AreaKey { scene: 3, anchor: (1216, 1408) } event=47 -> AreaKey { scene: 3, anchor: (1152, 1344) }
area teleport in scene 3 at frame 876: (1248, 1456) -> (1168, 1368)
target scene=3 area=(1152, 1344) event=71 script=8146 mode=1 state=1 player=(1168, 1368) pos=(1296, 1448) path=61
marked destination touch VisitKey { scene: 3, area: (1216, 1408), event_id: 48, trigger_script: 60, trigger_mode: 4, state: 1 }
learned exit AreaKey { scene: 3, anchor: (1152, 1344) } event=48 -> AreaKey { scene: 3, anchor: (1216, 1408) }
area teleport in scene 3 at frame 893: (1168, 1368) -> (1248, 1456)
continuing target event=71 across area (1216, 1408) path=2
learned targeted exit AreaKey { scene: 3, anchor: (1216, 1408) } event=71 -> AreaKey { scene: 3, anchor: (1152, 1344) }
marked destination touch VisitKey { scene: 3, area: (1152, 1344), event_id: 47, trigger_script: 33, trigger_mode: 4, state: 1 }
learned exit AreaKey { scene: 3, anchor: (1216, 1408) } event=47 -> AreaKey { scene: 3, anchor: (1152, 1344) }
area teleport in scene 3 at frame 906: (1248, 1456) -> (1168, 1368)
target scene=3 area=(1152, 1344) event=71 script=8146 mode=1 state=1 player=(1168, 1368) pos=(1296, 1448) path=61
marked destination touch VisitKey { scene: 3, area: (1216, 1408), event_id: 48, trigger_script: 60, trigger_mode: 4, state: 1 }
learned exit AreaKey { scene: 3, anchor: (1152, 1344) } event=48 -> AreaKey { scene: 3, anchor: (1216, 1408) }
area teleport in scene 3 at frame 923: (1168, 1368) -> (1248, 1456)
continuing target event=71 across area (1216, 1408) path=2
learned targeted exit AreaKey { scene: 3, anchor: (1216, 1408) } event=71 -> AreaKey { scene: 3, anchor: (1152, 1344) }
marked destination touch VisitKey { scene: 3, area: (1152, 1344), event_id: 47, trigger_script: 33, trigger_mode: 4, state: 1 }
learned exit AreaKey { scene: 3, anchor: (1216, 1408) } event=47 -> AreaKey { scene: 3, anchor: (1152, 1344) }
area teleport in scene 3 at frame 936: (1248, 1456) -> (1168, 1368)
target scene=3 area=(1152, 1344) event=71 script=8146 mode=1 state=1 player=(1168, 1368) pos=(1296, 1448) path=61
marked destination touch VisitKey { scene: 3, area: (1216, 1408), event_id: 48, trigger_script: 60, trigger_mode: 4, state: 1 }
learned exit AreaKey { scene: 3, anchor: (1152, 1344) } event=48 -> AreaKey { scene: 3, anchor: (1216, 1408) }
area teleport in scene 3 at frame 953: (1168, 1368) -> (1248, 1456)
continuing target event=71 across area (1216, 1408) path=2
learned targeted exit AreaKey { scene: 3, anchor: (1216, 1408) } event=71 -> AreaKey { scene: 3, anchor: (1152, 1344) }
marked destination touch VisitKey { scene: 3, area: (1152, 1344), event_id: 47, trigger_script: 33, trigger_mode: 4, state: 1 }
learned exit AreaKey { scene: 3, anchor: (1216, 1408) } event=47 -> AreaKey { scene: 3, anchor: (1152, 1344) }
area teleport in scene 3 at frame 966: (1248, 1456) -> (1168, 1368)
target scene=3 area=(1152, 1344) event=71 script=8146 mode=1 state=1 player=(1168, 1368) pos=(1296, 1448) path=61
marked destination touch VisitKey { scene: 3, area: (1216, 1408), event_id: 48, trigger_script: 60, trigger_mode: 4, state: 1 }
learned exit AreaKey { scene: 3, anchor: (1152, 1344) } event=48 -> AreaKey { scene: 3, anchor: (1216, 1408) }
area teleport in scene 3 at frame 983: (1168, 1368) -> (1248, 1456)
continuing target event=71 across area (1216, 1408) path=2
learned targeted exit AreaKey { scene: 3, anchor: (1216, 1408) } event=71 -> AreaKey { scene: 3, anchor: (1152, 1344) }
marked destination touch VisitKey { scene: 3, area: (1152, 1344), event_id: 47, trigger_script: 33, trigger_mode: 4, state: 1 }
learned exit AreaKey { scene: 3, anchor: (1216, 1408) } event=47 -> AreaKey { scene: 3, anchor: (1152, 1344) }
area teleport in scene 3 at frame 996: (1248, 1456) -> (1168, 1368)
target scene=3 area=(1152, 1344) event=71 script=8146 mode=1 state=1 player=(1168, 1368) pos=(1296, 1448) path=61
marked destination touch VisitKey { scene: 3, area: (1216, 1408), event_id: 48, trigger_script: 60, trigger_mode: 4, state: 1 }
learned exit AreaKey { scene: 3, anchor: (1152, 1344) } event=48 -> AreaKey { scene: 3, anchor: (1216, 1408) }
area teleport in scene 3 at frame 1013: (1168, 1368) -> (1248, 1456)
continuing target event=71 across area (1216, 1408) path=2
learned targeted exit AreaKey { scene: 3, anchor: (1216, 1408) } event=71 -> AreaKey { scene: 3, anchor: (1152, 1344) }
marked destination touch VisitKey { scene: 3, area: (1152, 1344), event_id: 47, trigger_script: 33, trigger_mode: 4, state: 1 }
learned exit AreaKey { scene: 3, anchor: (1216, 1408) } event=47 -> AreaKey { scene: 3, anchor: (1152, 1344) }
area teleport in scene 3 at frame 1026: (1248, 1456) -> (1168, 1368)
target scene=3 area=(1152, 1344) event=71 script=8146 mode=1 state=1 player=(1168, 1368) pos=(1296, 1448) path=61
marked destination touch VisitKey { scene: 3, area: (1216, 1408), event_id: 48, trigger_script: 60, trigger_mode: 4, state: 1 }
learned exit AreaKey { scene: 3, anchor: (1152, 1344) } event=48 -> AreaKey { scene: 3, anchor: (1216, 1408) }
area teleport in scene 3 at frame 1043: (1168, 1368) -> (1248, 1456)
continuing target event=71 across area (1216, 1408) path=2
learned targeted exit AreaKey { scene: 3, anchor: (1216, 1408) } event=71 -> AreaKey { scene: 3, anchor: (1152, 1344) }
marked destination touch VisitKey { scene: 3, area: (1152, 1344), event_id: 47, trigger_script: 33, trigger_mode: 4, state: 1 }
learned exit AreaKey { scene: 3, anchor: (1216, 1408) } event=47 -> AreaKey { scene: 3, anchor: (1152, 1344) }
area teleport in scene 3 at frame 1056: (1248, 1456) -> (1168, 1368)
target scene=3 area=(1152, 1344) event=71 script=8146 mode=1 state=1 player=(1168, 1368) pos=(1296, 1448) path=61
marked destination touch VisitKey { scene: 3, area: (1216, 1408), event_id: 48, trigger_script: 60, trigger_mode: 4, state: 1 }
learned exit AreaKey { scene: 3, anchor: (1152, 1344) } event=48 -> AreaKey { scene: 3, anchor: (1216, 1408) }
area teleport in scene 3 at frame 1073: (1168, 1368) -> (1248, 1456)
continuing target event=71 across area (1216, 1408) path=2
learned targeted exit AreaKey { scene: 3, anchor: (1216, 1408) } event=71 -> AreaKey { scene: 3, anchor: (1152, 1344) }
marked destination touch VisitKey { scene: 3, area: (1152, 1344), event_id: 47, trigger_script: 33, trigger_mode: 4, state: 1 }
learned exit AreaKey { scene: 3, anchor: (1216, 1408) } event=47 -> AreaKey { scene: 3, anchor: (1152, 1344) }
area teleport in scene 3 at frame 1086: (1248, 1456) -> (1168, 1368)
target scene=3 area=(1152, 1344) event=71 script=8146 mode=1 state=1 player=(1168, 1368) pos=(1296, 1448) path=61
marked destination touch VisitKey { scene: 3, area: (1216, 1408), event_id: 48, trigger_script: 60, trigger_mode: 4, state: 1 }
learned exit AreaKey { scene: 3, anchor: (1152, 1344) } event=48 -> AreaKey { scene: 3, anchor: (1216, 1408) }
area teleport in scene 3 at frame 1103: (1168, 1368) -> (1248, 1456)
continuing target event=71 across area (1216, 1408) path=2
learned targeted exit AreaKey { scene: 3, anchor: (1216, 1408) } event=71 -> AreaKey { scene: 3, anchor: (1152, 1344) }
marked destination touch VisitKey { scene: 3, area: (1152, 1344), event_id: 47, trigger_script: 33, trigger_mode: 4, state: 1 }
learned exit AreaKey { scene: 3, anchor: (1216, 1408) } event=47 -> AreaKey { scene: 3, anchor: (1152, 1344) }
area teleport in scene 3 at frame 1116: (1248, 1456) -> (1168, 1368)
target scene=3 area=(1152, 1344) event=71 script=8146 mode=1 state=1 player=(1168, 1368) pos=(1296, 1448) path=61
marked destination touch VisitKey { scene: 3, area: (1216, 1408), event_id: 48, trigger_script: 60, trigger_mode: 4, state: 1 }
learned exit AreaKey { scene: 3, anchor: (1152, 1344) } event=48 -> AreaKey { scene: 3, anchor: (1216, 1408) }
area teleport in scene 3 at frame 1133: (1168, 1368) -> (1248, 1456)
continuing target event=71 across area (1216, 1408) path=2
learned targeted exit AreaKey { scene: 3, anchor: (1216, 1408) } event=71 -> AreaKey { scene: 3, anchor: (1152, 1344) }
marked destination touch VisitKey { scene: 3, area: (1152, 1344), event_id: 47, trigger_script: 33, trigger_mode: 4, state: 1 }
learned exit AreaKey { scene: 3, anchor: (1216, 1408) } event=47 -> AreaKey { scene: 3, anchor: (1152, 1344) }
area teleport in scene 3 at frame 1146: (1248, 1456) -> (1168, 1368)
target scene=3 area=(1152, 1344) event=71 script=8146 mode=1 state=1 player=(1168, 1368) pos=(1296, 1448) path=61
marked destination touch VisitKey { scene: 3, area: (1216, 1408), event_id: 48, trigger_script: 60, trigger_mode: 4, state: 1 }
learned exit AreaKey { scene: 3, anchor: (1152, 1344) } event=48 -> AreaKey { scene: 3, anchor: (1216, 1408) }
area teleport in scene 3 at frame 1163: (1168, 1368) -> (1248, 1456)
continuing target event=71 across area (1216, 1408) path=2
learned targeted exit AreaKey { scene: 3, anchor: (1216, 1408) } event=71 -> AreaKey { scene: 3, anchor: (1152, 1344) }
marked destination touch VisitKey { scene: 3, area: (1152, 1344), event_id: 47, trigger_script: 33, trigger_mode: 4, state: 1 }
learned exit AreaKey { scene: 3, anchor: (1216, 1408) } event=47 -> AreaKey { scene: 3, anchor: (1152, 1344) }
area teleport in scene 3 at frame 1176: (1248, 1456) -> (1168, 1368)
target scene=3 area=(1152, 1344) event=71 script=8146 mode=1 state=1 player=(1168, 1368) pos=(1296, 1448) path=61
marked destination touch VisitKey { scene: 3, area: (1216, 1408), event_id: 48, trigger_script: 60, trigger_mode: 4, state: 1 }
learned exit AreaKey { scene: 3, anchor: (1152, 1344) } event=48 -> AreaKey { scene: 3, anchor: (1216, 1408) }
area teleport in scene 3 at frame 1193: (1168, 1368) -> (1248, 1456)
continuing target event=71 across area (1216, 1408) path=2
learned targeted exit AreaKey { scene: 3, anchor: (1216, 1408) } event=71 -> AreaKey { scene: 3, anchor: (1152, 1344) }
marked destination touch VisitKey { scene: 3, area: (1152, 1344), event_id: 47, trigger_script: 33, trigger_mode: 4, state: 1 }
learned exit AreaKey { scene: 3, anchor: (1216, 1408) } event=47 -> AreaKey { scene: 3, anchor: (1152, 1344) }
area teleport in scene 3 at frame 1206: (1248, 1456) -> (1168, 1368)
target scene=3 area=(1152, 1344) event=71 script=8146 mode=1 state=1 player=(1168, 1368) pos=(1296, 1448) path=61
marked destination touch VisitKey { scene: 3, area: (1216, 1408), event_id: 48, trigger_script: 60, trigger_mode: 4, state: 1 }
learned exit AreaKey { scene: 3, anchor: (1152, 1344) } event=48 -> AreaKey { scene: 3, anchor: (1216, 1408) }
area teleport in scene 3 at frame 1223: (1168, 1368) -> (1248, 1456)
continuing target event=71 across area (1216, 1408) path=2
learned targeted exit AreaKey { scene: 3, anchor: (1216, 1408) } event=71 -> AreaKey { scene: 3, anchor: (1152, 1344) }
marked destination touch VisitKey { scene: 3, area: (1152, 1344), event_id: 47, trigger_script: 33, trigger_mode: 4, state: 1 }
learned exit AreaKey { scene: 3, anchor: (1216, 1408) } event=47 -> AreaKey { scene: 3, anchor: (1152, 1344) }
area teleport in scene 3 at frame 1236: (1248, 1456) -> (1168, 1368)
target scene=3 area=(1152, 1344) event=71 script=8146 mode=1 state=1 player=(1168, 1368) pos=(1296, 1448) path=61
marked destination touch VisitKey { scene: 3, area: (1216, 1408), event_id: 48, trigger_script: 60, trigger_mode: 4, state: 1 }
learned exit AreaKey { scene: 3, anchor: (1152, 1344) } event=48 -> AreaKey { scene: 3, anchor: (1216, 1408) }
area teleport in scene 3 at frame 1253: (1168, 1368) -> (1248, 1456)
continuing target event=71 across area (1216, 1408) path=2
learned targeted exit AreaKey { scene: 3, anchor: (1216, 1408) } event=71 -> AreaKey { scene: 3, anchor: (1152, 1344) }
marked destination touch VisitKey { scene: 3, area: (1152, 1344), event_id: 47, trigger_script: 33, trigger_mode: 4, state: 1 }
learned exit AreaKey { scene: 3, anchor: (1216, 1408) } event=47 -> AreaKey { scene: 3, anchor: (1152, 1344) }
area teleport in scene 3 at frame 1266: (1248, 1456) -> (1168, 1368)
target scene=3 area=(1152, 1344) event=71 script=8146 mode=1 state=1 player=(1168, 1368) pos=(1296, 1448) path=61
marked destination touch VisitKey { scene: 3, area: (1216, 1408), event_id: 48, trigger_script: 60, trigger_mode: 4, state: 1 }
learned exit AreaKey { scene: 3, anchor: (1152, 1344) } event=48 -> AreaKey { scene: 3, anchor: (1216, 1408) }
area teleport in scene 3 at frame 1283: (1168, 1368) -> (1248, 1456)
continuing target event=71 across area (1216, 1408) path=2
learned targeted exit AreaKey { scene: 3, anchor: (1216, 1408) } event=71 -> AreaKey { scene: 3, anchor: (1152, 1344) }
marked destination touch VisitKey { scene: 3, area: (1152, 1344), event_id: 47, trigger_script: 33, trigger_mode: 4, state: 1 }
learned exit AreaKey { scene: 3, anchor: (1216, 1408) } event=47 -> AreaKey { scene: 3, anchor: (1152, 1344) }
area teleport in scene 3 at frame 1296: (1248, 1456) -> (1168, 1368)
target scene=3 area=(1152, 1344) event=71 script=8146 mode=1 state=1 player=(1168, 1368) pos=(1296, 1448) path=61
marked destination touch VisitKey { scene: 3, area: (1216, 1408), event_id: 48, trigger_script: 60, trigger_mode: 4, state: 1 }
learned exit AreaKey { scene: 3, anchor: (1152, 1344) } event=48 -> AreaKey { scene: 3, anchor: (1216, 1408) }
area teleport in scene 3 at frame 1313: (1168, 1368) -> (1248, 1456)
continuing target event=71 across area (1216, 1408) path=2
learned targeted exit AreaKey { scene: 3, anchor: (1216, 1408) } event=71 -> AreaKey { scene: 3, anchor: (1152, 1344) }
marked destination touch VisitKey { scene: 3, area: (1152, 1344), event_id: 47, trigger_script: 33, trigger_mode: 4, state: 1 }
learned exit AreaKey { scene: 3, anchor: (1216, 1408) } event=47 -> AreaKey { scene: 3, anchor: (1152, 1344) }
area teleport in scene 3 at frame 1326: (1248, 1456) -> (1168, 1368)
target scene=3 area=(1152, 1344) event=71 script=8146 mode=1 state=1 player=(1168, 1368) pos=(1296, 1448) path=61
marked destination touch VisitKey { scene: 3, area: (1216, 1408), event_id: 48, trigger_script: 60, trigger_mode: 4, state: 1 }
learned exit AreaKey { scene: 3, anchor: (1152, 1344) } event=48 -> AreaKey { scene: 3, anchor: (1216, 1408) }
area teleport in scene 3 at frame 1343: (1168, 1368) -> (1248, 1456)
continuing target event=71 across area (1216, 1408) path=2
learned targeted exit AreaKey { scene: 3, anchor: (1216, 1408) } event=71 -> AreaKey { scene: 3, anchor: (1152, 1344) }
marked destination touch VisitKey { scene: 3, area: (1152, 1344), event_id: 47, trigger_script: 33, trigger_mode: 4, state: 1 }
learned exit AreaKey { scene: 3, anchor: (1216, 1408) } event=47 -> AreaKey { scene: 3, anchor: (1152, 1344) }
area teleport in scene 3 at frame 1356: (1248, 1456) -> (1168, 1368)
target scene=3 area=(1152, 1344) event=71 script=8146 mode=1 state=1 player=(1168, 1368) pos=(1296, 1448) path=61
marked destination touch VisitKey { scene: 3, area: (1216, 1408), event_id: 48, trigger_script: 60, trigger_mode: 4, state: 1 }
learned exit AreaKey { scene: 3, anchor: (1152, 1344) } event=48 -> AreaKey { scene: 3, anchor: (1216, 1408) }
area teleport in scene 3 at frame 1373: (1168, 1368) -> (1248, 1456)
continuing target event=71 across area (1216, 1408) path=2
learned targeted exit AreaKey { scene: 3, anchor: (1216, 1408) } event=71 -> AreaKey { scene: 3, anchor: (1152, 1344) }
marked destination touch VisitKey { scene: 3, area: (1152, 1344), event_id: 47, trigger_script: 33, trigger_mode: 4, state: 1 }
learned exit AreaKey { scene: 3, anchor: (1216, 1408) } event=47 -> AreaKey { scene: 3, anchor: (1152, 1344) }
area teleport in scene 3 at frame 1386: (1248, 1456) -> (1168, 1368)
target scene=3 area=(1152, 1344) event=71 script=8146 mode=1 state=1 player=(1168, 1368) pos=(1296, 1448) path=61
marked destination touch VisitKey { scene: 3, area: (1216, 1408), event_id: 48, trigger_script: 60, trigger_mode: 4, state: 1 }
learned exit AreaKey { scene: 3, anchor: (1152, 1344) } event=48 -> AreaKey { scene: 3, anchor: (1216, 1408) }
area teleport in scene 3 at frame 1403: (1168, 1368) -> (1248, 1456)
continuing target event=71 across area (1216, 1408) path=2
learned targeted exit AreaKey { scene: 3, anchor: (1216, 1408) } event=71 -> AreaKey { scene: 3, anchor: (1152, 1344) }
marked destination touch VisitKey { scene: 3, area: (1152, 1344), event_id: 47, trigger_script: 33, trigger_mode: 4, state: 1 }
learned exit AreaKey { scene: 3, anchor: (1216, 1408) } event=47 -> AreaKey { scene: 3, anchor: (1152, 1344) }
area teleport in scene 3 at frame 1416: (1248, 1456) -> (1168, 1368)
target scene=3 area=(1152, 1344) event=71 script=8146 mode=1 state=1 player=(1168, 1368) pos=(1296, 1448) path=61
marked destination touch VisitKey { scene: 3, area: (1216, 1408), event_id: 48, trigger_script: 60, trigger_mode: 4, state: 1 }
learned exit AreaKey { scene: 3, anchor: (1152, 1344) } event=48 -> AreaKey { scene: 3, anchor: (1216, 1408) }
area teleport in scene 3 at frame 1433: (1168, 1368) -> (1248, 1456)
continuing target event=71 across area (1216, 1408) path=2
learned targeted exit AreaKey { scene: 3, anchor: (1216, 1408) } event=71 -> AreaKey { scene: 3, anchor: (1152, 1344) }
marked destination touch VisitKey { scene: 3, area: (1152, 1344), event_id: 47, trigger_script: 33, trigger_mode: 4, state: 1 }
learned exit AreaKey { scene: 3, anchor: (1216, 1408) } event=47 -> AreaKey { scene: 3, anchor: (1152, 1344) }
area teleport in scene 3 at frame 1446: (1248, 1456) -> (1168, 1368)
target scene=3 area=(1152, 1344) event=71 script=8146 mode=1 state=1 player=(1168, 1368) pos=(1296, 1448) path=61
marked destination touch VisitKey { scene: 3, area: (1216, 1408), event_id: 48, trigger_script: 60, trigger_mode: 4, state: 1 }
learned exit AreaKey { scene: 3, anchor: (1152, 1344) } event=48 -> AreaKey { scene: 3, anchor: (1216, 1408) }
area teleport in scene 3 at frame 1463: (1168, 1368) -> (1248, 1456)
continuing target event=71 across area (1216, 1408) path=2
learned targeted exit AreaKey { scene: 3, anchor: (1216, 1408) } event=71 -> AreaKey { scene: 3, anchor: (1152, 1344) }
marked destination touch VisitKey { scene: 3, area: (1152, 1344), event_id: 47, trigger_script: 33, trigger_mode: 4, state: 1 }
learned exit AreaKey { scene: 3, anchor: (1216, 1408) } event=47 -> AreaKey { scene: 3, anchor: (1152, 1344) }
area teleport in scene 3 at frame 1476: (1248, 1456) -> (1168, 1368)
target scene=3 area=(1152, 1344) event=71 script=8146 mode=1 state=1 player=(1168, 1368) pos=(1296, 1448) path=61
marked destination touch VisitKey { scene: 3, area: (1216, 1408), event_id: 48, trigger_script: 60, trigger_mode: 4, state: 1 }
learned exit AreaKey { scene: 3, anchor: (1152, 1344) } event=48 -> AreaKey { scene: 3, anchor: (1216, 1408) }
area teleport in scene 3 at frame 1493: (1168, 1368) -> (1248, 1456)
continuing target event=71 across area (1216, 1408) path=2
learned targeted exit AreaKey { scene: 3, anchor: (1216, 1408) } event=71 -> AreaKey { scene: 3, anchor: (1152, 1344) }
marked destination touch VisitKey { scene: 3, area: (1152, 1344), event_id: 47, trigger_script: 33, trigger_mode: 4, state: 1 }
learned exit AreaKey { scene: 3, anchor: (1216, 1408) } event=47 -> AreaKey { scene: 3, anchor: (1152, 1344) }
area teleport in scene 3 at frame 1506: (1248, 1456) -> (1168, 1368)
target scene=3 area=(1152, 1344) event=71 script=8146 mode=1 state=1 player=(1168, 1368) pos=(1296, 1448) path=61
marked destination touch VisitKey { scene: 3, area: (1216, 1408), event_id: 48, trigger_script: 60, trigger_mode: 4, state: 1 }
learned exit AreaKey { scene: 3, anchor: (1152, 1344) } event=48 -> AreaKey { scene: 3, anchor: (1216, 1408) }
area teleport in scene 3 at frame 1523: (1168, 1368) -> (1248, 1456)
continuing target event=71 across area (1216, 1408) path=2
learned targeted exit AreaKey { scene: 3, anchor: (1216, 1408) } event=71 -> AreaKey { scene: 3, anchor: (1152, 1344) }
marked destination touch VisitKey { scene: 3, area: (1152, 1344), event_id: 47, trigger_script: 33, trigger_mode: 4, state: 1 }
learned exit AreaKey { scene: 3, anchor: (1216, 1408) } event=47 -> AreaKey { scene: 3, anchor: (1152, 1344) }
area teleport in scene 3 at frame 1536: (1248, 1456) -> (1168, 1368)
target scene=3 area=(1152, 1344) event=71 script=8146 mode=1 state=1 player=(1168, 1368) pos=(1296, 1448) path=61
marked destination touch VisitKey { scene: 3, area: (1216, 1408), event_id: 48, trigger_script: 60, trigger_mode: 4, state: 1 }
learned exit AreaKey { scene: 3, anchor: (1152, 1344) } event=48 -> AreaKey { scene: 3, anchor: (1216, 1408) }
area teleport in scene 3 at frame 1553: (1168, 1368) -> (1248, 1456)
continuing target event=71 across area (1216, 1408) path=2
learned targeted exit AreaKey { scene: 3, anchor: (1216, 1408) } event=71 -> AreaKey { scene: 3, anchor: (1152, 1344) }
marked destination touch VisitKey { scene: 3, area: (1152, 1344), event_id: 47, trigger_script: 33, trigger_mode: 4, state: 1 }
learned exit AreaKey { scene: 3, anchor: (1216, 1408) } event=47 -> AreaKey { scene: 3, anchor: (1152, 1344) }
area teleport in scene 3 at frame 1566: (1248, 1456) -> (1168, 1368)
target scene=3 area=(1152, 1344) event=71 script=8146 mode=1 state=1 player=(1168, 1368) pos=(1296, 1448) path=61
marked destination touch VisitKey { scene: 3, area: (1216, 1408), event_id: 48, trigger_script: 60, trigger_mode: 4, state: 1 }
learned exit AreaKey { scene: 3, anchor: (1152, 1344) } event=48 -> AreaKey { scene: 3, anchor: (1216, 1408) }
area teleport in scene 3 at frame 1583: (1168, 1368) -> (1248, 1456)
continuing target event=71 across area (1216, 1408) path=2
learned targeted exit AreaKey { scene: 3, anchor: (1216, 1408) } event=71 -> AreaKey { scene: 3, anchor: (1152, 1344) }
marked destination touch VisitKey { scene: 3, area: (1152, 1344), event_id: 47, trigger_script: 33, trigger_mode: 4, state: 1 }
learned exit AreaKey { scene: 3, anchor: (1216, 1408) } event=47 -> AreaKey { scene: 3, anchor: (1152, 1344) }
area teleport in scene 3 at frame 1596: (1248, 1456) -> (1168, 1368)
target scene=3 area=(1152, 1344) event=71 script=8146 mode=1 state=1 player=(1168, 1368) pos=(1296, 1448) path=61
marked destination touch VisitKey { scene: 3, area: (1216, 1408), event_id: 48, trigger_script: 60, trigger_mode: 4, state: 1 }
learned exit AreaKey { scene: 3, anchor: (1152, 1344) } event=48 -> AreaKey { scene: 3, anchor: (1216, 1408) }
area teleport in scene 3 at frame 1613: (1168, 1368) -> (1248, 1456)
continuing target event=71 across area (1216, 1408) path=2
learned targeted exit AreaKey { scene: 3, anchor: (1216, 1408) } event=71 -> AreaKey { scene: 3, anchor: (1152, 1344) }
marked destination touch VisitKey { scene: 3, area: (1152, 1344), event_id: 47, trigger_script: 33, trigger_mode: 4, state: 1 }
learned exit AreaKey { scene: 3, anchor: (1216, 1408) } event=47 -> AreaKey { scene: 3, anchor: (1152, 1344) }
area teleport in scene 3 at frame 1626: (1248, 1456) -> (1168, 1368)
target scene=3 area=(1152, 1344) event=71 script=8146 mode=1 state=1 player=(1168, 1368) pos=(1296, 1448) path=61
marked destination touch VisitKey { scene: 3, area: (1216, 1408), event_id: 48, trigger_script: 60, trigger_mode: 4, state: 1 }
learned exit AreaKey { scene: 3, anchor: (1152, 1344) } event=48 -> AreaKey { scene: 3, anchor: (1216, 1408) }
area teleport in scene 3 at frame 1643: (1168, 1368) -> (1248, 1456)
continuing target event=71 across area (1216, 1408) path=2
learned targeted exit AreaKey { scene: 3, anchor: (1216, 1408) } event=71 -> AreaKey { scene: 3, anchor: (1152, 1344) }
marked destination touch VisitKey { scene: 3, area: (1152, 1344), event_id: 47, trigger_script: 33, trigger_mode: 4, state: 1 }
learned exit AreaKey { scene: 3, anchor: (1216, 1408) } event=47 -> AreaKey { scene: 3, anchor: (1152, 1344) }
area teleport in scene 3 at frame 1656: (1248, 1456) -> (1168, 1368)
target scene=3 area=(1152, 1344) event=71 script=8146 mode=1 state=1 player=(1168, 1368) pos=(1296, 1448) path=61
marked destination touch VisitKey { scene: 3, area: (1216, 1408), event_id: 48, trigger_script: 60, trigger_mode: 4, state: 1 }
learned exit AreaKey { scene: 3, anchor: (1152, 1344) } event=48 -> AreaKey { scene: 3, anchor: (1216, 1408) }
area teleport in scene 3 at frame 1673: (1168, 1368) -> (1248, 1456)
continuing target event=71 across area (1216, 1408) path=2
learned targeted exit AreaKey { scene: 3, anchor: (1216, 1408) } event=71 -> AreaKey { scene: 3, anchor: (1152, 1344) }
marked destination touch VisitKey { scene: 3, area: (1152, 1344), event_id: 47, trigger_script: 33, trigger_mode: 4, state: 1 }
learned exit AreaKey { scene: 3, anchor: (1216, 1408) } event=47 -> AreaKey { scene: 3, anchor: (1152, 1344) }
area teleport in scene 3 at frame 1686: (1248, 1456) -> (1168, 1368)
target scene=3 area=(1152, 1344) event=71 script=8146 mode=1 state=1 player=(1168, 1368) pos=(1296, 1448) path=61
marked destination touch VisitKey { scene: 3, area: (1216, 1408), event_id: 48, trigger_script: 60, trigger_mode: 4, state: 1 }
learned exit AreaKey { scene: 3, anchor: (1152, 1344) } event=48 -> AreaKey { scene: 3, anchor: (1216, 1408) }
area teleport in scene 3 at frame 1703: (1168, 1368) -> (1248, 1456)
continuing target event=71 across area (1216, 1408) path=2
learned targeted exit AreaKey { scene: 3, anchor: (1216, 1408) } event=71 -> AreaKey { scene: 3, anchor: (1152, 1344) }
marked destination touch VisitKey { scene: 3, area: (1152, 1344), event_id: 47, trigger_script: 33, trigger_mode: 4, state: 1 }
learned exit AreaKey { scene: 3, anchor: (1216, 1408) } event=47 -> AreaKey { scene: 3, anchor: (1152, 1344) }
area teleport in scene 3 at frame 1716: (1248, 1456) -> (1168, 1368)
target scene=3 area=(1152, 1344) event=71 script=8146 mode=1 state=1 player=(1168, 1368) pos=(1296, 1448) path=61
marked destination touch VisitKey { scene: 3, area: (1216, 1408), event_id: 48, trigger_script: 60, trigger_mode: 4, state: 1 }
learned exit AreaKey { scene: 3, anchor: (1152, 1344) } event=48 -> AreaKey { scene: 3, anchor: (1216, 1408) }
area teleport in scene 3 at frame 1733: (1168, 1368) -> (1248, 1456)
continuing target event=71 across area (1216, 1408) path=2
learned targeted exit AreaKey { scene: 3, anchor: (1216, 1408) } event=71 -> AreaKey { scene: 3, anchor: (1152, 1344) }
marked destination touch VisitKey { scene: 3, area: (1152, 1344), event_id: 47, trigger_script: 33, trigger_mode: 4, state: 1 }
learned exit AreaKey { scene: 3, anchor: (1216, 1408) } event=47 -> AreaKey { scene: 3, anchor: (1152, 1344) }
area teleport in scene 3 at frame 1746: (1248, 1456) -> (1168, 1368)
target scene=3 area=(1152, 1344) event=71 script=8146 mode=1 state=1 player=(1168, 1368) pos=(1296, 1448) path=61
marked destination touch VisitKey { scene: 3, area: (1216, 1408), event_id: 48, trigger_script: 60, trigger_mode: 4, state: 1 }
learned exit AreaKey { scene: 3, anchor: (1152, 1344) } event=48 -> AreaKey { scene: 3, anchor: (1216, 1408) }
area teleport in scene 3 at frame 1763: (1168, 1368) -> (1248, 1456)
continuing target event=71 across area (1216, 1408) path=2
learned targeted exit AreaKey { scene: 3, anchor: (1216, 1408) } event=71 -> AreaKey { scene: 3, anchor: (1152, 1344) }
marked destination touch VisitKey { scene: 3, area: (1152, 1344), event_id: 47, trigger_script: 33, trigger_mode: 4, state: 1 }
learned exit AreaKey { scene: 3, anchor: (1216, 1408) } event=47 -> AreaKey { scene: 3, anchor: (1152, 1344) }
area teleport in scene 3 at frame 1776: (1248, 1456) -> (1168, 1368)
target scene=3 area=(1152, 1344) event=71 script=8146 mode=1 state=1 player=(1168, 1368) pos=(1296, 1448) path=61
marked destination touch VisitKey { scene: 3, area: (1216, 1408), event_id: 48, trigger_script: 60, trigger_mode: 4, state: 1 }
learned exit AreaKey { scene: 3, anchor: (1152, 1344) } event=48 -> AreaKey { scene: 3, anchor: (1216, 1408) }
area teleport in scene 3 at frame 1793: (1168, 1368) -> (1248, 1456)
continuing target event=71 across area (1216, 1408) path=2
learned targeted exit AreaKey { scene: 3, anchor: (1216, 1408) } event=71 -> AreaKey { scene: 3, anchor: (1152, 1344) }
marked destination touch VisitKey { scene: 3, area: (1152, 1344), event_id: 47, trigger_script: 33, trigger_mode: 4, state: 1 }
learned exit AreaKey { scene: 3, anchor: (1216, 1408) } event=47 -> AreaKey { scene: 3, anchor: (1152, 1344) }
area teleport in scene 3 at frame 1806: (1248, 1456) -> (1168, 1368)
target scene=3 area=(1152, 1344) event=71 script=8146 mode=1 state=1 player=(1168, 1368) pos=(1296, 1448) path=61
marked destination touch VisitKey { scene: 3, area: (1216, 1408), event_id: 48, trigger_script: 60, trigger_mode: 4, state: 1 }
learned exit AreaKey { scene: 3, anchor: (1152, 1344) } event=48 -> AreaKey { scene: 3, anchor: (1216, 1408) }
area teleport in scene 3 at frame 1823: (1168, 1368) -> (1248, 1456)
continuing target event=71 across area (1216, 1408) path=2
learned targeted exit AreaKey { scene: 3, anchor: (1216, 1408) } event=71 -> AreaKey { scene: 3, anchor: (1152, 1344) }
marked destination touch VisitKey { scene: 3, area: (1152, 1344), event_id: 47, trigger_script: 33, trigger_mode: 4, state: 1 }
learned exit AreaKey { scene: 3, anchor: (1216, 1408) } event=47 -> AreaKey { scene: 3, anchor: (1152, 1344) }
area teleport in scene 3 at frame 1836: (1248, 1456) -> (1168, 1368)
target scene=3 area=(1152, 1344) event=71 script=8146 mode=1 state=1 player=(1168, 1368) pos=(1296, 1448) path=61
marked destination touch VisitKey { scene: 3, area: (1216, 1408), event_id: 48, trigger_script: 60, trigger_mode: 4, state: 1 }
learned exit AreaKey { scene: 3, anchor: (1152, 1344) } event=48 -> AreaKey { scene: 3, anchor: (1216, 1408) }
area teleport in scene 3 at frame 1853: (1168, 1368) -> (1248, 1456)
continuing target event=71 across area (1216, 1408) path=2
learned targeted exit AreaKey { scene: 3, anchor: (1216, 1408) } event=71 -> AreaKey { scene: 3, anchor: (1152, 1344) }
marked destination touch VisitKey { scene: 3, area: (1152, 1344), event_id: 47, trigger_script: 33, trigger_mode: 4, state: 1 }
learned exit AreaKey { scene: 3, anchor: (1216, 1408) } event=47 -> AreaKey { scene: 3, anchor: (1152, 1344) }
area teleport in scene 3 at frame 1866: (1248, 1456) -> (1168, 1368)
target scene=3 area=(1152, 1344) event=71 script=8146 mode=1 state=1 player=(1168, 1368) pos=(1296, 1448) path=61
marked destination touch VisitKey { scene: 3, area: (1216, 1408), event_id: 48, trigger_script: 60, trigger_mode: 4, state: 1 }
learned exit AreaKey { scene: 3, anchor: (1152, 1344) } event=48 -> AreaKey { scene: 3, anchor: (1216, 1408) }
area teleport in scene 3 at frame 1883: (1168, 1368) -> (1248, 1456)
continuing target event=71 across area (1216, 1408) path=2
learned targeted exit AreaKey { scene: 3, anchor: (1216, 1408) } event=71 -> AreaKey { scene: 3, anchor: (1152, 1344) }
marked destination touch VisitKey { scene: 3, area: (1152, 1344), event_id: 47, trigger_script: 33, trigger_mode: 4, state: 1 }
learned exit AreaKey { scene: 3, anchor: (1216, 1408) } event=47 -> AreaKey { scene: 3, anchor: (1152, 1344) }
area teleport in scene 3 at frame 1896: (1248, 1456) -> (1168, 1368)
target scene=3 area=(1152, 1344) event=71 script=8146 mode=1 state=1 player=(1168, 1368) pos=(1296, 1448) path=61
marked destination touch VisitKey { scene: 3, area: (1216, 1408), event_id: 48, trigger_script: 60, trigger_mode: 4, state: 1 }
learned exit AreaKey { scene: 3, anchor: (1152, 1344) } event=48 -> AreaKey { scene: 3, anchor: (1216, 1408) }
area teleport in scene 3 at frame 1913: (1168, 1368) -> (1248, 1456)
continuing target event=71 across area (1216, 1408) path=2
learned targeted exit AreaKey { scene: 3, anchor: (1216, 1408) } event=71 -> AreaKey { scene: 3, anchor: (1152, 1344) }
marked destination touch VisitKey { scene: 3, area: (1152, 1344), event_id: 47, trigger_script: 33, trigger_mode: 4, state: 1 }
learned exit AreaKey { scene: 3, anchor: (1216, 1408) } event=47 -> AreaKey { scene: 3, anchor: (1152, 1344) }
area teleport in scene 3 at frame 1926: (1248, 1456) -> (1168, 1368)
target scene=3 area=(1152, 1344) event=71 script=8146 mode=1 state=1 player=(1168, 1368) pos=(1296, 1448) path=61
marked destination touch VisitKey { scene: 3, area: (1216, 1408), event_id: 48, trigger_script: 60, trigger_mode: 4, state: 1 }
learned exit AreaKey { scene: 3, anchor: (1152, 1344) } event=48 -> AreaKey { scene: 3, anchor: (1216, 1408) }
area teleport in scene 3 at frame 1943: (1168, 1368) -> (1248, 1456)
continuing target event=71 across area (1216, 1408) path=2
learned targeted exit AreaKey { scene: 3, anchor: (1216, 1408) } event=71 -> AreaKey { scene: 3, anchor: (1152, 1344) }
marked destination touch VisitKey { scene: 3, area: (1152, 1344), event_id: 47, trigger_script: 33, trigger_mode: 4, state: 1 }
learned exit AreaKey { scene: 3, anchor: (1216, 1408) } event=47 -> AreaKey { scene: 3, anchor: (1152, 1344) }
area teleport in scene 3 at frame 1956: (1248, 1456) -> (1168, 1368)
target scene=3 area=(1152, 1344) event=71 script=8146 mode=1 state=1 player=(1168, 1368) pos=(1296, 1448) path=61
marked destination touch VisitKey { scene: 3, area: (1216, 1408), event_id: 48, trigger_script: 60, trigger_mode: 4, state: 1 }
learned exit AreaKey { scene: 3, anchor: (1152, 1344) } event=48 -> AreaKey { scene: 3, anchor: (1216, 1408) }
area teleport in scene 3 at frame 1973: (1168, 1368) -> (1248, 1456)
continuing target event=71 across area (1216, 1408) path=2
learned targeted exit AreaKey { scene: 3, anchor: (1216, 1408) } event=71 -> AreaKey { scene: 3, anchor: (1152, 1344) }
marked destination touch VisitKey { scene: 3, area: (1152, 1344), event_id: 47, trigger_script: 33, trigger_mode: 4, state: 1 }
learned exit AreaKey { scene: 3, anchor: (1216, 1408) } event=47 -> AreaKey { scene: 3, anchor: (1152, 1344) }
area teleport in scene 3 at frame 1986: (1248, 1456) -> (1168, 1368)
target scene=3 area=(1152, 1344) event=71 script=8146 mode=1 state=1 player=(1168, 1368) pos=(1296, 1448) path=61
marked destination touch VisitKey { scene: 3, area: (1216, 1408), event_id: 48, trigger_script: 60, trigger_mode: 4, state: 1 }
learned exit AreaKey { scene: 3, anchor: (1152, 1344) } event=48 -> AreaKey { scene: 3, anchor: (1216, 1408) }
area teleport in scene 3 at frame 2003: (1168, 1368) -> (1248, 1456)
continuing target event=71 across area (1216, 1408) path=2
learned targeted exit AreaKey { scene: 3, anchor: (1216, 1408) } event=71 -> AreaKey { scene: 3, anchor: (1152, 1344) }
marked destination touch VisitKey { scene: 3, area: (1152, 1344), event_id: 47, trigger_script: 33, trigger_mode: 4, state: 1 }
learned exit AreaKey { scene: 3, anchor: (1216, 1408) } event=47 -> AreaKey { scene: 3, anchor: (1152, 1344) }
area teleport in scene 3 at frame 2016: (1248, 1456) -> (1168, 1368)
target scene=3 area=(1152, 1344) event=71 script=8146 mode=1 state=1 player=(1168, 1368) pos=(1296, 1448) path=61
marked destination touch VisitKey { scene: 3, area: (1216, 1408), event_id: 48, trigger_script: 60, trigger_mode: 4, state: 1 }
learned exit AreaKey { scene: 3, anchor: (1152, 1344) } event=48 -> AreaKey { scene: 3, anchor: (1216, 1408) }
area teleport in scene 3 at frame 2033: (1168, 1368) -> (1248, 1456)
continuing target event=71 across area (1216, 1408) path=2
learned targeted exit AreaKey { scene: 3, anchor: (1216, 1408) } event=71 -> AreaKey { scene: 3, anchor: (1152, 1344) }
marked destination touch VisitKey { scene: 3, area: (1152, 1344), event_id: 47, trigger_script: 33, trigger_mode: 4, state: 1 }
learned exit AreaKey { scene: 3, anchor: (1216, 1408) } event=47 -> AreaKey { scene: 3, anchor: (1152, 1344) }
area teleport in scene 3 at frame 2046: (1248, 1456) -> (1168, 1368)
target scene=3 area=(1152, 1344) event=71 script=8146 mode=1 state=1 player=(1168, 1368) pos=(1296, 1448) path=61
marked destination touch VisitKey { scene: 3, area: (1216, 1408), event_id: 48, trigger_script: 60, trigger_mode: 4, state: 1 }
learned exit AreaKey { scene: 3, anchor: (1152, 1344) } event=48 -> AreaKey { scene: 3, anchor: (1216, 1408) }
area teleport in scene 3 at frame 2063: (1168, 1368) -> (1248, 1456)
continuing target event=71 across area (1216, 1408) path=2
learned targeted exit AreaKey { scene: 3, anchor: (1216, 1408) } event=71 -> AreaKey { scene: 3, anchor: (1152, 1344) }
marked destination touch VisitKey { scene: 3, area: (1152, 1344), event_id: 47, trigger_script: 33, trigger_mode: 4, state: 1 }
learned exit AreaKey { scene: 3, anchor: (1216, 1408) } event=47 -> AreaKey { scene: 3, anchor: (1152, 1344) }
area teleport in scene 3 at frame 2076: (1248, 1456) -> (1168, 1368)
target scene=3 area=(1152, 1344) event=71 script=8146 mode=1 state=1 player=(1168, 1368) pos=(1296, 1448) path=61
marked destination touch VisitKey { scene: 3, area: (1216, 1408), event_id: 48, trigger_script: 60, trigger_mode: 4, state: 1 }
learned exit AreaKey { scene: 3, anchor: (1152, 1344) } event=48 -> AreaKey { scene: 3, anchor: (1216, 1408) }
area teleport in scene 3 at frame 2093: (1168, 1368) -> (1248, 1456)
continuing target event=71 across area (1216, 1408) path=2
learned targeted exit AreaKey { scene: 3, anchor: (1216, 1408) } event=71 -> AreaKey { scene: 3, anchor: (1152, 1344) }
marked destination touch VisitKey { scene: 3, area: (1152, 1344), event_id: 47, trigger_script: 33, trigger_mode: 4, state: 1 }
learned exit AreaKey { scene: 3, anchor: (1216, 1408) } event=47 -> AreaKey { scene: 3, anchor: (1152, 1344) }
area teleport in scene 3 at frame 2106: (1248, 1456) -> (1168, 1368)
target scene=3 area=(1152, 1344) event=71 script=8146 mode=1 state=1 player=(1168, 1368) pos=(1296, 1448) path=61
marked destination touch VisitKey { scene: 3, area: (1216, 1408), event_id: 48, trigger_script: 60, trigger_mode: 4, state: 1 }
learned exit AreaKey { scene: 3, anchor: (1152, 1344) } event=48 -> AreaKey { scene: 3, anchor: (1216, 1408) }
area teleport in scene 3 at frame 2123: (1168, 1368) -> (1248, 1456)
continuing target event=71 across area (1216, 1408) path=2
learned targeted exit AreaKey { scene: 3, anchor: (1216, 1408) } event=71 -> AreaKey { scene: 3, anchor: (1152, 1344) }
marked destination touch VisitKey { scene: 3, area: (1152, 1344), event_id: 47, trigger_script: 33, trigger_mode: 4, state: 1 }
learned exit AreaKey { scene: 3, anchor: (1216, 1408) } event=47 -> AreaKey { scene: 3, anchor: (1152, 1344) }
area teleport in scene 3 at frame 2136: (1248, 1456) -> (1168, 1368)
target scene=3 area=(1152, 1344) event=71 script=8146 mode=1 state=1 player=(1168, 1368) pos=(1296, 1448) path=61
marked destination touch VisitKey { scene: 3, area: (1216, 1408), event_id: 48, trigger_script: 60, trigger_mode: 4, state: 1 }
learned exit AreaKey { scene: 3, anchor: (1152, 1344) } event=48 -> AreaKey { scene: 3, anchor: (1216, 1408) }
area teleport in scene 3 at frame 2153: (1168, 1368) -> (1248, 1456)
continuing target event=71 across area (1216, 1408) path=2
learned targeted exit AreaKey { scene: 3, anchor: (1216, 1408) } event=71 -> AreaKey { scene: 3, anchor: (1152, 1344) }
marked destination touch VisitKey { scene: 3, area: (1152, 1344), event_id: 47, trigger_script: 33, trigger_mode: 4, state: 1 }
learned exit AreaKey { scene: 3, anchor: (1216, 1408) } event=47 -> AreaKey { scene: 3, anchor: (1152, 1344) }
area teleport in scene 3 at frame 2166: (1248, 1456) -> (1168, 1368)
target scene=3 area=(1152, 1344) event=71 script=8146 mode=1 state=1 player=(1168, 1368) pos=(1296, 1448) path=61
marked destination touch VisitKey { scene: 3, area: (1216, 1408), event_id: 48, trigger_script: 60, trigger_mode: 4, state: 1 }
learned exit AreaKey { scene: 3, anchor: (1152, 1344) } event=48 -> AreaKey { scene: 3, anchor: (1216, 1408) }
area teleport in scene 3 at frame 2183: (1168, 1368) -> (1248, 1456)
continuing target event=71 across area (1216, 1408) path=2
learned targeted exit AreaKey { scene: 3, anchor: (1216, 1408) } event=71 -> AreaKey { scene: 3, anchor: (1152, 1344) }
marked destination touch VisitKey { scene: 3, area: (1152, 1344), event_id: 47, trigger_script: 33, trigger_mode: 4, state: 1 }
learned exit AreaKey { scene: 3, anchor: (1216, 1408) } event=47 -> AreaKey { scene: 3, anchor: (1152, 1344) }
area teleport in scene 3 at frame 2196: (1248, 1456) -> (1168, 1368)
target scene=3 area=(1152, 1344) event=71 script=8146 mode=1 state=1 player=(1168, 1368) pos=(1296, 1448) path=61
marked destination touch VisitKey { scene: 3, area: (1216, 1408), event_id: 48, trigger_script: 60, trigger_mode: 4, state: 1 }
learned exit AreaKey { scene: 3, anchor: (1152, 1344) } event=48 -> AreaKey { scene: 3, anchor: (1216, 1408) }
area teleport in scene 3 at frame 2213: (1168, 1368) -> (1248, 1456)
continuing target event=71 across area (1216, 1408) path=2
learned targeted exit AreaKey { scene: 3, anchor: (1216, 1408) } event=71 -> AreaKey { scene: 3, anchor: (1152, 1344) }
marked destination touch VisitKey { scene: 3, area: (1152, 1344), event_id: 47, trigger_script: 33, trigger_mode: 4, state: 1 }
learned exit AreaKey { scene: 3, anchor: (1216, 1408) } event=47 -> AreaKey { scene: 3, anchor: (1152, 1344) }
area teleport in scene 3 at frame 2226: (1248, 1456) -> (1168, 1368)
target scene=3 area=(1152, 1344) event=71 script=8146 mode=1 state=1 player=(1168, 1368) pos=(1296, 1448) path=61
marked destination touch VisitKey { scene: 3, area: (1216, 1408), event_id: 48, trigger_script: 60, trigger_mode: 4, state: 1 }
learned exit AreaKey { scene: 3, anchor: (1152, 1344) } event=48 -> AreaKey { scene: 3, anchor: (1216, 1408) }
area teleport in scene 3 at frame 2243: (1168, 1368) -> (1248, 1456)
continuing target event=71 across area (1216, 1408) path=2
learned targeted exit AreaKey { scene: 3, anchor: (1216, 1408) } event=71 -> AreaKey { scene: 3, anchor: (1152, 1344) }
marked destination touch VisitKey { scene: 3, area: (1152, 1344), event_id: 47, trigger_script: 33, trigger_mode: 4, state: 1 }
learned exit AreaKey { scene: 3, anchor: (1216, 1408) } event=47 -> AreaKey { scene: 3, anchor: (1152, 1344) }
area teleport in scene 3 at frame 2256: (1248, 1456) -> (1168, 1368)
target scene=3 area=(1152, 1344) event=71 script=8146 mode=1 state=1 player=(1168, 1368) pos=(1296, 1448) path=61
marked destination touch VisitKey { scene: 3, area: (1216, 1408), event_id: 48, trigger_script: 60, trigger_mode: 4, state: 1 }
learned exit AreaKey { scene: 3, anchor: (1152, 1344) } event=48 -> AreaKey { scene: 3, anchor: (1216, 1408) }
area teleport in scene 3 at frame 2273: (1168, 1368) -> (1248, 1456)
continuing target event=71 across area (1216, 1408) path=2
learned targeted exit AreaKey { scene: 3, anchor: (1216, 1408) } event=71 -> AreaKey { scene: 3, anchor: (1152, 1344) }
marked destination touch VisitKey { scene: 3, area: (1152, 1344), event_id: 47, trigger_script: 33, trigger_mode: 4, state: 1 }
learned exit AreaKey { scene: 3, anchor: (1216, 1408) } event=47 -> AreaKey { scene: 3, anchor: (1152, 1344) }
area teleport in scene 3 at frame 2286: (1248, 1456) -> (1168, 1368)
target scene=3 area=(1152, 1344) event=71 script=8146 mode=1 state=1 player=(1168, 1368) pos=(1296, 1448) path=61
marked destination touch VisitKey { scene: 3, area: (1216, 1408), event_id: 48, trigger_script: 60, trigger_mode: 4, state: 1 }
learned exit AreaKey { scene: 3, anchor: (1152, 1344) } event=48 -> AreaKey { scene: 3, anchor: (1216, 1408) }
area teleport in scene 3 at frame 2303: (1168, 1368) -> (1248, 1456)
continuing target event=71 across area (1216, 1408) path=2
learned targeted exit AreaKey { scene: 3, anchor: (1216, 1408) } event=71 -> AreaKey { scene: 3, anchor: (1152, 1344) }
marked destination touch VisitKey { scene: 3, area: (1152, 1344), event_id: 47, trigger_script: 33, trigger_mode: 4, state: 1 }
learned exit AreaKey { scene: 3, anchor: (1216, 1408) } event=47 -> AreaKey { scene: 3, anchor: (1152, 1344) }
area teleport in scene 3 at frame 2316: (1248, 1456) -> (1168, 1368)
target scene=3 area=(1152, 1344) event=71 script=8146 mode=1 state=1 player=(1168, 1368) pos=(1296, 1448) path=61
marked destination touch VisitKey { scene: 3, area: (1216, 1408), event_id: 48, trigger_script: 60, trigger_mode: 4, state: 1 }
learned exit AreaKey { scene: 3, anchor: (1152, 1344) } event=48 -> AreaKey { scene: 3, anchor: (1216, 1408) }
area teleport in scene 3 at frame 2333: (1168, 1368) -> (1248, 1456)
continuing target event=71 across area (1216, 1408) path=2
learned targeted exit AreaKey { scene: 3, anchor: (1216, 1408) } event=71 -> AreaKey { scene: 3, anchor: (1152, 1344) }
marked destination touch VisitKey { scene: 3, area: (1152, 1344), event_id: 47, trigger_script: 33, trigger_mode: 4, state: 1 }
learned exit AreaKey { scene: 3, anchor: (1216, 1408) } event=47 -> AreaKey { scene: 3, anchor: (1152, 1344) }
area teleport in scene 3 at frame 2346: (1248, 1456) -> (1168, 1368)
target scene=3 area=(1152, 1344) event=71 script=8146 mode=1 state=1 player=(1168, 1368) pos=(1296, 1448) path=61
marked destination touch VisitKey { scene: 3, area: (1216, 1408), event_id: 48, trigger_script: 60, trigger_mode: 4, state: 1 }
learned exit AreaKey { scene: 3, anchor: (1152, 1344) } event=48 -> AreaKey { scene: 3, anchor: (1216, 1408) }
area teleport in scene 3 at frame 2363: (1168, 1368) -> (1248, 1456)
continuing target event=71 across area (1216, 1408) path=2
learned targeted exit AreaKey { scene: 3, anchor: (1216, 1408) } event=71 -> AreaKey { scene: 3, anchor: (1152, 1344) }
marked destination touch VisitKey { scene: 3, area: (1152, 1344), event_id: 47, trigger_script: 33, trigger_mode: 4, state: 1 }
learned exit AreaKey { scene: 3, anchor: (1216, 1408) } event=47 -> AreaKey { scene: 3, anchor: (1152, 1344) }
area teleport in scene 3 at frame 2376: (1248, 1456) -> (1168, 1368)
target scene=3 area=(1152, 1344) event=71 script=8146 mode=1 state=1 player=(1168, 1368) pos=(1296, 1448) path=61
marked destination touch VisitKey { scene: 3, area: (1216, 1408), event_id: 48, trigger_script: 60, trigger_mode: 4, state: 1 }
learned exit AreaKey { scene: 3, anchor: (1152, 1344) } event=48 -> AreaKey { scene: 3, anchor: (1216, 1408) }
area teleport in scene 3 at frame 2393: (1168, 1368) -> (1248, 1456)
continuing target event=71 across area (1216, 1408) path=2
learned targeted exit AreaKey { scene: 3, anchor: (1216, 1408) } event=71 -> AreaKey { scene: 3, anchor: (1152, 1344) }
marked destination touch VisitKey { scene: 3, area: (1152, 1344), event_id: 47, trigger_script: 33, trigger_mode: 4, state: 1 }
learned exit AreaKey { scene: 3, anchor: (1216, 1408) } event=47 -> AreaKey { scene: 3, anchor: (1152, 1344) }
area teleport in scene 3 at frame 2406: (1248, 1456) -> (1168, 1368)
target scene=3 area=(1152, 1344) event=71 script=8146 mode=1 state=1 player=(1168, 1368) pos=(1296, 1448) path=61
marked destination touch VisitKey { scene: 3, area: (1216, 1408), event_id: 48, trigger_script: 60, trigger_mode: 4, state: 1 }
learned exit AreaKey { scene: 3, anchor: (1152, 1344) } event=48 -> AreaKey { scene: 3, anchor: (1216, 1408) }
area teleport in scene 3 at frame 2423: (1168, 1368) -> (1248, 1456)
continuing target event=71 across area (1216, 1408) path=2
learned targeted exit AreaKey { scene: 3, anchor: (1216, 1408) } event=71 -> AreaKey { scene: 3, anchor: (1152, 1344) }
marked destination touch VisitKey { scene: 3, area: (1152, 1344), event_id: 47, trigger_script: 33, trigger_mode: 4, state: 1 }
learned exit AreaKey { scene: 3, anchor: (1216, 1408) } event=47 -> AreaKey { scene: 3, anchor: (1152, 1344) }
area teleport in scene 3 at frame 2436: (1248, 1456) -> (1168, 1368)
target scene=3 area=(1152, 1344) event=71 script=8146 mode=1 state=1 player=(1168, 1368) pos=(1296, 1448) path=61
marked destination touch VisitKey { scene: 3, area: (1216, 1408), event_id: 48, trigger_script: 60, trigger_mode: 4, state: 1 }
learned exit AreaKey { scene: 3, anchor: (1152, 1344) } event=48 -> AreaKey { scene: 3, anchor: (1216, 1408) }
area teleport in scene 3 at frame 2453: (1168, 1368) -> (1248, 1456)
continuing target event=71 across area (1216, 1408) path=2
learned targeted exit AreaKey { scene: 3, anchor: (1216, 1408) } event=71 -> AreaKey { scene: 3, anchor: (1152, 1344) }
marked destination touch VisitKey { scene: 3, area: (1152, 1344), event_id: 47, trigger_script: 33, trigger_mode: 4, state: 1 }
learned exit AreaKey { scene: 3, anchor: (1216, 1408) } event=47 -> AreaKey { scene: 3, anchor: (1152, 1344) }
area teleport in scene 3 at frame 2466: (1248, 1456) -> (1168, 1368)
target scene=3 area=(1152, 1344) event=71 script=8146 mode=1 state=1 player=(1168, 1368) pos=(1296, 1448) path=61
marked destination touch VisitKey { scene: 3, area: (1216, 1408), event_id: 48, trigger_script: 60, trigger_mode: 4, state: 1 }
learned exit AreaKey { scene: 3, anchor: (1152, 1344) } event=48 -> AreaKey { scene: 3, anchor: (1216, 1408) }
area teleport in scene 3 at frame 2483: (1168, 1368) -> (1248, 1456)
continuing target event=71 across area (1216, 1408) path=2
learned targeted exit AreaKey { scene: 3, anchor: (1216, 1408) } event=71 -> AreaKey { scene: 3, anchor: (1152, 1344) }
marked destination touch VisitKey { scene: 3, area: (1152, 1344), event_id: 47, trigger_script: 33, trigger_mode: 4, state: 1 }
learned exit AreaKey { scene: 3, anchor: (1216, 1408) } event=47 -> AreaKey { scene: 3, anchor: (1152, 1344) }
area teleport in scene 3 at frame 2496: (1248, 1456) -> (1168, 1368)
target scene=3 area=(1152, 1344) event=71 script=8146 mode=1 state=1 player=(1168, 1368) pos=(1296, 1448) path=61
marked destination touch VisitKey { scene: 3, area: (1216, 1408), event_id: 48, trigger_script: 60, trigger_mode: 4, state: 1 }
learned exit AreaKey { scene: 3, anchor: (1152, 1344) } event=48 -> AreaKey { scene: 3, anchor: (1216, 1408) }
area teleport in scene 3 at frame 2513: (1168, 1368) -> (1248, 1456)
continuing target event=71 across area (1216, 1408) path=2
learned targeted exit AreaKey { scene: 3, anchor: (1216, 1408) } event=71 -> AreaKey { scene: 3, anchor: (1152, 1344) }
marked destination touch VisitKey { scene: 3, area: (1152, 1344), event_id: 47, trigger_script: 33, trigger_mode: 4, state: 1 }
learned exit AreaKey { scene: 3, anchor: (1216, 1408) } event=47 -> AreaKey { scene: 3, anchor: (1152, 1344) }
area teleport in scene 3 at frame 2526: (1248, 1456) -> (1168, 1368)
target scene=3 area=(1152, 1344) event=71 script=8146 mode=1 state=1 player=(1168, 1368) pos=(1296, 1448) path=61
marked destination touch VisitKey { scene: 3, area: (1216, 1408), event_id: 48, trigger_script: 60, trigger_mode: 4, state: 1 }
learned exit AreaKey { scene: 3, anchor: (1152, 1344) } event=48 -> AreaKey { scene: 3, anchor: (1216, 1408) }
area teleport in scene 3 at frame 2543: (1168, 1368) -> (1248, 1456)
continuing target event=71 across area (1216, 1408) path=2
learned targeted exit AreaKey { scene: 3, anchor: (1216, 1408) } event=71 -> AreaKey { scene: 3, anchor: (1152, 1344) }
marked destination touch VisitKey { scene: 3, area: (1152, 1344), event_id: 47, trigger_script: 33, trigger_mode: 4, state: 1 }
learned exit AreaKey { scene: 3, anchor: (1216, 1408) } event=47 -> AreaKey { scene: 3, anchor: (1152, 1344) }
area teleport in scene 3 at frame 2556: (1248, 1456) -> (1168, 1368)
target scene=3 area=(1152, 1344) event=71 script=8146 mode=1 state=1 player=(1168, 1368) pos=(1296, 1448) path=61
marked destination touch VisitKey { scene: 3, area: (1216, 1408), event_id: 48, trigger_script: 60, trigger_mode: 4, state: 1 }
learned exit AreaKey { scene: 3, anchor: (1152, 1344) } event=48 -> AreaKey { scene: 3, anchor: (1216, 1408) }
area teleport in scene 3 at frame 2573: (1168, 1368) -> (1248, 1456)
continuing target event=71 across area (1216, 1408) path=2
learned targeted exit AreaKey { scene: 3, anchor: (1216, 1408) } event=71 -> AreaKey { scene: 3, anchor: (1152, 1344) }
marked destination touch VisitKey { scene: 3, area: (1152, 1344), event_id: 47, trigger_script: 33, trigger_mode: 4, state: 1 }
learned exit AreaKey { scene: 3, anchor: (1216, 1408) } event=47 -> AreaKey { scene: 3, anchor: (1152, 1344) }
area teleport in scene 3 at frame 2586: (1248, 1456) -> (1168, 1368)
target scene=3 area=(1152, 1344) event=71 script=8146 mode=1 state=1 player=(1168, 1368) pos=(1296, 1448) path=61
marked destination touch VisitKey { scene: 3, area: (1216, 1408), event_id: 48, trigger_script: 60, trigger_mode: 4, state: 1 }
learned exit AreaKey { scene: 3, anchor: (1152, 1344) } event=48 -> AreaKey { scene: 3, anchor: (1216, 1408) }
area teleport in scene 3 at frame 2603: (1168, 1368) -> (1248, 1456)
continuing target event=71 across area (1216, 1408) path=2
learned targeted exit AreaKey { scene: 3, anchor: (1216, 1408) } event=71 -> AreaKey { scene: 3, anchor: (1152, 1344) }
marked destination touch VisitKey { scene: 3, area: (1152, 1344), event_id: 47, trigger_script: 33, trigger_mode: 4, state: 1 }
learned exit AreaKey { scene: 3, anchor: (1216, 1408) } event=47 -> AreaKey { scene: 3, anchor: (1152, 1344) }
area teleport in scene 3 at frame 2616: (1248, 1456) -> (1168, 1368)
target scene=3 area=(1152, 1344) event=71 script=8146 mode=1 state=1 player=(1168, 1368) pos=(1296, 1448) path=61
marked destination touch VisitKey { scene: 3, area: (1216, 1408), event_id: 48, trigger_script: 60, trigger_mode: 4, state: 1 }
learned exit AreaKey { scene: 3, anchor: (1152, 1344) } event=48 -> AreaKey { scene: 3, anchor: (1216, 1408) }
area teleport in scene 3 at frame 2633: (1168, 1368) -> (1248, 1456)
continuing target event=71 across area (1216, 1408) path=2
learned targeted exit AreaKey { scene: 3, anchor: (1216, 1408) } event=71 -> AreaKey { scene: 3, anchor: (1152, 1344) }
marked destination touch VisitKey { scene: 3, area: (1152, 1344), event_id: 47, trigger_script: 33, trigger_mode: 4, state: 1 }
learned exit AreaKey { scene: 3, anchor: (1216, 1408) } event=47 -> AreaKey { scene: 3, anchor: (1152, 1344) }
area teleport in scene 3 at frame 2646: (1248, 1456) -> (1168, 1368)
target scene=3 area=(1152, 1344) event=71 script=8146 mode=1 state=1 player=(1168, 1368) pos=(1296, 1448) path=61
marked destination touch VisitKey { scene: 3, area: (1216, 1408), event_id: 48, trigger_script: 60, trigger_mode: 4, state: 1 }
learned exit AreaKey { scene: 3, anchor: (1152, 1344) } event=48 -> AreaKey { scene: 3, anchor: (1216, 1408) }
area teleport in scene 3 at frame 2663: (1168, 1368) -> (1248, 1456)
continuing target event=71 across area (1216, 1408) path=2
learned targeted exit AreaKey { scene: 3, anchor: (1216, 1408) } event=71 -> AreaKey { scene: 3, anchor: (1152, 1344) }
marked destination touch VisitKey { scene: 3, area: (1152, 1344), event_id: 47, trigger_script: 33, trigger_mode: 4, state: 1 }
learned exit AreaKey { scene: 3, anchor: (1216, 1408) } event=47 -> AreaKey { scene: 3, anchor: (1152, 1344) }
area teleport in scene 3 at frame 2676: (1248, 1456) -> (1168, 1368)
target scene=3 area=(1152, 1344) event=71 script=8146 mode=1 state=1 player=(1168, 1368) pos=(1296, 1448) path=61
marked destination touch VisitKey { scene: 3, area: (1216, 1408), event_id: 48, trigger_script: 60, trigger_mode: 4, state: 1 }
learned exit AreaKey { scene: 3, anchor: (1152, 1344) } event=48 -> AreaKey { scene: 3, anchor: (1216, 1408) }
area teleport in scene 3 at frame 2693: (1168, 1368) -> (1248, 1456)
continuing target event=71 across area (1216, 1408) path=2
learned targeted exit AreaKey { scene: 3, anchor: (1216, 1408) } event=71 -> AreaKey { scene: 3, anchor: (1152, 1344) }
marked destination touch VisitKey { scene: 3, area: (1152, 1344), event_id: 47, trigger_script: 33, trigger_mode: 4, state: 1 }
learned exit AreaKey { scene: 3, anchor: (1216, 1408) } event=47 -> AreaKey { scene: 3, anchor: (1152, 1344) }
area teleport in scene 3 at frame 2706: (1248, 1456) -> (1168, 1368)
target scene=3 area=(1152, 1344) event=71 script=8146 mode=1 state=1 player=(1168, 1368) pos=(1296, 1448) path=61
marked destination touch VisitKey { scene: 3, area: (1216, 1408), event_id: 48, trigger_script: 60, trigger_mode: 4, state: 1 }
learned exit AreaKey { scene: 3, anchor: (1152, 1344) } event=48 -> AreaKey { scene: 3, anchor: (1216, 1408) }
area teleport in scene 3 at frame 2723: (1168, 1368) -> (1248, 1456)
continuing target event=71 across area (1216, 1408) path=2
learned targeted exit AreaKey { scene: 3, anchor: (1216, 1408) } event=71 -> AreaKey { scene: 3, anchor: (1152, 1344) }
marked destination touch VisitKey { scene: 3, area: (1152, 1344), event_id: 47, trigger_script: 33, trigger_mode: 4, state: 1 }
learned exit AreaKey { scene: 3, anchor: (1216, 1408) } event=47 -> AreaKey { scene: 3, anchor: (1152, 1344) }
area teleport in scene 3 at frame 2736: (1248, 1456) -> (1168, 1368)
target scene=3 area=(1152, 1344) event=71 script=8146 mode=1 state=1 player=(1168, 1368) pos=(1296, 1448) path=61
marked destination touch VisitKey { scene: 3, area: (1216, 1408), event_id: 48, trigger_script: 60, trigger_mode: 4, state: 1 }
learned exit AreaKey { scene: 3, anchor: (1152, 1344) } event=48 -> AreaKey { scene: 3, anchor: (1216, 1408) }
area teleport in scene 3 at frame 2753: (1168, 1368) -> (1248, 1456)
continuing target event=71 across area (1216, 1408) path=2
learned targeted exit AreaKey { scene: 3, anchor: (1216, 1408) } event=71 -> AreaKey { scene: 3, anchor: (1152, 1344) }
marked destination touch VisitKey { scene: 3, area: (1152, 1344), event_id: 47, trigger_script: 33, trigger_mode: 4, state: 1 }
learned exit AreaKey { scene: 3, anchor: (1216, 1408) } event=47 -> AreaKey { scene: 3, anchor: (1152, 1344) }
area teleport in scene 3 at frame 2766: (1248, 1456) -> (1168, 1368)
target scene=3 area=(1152, 1344) event=71 script=8146 mode=1 state=1 player=(1168, 1368) pos=(1296, 1448) path=61
marked destination touch VisitKey { scene: 3, area: (1216, 1408), event_id: 48, trigger_script: 60, trigger_mode: 4, state: 1 }
learned exit AreaKey { scene: 3, anchor: (1152, 1344) } event=48 -> AreaKey { scene: 3, anchor: (1216, 1408) }
area teleport in scene 3 at frame 2783: (1168, 1368) -> (1248, 1456)
continuing target event=71 across area (1216, 1408) path=2
learned targeted exit AreaKey { scene: 3, anchor: (1216, 1408) } event=71 -> AreaKey { scene: 3, anchor: (1152, 1344) }
marked destination touch VisitKey { scene: 3, area: (1152, 1344), event_id: 47, trigger_script: 33, trigger_mode: 4, state: 1 }
learned exit AreaKey { scene: 3, anchor: (1216, 1408) } event=47 -> AreaKey { scene: 3, anchor: (1152, 1344) }
area teleport in scene 3 at frame 2796: (1248, 1456) -> (1168, 1368)
target scene=3 area=(1152, 1344) event=71 script=8146 mode=1 state=1 player=(1168, 1368) pos=(1296, 1448) path=61
marked destination touch VisitKey { scene: 3, area: (1216, 1408), event_id: 48, trigger_script: 60, trigger_mode: 4, state: 1 }
learned exit AreaKey { scene: 3, anchor: (1152, 1344) } event=48 -> AreaKey { scene: 3, anchor: (1216, 1408) }
area teleport in scene 3 at frame 2813: (1168, 1368) -> (1248, 1456)
continuing target event=71 across area (1216, 1408) path=2
learned targeted exit AreaKey { scene: 3, anchor: (1216, 1408) } event=71 -> AreaKey { scene: 3, anchor: (1152, 1344) }
marked destination touch VisitKey { scene: 3, area: (1152, 1344), event_id: 47, trigger_script: 33, trigger_mode: 4, state: 1 }
learned exit AreaKey { scene: 3, anchor: (1216, 1408) } event=47 -> AreaKey { scene: 3, anchor: (1152, 1344) }
area teleport in scene 3 at frame 2826: (1248, 1456) -> (1168, 1368)
target scene=3 area=(1152, 1344) event=71 script=8146 mode=1 state=1 player=(1168, 1368) pos=(1296, 1448) path=61
marked destination touch VisitKey { scene: 3, area: (1216, 1408), event_id: 48, trigger_script: 60, trigger_mode: 4, state: 1 }
learned exit AreaKey { scene: 3, anchor: (1152, 1344) } event=48 -> AreaKey { scene: 3, anchor: (1216, 1408) }
area teleport in scene 3 at frame 2843: (1168, 1368) -> (1248, 1456)
continuing target event=71 across area (1216, 1408) path=2
learned targeted exit AreaKey { scene: 3, anchor: (1216, 1408) } event=71 -> AreaKey { scene: 3, anchor: (1152, 1344) }
marked destination touch VisitKey { scene: 3, area: (1152, 1344), event_id: 47, trigger_script: 33, trigger_mode: 4, state: 1 }
learned exit AreaKey { scene: 3, anchor: (1216, 1408) } event=47 -> AreaKey { scene: 3, anchor: (1152, 1344) }
area teleport in scene 3 at frame 2856: (1248, 1456) -> (1168, 1368)
target scene=3 area=(1152, 1344) event=71 script=8146 mode=1 state=1 player=(1168, 1368) pos=(1296, 1448) path=61
marked destination touch VisitKey { scene: 3, area: (1216, 1408), event_id: 48, trigger_script: 60, trigger_mode: 4, state: 1 }
learned exit AreaKey { scene: 3, anchor: (1152, 1344) } event=48 -> AreaKey { scene: 3, anchor: (1216, 1408) }
area teleport in scene 3 at frame 2873: (1168, 1368) -> (1248, 1456)
continuing target event=71 across area (1216, 1408) path=2
learned targeted exit AreaKey { scene: 3, anchor: (1216, 1408) } event=71 -> AreaKey { scene: 3, anchor: (1152, 1344) }
marked destination touch VisitKey { scene: 3, area: (1152, 1344), event_id: 47, trigger_script: 33, trigger_mode: 4, state: 1 }
learned exit AreaKey { scene: 3, anchor: (1216, 1408) } event=47 -> AreaKey { scene: 3, anchor: (1152, 1344) }
area teleport in scene 3 at frame 2886: (1248, 1456) -> (1168, 1368)
target scene=3 area=(1152, 1344) event=71 script=8146 mode=1 state=1 player=(1168, 1368) pos=(1296, 1448) path=61
marked destination touch VisitKey { scene: 3, area: (1216, 1408), event_id: 48, trigger_script: 60, trigger_mode: 4, state: 1 }
learned exit AreaKey { scene: 3, anchor: (1152, 1344) } event=48 -> AreaKey { scene: 3, anchor: (1216, 1408) }
area teleport in scene 3 at frame 2903: (1168, 1368) -> (1248, 1456)
continuing target event=71 across area (1216, 1408) path=2
learned targeted exit AreaKey { scene: 3, anchor: (1216, 1408) } event=71 -> AreaKey { scene: 3, anchor: (1152, 1344) }
marked destination touch VisitKey { scene: 3, area: (1152, 1344), event_id: 47, trigger_script: 33, trigger_mode: 4, state: 1 }
learned exit AreaKey { scene: 3, anchor: (1216, 1408) } event=47 -> AreaKey { scene: 3, anchor: (1152, 1344) }
area teleport in scene 3 at frame 2916: (1248, 1456) -> (1168, 1368)
target scene=3 area=(1152, 1344) event=71 script=8146 mode=1 state=1 player=(1168, 1368) pos=(1296, 1448) path=61
marked destination touch VisitKey { scene: 3, area: (1216, 1408), event_id: 48, trigger_script: 60, trigger_mode: 4, state: 1 }
learned exit AreaKey { scene: 3, anchor: (1152, 1344) } event=48 -> AreaKey { scene: 3, anchor: (1216, 1408) }
area teleport in scene 3 at frame 2933: (1168, 1368) -> (1248, 1456)
continuing target event=71 across area (1216, 1408) path=2
learned targeted exit AreaKey { scene: 3, anchor: (1216, 1408) } event=71 -> AreaKey { scene: 3, anchor: (1152, 1344) }
marked destination touch VisitKey { scene: 3, area: (1152, 1344), event_id: 47, trigger_script: 33, trigger_mode: 4, state: 1 }
learned exit AreaKey { scene: 3, anchor: (1216, 1408) } event=47 -> AreaKey { scene: 3, anchor: (1152, 1344) }
area teleport in scene 3 at frame 2946: (1248, 1456) -> (1168, 1368)
target scene=3 area=(1152, 1344) event=71 script=8146 mode=1 state=1 player=(1168, 1368) pos=(1296, 1448) path=61
marked destination touch VisitKey { scene: 3, area: (1216, 1408), event_id: 48, trigger_script: 60, trigger_mode: 4, state: 1 }
learned exit AreaKey { scene: 3, anchor: (1152, 1344) } event=48 -> AreaKey { scene: 3, anchor: (1216, 1408) }
area teleport in scene 3 at frame 2963: (1168, 1368) -> (1248, 1456)
continuing target event=71 across area (1216, 1408) path=2
learned targeted exit AreaKey { scene: 3, anchor: (1216, 1408) } event=71 -> AreaKey { scene: 3, anchor: (1152, 1344) }
marked destination touch VisitKey { scene: 3, area: (1152, 1344), event_id: 47, trigger_script: 33, trigger_mode: 4, state: 1 }
learned exit AreaKey { scene: 3, anchor: (1216, 1408) } event=47 -> AreaKey { scene: 3, anchor: (1152, 1344) }
area teleport in scene 3 at frame 2976: (1248, 1456) -> (1168, 1368)
target scene=3 area=(1152, 1344) event=71 script=8146 mode=1 state=1 player=(1168, 1368) pos=(1296, 1448) path=61
marked destination touch VisitKey { scene: 3, area: (1216, 1408), event_id: 48, trigger_script: 60, trigger_mode: 4, state: 1 }
learned exit AreaKey { scene: 3, anchor: (1152, 1344) } event=48 -> AreaKey { scene: 3, anchor: (1216, 1408) }
area teleport in scene 3 at frame 2993: (1168, 1368) -> (1248, 1456)
continuing target event=71 across area (1216, 1408) path=2
learned targeted exit AreaKey { scene: 3, anchor: (1216, 1408) } event=71 -> AreaKey { scene: 3, anchor: (1152, 1344) }
marked destination touch VisitKey { scene: 3, area: (1152, 1344), event_id: 47, trigger_script: 33, trigger_mode: 4, state: 1 }
learned exit AreaKey { scene: 3, anchor: (1216, 1408) } event=47 -> AreaKey { scene: 3, anchor: (1152, 1344) }
area teleport in scene 3 at frame 3006: (1248, 1456) -> (1168, 1368)
target scene=3 area=(1152, 1344) event=71 script=8146 mode=1 state=1 player=(1168, 1368) pos=(1296, 1448) path=61
marked destination touch VisitKey { scene: 3, area: (1216, 1408), event_id: 48, trigger_script: 60, trigger_mode: 4, state: 1 }
learned exit AreaKey { scene: 3, anchor: (1152, 1344) } event=48 -> AreaKey { scene: 3, anchor: (1216, 1408) }
area teleport in scene 3 at frame 3023: (1168, 1368) -> (1248, 1456)
continuing target event=71 across area (1216, 1408) path=2
learned targeted exit AreaKey { scene: 3, anchor: (1216, 1408) } event=71 -> AreaKey { scene: 3, anchor: (1152, 1344) }
marked destination touch VisitKey { scene: 3, area: (1152, 1344), event_id: 47, trigger_script: 33, trigger_mode: 4, state: 1 }
learned exit AreaKey { scene: 3, anchor: (1216, 1408) } event=47 -> AreaKey { scene: 3, anchor: (1152, 1344) }
area teleport in scene 3 at frame 3036: (1248, 1456) -> (1168, 1368)
target scene=3 area=(1152, 1344) event=71 script=8146 mode=1 state=1 player=(1168, 1368) pos=(1296, 1448) path=61
marked destination touch VisitKey { scene: 3, area: (1216, 1408), event_id: 48, trigger_script: 60, trigger_mode: 4, state: 1 }
learned exit AreaKey { scene: 3, anchor: (1152, 1344) } event=48 -> AreaKey { scene: 3, anchor: (1216, 1408) }
area teleport in scene 3 at frame 3053: (1168, 1368) -> (1248, 1456)
continuing target event=71 across area (1216, 1408) path=2
learned targeted exit AreaKey { scene: 3, anchor: (1216, 1408) } event=71 -> AreaKey { scene: 3, anchor: (1152, 1344) }
marked destination touch VisitKey { scene: 3, area: (1152, 1344), event_id: 47, trigger_script: 33, trigger_mode: 4, state: 1 }
learned exit AreaKey { scene: 3, anchor: (1216, 1408) } event=47 -> AreaKey { scene: 3, anchor: (1152, 1344) }
area teleport in scene 3 at frame 3066: (1248, 1456) -> (1168, 1368)
target scene=3 area=(1152, 1344) event=71 script=8146 mode=1 state=1 player=(1168, 1368) pos=(1296, 1448) path=61
marked destination touch VisitKey { scene: 3, area: (1216, 1408), event_id: 48, trigger_script: 60, trigger_mode: 4, state: 1 }
learned exit AreaKey { scene: 3, anchor: (1152, 1344) } event=48 -> AreaKey { scene: 3, anchor: (1216, 1408) }
area teleport in scene 3 at frame 3083: (1168, 1368) -> (1248, 1456)
continuing target event=71 across area (1216, 1408) path=2
learned targeted exit AreaKey { scene: 3, anchor: (1216, 1408) } event=71 -> AreaKey { scene: 3, anchor: (1152, 1344) }
marked destination touch VisitKey { scene: 3, area: (1152, 1344), event_id: 47, trigger_script: 33, trigger_mode: 4, state: 1 }
learned exit AreaKey { scene: 3, anchor: (1216, 1408) } event=47 -> AreaKey { scene: 3, anchor: (1152, 1344) }
area teleport in scene 3 at frame 3096: (1248, 1456) -> (1168, 1368)
target scene=3 area=(1152, 1344) event=71 script=8146 mode=1 state=1 player=(1168, 1368) pos=(1296, 1448) path=61
marked destination touch VisitKey { scene: 3, area: (1216, 1408), event_id: 48, trigger_script: 60, trigger_mode: 4, state: 1 }
learned exit AreaKey { scene: 3, anchor: (1152, 1344) } event=48 -> AreaKey { scene: 3, anchor: (1216, 1408) }
area teleport in scene 3 at frame 3113: (1168, 1368) -> (1248, 1456)
continuing target event=71 across area (1216, 1408) path=2
learned targeted exit AreaKey { scene: 3, anchor: (1216, 1408) } event=71 -> AreaKey { scene: 3, anchor: (1152, 1344) }
marked destination touch VisitKey { scene: 3, area: (1152, 1344), event_id: 47, trigger_script: 33, trigger_mode: 4, state: 1 }
learned exit AreaKey { scene: 3, anchor: (1216, 1408) } event=47 -> AreaKey { scene: 3, anchor: (1152, 1344) }
area teleport in scene 3 at frame 3126: (1248, 1456) -> (1168, 1368)
target scene=3 area=(1152, 1344) event=71 script=8146 mode=1 state=1 player=(1168, 1368) pos=(1296, 1448) path=61
marked destination touch VisitKey { scene: 3, area: (1216, 1408), event_id: 48, trigger_script: 60, trigger_mode: 4, state: 1 }
learned exit AreaKey { scene: 3, anchor: (1152, 1344) } event=48 -> AreaKey { scene: 3, anchor: (1216, 1408) }
area teleport in scene 3 at frame 3143: (1168, 1368) -> (1248, 1456)
continuing target event=71 across area (1216, 1408) path=2
learned targeted exit AreaKey { scene: 3, anchor: (1216, 1408) } event=71 -> AreaKey { scene: 3, anchor: (1152, 1344) }
marked destination touch VisitKey { scene: 3, area: (1152, 1344), event_id: 47, trigger_script: 33, trigger_mode: 4, state: 1 }
learned exit AreaKey { scene: 3, anchor: (1216, 1408) } event=47 -> AreaKey { scene: 3, anchor: (1152, 1344) }
area teleport in scene 3 at frame 3156: (1248, 1456) -> (1168, 1368)
target scene=3 area=(1152, 1344) event=71 script=8146 mode=1 state=1 player=(1168, 1368) pos=(1296, 1448) path=61
marked destination touch VisitKey { scene: 3, area: (1216, 1408), event_id: 48, trigger_script: 60, trigger_mode: 4, state: 1 }
learned exit AreaKey { scene: 3, anchor: (1152, 1344) } event=48 -> AreaKey { scene: 3, anchor: (1216, 1408) }
area teleport in scene 3 at frame 3173: (1168, 1368) -> (1248, 1456)
continuing target event=71 across area (1216, 1408) path=2
learned targeted exit AreaKey { scene: 3, anchor: (1216, 1408) } event=71 -> AreaKey { scene: 3, anchor: (1152, 1344) }
marked destination touch VisitKey { scene: 3, area: (1152, 1344), event_id: 47, trigger_script: 33, trigger_mode: 4, state: 1 }
learned exit AreaKey { scene: 3, anchor: (1216, 1408) } event=47 -> AreaKey { scene: 3, anchor: (1152, 1344) }
area teleport in scene 3 at frame 3186: (1248, 1456) -> (1168, 1368)
target scene=3 area=(1152, 1344) event=71 script=8146 mode=1 state=1 player=(1168, 1368) pos=(1296, 1448) path=61
marked destination touch VisitKey { scene: 3, area: (1216, 1408), event_id: 48, trigger_script: 60, trigger_mode: 4, state: 1 }
learned exit AreaKey { scene: 3, anchor: (1152, 1344) } event=48 -> AreaKey { scene: 3, anchor: (1216, 1408) }
area teleport in scene 3 at frame 3203: (1168, 1368) -> (1248, 1456)
continuing target event=71 across area (1216, 1408) path=2
learned targeted exit AreaKey { scene: 3, anchor: (1216, 1408) } event=71 -> AreaKey { scene: 3, anchor: (1152, 1344) }
marked destination touch VisitKey { scene: 3, area: (1152, 1344), event_id: 47, trigger_script: 33, trigger_mode: 4, state: 1 }
learned exit AreaKey { scene: 3, anchor: (1216, 1408) } event=47 -> AreaKey { scene: 3, anchor: (1152, 1344) }
area teleport in scene 3 at frame 3216: (1248, 1456) -> (1168, 1368)
target scene=3 area=(1152, 1344) event=71 script=8146 mode=1 state=1 player=(1168, 1368) pos=(1296, 1448) path=61
marked destination touch VisitKey { scene: 3, area: (1216, 1408), event_id: 48, trigger_script: 60, trigger_mode: 4, state: 1 }
learned exit AreaKey { scene: 3, anchor: (1152, 1344) } event=48 -> AreaKey { scene: 3, anchor: (1216, 1408) }
area teleport in scene 3 at frame 3233: (1168, 1368) -> (1248, 1456)
continuing target event=71 across area (1216, 1408) path=2
learned targeted exit AreaKey { scene: 3, anchor: (1216, 1408) } event=71 -> AreaKey { scene: 3, anchor: (1152, 1344) }
marked destination touch VisitKey { scene: 3, area: (1152, 1344), event_id: 47, trigger_script: 33, trigger_mode: 4, state: 1 }
learned exit AreaKey { scene: 3, anchor: (1216, 1408) } event=47 -> AreaKey { scene: 3, anchor: (1152, 1344) }
area teleport in scene 3 at frame 3246: (1248, 1456) -> (1168, 1368)
target scene=3 area=(1152, 1344) event=71 script=8146 mode=1 state=1 player=(1168, 1368) pos=(1296, 1448) path=61
marked destination touch VisitKey { scene: 3, area: (1216, 1408), event_id: 48, trigger_script: 60, trigger_mode: 4, state: 1 }
learned exit AreaKey { scene: 3, anchor: (1152, 1344) } event=48 -> AreaKey { scene: 3, anchor: (1216, 1408) }
area teleport in scene 3 at frame 3263: (1168, 1368) -> (1248, 1456)
continuing target event=71 across area (1216, 1408) path=2
learned targeted exit AreaKey { scene: 3, anchor: (1216, 1408) } event=71 -> AreaKey { scene: 3, anchor: (1152, 1344) }
marked destination touch VisitKey { scene: 3, area: (1152, 1344), event_id: 47, trigger_script: 33, trigger_mode: 4, state: 1 }
learned exit AreaKey { scene: 3, anchor: (1216, 1408) } event=47 -> AreaKey { scene: 3, anchor: (1152, 1344) }
area teleport in scene 3 at frame 3276: (1248, 1456) -> (1168, 1368)
target scene=3 area=(1152, 1344) event=71 script=8146 mode=1 state=1 player=(1168, 1368) pos=(1296, 1448) path=61
marked destination touch VisitKey { scene: 3, area: (1216, 1408), event_id: 48, trigger_script: 60, trigger_mode: 4, state: 1 }
learned exit AreaKey { scene: 3, anchor: (1152, 1344) } event=48 -> AreaKey { scene: 3, anchor: (1216, 1408) }
area teleport in scene 3 at frame 3293: (1168, 1368) -> (1248, 1456)
continuing target event=71 across area (1216, 1408) path=2
learned targeted exit AreaKey { scene: 3, anchor: (1216, 1408) } event=71 -> AreaKey { scene: 3, anchor: (1152, 1344) }
marked destination touch VisitKey { scene: 3, area: (1152, 1344), event_id: 47, trigger_script: 33, trigger_mode: 4, state: 1 }
learned exit AreaKey { scene: 3, anchor: (1216, 1408) } event=47 -> AreaKey { scene: 3, anchor: (1152, 1344) }
area teleport in scene 3 at frame 3306: (1248, 1456) -> (1168, 1368)
target scene=3 area=(1152, 1344) event=71 script=8146 mode=1 state=1 player=(1168, 1368) pos=(1296, 1448) path=61
marked destination touch VisitKey { scene: 3, area: (1216, 1408), event_id: 48, trigger_script: 60, trigger_mode: 4, state: 1 }
learned exit AreaKey { scene: 3, anchor: (1152, 1344) } event=48 -> AreaKey { scene: 3, anchor: (1216, 1408) }
area teleport in scene 3 at frame 3323: (1168, 1368) -> (1248, 1456)
continuing target event=71 across area (1216, 1408) path=2
learned targeted exit AreaKey { scene: 3, anchor: (1216, 1408) } event=71 -> AreaKey { scene: 3, anchor: (1152, 1344) }
marked destination touch VisitKey { scene: 3, area: (1152, 1344), event_id: 47, trigger_script: 33, trigger_mode: 4, state: 1 }
learned exit AreaKey { scene: 3, anchor: (1216, 1408) } event=47 -> AreaKey { scene: 3, anchor: (1152, 1344) }
area teleport in scene 3 at frame 3336: (1248, 1456) -> (1168, 1368)
target scene=3 area=(1152, 1344) event=71 script=8146 mode=1 state=1 player=(1168, 1368) pos=(1296, 1448) path=61
marked destination touch VisitKey { scene: 3, area: (1216, 1408), event_id: 48, trigger_script: 60, trigger_mode: 4, state: 1 }
learned exit AreaKey { scene: 3, anchor: (1152, 1344) } event=48 -> AreaKey { scene: 3, anchor: (1216, 1408) }
area teleport in scene 3 at frame 3353: (1168, 1368) -> (1248, 1456)
continuing target event=71 across area (1216, 1408) path=2
learned targeted exit AreaKey { scene: 3, anchor: (1216, 1408) } event=71 -> AreaKey { scene: 3, anchor: (1152, 1344) }
marked destination touch VisitKey { scene: 3, area: (1152, 1344), event_id: 47, trigger_script: 33, trigger_mode: 4, state: 1 }
learned exit AreaKey { scene: 3, anchor: (1216, 1408) } event=47 -> AreaKey { scene: 3, anchor: (1152, 1344) }
area teleport in scene 3 at frame 3366: (1248, 1456) -> (1168, 1368)
target scene=3 area=(1152, 1344) event=71 script=8146 mode=1 state=1 player=(1168, 1368) pos=(1296, 1448) path=61
marked destination touch VisitKey { scene: 3, area: (1216, 1408), event_id: 48, trigger_script: 60, trigger_mode: 4, state: 1 }
learned exit AreaKey { scene: 3, anchor: (1152, 1344) } event=48 -> AreaKey { scene: 3, anchor: (1216, 1408) }
area teleport in scene 3 at frame 3383: (1168, 1368) -> (1248, 1456)
continuing target event=71 across area (1216, 1408) path=2
learned targeted exit AreaKey { scene: 3, anchor: (1216, 1408) } event=71 -> AreaKey { scene: 3, anchor: (1152, 1344) }
marked destination touch VisitKey { scene: 3, area: (1152, 1344), event_id: 47, trigger_script: 33, trigger_mode: 4, state: 1 }
learned exit AreaKey { scene: 3, anchor: (1216, 1408) } event=47 -> AreaKey { scene: 3, anchor: (1152, 1344) }
area teleport in scene 3 at frame 3396: (1248, 1456) -> (1168, 1368)
target scene=3 area=(1152, 1344) event=71 script=8146 mode=1 state=1 player=(1168, 1368) pos=(1296, 1448) path=61
marked destination touch VisitKey { scene: 3, area: (1216, 1408), event_id: 48, trigger_script: 60, trigger_mode: 4, state: 1 }
learned exit AreaKey { scene: 3, anchor: (1152, 1344) } event=48 -> AreaKey { scene: 3, anchor: (1216, 1408) }
area teleport in scene 3 at frame 3413: (1168, 1368) -> (1248, 1456)
continuing target event=71 across area (1216, 1408) path=2
learned targeted exit AreaKey { scene: 3, anchor: (1216, 1408) } event=71 -> AreaKey { scene: 3, anchor: (1152, 1344) }
marked destination touch VisitKey { scene: 3, area: (1152, 1344), event_id: 47, trigger_script: 33, trigger_mode: 4, state: 1 }
learned exit AreaKey { scene: 3, anchor: (1216, 1408) } event=47 -> AreaKey { scene: 3, anchor: (1152, 1344) }
area teleport in scene 3 at frame 3426: (1248, 1456) -> (1168, 1368)
target scene=3 area=(1152, 1344) event=71 script=8146 mode=1 state=1 player=(1168, 1368) pos=(1296, 1448) path=61
marked destination touch VisitKey { scene: 3, area: (1216, 1408), event_id: 48, trigger_script: 60, trigger_mode: 4, state: 1 }
learned exit AreaKey { scene: 3, anchor: (1152, 1344) } event=48 -> AreaKey { scene: 3, anchor: (1216, 1408) }
area teleport in scene 3 at frame 3443: (1168, 1368) -> (1248, 1456)
continuing target event=71 across area (1216, 1408) path=2
learned targeted exit AreaKey { scene: 3, anchor: (1216, 1408) } event=71 -> AreaKey { scene: 3, anchor: (1152, 1344) }
marked destination touch VisitKey { scene: 3, area: (1152, 1344), event_id: 47, trigger_script: 33, trigger_mode: 4, state: 1 }
learned exit AreaKey { scene: 3, anchor: (1216, 1408) } event=47 -> AreaKey { scene: 3, anchor: (1152, 1344) }
area teleport in scene 3 at frame 3456: (1248, 1456) -> (1168, 1368)
target scene=3 area=(1152, 1344) event=71 script=8146 mode=1 state=1 player=(1168, 1368) pos=(1296, 1448) path=61
marked destination touch VisitKey { scene: 3, area: (1216, 1408), event_id: 48, trigger_script: 60, trigger_mode: 4, state: 1 }
learned exit AreaKey { scene: 3, anchor: (1152, 1344) } event=48 -> AreaKey { scene: 3, anchor: (1216, 1408) }
area teleport in scene 3 at frame 3473: (1168, 1368) -> (1248, 1456)
continuing target event=71 across area (1216, 1408) path=2
learned targeted exit AreaKey { scene: 3, anchor: (1216, 1408) } event=71 -> AreaKey { scene: 3, anchor: (1152, 1344) }
marked destination touch VisitKey { scene: 3, area: (1152, 1344), event_id: 47, trigger_script: 33, trigger_mode: 4, state: 1 }
learned exit AreaKey { scene: 3, anchor: (1216, 1408) } event=47 -> AreaKey { scene: 3, anchor: (1152, 1344) }
area teleport in scene 3 at frame 3486: (1248, 1456) -> (1168, 1368)
target scene=3 area=(1152, 1344) event=71 script=8146 mode=1 state=1 player=(1168, 1368) pos=(1296, 1448) path=61
marked destination touch VisitKey { scene: 3, area: (1216, 1408), event_id: 48, trigger_script: 60, trigger_mode: 4, state: 1 }
learned exit AreaKey { scene: 3, anchor: (1152, 1344) } event=48 -> AreaKey { scene: 3, anchor: (1216, 1408) }
area teleport in scene 3 at frame 3503: (1168, 1368) -> (1248, 1456)
continuing target event=71 across area (1216, 1408) path=2
learned targeted exit AreaKey { scene: 3, anchor: (1216, 1408) } event=71 -> AreaKey { scene: 3, anchor: (1152, 1344) }
marked destination touch VisitKey { scene: 3, area: (1152, 1344), event_id: 47, trigger_script: 33, trigger_mode: 4, state: 1 }
learned exit AreaKey { scene: 3, anchor: (1216, 1408) } event=47 -> AreaKey { scene: 3, anchor: (1152, 1344) }
area teleport in scene 3 at frame 3516: (1248, 1456) -> (1168, 1368)
target scene=3 area=(1152, 1344) event=71 script=8146 mode=1 state=1 player=(1168, 1368) pos=(1296, 1448) path=61
marked destination touch VisitKey { scene: 3, area: (1216, 1408), event_id: 48, trigger_script: 60, trigger_mode: 4, state: 1 }
learned exit AreaKey { scene: 3, anchor: (1152, 1344) } event=48 -> AreaKey { scene: 3, anchor: (1216, 1408) }
area teleport in scene 3 at frame 3533: (1168, 1368) -> (1248, 1456)
continuing target event=71 across area (1216, 1408) path=2
learned targeted exit AreaKey { scene: 3, anchor: (1216, 1408) } event=71 -> AreaKey { scene: 3, anchor: (1152, 1344) }
marked destination touch VisitKey { scene: 3, area: (1152, 1344), event_id: 47, trigger_script: 33, trigger_mode: 4, state: 1 }
learned exit AreaKey { scene: 3, anchor: (1216, 1408) } event=47 -> AreaKey { scene: 3, anchor: (1152, 1344) }
area teleport in scene 3 at frame 3546: (1248, 1456) -> (1168, 1368)
target scene=3 area=(1152, 1344) event=71 script=8146 mode=1 state=1 player=(1168, 1368) pos=(1296, 1448) path=61
marked destination touch VisitKey { scene: 3, area: (1216, 1408), event_id: 48, trigger_script: 60, trigger_mode: 4, state: 1 }
learned exit AreaKey { scene: 3, anchor: (1152, 1344) } event=48 -> AreaKey { scene: 3, anchor: (1216, 1408) }
area teleport in scene 3 at frame 3563: (1168, 1368) -> (1248, 1456)
continuing target event=71 across area (1216, 1408) path=2
learned targeted exit AreaKey { scene: 3, anchor: (1216, 1408) } event=71 -> AreaKey { scene: 3, anchor: (1152, 1344) }
marked destination touch VisitKey { scene: 3, area: (1152, 1344), event_id: 47, trigger_script: 33, trigger_mode: 4, state: 1 }
learned exit AreaKey { scene: 3, anchor: (1216, 1408) } event=47 -> AreaKey { scene: 3, anchor: (1152, 1344) }
area teleport in scene 3 at frame 3576: (1248, 1456) -> (1168, 1368)
target scene=3 area=(1152, 1344) event=71 script=8146 mode=1 state=1 player=(1168, 1368) pos=(1296, 1448) path=61
marked destination touch VisitKey { scene: 3, area: (1216, 1408), event_id: 48, trigger_script: 60, trigger_mode: 4, state: 1 }
learned exit AreaKey { scene: 3, anchor: (1152, 1344) } event=48 -> AreaKey { scene: 3, anchor: (1216, 1408) }
area teleport in scene 3 at frame 3593: (1168, 1368) -> (1248, 1456)
continuing target event=71 across area (1216, 1408) path=2
learned targeted exit AreaKey { scene: 3, anchor: (1216, 1408) } event=71 -> AreaKey { scene: 3, anchor: (1152, 1344) }
marked destination touch VisitKey { scene: 3, area: (1152, 1344), event_id: 47, trigger_script: 33, trigger_mode: 4, state: 1 }
learned exit AreaKey { scene: 3, anchor: (1216, 1408) } event=47 -> AreaKey { scene: 3, anchor: (1152, 1344) }
area teleport in scene 3 at frame 3606: (1248, 1456) -> (1168, 1368)
target scene=3 area=(1152, 1344) event=71 script=8146 mode=1 state=1 player=(1168, 1368) pos=(1296, 1448) path=61
marked destination touch VisitKey { scene: 3, area: (1216, 1408), event_id: 48, trigger_script: 60, trigger_mode: 4, state: 1 }
learned exit AreaKey { scene: 3, anchor: (1152, 1344) } event=48 -> AreaKey { scene: 3, anchor: (1216, 1408) }
area teleport in scene 3 at frame 3623: (1168, 1368) -> (1248, 1456)
continuing target event=71 across area (1216, 1408) path=2
learned targeted exit AreaKey { scene: 3, anchor: (1216, 1408) } event=71 -> AreaKey { scene: 3, anchor: (1152, 1344) }
marked destination touch VisitKey { scene: 3, area: (1152, 1344), event_id: 47, trigger_script: 33, trigger_mode: 4, state: 1 }
learned exit AreaKey { scene: 3, anchor: (1216, 1408) } event=47 -> AreaKey { scene: 3, anchor: (1152, 1344) }
area teleport in scene 3 at frame 3636: (1248, 1456) -> (1168, 1368)
target scene=3 area=(1152, 1344) event=71 script=8146 mode=1 state=1 player=(1168, 1368) pos=(1296, 1448) path=61
marked destination touch VisitKey { scene: 3, area: (1216, 1408), event_id: 48, trigger_script: 60, trigger_mode: 4, state: 1 }
learned exit AreaKey { scene: 3, anchor: (1152, 1344) } event=48 -> AreaKey { scene: 3, anchor: (1216, 1408) }
area teleport in scene 3 at frame 3653: (1168, 1368) -> (1248, 1456)
continuing target event=71 across area (1216, 1408) path=2
learned targeted exit AreaKey { scene: 3, anchor: (1216, 1408) } event=71 -> AreaKey { scene: 3, anchor: (1152, 1344) }
marked destination touch VisitKey { scene: 3, area: (1152, 1344), event_id: 47, trigger_script: 33, trigger_mode: 4, state: 1 }
learned exit AreaKey { scene: 3, anchor: (1216, 1408) } event=47 -> AreaKey { scene: 3, anchor: (1152, 1344) }
area teleport in scene 3 at frame 3666: (1248, 1456) -> (1168, 1368)
target scene=3 area=(1152, 1344) event=71 script=8146 mode=1 state=1 player=(1168, 1368) pos=(1296, 1448) path=61
marked destination touch VisitKey { scene: 3, area: (1216, 1408), event_id: 48, trigger_script: 60, trigger_mode: 4, state: 1 }
learned exit AreaKey { scene: 3, anchor: (1152, 1344) } event=48 -> AreaKey { scene: 3, anchor: (1216, 1408) }
area teleport in scene 3 at frame 3683: (1168, 1368) -> (1248, 1456)
continuing target event=71 across area (1216, 1408) path=2
learned targeted exit AreaKey { scene: 3, anchor: (1216, 1408) } event=71 -> AreaKey { scene: 3, anchor: (1152, 1344) }
marked destination touch VisitKey { scene: 3, area: (1152, 1344), event_id: 47, trigger_script: 33, trigger_mode: 4, state: 1 }
learned exit AreaKey { scene: 3, anchor: (1216, 1408) } event=47 -> AreaKey { scene: 3, anchor: (1152, 1344) }
area teleport in scene 3 at frame 3696: (1248, 1456) -> (1168, 1368)
target scene=3 area=(1152, 1344) event=71 script=8146 mode=1 state=1 player=(1168, 1368) pos=(1296, 1448) path=61
marked destination touch VisitKey { scene: 3, area: (1216, 1408), event_id: 48, trigger_script: 60, trigger_mode: 4, state: 1 }
learned exit AreaKey { scene: 3, anchor: (1152, 1344) } event=48 -> AreaKey { scene: 3, anchor: (1216, 1408) }
area teleport in scene 3 at frame 3713: (1168, 1368) -> (1248, 1456)
continuing target event=71 across area (1216, 1408) path=2
learned targeted exit AreaKey { scene: 3, anchor: (1216, 1408) } event=71 -> AreaKey { scene: 3, anchor: (1152, 1344) }
marked destination touch VisitKey { scene: 3, area: (1152, 1344), event_id: 47, trigger_script: 33, trigger_mode: 4, state: 1 }
learned exit AreaKey { scene: 3, anchor: (1216, 1408) } event=47 -> AreaKey { scene: 3, anchor: (1152, 1344) }
area teleport in scene 3 at frame 3726: (1248, 1456) -> (1168, 1368)
target scene=3 area=(1152, 1344) event=71 script=8146 mode=1 state=1 player=(1168, 1368) pos=(1296, 1448) path=61
marked destination touch VisitKey { scene: 3, area: (1216, 1408), event_id: 48, trigger_script: 60, trigger_mode: 4, state: 1 }
learned exit AreaKey { scene: 3, anchor: (1152, 1344) } event=48 -> AreaKey { scene: 3, anchor: (1216, 1408) }
area teleport in scene 3 at frame 3743: (1168, 1368) -> (1248, 1456)
continuing target event=71 across area (1216, 1408) path=2
learned targeted exit AreaKey { scene: 3, anchor: (1216, 1408) } event=71 -> AreaKey { scene: 3, anchor: (1152, 1344) }
marked destination touch VisitKey { scene: 3, area: (1152, 1344), event_id: 47, trigger_script: 33, trigger_mode: 4, state: 1 }
learned exit AreaKey { scene: 3, anchor: (1216, 1408) } event=47 -> AreaKey { scene: 3, anchor: (1152, 1344) }
area teleport in scene 3 at frame 3756: (1248, 1456) -> (1168, 1368)
target scene=3 area=(1152, 1344) event=71 script=8146 mode=1 state=1 player=(1168, 1368) pos=(1296, 1448) path=61
marked destination touch VisitKey { scene: 3, area: (1216, 1408), event_id: 48, trigger_script: 60, trigger_mode: 4, state: 1 }
learned exit AreaKey { scene: 3, anchor: (1152, 1344) } event=48 -> AreaKey { scene: 3, anchor: (1216, 1408) }
area teleport in scene 3 at frame 3773: (1168, 1368) -> (1248, 1456)
continuing target event=71 across area (1216, 1408) path=2
learned targeted exit AreaKey { scene: 3, anchor: (1216, 1408) } event=71 -> AreaKey { scene: 3, anchor: (1152, 1344) }
marked destination touch VisitKey { scene: 3, area: (1152, 1344), event_id: 47, trigger_script: 33, trigger_mode: 4, state: 1 }
learned exit AreaKey { scene: 3, anchor: (1216, 1408) } event=47 -> AreaKey { scene: 3, anchor: (1152, 1344) }
area teleport in scene 3 at frame 3786: (1248, 1456) -> (1168, 1368)
target scene=3 area=(1152, 1344) event=71 script=8146 mode=1 state=1 player=(1168, 1368) pos=(1296, 1448) path=61
marked destination touch VisitKey { scene: 3, area: (1216, 1408), event_id: 48, trigger_script: 60, trigger_mode: 4, state: 1 }
learned exit AreaKey { scene: 3, anchor: (1152, 1344) } event=48 -> AreaKey { scene: 3, anchor: (1216, 1408) }
area teleport in scene 3 at frame 3803: (1168, 1368) -> (1248, 1456)
continuing target event=71 across area (1216, 1408) path=2
learned targeted exit AreaKey { scene: 3, anchor: (1216, 1408) } event=71 -> AreaKey { scene: 3, anchor: (1152, 1344) }
marked destination touch VisitKey { scene: 3, area: (1152, 1344), event_id: 47, trigger_script: 33, trigger_mode: 4, state: 1 }
learned exit AreaKey { scene: 3, anchor: (1216, 1408) } event=47 -> AreaKey { scene: 3, anchor: (1152, 1344) }
area teleport in scene 3 at frame 3816: (1248, 1456) -> (1168, 1368)
target scene=3 area=(1152, 1344) event=71 script=8146 mode=1 state=1 player=(1168, 1368) pos=(1296, 1448) path=61
marked destination touch VisitKey { scene: 3, area: (1216, 1408), event_id: 48, trigger_script: 60, trigger_mode: 4, state: 1 }
learned exit AreaKey { scene: 3, anchor: (1152, 1344) } event=48 -> AreaKey { scene: 3, anchor: (1216, 1408) }
area teleport in scene 3 at frame 3833: (1168, 1368) -> (1248, 1456)
continuing target event=71 across area (1216, 1408) path=2
learned targeted exit AreaKey { scene: 3, anchor: (1216, 1408) } event=71 -> AreaKey { scene: 3, anchor: (1152, 1344) }
marked destination touch VisitKey { scene: 3, area: (1152, 1344), event_id: 47, trigger_script: 33, trigger_mode: 4, state: 1 }
learned exit AreaKey { scene: 3, anchor: (1216, 1408) } event=47 -> AreaKey { scene: 3, anchor: (1152, 1344) }
area teleport in scene 3 at frame 3846: (1248, 1456) -> (1168, 1368)
target scene=3 area=(1152, 1344) event=71 script=8146 mode=1 state=1 player=(1168, 1368) pos=(1296, 1448) path=61
marked destination touch VisitKey { scene: 3, area: (1216, 1408), event_id: 48, trigger_script: 60, trigger_mode: 4, state: 1 }
learned exit AreaKey { scene: 3, anchor: (1152, 1344) } event=48 -> AreaKey { scene: 3, anchor: (1216, 1408) }
area teleport in scene 3 at frame 3863: (1168, 1368) -> (1248, 1456)
continuing target event=71 across area (1216, 1408) path=2
learned targeted exit AreaKey { scene: 3, anchor: (1216, 1408) } event=71 -> AreaKey { scene: 3, anchor: (1152, 1344) }
marked destination touch VisitKey { scene: 3, area: (1152, 1344), event_id: 47, trigger_script: 33, trigger_mode: 4, state: 1 }
learned exit AreaKey { scene: 3, anchor: (1216, 1408) } event=47 -> AreaKey { scene: 3, anchor: (1152, 1344) }
area teleport in scene 3 at frame 3876: (1248, 1456) -> (1168, 1368)
target scene=3 area=(1152, 1344) event=71 script=8146 mode=1 state=1 player=(1168, 1368) pos=(1296, 1448) path=61
marked destination touch VisitKey { scene: 3, area: (1216, 1408), event_id: 48, trigger_script: 60, trigger_mode: 4, state: 1 }
learned exit AreaKey { scene: 3, anchor: (1152, 1344) } event=48 -> AreaKey { scene: 3, anchor: (1216, 1408) }
area teleport in scene 3 at frame 3893: (1168, 1368) -> (1248, 1456)
continuing target event=71 across area (1216, 1408) path=2
learned targeted exit AreaKey { scene: 3, anchor: (1216, 1408) } event=71 -> AreaKey { scene: 3, anchor: (1152, 1344) }
marked destination touch VisitKey { scene: 3, area: (1152, 1344), event_id: 47, trigger_script: 33, trigger_mode: 4, state: 1 }
learned exit AreaKey { scene: 3, anchor: (1216, 1408) } event=47 -> AreaKey { scene: 3, anchor: (1152, 1344) }
area teleport in scene 3 at frame 3906: (1248, 1456) -> (1168, 1368)
target scene=3 area=(1152, 1344) event=71 script=8146 mode=1 state=1 player=(1168, 1368) pos=(1296, 1448) path=61
marked destination touch VisitKey { scene: 3, area: (1216, 1408), event_id: 48, trigger_script: 60, trigger_mode: 4, state: 1 }
learned exit AreaKey { scene: 3, anchor: (1152, 1344) } event=48 -> AreaKey { scene: 3, anchor: (1216, 1408) }
area teleport in scene 3 at frame 3923: (1168, 1368) -> (1248, 1456)
continuing target event=71 across area (1216, 1408) path=2
learned targeted exit AreaKey { scene: 3, anchor: (1216, 1408) } event=71 -> AreaKey { scene: 3, anchor: (1152, 1344) }
marked destination touch VisitKey { scene: 3, area: (1152, 1344), event_id: 47, trigger_script: 33, trigger_mode: 4, state: 1 }
learned exit AreaKey { scene: 3, anchor: (1216, 1408) } event=47 -> AreaKey { scene: 3, anchor: (1152, 1344) }
area teleport in scene 3 at frame 3936: (1248, 1456) -> (1168, 1368)
target scene=3 area=(1152, 1344) event=71 script=8146 mode=1 state=1 player=(1168, 1368) pos=(1296, 1448) path=61
marked destination touch VisitKey { scene: 3, area: (1216, 1408), event_id: 48, trigger_script: 60, trigger_mode: 4, state: 1 }
learned exit AreaKey { scene: 3, anchor: (1152, 1344) } event=48 -> AreaKey { scene: 3, anchor: (1216, 1408) }
area teleport in scene 3 at frame 3953: (1168, 1368) -> (1248, 1456)
continuing target event=71 across area (1216, 1408) path=2
learned targeted exit AreaKey { scene: 3, anchor: (1216, 1408) } event=71 -> AreaKey { scene: 3, anchor: (1152, 1344) }
marked destination touch VisitKey { scene: 3, area: (1152, 1344), event_id: 47, trigger_script: 33, trigger_mode: 4, state: 1 }
learned exit AreaKey { scene: 3, anchor: (1216, 1408) } event=47 -> AreaKey { scene: 3, anchor: (1152, 1344) }
area teleport in scene 3 at frame 3966: (1248, 1456) -> (1168, 1368)
target scene=3 area=(1152, 1344) event=71 script=8146 mode=1 state=1 player=(1168, 1368) pos=(1296, 1448) path=61
marked destination touch VisitKey { scene: 3, area: (1216, 1408), event_id: 48, trigger_script: 60, trigger_mode: 4, state: 1 }
learned exit AreaKey { scene: 3, anchor: (1152, 1344) } event=48 -> AreaKey { scene: 3, anchor: (1216, 1408) }
area teleport in scene 3 at frame 3983: (1168, 1368) -> (1248, 1456)
continuing target event=71 across area (1216, 1408) path=2
learned targeted exit AreaKey { scene: 3, anchor: (1216, 1408) } event=71 -> AreaKey { scene: 3, anchor: (1152, 1344) }
marked destination touch VisitKey { scene: 3, area: (1152, 1344), event_id: 47, trigger_script: 33, trigger_mode: 4, state: 1 }
learned exit AreaKey { scene: 3, anchor: (1216, 1408) } event=47 -> AreaKey { scene: 3, anchor: (1152, 1344) }
area teleport in scene 3 at frame 3996: (1248, 1456) -> (1168, 1368)
target scene=3 area=(1152, 1344) event=71 script=8146 mode=1 state=1 player=(1168, 1368) pos=(1296, 1448) path=61
marked destination touch VisitKey { scene: 3, area: (1216, 1408), event_id: 48, trigger_script: 60, trigger_mode: 4, state: 1 }
learned exit AreaKey { scene: 3, anchor: (1152, 1344) } event=48 -> AreaKey { scene: 3, anchor: (1216, 1408) }
area teleport in scene 3 at frame 4013: (1168, 1368) -> (1248, 1456)
continuing target event=71 across area (1216, 1408) path=2
learned targeted exit AreaKey { scene: 3, anchor: (1216, 1408) } event=71 -> AreaKey { scene: 3, anchor: (1152, 1344) }
marked destination touch VisitKey { scene: 3, area: (1152, 1344), event_id: 47, trigger_script: 33, trigger_mode: 4, state: 1 }
learned exit AreaKey { scene: 3, anchor: (1216, 1408) } event=47 -> AreaKey { scene: 3, anchor: (1152, 1344) }
area teleport in scene 3 at frame 4026: (1248, 1456) -> (1168, 1368)
target scene=3 area=(1152, 1344) event=71 script=8146 mode=1 state=1 player=(1168, 1368) pos=(1296, 1448) path=61
marked destination touch VisitKey { scene: 3, area: (1216, 1408), event_id: 48, trigger_script: 60, trigger_mode: 4, state: 1 }
learned exit AreaKey { scene: 3, anchor: (1152, 1344) } event=48 -> AreaKey { scene: 3, anchor: (1216, 1408) }
area teleport in scene 3 at frame 4043: (1168, 1368) -> (1248, 1456)
continuing target event=71 across area (1216, 1408) path=2
learned targeted exit AreaKey { scene: 3, anchor: (1216, 1408) } event=71 -> AreaKey { scene: 3, anchor: (1152, 1344) }
marked destination touch VisitKey { scene: 3, area: (1152, 1344), event_id: 47, trigger_script: 33, trigger_mode: 4, state: 1 }
learned exit AreaKey { scene: 3, anchor: (1216, 1408) } event=47 -> AreaKey { scene: 3, anchor: (1152, 1344) }
area teleport in scene 3 at frame 4056: (1248, 1456) -> (1168, 1368)
target scene=3 area=(1152, 1344) event=71 script=8146 mode=1 state=1 player=(1168, 1368) pos=(1296, 1448) path=61
marked destination touch VisitKey { scene: 3, area: (1216, 1408), event_id: 48, trigger_script: 60, trigger_mode: 4, state: 1 }
learned exit AreaKey { scene: 3, anchor: (1152, 1344) } event=48 -> AreaKey { scene: 3, anchor: (1216, 1408) }
area teleport in scene 3 at frame 4073: (1168, 1368) -> (1248, 1456)
continuing target event=71 across area (1216, 1408) path=2
learned targeted exit AreaKey { scene: 3, anchor: (1216, 1408) } event=71 -> AreaKey { scene: 3, anchor: (1152, 1344) }
marked destination touch VisitKey { scene: 3, area: (1152, 1344), event_id: 47, trigger_script: 33, trigger_mode: 4, state: 1 }
learned exit AreaKey { scene: 3, anchor: (1216, 1408) } event=47 -> AreaKey { scene: 3, anchor: (1152, 1344) }
area teleport in scene 3 at frame 4086: (1248, 1456) -> (1168, 1368)
target scene=3 area=(1152, 1344) event=71 script=8146 mode=1 state=1 player=(1168, 1368) pos=(1296, 1448) path=61
marked destination touch VisitKey { scene: 3, area: (1216, 1408), event_id: 48, trigger_script: 60, trigger_mode: 4, state: 1 }
learned exit AreaKey { scene: 3, anchor: (1152, 1344) } event=48 -> AreaKey { scene: 3, anchor: (1216, 1408) }
area teleport in scene 3 at frame 4103: (1168, 1368) -> (1248, 1456)
continuing target event=71 across area (1216, 1408) path=2
learned targeted exit AreaKey { scene: 3, anchor: (1216, 1408) } event=71 -> AreaKey { scene: 3, anchor: (1152, 1344) }
marked destination touch VisitKey { scene: 3, area: (1152, 1344), event_id: 47, trigger_script: 33, trigger_mode: 4, state: 1 }
learned exit AreaKey { scene: 3, anchor: (1216, 1408) } event=47 -> AreaKey { scene: 3, anchor: (1152, 1344) }
area teleport in scene 3 at frame 4116: (1248, 1456) -> (1168, 1368)
target scene=3 area=(1152, 1344) event=71 script=8146 mode=1 state=1 player=(1168, 1368) pos=(1296, 1448) path=61
marked destination touch VisitKey { scene: 3, area: (1216, 1408), event_id: 48, trigger_script: 60, trigger_mode: 4, state: 1 }
learned exit AreaKey { scene: 3, anchor: (1152, 1344) } event=48 -> AreaKey { scene: 3, anchor: (1216, 1408) }
area teleport in scene 3 at frame 4133: (1168, 1368) -> (1248, 1456)
continuing target event=71 across area (1216, 1408) path=2
learned targeted exit AreaKey { scene: 3, anchor: (1216, 1408) } event=71 -> AreaKey { scene: 3, anchor: (1152, 1344) }
marked destination touch VisitKey { scene: 3, area: (1152, 1344), event_id: 47, trigger_script: 33, trigger_mode: 4, state: 1 }
learned exit AreaKey { scene: 3, anchor: (1216, 1408) } event=47 -> AreaKey { scene: 3, anchor: (1152, 1344) }
area teleport in scene 3 at frame 4146: (1248, 1456) -> (1168, 1368)
target scene=3 area=(1152, 1344) event=71 script=8146 mode=1 state=1 player=(1168, 1368) pos=(1296, 1448) path=61
marked destination touch VisitKey { scene: 3, area: (1216, 1408), event_id: 48, trigger_script: 60, trigger_mode: 4, state: 1 }
learned exit AreaKey { scene: 3, anchor: (1152, 1344) } event=48 -> AreaKey { scene: 3, anchor: (1216, 1408) }
area teleport in scene 3 at frame 4163: (1168, 1368) -> (1248, 1456)
continuing target event=71 across area (1216, 1408) path=2
learned targeted exit AreaKey { scene: 3, anchor: (1216, 1408) } event=71 -> AreaKey { scene: 3, anchor: (1152, 1344) }
marked destination touch VisitKey { scene: 3, area: (1152, 1344), event_id: 47, trigger_script: 33, trigger_mode: 4, state: 1 }
learned exit AreaKey { scene: 3, anchor: (1216, 1408) } event=47 -> AreaKey { scene: 3, anchor: (1152, 1344) }
area teleport in scene 3 at frame 4176: (1248, 1456) -> (1168, 1368)
target scene=3 area=(1152, 1344) event=71 script=8146 mode=1 state=1 player=(1168, 1368) pos=(1296, 1448) path=61
marked destination touch VisitKey { scene: 3, area: (1216, 1408), event_id: 48, trigger_script: 60, trigger_mode: 4, state: 1 }
learned exit AreaKey { scene: 3, anchor: (1152, 1344) } event=48 -> AreaKey { scene: 3, anchor: (1216, 1408) }
area teleport in scene 3 at frame 4193: (1168, 1368) -> (1248, 1456)
continuing target event=71 across area (1216, 1408) path=2
learned targeted exit AreaKey { scene: 3, anchor: (1216, 1408) } event=71 -> AreaKey { scene: 3, anchor: (1152, 1344) }
marked destination touch VisitKey { scene: 3, area: (1152, 1344), event_id: 47, trigger_script: 33, trigger_mode: 4, state: 1 }
learned exit AreaKey { scene: 3, anchor: (1216, 1408) } event=47 -> AreaKey { scene: 3, anchor: (1152, 1344) }
area teleport in scene 3 at frame 4206: (1248, 1456) -> (1168, 1368)
target scene=3 area=(1152, 1344) event=71 script=8146 mode=1 state=1 player=(1168, 1368) pos=(1296, 1448) path=61
marked destination touch VisitKey { scene: 3, area: (1216, 1408), event_id: 48, trigger_script: 60, trigger_mode: 4, state: 1 }
learned exit AreaKey { scene: 3, anchor: (1152, 1344) } event=48 -> AreaKey { scene: 3, anchor: (1216, 1408) }
area teleport in scene 3 at frame 4223: (1168, 1368) -> (1248, 1456)
continuing target event=71 across area (1216, 1408) path=2
learned targeted exit AreaKey { scene: 3, anchor: (1216, 1408) } event=71 -> AreaKey { scene: 3, anchor: (1152, 1344) }
marked destination touch VisitKey { scene: 3, area: (1152, 1344), event_id: 47, trigger_script: 33, trigger_mode: 4, state: 1 }
learned exit AreaKey { scene: 3, anchor: (1216, 1408) } event=47 -> AreaKey { scene: 3, anchor: (1152, 1344) }
area teleport in scene 3 at frame 4236: (1248, 1456) -> (1168, 1368)
target scene=3 area=(1152, 1344) event=71 script=8146 mode=1 state=1 player=(1168, 1368) pos=(1296, 1448) path=61
marked destination touch VisitKey { scene: 3, area: (1216, 1408), event_id: 48, trigger_script: 60, trigger_mode: 4, state: 1 }
learned exit AreaKey { scene: 3, anchor: (1152, 1344) } event=48 -> AreaKey { scene: 3, anchor: (1216, 1408) }
area teleport in scene 3 at frame 4253: (1168, 1368) -> (1248, 1456)
continuing target event=71 across area (1216, 1408) path=2
learned targeted exit AreaKey { scene: 3, anchor: (1216, 1408) } event=71 -> AreaKey { scene: 3, anchor: (1152, 1344) }
marked destination touch VisitKey { scene: 3, area: (1152, 1344), event_id: 47, trigger_script: 33, trigger_mode: 4, state: 1 }
learned exit AreaKey { scene: 3, anchor: (1216, 1408) } event=47 -> AreaKey { scene: 3, anchor: (1152, 1344) }
area teleport in scene 3 at frame 4266: (1248, 1456) -> (1168, 1368)
target scene=3 area=(1152, 1344) event=71 script=8146 mode=1 state=1 player=(1168, 1368) pos=(1296, 1448) path=61
marked destination touch VisitKey { scene: 3, area: (1216, 1408), event_id: 48, trigger_script: 60, trigger_mode: 4, state: 1 }
learned exit AreaKey { scene: 3, anchor: (1152, 1344) } event=48 -> AreaKey { scene: 3, anchor: (1216, 1408) }
area teleport in scene 3 at frame 4283: (1168, 1368) -> (1248, 1456)
continuing target event=71 across area (1216, 1408) path=2
learned targeted exit AreaKey { scene: 3, anchor: (1216, 1408) } event=71 -> AreaKey { scene: 3, anchor: (1152, 1344) }
marked destination touch VisitKey { scene: 3, area: (1152, 1344), event_id: 47, trigger_script: 33, trigger_mode: 4, state: 1 }
learned exit AreaKey { scene: 3, anchor: (1216, 1408) } event=47 -> AreaKey { scene: 3, anchor: (1152, 1344) }
area teleport in scene 3 at frame 4296: (1248, 1456) -> (1168, 1368)
target scene=3 area=(1152, 1344) event=71 script=8146 mode=1 state=1 player=(1168, 1368) pos=(1296, 1448) path=61
marked destination touch VisitKey { scene: 3, area: (1216, 1408), event_id: 48, trigger_script: 60, trigger_mode: 4, state: 1 }
learned exit AreaKey { scene: 3, anchor: (1152, 1344) } event=48 -> AreaKey { scene: 3, anchor: (1216, 1408) }
area teleport in scene 3 at frame 4313: (1168, 1368) -> (1248, 1456)
continuing target event=71 across area (1216, 1408) path=2
learned targeted exit AreaKey { scene: 3, anchor: (1216, 1408) } event=71 -> AreaKey { scene: 3, anchor: (1152, 1344) }
marked destination touch VisitKey { scene: 3, area: (1152, 1344), event_id: 47, trigger_script: 33, trigger_mode: 4, state: 1 }
learned exit AreaKey { scene: 3, anchor: (1216, 1408) } event=47 -> AreaKey { scene: 3, anchor: (1152, 1344) }
area teleport in scene 3 at frame 4326: (1248, 1456) -> (1168, 1368)
target scene=3 area=(1152, 1344) event=71 script=8146 mode=1 state=1 player=(1168, 1368) pos=(1296, 1448) path=61
marked destination touch VisitKey { scene: 3, area: (1216, 1408), event_id: 48, trigger_script: 60, trigger_mode: 4, state: 1 }
learned exit AreaKey { scene: 3, anchor: (1152, 1344) } event=48 -> AreaKey { scene: 3, anchor: (1216, 1408) }
area teleport in scene 3 at frame 4343: (1168, 1368) -> (1248, 1456)
continuing target event=71 across area (1216, 1408) path=2
learned targeted exit AreaKey { scene: 3, anchor: (1216, 1408) } event=71 -> AreaKey { scene: 3, anchor: (1152, 1344) }
marked destination touch VisitKey { scene: 3, area: (1152, 1344), event_id: 47, trigger_script: 33, trigger_mode: 4, state: 1 }
learned exit AreaKey { scene: 3, anchor: (1216, 1408) } event=47 -> AreaKey { scene: 3, anchor: (1152, 1344) }
area teleport in scene 3 at frame 4356: (1248, 1456) -> (1168, 1368)
target scene=3 area=(1152, 1344) event=71 script=8146 mode=1 state=1 player=(1168, 1368) pos=(1296, 1448) path=61
marked destination touch VisitKey { scene: 3, area: (1216, 1408), event_id: 48, trigger_script: 60, trigger_mode: 4, state: 1 }
learned exit AreaKey { scene: 3, anchor: (1152, 1344) } event=48 -> AreaKey { scene: 3, anchor: (1216, 1408) }
area teleport in scene 3 at frame 4373: (1168, 1368) -> (1248, 1456)
continuing target event=71 across area (1216, 1408) path=2
learned targeted exit AreaKey { scene: 3, anchor: (1216, 1408) } event=71 -> AreaKey { scene: 3, anchor: (1152, 1344) }
marked destination touch VisitKey { scene: 3, area: (1152, 1344), event_id: 47, trigger_script: 33, trigger_mode: 4, state: 1 }
learned exit AreaKey { scene: 3, anchor: (1216, 1408) } event=47 -> AreaKey { scene: 3, anchor: (1152, 1344) }
area teleport in scene 3 at frame 4386: (1248, 1456) -> (1168, 1368)
target scene=3 area=(1152, 1344) event=71 script=8146 mode=1 state=1 player=(1168, 1368) pos=(1296, 1448) path=61
marked destination touch VisitKey { scene: 3, area: (1216, 1408), event_id: 48, trigger_script: 60, trigger_mode: 4, state: 1 }
learned exit AreaKey { scene: 3, anchor: (1152, 1344) } event=48 -> AreaKey { scene: 3, anchor: (1216, 1408) }
area teleport in scene 3 at frame 4403: (1168, 1368) -> (1248, 1456)
continuing target event=71 across area (1216, 1408) path=2
learned targeted exit AreaKey { scene: 3, anchor: (1216, 1408) } event=71 -> AreaKey { scene: 3, anchor: (1152, 1344) }
marked destination touch VisitKey { scene: 3, area: (1152, 1344), event_id: 47, trigger_script: 33, trigger_mode: 4, state: 1 }
learned exit AreaKey { scene: 3, anchor: (1216, 1408) } event=47 -> AreaKey { scene: 3, anchor: (1152, 1344) }
area teleport in scene 3 at frame 4416: (1248, 1456) -> (1168, 1368)
target scene=3 area=(1152, 1344) event=71 script=8146 mode=1 state=1 player=(1168, 1368) pos=(1296, 1448) path=61
marked destination touch VisitKey { scene: 3, area: (1216, 1408), event_id: 48, trigger_script: 60, trigger_mode: 4, state: 1 }
learned exit AreaKey { scene: 3, anchor: (1152, 1344) } event=48 -> AreaKey { scene: 3, anchor: (1216, 1408) }
area teleport in scene 3 at frame 4433: (1168, 1368) -> (1248, 1456)
continuing target event=71 across area (1216, 1408) path=2
learned targeted exit AreaKey { scene: 3, anchor: (1216, 1408) } event=71 -> AreaKey { scene: 3, anchor: (1152, 1344) }
marked destination touch VisitKey { scene: 3, area: (1152, 1344), event_id: 47, trigger_script: 33, trigger_mode: 4, state: 1 }
learned exit AreaKey { scene: 3, anchor: (1216, 1408) } event=47 -> AreaKey { scene: 3, anchor: (1152, 1344) }
area teleport in scene 3 at frame 4446: (1248, 1456) -> (1168, 1368)
target scene=3 area=(1152, 1344) event=71 script=8146 mode=1 state=1 player=(1168, 1368) pos=(1296, 1448) path=61
marked destination touch VisitKey { scene: 3, area: (1216, 1408), event_id: 48, trigger_script: 60, trigger_mode: 4, state: 1 }
learned exit AreaKey { scene: 3, anchor: (1152, 1344) } event=48 -> AreaKey { scene: 3, anchor: (1216, 1408) }
area teleport in scene 3 at frame 4463: (1168, 1368) -> (1248, 1456)
continuing target event=71 across area (1216, 1408) path=2
learned targeted exit AreaKey { scene: 3, anchor: (1216, 1408) } event=71 -> AreaKey { scene: 3, anchor: (1152, 1344) }
marked destination touch VisitKey { scene: 3, area: (1152, 1344), event_id: 47, trigger_script: 33, trigger_mode: 4, state: 1 }
learned exit AreaKey { scene: 3, anchor: (1216, 1408) } event=47 -> AreaKey { scene: 3, anchor: (1152, 1344) }
area teleport in scene 3 at frame 4476: (1248, 1456) -> (1168, 1368)
target scene=3 area=(1152, 1344) event=71 script=8146 mode=1 state=1 player=(1168, 1368) pos=(1296, 1448) path=61
marked destination touch VisitKey { scene: 3, area: (1216, 1408), event_id: 48, trigger_script: 60, trigger_mode: 4, state: 1 }
learned exit AreaKey { scene: 3, anchor: (1152, 1344) } event=48 -> AreaKey { scene: 3, anchor: (1216, 1408) }
area teleport in scene 3 at frame 4493: (1168, 1368) -> (1248, 1456)
continuing target event=71 across area (1216, 1408) path=2
learned targeted exit AreaKey { scene: 3, anchor: (1216, 1408) } event=71 -> AreaKey { scene: 3, anchor: (1152, 1344) }
marked destination touch VisitKey { scene: 3, area: (1152, 1344), event_id: 47, trigger_script: 33, trigger_mode: 4, state: 1 }
learned exit AreaKey { scene: 3, anchor: (1216, 1408) } event=47 -> AreaKey { scene: 3, anchor: (1152, 1344) }
area teleport in scene 3 at frame 4506: (1248, 1456) -> (1168, 1368)
target scene=3 area=(1152, 1344) event=71 script=8146 mode=1 state=1 player=(1168, 1368) pos=(1296, 1448) path=61
marked destination touch VisitKey { scene: 3, area: (1216, 1408), event_id: 48, trigger_script: 60, trigger_mode: 4, state: 1 }
learned exit AreaKey { scene: 3, anchor: (1152, 1344) } event=48 -> AreaKey { scene: 3, anchor: (1216, 1408) }
area teleport in scene 3 at frame 4523: (1168, 1368) -> (1248, 1456)
continuing target event=71 across area (1216, 1408) path=2
learned targeted exit AreaKey { scene: 3, anchor: (1216, 1408) } event=71 -> AreaKey { scene: 3, anchor: (1152, 1344) }
marked destination touch VisitKey { scene: 3, area: (1152, 1344), event_id: 47, trigger_script: 33, trigger_mode: 4, state: 1 }
learned exit AreaKey { scene: 3, anchor: (1216, 1408) } event=47 -> AreaKey { scene: 3, anchor: (1152, 1344) }
area teleport in scene 3 at frame 4536: (1248, 1456) -> (1168, 1368)
target scene=3 area=(1152, 1344) event=71 script=8146 mode=1 state=1 player=(1168, 1368) pos=(1296, 1448) path=61
marked destination touch VisitKey { scene: 3, area: (1216, 1408), event_id: 48, trigger_script: 60, trigger_mode: 4, state: 1 }
learned exit AreaKey { scene: 3, anchor: (1152, 1344) } event=48 -> AreaKey { scene: 3, anchor: (1216, 1408) }
area teleport in scene 3 at frame 4553: (1168, 1368) -> (1248, 1456)
continuing target event=71 across area (1216, 1408) path=2
learned targeted exit AreaKey { scene: 3, anchor: (1216, 1408) } event=71 -> AreaKey { scene: 3, anchor: (1152, 1344) }
marked destination touch VisitKey { scene: 3, area: (1152, 1344), event_id: 47, trigger_script: 33, trigger_mode: 4, state: 1 }
learned exit AreaKey { scene: 3, anchor: (1216, 1408) } event=47 -> AreaKey { scene: 3, anchor: (1152, 1344) }
area teleport in scene 3 at frame 4566: (1248, 1456) -> (1168, 1368)
target scene=3 area=(1152, 1344) event=71 script=8146 mode=1 state=1 player=(1168, 1368) pos=(1296, 1448) path=61
marked destination touch VisitKey { scene: 3, area: (1216, 1408), event_id: 48, trigger_script: 60, trigger_mode: 4, state: 1 }
learned exit AreaKey { scene: 3, anchor: (1152, 1344) } event=48 -> AreaKey { scene: 3, anchor: (1216, 1408) }
area teleport in scene 3 at frame 4583: (1168, 1368) -> (1248, 1456)
continuing target event=71 across area (1216, 1408) path=2
learned targeted exit AreaKey { scene: 3, anchor: (1216, 1408) } event=71 -> AreaKey { scene: 3, anchor: (1152, 1344) }
marked destination touch VisitKey { scene: 3, area: (1152, 1344), event_id: 47, trigger_script: 33, trigger_mode: 4, state: 1 }
learned exit AreaKey { scene: 3, anchor: (1216, 1408) } event=47 -> AreaKey { scene: 3, anchor: (1152, 1344) }
area teleport in scene 3 at frame 4596: (1248, 1456) -> (1168, 1368)
target scene=3 area=(1152, 1344) event=71 script=8146 mode=1 state=1 player=(1168, 1368) pos=(1296, 1448) path=61
marked destination touch VisitKey { scene: 3, area: (1216, 1408), event_id: 48, trigger_script: 60, trigger_mode: 4, state: 1 }
learned exit AreaKey { scene: 3, anchor: (1152, 1344) } event=48 -> AreaKey { scene: 3, anchor: (1216, 1408) }
area teleport in scene 3 at frame 4613: (1168, 1368) -> (1248, 1456)
continuing target event=71 across area (1216, 1408) path=2
learned targeted exit AreaKey { scene: 3, anchor: (1216, 1408) } event=71 -> AreaKey { scene: 3, anchor: (1152, 1344) }
marked destination touch VisitKey { scene: 3, area: (1152, 1344), event_id: 47, trigger_script: 33, trigger_mode: 4, state: 1 }
learned exit AreaKey { scene: 3, anchor: (1216, 1408) } event=47 -> AreaKey { scene: 3, anchor: (1152, 1344) }
area teleport in scene 3 at frame 4626: (1248, 1456) -> (1168, 1368)
target scene=3 area=(1152, 1344) event=71 script=8146 mode=1 state=1 player=(1168, 1368) pos=(1296, 1448) path=61
marked destination touch VisitKey { scene: 3, area: (1216, 1408), event_id: 48, trigger_script: 60, trigger_mode: 4, state: 1 }
learned exit AreaKey { scene: 3, anchor: (1152, 1344) } event=48 -> AreaKey { scene: 3, anchor: (1216, 1408) }
area teleport in scene 3 at frame 4643: (1168, 1368) -> (1248, 1456)
continuing target event=71 across area (1216, 1408) path=2
learned targeted exit AreaKey { scene: 3, anchor: (1216, 1408) } event=71 -> AreaKey { scene: 3, anchor: (1152, 1344) }
marked destination touch VisitKey { scene: 3, area: (1152, 1344), event_id: 47, trigger_script: 33, trigger_mode: 4, state: 1 }
learned exit AreaKey { scene: 3, anchor: (1216, 1408) } event=47 -> AreaKey { scene: 3, anchor: (1152, 1344) }
area teleport in scene 3 at frame 4656: (1248, 1456) -> (1168, 1368)
target scene=3 area=(1152, 1344) event=71 script=8146 mode=1 state=1 player=(1168, 1368) pos=(1296, 1448) path=61
marked destination touch VisitKey { scene: 3, area: (1216, 1408), event_id: 48, trigger_script: 60, trigger_mode: 4, state: 1 }
learned exit AreaKey { scene: 3, anchor: (1152, 1344) } event=48 -> AreaKey { scene: 3, anchor: (1216, 1408) }
area teleport in scene 3 at frame 4673: (1168, 1368) -> (1248, 1456)
continuing target event=71 across area (1216, 1408) path=2
learned targeted exit AreaKey { scene: 3, anchor: (1216, 1408) } event=71 -> AreaKey { scene: 3, anchor: (1152, 1344) }
marked destination touch VisitKey { scene: 3, area: (1152, 1344), event_id: 47, trigger_script: 33, trigger_mode: 4, state: 1 }
learned exit AreaKey { scene: 3, anchor: (1216, 1408) } event=47 -> AreaKey { scene: 3, anchor: (1152, 1344) }
area teleport in scene 3 at frame 4686: (1248, 1456) -> (1168, 1368)
target scene=3 area=(1152, 1344) event=71 script=8146 mode=1 state=1 player=(1168, 1368) pos=(1296, 1448) path=61
marked destination touch VisitKey { scene: 3, area: (1216, 1408), event_id: 48, trigger_script: 60, trigger_mode: 4, state: 1 }
learned exit AreaKey { scene: 3, anchor: (1152, 1344) } event=48 -> AreaKey { scene: 3, anchor: (1216, 1408) }
area teleport in scene 3 at frame 4703: (1168, 1368) -> (1248, 1456)
continuing target event=71 across area (1216, 1408) path=2
learned targeted exit AreaKey { scene: 3, anchor: (1216, 1408) } event=71 -> AreaKey { scene: 3, anchor: (1152, 1344) }
marked destination touch VisitKey { scene: 3, area: (1152, 1344), event_id: 47, trigger_script: 33, trigger_mode: 4, state: 1 }
learned exit AreaKey { scene: 3, anchor: (1216, 1408) } event=47 -> AreaKey { scene: 3, anchor: (1152, 1344) }
area teleport in scene 3 at frame 4716: (1248, 1456) -> (1168, 1368)
target scene=3 area=(1152, 1344) event=71 script=8146 mode=1 state=1 player=(1168, 1368) pos=(1296, 1448) path=61
marked destination touch VisitKey { scene: 3, area: (1216, 1408), event_id: 48, trigger_script: 60, trigger_mode: 4, state: 1 }
learned exit AreaKey { scene: 3, anchor: (1152, 1344) } event=48 -> AreaKey { scene: 3, anchor: (1216, 1408) }
area teleport in scene 3 at frame 4733: (1168, 1368) -> (1248, 1456)
continuing target event=71 across area (1216, 1408) path=2
learned targeted exit AreaKey { scene: 3, anchor: (1216, 1408) } event=71 -> AreaKey { scene: 3, anchor: (1152, 1344) }
marked destination touch VisitKey { scene: 3, area: (1152, 1344), event_id: 47, trigger_script: 33, trigger_mode: 4, state: 1 }
learned exit AreaKey { scene: 3, anchor: (1216, 1408) } event=47 -> AreaKey { scene: 3, anchor: (1152, 1344) }
area teleport in scene 3 at frame 4746: (1248, 1456) -> (1168, 1368)
target scene=3 area=(1152, 1344) event=71 script=8146 mode=1 state=1 player=(1168, 1368) pos=(1296, 1448) path=61
marked destination touch VisitKey { scene: 3, area: (1216, 1408), event_id: 48, trigger_script: 60, trigger_mode: 4, state: 1 }
learned exit AreaKey { scene: 3, anchor: (1152, 1344) } event=48 -> AreaKey { scene: 3, anchor: (1216, 1408) }
area teleport in scene 3 at frame 4763: (1168, 1368) -> (1248, 1456)
continuing target event=71 across area (1216, 1408) path=2
learned targeted exit AreaKey { scene: 3, anchor: (1216, 1408) } event=71 -> AreaKey { scene: 3, anchor: (1152, 1344) }
marked destination touch VisitKey { scene: 3, area: (1152, 1344), event_id: 47, trigger_script: 33, trigger_mode: 4, state: 1 }
learned exit AreaKey { scene: 3, anchor: (1216, 1408) } event=47 -> AreaKey { scene: 3, anchor: (1152, 1344) }
area teleport in scene 3 at frame 4776: (1248, 1456) -> (1168, 1368)
target scene=3 area=(1152, 1344) event=71 script=8146 mode=1 state=1 player=(1168, 1368) pos=(1296, 1448) path=61
marked destination touch VisitKey { scene: 3, area: (1216, 1408), event_id: 48, trigger_script: 60, trigger_mode: 4, state: 1 }
learned exit AreaKey { scene: 3, anchor: (1152, 1344) } event=48 -> AreaKey { scene: 3, anchor: (1216, 1408) }
area teleport in scene 3 at frame 4793: (1168, 1368) -> (1248, 1456)
continuing target event=71 across area (1216, 1408) path=2
learned targeted exit AreaKey { scene: 3, anchor: (1216, 1408) } event=71 -> AreaKey { scene: 3, anchor: (1152, 1344) }
marked destination touch VisitKey { scene: 3, area: (1152, 1344), event_id: 47, trigger_script: 33, trigger_mode: 4, state: 1 }
learned exit AreaKey { scene: 3, anchor: (1216, 1408) } event=47 -> AreaKey { scene: 3, anchor: (1152, 1344) }
area teleport in scene 3 at frame 4806: (1248, 1456) -> (1168, 1368)
target scene=3 area=(1152, 1344) event=71 script=8146 mode=1 state=1 player=(1168, 1368) pos=(1296, 1448) path=61
marked destination touch VisitKey { scene: 3, area: (1216, 1408), event_id: 48, trigger_script: 60, trigger_mode: 4, state: 1 }
learned exit AreaKey { scene: 3, anchor: (1152, 1344) } event=48 -> AreaKey { scene: 3, anchor: (1216, 1408) }
area teleport in scene 3 at frame 4823: (1168, 1368) -> (1248, 1456)
continuing target event=71 across area (1216, 1408) path=2
learned targeted exit AreaKey { scene: 3, anchor: (1216, 1408) } event=71 -> AreaKey { scene: 3, anchor: (1152, 1344) }
marked destination touch VisitKey { scene: 3, area: (1152, 1344), event_id: 47, trigger_script: 33, trigger_mode: 4, state: 1 }
learned exit AreaKey { scene: 3, anchor: (1216, 1408) } event=47 -> AreaKey { scene: 3, anchor: (1152, 1344) }
area teleport in scene 3 at frame 4836: (1248, 1456) -> (1168, 1368)
target scene=3 area=(1152, 1344) event=71 script=8146 mode=1 state=1 player=(1168, 1368) pos=(1296, 1448) path=61
marked destination touch VisitKey { scene: 3, area: (1216, 1408), event_id: 48, trigger_script: 60, trigger_mode: 4, state: 1 }
learned exit AreaKey { scene: 3, anchor: (1152, 1344) } event=48 -> AreaKey { scene: 3, anchor: (1216, 1408) }
area teleport in scene 3 at frame 4853: (1168, 1368) -> (1248, 1456)
continuing target event=71 across area (1216, 1408) path=2
learned targeted exit AreaKey { scene: 3, anchor: (1216, 1408) } event=71 -> AreaKey { scene: 3, anchor: (1152, 1344) }
marked destination touch VisitKey { scene: 3, area: (1152, 1344), event_id: 47, trigger_script: 33, trigger_mode: 4, state: 1 }
learned exit AreaKey { scene: 3, anchor: (1216, 1408) } event=47 -> AreaKey { scene: 3, anchor: (1152, 1344) }
area teleport in scene 3 at frame 4866: (1248, 1456) -> (1168, 1368)
target scene=3 area=(1152, 1344) event=71 script=8146 mode=1 state=1 player=(1168, 1368) pos=(1296, 1448) path=61
marked destination touch VisitKey { scene: 3, area: (1216, 1408), event_id: 48, trigger_script: 60, trigger_mode: 4, state: 1 }
learned exit AreaKey { scene: 3, anchor: (1152, 1344) } event=48 -> AreaKey { scene: 3, anchor: (1216, 1408) }
area teleport in scene 3 at frame 4883: (1168, 1368) -> (1248, 1456)
continuing target event=71 across area (1216, 1408) path=2
learned targeted exit AreaKey { scene: 3, anchor: (1216, 1408) } event=71 -> AreaKey { scene: 3, anchor: (1152, 1344) }
marked destination touch VisitKey { scene: 3, area: (1152, 1344), event_id: 47, trigger_script: 33, trigger_mode: 4, state: 1 }
learned exit AreaKey { scene: 3, anchor: (1216, 1408) } event=47 -> AreaKey { scene: 3, anchor: (1152, 1344) }
area teleport in scene 3 at frame 4896: (1248, 1456) -> (1168, 1368)
target scene=3 area=(1152, 1344) event=71 script=8146 mode=1 state=1 player=(1168, 1368) pos=(1296, 1448) path=61
marked destination touch VisitKey { scene: 3, area: (1216, 1408), event_id: 48, trigger_script: 60, trigger_mode: 4, state: 1 }
learned exit AreaKey { scene: 3, anchor: (1152, 1344) } event=48 -> AreaKey { scene: 3, anchor: (1216, 1408) }
area teleport in scene 3 at frame 4913: (1168, 1368) -> (1248, 1456)
continuing target event=71 across area (1216, 1408) path=2
learned targeted exit AreaKey { scene: 3, anchor: (1216, 1408) } event=71 -> AreaKey { scene: 3, anchor: (1152, 1344) }
marked destination touch VisitKey { scene: 3, area: (1152, 1344), event_id: 47, trigger_script: 33, trigger_mode: 4, state: 1 }
learned exit AreaKey { scene: 3, anchor: (1216, 1408) } event=47 -> AreaKey { scene: 3, anchor: (1152, 1344) }
area teleport in scene 3 at frame 4926: (1248, 1456) -> (1168, 1368)
target scene=3 area=(1152, 1344) event=71 script=8146 mode=1 state=1 player=(1168, 1368) pos=(1296, 1448) path=61
marked destination touch VisitKey { scene: 3, area: (1216, 1408), event_id: 48, trigger_script: 60, trigger_mode: 4, state: 1 }
learned exit AreaKey { scene: 3, anchor: (1152, 1344) } event=48 -> AreaKey { scene: 3, anchor: (1216, 1408) }
area teleport in scene 3 at frame 4943: (1168, 1368) -> (1248, 1456)
continuing target event=71 across area (1216, 1408) path=2
learned targeted exit AreaKey { scene: 3, anchor: (1216, 1408) } event=71 -> AreaKey { scene: 3, anchor: (1152, 1344) }
marked destination touch VisitKey { scene: 3, area: (1152, 1344), event_id: 47, trigger_script: 33, trigger_mode: 4, state: 1 }
learned exit AreaKey { scene: 3, anchor: (1216, 1408) } event=47 -> AreaKey { scene: 3, anchor: (1152, 1344) }
area teleport in scene 3 at frame 4956: (1248, 1456) -> (1168, 1368)
target scene=3 area=(1152, 1344) event=71 script=8146 mode=1 state=1 player=(1168, 1368) pos=(1296, 1448) path=61
marked destination touch VisitKey { scene: 3, area: (1216, 1408), event_id: 48, trigger_script: 60, trigger_mode: 4, state: 1 }
learned exit AreaKey { scene: 3, anchor: (1152, 1344) } event=48 -> AreaKey { scene: 3, anchor: (1216, 1408) }
area teleport in scene 3 at frame 4973: (1168, 1368) -> (1248, 1456)
continuing target event=71 across area (1216, 1408) path=2
learned targeted exit AreaKey { scene: 3, anchor: (1216, 1408) } event=71 -> AreaKey { scene: 3, anchor: (1152, 1344) }
marked destination touch VisitKey { scene: 3, area: (1152, 1344), event_id: 47, trigger_script: 33, trigger_mode: 4, state: 1 }
learned exit AreaKey { scene: 3, anchor: (1216, 1408) } event=47 -> AreaKey { scene: 3, anchor: (1152, 1344) }
area teleport in scene 3 at frame 4986: (1248, 1456) -> (1168, 1368)
target scene=3 area=(1152, 1344) event=71 script=8146 mode=1 state=1 player=(1168, 1368) pos=(1296, 1448) path=61
marked destination touch VisitKey { scene: 3, area: (1216, 1408), event_id: 48, trigger_script: 60, trigger_mode: 4, state: 1 }
learned exit AreaKey { scene: 3, anchor: (1152, 1344) } event=48 -> AreaKey { scene: 3, anchor: (1216, 1408) }
area teleport in scene 3 at frame 5003: (1168, 1368) -> (1248, 1456)
continuing target event=71 across area (1216, 1408) path=2
learned targeted exit AreaKey { scene: 3, anchor: (1216, 1408) } event=71 -> AreaKey { scene: 3, anchor: (1152, 1344) }
marked destination touch VisitKey { scene: 3, area: (1152, 1344), event_id: 47, trigger_script: 33, trigger_mode: 4, state: 1 }
learned exit AreaKey { scene: 3, anchor: (1216, 1408) } event=47 -> AreaKey { scene: 3, anchor: (1152, 1344) }
area teleport in scene 3 at frame 5016: (1248, 1456) -> (1168, 1368)
target scene=3 area=(1152, 1344) event=71 script=8146 mode=1 state=1 player=(1168, 1368) pos=(1296, 1448) path=61
marked destination touch VisitKey { scene: 3, area: (1216, 1408), event_id: 48, trigger_script: 60, trigger_mode: 4, state: 1 }
learned exit AreaKey { scene: 3, anchor: (1152, 1344) } event=48 -> AreaKey { scene: 3, anchor: (1216, 1408) }
area teleport in scene 3 at frame 5033: (1168, 1368) -> (1248, 1456)
continuing target event=71 across area (1216, 1408) path=2
learned targeted exit AreaKey { scene: 3, anchor: (1216, 1408) } event=71 -> AreaKey { scene: 3, anchor: (1152, 1344) }
marked destination touch VisitKey { scene: 3, area: (1152, 1344), event_id: 47, trigger_script: 33, trigger_mode: 4, state: 1 }
learned exit AreaKey { scene: 3, anchor: (1216, 1408) } event=47 -> AreaKey { scene: 3, anchor: (1152, 1344) }
area teleport in scene 3 at frame 5046: (1248, 1456) -> (1168, 1368)
target scene=3 area=(1152, 1344) event=71 script=8146 mode=1 state=1 player=(1168, 1368) pos=(1296, 1448) path=61
marked destination touch VisitKey { scene: 3, area: (1216, 1408), event_id: 48, trigger_script: 60, trigger_mode: 4, state: 1 }
learned exit AreaKey { scene: 3, anchor: (1152, 1344) } event=48 -> AreaKey { scene: 3, anchor: (1216, 1408) }
area teleport in scene 3 at frame 5063: (1168, 1368) -> (1248, 1456)
continuing target event=71 across area (1216, 1408) path=2
learned targeted exit AreaKey { scene: 3, anchor: (1216, 1408) } event=71 -> AreaKey { scene: 3, anchor: (1152, 1344) }
marked destination touch VisitKey { scene: 3, area: (1152, 1344), event_id: 47, trigger_script: 33, trigger_mode: 4, state: 1 }
learned exit AreaKey { scene: 3, anchor: (1216, 1408) } event=47 -> AreaKey { scene: 3, anchor: (1152, 1344) }
area teleport in scene 3 at frame 5076: (1248, 1456) -> (1168, 1368)
target scene=3 area=(1152, 1344) event=71 script=8146 mode=1 state=1 player=(1168, 1368) pos=(1296, 1448) path=61
marked destination touch VisitKey { scene: 3, area: (1216, 1408), event_id: 48, trigger_script: 60, trigger_mode: 4, state: 1 }
learned exit AreaKey { scene: 3, anchor: (1152, 1344) } event=48 -> AreaKey { scene: 3, anchor: (1216, 1408) }
area teleport in scene 3 at frame 5093: (1168, 1368) -> (1248, 1456)
continuing target event=71 across area (1216, 1408) path=2
learned targeted exit AreaKey { scene: 3, anchor: (1216, 1408) } event=71 -> AreaKey { scene: 3, anchor: (1152, 1344) }
marked destination touch VisitKey { scene: 3, area: (1152, 1344), event_id: 47, trigger_script: 33, trigger_mode: 4, state: 1 }
learned exit AreaKey { scene: 3, anchor: (1216, 1408) } event=47 -> AreaKey { scene: 3, anchor: (1152, 1344) }
area teleport in scene 3 at frame 5106: (1248, 1456) -> (1168, 1368)
target scene=3 area=(1152, 1344) event=71 script=8146 mode=1 state=1 player=(1168, 1368) pos=(1296, 1448) path=61
marked destination touch VisitKey { scene: 3, area: (1216, 1408), event_id: 48, trigger_script: 60, trigger_mode: 4, state: 1 }
learned exit AreaKey { scene: 3, anchor: (1152, 1344) } event=48 -> AreaKey { scene: 3, anchor: (1216, 1408) }
area teleport in scene 3 at frame 5123: (1168, 1368) -> (1248, 1456)
continuing target event=71 across area (1216, 1408) path=2
learned targeted exit AreaKey { scene: 3, anchor: (1216, 1408) } event=71 -> AreaKey { scene: 3, anchor: (1152, 1344) }
marked destination touch VisitKey { scene: 3, area: (1152, 1344), event_id: 47, trigger_script: 33, trigger_mode: 4, state: 1 }
learned exit AreaKey { scene: 3, anchor: (1216, 1408) } event=47 -> AreaKey { scene: 3, anchor: (1152, 1344) }
area teleport in scene 3 at frame 5136: (1248, 1456) -> (1168, 1368)
target scene=3 area=(1152, 1344) event=71 script=8146 mode=1 state=1 player=(1168, 1368) pos=(1296, 1448) path=61
marked destination touch VisitKey { scene: 3, area: (1216, 1408), event_id: 48, trigger_script: 60, trigger_mode: 4, state: 1 }
learned exit AreaKey { scene: 3, anchor: (1152, 1344) } event=48 -> AreaKey { scene: 3, anchor: (1216, 1408) }
area teleport in scene 3 at frame 5153: (1168, 1368) -> (1248, 1456)
continuing target event=71 across area (1216, 1408) path=2
learned targeted exit AreaKey { scene: 3, anchor: (1216, 1408) } event=71 -> AreaKey { scene: 3, anchor: (1152, 1344) }
marked destination touch VisitKey { scene: 3, area: (1152, 1344), event_id: 47, trigger_script: 33, trigger_mode: 4, state: 1 }
learned exit AreaKey { scene: 3, anchor: (1216, 1408) } event=47 -> AreaKey { scene: 3, anchor: (1152, 1344) }
area teleport in scene 3 at frame 5166: (1248, 1456) -> (1168, 1368)
target scene=3 area=(1152, 1344) event=71 script=8146 mode=1 state=1 player=(1168, 1368) pos=(1296, 1448) path=61
marked destination touch VisitKey { scene: 3, area: (1216, 1408), event_id: 48, trigger_script: 60, trigger_mode: 4, state: 1 }
learned exit AreaKey { scene: 3, anchor: (1152, 1344) } event=48 -> AreaKey { scene: 3, anchor: (1216, 1408) }
area teleport in scene 3 at frame 5183: (1168, 1368) -> (1248, 1456)
continuing target event=71 across area (1216, 1408) path=2
learned targeted exit AreaKey { scene: 3, anchor: (1216, 1408) } event=71 -> AreaKey { scene: 3, anchor: (1152, 1344) }
marked destination touch VisitKey { scene: 3, area: (1152, 1344), event_id: 47, trigger_script: 33, trigger_mode: 4, state: 1 }
learned exit AreaKey { scene: 3, anchor: (1216, 1408) } event=47 -> AreaKey { scene: 3, anchor: (1152, 1344) }
area teleport in scene 3 at frame 5196: (1248, 1456) -> (1168, 1368)
target scene=3 area=(1152, 1344) event=71 script=8146 mode=1 state=1 player=(1168, 1368) pos=(1296, 1448) path=61
marked destination touch VisitKey { scene: 3, area: (1216, 1408), event_id: 48, trigger_script: 60, trigger_mode: 4, state: 1 }
learned exit AreaKey { scene: 3, anchor: (1152, 1344) } event=48 -> AreaKey { scene: 3, anchor: (1216, 1408) }
area teleport in scene 3 at frame 5213: (1168, 1368) -> (1248, 1456)
continuing target event=71 across area (1216, 1408) path=2
learned targeted exit AreaKey { scene: 3, anchor: (1216, 1408) } event=71 -> AreaKey { scene: 3, anchor: (1152, 1344) }
marked destination touch VisitKey { scene: 3, area: (1152, 1344), event_id: 47, trigger_script: 33, trigger_mode: 4, state: 1 }
learned exit AreaKey { scene: 3, anchor: (1216, 1408) } event=47 -> AreaKey { scene: 3, anchor: (1152, 1344) }
area teleport in scene 3 at frame 5226: (1248, 1456) -> (1168, 1368)
target scene=3 area=(1152, 1344) event=71 script=8146 mode=1 state=1 player=(1168, 1368) pos=(1296, 1448) path=61
marked destination touch VisitKey { scene: 3, area: (1216, 1408), event_id: 48, trigger_script: 60, trigger_mode: 4, state: 1 }
learned exit AreaKey { scene: 3, anchor: (1152, 1344) } event=48 -> AreaKey { scene: 3, anchor: (1216, 1408) }
area teleport in scene 3 at frame 5243: (1168, 1368) -> (1248, 1456)
continuing target event=71 across area (1216, 1408) path=2
learned targeted exit AreaKey { scene: 3, anchor: (1216, 1408) } event=71 -> AreaKey { scene: 3, anchor: (1152, 1344) }
marked destination touch VisitKey { scene: 3, area: (1152, 1344), event_id: 47, trigger_script: 33, trigger_mode: 4, state: 1 }
learned exit AreaKey { scene: 3, anchor: (1216, 1408) } event=47 -> AreaKey { scene: 3, anchor: (1152, 1344) }
area teleport in scene 3 at frame 5256: (1248, 1456) -> (1168, 1368)
target scene=3 area=(1152, 1344) event=71 script=8146 mode=1 state=1 player=(1168, 1368) pos=(1296, 1448) path=61
marked destination touch VisitKey { scene: 3, area: (1216, 1408), event_id: 48, trigger_script: 60, trigger_mode: 4, state: 1 }
learned exit AreaKey { scene: 3, anchor: (1152, 1344) } event=48 -> AreaKey { scene: 3, anchor: (1216, 1408) }
area teleport in scene 3 at frame 5273: (1168, 1368) -> (1248, 1456)
continuing target event=71 across area (1216, 1408) path=2
learned targeted exit AreaKey { scene: 3, anchor: (1216, 1408) } event=71 -> AreaKey { scene: 3, anchor: (1152, 1344) }
marked destination touch VisitKey { scene: 3, area: (1152, 1344), event_id: 47, trigger_script: 33, trigger_mode: 4, state: 1 }
learned exit AreaKey { scene: 3, anchor: (1216, 1408) } event=47 -> AreaKey { scene: 3, anchor: (1152, 1344) }
area teleport in scene 3 at frame 5286: (1248, 1456) -> (1168, 1368)
target scene=3 area=(1152, 1344) event=71 script=8146 mode=1 state=1 player=(1168, 1368) pos=(1296, 1448) path=61
marked destination touch VisitKey { scene: 3, area: (1216, 1408), event_id: 48, trigger_script: 60, trigger_mode: 4, state: 1 }
learned exit AreaKey { scene: 3, anchor: (1152, 1344) } event=48 -> AreaKey { scene: 3, anchor: (1216, 1408) }
area teleport in scene 3 at frame 5303: (1168, 1368) -> (1248, 1456)
continuing target event=71 across area (1216, 1408) path=2
learned targeted exit AreaKey { scene: 3, anchor: (1216, 1408) } event=71 -> AreaKey { scene: 3, anchor: (1152, 1344) }
marked destination touch VisitKey { scene: 3, area: (1152, 1344), event_id: 47, trigger_script: 33, trigger_mode: 4, state: 1 }
learned exit AreaKey { scene: 3, anchor: (1216, 1408) } event=47 -> AreaKey { scene: 3, anchor: (1152, 1344) }
area teleport in scene 3 at frame 5316: (1248, 1456) -> (1168, 1368)
target scene=3 area=(1152, 1344) event=71 script=8146 mode=1 state=1 player=(1168, 1368) pos=(1296, 1448) path=61
marked destination touch VisitKey { scene: 3, area: (1216, 1408), event_id: 48, trigger_script: 60, trigger_mode: 4, state: 1 }
learned exit AreaKey { scene: 3, anchor: (1152, 1344) } event=48 -> AreaKey { scene: 3, anchor: (1216, 1408) }
area teleport in scene 3 at frame 5333: (1168, 1368) -> (1248, 1456)
continuing target event=71 across area (1216, 1408) path=2
learned targeted exit AreaKey { scene: 3, anchor: (1216, 1408) } event=71 -> AreaKey { scene: 3, anchor: (1152, 1344) }
marked destination touch VisitKey { scene: 3, area: (1152, 1344), event_id: 47, trigger_script: 33, trigger_mode: 4, state: 1 }
learned exit AreaKey { scene: 3, anchor: (1216, 1408) } event=47 -> AreaKey { scene: 3, anchor: (1152, 1344) }
area teleport in scene 3 at frame 5346: (1248, 1456) -> (1168, 1368)
target scene=3 area=(1152, 1344) event=71 script=8146 mode=1 state=1 player=(1168, 1368) pos=(1296, 1448) path=61
marked destination touch VisitKey { scene: 3, area: (1216, 1408), event_id: 48, trigger_script: 60, trigger_mode: 4, state: 1 }
learned exit AreaKey { scene: 3, anchor: (1152, 1344) } event=48 -> AreaKey { scene: 3, anchor: (1216, 1408) }
area teleport in scene 3 at frame 5363: (1168, 1368) -> (1248, 1456)
continuing target event=71 across area (1216, 1408) path=2
learned targeted exit AreaKey { scene: 3, anchor: (1216, 1408) } event=71 -> AreaKey { scene: 3, anchor: (1152, 1344) }
marked destination touch VisitKey { scene: 3, area: (1152, 1344), event_id: 47, trigger_script: 33, trigger_mode: 4, state: 1 }
learned exit AreaKey { scene: 3, anchor: (1216, 1408) } event=47 -> AreaKey { scene: 3, anchor: (1152, 1344) }
area teleport in scene 3 at frame 5376: (1248, 1456) -> (1168, 1368)
target scene=3 area=(1152, 1344) event=71 script=8146 mode=1 state=1 player=(1168, 1368) pos=(1296, 1448) path=61
marked destination touch VisitKey { scene: 3, area: (1216, 1408), event_id: 48, trigger_script: 60, trigger_mode: 4, state: 1 }
learned exit AreaKey { scene: 3, anchor: (1152, 1344) } event=48 -> AreaKey { scene: 3, anchor: (1216, 1408) }
area teleport in scene 3 at frame 5393: (1168, 1368) -> (1248, 1456)
continuing target event=71 across area (1216, 1408) path=2
learned targeted exit AreaKey { scene: 3, anchor: (1216, 1408) } event=71 -> AreaKey { scene: 3, anchor: (1152, 1344) }
marked destination touch VisitKey { scene: 3, area: (1152, 1344), event_id: 47, trigger_script: 33, trigger_mode: 4, state: 1 }
learned exit AreaKey { scene: 3, anchor: (1216, 1408) } event=47 -> AreaKey { scene: 3, anchor: (1152, 1344) }
area teleport in scene 3 at frame 5406: (1248, 1456) -> (1168, 1368)
target scene=3 area=(1152, 1344) event=71 script=8146 mode=1 state=1 player=(1168, 1368) pos=(1296, 1448) path=61
marked destination touch VisitKey { scene: 3, area: (1216, 1408), event_id: 48, trigger_script: 60, trigger_mode: 4, state: 1 }
learned exit AreaKey { scene: 3, anchor: (1152, 1344) } event=48 -> AreaKey { scene: 3, anchor: (1216, 1408) }
area teleport in scene 3 at frame 5423: (1168, 1368) -> (1248, 1456)
continuing target event=71 across area (1216, 1408) path=2
learned targeted exit AreaKey { scene: 3, anchor: (1216, 1408) } event=71 -> AreaKey { scene: 3, anchor: (1152, 1344) }
marked destination touch VisitKey { scene: 3, area: (1152, 1344), event_id: 47, trigger_script: 33, trigger_mode: 4, state: 1 }
learned exit AreaKey { scene: 3, anchor: (1216, 1408) } event=47 -> AreaKey { scene: 3, anchor: (1152, 1344) }
area teleport in scene 3 at frame 5436: (1248, 1456) -> (1168, 1368)
target scene=3 area=(1152, 1344) event=71 script=8146 mode=1 state=1 player=(1168, 1368) pos=(1296, 1448) path=61
marked destination touch VisitKey { scene: 3, area: (1216, 1408), event_id: 48, trigger_script: 60, trigger_mode: 4, state: 1 }
learned exit AreaKey { scene: 3, anchor: (1152, 1344) } event=48 -> AreaKey { scene: 3, anchor: (1216, 1408) }
area teleport in scene 3 at frame 5453: (1168, 1368) -> (1248, 1456)
continuing target event=71 across area (1216, 1408) path=2
learned targeted exit AreaKey { scene: 3, anchor: (1216, 1408) } event=71 -> AreaKey { scene: 3, anchor: (1152, 1344) }
marked destination touch VisitKey { scene: 3, area: (1152, 1344), event_id: 47, trigger_script: 33, trigger_mode: 4, state: 1 }
learned exit AreaKey { scene: 3, anchor: (1216, 1408) } event=47 -> AreaKey { scene: 3, anchor: (1152, 1344) }
area teleport in scene 3 at frame 5466: (1248, 1456) -> (1168, 1368)
target scene=3 area=(1152, 1344) event=71 script=8146 mode=1 state=1 player=(1168, 1368) pos=(1296, 1448) path=61
marked destination touch VisitKey { scene: 3, area: (1216, 1408), event_id: 48, trigger_script: 60, trigger_mode: 4, state: 1 }
learned exit AreaKey { scene: 3, anchor: (1152, 1344) } event=48 -> AreaKey { scene: 3, anchor: (1216, 1408) }
area teleport in scene 3 at frame 5483: (1168, 1368) -> (1248, 1456)
continuing target event=71 across area (1216, 1408) path=2
learned targeted exit AreaKey { scene: 3, anchor: (1216, 1408) } event=71 -> AreaKey { scene: 3, anchor: (1152, 1344) }
marked destination touch VisitKey { scene: 3, area: (1152, 1344), event_id: 47, trigger_script: 33, trigger_mode: 4, state: 1 }
learned exit AreaKey { scene: 3, anchor: (1216, 1408) } event=47 -> AreaKey { scene: 3, anchor: (1152, 1344) }
area teleport in scene 3 at frame 5496: (1248, 1456) -> (1168, 1368)
target scene=3 area=(1152, 1344) event=71 script=8146 mode=1 state=1 player=(1168, 1368) pos=(1296, 1448) path=61
marked destination touch VisitKey { scene: 3, area: (1216, 1408), event_id: 48, trigger_script: 60, trigger_mode: 4, state: 1 }
learned exit AreaKey { scene: 3, anchor: (1152, 1344) } event=48 -> AreaKey { scene: 3, anchor: (1216, 1408) }
area teleport in scene 3 at frame 5513: (1168, 1368) -> (1248, 1456)
continuing target event=71 across area (1216, 1408) path=2
learned targeted exit AreaKey { scene: 3, anchor: (1216, 1408) } event=71 -> AreaKey { scene: 3, anchor: (1152, 1344) }
marked destination touch VisitKey { scene: 3, area: (1152, 1344), event_id: 47, trigger_script: 33, trigger_mode: 4, state: 1 }
learned exit AreaKey { scene: 3, anchor: (1216, 1408) } event=47 -> AreaKey { scene: 3, anchor: (1152, 1344) }
area teleport in scene 3 at frame 5526: (1248, 1456) -> (1168, 1368)
target scene=3 area=(1152, 1344) event=71 script=8146 mode=1 state=1 player=(1168, 1368) pos=(1296, 1448) path=61
marked destination touch VisitKey { scene: 3, area: (1216, 1408), event_id: 48, trigger_script: 60, trigger_mode: 4, state: 1 }
learned exit AreaKey { scene: 3, anchor: (1152, 1344) } event=48 -> AreaKey { scene: 3, anchor: (1216, 1408) }
area teleport in scene 3 at frame 5543: (1168, 1368) -> (1248, 1456)
continuing target event=71 across area (1216, 1408) path=2
learned targeted exit AreaKey { scene: 3, anchor: (1216, 1408) } event=71 -> AreaKey { scene: 3, anchor: (1152, 1344) }
marked destination touch VisitKey { scene: 3, area: (1152, 1344), event_id: 47, trigger_script: 33, trigger_mode: 4, state: 1 }
learned exit AreaKey { scene: 3, anchor: (1216, 1408) } event=47 -> AreaKey { scene: 3, anchor: (1152, 1344) }
area teleport in scene 3 at frame 5556: (1248, 1456) -> (1168, 1368)
target scene=3 area=(1152, 1344) event=71 script=8146 mode=1 state=1 player=(1168, 1368) pos=(1296, 1448) path=61
marked destination touch VisitKey { scene: 3, area: (1216, 1408), event_id: 48, trigger_script: 60, trigger_mode: 4, state: 1 }
learned exit AreaKey { scene: 3, anchor: (1152, 1344) } event=48 -> AreaKey { scene: 3, anchor: (1216, 1408) }
area teleport in scene 3 at frame 5573: (1168, 1368) -> (1248, 1456)
continuing target event=71 across area (1216, 1408) path=2
learned targeted exit AreaKey { scene: 3, anchor: (1216, 1408) } event=71 -> AreaKey { scene: 3, anchor: (1152, 1344) }
marked destination touch VisitKey { scene: 3, area: (1152, 1344), event_id: 47, trigger_script: 33, trigger_mode: 4, state: 1 }
learned exit AreaKey { scene: 3, anchor: (1216, 1408) } event=47 -> AreaKey { scene: 3, anchor: (1152, 1344) }
area teleport in scene 3 at frame 5586: (1248, 1456) -> (1168, 1368)
target scene=3 area=(1152, 1344) event=71 script=8146 mode=1 state=1 player=(1168, 1368) pos=(1296, 1448) path=61
marked destination touch VisitKey { scene: 3, area: (1216, 1408), event_id: 48, trigger_script: 60, trigger_mode: 4, state: 1 }
learned exit AreaKey { scene: 3, anchor: (1152, 1344) } event=48 -> AreaKey { scene: 3, anchor: (1216, 1408) }
area teleport in scene 3 at frame 5603: (1168, 1368) -> (1248, 1456)
continuing target event=71 across area (1216, 1408) path=2
learned targeted exit AreaKey { scene: 3, anchor: (1216, 1408) } event=71 -> AreaKey { scene: 3, anchor: (1152, 1344) }
marked destination touch VisitKey { scene: 3, area: (1152, 1344), event_id: 47, trigger_script: 33, trigger_mode: 4, state: 1 }
learned exit AreaKey { scene: 3, anchor: (1216, 1408) } event=47 -> AreaKey { scene: 3, anchor: (1152, 1344) }
area teleport in scene 3 at frame 5616: (1248, 1456) -> (1168, 1368)
target scene=3 area=(1152, 1344) event=71 script=8146 mode=1 state=1 player=(1168, 1368) pos=(1296, 1448) path=61
marked destination touch VisitKey { scene: 3, area: (1216, 1408), event_id: 48, trigger_script: 60, trigger_mode: 4, state: 1 }
learned exit AreaKey { scene: 3, anchor: (1152, 1344) } event=48 -> AreaKey { scene: 3, anchor: (1216, 1408) }
area teleport in scene 3 at frame 5633: (1168, 1368) -> (1248, 1456)
continuing target event=71 across area (1216, 1408) path=2
learned targeted exit AreaKey { scene: 3, anchor: (1216, 1408) } event=71 -> AreaKey { scene: 3, anchor: (1152, 1344) }
marked destination touch VisitKey { scene: 3, area: (1152, 1344), event_id: 47, trigger_script: 33, trigger_mode: 4, state: 1 }
learned exit AreaKey { scene: 3, anchor: (1216, 1408) } event=47 -> AreaKey { scene: 3, anchor: (1152, 1344) }
area teleport in scene 3 at frame 5646: (1248, 1456) -> (1168, 1368)
target scene=3 area=(1152, 1344) event=71 script=8146 mode=1 state=1 player=(1168, 1368) pos=(1296, 1448) path=61
marked destination touch VisitKey { scene: 3, area: (1216, 1408), event_id: 48, trigger_script: 60, trigger_mode: 4, state: 1 }
learned exit AreaKey { scene: 3, anchor: (1152, 1344) } event=48 -> AreaKey { scene: 3, anchor: (1216, 1408) }
area teleport in scene 3 at frame 5663: (1168, 1368) -> (1248, 1456)
continuing target event=71 across area (1216, 1408) path=2
learned targeted exit AreaKey { scene: 3, anchor: (1216, 1408) } event=71 -> AreaKey { scene: 3, anchor: (1152, 1344) }
marked destination touch VisitKey { scene: 3, area: (1152, 1344), event_id: 47, trigger_script: 33, trigger_mode: 4, state: 1 }
learned exit AreaKey { scene: 3, anchor: (1216, 1408) } event=47 -> AreaKey { scene: 3, anchor: (1152, 1344) }
area teleport in scene 3 at frame 5676: (1248, 1456) -> (1168, 1368)
target scene=3 area=(1152, 1344) event=71 script=8146 mode=1 state=1 player=(1168, 1368) pos=(1296, 1448) path=61
marked destination touch VisitKey { scene: 3, area: (1216, 1408), event_id: 48, trigger_script: 60, trigger_mode: 4, state: 1 }
learned exit AreaKey { scene: 3, anchor: (1152, 1344) } event=48 -> AreaKey { scene: 3, anchor: (1216, 1408) }
area teleport in scene 3 at frame 5693: (1168, 1368) -> (1248, 1456)
continuing target event=71 across area (1216, 1408) path=2
learned targeted exit AreaKey { scene: 3, anchor: (1216, 1408) } event=71 -> AreaKey { scene: 3, anchor: (1152, 1344) }
marked destination touch VisitKey { scene: 3, area: (1152, 1344), event_id: 47, trigger_script: 33, trigger_mode: 4, state: 1 }
learned exit AreaKey { scene: 3, anchor: (1216, 1408) } event=47 -> AreaKey { scene: 3, anchor: (1152, 1344) }
area teleport in scene 3 at frame 5706: (1248, 1456) -> (1168, 1368)
target scene=3 area=(1152, 1344) event=71 script=8146 mode=1 state=1 player=(1168, 1368) pos=(1296, 1448) path=61
marked destination touch VisitKey { scene: 3, area: (1216, 1408), event_id: 48, trigger_script: 60, trigger_mode: 4, state: 1 }
learned exit AreaKey { scene: 3, anchor: (1152, 1344) } event=48 -> AreaKey { scene: 3, anchor: (1216, 1408) }
area teleport in scene 3 at frame 5723: (1168, 1368) -> (1248, 1456)
continuing target event=71 across area (1216, 1408) path=2
learned targeted exit AreaKey { scene: 3, anchor: (1216, 1408) } event=71 -> AreaKey { scene: 3, anchor: (1152, 1344) }
marked destination touch VisitKey { scene: 3, area: (1152, 1344), event_id: 47, trigger_script: 33, trigger_mode: 4, state: 1 }
learned exit AreaKey { scene: 3, anchor: (1216, 1408) } event=47 -> AreaKey { scene: 3, anchor: (1152, 1344) }
area teleport in scene 3 at frame 5736: (1248, 1456) -> (1168, 1368)
target scene=3 area=(1152, 1344) event=71 script=8146 mode=1 state=1 player=(1168, 1368) pos=(1296, 1448) path=61
marked destination touch VisitKey { scene: 3, area: (1216, 1408), event_id: 48, trigger_script: 60, trigger_mode: 4, state: 1 }
learned exit AreaKey { scene: 3, anchor: (1152, 1344) } event=48 -> AreaKey { scene: 3, anchor: (1216, 1408) }
area teleport in scene 3 at frame 5753: (1168, 1368) -> (1248, 1456)
continuing target event=71 across area (1216, 1408) path=2
learned targeted exit AreaKey { scene: 3, anchor: (1216, 1408) } event=71 -> AreaKey { scene: 3, anchor: (1152, 1344) }
marked destination touch VisitKey { scene: 3, area: (1152, 1344), event_id: 47, trigger_script: 33, trigger_mode: 4, state: 1 }
learned exit AreaKey { scene: 3, anchor: (1216, 1408) } event=47 -> AreaKey { scene: 3, anchor: (1152, 1344) }
area teleport in scene 3 at frame 5766: (1248, 1456) -> (1168, 1368)
target scene=3 area=(1152, 1344) event=71 script=8146 mode=1 state=1 player=(1168, 1368) pos=(1296, 1448) path=61
marked destination touch VisitKey { scene: 3, area: (1216, 1408), event_id: 48, trigger_script: 60, trigger_mode: 4, state: 1 }
learned exit AreaKey { scene: 3, anchor: (1152, 1344) } event=48 -> AreaKey { scene: 3, anchor: (1216, 1408) }
area teleport in scene 3 at frame 5783: (1168, 1368) -> (1248, 1456)
continuing target event=71 across area (1216, 1408) path=2
learned targeted exit AreaKey { scene: 3, anchor: (1216, 1408) } event=71 -> AreaKey { scene: 3, anchor: (1152, 1344) }
marked destination touch VisitKey { scene: 3, area: (1152, 1344), event_id: 47, trigger_script: 33, trigger_mode: 4, state: 1 }
learned exit AreaKey { scene: 3, anchor: (1216, 1408) } event=47 -> AreaKey { scene: 3, anchor: (1152, 1344) }
area teleport in scene 3 at frame 5796: (1248, 1456) -> (1168, 1368)
target scene=3 area=(1152, 1344) event=71 script=8146 mode=1 state=1 player=(1168, 1368) pos=(1296, 1448) path=61
marked destination touch VisitKey { scene: 3, area: (1216, 1408), event_id: 48, trigger_script: 60, trigger_mode: 4, state: 1 }
learned exit AreaKey { scene: 3, anchor: (1152, 1344) } event=48 -> AreaKey { scene: 3, anchor: (1216, 1408) }
area teleport in scene 3 at frame 5813: (1168, 1368) -> (1248, 1456)
continuing target event=71 across area (1216, 1408) path=2
learned targeted exit AreaKey { scene: 3, anchor: (1216, 1408) } event=71 -> AreaKey { scene: 3, anchor: (1152, 1344) }
marked destination touch VisitKey { scene: 3, area: (1152, 1344), event_id: 47, trigger_script: 33, trigger_mode: 4, state: 1 }
learned exit AreaKey { scene: 3, anchor: (1216, 1408) } event=47 -> AreaKey { scene: 3, anchor: (1152, 1344) }
area teleport in scene 3 at frame 5826: (1248, 1456) -> (1168, 1368)
target scene=3 area=(1152, 1344) event=71 script=8146 mode=1 state=1 player=(1168, 1368) pos=(1296, 1448) path=61
marked destination touch VisitKey { scene: 3, area: (1216, 1408), event_id: 48, trigger_script: 60, trigger_mode: 4, state: 1 }
learned exit AreaKey { scene: 3, anchor: (1152, 1344) } event=48 -> AreaKey { scene: 3, anchor: (1216, 1408) }
area teleport in scene 3 at frame 5843: (1168, 1368) -> (1248, 1456)
continuing target event=71 across area (1216, 1408) path=2
learned targeted exit AreaKey { scene: 3, anchor: (1216, 1408) } event=71 -> AreaKey { scene: 3, anchor: (1152, 1344) }
marked destination touch VisitKey { scene: 3, area: (1152, 1344), event_id: 47, trigger_script: 33, trigger_mode: 4, state: 1 }
learned exit AreaKey { scene: 3, anchor: (1216, 1408) } event=47 -> AreaKey { scene: 3, anchor: (1152, 1344) }
area teleport in scene 3 at frame 5856: (1248, 1456) -> (1168, 1368)
target scene=3 area=(1152, 1344) event=71 script=8146 mode=1 state=1 player=(1168, 1368) pos=(1296, 1448) path=61
marked destination touch VisitKey { scene: 3, area: (1216, 1408), event_id: 48, trigger_script: 60, trigger_mode: 4, state: 1 }
learned exit AreaKey { scene: 3, anchor: (1152, 1344) } event=48 -> AreaKey { scene: 3, anchor: (1216, 1408) }
area teleport in scene 3 at frame 5873: (1168, 1368) -> (1248, 1456)
continuing target event=71 across area (1216, 1408) path=2
learned targeted exit AreaKey { scene: 3, anchor: (1216, 1408) } event=71 -> AreaKey { scene: 3, anchor: (1152, 1344) }
marked destination touch VisitKey { scene: 3, area: (1152, 1344), event_id: 47, trigger_script: 33, trigger_mode: 4, state: 1 }
learned exit AreaKey { scene: 3, anchor: (1216, 1408) } event=47 -> AreaKey { scene: 3, anchor: (1152, 1344) }
area teleport in scene 3 at frame 5886: (1248, 1456) -> (1168, 1368)
target scene=3 area=(1152, 1344) event=71 script=8146 mode=1 state=1 player=(1168, 1368) pos=(1296, 1448) path=61
marked destination touch VisitKey { scene: 3, area: (1216, 1408), event_id: 48, trigger_script: 60, trigger_mode: 4, state: 1 }
learned exit AreaKey { scene: 3, anchor: (1152, 1344) } event=48 -> AreaKey { scene: 3, anchor: (1216, 1408) }
area teleport in scene 3 at frame 5903: (1168, 1368) -> (1248, 1456)
continuing target event=71 across area (1216, 1408) path=2
learned targeted exit AreaKey { scene: 3, anchor: (1216, 1408) } event=71 -> AreaKey { scene: 3, anchor: (1152, 1344) }
marked destination touch VisitKey { scene: 3, area: (1152, 1344), event_id: 47, trigger_script: 33, trigger_mode: 4, state: 1 }
learned exit AreaKey { scene: 3, anchor: (1216, 1408) } event=47 -> AreaKey { scene: 3, anchor: (1152, 1344) }
area teleport in scene 3 at frame 5916: (1248, 1456) -> (1168, 1368)
target scene=3 area=(1152, 1344) event=71 script=8146 mode=1 state=1 player=(1168, 1368) pos=(1296, 1448) path=61
marked destination touch VisitKey { scene: 3, area: (1216, 1408), event_id: 48, trigger_script: 60, trigger_mode: 4, state: 1 }
learned exit AreaKey { scene: 3, anchor: (1152, 1344) } event=48 -> AreaKey { scene: 3, anchor: (1216, 1408) }
area teleport in scene 3 at frame 5933: (1168, 1368) -> (1248, 1456)
continuing target event=71 across area (1216, 1408) path=2
learned targeted exit AreaKey { scene: 3, anchor: (1216, 1408) } event=71 -> AreaKey { scene: 3, anchor: (1152, 1344) }
marked destination touch VisitKey { scene: 3, area: (1152, 1344), event_id: 47, trigger_script: 33, trigger_mode: 4, state: 1 }
learned exit AreaKey { scene: 3, anchor: (1216, 1408) } event=47 -> AreaKey { scene: 3, anchor: (1152, 1344) }
area teleport in scene 3 at frame 5946: (1248, 1456) -> (1168, 1368)
target scene=3 area=(1152, 1344) event=71 script=8146 mode=1 state=1 player=(1168, 1368) pos=(1296, 1448) path=61
marked destination touch VisitKey { scene: 3, area: (1216, 1408), event_id: 48, trigger_script: 60, trigger_mode: 4, state: 1 }
learned exit AreaKey { scene: 3, anchor: (1152, 1344) } event=48 -> AreaKey { scene: 3, anchor: (1216, 1408) }
area teleport in scene 3 at frame 5963: (1168, 1368) -> (1248, 1456)
continuing target event=71 across area (1216, 1408) path=2
learned targeted exit AreaKey { scene: 3, anchor: (1216, 1408) } event=71 -> AreaKey { scene: 3, anchor: (1152, 1344) }
marked destination touch VisitKey { scene: 3, area: (1152, 1344), event_id: 47, trigger_script: 33, trigger_mode: 4, state: 1 }
learned exit AreaKey { scene: 3, anchor: (1216, 1408) } event=47 -> AreaKey { scene: 3, anchor: (1152, 1344) }
area teleport in scene 3 at frame 5976: (1248, 1456) -> (1168, 1368)
target scene=3 area=(1152, 1344) event=71 script=8146 mode=1 state=1 player=(1168, 1368) pos=(1296, 1448) path=61
marked destination touch VisitKey { scene: 3, area: (1216, 1408), event_id: 48, trigger_script: 60, trigger_mode: 4, state: 1 }
learned exit AreaKey { scene: 3, anchor: (1152, 1344) } event=48 -> AreaKey { scene: 3, anchor: (1216, 1408) }
area teleport in scene 3 at frame 5993: (1168, 1368) -> (1248, 1456)
continuing target event=71 across area (1216, 1408) path=2
learned targeted exit AreaKey { scene: 3, anchor: (1216, 1408) } event=71 -> AreaKey { scene: 3, anchor: (1152, 1344) }
marked destination touch VisitKey { scene: 3, area: (1152, 1344), event_id: 47, trigger_script: 33, trigger_mode: 4, state: 1 }
learned exit AreaKey { scene: 3, anchor: (1216, 1408) } event=47 -> AreaKey { scene: 3, anchor: (1152, 1344) }
area teleport in scene 3 at frame 6006: (1248, 1456) -> (1168, 1368)
target scene=3 area=(1152, 1344) event=71 script=8146 mode=1 state=1 player=(1168, 1368) pos=(1296, 1448) path=61
marked destination touch VisitKey { scene: 3, area: (1216, 1408), event_id: 48, trigger_script: 60, trigger_mode: 4, state: 1 }
learned exit AreaKey { scene: 3, anchor: (1152, 1344) } event=48 -> AreaKey { scene: 3, anchor: (1216, 1408) }
area teleport in scene 3 at frame 6023: (1168, 1368) -> (1248, 1456)
continuing target event=71 across area (1216, 1408) path=2
learned targeted exit AreaKey { scene: 3, anchor: (1216, 1408) } event=71 -> AreaKey { scene: 3, anchor: (1152, 1344) }
marked destination touch VisitKey { scene: 3, area: (1152, 1344), event_id: 47, trigger_script: 33, trigger_mode: 4, state: 1 }
learned exit AreaKey { scene: 3, anchor: (1216, 1408) } event=47 -> AreaKey { scene: 3, anchor: (1152, 1344) }
area teleport in scene 3 at frame 6036: (1248, 1456) -> (1168, 1368)
target scene=3 area=(1152, 1344) event=71 script=8146 mode=1 state=1 player=(1168, 1368) pos=(1296, 1448) path=61
marked destination touch VisitKey { scene: 3, area: (1216, 1408), event_id: 48, trigger_script: 60, trigger_mode: 4, state: 1 }
learned exit AreaKey { scene: 3, anchor: (1152, 1344) } event=48 -> AreaKey { scene: 3, anchor: (1216, 1408) }
area teleport in scene 3 at frame 6053: (1168, 1368) -> (1248, 1456)
continuing target event=71 across area (1216, 1408) path=2
learned targeted exit AreaKey { scene: 3, anchor: (1216, 1408) } event=71 -> AreaKey { scene: 3, anchor: (1152, 1344) }
marked destination touch VisitKey { scene: 3, area: (1152, 1344), event_id: 47, trigger_script: 33, trigger_mode: 4, state: 1 }
learned exit AreaKey { scene: 3, anchor: (1216, 1408) } event=47 -> AreaKey { scene: 3, anchor: (1152, 1344) }
area teleport in scene 3 at frame 6066: (1248, 1456) -> (1168, 1368)
target scene=3 area=(1152, 1344) event=71 script=8146 mode=1 state=1 player=(1168, 1368) pos=(1296, 1448) path=61
marked destination touch VisitKey { scene: 3, area: (1216, 1408), event_id: 48, trigger_script: 60, trigger_mode: 4, state: 1 }
learned exit AreaKey { scene: 3, anchor: (1152, 1344) } event=48 -> AreaKey { scene: 3, anchor: (1216, 1408) }
area teleport in scene 3 at frame 6083: (1168, 1368) -> (1248, 1456)
continuing target event=71 across area (1216, 1408) path=2
learned targeted exit AreaKey { scene: 3, anchor: (1216, 1408) } event=71 -> AreaKey { scene: 3, anchor: (1152, 1344) }
marked destination touch VisitKey { scene: 3, area: (1152, 1344), event_id: 47, trigger_script: 33, trigger_mode: 4, state: 1 }
learned exit AreaKey { scene: 3, anchor: (1216, 1408) } event=47 -> AreaKey { scene: 3, anchor: (1152, 1344) }
area teleport in scene 3 at frame 6096: (1248, 1456) -> (1168, 1368)
target scene=3 area=(1152, 1344) event=71 script=8146 mode=1 state=1 player=(1168, 1368) pos=(1296, 1448) path=61
marked destination touch VisitKey { scene: 3, area: (1216, 1408), event_id: 48, trigger_script: 60, trigger_mode: 4, state: 1 }
learned exit AreaKey { scene: 3, anchor: (1152, 1344) } event=48 -> AreaKey { scene: 3, anchor: (1216, 1408) }
area teleport in scene 3 at frame 6113: (1168, 1368) -> (1248, 1456)
continuing target event=71 across area (1216, 1408) path=2
learned targeted exit AreaKey { scene: 3, anchor: (1216, 1408) } event=71 -> AreaKey { scene: 3, anchor: (1152, 1344) }
marked destination touch VisitKey { scene: 3, area: (1152, 1344), event_id: 47, trigger_script: 33, trigger_mode: 4, state: 1 }
learned exit AreaKey { scene: 3, anchor: (1216, 1408) } event=47 -> AreaKey { scene: 3, anchor: (1152, 1344) }
area teleport in scene 3 at frame 6126: (1248, 1456) -> (1168, 1368)
target scene=3 area=(1152, 1344) event=71 script=8146 mode=1 state=1 player=(1168, 1368) pos=(1296, 1448) path=61
marked destination touch VisitKey { scene: 3, area: (1216, 1408), event_id: 48, trigger_script: 60, trigger_mode: 4, state: 1 }
learned exit AreaKey { scene: 3, anchor: (1152, 1344) } event=48 -> AreaKey { scene: 3, anchor: (1216, 1408) }
area teleport in scene 3 at frame 6143: (1168, 1368) -> (1248, 1456)
continuing target event=71 across area (1216, 1408) path=2
learned targeted exit AreaKey { scene: 3, anchor: (1216, 1408) } event=71 -> AreaKey { scene: 3, anchor: (1152, 1344) }
marked destination touch VisitKey { scene: 3, area: (1152, 1344), event_id: 47, trigger_script: 33, trigger_mode: 4, state: 1 }
learned exit AreaKey { scene: 3, anchor: (1216, 1408) } event=47 -> AreaKey { scene: 3, anchor: (1152, 1344) }
area teleport in scene 3 at frame 6156: (1248, 1456) -> (1168, 1368)
target scene=3 area=(1152, 1344) event=71 script=8146 mode=1 state=1 player=(1168, 1368) pos=(1296, 1448) path=61
marked destination touch VisitKey { scene: 3, area: (1216, 1408), event_id: 48, trigger_script: 60, trigger_mode: 4, state: 1 }
learned exit AreaKey { scene: 3, anchor: (1152, 1344) } event=48 -> AreaKey { scene: 3, anchor: (1216, 1408) }
area teleport in scene 3 at frame 6173: (1168, 1368) -> (1248, 1456)
continuing target event=71 across area (1216, 1408) path=2
learned targeted exit AreaKey { scene: 3, anchor: (1216, 1408) } event=71 -> AreaKey { scene: 3, anchor: (1152, 1344) }
marked destination touch VisitKey { scene: 3, area: (1152, 1344), event_id: 47, trigger_script: 33, trigger_mode: 4, state: 1 }
learned exit AreaKey { scene: 3, anchor: (1216, 1408) } event=47 -> AreaKey { scene: 3, anchor: (1152, 1344) }
area teleport in scene 3 at frame 6186: (1248, 1456) -> (1168, 1368)
target scene=3 area=(1152, 1344) event=71 script=8146 mode=1 state=1 player=(1168, 1368) pos=(1296, 1448) path=61
marked destination touch VisitKey { scene: 3, area: (1216, 1408), event_id: 48, trigger_script: 60, trigger_mode: 4, state: 1 }
learned exit AreaKey { scene: 3, anchor: (1152, 1344) } event=48 -> AreaKey { scene: 3, anchor: (1216, 1408) }
area teleport in scene 3 at frame 6203: (1168, 1368) -> (1248, 1456)
continuing target event=71 across area (1216, 1408) path=2
learned targeted exit AreaKey { scene: 3, anchor: (1216, 1408) } event=71 -> AreaKey { scene: 3, anchor: (1152, 1344) }
marked destination touch VisitKey { scene: 3, area: (1152, 1344), event_id: 47, trigger_script: 33, trigger_mode: 4, state: 1 }
learned exit AreaKey { scene: 3, anchor: (1216, 1408) } event=47 -> AreaKey { scene: 3, anchor: (1152, 1344) }
area teleport in scene 3 at frame 6216: (1248, 1456) -> (1168, 1368)
target scene=3 area=(1152, 1344) event=71 script=8146 mode=1 state=1 player=(1168, 1368) pos=(1296, 1448) path=61
marked destination touch VisitKey { scene: 3, area: (1216, 1408), event_id: 48, trigger_script: 60, trigger_mode: 4, state: 1 }
learned exit AreaKey { scene: 3, anchor: (1152, 1344) } event=48 -> AreaKey { scene: 3, anchor: (1216, 1408) }
area teleport in scene 3 at frame 6233: (1168, 1368) -> (1248, 1456)
continuing target event=71 across area (1216, 1408) path=2
learned targeted exit AreaKey { scene: 3, anchor: (1216, 1408) } event=71 -> AreaKey { scene: 3, anchor: (1152, 1344) }
marked destination touch VisitKey { scene: 3, area: (1152, 1344), event_id: 47, trigger_script: 33, trigger_mode: 4, state: 1 }
learned exit AreaKey { scene: 3, anchor: (1216, 1408) } event=47 -> AreaKey { scene: 3, anchor: (1152, 1344) }
area teleport in scene 3 at frame 6246: (1248, 1456) -> (1168, 1368)
target scene=3 area=(1152, 1344) event=71 script=8146 mode=1 state=1 player=(1168, 1368) pos=(1296, 1448) path=61
marked destination touch VisitKey { scene: 3, area: (1216, 1408), event_id: 48, trigger_script: 60, trigger_mode: 4, state: 1 }
learned exit AreaKey { scene: 3, anchor: (1152, 1344) } event=48 -> AreaKey { scene: 3, anchor: (1216, 1408) }
area teleport in scene 3 at frame 6263: (1168, 1368) -> (1248, 1456)
continuing target event=71 across area (1216, 1408) path=2
learned targeted exit AreaKey { scene: 3, anchor: (1216, 1408) } event=71 -> AreaKey { scene: 3, anchor: (1152, 1344) }
marked destination touch VisitKey { scene: 3, area: (1152, 1344), event_id: 47, trigger_script: 33, trigger_mode: 4, state: 1 }
learned exit AreaKey { scene: 3, anchor: (1216, 1408) } event=47 -> AreaKey { scene: 3, anchor: (1152, 1344) }
area teleport in scene 3 at frame 6276: (1248, 1456) -> (1168, 1368)
target scene=3 area=(1152, 1344) event=71 script=8146 mode=1 state=1 player=(1168, 1368) pos=(1296, 1448) path=61
marked destination touch VisitKey { scene: 3, area: (1216, 1408), event_id: 48, trigger_script: 60, trigger_mode: 4, state: 1 }
learned exit AreaKey { scene: 3, anchor: (1152, 1344) } event=48 -> AreaKey { scene: 3, anchor: (1216, 1408) }
area teleport in scene 3 at frame 6293: (1168, 1368) -> (1248, 1456)
continuing target event=71 across area (1216, 1408) path=2
learned targeted exit AreaKey { scene: 3, anchor: (1216, 1408) } event=71 -> AreaKey { scene: 3, anchor: (1152, 1344) }
marked destination touch VisitKey { scene: 3, area: (1152, 1344), event_id: 47, trigger_script: 33, trigger_mode: 4, state: 1 }
learned exit AreaKey { scene: 3, anchor: (1216, 1408) } event=47 -> AreaKey { scene: 3, anchor: (1152, 1344) }
area teleport in scene 3 at frame 6306: (1248, 1456) -> (1168, 1368)
target scene=3 area=(1152, 1344) event=71 script=8146 mode=1 state=1 player=(1168, 1368) pos=(1296, 1448) path=61
marked destination touch VisitKey { scene: 3, area: (1216, 1408), event_id: 48, trigger_script: 60, trigger_mode: 4, state: 1 }
learned exit AreaKey { scene: 3, anchor: (1152, 1344) } event=48 -> AreaKey { scene: 3, anchor: (1216, 1408) }
area teleport in scene 3 at frame 6323: (1168, 1368) -> (1248, 1456)
continuing target event=71 across area (1216, 1408) path=2
learned targeted exit AreaKey { scene: 3, anchor: (1216, 1408) } event=71 -> AreaKey { scene: 3, anchor: (1152, 1344) }
marked destination touch VisitKey { scene: 3, area: (1152, 1344), event_id: 47, trigger_script: 33, trigger_mode: 4, state: 1 }
learned exit AreaKey { scene: 3, anchor: (1216, 1408) } event=47 -> AreaKey { scene: 3, anchor: (1152, 1344) }
area teleport in scene 3 at frame 6336: (1248, 1456) -> (1168, 1368)
target scene=3 area=(1152, 1344) event=71 script=8146 mode=1 state=1 player=(1168, 1368) pos=(1296, 1448) path=61
marked destination touch VisitKey { scene: 3, area: (1216, 1408), event_id: 48, trigger_script: 60, trigger_mode: 4, state: 1 }
learned exit AreaKey { scene: 3, anchor: (1152, 1344) } event=48 -> AreaKey { scene: 3, anchor: (1216, 1408) }
area teleport in scene 3 at frame 6353: (1168, 1368) -> (1248, 1456)
continuing target event=71 across area (1216, 1408) path=2
learned targeted exit AreaKey { scene: 3, anchor: (1216, 1408) } event=71 -> AreaKey { scene: 3, anchor: (1152, 1344) }
marked destination touch VisitKey { scene: 3, area: (1152, 1344), event_id: 47, trigger_script: 33, trigger_mode: 4, state: 1 }
learned exit AreaKey { scene: 3, anchor: (1216, 1408) } event=47 -> AreaKey { scene: 3, anchor: (1152, 1344) }
area teleport in scene 3 at frame 6366: (1248, 1456) -> (1168, 1368)
target scene=3 area=(1152, 1344) event=71 script=8146 mode=1 state=1 player=(1168, 1368) pos=(1296, 1448) path=61
marked destination touch VisitKey { scene: 3, area: (1216, 1408), event_id: 48, trigger_script: 60, trigger_mode: 4, state: 1 }
learned exit AreaKey { scene: 3, anchor: (1152, 1344) } event=48 -> AreaKey { scene: 3, anchor: (1216, 1408) }
area teleport in scene 3 at frame 6383: (1168, 1368) -> (1248, 1456)
continuing target event=71 across area (1216, 1408) path=2
learned targeted exit AreaKey { scene: 3, anchor: (1216, 1408) } event=71 -> AreaKey { scene: 3, anchor: (1152, 1344) }
marked destination touch VisitKey { scene: 3, area: (1152, 1344), event_id: 47, trigger_script: 33, trigger_mode: 4, state: 1 }
learned exit AreaKey { scene: 3, anchor: (1216, 1408) } event=47 -> AreaKey { scene: 3, anchor: (1152, 1344) }
area teleport in scene 3 at frame 6396: (1248, 1456) -> (1168, 1368)
target scene=3 area=(1152, 1344) event=71 script=8146 mode=1 state=1 player=(1168, 1368) pos=(1296, 1448) path=61
marked destination touch VisitKey { scene: 3, area: (1216, 1408), event_id: 48, trigger_script: 60, trigger_mode: 4, state: 1 }
learned exit AreaKey { scene: 3, anchor: (1152, 1344) } event=48 -> AreaKey { scene: 3, anchor: (1216, 1408) }
area teleport in scene 3 at frame 6413: (1168, 1368) -> (1248, 1456)
continuing target event=71 across area (1216, 1408) path=2
learned targeted exit AreaKey { scene: 3, anchor: (1216, 1408) } event=71 -> AreaKey { scene: 3, anchor: (1152, 1344) }
marked destination touch VisitKey { scene: 3, area: (1152, 1344), event_id: 47, trigger_script: 33, trigger_mode: 4, state: 1 }
learned exit AreaKey { scene: 3, anchor: (1216, 1408) } event=47 -> AreaKey { scene: 3, anchor: (1152, 1344) }
area teleport in scene 3 at frame 6426: (1248, 1456) -> (1168, 1368)
target scene=3 area=(1152, 1344) event=71 script=8146 mode=1 state=1 player=(1168, 1368) pos=(1296, 1448) path=61
marked destination touch VisitKey { scene: 3, area: (1216, 1408), event_id: 48, trigger_script: 60, trigger_mode: 4, state: 1 }
learned exit AreaKey { scene: 3, anchor: (1152, 1344) } event=48 -> AreaKey { scene: 3, anchor: (1216, 1408) }
area teleport in scene 3 at frame 6443: (1168, 1368) -> (1248, 1456)
continuing target event=71 across area (1216, 1408) path=2
learned targeted exit AreaKey { scene: 3, anchor: (1216, 1408) } event=71 -> AreaKey { scene: 3, anchor: (1152, 1344) }
marked destination touch VisitKey { scene: 3, area: (1152, 1344), event_id: 47, trigger_script: 33, trigger_mode: 4, state: 1 }
learned exit AreaKey { scene: 3, anchor: (1216, 1408) } event=47 -> AreaKey { scene: 3, anchor: (1152, 1344) }
area teleport in scene 3 at frame 6456: (1248, 1456) -> (1168, 1368)
target scene=3 area=(1152, 1344) event=71 script=8146 mode=1 state=1 player=(1168, 1368) pos=(1296, 1448) path=61
marked destination touch VisitKey { scene: 3, area: (1216, 1408), event_id: 48, trigger_script: 60, trigger_mode: 4, state: 1 }
learned exit AreaKey { scene: 3, anchor: (1152, 1344) } event=48 -> AreaKey { scene: 3, anchor: (1216, 1408) }
area teleport in scene 3 at frame 6473: (1168, 1368) -> (1248, 1456)
continuing target event=71 across area (1216, 1408) path=2
learned targeted exit AreaKey { scene: 3, anchor: (1216, 1408) } event=71 -> AreaKey { scene: 3, anchor: (1152, 1344) }
marked destination touch VisitKey { scene: 3, area: (1152, 1344), event_id: 47, trigger_script: 33, trigger_mode: 4, state: 1 }
learned exit AreaKey { scene: 3, anchor: (1216, 1408) } event=47 -> AreaKey { scene: 3, anchor: (1152, 1344) }
area teleport in scene 3 at frame 6486: (1248, 1456) -> (1168, 1368)
target scene=3 area=(1152, 1344) event=71 script=8146 mode=1 state=1 player=(1168, 1368) pos=(1296, 1448) path=61
marked destination touch VisitKey { scene: 3, area: (1216, 1408), event_id: 48, trigger_script: 60, trigger_mode: 4, state: 1 }
learned exit AreaKey { scene: 3, anchor: (1152, 1344) } event=48 -> AreaKey { scene: 3, anchor: (1216, 1408) }
area teleport in scene 3 at frame 6503: (1168, 1368) -> (1248, 1456)
continuing target event=71 across area (1216, 1408) path=2
learned targeted exit AreaKey { scene: 3, anchor: (1216, 1408) } event=71 -> AreaKey { scene: 3, anchor: (1152, 1344) }
marked destination touch VisitKey { scene: 3, area: (1152, 1344), event_id: 47, trigger_script: 33, trigger_mode: 4, state: 1 }
learned exit AreaKey { scene: 3, anchor: (1216, 1408) } event=47 -> AreaKey { scene: 3, anchor: (1152, 1344) }
area teleport in scene 3 at frame 6516: (1248, 1456) -> (1168, 1368)
target scene=3 area=(1152, 1344) event=71 script=8146 mode=1 state=1 player=(1168, 1368) pos=(1296, 1448) path=61
marked destination touch VisitKey { scene: 3, area: (1216, 1408), event_id: 48, trigger_script: 60, trigger_mode: 4, state: 1 }
learned exit AreaKey { scene: 3, anchor: (1152, 1344) } event=48 -> AreaKey { scene: 3, anchor: (1216, 1408) }
area teleport in scene 3 at frame 6533: (1168, 1368) -> (1248, 1456)
continuing target event=71 across area (1216, 1408) path=2
learned targeted exit AreaKey { scene: 3, anchor: (1216, 1408) } event=71 -> AreaKey { scene: 3, anchor: (1152, 1344) }
marked destination touch VisitKey { scene: 3, area: (1152, 1344), event_id: 47, trigger_script: 33, trigger_mode: 4, state: 1 }
learned exit AreaKey { scene: 3, anchor: (1216, 1408) } event=47 -> AreaKey { scene: 3, anchor: (1152, 1344) }
area teleport in scene 3 at frame 6546: (1248, 1456) -> (1168, 1368)
target scene=3 area=(1152, 1344) event=71 script=8146 mode=1 state=1 player=(1168, 1368) pos=(1296, 1448) path=61
marked destination touch VisitKey { scene: 3, area: (1216, 1408), event_id: 48, trigger_script: 60, trigger_mode: 4, state: 1 }
learned exit AreaKey { scene: 3, anchor: (1152, 1344) } event=48 -> AreaKey { scene: 3, anchor: (1216, 1408) }
area teleport in scene 3 at frame 6563: (1168, 1368) -> (1248, 1456)
continuing target event=71 across area (1216, 1408) path=2
learned targeted exit AreaKey { scene: 3, anchor: (1216, 1408) } event=71 -> AreaKey { scene: 3, anchor: (1152, 1344) }
marked destination touch VisitKey { scene: 3, area: (1152, 1344), event_id: 47, trigger_script: 33, trigger_mode: 4, state: 1 }
learned exit AreaKey { scene: 3, anchor: (1216, 1408) } event=47 -> AreaKey { scene: 3, anchor: (1152, 1344) }
area teleport in scene 3 at frame 6576: (1248, 1456) -> (1168, 1368)
target scene=3 area=(1152, 1344) event=71 script=8146 mode=1 state=1 player=(1168, 1368) pos=(1296, 1448) path=61
marked destination touch VisitKey { scene: 3, area: (1216, 1408), event_id: 48, trigger_script: 60, trigger_mode: 4, state: 1 }
learned exit AreaKey { scene: 3, anchor: (1152, 1344) } event=48 -> AreaKey { scene: 3, anchor: (1216, 1408) }
area teleport in scene 3 at frame 6593: (1168, 1368) -> (1248, 1456)
continuing target event=71 across area (1216, 1408) path=2
learned targeted exit AreaKey { scene: 3, anchor: (1216, 1408) } event=71 -> AreaKey { scene: 3, anchor: (1152, 1344) }
marked destination touch VisitKey { scene: 3, area: (1152, 1344), event_id: 47, trigger_script: 33, trigger_mode: 4, state: 1 }
learned exit AreaKey { scene: 3, anchor: (1216, 1408) } event=47 -> AreaKey { scene: 3, anchor: (1152, 1344) }
area teleport in scene 3 at frame 6606: (1248, 1456) -> (1168, 1368)
target scene=3 area=(1152, 1344) event=71 script=8146 mode=1 state=1 player=(1168, 1368) pos=(1296, 1448) path=61
marked destination touch VisitKey { scene: 3, area: (1216, 1408), event_id: 48, trigger_script: 60, trigger_mode: 4, state: 1 }
learned exit AreaKey { scene: 3, anchor: (1152, 1344) } event=48 -> AreaKey { scene: 3, anchor: (1216, 1408) }
area teleport in scene 3 at frame 6623: (1168, 1368) -> (1248, 1456)
continuing target event=71 across area (1216, 1408) path=2
learned targeted exit AreaKey { scene: 3, anchor: (1216, 1408) } event=71 -> AreaKey { scene: 3, anchor: (1152, 1344) }
marked destination touch VisitKey { scene: 3, area: (1152, 1344), event_id: 47, trigger_script: 33, trigger_mode: 4, state: 1 }
learned exit AreaKey { scene: 3, anchor: (1216, 1408) } event=47 -> AreaKey { scene: 3, anchor: (1152, 1344) }
area teleport in scene 3 at frame 6636: (1248, 1456) -> (1168, 1368)
target scene=3 area=(1152, 1344) event=71 script=8146 mode=1 state=1 player=(1168, 1368) pos=(1296, 1448) path=61
marked destination touch VisitKey { scene: 3, area: (1216, 1408), event_id: 48, trigger_script: 60, trigger_mode: 4, state: 1 }
learned exit AreaKey { scene: 3, anchor: (1152, 1344) } event=48 -> AreaKey { scene: 3, anchor: (1216, 1408) }
area teleport in scene 3 at frame 6653: (1168, 1368) -> (1248, 1456)
continuing target event=71 across area (1216, 1408) path=2
learned targeted exit AreaKey { scene: 3, anchor: (1216, 1408) } event=71 -> AreaKey { scene: 3, anchor: (1152, 1344) }
marked destination touch VisitKey { scene: 3, area: (1152, 1344), event_id: 47, trigger_script: 33, trigger_mode: 4, state: 1 }
learned exit AreaKey { scene: 3, anchor: (1216, 1408) } event=47 -> AreaKey { scene: 3, anchor: (1152, 1344) }
area teleport in scene 3 at frame 6666: (1248, 1456) -> (1168, 1368)
target scene=3 area=(1152, 1344) event=71 script=8146 mode=1 state=1 player=(1168, 1368) pos=(1296, 1448) path=61
marked destination touch VisitKey { scene: 3, area: (1216, 1408), event_id: 48, trigger_script: 60, trigger_mode: 4, state: 1 }
learned exit AreaKey { scene: 3, anchor: (1152, 1344) } event=48 -> AreaKey { scene: 3, anchor: (1216, 1408) }
area teleport in scene 3 at frame 6683: (1168, 1368) -> (1248, 1456)
continuing target event=71 across area (1216, 1408) path=2
learned targeted exit AreaKey { scene: 3, anchor: (1216, 1408) } event=71 -> AreaKey { scene: 3, anchor: (1152, 1344) }
marked destination touch VisitKey { scene: 3, area: (1152, 1344), event_id: 47, trigger_script: 33, trigger_mode: 4, state: 1 }
learned exit AreaKey { scene: 3, anchor: (1216, 1408) } event=47 -> AreaKey { scene: 3, anchor: (1152, 1344) }
area teleport in scene 3 at frame 6696: (1248, 1456) -> (1168, 1368)
target scene=3 area=(1152, 1344) event=71 script=8146 mode=1 state=1 player=(1168, 1368) pos=(1296, 1448) path=61
marked destination touch VisitKey { scene: 3, area: (1216, 1408), event_id: 48, trigger_script: 60, trigger_mode: 4, state: 1 }
learned exit AreaKey { scene: 3, anchor: (1152, 1344) } event=48 -> AreaKey { scene: 3, anchor: (1216, 1408) }
area teleport in scene 3 at frame 6713: (1168, 1368) -> (1248, 1456)
continuing target event=71 across area (1216, 1408) path=2
learned targeted exit AreaKey { scene: 3, anchor: (1216, 1408) } event=71 -> AreaKey { scene: 3, anchor: (1152, 1344) }
marked destination touch VisitKey { scene: 3, area: (1152, 1344), event_id: 47, trigger_script: 33, trigger_mode: 4, state: 1 }
learned exit AreaKey { scene: 3, anchor: (1216, 1408) } event=47 -> AreaKey { scene: 3, anchor: (1152, 1344) }
area teleport in scene 3 at frame 6726: (1248, 1456) -> (1168, 1368)
target scene=3 area=(1152, 1344) event=71 script=8146 mode=1 state=1 player=(1168, 1368) pos=(1296, 1448) path=61
marked destination touch VisitKey { scene: 3, area: (1216, 1408), event_id: 48, trigger_script: 60, trigger_mode: 4, state: 1 }
learned exit AreaKey { scene: 3, anchor: (1152, 1344) } event=48 -> AreaKey { scene: 3, anchor: (1216, 1408) }
area teleport in scene 3 at frame 6743: (1168, 1368) -> (1248, 1456)
continuing target event=71 across area (1216, 1408) path=2
learned targeted exit AreaKey { scene: 3, anchor: (1216, 1408) } event=71 -> AreaKey { scene: 3, anchor: (1152, 1344) }
marked destination touch VisitKey { scene: 3, area: (1152, 1344), event_id: 47, trigger_script: 33, trigger_mode: 4, state: 1 }
learned exit AreaKey { scene: 3, anchor: (1216, 1408) } event=47 -> AreaKey { scene: 3, anchor: (1152, 1344) }
area teleport in scene 3 at frame 6756: (1248, 1456) -> (1168, 1368)
target scene=3 area=(1152, 1344) event=71 script=8146 mode=1 state=1 player=(1168, 1368) pos=(1296, 1448) path=61
marked destination touch VisitKey { scene: 3, area: (1216, 1408), event_id: 48, trigger_script: 60, trigger_mode: 4, state: 1 }
learned exit AreaKey { scene: 3, anchor: (1152, 1344) } event=48 -> AreaKey { scene: 3, anchor: (1216, 1408) }
area teleport in scene 3 at frame 6773: (1168, 1368) -> (1248, 1456)
continuing target event=71 across area (1216, 1408) path=2
learned targeted exit AreaKey { scene: 3, anchor: (1216, 1408) } event=71 -> AreaKey { scene: 3, anchor: (1152, 1344) }
marked destination touch VisitKey { scene: 3, area: (1152, 1344), event_id: 47, trigger_script: 33, trigger_mode: 4, state: 1 }
learned exit AreaKey { scene: 3, anchor: (1216, 1408) } event=47 -> AreaKey { scene: 3, anchor: (1152, 1344) }
area teleport in scene 3 at frame 6786: (1248, 1456) -> (1168, 1368)
target scene=3 area=(1152, 1344) event=71 script=8146 mode=1 state=1 player=(1168, 1368) pos=(1296, 1448) path=61
marked destination touch VisitKey { scene: 3, area: (1216, 1408), event_id: 48, trigger_script: 60, trigger_mode: 4, state: 1 }
learned exit AreaKey { scene: 3, anchor: (1152, 1344) } event=48 -> AreaKey { scene: 3, anchor: (1216, 1408) }
area teleport in scene 3 at frame 6803: (1168, 1368) -> (1248, 1456)
continuing target event=71 across area (1216, 1408) path=2
learned targeted exit AreaKey { scene: 3, anchor: (1216, 1408) } event=71 -> AreaKey { scene: 3, anchor: (1152, 1344) }
marked destination touch VisitKey { scene: 3, area: (1152, 1344), event_id: 47, trigger_script: 33, trigger_mode: 4, state: 1 }
learned exit AreaKey { scene: 3, anchor: (1216, 1408) } event=47 -> AreaKey { scene: 3, anchor: (1152, 1344) }
area teleport in scene 3 at frame 6816: (1248, 1456) -> (1168, 1368)
target scene=3 area=(1152, 1344) event=71 script=8146 mode=1 state=1 player=(1168, 1368) pos=(1296, 1448) path=61
marked destination touch VisitKey { scene: 3, area: (1216, 1408), event_id: 48, trigger_script: 60, trigger_mode: 4, state: 1 }
learned exit AreaKey { scene: 3, anchor: (1152, 1344) } event=48 -> AreaKey { scene: 3, anchor: (1216, 1408) }
area teleport in scene 3 at frame 6833: (1168, 1368) -> (1248, 1456)
continuing target event=71 across area (1216, 1408) path=2
learned targeted exit AreaKey { scene: 3, anchor: (1216, 1408) } event=71 -> AreaKey { scene: 3, anchor: (1152, 1344) }
marked destination touch VisitKey { scene: 3, area: (1152, 1344), event_id: 47, trigger_script: 33, trigger_mode: 4, state: 1 }
learned exit AreaKey { scene: 3, anchor: (1216, 1408) } event=47 -> AreaKey { scene: 3, anchor: (1152, 1344) }
area teleport in scene 3 at frame 6846: (1248, 1456) -> (1168, 1368)
target scene=3 area=(1152, 1344) event=71 script=8146 mode=1 state=1 player=(1168, 1368) pos=(1296, 1448) path=61
marked destination touch VisitKey { scene: 3, area: (1216, 1408), event_id: 48, trigger_script: 60, trigger_mode: 4, state: 1 }
learned exit AreaKey { scene: 3, anchor: (1152, 1344) } event=48 -> AreaKey { scene: 3, anchor: (1216, 1408) }
area teleport in scene 3 at frame 6863: (1168, 1368) -> (1248, 1456)
continuing target event=71 across area (1216, 1408) path=2
learned targeted exit AreaKey { scene: 3, anchor: (1216, 1408) } event=71 -> AreaKey { scene: 3, anchor: (1152, 1344) }
marked destination touch VisitKey { scene: 3, area: (1152, 1344), event_id: 47, trigger_script: 33, trigger_mode: 4, state: 1 }
learned exit AreaKey { scene: 3, anchor: (1216, 1408) } event=47 -> AreaKey { scene: 3, anchor: (1152, 1344) }
area teleport in scene 3 at frame 6876: (1248, 1456) -> (1168, 1368)
target scene=3 area=(1152, 1344) event=71 script=8146 mode=1 state=1 player=(1168, 1368) pos=(1296, 1448) path=61
marked destination touch VisitKey { scene: 3, area: (1216, 1408), event_id: 48, trigger_script: 60, trigger_mode: 4, state: 1 }
learned exit AreaKey { scene: 3, anchor: (1152, 1344) } event=48 -> AreaKey { scene: 3, anchor: (1216, 1408) }
area teleport in scene 3 at frame 6893: (1168, 1368) -> (1248, 1456)
continuing target event=71 across area (1216, 1408) path=2
learned targeted exit AreaKey { scene: 3, anchor: (1216, 1408) } event=71 -> AreaKey { scene: 3, anchor: (1152, 1344) }
marked destination touch VisitKey { scene: 3, area: (1152, 1344), event_id: 47, trigger_script: 33, trigger_mode: 4, state: 1 }
learned exit AreaKey { scene: 3, anchor: (1216, 1408) } event=47 -> AreaKey { scene: 3, anchor: (1152, 1344) }
area teleport in scene 3 at frame 6906: (1248, 1456) -> (1168, 1368)
target scene=3 area=(1152, 1344) event=71 script=8146 mode=1 state=1 player=(1168, 1368) pos=(1296, 1448) path=61
marked destination touch VisitKey { scene: 3, area: (1216, 1408), event_id: 48, trigger_script: 60, trigger_mode: 4, state: 1 }
learned exit AreaKey { scene: 3, anchor: (1152, 1344) } event=48 -> AreaKey { scene: 3, anchor: (1216, 1408) }
area teleport in scene 3 at frame 6923: (1168, 1368) -> (1248, 1456)
continuing target event=71 across area (1216, 1408) path=2
learned targeted exit AreaKey { scene: 3, anchor: (1216, 1408) } event=71 -> AreaKey { scene: 3, anchor: (1152, 1344) }
marked destination touch VisitKey { scene: 3, area: (1152, 1344), event_id: 47, trigger_script: 33, trigger_mode: 4, state: 1 }
learned exit AreaKey { scene: 3, anchor: (1216, 1408) } event=47 -> AreaKey { scene: 3, anchor: (1152, 1344) }
area teleport in scene 3 at frame 6936: (1248, 1456) -> (1168, 1368)
target scene=3 area=(1152, 1344) event=71 script=8146 mode=1 state=1 player=(1168, 1368) pos=(1296, 1448) path=61
marked destination touch VisitKey { scene: 3, area: (1216, 1408), event_id: 48, trigger_script: 60, trigger_mode: 4, state: 1 }
learned exit AreaKey { scene: 3, anchor: (1152, 1344) } event=48 -> AreaKey { scene: 3, anchor: (1216, 1408) }
area teleport in scene 3 at frame 6953: (1168, 1368) -> (1248, 1456)
continuing target event=71 across area (1216, 1408) path=2
learned targeted exit AreaKey { scene: 3, anchor: (1216, 1408) } event=71 -> AreaKey { scene: 3, anchor: (1152, 1344) }
marked destination touch VisitKey { scene: 3, area: (1152, 1344), event_id: 47, trigger_script: 33, trigger_mode: 4, state: 1 }
learned exit AreaKey { scene: 3, anchor: (1216, 1408) } event=47 -> AreaKey { scene: 3, anchor: (1152, 1344) }
area teleport in scene 3 at frame 6966: (1248, 1456) -> (1168, 1368)
target scene=3 area=(1152, 1344) event=71 script=8146 mode=1 state=1 player=(1168, 1368) pos=(1296, 1448) path=61
marked destination touch VisitKey { scene: 3, area: (1216, 1408), event_id: 48, trigger_script: 60, trigger_mode: 4, state: 1 }
learned exit AreaKey { scene: 3, anchor: (1152, 1344) } event=48 -> AreaKey { scene: 3, anchor: (1216, 1408) }
area teleport in scene 3 at frame 6983: (1168, 1368) -> (1248, 1456)
continuing target event=71 across area (1216, 1408) path=2
learned targeted exit AreaKey { scene: 3, anchor: (1216, 1408) } event=71 -> AreaKey { scene: 3, anchor: (1152, 1344) }
marked destination touch VisitKey { scene: 3, area: (1152, 1344), event_id: 47, trigger_script: 33, trigger_mode: 4, state: 1 }
learned exit AreaKey { scene: 3, anchor: (1216, 1408) } event=47 -> AreaKey { scene: 3, anchor: (1152, 1344) }
area teleport in scene 3 at frame 6996: (1248, 1456) -> (1168, 1368)
target scene=3 area=(1152, 1344) event=71 script=8146 mode=1 state=1 player=(1168, 1368) pos=(1296, 1448) path=61
marked destination touch VisitKey { scene: 3, area: (1216, 1408), event_id: 48, trigger_script: 60, trigger_mode: 4, state: 1 }
learned exit AreaKey { scene: 3, anchor: (1152, 1344) } event=48 -> AreaKey { scene: 3, anchor: (1216, 1408) }
area teleport in scene 3 at frame 7013: (1168, 1368) -> (1248, 1456)
continuing target event=71 across area (1216, 1408) path=2
learned targeted exit AreaKey { scene: 3, anchor: (1216, 1408) } event=71 -> AreaKey { scene: 3, anchor: (1152, 1344) }
marked destination touch VisitKey { scene: 3, area: (1152, 1344), event_id: 47, trigger_script: 33, trigger_mode: 4, state: 1 }
learned exit AreaKey { scene: 3, anchor: (1216, 1408) } event=47 -> AreaKey { scene: 3, anchor: (1152, 1344) }
area teleport in scene 3 at frame 7026: (1248, 1456) -> (1168, 1368)
target scene=3 area=(1152, 1344) event=71 script=8146 mode=1 state=1 player=(1168, 1368) pos=(1296, 1448) path=61
marked destination touch VisitKey { scene: 3, area: (1216, 1408), event_id: 48, trigger_script: 60, trigger_mode: 4, state: 1 }
learned exit AreaKey { scene: 3, anchor: (1152, 1344) } event=48 -> AreaKey { scene: 3, anchor: (1216, 1408) }
area teleport in scene 3 at frame 7043: (1168, 1368) -> (1248, 1456)
continuing target event=71 across area (1216, 1408) path=2
learned targeted exit AreaKey { scene: 3, anchor: (1216, 1408) } event=71 -> AreaKey { scene: 3, anchor: (1152, 1344) }
marked destination touch VisitKey { scene: 3, area: (1152, 1344), event_id: 47, trigger_script: 33, trigger_mode: 4, state: 1 }
learned exit AreaKey { scene: 3, anchor: (1216, 1408) } event=47 -> AreaKey { scene: 3, anchor: (1152, 1344) }
area teleport in scene 3 at frame 7056: (1248, 1456) -> (1168, 1368)
target scene=3 area=(1152, 1344) event=71 script=8146 mode=1 state=1 player=(1168, 1368) pos=(1296, 1448) path=61
marked destination touch VisitKey { scene: 3, area: (1216, 1408), event_id: 48, trigger_script: 60, trigger_mode: 4, state: 1 }
learned exit AreaKey { scene: 3, anchor: (1152, 1344) } event=48 -> AreaKey { scene: 3, anchor: (1216, 1408) }
area teleport in scene 3 at frame 7073: (1168, 1368) -> (1248, 1456)
continuing target event=71 across area (1216, 1408) path=2
learned targeted exit AreaKey { scene: 3, anchor: (1216, 1408) } event=71 -> AreaKey { scene: 3, anchor: (1152, 1344) }
marked destination touch VisitKey { scene: 3, area: (1152, 1344), event_id: 47, trigger_script: 33, trigger_mode: 4, state: 1 }
learned exit AreaKey { scene: 3, anchor: (1216, 1408) } event=47 -> AreaKey { scene: 3, anchor: (1152, 1344) }
area teleport in scene 3 at frame 7086: (1248, 1456) -> (1168, 1368)
target scene=3 area=(1152, 1344) event=71 script=8146 mode=1 state=1 player=(1168, 1368) pos=(1296, 1448) path=61
marked destination touch VisitKey { scene: 3, area: (1216, 1408), event_id: 48, trigger_script: 60, trigger_mode: 4, state: 1 }
learned exit AreaKey { scene: 3, anchor: (1152, 1344) } event=48 -> AreaKey { scene: 3, anchor: (1216, 1408) }
area teleport in scene 3 at frame 7103: (1168, 1368) -> (1248, 1456)
continuing target event=71 across area (1216, 1408) path=2
learned targeted exit AreaKey { scene: 3, anchor: (1216, 1408) } event=71 -> AreaKey { scene: 3, anchor: (1152, 1344) }
marked destination touch VisitKey { scene: 3, area: (1152, 1344), event_id: 47, trigger_script: 33, trigger_mode: 4, state: 1 }
learned exit AreaKey { scene: 3, anchor: (1216, 1408) } event=47 -> AreaKey { scene: 3, anchor: (1152, 1344) }
area teleport in scene 3 at frame 7116: (1248, 1456) -> (1168, 1368)
target scene=3 area=(1152, 1344) event=71 script=8146 mode=1 state=1 player=(1168, 1368) pos=(1296, 1448) path=61
marked destination touch VisitKey { scene: 3, area: (1216, 1408), event_id: 48, trigger_script: 60, trigger_mode: 4, state: 1 }
learned exit AreaKey { scene: 3, anchor: (1152, 1344) } event=48 -> AreaKey { scene: 3, anchor: (1216, 1408) }
area teleport in scene 3 at frame 7133: (1168, 1368) -> (1248, 1456)
continuing target event=71 across area (1216, 1408) path=2
learned targeted exit AreaKey { scene: 3, anchor: (1216, 1408) } event=71 -> AreaKey { scene: 3, anchor: (1152, 1344) }
marked destination touch VisitKey { scene: 3, area: (1152, 1344), event_id: 47, trigger_script: 33, trigger_mode: 4, state: 1 }
learned exit AreaKey { scene: 3, anchor: (1216, 1408) } event=47 -> AreaKey { scene: 3, anchor: (1152, 1344) }
area teleport in scene 3 at frame 7146: (1248, 1456) -> (1168, 1368)
target scene=3 area=(1152, 1344) event=71 script=8146 mode=1 state=1 player=(1168, 1368) pos=(1296, 1448) path=61
marked destination touch VisitKey { scene: 3, area: (1216, 1408), event_id: 48, trigger_script: 60, trigger_mode: 4, state: 1 }
learned exit AreaKey { scene: 3, anchor: (1152, 1344) } event=48 -> AreaKey { scene: 3, anchor: (1216, 1408) }
area teleport in scene 3 at frame 7163: (1168, 1368) -> (1248, 1456)
continuing target event=71 across area (1216, 1408) path=2
learned targeted exit AreaKey { scene: 3, anchor: (1216, 1408) } event=71 -> AreaKey { scene: 3, anchor: (1152, 1344) }
marked destination touch VisitKey { scene: 3, area: (1152, 1344), event_id: 47, trigger_script: 33, trigger_mode: 4, state: 1 }
learned exit AreaKey { scene: 3, anchor: (1216, 1408) } event=47 -> AreaKey { scene: 3, anchor: (1152, 1344) }
area teleport in scene 3 at frame 7176: (1248, 1456) -> (1168, 1368)
target scene=3 area=(1152, 1344) event=71 script=8146 mode=1 state=1 player=(1168, 1368) pos=(1296, 1448) path=61
marked destination touch VisitKey { scene: 3, area: (1216, 1408), event_id: 48, trigger_script: 60, trigger_mode: 4, state: 1 }
learned exit AreaKey { scene: 3, anchor: (1152, 1344) } event=48 -> AreaKey { scene: 3, anchor: (1216, 1408) }
area teleport in scene 3 at frame 7193: (1168, 1368) -> (1248, 1456)
continuing target event=71 across area (1216, 1408) path=2
learned targeted exit AreaKey { scene: 3, anchor: (1216, 1408) } event=71 -> AreaKey { scene: 3, anchor: (1152, 1344) }
marked destination touch VisitKey { scene: 3, area: (1152, 1344), event_id: 47, trigger_script: 33, trigger_mode: 4, state: 1 }
learned exit AreaKey { scene: 3, anchor: (1216, 1408) } event=47 -> AreaKey { scene: 3, anchor: (1152, 1344) }
area teleport in scene 3 at frame 7206: (1248, 1456) -> (1168, 1368)
target scene=3 area=(1152, 1344) event=71 script=8146 mode=1 state=1 player=(1168, 1368) pos=(1296, 1448) path=61
marked destination touch VisitKey { scene: 3, area: (1216, 1408), event_id: 48, trigger_script: 60, trigger_mode: 4, state: 1 }
learned exit AreaKey { scene: 3, anchor: (1152, 1344) } event=48 -> AreaKey { scene: 3, anchor: (1216, 1408) }
area teleport in scene 3 at frame 7223: (1168, 1368) -> (1248, 1456)
continuing target event=71 across area (1216, 1408) path=2
learned targeted exit AreaKey { scene: 3, anchor: (1216, 1408) } event=71 -> AreaKey { scene: 3, anchor: (1152, 1344) }
marked destination touch VisitKey { scene: 3, area: (1152, 1344), event_id: 47, trigger_script: 33, trigger_mode: 4, state: 1 }
learned exit AreaKey { scene: 3, anchor: (1216, 1408) } event=47 -> AreaKey { scene: 3, anchor: (1152, 1344) }
area teleport in scene 3 at frame 7236: (1248, 1456) -> (1168, 1368)
target scene=3 area=(1152, 1344) event=71 script=8146 mode=1 state=1 player=(1168, 1368) pos=(1296, 1448) path=61
marked destination touch VisitKey { scene: 3, area: (1216, 1408), event_id: 48, trigger_script: 60, trigger_mode: 4, state: 1 }
learned exit AreaKey { scene: 3, anchor: (1152, 1344) } event=48 -> AreaKey { scene: 3, anchor: (1216, 1408) }
area teleport in scene 3 at frame 7253: (1168, 1368) -> (1248, 1456)
continuing target event=71 across area (1216, 1408) path=2
learned targeted exit AreaKey { scene: 3, anchor: (1216, 1408) } event=71 -> AreaKey { scene: 3, anchor: (1152, 1344) }
marked destination touch VisitKey { scene: 3, area: (1152, 1344), event_id: 47, trigger_script: 33, trigger_mode: 4, state: 1 }
learned exit AreaKey { scene: 3, anchor: (1216, 1408) } event=47 -> AreaKey { scene: 3, anchor: (1152, 1344) }
area teleport in scene 3 at frame 7266: (1248, 1456) -> (1168, 1368)
target scene=3 area=(1152, 1344) event=71 script=8146 mode=1 state=1 player=(1168, 1368) pos=(1296, 1448) path=61
marked destination touch VisitKey { scene: 3, area: (1216, 1408), event_id: 48, trigger_script: 60, trigger_mode: 4, state: 1 }
learned exit AreaKey { scene: 3, anchor: (1152, 1344) } event=48 -> AreaKey { scene: 3, anchor: (1216, 1408) }
area teleport in scene 3 at frame 7283: (1168, 1368) -> (1248, 1456)
continuing target event=71 across area (1216, 1408) path=2
learned targeted exit AreaKey { scene: 3, anchor: (1216, 1408) } event=71 -> AreaKey { scene: 3, anchor: (1152, 1344) }
marked destination touch VisitKey { scene: 3, area: (1152, 1344), event_id: 47, trigger_script: 33, trigger_mode: 4, state: 1 }
learned exit AreaKey { scene: 3, anchor: (1216, 1408) } event=47 -> AreaKey { scene: 3, anchor: (1152, 1344) }
area teleport in scene 3 at frame 7296: (1248, 1456) -> (1168, 1368)
target scene=3 area=(1152, 1344) event=71 script=8146 mode=1 state=1 player=(1168, 1368) pos=(1296, 1448) path=61
marked destination touch VisitKey { scene: 3, area: (1216, 1408), event_id: 48, trigger_script: 60, trigger_mode: 4, state: 1 }
learned exit AreaKey { scene: 3, anchor: (1152, 1344) } event=48 -> AreaKey { scene: 3, anchor: (1216, 1408) }
area teleport in scene 3 at frame 7313: (1168, 1368) -> (1248, 1456)
continuing target event=71 across area (1216, 1408) path=2
learned targeted exit AreaKey { scene: 3, anchor: (1216, 1408) } event=71 -> AreaKey { scene: 3, anchor: (1152, 1344) }
marked destination touch VisitKey { scene: 3, area: (1152, 1344), event_id: 47, trigger_script: 33, trigger_mode: 4, state: 1 }
learned exit AreaKey { scene: 3, anchor: (1216, 1408) } event=47 -> AreaKey { scene: 3, anchor: (1152, 1344) }
area teleport in scene 3 at frame 7326: (1248, 1456) -> (1168, 1368)
target scene=3 area=(1152, 1344) event=71 script=8146 mode=1 state=1 player=(1168, 1368) pos=(1296, 1448) path=61
marked destination touch VisitKey { scene: 3, area: (1216, 1408), event_id: 48, trigger_script: 60, trigger_mode: 4, state: 1 }
learned exit AreaKey { scene: 3, anchor: (1152, 1344) } event=48 -> AreaKey { scene: 3, anchor: (1216, 1408) }
area teleport in scene 3 at frame 7343: (1168, 1368) -> (1248, 1456)
continuing target event=71 across area (1216, 1408) path=2
learned targeted exit AreaKey { scene: 3, anchor: (1216, 1408) } event=71 -> AreaKey { scene: 3, anchor: (1152, 1344) }
marked destination touch VisitKey { scene: 3, area: (1152, 1344), event_id: 47, trigger_script: 33, trigger_mode: 4, state: 1 }
learned exit AreaKey { scene: 3, anchor: (1216, 1408) } event=47 -> AreaKey { scene: 3, anchor: (1152, 1344) }
area teleport in scene 3 at frame 7356: (1248, 1456) -> (1168, 1368)
target scene=3 area=(1152, 1344) event=71 script=8146 mode=1 state=1 player=(1168, 1368) pos=(1296, 1448) path=61
marked destination touch VisitKey { scene: 3, area: (1216, 1408), event_id: 48, trigger_script: 60, trigger_mode: 4, state: 1 }
learned exit AreaKey { scene: 3, anchor: (1152, 1344) } event=48 -> AreaKey { scene: 3, anchor: (1216, 1408) }
area teleport in scene 3 at frame 7373: (1168, 1368) -> (1248, 1456)
continuing target event=71 across area (1216, 1408) path=2
learned targeted exit AreaKey { scene: 3, anchor: (1216, 1408) } event=71 -> AreaKey { scene: 3, anchor: (1152, 1344) }
marked destination touch VisitKey { scene: 3, area: (1152, 1344), event_id: 47, trigger_script: 33, trigger_mode: 4, state: 1 }
learned exit AreaKey { scene: 3, anchor: (1216, 1408) } event=47 -> AreaKey { scene: 3, anchor: (1152, 1344) }
area teleport in scene 3 at frame 7386: (1248, 1456) -> (1168, 1368)
target scene=3 area=(1152, 1344) event=71 script=8146 mode=1 state=1 player=(1168, 1368) pos=(1296, 1448) path=61
marked destination touch VisitKey { scene: 3, area: (1216, 1408), event_id: 48, trigger_script: 60, trigger_mode: 4, state: 1 }
learned exit AreaKey { scene: 3, anchor: (1152, 1344) } event=48 -> AreaKey { scene: 3, anchor: (1216, 1408) }
area teleport in scene 3 at frame 7403: (1168, 1368) -> (1248, 1456)
continuing target event=71 across area (1216, 1408) path=2
learned targeted exit AreaKey { scene: 3, anchor: (1216, 1408) } event=71 -> AreaKey { scene: 3, anchor: (1152, 1344) }
marked destination touch VisitKey { scene: 3, area: (1152, 1344), event_id: 47, trigger_script: 33, trigger_mode: 4, state: 1 }
learned exit AreaKey { scene: 3, anchor: (1216, 1408) } event=47 -> AreaKey { scene: 3, anchor: (1152, 1344) }
area teleport in scene 3 at frame 7416: (1248, 1456) -> (1168, 1368)
target scene=3 area=(1152, 1344) event=71 script=8146 mode=1 state=1 player=(1168, 1368) pos=(1296, 1448) path=61
marked destination touch VisitKey { scene: 3, area: (1216, 1408), event_id: 48, trigger_script: 60, trigger_mode: 4, state: 1 }
learned exit AreaKey { scene: 3, anchor: (1152, 1344) } event=48 -> AreaKey { scene: 3, anchor: (1216, 1408) }
area teleport in scene 3 at frame 7433: (1168, 1368) -> (1248, 1456)
continuing target event=71 across area (1216, 1408) path=2
learned targeted exit AreaKey { scene: 3, anchor: (1216, 1408) } event=71 -> AreaKey { scene: 3, anchor: (1152, 1344) }
marked destination touch VisitKey { scene: 3, area: (1152, 1344), event_id: 47, trigger_script: 33, trigger_mode: 4, state: 1 }
learned exit AreaKey { scene: 3, anchor: (1216, 1408) } event=47 -> AreaKey { scene: 3, anchor: (1152, 1344) }
area teleport in scene 3 at frame 7446: (1248, 1456) -> (1168, 1368)
target scene=3 area=(1152, 1344) event=71 script=8146 mode=1 state=1 player=(1168, 1368) pos=(1296, 1448) path=61
marked destination touch VisitKey { scene: 3, area: (1216, 1408), event_id: 48, trigger_script: 60, trigger_mode: 4, state: 1 }
learned exit AreaKey { scene: 3, anchor: (1152, 1344) } event=48 -> AreaKey { scene: 3, anchor: (1216, 1408) }
area teleport in scene 3 at frame 7463: (1168, 1368) -> (1248, 1456)
continuing target event=71 across area (1216, 1408) path=2
learned targeted exit AreaKey { scene: 3, anchor: (1216, 1408) } event=71 -> AreaKey { scene: 3, anchor: (1152, 1344) }
marked destination touch VisitKey { scene: 3, area: (1152, 1344), event_id: 47, trigger_script: 33, trigger_mode: 4, state: 1 }
learned exit AreaKey { scene: 3, anchor: (1216, 1408) } event=47 -> AreaKey { scene: 3, anchor: (1152, 1344) }
area teleport in scene 3 at frame 7476: (1248, 1456) -> (1168, 1368)
target scene=3 area=(1152, 1344) event=71 script=8146 mode=1 state=1 player=(1168, 1368) pos=(1296, 1448) path=61
marked destination touch VisitKey { scene: 3, area: (1216, 1408), event_id: 48, trigger_script: 60, trigger_mode: 4, state: 1 }
learned exit AreaKey { scene: 3, anchor: (1152, 1344) } event=48 -> AreaKey { scene: 3, anchor: (1216, 1408) }
area teleport in scene 3 at frame 7493: (1168, 1368) -> (1248, 1456)
continuing target event=71 across area (1216, 1408) path=2
learned targeted exit AreaKey { scene: 3, anchor: (1216, 1408) } event=71 -> AreaKey { scene: 3, anchor: (1152, 1344) }
marked destination touch VisitKey { scene: 3, area: (1152, 1344), event_id: 47, trigger_script: 33, trigger_mode: 4, state: 1 }
learned exit AreaKey { scene: 3, anchor: (1216, 1408) } event=47 -> AreaKey { scene: 3, anchor: (1152, 1344) }
area teleport in scene 3 at frame 7506: (1248, 1456) -> (1168, 1368)
target scene=3 area=(1152, 1344) event=71 script=8146 mode=1 state=1 player=(1168, 1368) pos=(1296, 1448) path=61
marked destination touch VisitKey { scene: 3, area: (1216, 1408), event_id: 48, trigger_script: 60, trigger_mode: 4, state: 1 }
learned exit AreaKey { scene: 3, anchor: (1152, 1344) } event=48 -> AreaKey { scene: 3, anchor: (1216, 1408) }
area teleport in scene 3 at frame 7523: (1168, 1368) -> (1248, 1456)
continuing target event=71 across area (1216, 1408) path=2
learned targeted exit AreaKey { scene: 3, anchor: (1216, 1408) } event=71 -> AreaKey { scene: 3, anchor: (1152, 1344) }
marked destination touch VisitKey { scene: 3, area: (1152, 1344), event_id: 47, trigger_script: 33, trigger_mode: 4, state: 1 }
learned exit AreaKey { scene: 3, anchor: (1216, 1408) } event=47 -> AreaKey { scene: 3, anchor: (1152, 1344) }
area teleport in scene 3 at frame 7536: (1248, 1456) -> (1168, 1368)
target scene=3 area=(1152, 1344) event=71 script=8146 mode=1 state=1 player=(1168, 1368) pos=(1296, 1448) path=61
marked destination touch VisitKey { scene: 3, area: (1216, 1408), event_id: 48, trigger_script: 60, trigger_mode: 4, state: 1 }
learned exit AreaKey { scene: 3, anchor: (1152, 1344) } event=48 -> AreaKey { scene: 3, anchor: (1216, 1408) }
area teleport in scene 3 at frame 7553: (1168, 1368) -> (1248, 1456)
continuing target event=71 across area (1216, 1408) path=2
learned targeted exit AreaKey { scene: 3, anchor: (1216, 1408) } event=71 -> AreaKey { scene: 3, anchor: (1152, 1344) }
marked destination touch VisitKey { scene: 3, area: (1152, 1344), event_id: 47, trigger_script: 33, trigger_mode: 4, state: 1 }
learned exit AreaKey { scene: 3, anchor: (1216, 1408) } event=47 -> AreaKey { scene: 3, anchor: (1152, 1344) }
area teleport in scene 3 at frame 7566: (1248, 1456) -> (1168, 1368)
target scene=3 area=(1152, 1344) event=71 script=8146 mode=1 state=1 player=(1168, 1368) pos=(1296, 1448) path=61
marked destination touch VisitKey { scene: 3, area: (1216, 1408), event_id: 48, trigger_script: 60, trigger_mode: 4, state: 1 }
learned exit AreaKey { scene: 3, anchor: (1152, 1344) } event=48 -> AreaKey { scene: 3, anchor: (1216, 1408) }
area teleport in scene 3 at frame 7583: (1168, 1368) -> (1248, 1456)
continuing target event=71 across area (1216, 1408) path=2
learned targeted exit AreaKey { scene: 3, anchor: (1216, 1408) } event=71 -> AreaKey { scene: 3, anchor: (1152, 1344) }
marked destination touch VisitKey { scene: 3, area: (1152, 1344), event_id: 47, trigger_script: 33, trigger_mode: 4, state: 1 }
learned exit AreaKey { scene: 3, anchor: (1216, 1408) } event=47 -> AreaKey { scene: 3, anchor: (1152, 1344) }
area teleport in scene 3 at frame 7596: (1248, 1456) -> (1168, 1368)
target scene=3 area=(1152, 1344) event=71 script=8146 mode=1 state=1 player=(1168, 1368) pos=(1296, 1448) path=61
marked destination touch VisitKey { scene: 3, area: (1216, 1408), event_id: 48, trigger_script: 60, trigger_mode: 4, state: 1 }
learned exit AreaKey { scene: 3, anchor: (1152, 1344) } event=48 -> AreaKey { scene: 3, anchor: (1216, 1408) }
area teleport in scene 3 at frame 7613: (1168, 1368) -> (1248, 1456)
continuing target event=71 across area (1216, 1408) path=2
learned targeted exit AreaKey { scene: 3, anchor: (1216, 1408) } event=71 -> AreaKey { scene: 3, anchor: (1152, 1344) }
marked destination touch VisitKey { scene: 3, area: (1152, 1344), event_id: 47, trigger_script: 33, trigger_mode: 4, state: 1 }
learned exit AreaKey { scene: 3, anchor: (1216, 1408) } event=47 -> AreaKey { scene: 3, anchor: (1152, 1344) }
area teleport in scene 3 at frame 7626: (1248, 1456) -> (1168, 1368)
target scene=3 area=(1152, 1344) event=71 script=8146 mode=1 state=1 player=(1168, 1368) pos=(1296, 1448) path=61
marked destination touch VisitKey { scene: 3, area: (1216, 1408), event_id: 48, trigger_script: 60, trigger_mode: 4, state: 1 }
learned exit AreaKey { scene: 3, anchor: (1152, 1344) } event=48 -> AreaKey { scene: 3, anchor: (1216, 1408) }
area teleport in scene 3 at frame 7643: (1168, 1368) -> (1248, 1456)
continuing target event=71 across area (1216, 1408) path=2
learned targeted exit AreaKey { scene: 3, anchor: (1216, 1408) } event=71 -> AreaKey { scene: 3, anchor: (1152, 1344) }
marked destination touch VisitKey { scene: 3, area: (1152, 1344), event_id: 47, trigger_script: 33, trigger_mode: 4, state: 1 }
learned exit AreaKey { scene: 3, anchor: (1216, 1408) } event=47 -> AreaKey { scene: 3, anchor: (1152, 1344) }
area teleport in scene 3 at frame 7656: (1248, 1456) -> (1168, 1368)
target scene=3 area=(1152, 1344) event=71 script=8146 mode=1 state=1 player=(1168, 1368) pos=(1296, 1448) path=61
marked destination touch VisitKey { scene: 3, area: (1216, 1408), event_id: 48, trigger_script: 60, trigger_mode: 4, state: 1 }
learned exit AreaKey { scene: 3, anchor: (1152, 1344) } event=48 -> AreaKey { scene: 3, anchor: (1216, 1408) }
area teleport in scene 3 at frame 7673: (1168, 1368) -> (1248, 1456)
continuing target event=71 across area (1216, 1408) path=2
learned targeted exit AreaKey { scene: 3, anchor: (1216, 1408) } event=71 -> AreaKey { scene: 3, anchor: (1152, 1344) }
marked destination touch VisitKey { scene: 3, area: (1152, 1344), event_id: 47, trigger_script: 33, trigger_mode: 4, state: 1 }
learned exit AreaKey { scene: 3, anchor: (1216, 1408) } event=47 -> AreaKey { scene: 3, anchor: (1152, 1344) }
area teleport in scene 3 at frame 7686: (1248, 1456) -> (1168, 1368)
target scene=3 area=(1152, 1344) event=71 script=8146 mode=1 state=1 player=(1168, 1368) pos=(1296, 1448) path=61
marked destination touch VisitKey { scene: 3, area: (1216, 1408), event_id: 48, trigger_script: 60, trigger_mode: 4, state: 1 }
learned exit AreaKey { scene: 3, anchor: (1152, 1344) } event=48 -> AreaKey { scene: 3, anchor: (1216, 1408) }
area teleport in scene 3 at frame 7703: (1168, 1368) -> (1248, 1456)
continuing target event=71 across area (1216, 1408) path=2
learned targeted exit AreaKey { scene: 3, anchor: (1216, 1408) } event=71 -> AreaKey { scene: 3, anchor: (1152, 1344) }
marked destination touch VisitKey { scene: 3, area: (1152, 1344), event_id: 47, trigger_script: 33, trigger_mode: 4, state: 1 }
learned exit AreaKey { scene: 3, anchor: (1216, 1408) } event=47 -> AreaKey { scene: 3, anchor: (1152, 1344) }
area teleport in scene 3 at frame 7716: (1248, 1456) -> (1168, 1368)
target scene=3 area=(1152, 1344) event=71 script=8146 mode=1 state=1 player=(1168, 1368) pos=(1296, 1448) path=61
marked destination touch VisitKey { scene: 3, area: (1216, 1408), event_id: 48, trigger_script: 60, trigger_mode: 4, state: 1 }
learned exit AreaKey { scene: 3, anchor: (1152, 1344) } event=48 -> AreaKey { scene: 3, anchor: (1216, 1408) }
area teleport in scene 3 at frame 7733: (1168, 1368) -> (1248, 1456)
continuing target event=71 across area (1216, 1408) path=2
learned targeted exit AreaKey { scene: 3, anchor: (1216, 1408) } event=71 -> AreaKey { scene: 3, anchor: (1152, 1344) }
marked destination touch VisitKey { scene: 3, area: (1152, 1344), event_id: 47, trigger_script: 33, trigger_mode: 4, state: 1 }
learned exit AreaKey { scene: 3, anchor: (1216, 1408) } event=47 -> AreaKey { scene: 3, anchor: (1152, 1344) }
area teleport in scene 3 at frame 7746: (1248, 1456) -> (1168, 1368)
target scene=3 area=(1152, 1344) event=71 script=8146 mode=1 state=1 player=(1168, 1368) pos=(1296, 1448) path=61
marked destination touch VisitKey { scene: 3, area: (1216, 1408), event_id: 48, trigger_script: 60, trigger_mode: 4, state: 1 }
learned exit AreaKey { scene: 3, anchor: (1152, 1344) } event=48 -> AreaKey { scene: 3, anchor: (1216, 1408) }
area teleport in scene 3 at frame 7763: (1168, 1368) -> (1248, 1456)
continuing target event=71 across area (1216, 1408) path=2
learned targeted exit AreaKey { scene: 3, anchor: (1216, 1408) } event=71 -> AreaKey { scene: 3, anchor: (1152, 1344) }
marked destination touch VisitKey { scene: 3, area: (1152, 1344), event_id: 47, trigger_script: 33, trigger_mode: 4, state: 1 }
learned exit AreaKey { scene: 3, anchor: (1216, 1408) } event=47 -> AreaKey { scene: 3, anchor: (1152, 1344) }
area teleport in scene 3 at frame 7776: (1248, 1456) -> (1168, 1368)
target scene=3 area=(1152, 1344) event=71 script=8146 mode=1 state=1 player=(1168, 1368) pos=(1296, 1448) path=61
marked destination touch VisitKey { scene: 3, area: (1216, 1408), event_id: 48, trigger_script: 60, trigger_mode: 4, state: 1 }
learned exit AreaKey { scene: 3, anchor: (1152, 1344) } event=48 -> AreaKey { scene: 3, anchor: (1216, 1408) }
area teleport in scene 3 at frame 7793: (1168, 1368) -> (1248, 1456)
continuing target event=71 across area (1216, 1408) path=2
learned targeted exit AreaKey { scene: 3, anchor: (1216, 1408) } event=71 -> AreaKey { scene: 3, anchor: (1152, 1344) }
marked destination touch VisitKey { scene: 3, area: (1152, 1344), event_id: 47, trigger_script: 33, trigger_mode: 4, state: 1 }
learned exit AreaKey { scene: 3, anchor: (1216, 1408) } event=47 -> AreaKey { scene: 3, anchor: (1152, 1344) }
area teleport in scene 3 at frame 7806: (1248, 1456) -> (1168, 1368)
target scene=3 area=(1152, 1344) event=71 script=8146 mode=1 state=1 player=(1168, 1368) pos=(1296, 1448) path=61
marked destination touch VisitKey { scene: 3, area: (1216, 1408), event_id: 48, trigger_script: 60, trigger_mode: 4, state: 1 }
learned exit AreaKey { scene: 3, anchor: (1152, 1344) } event=48 -> AreaKey { scene: 3, anchor: (1216, 1408) }
area teleport in scene 3 at frame 7823: (1168, 1368) -> (1248, 1456)
continuing target event=71 across area (1216, 1408) path=2
