resuming recordings/autoplay-probe-checkpoint.rpg at scene=17 position=(1136, 456)
target scene=17 area=(160, 112) event=264 script=9576 mode=1 state=2 player=(1296, 568) pos=(1408, 432) path=38
marked destination touch VisitKey { scene: 17, area: (1408, 512), event_id: 256, trigger_script: 8564, state: 1 }
learned exit AreaKey { scene: 17, anchor: (160, 112) } event=256 -> AreaKey { scene: 17, anchor: (1408, 512) }
marked destination touch VisitKey { scene: 17, area: (1408, 512), event_id: 257, trigger_script: 8572, state: 1 }
learned exit AreaKey { scene: 17, anchor: (160, 112) } event=257 -> AreaKey { scene: 17, anchor: (1408, 512) }
area teleport in scene 17 at frame 40: (1344, 560) -> (1440, 512)
target scene=17 area=(1408, 512) event=257 script=8572 mode=4 state=1 player=(1440, 512) pos=(1408, 528) path=2
learned targeted exit AreaKey { scene: 17, anchor: (1408, 512) } event=257 -> AreaKey { scene: 17, anchor: (1280, 512) }
marked destination touch VisitKey { scene: 17, area: (1280, 512), event_id: 257, trigger_script: 8569, state: 1 }
learned exit AreaKey { scene: 17, anchor: (1408, 512) } event=257 -> AreaKey { scene: 17, anchor: (1280, 512) }
area teleport in scene 17 at frame 53: (1408, 528) -> (1328, 568)
target scene=17 area=(1280, 512) event=264 script=9576 mode=1 state=2 player=(1328, 568) pos=(1408, 432) path=40
marked destination touch VisitKey { scene: 17, area: (1408, 512), event_id: 256, trigger_script: 8564, state: 1 }
learned exit AreaKey { scene: 17, anchor: (1280, 512) } event=256 -> AreaKey { scene: 17, anchor: (1408, 512) }
marked destination touch VisitKey { scene: 17, area: (1408, 512), event_id: 257, trigger_script: 8572, state: 1 }
learned exit AreaKey { scene: 17, anchor: (1280, 512) } event=257 -> AreaKey { scene: 17, anchor: (1408, 512) }
area teleport in scene 17 at frame 94: (1344, 560) -> (1440, 512)
target scene=17 area=(1408, 512) event=257 script=8572 mode=4 state=1 player=(1440, 512) pos=(1408, 528) path=2
learned targeted exit AreaKey { scene: 17, anchor: (1408, 512) } event=257 -> AreaKey { scene: 17, anchor: (1280, 512) }
marked destination touch VisitKey { scene: 17, area: (1280, 512), event_id: 257, trigger_script: 8569, state: 1 }
learned exit AreaKey { scene: 17, anchor: (1408, 512) } event=257 -> AreaKey { scene: 17, anchor: (1280, 512) }
area teleport in scene 17 at frame 107: (1408, 528) -> (1328, 568)
target scene=17 area=(1280, 512) event=264 script=9576 mode=1 state=2 player=(1328, 568) pos=(1408, 432) path=40
marked destination touch VisitKey { scene: 17, area: (1408, 512), event_id: 256, trigger_script: 8564, state: 1 }
learned exit AreaKey { scene: 17, anchor: (1280, 512) } event=256 -> AreaKey { scene: 17, anchor: (1408, 512) }
marked destination touch VisitKey { scene: 17, area: (1408, 512), event_id: 257, trigger_script: 8572, state: 1 }
learned exit AreaKey { scene: 17, anchor: (1280, 512) } event=257 -> AreaKey { scene: 17, anchor: (1408, 512) }
area teleport in scene 17 at frame 148: (1344, 560) -> (1440, 512)
target scene=17 area=(1408, 512) event=257 script=8572 mode=4 state=1 player=(1440, 512) pos=(1408, 528) path=2
learned targeted exit AreaKey { scene: 17, anchor: (1408, 512) } event=257 -> AreaKey { scene: 17, anchor: (1280, 512) }
marked destination touch VisitKey { scene: 17, area: (1280, 512), event_id: 257, trigger_script: 8569, state: 1 }
learned exit AreaKey { scene: 17, anchor: (1408, 512) } event=257 -> AreaKey { scene: 17, anchor: (1280, 512) }
area teleport in scene 17 at frame 161: (1408, 528) -> (1328, 568)
target scene=17 area=(1280, 512) event=264 script=9576 mode=1 state=2 player=(1328, 568) pos=(1408, 432) path=40
marked destination touch VisitKey { scene: 17, area: (1408, 512), event_id: 256, trigger_script: 8564, state: 1 }
learned exit AreaKey { scene: 17, anchor: (1280, 512) } event=256 -> AreaKey { scene: 17, anchor: (1408, 512) }
marked destination touch VisitKey { scene: 17, area: (1408, 512), event_id: 257, trigger_script: 8572, state: 1 }
learned exit AreaKey { scene: 17, anchor: (1280, 512) } event=257 -> AreaKey { scene: 17, anchor: (1408, 512) }
area teleport in scene 17 at frame 202: (1344, 560) -> (1440, 512)
target scene=17 area=(1408, 512) event=257 script=8572 mode=4 state=1 player=(1440, 512) pos=(1408, 528) path=2
learned targeted exit AreaKey { scene: 17, anchor: (1408, 512) } event=257 -> AreaKey { scene: 17, anchor: (1280, 512) }
marked destination touch VisitKey { scene: 17, area: (1280, 512), event_id: 257, trigger_script: 8569, state: 1 }
learned exit AreaKey { scene: 17, anchor: (1408, 512) } event=257 -> AreaKey { scene: 17, anchor: (1280, 512) }
area teleport in scene 17 at frame 215: (1408, 528) -> (1328, 568)
target scene=17 area=(1280, 512) event=264 script=9576 mode=1 state=2 player=(1328, 568) pos=(1408, 432) path=40
marked destination touch VisitKey { scene: 17, area: (1408, 512), event_id: 256, trigger_script: 8564, state: 1 }
learned exit AreaKey { scene: 17, anchor: (1280, 512) } event=256 -> AreaKey { scene: 17, anchor: (1408, 512) }
marked destination touch VisitKey { scene: 17, area: (1408, 512), event_id: 257, trigger_script: 8572, state: 1 }
learned exit AreaKey { scene: 17, anchor: (1280, 512) } event=257 -> AreaKey { scene: 17, anchor: (1408, 512) }
area teleport in scene 17 at frame 256: (1344, 560) -> (1440, 512)
target scene=17 area=(1408, 512) event=257 script=8572 mode=4 state=1 player=(1440, 512) pos=(1408, 528) path=2
learned targeted exit AreaKey { scene: 17, anchor: (1408, 512) } event=257 -> AreaKey { scene: 17, anchor: (1280, 512) }
marked destination touch VisitKey { scene: 17, area: (1280, 512), event_id: 257, trigger_script: 8569, state: 1 }
learned exit AreaKey { scene: 17, anchor: (1408, 512) } event=257 -> AreaKey { scene: 17, anchor: (1280, 512) }
area teleport in scene 17 at frame 269: (1408, 528) -> (1328, 568)
target scene=17 area=(1280, 512) event=264 script=9576 mode=1 state=2 player=(1328, 568) pos=(1408, 432) path=40
marked destination touch VisitKey { scene: 17, area: (1408, 512), event_id: 256, trigger_script: 8564, state: 1 }
learned exit AreaKey { scene: 17, anchor: (1280, 512) } event=256 -> AreaKey { scene: 17, anchor: (1408, 512) }
marked destination touch VisitKey { scene: 17, area: (1408, 512), event_id: 257, trigger_script: 8572, state: 1 }
learned exit AreaKey { scene: 17, anchor: (1280, 512) } event=257 -> AreaKey { scene: 17, anchor: (1408, 512) }
area teleport in scene 17 at frame 310: (1344, 560) -> (1440, 512)
target scene=17 area=(1408, 512) event=257 script=8572 mode=4 state=1 player=(1440, 512) pos=(1408, 528) path=2
learned targeted exit AreaKey { scene: 17, anchor: (1408, 512) } event=257 -> AreaKey { scene: 17, anchor: (1280, 512) }
marked destination touch VisitKey { scene: 17, area: (1280, 512), event_id: 257, trigger_script: 8569, state: 1 }
learned exit AreaKey { scene: 17, anchor: (1408, 512) } event=257 -> AreaKey { scene: 17, anchor: (1280, 512) }
area teleport in scene 17 at frame 323: (1408, 528) -> (1328, 568)
target scene=17 area=(1280, 512) event=264 script=9576 mode=1 state=2 player=(1328, 568) pos=(1408, 432) path=40
marked destination touch VisitKey { scene: 17, area: (1408, 512), event_id: 256, trigger_script: 8564, state: 1 }
learned exit AreaKey { scene: 17, anchor: (1280, 512) } event=256 -> AreaKey { scene: 17, anchor: (1408, 512) }
marked destination touch VisitKey { scene: 17, area: (1408, 512), event_id: 257, trigger_script: 8572, state: 1 }
learned exit AreaKey { scene: 17, anchor: (1280, 512) } event=257 -> AreaKey { scene: 17, anchor: (1408, 512) }
area teleport in scene 17 at frame 364: (1344, 560) -> (1440, 512)
target scene=17 area=(1408, 512) event=257 script=8572 mode=4 state=1 player=(1440, 512) pos=(1408, 528) path=2
learned targeted exit AreaKey { scene: 17, anchor: (1408, 512) } event=257 -> AreaKey { scene: 17, anchor: (1280, 512) }
marked destination touch VisitKey { scene: 17, area: (1280, 512), event_id: 257, trigger_script: 8569, state: 1 }
learned exit AreaKey { scene: 17, anchor: (1408, 512) } event=257 -> AreaKey { scene: 17, anchor: (1280, 512) }
area teleport in scene 17 at frame 377: (1408, 528) -> (1328, 568)
target scene=17 area=(1280, 512) event=264 script=9576 mode=1 state=2 player=(1328, 568) pos=(1408, 432) path=40
marked destination touch VisitKey { scene: 17, area: (1408, 512), event_id: 256, trigger_script: 8564, state: 1 }
learned exit AreaKey { scene: 17, anchor: (1280, 512) } event=256 -> AreaKey { scene: 17, anchor: (1408, 512) }
marked destination touch VisitKey { scene: 17, area: (1408, 512), event_id: 257, trigger_script: 8572, state: 1 }
learned exit AreaKey { scene: 17, anchor: (1280, 512) } event=257 -> AreaKey { scene: 17, anchor: (1408, 512) }
area teleport in scene 17 at frame 418: (1344, 560) -> (1440, 512)
target scene=17 area=(1408, 512) event=257 script=8572 mode=4 state=1 player=(1440, 512) pos=(1408, 528) path=2
learned targeted exit AreaKey { scene: 17, anchor: (1408, 512) } event=257 -> AreaKey { scene: 17, anchor: (1280, 512) }
marked destination touch VisitKey { scene: 17, area: (1280, 512), event_id: 257, trigger_script: 8569, state: 1 }
learned exit AreaKey { scene: 17, anchor: (1408, 512) } event=257 -> AreaKey { scene: 17, anchor: (1280, 512) }
area teleport in scene 17 at frame 431: (1408, 528) -> (1328, 568)
target scene=17 area=(1280, 512) event=264 script=9576 mode=1 state=2 player=(1328, 568) pos=(1408, 432) path=40
marked destination touch VisitKey { scene: 17, area: (1408, 512), event_id: 256, trigger_script: 8564, state: 1 }
learned exit AreaKey { scene: 17, anchor: (1280, 512) } event=256 -> AreaKey { scene: 17, anchor: (1408, 512) }
marked destination touch VisitKey { scene: 17, area: (1408, 512), event_id: 257, trigger_script: 8572, state: 1 }
learned exit AreaKey { scene: 17, anchor: (1280, 512) } event=257 -> AreaKey { scene: 17, anchor: (1408, 512) }
area teleport in scene 17 at frame 472: (1344, 560) -> (1440, 512)
target scene=17 area=(1408, 512) event=257 script=8572 mode=4 state=1 player=(1440, 512) pos=(1408, 528) path=2
learned targeted exit AreaKey { scene: 17, anchor: (1408, 512) } event=257 -> AreaKey { scene: 17, anchor: (1280, 512) }
marked destination touch VisitKey { scene: 17, area: (1280, 512), event_id: 257, trigger_script: 8569, state: 1 }
learned exit AreaKey { scene: 17, anchor: (1408, 512) } event=257 -> AreaKey { scene: 17, anchor: (1280, 512) }
area teleport in scene 17 at frame 485: (1408, 528) -> (1328, 568)
target scene=17 area=(1280, 512) event=264 script=9576 mode=1 state=2 player=(1328, 568) pos=(1408, 432) path=40
marked destination touch VisitKey { scene: 17, area: (1408, 512), event_id: 256, trigger_script: 8564, state: 1 }
learned exit AreaKey { scene: 17, anchor: (1280, 512) } event=256 -> AreaKey { scene: 17, anchor: (1408, 512) }
marked destination touch VisitKey { scene: 17, area: (1408, 512), event_id: 257, trigger_script: 8572, state: 1 }
learned exit AreaKey { scene: 17, anchor: (1280, 512) } event=257 -> AreaKey { scene: 17, anchor: (1408, 512) }
area teleport in scene 17 at frame 526: (1344, 560) -> (1440, 512)
target scene=17 area=(1408, 512) event=257 script=8572 mode=4 state=1 player=(1440, 512) pos=(1408, 528) path=2
learned targeted exit AreaKey { scene: 17, anchor: (1408, 512) } event=257 -> AreaKey { scene: 17, anchor: (1280, 512) }
marked destination touch VisitKey { scene: 17, area: (1280, 512), event_id: 257, trigger_script: 8569, state: 1 }
learned exit AreaKey { scene: 17, anchor: (1408, 512) } event=257 -> AreaKey { scene: 17, anchor: (1280, 512) }
area teleport in scene 17 at frame 539: (1408, 528) -> (1328, 568)
target scene=17 area=(1280, 512) event=264 script=9576 mode=1 state=2 player=(1328, 568) pos=(1408, 432) path=40
marked destination touch VisitKey { scene: 17, area: (1408, 512), event_id: 256, trigger_script: 8564, state: 1 }
learned exit AreaKey { scene: 17, anchor: (1280, 512) } event=256 -> AreaKey { scene: 17, anchor: (1408, 512) }
marked destination touch VisitKey { scene: 17, area: (1408, 512), event_id: 257, trigger_script: 8572, state: 1 }
learned exit AreaKey { scene: 17, anchor: (1280, 512) } event=257 -> AreaKey { scene: 17, anchor: (1408, 512) }
area teleport in scene 17 at frame 580: (1344, 560) -> (1440, 512)
target scene=17 area=(1408, 512) event=257 script=8572 mode=4 state=1 player=(1440, 512) pos=(1408, 528) path=2
learned targeted exit AreaKey { scene: 17, anchor: (1408, 512) } event=257 -> AreaKey { scene: 17, anchor: (1280, 512) }
marked destination touch VisitKey { scene: 17, area: (1280, 512), event_id: 257, trigger_script: 8569, state: 1 }
learned exit AreaKey { scene: 17, anchor: (1408, 512) } event=257 -> AreaKey { scene: 17, anchor: (1280, 512) }
area teleport in scene 17 at frame 593: (1408, 528) -> (1328, 568)
target scene=17 area=(1280, 512) event=264 script=9576 mode=1 state=2 player=(1328, 568) pos=(1408, 432) path=40
marked destination touch VisitKey { scene: 17, area: (1408, 512), event_id: 256, trigger_script: 8564, state: 1 }
learned exit AreaKey { scene: 17, anchor: (1280, 512) } event=256 -> AreaKey { scene: 17, anchor: (1408, 512) }
marked destination touch VisitKey { scene: 17, area: (1408, 512), event_id: 257, trigger_script: 8572, state: 1 }
learned exit AreaKey { scene: 17, anchor: (1280, 512) } event=257 -> AreaKey { scene: 17, anchor: (1408, 512) }
area teleport in scene 17 at frame 634: (1344, 560) -> (1440, 512)
target scene=17 area=(1408, 512) event=257 script=8572 mode=4 state=1 player=(1440, 512) pos=(1408, 528) path=2
learned targeted exit AreaKey { scene: 17, anchor: (1408, 512) } event=257 -> AreaKey { scene: 17, anchor: (1280, 512) }
marked destination touch VisitKey { scene: 17, area: (1280, 512), event_id: 257, trigger_script: 8569, state: 1 }
learned exit AreaKey { scene: 17, anchor: (1408, 512) } event=257 -> AreaKey { scene: 17, anchor: (1280, 512) }
area teleport in scene 17 at frame 647: (1408, 528) -> (1328, 568)
target scene=17 area=(1280, 512) event=264 script=9576 mode=1 state=2 player=(1328, 568) pos=(1408, 432) path=40
marked destination touch VisitKey { scene: 17, area: (1408, 512), event_id: 256, trigger_script: 8564, state: 1 }
learned exit AreaKey { scene: 17, anchor: (1280, 512) } event=256 -> AreaKey { scene: 17, anchor: (1408, 512) }
marked destination touch VisitKey { scene: 17, area: (1408, 512), event_id: 257, trigger_script: 8572, state: 1 }
learned exit AreaKey { scene: 17, anchor: (1280, 512) } event=257 -> AreaKey { scene: 17, anchor: (1408, 512) }
area teleport in scene 17 at frame 688: (1344, 560) -> (1440, 512)
target scene=17 area=(1408, 512) event=257 script=8572 mode=4 state=1 player=(1440, 512) pos=(1408, 528) path=2
learned targeted exit AreaKey { scene: 17, anchor: (1408, 512) } event=257 -> AreaKey { scene: 17, anchor: (1280, 512) }
marked destination touch VisitKey { scene: 17, area: (1280, 512), event_id: 257, trigger_script: 8569, state: 1 }
learned exit AreaKey { scene: 17, anchor: (1408, 512) } event=257 -> AreaKey { scene: 17, anchor: (1280, 512) }
area teleport in scene 17 at frame 701: (1408, 528) -> (1328, 568)
target scene=17 area=(1280, 512) event=264 script=9576 mode=1 state=2 player=(1328, 568) pos=(1408, 432) path=40
marked destination touch VisitKey { scene: 17, area: (1408, 512), event_id: 256, trigger_script: 8564, state: 1 }
learned exit AreaKey { scene: 17, anchor: (1280, 512) } event=256 -> AreaKey { scene: 17, anchor: (1408, 512) }
marked destination touch VisitKey { scene: 17, area: (1408, 512), event_id: 257, trigger_script: 8572, state: 1 }
learned exit AreaKey { scene: 17, anchor: (1280, 512) } event=257 -> AreaKey { scene: 17, anchor: (1408, 512) }
area teleport in scene 17 at frame 742: (1344, 560) -> (1440, 512)
target scene=17 area=(1408, 512) event=257 script=8572 mode=4 state=1 player=(1440, 512) pos=(1408, 528) path=2
learned targeted exit AreaKey { scene: 17, anchor: (1408, 512) } event=257 -> AreaKey { scene: 17, anchor: (1280, 512) }
marked destination touch VisitKey { scene: 17, area: (1280, 512), event_id: 257, trigger_script: 8569, state: 1 }
learned exit AreaKey { scene: 17, anchor: (1408, 512) } event=257 -> AreaKey { scene: 17, anchor: (1280, 512) }
area teleport in scene 17 at frame 755: (1408, 528) -> (1328, 568)
target scene=17 area=(1280, 512) event=264 script=9576 mode=1 state=2 player=(1328, 568) pos=(1408, 432) path=40
marked destination touch VisitKey { scene: 17, area: (1408, 512), event_id: 256, trigger_script: 8564, state: 1 }
learned exit AreaKey { scene: 17, anchor: (1280, 512) } event=256 -> AreaKey { scene: 17, anchor: (1408, 512) }
marked destination touch VisitKey { scene: 17, area: (1408, 512), event_id: 257, trigger_script: 8572, state: 1 }
learned exit AreaKey { scene: 17, anchor: (1280, 512) } event=257 -> AreaKey { scene: 17, anchor: (1408, 512) }
area teleport in scene 17 at frame 796: (1344, 560) -> (1440, 512)
target scene=17 area=(1408, 512) event=257 script=8572 mode=4 state=1 player=(1440, 512) pos=(1408, 528) path=2
learned targeted exit AreaKey { scene: 17, anchor: (1408, 512) } event=257 -> AreaKey { scene: 17, anchor: (1280, 512) }
marked destination touch VisitKey { scene: 17, area: (1280, 512), event_id: 257, trigger_script: 8569, state: 1 }
learned exit AreaKey { scene: 17, anchor: (1408, 512) } event=257 -> AreaKey { scene: 17, anchor: (1280, 512) }
area teleport in scene 17 at frame 809: (1408, 528) -> (1328, 568)
target scene=17 area=(1280, 512) event=264 script=9576 mode=1 state=2 player=(1328, 568) pos=(1408, 432) path=40
marked destination touch VisitKey { scene: 17, area: (1408, 512), event_id: 256, trigger_script: 8564, state: 1 }
learned exit AreaKey { scene: 17, anchor: (1280, 512) } event=256 -> AreaKey { scene: 17, anchor: (1408, 512) }
marked destination touch VisitKey { scene: 17, area: (1408, 512), event_id: 257, trigger_script: 8572, state: 1 }
learned exit AreaKey { scene: 17, anchor: (1280, 512) } event=257 -> AreaKey { scene: 17, anchor: (1408, 512) }
area teleport in scene 17 at frame 850: (1344, 560) -> (1440, 512)
target scene=17 area=(1408, 512) event=257 script=8572 mode=4 state=1 player=(1440, 512) pos=(1408, 528) path=2
learned targeted exit AreaKey { scene: 17, anchor: (1408, 512) } event=257 -> AreaKey { scene: 17, anchor: (1280, 512) }
marked destination touch VisitKey { scene: 17, area: (1280, 512), event_id: 257, trigger_script: 8569, state: 1 }
learned exit AreaKey { scene: 17, anchor: (1408, 512) } event=257 -> AreaKey { scene: 17, anchor: (1280, 512) }
area teleport in scene 17 at frame 863: (1408, 528) -> (1328, 568)
target scene=17 area=(1280, 512) event=264 script=9576 mode=1 state=2 player=(1328, 568) pos=(1408, 432) path=40
marked destination touch VisitKey { scene: 17, area: (1408, 512), event_id: 256, trigger_script: 8564, state: 1 }
learned exit AreaKey { scene: 17, anchor: (1280, 512) } event=256 -> AreaKey { scene: 17, anchor: (1408, 512) }
marked destination touch VisitKey { scene: 17, area: (1408, 512), event_id: 257, trigger_script: 8572, state: 1 }
learned exit AreaKey { scene: 17, anchor: (1280, 512) } event=257 -> AreaKey { scene: 17, anchor: (1408, 512) }
area teleport in scene 17 at frame 904: (1344, 560) -> (1440, 512)
target scene=17 area=(1408, 512) event=257 script=8572 mode=4 state=1 player=(1440, 512) pos=(1408, 528) path=2
learned targeted exit AreaKey { scene: 17, anchor: (1408, 512) } event=257 -> AreaKey { scene: 17, anchor: (1280, 512) }
marked destination touch VisitKey { scene: 17, area: (1280, 512), event_id: 257, trigger_script: 8569, state: 1 }
learned exit AreaKey { scene: 17, anchor: (1408, 512) } event=257 -> AreaKey { scene: 17, anchor: (1280, 512) }
area teleport in scene 17 at frame 917: (1408, 528) -> (1328, 568)
target scene=17 area=(1280, 512) event=264 script=9576 mode=1 state=2 player=(1328, 568) pos=(1408, 432) path=40
marked destination touch VisitKey { scene: 17, area: (1408, 512), event_id: 256, trigger_script: 8564, state: 1 }
learned exit AreaKey { scene: 17, anchor: (1280, 512) } event=256 -> AreaKey { scene: 17, anchor: (1408, 512) }
marked destination touch VisitKey { scene: 17, area: (1408, 512), event_id: 257, trigger_script: 8572, state: 1 }
learned exit AreaKey { scene: 17, anchor: (1280, 512) } event=257 -> AreaKey { scene: 17, anchor: (1408, 512) }
area teleport in scene 17 at frame 958: (1344, 560) -> (1440, 512)
target scene=17 area=(1408, 512) event=257 script=8572 mode=4 state=1 player=(1440, 512) pos=(1408, 528) path=2
learned targeted exit AreaKey { scene: 17, anchor: (1408, 512) } event=257 -> AreaKey { scene: 17, anchor: (1280, 512) }
marked destination touch VisitKey { scene: 17, area: (1280, 512), event_id: 257, trigger_script: 8569, state: 1 }
learned exit AreaKey { scene: 17, anchor: (1408, 512) } event=257 -> AreaKey { scene: 17, anchor: (1280, 512) }
area teleport in scene 17 at frame 971: (1408, 528) -> (1328, 568)
target scene=17 area=(1280, 512) event=264 script=9576 mode=1 state=2 player=(1328, 568) pos=(1408, 432) path=40
marked destination touch VisitKey { scene: 17, area: (1408, 512), event_id: 256, trigger_script: 8564, state: 1 }
learned exit AreaKey { scene: 17, anchor: (1280, 512) } event=256 -> AreaKey { scene: 17, anchor: (1408, 512) }
marked destination touch VisitKey { scene: 17, area: (1408, 512), event_id: 257, trigger_script: 8572, state: 1 }
learned exit AreaKey { scene: 17, anchor: (1280, 512) } event=257 -> AreaKey { scene: 17, anchor: (1408, 512) }
area teleport in scene 17 at frame 1012: (1344, 560) -> (1440, 512)
target scene=17 area=(1408, 512) event=257 script=8572 mode=4 state=1 player=(1440, 512) pos=(1408, 528) path=2
learned targeted exit AreaKey { scene: 17, anchor: (1408, 512) } event=257 -> AreaKey { scene: 17, anchor: (1280, 512) }
marked destination touch VisitKey { scene: 17, area: (1280, 512), event_id: 257, trigger_script: 8569, state: 1 }
learned exit AreaKey { scene: 17, anchor: (1408, 512) } event=257 -> AreaKey { scene: 17, anchor: (1280, 512) }
area teleport in scene 17 at frame 1025: (1408, 528) -> (1328, 568)
target scene=17 area=(1280, 512) event=264 script=9576 mode=1 state=2 player=(1328, 568) pos=(1408, 432) path=40
marked destination touch VisitKey { scene: 17, area: (1408, 512), event_id: 256, trigger_script: 8564, state: 1 }
learned exit AreaKey { scene: 17, anchor: (1280, 512) } event=256 -> AreaKey { scene: 17, anchor: (1408, 512) }
marked destination touch VisitKey { scene: 17, area: (1408, 512), event_id: 257, trigger_script: 8572, state: 1 }
learned exit AreaKey { scene: 17, anchor: (1280, 512) } event=257 -> AreaKey { scene: 17, anchor: (1408, 512) }
area teleport in scene 17 at frame 1066: (1344, 560) -> (1440, 512)
target scene=17 area=(1408, 512) event=257 script=8572 mode=4 state=1 player=(1440, 512) pos=(1408, 528) path=2
learned targeted exit AreaKey { scene: 17, anchor: (1408, 512) } event=257 -> AreaKey { scene: 17, anchor: (1280, 512) }
marked destination touch VisitKey { scene: 17, area: (1280, 512), event_id: 257, trigger_script: 8569, state: 1 }
learned exit AreaKey { scene: 17, anchor: (1408, 512) } event=257 -> AreaKey { scene: 17, anchor: (1280, 512) }
area teleport in scene 17 at frame 1079: (1408, 528) -> (1328, 568)
target scene=17 area=(1280, 512) event=264 script=9576 mode=1 state=2 player=(1328, 568) pos=(1408, 432) path=40
marked destination touch VisitKey { scene: 17, area: (1408, 512), event_id: 256, trigger_script: 8564, state: 1 }
learned exit AreaKey { scene: 17, anchor: (1280, 512) } event=256 -> AreaKey { scene: 17, anchor: (1408, 512) }
marked destination touch VisitKey { scene: 17, area: (1408, 512), event_id: 257, trigger_script: 8572, state: 1 }
learned exit AreaKey { scene: 17, anchor: (1280, 512) } event=257 -> AreaKey { scene: 17, anchor: (1408, 512) }
area teleport in scene 17 at frame 1120: (1344, 560) -> (1440, 512)
target scene=17 area=(1408, 512) event=257 script=8572 mode=4 state=1 player=(1440, 512) pos=(1408, 528) path=2
learned targeted exit AreaKey { scene: 17, anchor: (1408, 512) } event=257 -> AreaKey { scene: 17, anchor: (1280, 512) }
marked destination touch VisitKey { scene: 17, area: (1280, 512), event_id: 257, trigger_script: 8569, state: 1 }
learned exit AreaKey { scene: 17, anchor: (1408, 512) } event=257 -> AreaKey { scene: 17, anchor: (1280, 512) }
area teleport in scene 17 at frame 1133: (1408, 528) -> (1328, 568)
target scene=17 area=(1280, 512) event=264 script=9576 mode=1 state=2 player=(1328, 568) pos=(1408, 432) path=40
marked destination touch VisitKey { scene: 17, area: (1408, 512), event_id: 256, trigger_script: 8564, state: 1 }
learned exit AreaKey { scene: 17, anchor: (1280, 512) } event=256 -> AreaKey { scene: 17, anchor: (1408, 512) }
marked destination touch VisitKey { scene: 17, area: (1408, 512), event_id: 257, trigger_script: 8572, state: 1 }
learned exit AreaKey { scene: 17, anchor: (1280, 512) } event=257 -> AreaKey { scene: 17, anchor: (1408, 512) }
area teleport in scene 17 at frame 1174: (1344, 560) -> (1440, 512)
target scene=17 area=(1408, 512) event=257 script=8572 mode=4 state=1 player=(1440, 512) pos=(1408, 528) path=2
learned targeted exit AreaKey { scene: 17, anchor: (1408, 512) } event=257 -> AreaKey { scene: 17, anchor: (1280, 512) }
marked destination touch VisitKey { scene: 17, area: (1280, 512), event_id: 257, trigger_script: 8569, state: 1 }
learned exit AreaKey { scene: 17, anchor: (1408, 512) } event=257 -> AreaKey { scene: 17, anchor: (1280, 512) }
area teleport in scene 17 at frame 1187: (1408, 528) -> (1328, 568)
target scene=17 area=(1280, 512) event=264 script=9576 mode=1 state=2 player=(1328, 568) pos=(1408, 432) path=40
marked destination touch VisitKey { scene: 17, area: (1408, 512), event_id: 256, trigger_script: 8564, state: 1 }
learned exit AreaKey { scene: 17, anchor: (1280, 512) } event=256 -> AreaKey { scene: 17, anchor: (1408, 512) }
marked destination touch VisitKey { scene: 17, area: (1408, 512), event_id: 257, trigger_script: 8572, state: 1 }
learned exit AreaKey { scene: 17, anchor: (1280, 512) } event=257 -> AreaKey { scene: 17, anchor: (1408, 512) }
area teleport in scene 17 at frame 1228: (1344, 560) -> (1440, 512)
target scene=17 area=(1408, 512) event=257 script=8572 mode=4 state=1 player=(1440, 512) pos=(1408, 528) path=2
learned targeted exit AreaKey { scene: 17, anchor: (1408, 512) } event=257 -> AreaKey { scene: 17, anchor: (1280, 512) }
marked destination touch VisitKey { scene: 17, area: (1280, 512), event_id: 257, trigger_script: 8569, state: 1 }
learned exit AreaKey { scene: 17, anchor: (1408, 512) } event=257 -> AreaKey { scene: 17, anchor: (1280, 512) }
area teleport in scene 17 at frame 1241: (1408, 528) -> (1328, 568)
target scene=17 area=(1280, 512) event=264 script=9576 mode=1 state=2 player=(1328, 568) pos=(1408, 432) path=40
marked destination touch VisitKey { scene: 17, area: (1408, 512), event_id: 256, trigger_script: 8564, state: 1 }
learned exit AreaKey { scene: 17, anchor: (1280, 512) } event=256 -> AreaKey { scene: 17, anchor: (1408, 512) }
marked destination touch VisitKey { scene: 17, area: (1408, 512), event_id: 257, trigger_script: 8572, state: 1 }
learned exit AreaKey { scene: 17, anchor: (1280, 512) } event=257 -> AreaKey { scene: 17, anchor: (1408, 512) }
area teleport in scene 17 at frame 1282: (1344, 560) -> (1440, 512)
target scene=17 area=(1408, 512) event=257 script=8572 mode=4 state=1 player=(1440, 512) pos=(1408, 528) path=2
learned targeted exit AreaKey { scene: 17, anchor: (1408, 512) } event=257 -> AreaKey { scene: 17, anchor: (1280, 512) }
marked destination touch VisitKey { scene: 17, area: (1280, 512), event_id: 257, trigger_script: 8569, state: 1 }
learned exit AreaKey { scene: 17, anchor: (1408, 512) } event=257 -> AreaKey { scene: 17, anchor: (1280, 512) }
area teleport in scene 17 at frame 1295: (1408, 528) -> (1328, 568)
target scene=17 area=(1280, 512) event=264 script=9576 mode=1 state=2 player=(1328, 568) pos=(1408, 432) path=40
marked destination touch VisitKey { scene: 17, area: (1408, 512), event_id: 256, trigger_script: 8564, state: 1 }
learned exit AreaKey { scene: 17, anchor: (1280, 512) } event=256 -> AreaKey { scene: 17, anchor: (1408, 512) }
marked destination touch VisitKey { scene: 17, area: (1408, 512), event_id: 257, trigger_script: 8572, state: 1 }
learned exit AreaKey { scene: 17, anchor: (1280, 512) } event=257 -> AreaKey { scene: 17, anchor: (1408, 512) }
area teleport in scene 17 at frame 1336: (1344, 560) -> (1440, 512)
target scene=17 area=(1408, 512) event=257 script=8572 mode=4 state=1 player=(1440, 512) pos=(1408, 528) path=2
learned targeted exit AreaKey { scene: 17, anchor: (1408, 512) } event=257 -> AreaKey { scene: 17, anchor: (1280, 512) }
marked destination touch VisitKey { scene: 17, area: (1280, 512), event_id: 257, trigger_script: 8569, state: 1 }
learned exit AreaKey { scene: 17, anchor: (1408, 512) } event=257 -> AreaKey { scene: 17, anchor: (1280, 512) }
area teleport in scene 17 at frame 1349: (1408, 528) -> (1328, 568)
target scene=17 area=(1280, 512) event=264 script=9576 mode=1 state=2 player=(1328, 568) pos=(1408, 432) path=40
marked destination touch VisitKey { scene: 17, area: (1408, 512), event_id: 256, trigger_script: 8564, state: 1 }
learned exit AreaKey { scene: 17, anchor: (1280, 512) } event=256 -> AreaKey { scene: 17, anchor: (1408, 512) }
marked destination touch VisitKey { scene: 17, area: (1408, 512), event_id: 257, trigger_script: 8572, state: 1 }
learned exit AreaKey { scene: 17, anchor: (1280, 512) } event=257 -> AreaKey { scene: 17, anchor: (1408, 512) }
area teleport in scene 17 at frame 1390: (1344, 560) -> (1440, 512)
target scene=17 area=(1408, 512) event=257 script=8572 mode=4 state=1 player=(1440, 512) pos=(1408, 528) path=2
learned targeted exit AreaKey { scene: 17, anchor: (1408, 512) } event=257 -> AreaKey { scene: 17, anchor: (1280, 512) }
marked destination touch VisitKey { scene: 17, area: (1280, 512), event_id: 257, trigger_script: 8569, state: 1 }
learned exit AreaKey { scene: 17, anchor: (1408, 512) } event=257 -> AreaKey { scene: 17, anchor: (1280, 512) }
area teleport in scene 17 at frame 1403: (1408, 528) -> (1328, 568)
target scene=17 area=(1280, 512) event=264 script=9576 mode=1 state=2 player=(1328, 568) pos=(1408, 432) path=40
marked destination touch VisitKey { scene: 17, area: (1408, 512), event_id: 256, trigger_script: 8564, state: 1 }
learned exit AreaKey { scene: 17, anchor: (1280, 512) } event=256 -> AreaKey { scene: 17, anchor: (1408, 512) }
marked destination touch VisitKey { scene: 17, area: (1408, 512), event_id: 257, trigger_script: 8572, state: 1 }
learned exit AreaKey { scene: 17, anchor: (1280, 512) } event=257 -> AreaKey { scene: 17, anchor: (1408, 512) }
area teleport in scene 17 at frame 1444: (1344, 560) -> (1440, 512)
target scene=17 area=(1408, 512) event=257 script=8572 mode=4 state=1 player=(1440, 512) pos=(1408, 528) path=2
learned targeted exit AreaKey { scene: 17, anchor: (1408, 512) } event=257 -> AreaKey { scene: 17, anchor: (1280, 512) }
marked destination touch VisitKey { scene: 17, area: (1280, 512), event_id: 257, trigger_script: 8569, state: 1 }
learned exit AreaKey { scene: 17, anchor: (1408, 512) } event=257 -> AreaKey { scene: 17, anchor: (1280, 512) }
area teleport in scene 17 at frame 1457: (1408, 528) -> (1328, 568)
target scene=17 area=(1280, 512) event=264 script=9576 mode=1 state=2 player=(1328, 568) pos=(1408, 432) path=40
marked destination touch VisitKey { scene: 17, area: (1408, 512), event_id: 256, trigger_script: 8564, state: 1 }
learned exit AreaKey { scene: 17, anchor: (1280, 512) } event=256 -> AreaKey { scene: 17, anchor: (1408, 512) }
marked destination touch VisitKey { scene: 17, area: (1408, 512), event_id: 257, trigger_script: 8572, state: 1 }
learned exit AreaKey { scene: 17, anchor: (1280, 512) } event=257 -> AreaKey { scene: 17, anchor: (1408, 512) }
area teleport in scene 17 at frame 1498: (1344, 560) -> (1440, 512)
target scene=17 area=(1408, 512) event=257 script=8572 mode=4 state=1 player=(1440, 512) pos=(1408, 528) path=2
learned targeted exit AreaKey { scene: 17, anchor: (1408, 512) } event=257 -> AreaKey { scene: 17, anchor: (1280, 512) }
marked destination touch VisitKey { scene: 17, area: (1280, 512), event_id: 257, trigger_script: 8569, state: 1 }
learned exit AreaKey { scene: 17, anchor: (1408, 512) } event=257 -> AreaKey { scene: 17, anchor: (1280, 512) }
area teleport in scene 17 at frame 1511: (1408, 528) -> (1328, 568)
target scene=17 area=(1280, 512) event=264 script=9576 mode=1 state=2 player=(1328, 568) pos=(1408, 432) path=40
marked destination touch VisitKey { scene: 17, area: (1408, 512), event_id: 256, trigger_script: 8564, state: 1 }
learned exit AreaKey { scene: 17, anchor: (1280, 512) } event=256 -> AreaKey { scene: 17, anchor: (1408, 512) }
marked destination touch VisitKey { scene: 17, area: (1408, 512), event_id: 257, trigger_script: 8572, state: 1 }
learned exit AreaKey { scene: 17, anchor: (1280, 512) } event=257 -> AreaKey { scene: 17, anchor: (1408, 512) }
area teleport in scene 17 at frame 1552: (1344, 560) -> (1440, 512)
target scene=17 area=(1408, 512) event=257 script=8572 mode=4 state=1 player=(1440, 512) pos=(1408, 528) path=2
learned targeted exit AreaKey { scene: 17, anchor: (1408, 512) } event=257 -> AreaKey { scene: 17, anchor: (1280, 512) }
marked destination touch VisitKey { scene: 17, area: (1280, 512), event_id: 257, trigger_script: 8569, state: 1 }
learned exit AreaKey { scene: 17, anchor: (1408, 512) } event=257 -> AreaKey { scene: 17, anchor: (1280, 512) }
area teleport in scene 17 at frame 1565: (1408, 528) -> (1328, 568)
target scene=17 area=(1280, 512) event=264 script=9576 mode=1 state=2 player=(1328, 568) pos=(1408, 432) path=40
marked destination touch VisitKey { scene: 17, area: (1408, 512), event_id: 256, trigger_script: 8564, state: 1 }
learned exit AreaKey { scene: 17, anchor: (1280, 512) } event=256 -> AreaKey { scene: 17, anchor: (1408, 512) }
marked destination touch VisitKey { scene: 17, area: (1408, 512), event_id: 257, trigger_script: 8572, state: 1 }
learned exit AreaKey { scene: 17, anchor: (1280, 512) } event=257 -> AreaKey { scene: 17, anchor: (1408, 512) }
area teleport in scene 17 at frame 1606: (1344, 560) -> (1440, 512)
target scene=17 area=(1408, 512) event=257 script=8572 mode=4 state=1 player=(1440, 512) pos=(1408, 528) path=2
learned targeted exit AreaKey { scene: 17, anchor: (1408, 512) } event=257 -> AreaKey { scene: 17, anchor: (1280, 512) }
marked destination touch VisitKey { scene: 17, area: (1280, 512), event_id: 257, trigger_script: 8569, state: 1 }
learned exit AreaKey { scene: 17, anchor: (1408, 512) } event=257 -> AreaKey { scene: 17, anchor: (1280, 512) }
area teleport in scene 17 at frame 1619: (1408, 528) -> (1328, 568)
target scene=17 area=(1280, 512) event=264 script=9576 mode=1 state=2 player=(1328, 568) pos=(1408, 432) path=40
marked destination touch VisitKey { scene: 17, area: (1408, 512), event_id: 256, trigger_script: 8564, state: 1 }
learned exit AreaKey { scene: 17, anchor: (1280, 512) } event=256 -> AreaKey { scene: 17, anchor: (1408, 512) }
marked destination touch VisitKey { scene: 17, area: (1408, 512), event_id: 257, trigger_script: 8572, state: 1 }
learned exit AreaKey { scene: 17, anchor: (1280, 512) } event=257 -> AreaKey { scene: 17, anchor: (1408, 512) }
area teleport in scene 17 at frame 1660: (1344, 560) -> (1440, 512)
target scene=17 area=(1408, 512) event=257 script=8572 mode=4 state=1 player=(1440, 512) pos=(1408, 528) path=2
learned targeted exit AreaKey { scene: 17, anchor: (1408, 512) } event=257 -> AreaKey { scene: 17, anchor: (1280, 512) }
marked destination touch VisitKey { scene: 17, area: (1280, 512), event_id: 257, trigger_script: 8569, state: 1 }
learned exit AreaKey { scene: 17, anchor: (1408, 512) } event=257 -> AreaKey { scene: 17, anchor: (1280, 512) }
area teleport in scene 17 at frame 1673: (1408, 528) -> (1328, 568)
target scene=17 area=(1280, 512) event=264 script=9576 mode=1 state=2 player=(1328, 568) pos=(1408, 432) path=40
marked destination touch VisitKey { scene: 17, area: (1408, 512), event_id: 256, trigger_script: 8564, state: 1 }
learned exit AreaKey { scene: 17, anchor: (1280, 512) } event=256 -> AreaKey { scene: 17, anchor: (1408, 512) }
marked destination touch VisitKey { scene: 17, area: (1408, 512), event_id: 257, trigger_script: 8572, state: 1 }
learned exit AreaKey { scene: 17, anchor: (1280, 512) } event=257 -> AreaKey { scene: 17, anchor: (1408, 512) }
area teleport in scene 17 at frame 1714: (1344, 560) -> (1440, 512)
target scene=17 area=(1408, 512) event=257 script=8572 mode=4 state=1 player=(1440, 512) pos=(1408, 528) path=2
learned targeted exit AreaKey { scene: 17, anchor: (1408, 512) } event=257 -> AreaKey { scene: 17, anchor: (1280, 512) }
marked destination touch VisitKey { scene: 17, area: (1280, 512), event_id: 257, trigger_script: 8569, state: 1 }
learned exit AreaKey { scene: 17, anchor: (1408, 512) } event=257 -> AreaKey { scene: 17, anchor: (1280, 512) }
area teleport in scene 17 at frame 1727: (1408, 528) -> (1328, 568)
target scene=17 area=(1280, 512) event=264 script=9576 mode=1 state=2 player=(1328, 568) pos=(1408, 432) path=40
marked destination touch VisitKey { scene: 17, area: (1408, 512), event_id: 256, trigger_script: 8564, state: 1 }
learned exit AreaKey { scene: 17, anchor: (1280, 512) } event=256 -> AreaKey { scene: 17, anchor: (1408, 512) }
marked destination touch VisitKey { scene: 17, area: (1408, 512), event_id: 257, trigger_script: 8572, state: 1 }
learned exit AreaKey { scene: 17, anchor: (1280, 512) } event=257 -> AreaKey { scene: 17, anchor: (1408, 512) }
area teleport in scene 17 at frame 1768: (1344, 560) -> (1440, 512)
target scene=17 area=(1408, 512) event=257 script=8572 mode=4 state=1 player=(1440, 512) pos=(1408, 528) path=2
learned targeted exit AreaKey { scene: 17, anchor: (1408, 512) } event=257 -> AreaKey { scene: 17, anchor: (1280, 512) }
marked destination touch VisitKey { scene: 17, area: (1280, 512), event_id: 257, trigger_script: 8569, state: 1 }
learned exit AreaKey { scene: 17, anchor: (1408, 512) } event=257 -> AreaKey { scene: 17, anchor: (1280, 512) }
area teleport in scene 17 at frame 1781: (1408, 528) -> (1328, 568)
target scene=17 area=(1280, 512) event=264 script=9576 mode=1 state=2 player=(1328, 568) pos=(1408, 432) path=40
marked destination touch VisitKey { scene: 17, area: (1408, 512), event_id: 256, trigger_script: 8564, state: 1 }
learned exit AreaKey { scene: 17, anchor: (1280, 512) } event=256 -> AreaKey { scene: 17, anchor: (1408, 512) }
marked destination touch VisitKey { scene: 17, area: (1408, 512), event_id: 257, trigger_script: 8572, state: 1 }
learned exit AreaKey { scene: 17, anchor: (1280, 512) } event=257 -> AreaKey { scene: 17, anchor: (1408, 512) }
area teleport in scene 17 at frame 1822: (1344, 560) -> (1440, 512)
target scene=17 area=(1408, 512) event=257 script=8572 mode=4 state=1 player=(1440, 512) pos=(1408, 528) path=2
learned targeted exit AreaKey { scene: 17, anchor: (1408, 512) } event=257 -> AreaKey { scene: 17, anchor: (1280, 512) }
marked destination touch VisitKey { scene: 17, area: (1280, 512), event_id: 257, trigger_script: 8569, state: 1 }
learned exit AreaKey { scene: 17, anchor: (1408, 512) } event=257 -> AreaKey { scene: 17, anchor: (1280, 512) }
area teleport in scene 17 at frame 1835: (1408, 528) -> (1328, 568)
target scene=17 area=(1280, 512) event=264 script=9576 mode=1 state=2 player=(1328, 568) pos=(1408, 432) path=40
marked destination touch VisitKey { scene: 17, area: (1408, 512), event_id: 256, trigger_script: 8564, state: 1 }
learned exit AreaKey { scene: 17, anchor: (1280, 512) } event=256 -> AreaKey { scene: 17, anchor: (1408, 512) }
marked destination touch VisitKey { scene: 17, area: (1408, 512), event_id: 257, trigger_script: 8572, state: 1 }
learned exit AreaKey { scene: 17, anchor: (1280, 512) } event=257 -> AreaKey { scene: 17, anchor: (1408, 512) }
area teleport in scene 17 at frame 1876: (1344, 560) -> (1440, 512)
target scene=17 area=(1408, 512) event=257 script=8572 mode=4 state=1 player=(1440, 512) pos=(1408, 528) path=2
learned targeted exit AreaKey { scene: 17, anchor: (1408, 512) } event=257 -> AreaKey { scene: 17, anchor: (1280, 512) }
marked destination touch VisitKey { scene: 17, area: (1280, 512), event_id: 257, trigger_script: 8569, state: 1 }
learned exit AreaKey { scene: 17, anchor: (1408, 512) } event=257 -> AreaKey { scene: 17, anchor: (1280, 512) }
area teleport in scene 17 at frame 1889: (1408, 528) -> (1328, 568)
target scene=17 area=(1280, 512) event=264 script=9576 mode=1 state=2 player=(1328, 568) pos=(1408, 432) path=40
marked destination touch VisitKey { scene: 17, area: (1408, 512), event_id: 256, trigger_script: 8564, state: 1 }
learned exit AreaKey { scene: 17, anchor: (1280, 512) } event=256 -> AreaKey { scene: 17, anchor: (1408, 512) }
marked destination touch VisitKey { scene: 17, area: (1408, 512), event_id: 257, trigger_script: 8572, state: 1 }
learned exit AreaKey { scene: 17, anchor: (1280, 512) } event=257 -> AreaKey { scene: 17, anchor: (1408, 512) }
area teleport in scene 17 at frame 1930: (1344, 560) -> (1440, 512)
target scene=17 area=(1408, 512) event=257 script=8572 mode=4 state=1 player=(1440, 512) pos=(1408, 528) path=2
learned targeted exit AreaKey { scene: 17, anchor: (1408, 512) } event=257 -> AreaKey { scene: 17, anchor: (1280, 512) }
marked destination touch VisitKey { scene: 17, area: (1280, 512), event_id: 257, trigger_script: 8569, state: 1 }
learned exit AreaKey { scene: 17, anchor: (1408, 512) } event=257 -> AreaKey { scene: 17, anchor: (1280, 512) }
area teleport in scene 17 at frame 1943: (1408, 528) -> (1328, 568)
target scene=17 area=(1280, 512) event=264 script=9576 mode=1 state=2 player=(1328, 568) pos=(1408, 432) path=40
marked destination touch VisitKey { scene: 17, area: (1408, 512), event_id: 256, trigger_script: 8564, state: 1 }
learned exit AreaKey { scene: 17, anchor: (1280, 512) } event=256 -> AreaKey { scene: 17, anchor: (1408, 512) }
marked destination touch VisitKey { scene: 17, area: (1408, 512), event_id: 257, trigger_script: 8572, state: 1 }
learned exit AreaKey { scene: 17, anchor: (1280, 512) } event=257 -> AreaKey { scene: 17, anchor: (1408, 512) }
area teleport in scene 17 at frame 1984: (1344, 560) -> (1440, 512)
target scene=17 area=(1408, 512) event=257 script=8572 mode=4 state=1 player=(1440, 512) pos=(1408, 528) path=2
learned targeted exit AreaKey { scene: 17, anchor: (1408, 512) } event=257 -> AreaKey { scene: 17, anchor: (1280, 512) }
marked destination touch VisitKey { scene: 17, area: (1280, 512), event_id: 257, trigger_script: 8569, state: 1 }
learned exit AreaKey { scene: 17, anchor: (1408, 512) } event=257 -> AreaKey { scene: 17, anchor: (1280, 512) }
area teleport in scene 17 at frame 1997: (1408, 528) -> (1328, 568)
target scene=17 area=(1280, 512) event=264 script=9576 mode=1 state=2 player=(1328, 568) pos=(1408, 432) path=40
marked destination touch VisitKey { scene: 17, area: (1408, 512), event_id: 256, trigger_script: 8564, state: 1 }
learned exit AreaKey { scene: 17, anchor: (1280, 512) } event=256 -> AreaKey { scene: 17, anchor: (1408, 512) }
marked destination touch VisitKey { scene: 17, area: (1408, 512), event_id: 257, trigger_script: 8572, state: 1 }
learned exit AreaKey { scene: 17, anchor: (1280, 512) } event=257 -> AreaKey { scene: 17, anchor: (1408, 512) }
area teleport in scene 17 at frame 2038: (1344, 560) -> (1440, 512)
target scene=17 area=(1408, 512) event=257 script=8572 mode=4 state=1 player=(1440, 512) pos=(1408, 528) path=2
learned targeted exit AreaKey { scene: 17, anchor: (1408, 512) } event=257 -> AreaKey { scene: 17, anchor: (1280, 512) }
marked destination touch VisitKey { scene: 17, area: (1280, 512), event_id: 257, trigger_script: 8569, state: 1 }
learned exit AreaKey { scene: 17, anchor: (1408, 512) } event=257 -> AreaKey { scene: 17, anchor: (1280, 512) }
area teleport in scene 17 at frame 2051: (1408, 528) -> (1328, 568)
target scene=17 area=(1280, 512) event=264 script=9576 mode=1 state=2 player=(1328, 568) pos=(1408, 432) path=40
marked destination touch VisitKey { scene: 17, area: (1408, 512), event_id: 256, trigger_script: 8564, state: 1 }
learned exit AreaKey { scene: 17, anchor: (1280, 512) } event=256 -> AreaKey { scene: 17, anchor: (1408, 512) }
marked destination touch VisitKey { scene: 17, area: (1408, 512), event_id: 257, trigger_script: 8572, state: 1 }
learned exit AreaKey { scene: 17, anchor: (1280, 512) } event=257 -> AreaKey { scene: 17, anchor: (1408, 512) }
area teleport in scene 17 at frame 2092: (1344, 560) -> (1440, 512)
target scene=17 area=(1408, 512) event=257 script=8572 mode=4 state=1 player=(1440, 512) pos=(1408, 528) path=2
learned targeted exit AreaKey { scene: 17, anchor: (1408, 512) } event=257 -> AreaKey { scene: 17, anchor: (1280, 512) }
marked destination touch VisitKey { scene: 17, area: (1280, 512), event_id: 257, trigger_script: 8569, state: 1 }
learned exit AreaKey { scene: 17, anchor: (1408, 512) } event=257 -> AreaKey { scene: 17, anchor: (1280, 512) }
area teleport in scene 17 at frame 2105: (1408, 528) -> (1328, 568)
target scene=17 area=(1280, 512) event=264 script=9576 mode=1 state=2 player=(1328, 568) pos=(1408, 432) path=40
marked destination touch VisitKey { scene: 17, area: (1408, 512), event_id: 256, trigger_script: 8564, state: 1 }
learned exit AreaKey { scene: 17, anchor: (1280, 512) } event=256 -> AreaKey { scene: 17, anchor: (1408, 512) }
marked destination touch VisitKey { scene: 17, area: (1408, 512), event_id: 257, trigger_script: 8572, state: 1 }
learned exit AreaKey { scene: 17, anchor: (1280, 512) } event=257 -> AreaKey { scene: 17, anchor: (1408, 512) }
area teleport in scene 17 at frame 2146: (1344, 560) -> (1440, 512)
target scene=17 area=(1408, 512) event=257 script=8572 mode=4 state=1 player=(1440, 512) pos=(1408, 528) path=2
learned targeted exit AreaKey { scene: 17, anchor: (1408, 512) } event=257 -> AreaKey { scene: 17, anchor: (1280, 512) }
marked destination touch VisitKey { scene: 17, area: (1280, 512), event_id: 257, trigger_script: 8569, state: 1 }
learned exit AreaKey { scene: 17, anchor: (1408, 512) } event=257 -> AreaKey { scene: 17, anchor: (1280, 512) }
area teleport in scene 17 at frame 2159: (1408, 528) -> (1328, 568)
target scene=17 area=(1280, 512) event=264 script=9576 mode=1 state=2 player=(1328, 568) pos=(1408, 432) path=40
marked destination touch VisitKey { scene: 17, area: (1408, 512), event_id: 256, trigger_script: 8564, state: 1 }
learned exit AreaKey { scene: 17, anchor: (1280, 512) } event=256 -> AreaKey { scene: 17, anchor: (1408, 512) }
marked destination touch VisitKey { scene: 17, area: (1408, 512), event_id: 257, trigger_script: 8572, state: 1 }
learned exit AreaKey { scene: 17, anchor: (1280, 512) } event=257 -> AreaKey { scene: 17, anchor: (1408, 512) }
area teleport in scene 17 at frame 2200: (1344, 560) -> (1440, 512)
target scene=17 area=(1408, 512) event=257 script=8572 mode=4 state=1 player=(1440, 512) pos=(1408, 528) path=2
learned targeted exit AreaKey { scene: 17, anchor: (1408, 512) } event=257 -> AreaKey { scene: 17, anchor: (1280, 512) }
marked destination touch VisitKey { scene: 17, area: (1280, 512), event_id: 257, trigger_script: 8569, state: 1 }
learned exit AreaKey { scene: 17, anchor: (1408, 512) } event=257 -> AreaKey { scene: 17, anchor: (1280, 512) }
area teleport in scene 17 at frame 2213: (1408, 528) -> (1328, 568)
target scene=17 area=(1280, 512) event=264 script=9576 mode=1 state=2 player=(1328, 568) pos=(1408, 432) path=40
marked destination touch VisitKey { scene: 17, area: (1408, 512), event_id: 256, trigger_script: 8564, state: 1 }
learned exit AreaKey { scene: 17, anchor: (1280, 512) } event=256 -> AreaKey { scene: 17, anchor: (1408, 512) }
marked destination touch VisitKey { scene: 17, area: (1408, 512), event_id: 257, trigger_script: 8572, state: 1 }
learned exit AreaKey { scene: 17, anchor: (1280, 512) } event=257 -> AreaKey { scene: 17, anchor: (1408, 512) }
area teleport in scene 17 at frame 2254: (1344, 560) -> (1440, 512)
target scene=17 area=(1408, 512) event=257 script=8572 mode=4 state=1 player=(1440, 512) pos=(1408, 528) path=2
learned targeted exit AreaKey { scene: 17, anchor: (1408, 512) } event=257 -> AreaKey { scene: 17, anchor: (1280, 512) }
marked destination touch VisitKey { scene: 17, area: (1280, 512), event_id: 257, trigger_script: 8569, state: 1 }
learned exit AreaKey { scene: 17, anchor: (1408, 512) } event=257 -> AreaKey { scene: 17, anchor: (1280, 512) }
area teleport in scene 17 at frame 2267: (1408, 528) -> (1328, 568)
target scene=17 area=(1280, 512) event=264 script=9576 mode=1 state=2 player=(1328, 568) pos=(1408, 432) path=40
marked destination touch VisitKey { scene: 17, area: (1408, 512), event_id: 256, trigger_script: 8564, state: 1 }
learned exit AreaKey { scene: 17, anchor: (1280, 512) } event=256 -> AreaKey { scene: 17, anchor: (1408, 512) }
marked destination touch VisitKey { scene: 17, area: (1408, 512), event_id: 257, trigger_script: 8572, state: 1 }
learned exit AreaKey { scene: 17, anchor: (1280, 512) } event=257 -> AreaKey { scene: 17, anchor: (1408, 512) }
area teleport in scene 17 at frame 2308: (1344, 560) -> (1440, 512)
target scene=17 area=(1408, 512) event=257 script=8572 mode=4 state=1 player=(1440, 512) pos=(1408, 528) path=2
learned targeted exit AreaKey { scene: 17, anchor: (1408, 512) } event=257 -> AreaKey { scene: 17, anchor: (1280, 512) }
marked destination touch VisitKey { scene: 17, area: (1280, 512), event_id: 257, trigger_script: 8569, state: 1 }
learned exit AreaKey { scene: 17, anchor: (1408, 512) } event=257 -> AreaKey { scene: 17, anchor: (1280, 512) }
area teleport in scene 17 at frame 2321: (1408, 528) -> (1328, 568)
target scene=17 area=(1280, 512) event=264 script=9576 mode=1 state=2 player=(1328, 568) pos=(1408, 432) path=40
marked destination touch VisitKey { scene: 17, area: (1408, 512), event_id: 256, trigger_script: 8564, state: 1 }
learned exit AreaKey { scene: 17, anchor: (1280, 512) } event=256 -> AreaKey { scene: 17, anchor: (1408, 512) }
marked destination touch VisitKey { scene: 17, area: (1408, 512), event_id: 257, trigger_script: 8572, state: 1 }
learned exit AreaKey { scene: 17, anchor: (1280, 512) } event=257 -> AreaKey { scene: 17, anchor: (1408, 512) }
area teleport in scene 17 at frame 2362: (1344, 560) -> (1440, 512)
target scene=17 area=(1408, 512) event=257 script=8572 mode=4 state=1 player=(1440, 512) pos=(1408, 528) path=2
learned targeted exit AreaKey { scene: 17, anchor: (1408, 512) } event=257 -> AreaKey { scene: 17, anchor: (1280, 512) }
marked destination touch VisitKey { scene: 17, area: (1280, 512), event_id: 257, trigger_script: 8569, state: 1 }
learned exit AreaKey { scene: 17, anchor: (1408, 512) } event=257 -> AreaKey { scene: 17, anchor: (1280, 512) }
area teleport in scene 17 at frame 2375: (1408, 528) -> (1328, 568)
target scene=17 area=(1280, 512) event=264 script=9576 mode=1 state=2 player=(1328, 568) pos=(1408, 432) path=40
marked destination touch VisitKey { scene: 17, area: (1408, 512), event_id: 256, trigger_script: 8564, state: 1 }
learned exit AreaKey { scene: 17, anchor: (1280, 512) } event=256 -> AreaKey { scene: 17, anchor: (1408, 512) }
marked destination touch VisitKey { scene: 17, area: (1408, 512), event_id: 257, trigger_script: 8572, state: 1 }
learned exit AreaKey { scene: 17, anchor: (1280, 512) } event=257 -> AreaKey { scene: 17, anchor: (1408, 512) }
area teleport in scene 17 at frame 2416: (1344, 560) -> (1440, 512)
target scene=17 area=(1408, 512) event=257 script=8572 mode=4 state=1 player=(1440, 512) pos=(1408, 528) path=2
learned targeted exit AreaKey { scene: 17, anchor: (1408, 512) } event=257 -> AreaKey { scene: 17, anchor: (1280, 512) }
marked destination touch VisitKey { scene: 17, area: (1280, 512), event_id: 257, trigger_script: 8569, state: 1 }
learned exit AreaKey { scene: 17, anchor: (1408, 512) } event=257 -> AreaKey { scene: 17, anchor: (1280, 512) }
area teleport in scene 17 at frame 2429: (1408, 528) -> (1328, 568)
target scene=17 area=(1280, 512) event=264 script=9576 mode=1 state=2 player=(1328, 568) pos=(1408, 432) path=40
marked destination touch VisitKey { scene: 17, area: (1408, 512), event_id: 256, trigger_script: 8564, state: 1 }
learned exit AreaKey { scene: 17, anchor: (1280, 512) } event=256 -> AreaKey { scene: 17, anchor: (1408, 512) }
marked destination touch VisitKey { scene: 17, area: (1408, 512), event_id: 257, trigger_script: 8572, state: 1 }
learned exit AreaKey { scene: 17, anchor: (1280, 512) } event=257 -> AreaKey { scene: 17, anchor: (1408, 512) }
area teleport in scene 17 at frame 2470: (1344, 560) -> (1440, 512)
target scene=17 area=(1408, 512) event=257 script=8572 mode=4 state=1 player=(1440, 512) pos=(1408, 528) path=2
learned targeted exit AreaKey { scene: 17, anchor: (1408, 512) } event=257 -> AreaKey { scene: 17, anchor: (1280, 512) }
marked destination touch VisitKey { scene: 17, area: (1280, 512), event_id: 257, trigger_script: 8569, state: 1 }
learned exit AreaKey { scene: 17, anchor: (1408, 512) } event=257 -> AreaKey { scene: 17, anchor: (1280, 512) }
area teleport in scene 17 at frame 2483: (1408, 528) -> (1328, 568)
target scene=17 area=(1280, 512) event=264 script=9576 mode=1 state=2 player=(1328, 568) pos=(1408, 432) path=40
marked destination touch VisitKey { scene: 17, area: (1408, 512), event_id: 256, trigger_script: 8564, state: 1 }
learned exit AreaKey { scene: 17, anchor: (1280, 512) } event=256 -> AreaKey { scene: 17, anchor: (1408, 512) }
marked destination touch VisitKey { scene: 17, area: (1408, 512), event_id: 257, trigger_script: 8572, state: 1 }
learned exit AreaKey { scene: 17, anchor: (1280, 512) } event=257 -> AreaKey { scene: 17, anchor: (1408, 512) }
area teleport in scene 17 at frame 2524: (1344, 560) -> (1440, 512)
target scene=17 area=(1408, 512) event=257 script=8572 mode=4 state=1 player=(1440, 512) pos=(1408, 528) path=2
learned targeted exit AreaKey { scene: 17, anchor: (1408, 512) } event=257 -> AreaKey { scene: 17, anchor: (1280, 512) }
marked destination touch VisitKey { scene: 17, area: (1280, 512), event_id: 257, trigger_script: 8569, state: 1 }
learned exit AreaKey { scene: 17, anchor: (1408, 512) } event=257 -> AreaKey { scene: 17, anchor: (1280, 512) }
area teleport in scene 17 at frame 2537: (1408, 528) -> (1328, 568)
target scene=17 area=(1280, 512) event=264 script=9576 mode=1 state=2 player=(1328, 568) pos=(1408, 432) path=40
marked destination touch VisitKey { scene: 17, area: (1408, 512), event_id: 256, trigger_script: 8564, state: 1 }
learned exit AreaKey { scene: 17, anchor: (1280, 512) } event=256 -> AreaKey { scene: 17, anchor: (1408, 512) }
marked destination touch VisitKey { scene: 17, area: (1408, 512), event_id: 257, trigger_script: 8572, state: 1 }
learned exit AreaKey { scene: 17, anchor: (1280, 512) } event=257 -> AreaKey { scene: 17, anchor: (1408, 512) }
area teleport in scene 17 at frame 2578: (1344, 560) -> (1440, 512)
target scene=17 area=(1408, 512) event=257 script=8572 mode=4 state=1 player=(1440, 512) pos=(1408, 528) path=2
learned targeted exit AreaKey { scene: 17, anchor: (1408, 512) } event=257 -> AreaKey { scene: 17, anchor: (1280, 512) }
marked destination touch VisitKey { scene: 17, area: (1280, 512), event_id: 257, trigger_script: 8569, state: 1 }
learned exit AreaKey { scene: 17, anchor: (1408, 512) } event=257 -> AreaKey { scene: 17, anchor: (1280, 512) }
area teleport in scene 17 at frame 2591: (1408, 528) -> (1328, 568)
target scene=17 area=(1280, 512) event=264 script=9576 mode=1 state=2 player=(1328, 568) pos=(1408, 432) path=40
marked destination touch VisitKey { scene: 17, area: (1408, 512), event_id: 256, trigger_script: 8564, state: 1 }
learned exit AreaKey { scene: 17, anchor: (1280, 512) } event=256 -> AreaKey { scene: 17, anchor: (1408, 512) }
marked destination touch VisitKey { scene: 17, area: (1408, 512), event_id: 257, trigger_script: 8572, state: 1 }
learned exit AreaKey { scene: 17, anchor: (1280, 512) } event=257 -> AreaKey { scene: 17, anchor: (1408, 512) }
area teleport in scene 17 at frame 2632: (1344, 560) -> (1440, 512)
target scene=17 area=(1408, 512) event=257 script=8572 mode=4 state=1 player=(1440, 512) pos=(1408, 528) path=2
learned targeted exit AreaKey { scene: 17, anchor: (1408, 512) } event=257 -> AreaKey { scene: 17, anchor: (1280, 512) }
marked destination touch VisitKey { scene: 17, area: (1280, 512), event_id: 257, trigger_script: 8569, state: 1 }
learned exit AreaKey { scene: 17, anchor: (1408, 512) } event=257 -> AreaKey { scene: 17, anchor: (1280, 512) }
area teleport in scene 17 at frame 2645: (1408, 528) -> (1328, 568)
target scene=17 area=(1280, 512) event=264 script=9576 mode=1 state=2 player=(1328, 568) pos=(1408, 432) path=40
marked destination touch VisitKey { scene: 17, area: (1408, 512), event_id: 256, trigger_script: 8564, state: 1 }
learned exit AreaKey { scene: 17, anchor: (1280, 512) } event=256 -> AreaKey { scene: 17, anchor: (1408, 512) }
marked destination touch VisitKey { scene: 17, area: (1408, 512), event_id: 257, trigger_script: 8572, state: 1 }
learned exit AreaKey { scene: 17, anchor: (1280, 512) } event=257 -> AreaKey { scene: 17, anchor: (1408, 512) }
area teleport in scene 17 at frame 2686: (1344, 560) -> (1440, 512)
target scene=17 area=(1408, 512) event=257 script=8572 mode=4 state=1 player=(1440, 512) pos=(1408, 528) path=2
learned targeted exit AreaKey { scene: 17, anchor: (1408, 512) } event=257 -> AreaKey { scene: 17, anchor: (1280, 512) }
marked destination touch VisitKey { scene: 17, area: (1280, 512), event_id: 257, trigger_script: 8569, state: 1 }
learned exit AreaKey { scene: 17, anchor: (1408, 512) } event=257 -> AreaKey { scene: 17, anchor: (1280, 512) }
area teleport in scene 17 at frame 2699: (1408, 528) -> (1328, 568)
target scene=17 area=(1280, 512) event=264 script=9576 mode=1 state=2 player=(1328, 568) pos=(1408, 432) path=40
marked destination touch VisitKey { scene: 17, area: (1408, 512), event_id: 256, trigger_script: 8564, state: 1 }
learned exit AreaKey { scene: 17, anchor: (1280, 512) } event=256 -> AreaKey { scene: 17, anchor: (1408, 512) }
marked destination touch VisitKey { scene: 17, area: (1408, 512), event_id: 257, trigger_script: 8572, state: 1 }
learned exit AreaKey { scene: 17, anchor: (1280, 512) } event=257 -> AreaKey { scene: 17, anchor: (1408, 512) }
area teleport in scene 17 at frame 2740: (1344, 560) -> (1440, 512)
target scene=17 area=(1408, 512) event=257 script=8572 mode=4 state=1 player=(1440, 512) pos=(1408, 528) path=2
learned targeted exit AreaKey { scene: 17, anchor: (1408, 512) } event=257 -> AreaKey { scene: 17, anchor: (1280, 512) }
marked destination touch VisitKey { scene: 17, area: (1280, 512), event_id: 257, trigger_script: 8569, state: 1 }
learned exit AreaKey { scene: 17, anchor: (1408, 512) } event=257 -> AreaKey { scene: 17, anchor: (1280, 512) }
area teleport in scene 17 at frame 2753: (1408, 528) -> (1328, 568)
target scene=17 area=(1280, 512) event=264 script=9576 mode=1 state=2 player=(1328, 568) pos=(1408, 432) path=40
marked destination touch VisitKey { scene: 17, area: (1408, 512), event_id: 256, trigger_script: 8564, state: 1 }
learned exit AreaKey { scene: 17, anchor: (1280, 512) } event=256 -> AreaKey { scene: 17, anchor: (1408, 512) }
marked destination touch VisitKey { scene: 17, area: (1408, 512), event_id: 257, trigger_script: 8572, state: 1 }
learned exit AreaKey { scene: 17, anchor: (1280, 512) } event=257 -> AreaKey { scene: 17, anchor: (1408, 512) }
area teleport in scene 17 at frame 2794: (1344, 560) -> (1440, 512)
target scene=17 area=(1408, 512) event=257 script=8572 mode=4 state=1 player=(1440, 512) pos=(1408, 528) path=2
learned targeted exit AreaKey { scene: 17, anchor: (1408, 512) } event=257 -> AreaKey { scene: 17, anchor: (1280, 512) }
marked destination touch VisitKey { scene: 17, area: (1280, 512), event_id: 257, trigger_script: 8569, state: 1 }
learned exit AreaKey { scene: 17, anchor: (1408, 512) } event=257 -> AreaKey { scene: 17, anchor: (1280, 512) }
area teleport in scene 17 at frame 2807: (1408, 528) -> (1328, 568)
target scene=17 area=(1280, 512) event=264 script=9576 mode=1 state=2 player=(1328, 568) pos=(1408, 432) path=40
marked destination touch VisitKey { scene: 17, area: (1408, 512), event_id: 256, trigger_script: 8564, state: 1 }
learned exit AreaKey { scene: 17, anchor: (1280, 512) } event=256 -> AreaKey { scene: 17, anchor: (1408, 512) }
marked destination touch VisitKey { scene: 17, area: (1408, 512), event_id: 257, trigger_script: 8572, state: 1 }
learned exit AreaKey { scene: 17, anchor: (1280, 512) } event=257 -> AreaKey { scene: 17, anchor: (1408, 512) }
area teleport in scene 17 at frame 2848: (1344, 560) -> (1440, 512)
target scene=17 area=(1408, 512) event=257 script=8572 mode=4 state=1 player=(1440, 512) pos=(1408, 528) path=2
learned targeted exit AreaKey { scene: 17, anchor: (1408, 512) } event=257 -> AreaKey { scene: 17, anchor: (1280, 512) }
marked destination touch VisitKey { scene: 17, area: (1280, 512), event_id: 257, trigger_script: 8569, state: 1 }
learned exit AreaKey { scene: 17, anchor: (1408, 512) } event=257 -> AreaKey { scene: 17, anchor: (1280, 512) }
area teleport in scene 17 at frame 2861: (1408, 528) -> (1328, 568)
target scene=17 area=(1280, 512) event=264 script=9576 mode=1 state=2 player=(1328, 568) pos=(1408, 432) path=40
marked destination touch VisitKey { scene: 17, area: (1408, 512), event_id: 256, trigger_script: 8564, state: 1 }
learned exit AreaKey { scene: 17, anchor: (1280, 512) } event=256 -> AreaKey { scene: 17, anchor: (1408, 512) }
marked destination touch VisitKey { scene: 17, area: (1408, 512), event_id: 257, trigger_script: 8572, state: 1 }
learned exit AreaKey { scene: 17, anchor: (1280, 512) } event=257 -> AreaKey { scene: 17, anchor: (1408, 512) }
area teleport in scene 17 at frame 2902: (1344, 560) -> (1440, 512)
target scene=17 area=(1408, 512) event=257 script=8572 mode=4 state=1 player=(1440, 512) pos=(1408, 528) path=2
learned targeted exit AreaKey { scene: 17, anchor: (1408, 512) } event=257 -> AreaKey { scene: 17, anchor: (1280, 512) }
marked destination touch VisitKey { scene: 17, area: (1280, 512), event_id: 257, trigger_script: 8569, state: 1 }
learned exit AreaKey { scene: 17, anchor: (1408, 512) } event=257 -> AreaKey { scene: 17, anchor: (1280, 512) }
area teleport in scene 17 at frame 2915: (1408, 528) -> (1328, 568)
target scene=17 area=(1280, 512) event=264 script=9576 mode=1 state=2 player=(1328, 568) pos=(1408, 432) path=40
marked destination touch VisitKey { scene: 17, area: (1408, 512), event_id: 256, trigger_script: 8564, state: 1 }
learned exit AreaKey { scene: 17, anchor: (1280, 512) } event=256 -> AreaKey { scene: 17, anchor: (1408, 512) }
marked destination touch VisitKey { scene: 17, area: (1408, 512), event_id: 257, trigger_script: 8572, state: 1 }
learned exit AreaKey { scene: 17, anchor: (1280, 512) } event=257 -> AreaKey { scene: 17, anchor: (1408, 512) }
area teleport in scene 17 at frame 2956: (1344, 560) -> (1440, 512)
target scene=17 area=(1408, 512) event=257 script=8572 mode=4 state=1 player=(1440, 512) pos=(1408, 528) path=2
learned targeted exit AreaKey { scene: 17, anchor: (1408, 512) } event=257 -> AreaKey { scene: 17, anchor: (1280, 512) }
marked destination touch VisitKey { scene: 17, area: (1280, 512), event_id: 257, trigger_script: 8569, state: 1 }
learned exit AreaKey { scene: 17, anchor: (1408, 512) } event=257 -> AreaKey { scene: 17, anchor: (1280, 512) }
area teleport in scene 17 at frame 2969: (1408, 528) -> (1328, 568)
target scene=17 area=(1280, 512) event=264 script=9576 mode=1 state=2 player=(1328, 568) pos=(1408, 432) path=40
marked destination touch VisitKey { scene: 17, area: (1408, 512), event_id: 256, trigger_script: 8564, state: 1 }
learned exit AreaKey { scene: 17, anchor: (1280, 512) } event=256 -> AreaKey { scene: 17, anchor: (1408, 512) }
marked destination touch VisitKey { scene: 17, area: (1408, 512), event_id: 257, trigger_script: 8572, state: 1 }
learned exit AreaKey { scene: 17, anchor: (1280, 512) } event=257 -> AreaKey { scene: 17, anchor: (1408, 512) }
area teleport in scene 17 at frame 3010: (1344, 560) -> (1440, 512)
target scene=17 area=(1408, 512) event=257 script=8572 mode=4 state=1 player=(1440, 512) pos=(1408, 528) path=2
learned targeted exit AreaKey { scene: 17, anchor: (1408, 512) } event=257 -> AreaKey { scene: 17, anchor: (1280, 512) }
marked destination touch VisitKey { scene: 17, area: (1280, 512), event_id: 257, trigger_script: 8569, state: 1 }
learned exit AreaKey { scene: 17, anchor: (1408, 512) } event=257 -> AreaKey { scene: 17, anchor: (1280, 512) }
area teleport in scene 17 at frame 3023: (1408, 528) -> (1328, 568)
target scene=17 area=(1280, 512) event=264 script=9576 mode=1 state=2 player=(1328, 568) pos=(1408, 432) path=40
marked destination touch VisitKey { scene: 17, area: (1408, 512), event_id: 256, trigger_script: 8564, state: 1 }
learned exit AreaKey { scene: 17, anchor: (1280, 512) } event=256 -> AreaKey { scene: 17, anchor: (1408, 512) }
marked destination touch VisitKey { scene: 17, area: (1408, 512), event_id: 257, trigger_script: 8572, state: 1 }
learned exit AreaKey { scene: 17, anchor: (1280, 512) } event=257 -> AreaKey { scene: 17, anchor: (1408, 512) }
area teleport in scene 17 at frame 3064: (1344, 560) -> (1440, 512)
target scene=17 area=(1408, 512) event=257 script=8572 mode=4 state=1 player=(1440, 512) pos=(1408, 528) path=2
learned targeted exit AreaKey { scene: 17, anchor: (1408, 512) } event=257 -> AreaKey { scene: 17, anchor: (1280, 512) }
marked destination touch VisitKey { scene: 17, area: (1280, 512), event_id: 257, trigger_script: 8569, state: 1 }
learned exit AreaKey { scene: 17, anchor: (1408, 512) } event=257 -> AreaKey { scene: 17, anchor: (1280, 512) }
area teleport in scene 17 at frame 3077: (1408, 528) -> (1328, 568)
target scene=17 area=(1280, 512) event=264 script=9576 mode=1 state=2 player=(1328, 568) pos=(1408, 432) path=40
marked destination touch VisitKey { scene: 17, area: (1408, 512), event_id: 256, trigger_script: 8564, state: 1 }
learned exit AreaKey { scene: 17, anchor: (1280, 512) } event=256 -> AreaKey { scene: 17, anchor: (1408, 512) }
marked destination touch VisitKey { scene: 17, area: (1408, 512), event_id: 257, trigger_script: 8572, state: 1 }
learned exit AreaKey { scene: 17, anchor: (1280, 512) } event=257 -> AreaKey { scene: 17, anchor: (1408, 512) }
area teleport in scene 17 at frame 3118: (1344, 560) -> (1440, 512)
target scene=17 area=(1408, 512) event=257 script=8572 mode=4 state=1 player=(1440, 512) pos=(1408, 528) path=2
learned targeted exit AreaKey { scene: 17, anchor: (1408, 512) } event=257 -> AreaKey { scene: 17, anchor: (1280, 512) }
marked destination touch VisitKey { scene: 17, area: (1280, 512), event_id: 257, trigger_script: 8569, state: 1 }
learned exit AreaKey { scene: 17, anchor: (1408, 512) } event=257 -> AreaKey { scene: 17, anchor: (1280, 512) }
area teleport in scene 17 at frame 3131: (1408, 528) -> (1328, 568)
target scene=17 area=(1280, 512) event=264 script=9576 mode=1 state=2 player=(1328, 568) pos=(1408, 432) path=40
marked destination touch VisitKey { scene: 17, area: (1408, 512), event_id: 256, trigger_script: 8564, state: 1 }
learned exit AreaKey { scene: 17, anchor: (1280, 512) } event=256 -> AreaKey { scene: 17, anchor: (1408, 512) }
marked destination touch VisitKey { scene: 17, area: (1408, 512), event_id: 257, trigger_script: 8572, state: 1 }
learned exit AreaKey { scene: 17, anchor: (1280, 512) } event=257 -> AreaKey { scene: 17, anchor: (1408, 512) }
area teleport in scene 17 at frame 3172: (1344, 560) -> (1440, 512)
target scene=17 area=(1408, 512) event=257 script=8572 mode=4 state=1 player=(1440, 512) pos=(1408, 528) path=2
learned targeted exit AreaKey { scene: 17, anchor: (1408, 512) } event=257 -> AreaKey { scene: 17, anchor: (1280, 512) }
marked destination touch VisitKey { scene: 17, area: (1280, 512), event_id: 257, trigger_script: 8569, state: 1 }
learned exit AreaKey { scene: 17, anchor: (1408, 512) } event=257 -> AreaKey { scene: 17, anchor: (1280, 512) }
area teleport in scene 17 at frame 3185: (1408, 528) -> (1328, 568)
target scene=17 area=(1280, 512) event=264 script=9576 mode=1 state=2 player=(1328, 568) pos=(1408, 432) path=40
marked destination touch VisitKey { scene: 17, area: (1408, 512), event_id: 256, trigger_script: 8564, state: 1 }
learned exit AreaKey { scene: 17, anchor: (1280, 512) } event=256 -> AreaKey { scene: 17, anchor: (1408, 512) }
marked destination touch VisitKey { scene: 17, area: (1408, 512), event_id: 257, trigger_script: 8572, state: 1 }
learned exit AreaKey { scene: 17, anchor: (1280, 512) } event=257 -> AreaKey { scene: 17, anchor: (1408, 512) }
area teleport in scene 17 at frame 3226: (1344, 560) -> (1440, 512)
target scene=17 area=(1408, 512) event=257 script=8572 mode=4 state=1 player=(1440, 512) pos=(1408, 528) path=2
learned targeted exit AreaKey { scene: 17, anchor: (1408, 512) } event=257 -> AreaKey { scene: 17, anchor: (1280, 512) }
marked destination touch VisitKey { scene: 17, area: (1280, 512), event_id: 257, trigger_script: 8569, state: 1 }
learned exit AreaKey { scene: 17, anchor: (1408, 512) } event=257 -> AreaKey { scene: 17, anchor: (1280, 512) }
area teleport in scene 17 at frame 3239: (1408, 528) -> (1328, 568)
target scene=17 area=(1280, 512) event=264 script=9576 mode=1 state=2 player=(1328, 568) pos=(1408, 432) path=40
marked destination touch VisitKey { scene: 17, area: (1408, 512), event_id: 256, trigger_script: 8564, state: 1 }
learned exit AreaKey { scene: 17, anchor: (1280, 512) } event=256 -> AreaKey { scene: 17, anchor: (1408, 512) }
marked destination touch VisitKey { scene: 17, area: (1408, 512), event_id: 257, trigger_script: 8572, state: 1 }
learned exit AreaKey { scene: 17, anchor: (1280, 512) } event=257 -> AreaKey { scene: 17, anchor: (1408, 512) }
area teleport in scene 17 at frame 3280: (1344, 560) -> (1440, 512)
target scene=17 area=(1408, 512) event=257 script=8572 mode=4 state=1 player=(1440, 512) pos=(1408, 528) path=2
learned targeted exit AreaKey { scene: 17, anchor: (1408, 512) } event=257 -> AreaKey { scene: 17, anchor: (1280, 512) }
marked destination touch VisitKey { scene: 17, area: (1280, 512), event_id: 257, trigger_script: 8569, state: 1 }
learned exit AreaKey { scene: 17, anchor: (1408, 512) } event=257 -> AreaKey { scene: 17, anchor: (1280, 512) }
area teleport in scene 17 at frame 3293: (1408, 528) -> (1328, 568)
target scene=17 area=(1280, 512) event=264 script=9576 mode=1 state=2 player=(1328, 568) pos=(1408, 432) path=40
marked destination touch VisitKey { scene: 17, area: (1408, 512), event_id: 256, trigger_script: 8564, state: 1 }
learned exit AreaKey { scene: 17, anchor: (1280, 512) } event=256 -> AreaKey { scene: 17, anchor: (1408, 512) }
marked destination touch VisitKey { scene: 17, area: (1408, 512), event_id: 257, trigger_script: 8572, state: 1 }
learned exit AreaKey { scene: 17, anchor: (1280, 512) } event=257 -> AreaKey { scene: 17, anchor: (1408, 512) }
area teleport in scene 17 at frame 3334: (1344, 560) -> (1440, 512)
target scene=17 area=(1408, 512) event=257 script=8572 mode=4 state=1 player=(1440, 512) pos=(1408, 528) path=2
learned targeted exit AreaKey { scene: 17, anchor: (1408, 512) } event=257 -> AreaKey { scene: 17, anchor: (1280, 512) }
marked destination touch VisitKey { scene: 17, area: (1280, 512), event_id: 257, trigger_script: 8569, state: 1 }
learned exit AreaKey { scene: 17, anchor: (1408, 512) } event=257 -> AreaKey { scene: 17, anchor: (1280, 512) }
area teleport in scene 17 at frame 3347: (1408, 528) -> (1328, 568)
target scene=17 area=(1280, 512) event=264 script=9576 mode=1 state=2 player=(1328, 568) pos=(1408, 432) path=40
marked destination touch VisitKey { scene: 17, area: (1408, 512), event_id: 256, trigger_script: 8564, state: 1 }
learned exit AreaKey { scene: 17, anchor: (1280, 512) } event=256 -> AreaKey { scene: 17, anchor: (1408, 512) }
marked destination touch VisitKey { scene: 17, area: (1408, 512), event_id: 257, trigger_script: 8572, state: 1 }
learned exit AreaKey { scene: 17, anchor: (1280, 512) } event=257 -> AreaKey { scene: 17, anchor: (1408, 512) }
area teleport in scene 17 at frame 3388: (1344, 560) -> (1440, 512)
target scene=17 area=(1408, 512) event=257 script=8572 mode=4 state=1 player=(1440, 512) pos=(1408, 528) path=2
learned targeted exit AreaKey { scene: 17, anchor: (1408, 512) } event=257 -> AreaKey { scene: 17, anchor: (1280, 512) }
marked destination touch VisitKey { scene: 17, area: (1280, 512), event_id: 257, trigger_script: 8569, state: 1 }
learned exit AreaKey { scene: 17, anchor: (1408, 512) } event=257 -> AreaKey { scene: 17, anchor: (1280, 512) }
area teleport in scene 17 at frame 3401: (1408, 528) -> (1328, 568)
target scene=17 area=(1280, 512) event=264 script=9576 mode=1 state=2 player=(1328, 568) pos=(1408, 432) path=40
marked destination touch VisitKey { scene: 17, area: (1408, 512), event_id: 256, trigger_script: 8564, state: 1 }
learned exit AreaKey { scene: 17, anchor: (1280, 512) } event=256 -> AreaKey { scene: 17, anchor: (1408, 512) }
marked destination touch VisitKey { scene: 17, area: (1408, 512), event_id: 257, trigger_script: 8572, state: 1 }
learned exit AreaKey { scene: 17, anchor: (1280, 512) } event=257 -> AreaKey { scene: 17, anchor: (1408, 512) }
area teleport in scene 17 at frame 3442: (1344, 560) -> (1440, 512)
target scene=17 area=(1408, 512) event=257 script=8572 mode=4 state=1 player=(1440, 512) pos=(1408, 528) path=2
learned targeted exit AreaKey { scene: 17, anchor: (1408, 512) } event=257 -> AreaKey { scene: 17, anchor: (1280, 512) }
marked destination touch VisitKey { scene: 17, area: (1280, 512), event_id: 257, trigger_script: 8569, state: 1 }
learned exit AreaKey { scene: 17, anchor: (1408, 512) } event=257 -> AreaKey { scene: 17, anchor: (1280, 512) }
area teleport in scene 17 at frame 3455: (1408, 528) -> (1328, 568)
target scene=17 area=(1280, 512) event=264 script=9576 mode=1 state=2 player=(1328, 568) pos=(1408, 432) path=40
marked destination touch VisitKey { scene: 17, area: (1408, 512), event_id: 256, trigger_script: 8564, state: 1 }
learned exit AreaKey { scene: 17, anchor: (1280, 512) } event=256 -> AreaKey { scene: 17, anchor: (1408, 512) }
marked destination touch VisitKey { scene: 17, area: (1408, 512), event_id: 257, trigger_script: 8572, state: 1 }
learned exit AreaKey { scene: 17, anchor: (1280, 512) } event=257 -> AreaKey { scene: 17, anchor: (1408, 512) }
area teleport in scene 17 at frame 3496: (1344, 560) -> (1440, 512)
target scene=17 area=(1408, 512) event=257 script=8572 mode=4 state=1 player=(1440, 512) pos=(1408, 528) path=2
learned targeted exit AreaKey { scene: 17, anchor: (1408, 512) } event=257 -> AreaKey { scene: 17, anchor: (1280, 512) }
marked destination touch VisitKey { scene: 17, area: (1280, 512), event_id: 257, trigger_script: 8569, state: 1 }
learned exit AreaKey { scene: 17, anchor: (1408, 512) } event=257 -> AreaKey { scene: 17, anchor: (1280, 512) }
area teleport in scene 17 at frame 3509: (1408, 528) -> (1328, 568)
target scene=17 area=(1280, 512) event=264 script=9576 mode=1 state=2 player=(1328, 568) pos=(1408, 432) path=40
marked destination touch VisitKey { scene: 17, area: (1408, 512), event_id: 256, trigger_script: 8564, state: 1 }
learned exit AreaKey { scene: 17, anchor: (1280, 512) } event=256 -> AreaKey { scene: 17, anchor: (1408, 512) }
marked destination touch VisitKey { scene: 17, area: (1408, 512), event_id: 257, trigger_script: 8572, state: 1 }
learned exit AreaKey { scene: 17, anchor: (1280, 512) } event=257 -> AreaKey { scene: 17, anchor: (1408, 512) }
area teleport in scene 17 at frame 3550: (1344, 560) -> (1440, 512)
target scene=17 area=(1408, 512) event=257 script=8572 mode=4 state=1 player=(1440, 512) pos=(1408, 528) path=2
learned targeted exit AreaKey { scene: 17, anchor: (1408, 512) } event=257 -> AreaKey { scene: 17, anchor: (1280, 512) }
marked destination touch VisitKey { scene: 17, area: (1280, 512), event_id: 257, trigger_script: 8569, state: 1 }
learned exit AreaKey { scene: 17, anchor: (1408, 512) } event=257 -> AreaKey { scene: 17, anchor: (1280, 512) }
area teleport in scene 17 at frame 3563: (1408, 528) -> (1328, 568)
target scene=17 area=(1280, 512) event=264 script=9576 mode=1 state=2 player=(1328, 568) pos=(1408, 432) path=40
marked destination touch VisitKey { scene: 17, area: (1408, 512), event_id: 256, trigger_script: 8564, state: 1 }
learned exit AreaKey { scene: 17, anchor: (1280, 512) } event=256 -> AreaKey { scene: 17, anchor: (1408, 512) }
marked destination touch VisitKey { scene: 17, area: (1408, 512), event_id: 257, trigger_script: 8572, state: 1 }
learned exit AreaKey { scene: 17, anchor: (1280, 512) } event=257 -> AreaKey { scene: 17, anchor: (1408, 512) }
area teleport in scene 17 at frame 3604: (1344, 560) -> (1440, 512)
target scene=17 area=(1408, 512) event=257 script=8572 mode=4 state=1 player=(1440, 512) pos=(1408, 528) path=2
learned targeted exit AreaKey { scene: 17, anchor: (1408, 512) } event=257 -> AreaKey { scene: 17, anchor: (1280, 512) }
marked destination touch VisitKey { scene: 17, area: (1280, 512), event_id: 257, trigger_script: 8569, state: 1 }
learned exit AreaKey { scene: 17, anchor: (1408, 512) } event=257 -> AreaKey { scene: 17, anchor: (1280, 512) }
area teleport in scene 17 at frame 3617: (1408, 528) -> (1328, 568)
target scene=17 area=(1280, 512) event=264 script=9576 mode=1 state=2 player=(1328, 568) pos=(1408, 432) path=40
marked destination touch VisitKey { scene: 17, area: (1408, 512), event_id: 256, trigger_script: 8564, state: 1 }
learned exit AreaKey { scene: 17, anchor: (1280, 512) } event=256 -> AreaKey { scene: 17, anchor: (1408, 512) }
marked destination touch VisitKey { scene: 17, area: (1408, 512), event_id: 257, trigger_script: 8572, state: 1 }
learned exit AreaKey { scene: 17, anchor: (1280, 512) } event=257 -> AreaKey { scene: 17, anchor: (1408, 512) }
area teleport in scene 17 at frame 3658: (1344, 560) -> (1440, 512)
target scene=17 area=(1408, 512) event=257 script=8572 mode=4 state=1 player=(1440, 512) pos=(1408, 528) path=2
learned targeted exit AreaKey { scene: 17, anchor: (1408, 512) } event=257 -> AreaKey { scene: 17, anchor: (1280, 512) }
marked destination touch VisitKey { scene: 17, area: (1280, 512), event_id: 257, trigger_script: 8569, state: 1 }
learned exit AreaKey { scene: 17, anchor: (1408, 512) } event=257 -> AreaKey { scene: 17, anchor: (1280, 512) }
area teleport in scene 17 at frame 3671: (1408, 528) -> (1328, 568)
target scene=17 area=(1280, 512) event=264 script=9576 mode=1 state=2 player=(1328, 568) pos=(1408, 432) path=40
marked destination touch VisitKey { scene: 17, area: (1408, 512), event_id: 256, trigger_script: 8564, state: 1 }
learned exit AreaKey { scene: 17, anchor: (1280, 512) } event=256 -> AreaKey { scene: 17, anchor: (1408, 512) }
marked destination touch VisitKey { scene: 17, area: (1408, 512), event_id: 257, trigger_script: 8572, state: 1 }
learned exit AreaKey { scene: 17, anchor: (1280, 512) } event=257 -> AreaKey { scene: 17, anchor: (1408, 512) }
area teleport in scene 17 at frame 3712: (1344, 560) -> (1440, 512)
target scene=17 area=(1408, 512) event=257 script=8572 mode=4 state=1 player=(1440, 512) pos=(1408, 528) path=2
learned targeted exit AreaKey { scene: 17, anchor: (1408, 512) } event=257 -> AreaKey { scene: 17, anchor: (1280, 512) }
marked destination touch VisitKey { scene: 17, area: (1280, 512), event_id: 257, trigger_script: 8569, state: 1 }
learned exit AreaKey { scene: 17, anchor: (1408, 512) } event=257 -> AreaKey { scene: 17, anchor: (1280, 512) }
area teleport in scene 17 at frame 3725: (1408, 528) -> (1328, 568)
target scene=17 area=(1280, 512) event=264 script=9576 mode=1 state=2 player=(1328, 568) pos=(1408, 432) path=40
marked destination touch VisitKey { scene: 17, area: (1408, 512), event_id: 256, trigger_script: 8564, state: 1 }
learned exit AreaKey { scene: 17, anchor: (1280, 512) } event=256 -> AreaKey { scene: 17, anchor: (1408, 512) }
marked destination touch VisitKey { scene: 17, area: (1408, 512), event_id: 257, trigger_script: 8572, state: 1 }
learned exit AreaKey { scene: 17, anchor: (1280, 512) } event=257 -> AreaKey { scene: 17, anchor: (1408, 512) }
area teleport in scene 17 at frame 3766: (1344, 560) -> (1440, 512)
target scene=17 area=(1408, 512) event=257 script=8572 mode=4 state=1 player=(1440, 512) pos=(1408, 528) path=2
learned targeted exit AreaKey { scene: 17, anchor: (1408, 512) } event=257 -> AreaKey { scene: 17, anchor: (1280, 512) }
marked destination touch VisitKey { scene: 17, area: (1280, 512), event_id: 257, trigger_script: 8569, state: 1 }
learned exit AreaKey { scene: 17, anchor: (1408, 512) } event=257 -> AreaKey { scene: 17, anchor: (1280, 512) }
area teleport in scene 17 at frame 3779: (1408, 528) -> (1328, 568)
target scene=17 area=(1280, 512) event=264 script=9576 mode=1 state=2 player=(1328, 568) pos=(1408, 432) path=40
marked destination touch VisitKey { scene: 17, area: (1408, 512), event_id: 256, trigger_script: 8564, state: 1 }
learned exit AreaKey { scene: 17, anchor: (1280, 512) } event=256 -> AreaKey { scene: 17, anchor: (1408, 512) }
marked destination touch VisitKey { scene: 17, area: (1408, 512), event_id: 257, trigger_script: 8572, state: 1 }
learned exit AreaKey { scene: 17, anchor: (1280, 512) } event=257 -> AreaKey { scene: 17, anchor: (1408, 512) }
area teleport in scene 17 at frame 3820: (1344, 560) -> (1440, 512)
target scene=17 area=(1408, 512) event=257 script=8572 mode=4 state=1 player=(1440, 512) pos=(1408, 528) path=2
learned targeted exit AreaKey { scene: 17, anchor: (1408, 512) } event=257 -> AreaKey { scene: 17, anchor: (1280, 512) }
marked destination touch VisitKey { scene: 17, area: (1280, 512), event_id: 257, trigger_script: 8569, state: 1 }
learned exit AreaKey { scene: 17, anchor: (1408, 512) } event=257 -> AreaKey { scene: 17, anchor: (1280, 512) }
area teleport in scene 17 at frame 3833: (1408, 528) -> (1328, 568)
target scene=17 area=(1280, 512) event=264 script=9576 mode=1 state=2 player=(1328, 568) pos=(1408, 432) path=40
marked destination touch VisitKey { scene: 17, area: (1408, 512), event_id: 256, trigger_script: 8564, state: 1 }
learned exit AreaKey { scene: 17, anchor: (1280, 512) } event=256 -> AreaKey { scene: 17, anchor: (1408, 512) }
marked destination touch VisitKey { scene: 17, area: (1408, 512), event_id: 257, trigger_script: 8572, state: 1 }
learned exit AreaKey { scene: 17, anchor: (1280, 512) } event=257 -> AreaKey { scene: 17, anchor: (1408, 512) }
area teleport in scene 17 at frame 3874: (1344, 560) -> (1440, 512)
target scene=17 area=(1408, 512) event=257 script=8572 mode=4 state=1 player=(1440, 512) pos=(1408, 528) path=2
learned targeted exit AreaKey { scene: 17, anchor: (1408, 512) } event=257 -> AreaKey { scene: 17, anchor: (1280, 512) }
marked destination touch VisitKey { scene: 17, area: (1280, 512), event_id: 257, trigger_script: 8569, state: 1 }
learned exit AreaKey { scene: 17, anchor: (1408, 512) } event=257 -> AreaKey { scene: 17, anchor: (1280, 512) }
area teleport in scene 17 at frame 3887: (1408, 528) -> (1328, 568)
target scene=17 area=(1280, 512) event=264 script=9576 mode=1 state=2 player=(1328, 568) pos=(1408, 432) path=40
marked destination touch VisitKey { scene: 17, area: (1408, 512), event_id: 256, trigger_script: 8564, state: 1 }
learned exit AreaKey { scene: 17, anchor: (1280, 512) } event=256 -> AreaKey { scene: 17, anchor: (1408, 512) }
marked destination touch VisitKey { scene: 17, area: (1408, 512), event_id: 257, trigger_script: 8572, state: 1 }
learned exit AreaKey { scene: 17, anchor: (1280, 512) } event=257 -> AreaKey { scene: 17, anchor: (1408, 512) }
area teleport in scene 17 at frame 3928: (1344, 560) -> (1440, 512)
target scene=17 area=(1408, 512) event=257 script=8572 mode=4 state=1 player=(1440, 512) pos=(1408, 528) path=2
learned targeted exit AreaKey { scene: 17, anchor: (1408, 512) } event=257 -> AreaKey { scene: 17, anchor: (1280, 512) }
marked destination touch VisitKey { scene: 17, area: (1280, 512), event_id: 257, trigger_script: 8569, state: 1 }
learned exit AreaKey { scene: 17, anchor: (1408, 512) } event=257 -> AreaKey { scene: 17, anchor: (1280, 512) }
area teleport in scene 17 at frame 3941: (1408, 528) -> (1328, 568)
target scene=17 area=(1280, 512) event=264 script=9576 mode=1 state=2 player=(1328, 568) pos=(1408, 432) path=40
marked destination touch VisitKey { scene: 17, area: (1408, 512), event_id: 256, trigger_script: 8564, state: 1 }
learned exit AreaKey { scene: 17, anchor: (1280, 512) } event=256 -> AreaKey { scene: 17, anchor: (1408, 512) }
marked destination touch VisitKey { scene: 17, area: (1408, 512), event_id: 257, trigger_script: 8572, state: 1 }
learned exit AreaKey { scene: 17, anchor: (1280, 512) } event=257 -> AreaKey { scene: 17, anchor: (1408, 512) }
area teleport in scene 17 at frame 3982: (1344, 560) -> (1440, 512)
target scene=17 area=(1408, 512) event=257 script=8572 mode=4 state=1 player=(1440, 512) pos=(1408, 528) path=2
learned targeted exit AreaKey { scene: 17, anchor: (1408, 512) } event=257 -> AreaKey { scene: 17, anchor: (1280, 512) }
marked destination touch VisitKey { scene: 17, area: (1280, 512), event_id: 257, trigger_script: 8569, state: 1 }
learned exit AreaKey { scene: 17, anchor: (1408, 512) } event=257 -> AreaKey { scene: 17, anchor: (1280, 512) }
area teleport in scene 17 at frame 3995: (1408, 528) -> (1328, 568)
target scene=17 area=(1280, 512) event=264 script=9576 mode=1 state=2 player=(1328, 568) pos=(1408, 432) path=40
marked destination touch VisitKey { scene: 17, area: (1408, 512), event_id: 256, trigger_script: 8564, state: 1 }
learned exit AreaKey { scene: 17, anchor: (1280, 512) } event=256 -> AreaKey { scene: 17, anchor: (1408, 512) }
marked destination touch VisitKey { scene: 17, area: (1408, 512), event_id: 257, trigger_script: 8572, state: 1 }
learned exit AreaKey { scene: 17, anchor: (1280, 512) } event=257 -> AreaKey { scene: 17, anchor: (1408, 512) }
area teleport in scene 17 at frame 4036: (1344, 560) -> (1440, 512)
target scene=17 area=(1408, 512) event=257 script=8572 mode=4 state=1 player=(1440, 512) pos=(1408, 528) path=2
learned targeted exit AreaKey { scene: 17, anchor: (1408, 512) } event=257 -> AreaKey { scene: 17, anchor: (1280, 512) }
marked destination touch VisitKey { scene: 17, area: (1280, 512), event_id: 257, trigger_script: 8569, state: 1 }
learned exit AreaKey { scene: 17, anchor: (1408, 512) } event=257 -> AreaKey { scene: 17, anchor: (1280, 512) }
area teleport in scene 17 at frame 4049: (1408, 528) -> (1328, 568)
target scene=17 area=(1280, 512) event=264 script=9576 mode=1 state=2 player=(1328, 568) pos=(1408, 432) path=40
marked destination touch VisitKey { scene: 17, area: (1408, 512), event_id: 256, trigger_script: 8564, state: 1 }
learned exit AreaKey { scene: 17, anchor: (1280, 512) } event=256 -> AreaKey { scene: 17, anchor: (1408, 512) }
marked destination touch VisitKey { scene: 17, area: (1408, 512), event_id: 257, trigger_script: 8572, state: 1 }
learned exit AreaKey { scene: 17, anchor: (1280, 512) } event=257 -> AreaKey { scene: 17, anchor: (1408, 512) }
area teleport in scene 17 at frame 4090: (1344, 560) -> (1440, 512)
target scene=17 area=(1408, 512) event=257 script=8572 mode=4 state=1 player=(1440, 512) pos=(1408, 528) path=2
learned targeted exit AreaKey { scene: 17, anchor: (1408, 512) } event=257 -> AreaKey { scene: 17, anchor: (1280, 512) }
marked destination touch VisitKey { scene: 17, area: (1280, 512), event_id: 257, trigger_script: 8569, state: 1 }
learned exit AreaKey { scene: 17, anchor: (1408, 512) } event=257 -> AreaKey { scene: 17, anchor: (1280, 512) }
area teleport in scene 17 at frame 4103: (1408, 528) -> (1328, 568)
target scene=17 area=(1280, 512) event=264 script=9576 mode=1 state=2 player=(1328, 568) pos=(1408, 432) path=40
marked destination touch VisitKey { scene: 17, area: (1408, 512), event_id: 256, trigger_script: 8564, state: 1 }
learned exit AreaKey { scene: 17, anchor: (1280, 512) } event=256 -> AreaKey { scene: 17, anchor: (1408, 512) }
marked destination touch VisitKey { scene: 17, area: (1408, 512), event_id: 257, trigger_script: 8572, state: 1 }
learned exit AreaKey { scene: 17, anchor: (1280, 512) } event=257 -> AreaKey { scene: 17, anchor: (1408, 512) }
area teleport in scene 17 at frame 4144: (1344, 560) -> (1440, 512)
target scene=17 area=(1408, 512) event=257 script=8572 mode=4 state=1 player=(1440, 512) pos=(1408, 528) path=2
learned targeted exit AreaKey { scene: 17, anchor: (1408, 512) } event=257 -> AreaKey { scene: 17, anchor: (1280, 512) }
marked destination touch VisitKey { scene: 17, area: (1280, 512), event_id: 257, trigger_script: 8569, state: 1 }
learned exit AreaKey { scene: 17, anchor: (1408, 512) } event=257 -> AreaKey { scene: 17, anchor: (1280, 512) }
area teleport in scene 17 at frame 4157: (1408, 528) -> (1328, 568)
target scene=17 area=(1280, 512) event=264 script=9576 mode=1 state=2 player=(1328, 568) pos=(1408, 432) path=40
marked destination touch VisitKey { scene: 17, area: (1408, 512), event_id: 256, trigger_script: 8564, state: 1 }
learned exit AreaKey { scene: 17, anchor: (1280, 512) } event=256 -> AreaKey { scene: 17, anchor: (1408, 512) }
marked destination touch VisitKey { scene: 17, area: (1408, 512), event_id: 257, trigger_script: 8572, state: 1 }
learned exit AreaKey { scene: 17, anchor: (1280, 512) } event=257 -> AreaKey { scene: 17, anchor: (1408, 512) }
area teleport in scene 17 at frame 4198: (1344, 560) -> (1440, 512)
target scene=17 area=(1408, 512) event=257 script=8572 mode=4 state=1 player=(1440, 512) pos=(1408, 528) path=2
learned targeted exit AreaKey { scene: 17, anchor: (1408, 512) } event=257 -> AreaKey { scene: 17, anchor: (1280, 512) }
marked destination touch VisitKey { scene: 17, area: (1280, 512), event_id: 257, trigger_script: 8569, state: 1 }
learned exit AreaKey { scene: 17, anchor: (1408, 512) } event=257 -> AreaKey { scene: 17, anchor: (1280, 512) }
area teleport in scene 17 at frame 4211: (1408, 528) -> (1328, 568)
target scene=17 area=(1280, 512) event=264 script=9576 mode=1 state=2 player=(1328, 568) pos=(1408, 432) path=40
marked destination touch VisitKey { scene: 17, area: (1408, 512), event_id: 256, trigger_script: 8564, state: 1 }
learned exit AreaKey { scene: 17, anchor: (1280, 512) } event=256 -> AreaKey { scene: 17, anchor: (1408, 512) }
marked destination touch VisitKey { scene: 17, area: (1408, 512), event_id: 257, trigger_script: 8572, state: 1 }
learned exit AreaKey { scene: 17, anchor: (1280, 512) } event=257 -> AreaKey { scene: 17, anchor: (1408, 512) }
area teleport in scene 17 at frame 4252: (1344, 560) -> (1440, 512)
target scene=17 area=(1408, 512) event=257 script=8572 mode=4 state=1 player=(1440, 512) pos=(1408, 528) path=2
learned targeted exit AreaKey { scene: 17, anchor: (1408, 512) } event=257 -> AreaKey { scene: 17, anchor: (1280, 512) }
marked destination touch VisitKey { scene: 17, area: (1280, 512), event_id: 257, trigger_script: 8569, state: 1 }
learned exit AreaKey { scene: 17, anchor: (1408, 512) } event=257 -> AreaKey { scene: 17, anchor: (1280, 512) }
area teleport in scene 17 at frame 4265: (1408, 528) -> (1328, 568)
target scene=17 area=(1280, 512) event=264 script=9576 mode=1 state=2 player=(1328, 568) pos=(1408, 432) path=40
marked destination touch VisitKey { scene: 17, area: (1408, 512), event_id: 256, trigger_script: 8564, state: 1 }
learned exit AreaKey { scene: 17, anchor: (1280, 512) } event=256 -> AreaKey { scene: 17, anchor: (1408, 512) }
marked destination touch VisitKey { scene: 17, area: (1408, 512), event_id: 257, trigger_script: 8572, state: 1 }
learned exit AreaKey { scene: 17, anchor: (1280, 512) } event=257 -> AreaKey { scene: 17, anchor: (1408, 512) }
area teleport in scene 17 at frame 4306: (1344, 560) -> (1440, 512)
target scene=17 area=(1408, 512) event=257 script=8572 mode=4 state=1 player=(1440, 512) pos=(1408, 528) path=2
learned targeted exit AreaKey { scene: 17, anchor: (1408, 512) } event=257 -> AreaKey { scene: 17, anchor: (1280, 512) }
marked destination touch VisitKey { scene: 17, area: (1280, 512), event_id: 257, trigger_script: 8569, state: 1 }
learned exit AreaKey { scene: 17, anchor: (1408, 512) } event=257 -> AreaKey { scene: 17, anchor: (1280, 512) }
area teleport in scene 17 at frame 4319: (1408, 528) -> (1328, 568)
target scene=17 area=(1280, 512) event=264 script=9576 mode=1 state=2 player=(1328, 568) pos=(1408, 432) path=40
marked destination touch VisitKey { scene: 17, area: (1408, 512), event_id: 256, trigger_script: 8564, state: 1 }
learned exit AreaKey { scene: 17, anchor: (1280, 512) } event=256 -> AreaKey { scene: 17, anchor: (1408, 512) }
marked destination touch VisitKey { scene: 17, area: (1408, 512), event_id: 257, trigger_script: 8572, state: 1 }
learned exit AreaKey { scene: 17, anchor: (1280, 512) } event=257 -> AreaKey { scene: 17, anchor: (1408, 512) }
area teleport in scene 17 at frame 4360: (1344, 560) -> (1440, 512)
target scene=17 area=(1408, 512) event=257 script=8572 mode=4 state=1 player=(1440, 512) pos=(1408, 528) path=2
learned targeted exit AreaKey { scene: 17, anchor: (1408, 512) } event=257 -> AreaKey { scene: 17, anchor: (1280, 512) }
marked destination touch VisitKey { scene: 17, area: (1280, 512), event_id: 257, trigger_script: 8569, state: 1 }
learned exit AreaKey { scene: 17, anchor: (1408, 512) } event=257 -> AreaKey { scene: 17, anchor: (1280, 512) }
area teleport in scene 17 at frame 4373: (1408, 528) -> (1328, 568)
target scene=17 area=(1280, 512) event=264 script=9576 mode=1 state=2 player=(1328, 568) pos=(1408, 432) path=40
marked destination touch VisitKey { scene: 17, area: (1408, 512), event_id: 256, trigger_script: 8564, state: 1 }
learned exit AreaKey { scene: 17, anchor: (1280, 512) } event=256 -> AreaKey { scene: 17, anchor: (1408, 512) }
marked destination touch VisitKey { scene: 17, area: (1408, 512), event_id: 257, trigger_script: 8572, state: 1 }
learned exit AreaKey { scene: 17, anchor: (1280, 512) } event=257 -> AreaKey { scene: 17, anchor: (1408, 512) }
area teleport in scene 17 at frame 4414: (1344, 560) -> (1440, 512)
target scene=17 area=(1408, 512) event=257 script=8572 mode=4 state=1 player=(1440, 512) pos=(1408, 528) path=2
learned targeted exit AreaKey { scene: 17, anchor: (1408, 512) } event=257 -> AreaKey { scene: 17, anchor: (1280, 512) }
marked destination touch VisitKey { scene: 17, area: (1280, 512), event_id: 257, trigger_script: 8569, state: 1 }
learned exit AreaKey { scene: 17, anchor: (1408, 512) } event=257 -> AreaKey { scene: 17, anchor: (1280, 512) }
area teleport in scene 17 at frame 4427: (1408, 528) -> (1328, 568)
target scene=17 area=(1280, 512) event=264 script=9576 mode=1 state=2 player=(1328, 568) pos=(1408, 432) path=40
marked destination touch VisitKey { scene: 17, area: (1408, 512), event_id: 256, trigger_script: 8564, state: 1 }
learned exit AreaKey { scene: 17, anchor: (1280, 512) } event=256 -> AreaKey { scene: 17, anchor: (1408, 512) }
marked destination touch VisitKey { scene: 17, area: (1408, 512), event_id: 257, trigger_script: 8572, state: 1 }
learned exit AreaKey { scene: 17, anchor: (1280, 512) } event=257 -> AreaKey { scene: 17, anchor: (1408, 512) }
area teleport in scene 17 at frame 4468: (1344, 560) -> (1440, 512)
target scene=17 area=(1408, 512) event=257 script=8572 mode=4 state=1 player=(1440, 512) pos=(1408, 528) path=2
learned targeted exit AreaKey { scene: 17, anchor: (1408, 512) } event=257 -> AreaKey { scene: 17, anchor: (1280, 512) }
marked destination touch VisitKey { scene: 17, area: (1280, 512), event_id: 257, trigger_script: 8569, state: 1 }
learned exit AreaKey { scene: 17, anchor: (1408, 512) } event=257 -> AreaKey { scene: 17, anchor: (1280, 512) }
area teleport in scene 17 at frame 4481: (1408, 528) -> (1328, 568)
target scene=17 area=(1280, 512) event=264 script=9576 mode=1 state=2 player=(1328, 568) pos=(1408, 432) path=40
marked destination touch VisitKey { scene: 17, area: (1408, 512), event_id: 256, trigger_script: 8564, state: 1 }
learned exit AreaKey { scene: 17, anchor: (1280, 512) } event=256 -> AreaKey { scene: 17, anchor: (1408, 512) }
marked destination touch VisitKey { scene: 17, area: (1408, 512), event_id: 257, trigger_script: 8572, state: 1 }
learned exit AreaKey { scene: 17, anchor: (1280, 512) } event=257 -> AreaKey { scene: 17, anchor: (1408, 512) }
area teleport in scene 17 at frame 4522: (1344, 560) -> (1440, 512)
target scene=17 area=(1408, 512) event=257 script=8572 mode=4 state=1 player=(1440, 512) pos=(1408, 528) path=2
learned targeted exit AreaKey { scene: 17, anchor: (1408, 512) } event=257 -> AreaKey { scene: 17, anchor: (1280, 512) }
marked destination touch VisitKey { scene: 17, area: (1280, 512), event_id: 257, trigger_script: 8569, state: 1 }
learned exit AreaKey { scene: 17, anchor: (1408, 512) } event=257 -> AreaKey { scene: 17, anchor: (1280, 512) }
area teleport in scene 17 at frame 4535: (1408, 528) -> (1328, 568)
target scene=17 area=(1280, 512) event=264 script=9576 mode=1 state=2 player=(1328, 568) pos=(1408, 432) path=40
marked destination touch VisitKey { scene: 17, area: (1408, 512), event_id: 256, trigger_script: 8564, state: 1 }
learned exit AreaKey { scene: 17, anchor: (1280, 512) } event=256 -> AreaKey { scene: 17, anchor: (1408, 512) }
marked destination touch VisitKey { scene: 17, area: (1408, 512), event_id: 257, trigger_script: 8572, state: 1 }
learned exit AreaKey { scene: 17, anchor: (1280, 512) } event=257 -> AreaKey { scene: 17, anchor: (1408, 512) }
area teleport in scene 17 at frame 4576: (1344, 560) -> (1440, 512)
target scene=17 area=(1408, 512) event=257 script=8572 mode=4 state=1 player=(1440, 512) pos=(1408, 528) path=2
learned targeted exit AreaKey { scene: 17, anchor: (1408, 512) } event=257 -> AreaKey { scene: 17, anchor: (1280, 512) }
marked destination touch VisitKey { scene: 17, area: (1280, 512), event_id: 257, trigger_script: 8569, state: 1 }
learned exit AreaKey { scene: 17, anchor: (1408, 512) } event=257 -> AreaKey { scene: 17, anchor: (1280, 512) }
area teleport in scene 17 at frame 4589: (1408, 528) -> (1328, 568)
target scene=17 area=(1280, 512) event=264 script=9576 mode=1 state=2 player=(1328, 568) pos=(1408, 432) path=40
marked destination touch VisitKey { scene: 17, area: (1408, 512), event_id: 256, trigger_script: 8564, state: 1 }
learned exit AreaKey { scene: 17, anchor: (1280, 512) } event=256 -> AreaKey { scene: 17, anchor: (1408, 512) }
marked destination touch VisitKey { scene: 17, area: (1408, 512), event_id: 257, trigger_script: 8572, state: 1 }
learned exit AreaKey { scene: 17, anchor: (1280, 512) } event=257 -> AreaKey { scene: 17, anchor: (1408, 512) }
area teleport in scene 17 at frame 4630: (1344, 560) -> (1440, 512)
target scene=17 area=(1408, 512) event=257 script=8572 mode=4 state=1 player=(1440, 512) pos=(1408, 528) path=2
learned targeted exit AreaKey { scene: 17, anchor: (1408, 512) } event=257 -> AreaKey { scene: 17, anchor: (1280, 512) }
marked destination touch VisitKey { scene: 17, area: (1280, 512), event_id: 257, trigger_script: 8569, state: 1 }
learned exit AreaKey { scene: 17, anchor: (1408, 512) } event=257 -> AreaKey { scene: 17, anchor: (1280, 512) }
area teleport in scene 17 at frame 4643: (1408, 528) -> (1328, 568)
target scene=17 area=(1280, 512) event=264 script=9576 mode=1 state=2 player=(1328, 568) pos=(1408, 432) path=40
marked destination touch VisitKey { scene: 17, area: (1408, 512), event_id: 256, trigger_script: 8564, state: 1 }
learned exit AreaKey { scene: 17, anchor: (1280, 512) } event=256 -> AreaKey { scene: 17, anchor: (1408, 512) }
marked destination touch VisitKey { scene: 17, area: (1408, 512), event_id: 257, trigger_script: 8572, state: 1 }
learned exit AreaKey { scene: 17, anchor: (1280, 512) } event=257 -> AreaKey { scene: 17, anchor: (1408, 512) }
area teleport in scene 17 at frame 4684: (1344, 560) -> (1440, 512)
target scene=17 area=(1408, 512) event=257 script=8572 mode=4 state=1 player=(1440, 512) pos=(1408, 528) path=2
learned targeted exit AreaKey { scene: 17, anchor: (1408, 512) } event=257 -> AreaKey { scene: 17, anchor: (1280, 512) }
marked destination touch VisitKey { scene: 17, area: (1280, 512), event_id: 257, trigger_script: 8569, state: 1 }
learned exit AreaKey { scene: 17, anchor: (1408, 512) } event=257 -> AreaKey { scene: 17, anchor: (1280, 512) }
area teleport in scene 17 at frame 4697: (1408, 528) -> (1328, 568)
target scene=17 area=(1280, 512) event=264 script=9576 mode=1 state=2 player=(1328, 568) pos=(1408, 432) path=40
marked destination touch VisitKey { scene: 17, area: (1408, 512), event_id: 256, trigger_script: 8564, state: 1 }
learned exit AreaKey { scene: 17, anchor: (1280, 512) } event=256 -> AreaKey { scene: 17, anchor: (1408, 512) }
marked destination touch VisitKey { scene: 17, area: (1408, 512), event_id: 257, trigger_script: 8572, state: 1 }
learned exit AreaKey { scene: 17, anchor: (1280, 512) } event=257 -> AreaKey { scene: 17, anchor: (1408, 512) }
area teleport in scene 17 at frame 4738: (1344, 560) -> (1440, 512)
target scene=17 area=(1408, 512) event=257 script=8572 mode=4 state=1 player=(1440, 512) pos=(1408, 528) path=2
learned targeted exit AreaKey { scene: 17, anchor: (1408, 512) } event=257 -> AreaKey { scene: 17, anchor: (1280, 512) }
marked destination touch VisitKey { scene: 17, area: (1280, 512), event_id: 257, trigger_script: 8569, state: 1 }
learned exit AreaKey { scene: 17, anchor: (1408, 512) } event=257 -> AreaKey { scene: 17, anchor: (1280, 512) }
area teleport in scene 17 at frame 4751: (1408, 528) -> (1328, 568)
target scene=17 area=(1280, 512) event=264 script=9576 mode=1 state=2 player=(1328, 568) pos=(1408, 432) path=40
marked destination touch VisitKey { scene: 17, area: (1408, 512), event_id: 256, trigger_script: 8564, state: 1 }
learned exit AreaKey { scene: 17, anchor: (1280, 512) } event=256 -> AreaKey { scene: 17, anchor: (1408, 512) }
marked destination touch VisitKey { scene: 17, area: (1408, 512), event_id: 257, trigger_script: 8572, state: 1 }
learned exit AreaKey { scene: 17, anchor: (1280, 512) } event=257 -> AreaKey { scene: 17, anchor: (1408, 512) }
area teleport in scene 17 at frame 4792: (1344, 560) -> (1440, 512)
target scene=17 area=(1408, 512) event=257 script=8572 mode=4 state=1 player=(1440, 512) pos=(1408, 528) path=2
learned targeted exit AreaKey { scene: 17, anchor: (1408, 512) } event=257 -> AreaKey { scene: 17, anchor: (1280, 512) }
marked destination touch VisitKey { scene: 17, area: (1280, 512), event_id: 257, trigger_script: 8569, state: 1 }
learned exit AreaKey { scene: 17, anchor: (1408, 512) } event=257 -> AreaKey { scene: 17, anchor: (1280, 512) }
area teleport in scene 17 at frame 4805: (1408, 528) -> (1328, 568)
target scene=17 area=(1280, 512) event=264 script=9576 mode=1 state=2 player=(1328, 568) pos=(1408, 432) path=40
marked destination touch VisitKey { scene: 17, area: (1408, 512), event_id: 256, trigger_script: 8564, state: 1 }
learned exit AreaKey { scene: 17, anchor: (1280, 512) } event=256 -> AreaKey { scene: 17, anchor: (1408, 512) }
marked destination touch VisitKey { scene: 17, area: (1408, 512), event_id: 257, trigger_script: 8572, state: 1 }
learned exit AreaKey { scene: 17, anchor: (1280, 512) } event=257 -> AreaKey { scene: 17, anchor: (1408, 512) }
area teleport in scene 17 at frame 4846: (1344, 560) -> (1440, 512)
target scene=17 area=(1408, 512) event=257 script=8572 mode=4 state=1 player=(1440, 512) pos=(1408, 528) path=2
learned targeted exit AreaKey { scene: 17, anchor: (1408, 512) } event=257 -> AreaKey { scene: 17, anchor: (1280, 512) }
marked destination touch VisitKey { scene: 17, area: (1280, 512), event_id: 257, trigger_script: 8569, state: 1 }
learned exit AreaKey { scene: 17, anchor: (1408, 512) } event=257 -> AreaKey { scene: 17, anchor: (1280, 512) }
area teleport in scene 17 at frame 4859: (1408, 528) -> (1328, 568)
target scene=17 area=(1280, 512) event=264 script=9576 mode=1 state=2 player=(1328, 568) pos=(1408, 432) path=40
marked destination touch VisitKey { scene: 17, area: (1408, 512), event_id: 256, trigger_script: 8564, state: 1 }
learned exit AreaKey { scene: 17, anchor: (1280, 512) } event=256 -> AreaKey { scene: 17, anchor: (1408, 512) }
marked destination touch VisitKey { scene: 17, area: (1408, 512), event_id: 257, trigger_script: 8572, state: 1 }
learned exit AreaKey { scene: 17, anchor: (1280, 512) } event=257 -> AreaKey { scene: 17, anchor: (1408, 512) }
area teleport in scene 17 at frame 4900: (1344, 560) -> (1440, 512)
target scene=17 area=(1408, 512) event=257 script=8572 mode=4 state=1 player=(1440, 512) pos=(1408, 528) path=2
learned targeted exit AreaKey { scene: 17, anchor: (1408, 512) } event=257 -> AreaKey { scene: 17, anchor: (1280, 512) }
marked destination touch VisitKey { scene: 17, area: (1280, 512), event_id: 257, trigger_script: 8569, state: 1 }
learned exit AreaKey { scene: 17, anchor: (1408, 512) } event=257 -> AreaKey { scene: 17, anchor: (1280, 512) }
area teleport in scene 17 at frame 4913: (1408, 528) -> (1328, 568)
target scene=17 area=(1280, 512) event=264 script=9576 mode=1 state=2 player=(1328, 568) pos=(1408, 432) path=40
marked destination touch VisitKey { scene: 17, area: (1408, 512), event_id: 256, trigger_script: 8564, state: 1 }
learned exit AreaKey { scene: 17, anchor: (1280, 512) } event=256 -> AreaKey { scene: 17, anchor: (1408, 512) }
marked destination touch VisitKey { scene: 17, area: (1408, 512), event_id: 257, trigger_script: 8572, state: 1 }
learned exit AreaKey { scene: 17, anchor: (1280, 512) } event=257 -> AreaKey { scene: 17, anchor: (1408, 512) }
area teleport in scene 17 at frame 4954: (1344, 560) -> (1440, 512)
target scene=17 area=(1408, 512) event=257 script=8572 mode=4 state=1 player=(1440, 512) pos=(1408, 528) path=2
learned targeted exit AreaKey { scene: 17, anchor: (1408, 512) } event=257 -> AreaKey { scene: 17, anchor: (1280, 512) }
marked destination touch VisitKey { scene: 17, area: (1280, 512), event_id: 257, trigger_script: 8569, state: 1 }
learned exit AreaKey { scene: 17, anchor: (1408, 512) } event=257 -> AreaKey { scene: 17, anchor: (1280, 512) }
area teleport in scene 17 at frame 4967: (1408, 528) -> (1328, 568)
target scene=17 area=(1280, 512) event=264 script=9576 mode=1 state=2 player=(1328, 568) pos=(1408, 432) path=40
marked destination touch VisitKey { scene: 17, area: (1408, 512), event_id: 256, trigger_script: 8564, state: 1 }
learned exit AreaKey { scene: 17, anchor: (1280, 512) } event=256 -> AreaKey { scene: 17, anchor: (1408, 512) }
marked destination touch VisitKey { scene: 17, area: (1408, 512), event_id: 257, trigger_script: 8572, state: 1 }
learned exit AreaKey { scene: 17, anchor: (1280, 512) } event=257 -> AreaKey { scene: 17, anchor: (1408, 512) }
area teleport in scene 17 at frame 5008: (1344, 560) -> (1440, 512)
target scene=17 area=(1408, 512) event=257 script=8572 mode=4 state=1 player=(1440, 512) pos=(1408, 528) path=2
learned targeted exit AreaKey { scene: 17, anchor: (1408, 512) } event=257 -> AreaKey { scene: 17, anchor: (1280, 512) }
marked destination touch VisitKey { scene: 17, area: (1280, 512), event_id: 257, trigger_script: 8569, state: 1 }
learned exit AreaKey { scene: 17, anchor: (1408, 512) } event=257 -> AreaKey { scene: 17, anchor: (1280, 512) }
area teleport in scene 17 at frame 5021: (1408, 528) -> (1328, 568)
target scene=17 area=(1280, 512) event=264 script=9576 mode=1 state=2 player=(1328, 568) pos=(1408, 432) path=40
marked destination touch VisitKey { scene: 17, area: (1408, 512), event_id: 256, trigger_script: 8564, state: 1 }
learned exit AreaKey { scene: 17, anchor: (1280, 512) } event=256 -> AreaKey { scene: 17, anchor: (1408, 512) }
marked destination touch VisitKey { scene: 17, area: (1408, 512), event_id: 257, trigger_script: 8572, state: 1 }
learned exit AreaKey { scene: 17, anchor: (1280, 512) } event=257 -> AreaKey { scene: 17, anchor: (1408, 512) }
area teleport in scene 17 at frame 5062: (1344, 560) -> (1440, 512)
target scene=17 area=(1408, 512) event=257 script=8572 mode=4 state=1 player=(1440, 512) pos=(1408, 528) path=2
learned targeted exit AreaKey { scene: 17, anchor: (1408, 512) } event=257 -> AreaKey { scene: 17, anchor: (1280, 512) }
marked destination touch VisitKey { scene: 17, area: (1280, 512), event_id: 257, trigger_script: 8569, state: 1 }
learned exit AreaKey { scene: 17, anchor: (1408, 512) } event=257 -> AreaKey { scene: 17, anchor: (1280, 512) }
area teleport in scene 17 at frame 5075: (1408, 528) -> (1328, 568)
target scene=17 area=(1280, 512) event=264 script=9576 mode=1 state=2 player=(1328, 568) pos=(1408, 432) path=40
marked destination touch VisitKey { scene: 17, area: (1408, 512), event_id: 256, trigger_script: 8564, state: 1 }
learned exit AreaKey { scene: 17, anchor: (1280, 512) } event=256 -> AreaKey { scene: 17, anchor: (1408, 512) }
marked destination touch VisitKey { scene: 17, area: (1408, 512), event_id: 257, trigger_script: 8572, state: 1 }
learned exit AreaKey { scene: 17, anchor: (1280, 512) } event=257 -> AreaKey { scene: 17, anchor: (1408, 512) }
area teleport in scene 17 at frame 5116: (1344, 560) -> (1440, 512)
target scene=17 area=(1408, 512) event=257 script=8572 mode=4 state=1 player=(1440, 512) pos=(1408, 528) path=2
learned targeted exit AreaKey { scene: 17, anchor: (1408, 512) } event=257 -> AreaKey { scene: 17, anchor: (1280, 512) }
marked destination touch VisitKey { scene: 17, area: (1280, 512), event_id: 257, trigger_script: 8569, state: 1 }
learned exit AreaKey { scene: 17, anchor: (1408, 512) } event=257 -> AreaKey { scene: 17, anchor: (1280, 512) }
area teleport in scene 17 at frame 5129: (1408, 528) -> (1328, 568)
target scene=17 area=(1280, 512) event=264 script=9576 mode=1 state=2 player=(1328, 568) pos=(1408, 432) path=40
marked destination touch VisitKey { scene: 17, area: (1408, 512), event_id: 256, trigger_script: 8564, state: 1 }
learned exit AreaKey { scene: 17, anchor: (1280, 512) } event=256 -> AreaKey { scene: 17, anchor: (1408, 512) }
marked destination touch VisitKey { scene: 17, area: (1408, 512), event_id: 257, trigger_script: 8572, state: 1 }
learned exit AreaKey { scene: 17, anchor: (1280, 512) } event=257 -> AreaKey { scene: 17, anchor: (1408, 512) }
area teleport in scene 17 at frame 5170: (1344, 560) -> (1440, 512)
target scene=17 area=(1408, 512) event=257 script=8572 mode=4 state=1 player=(1440, 512) pos=(1408, 528) path=2
learned targeted exit AreaKey { scene: 17, anchor: (1408, 512) } event=257 -> AreaKey { scene: 17, anchor: (1280, 512) }
marked destination touch VisitKey { scene: 17, area: (1280, 512), event_id: 257, trigger_script: 8569, state: 1 }
learned exit AreaKey { scene: 17, anchor: (1408, 512) } event=257 -> AreaKey { scene: 17, anchor: (1280, 512) }
area teleport in scene 17 at frame 5183: (1408, 528) -> (1328, 568)
target scene=17 area=(1280, 512) event=264 script=9576 mode=1 state=2 player=(1328, 568) pos=(1408, 432) path=40
marked destination touch VisitKey { scene: 17, area: (1408, 512), event_id: 256, trigger_script: 8564, state: 1 }
learned exit AreaKey { scene: 17, anchor: (1280, 512) } event=256 -> AreaKey { scene: 17, anchor: (1408, 512) }
marked destination touch VisitKey { scene: 17, area: (1408, 512), event_id: 257, trigger_script: 8572, state: 1 }
learned exit AreaKey { scene: 17, anchor: (1280, 512) } event=257 -> AreaKey { scene: 17, anchor: (1408, 512) }
area teleport in scene 17 at frame 5224: (1344, 560) -> (1440, 512)
target scene=17 area=(1408, 512) event=257 script=8572 mode=4 state=1 player=(1440, 512) pos=(1408, 528) path=2
learned targeted exit AreaKey { scene: 17, anchor: (1408, 512) } event=257 -> AreaKey { scene: 17, anchor: (1280, 512) }
marked destination touch VisitKey { scene: 17, area: (1280, 512), event_id: 257, trigger_script: 8569, state: 1 }
learned exit AreaKey { scene: 17, anchor: (1408, 512) } event=257 -> AreaKey { scene: 17, anchor: (1280, 512) }
area teleport in scene 17 at frame 5237: (1408, 528) -> (1328, 568)
target scene=17 area=(1280, 512) event=264 script=9576 mode=1 state=2 player=(1328, 568) pos=(1408, 432) path=40
marked destination touch VisitKey { scene: 17, area: (1408, 512), event_id: 256, trigger_script: 8564, state: 1 }
learned exit AreaKey { scene: 17, anchor: (1280, 512) } event=256 -> AreaKey { scene: 17, anchor: (1408, 512) }
marked destination touch VisitKey { scene: 17, area: (1408, 512), event_id: 257, trigger_script: 8572, state: 1 }
learned exit AreaKey { scene: 17, anchor: (1280, 512) } event=257 -> AreaKey { scene: 17, anchor: (1408, 512) }
area teleport in scene 17 at frame 5278: (1344, 560) -> (1440, 512)
target scene=17 area=(1408, 512) event=257 script=8572 mode=4 state=1 player=(1440, 512) pos=(1408, 528) path=2
learned targeted exit AreaKey { scene: 17, anchor: (1408, 512) } event=257 -> AreaKey { scene: 17, anchor: (1280, 512) }
marked destination touch VisitKey { scene: 17, area: (1280, 512), event_id: 257, trigger_script: 8569, state: 1 }
learned exit AreaKey { scene: 17, anchor: (1408, 512) } event=257 -> AreaKey { scene: 17, anchor: (1280, 512) }
area teleport in scene 17 at frame 5291: (1408, 528) -> (1328, 568)
target scene=17 area=(1280, 512) event=264 script=9576 mode=1 state=2 player=(1328, 568) pos=(1408, 432) path=40
marked destination touch VisitKey { scene: 17, area: (1408, 512), event_id: 256, trigger_script: 8564, state: 1 }
learned exit AreaKey { scene: 17, anchor: (1280, 512) } event=256 -> AreaKey { scene: 17, anchor: (1408, 512) }
marked destination touch VisitKey { scene: 17, area: (1408, 512), event_id: 257, trigger_script: 8572, state: 1 }
learned exit AreaKey { scene: 17, anchor: (1280, 512) } event=257 -> AreaKey { scene: 17, anchor: (1408, 512) }
area teleport in scene 17 at frame 5332: (1344, 560) -> (1440, 512)
target scene=17 area=(1408, 512) event=257 script=8572 mode=4 state=1 player=(1440, 512) pos=(1408, 528) path=2
learned targeted exit AreaKey { scene: 17, anchor: (1408, 512) } event=257 -> AreaKey { scene: 17, anchor: (1280, 512) }
marked destination touch VisitKey { scene: 17, area: (1280, 512), event_id: 257, trigger_script: 8569, state: 1 }
learned exit AreaKey { scene: 17, anchor: (1408, 512) } event=257 -> AreaKey { scene: 17, anchor: (1280, 512) }
area teleport in scene 17 at frame 5345: (1408, 528) -> (1328, 568)
target scene=17 area=(1280, 512) event=264 script=9576 mode=1 state=2 player=(1328, 568) pos=(1408, 432) path=40
marked destination touch VisitKey { scene: 17, area: (1408, 512), event_id: 256, trigger_script: 8564, state: 1 }
learned exit AreaKey { scene: 17, anchor: (1280, 512) } event=256 -> AreaKey { scene: 17, anchor: (1408, 512) }
marked destination touch VisitKey { scene: 17, area: (1408, 512), event_id: 257, trigger_script: 8572, state: 1 }
learned exit AreaKey { scene: 17, anchor: (1280, 512) } event=257 -> AreaKey { scene: 17, anchor: (1408, 512) }
area teleport in scene 17 at frame 5386: (1344, 560) -> (1440, 512)
target scene=17 area=(1408, 512) event=257 script=8572 mode=4 state=1 player=(1440, 512) pos=(1408, 528) path=2
learned targeted exit AreaKey { scene: 17, anchor: (1408, 512) } event=257 -> AreaKey { scene: 17, anchor: (1280, 512) }
marked destination touch VisitKey { scene: 17, area: (1280, 512), event_id: 257, trigger_script: 8569, state: 1 }
learned exit AreaKey { scene: 17, anchor: (1408, 512) } event=257 -> AreaKey { scene: 17, anchor: (1280, 512) }
area teleport in scene 17 at frame 5399: (1408, 528) -> (1328, 568)
target scene=17 area=(1280, 512) event=264 script=9576 mode=1 state=2 player=(1328, 568) pos=(1408, 432) path=40
marked destination touch VisitKey { scene: 17, area: (1408, 512), event_id: 256, trigger_script: 8564, state: 1 }
learned exit AreaKey { scene: 17, anchor: (1280, 512) } event=256 -> AreaKey { scene: 17, anchor: (1408, 512) }
marked destination touch VisitKey { scene: 17, area: (1408, 512), event_id: 257, trigger_script: 8572, state: 1 }
learned exit AreaKey { scene: 17, anchor: (1280, 512) } event=257 -> AreaKey { scene: 17, anchor: (1408, 512) }
area teleport in scene 17 at frame 5440: (1344, 560) -> (1440, 512)
target scene=17 area=(1408, 512) event=257 script=8572 mode=4 state=1 player=(1440, 512) pos=(1408, 528) path=2
learned targeted exit AreaKey { scene: 17, anchor: (1408, 512) } event=257 -> AreaKey { scene: 17, anchor: (1280, 512) }
marked destination touch VisitKey { scene: 17, area: (1280, 512), event_id: 257, trigger_script: 8569, state: 1 }
learned exit AreaKey { scene: 17, anchor: (1408, 512) } event=257 -> AreaKey { scene: 17, anchor: (1280, 512) }
area teleport in scene 17 at frame 5453: (1408, 528) -> (1328, 568)
target scene=17 area=(1280, 512) event=264 script=9576 mode=1 state=2 player=(1328, 568) pos=(1408, 432) path=40
marked destination touch VisitKey { scene: 17, area: (1408, 512), event_id: 256, trigger_script: 8564, state: 1 }
learned exit AreaKey { scene: 17, anchor: (1280, 512) } event=256 -> AreaKey { scene: 17, anchor: (1408, 512) }
marked destination touch VisitKey { scene: 17, area: (1408, 512), event_id: 257, trigger_script: 8572, state: 1 }
learned exit AreaKey { scene: 17, anchor: (1280, 512) } event=257 -> AreaKey { scene: 17, anchor: (1408, 512) }
area teleport in scene 17 at frame 5494: (1344, 560) -> (1440, 512)
target scene=17 area=(1408, 512) event=257 script=8572 mode=4 state=1 player=(1440, 512) pos=(1408, 528) path=2
learned targeted exit AreaKey { scene: 17, anchor: (1408, 512) } event=257 -> AreaKey { scene: 17, anchor: (1280, 512) }
marked destination touch VisitKey { scene: 17, area: (1280, 512), event_id: 257, trigger_script: 8569, state: 1 }
learned exit AreaKey { scene: 17, anchor: (1408, 512) } event=257 -> AreaKey { scene: 17, anchor: (1280, 512) }
area teleport in scene 17 at frame 5507: (1408, 528) -> (1328, 568)
target scene=17 area=(1280, 512) event=264 script=9576 mode=1 state=2 player=(1328, 568) pos=(1408, 432) path=40
marked destination touch VisitKey { scene: 17, area: (1408, 512), event_id: 256, trigger_script: 8564, state: 1 }
learned exit AreaKey { scene: 17, anchor: (1280, 512) } event=256 -> AreaKey { scene: 17, anchor: (1408, 512) }
marked destination touch VisitKey { scene: 17, area: (1408, 512), event_id: 257, trigger_script: 8572, state: 1 }
learned exit AreaKey { scene: 17, anchor: (1280, 512) } event=257 -> AreaKey { scene: 17, anchor: (1408, 512) }
area teleport in scene 17 at frame 5548: (1344, 560) -> (1440, 512)
target scene=17 area=(1408, 512) event=257 script=8572 mode=4 state=1 player=(1440, 512) pos=(1408, 528) path=2
learned targeted exit AreaKey { scene: 17, anchor: (1408, 512) } event=257 -> AreaKey { scene: 17, anchor: (1280, 512) }
marked destination touch VisitKey { scene: 17, area: (1280, 512), event_id: 257, trigger_script: 8569, state: 1 }
learned exit AreaKey { scene: 17, anchor: (1408, 512) } event=257 -> AreaKey { scene: 17, anchor: (1280, 512) }
area teleport in scene 17 at frame 5561: (1408, 528) -> (1328, 568)
target scene=17 area=(1280, 512) event=264 script=9576 mode=1 state=2 player=(1328, 568) pos=(1408, 432) path=40
marked destination touch VisitKey { scene: 17, area: (1408, 512), event_id: 256, trigger_script: 8564, state: 1 }
learned exit AreaKey { scene: 17, anchor: (1280, 512) } event=256 -> AreaKey { scene: 17, anchor: (1408, 512) }
marked destination touch VisitKey { scene: 17, area: (1408, 512), event_id: 257, trigger_script: 8572, state: 1 }
learned exit AreaKey { scene: 17, anchor: (1280, 512) } event=257 -> AreaKey { scene: 17, anchor: (1408, 512) }
area teleport in scene 17 at frame 5602: (1344, 560) -> (1440, 512)
target scene=17 area=(1408, 512) event=257 script=8572 mode=4 state=1 player=(1440, 512) pos=(1408, 528) path=2
learned targeted exit AreaKey { scene: 17, anchor: (1408, 512) } event=257 -> AreaKey { scene: 17, anchor: (1280, 512) }
marked destination touch VisitKey { scene: 17, area: (1280, 512), event_id: 257, trigger_script: 8569, state: 1 }
learned exit AreaKey { scene: 17, anchor: (1408, 512) } event=257 -> AreaKey { scene: 17, anchor: (1280, 512) }
area teleport in scene 17 at frame 5615: (1408, 528) -> (1328, 568)
target scene=17 area=(1280, 512) event=264 script=9576 mode=1 state=2 player=(1328, 568) pos=(1408, 432) path=40
marked destination touch VisitKey { scene: 17, area: (1408, 512), event_id: 256, trigger_script: 8564, state: 1 }
learned exit AreaKey { scene: 17, anchor: (1280, 512) } event=256 -> AreaKey { scene: 17, anchor: (1408, 512) }
marked destination touch VisitKey { scene: 17, area: (1408, 512), event_id: 257, trigger_script: 8572, state: 1 }
learned exit AreaKey { scene: 17, anchor: (1280, 512) } event=257 -> AreaKey { scene: 17, anchor: (1408, 512) }
area teleport in scene 17 at frame 5656: (1344, 560) -> (1440, 512)
target scene=17 area=(1408, 512) event=257 script=8572 mode=4 state=1 player=(1440, 512) pos=(1408, 528) path=2
learned targeted exit AreaKey { scene: 17, anchor: (1408, 512) } event=257 -> AreaKey { scene: 17, anchor: (1280, 512) }
marked destination touch VisitKey { scene: 17, area: (1280, 512), event_id: 257, trigger_script: 8569, state: 1 }
learned exit AreaKey { scene: 17, anchor: (1408, 512) } event=257 -> AreaKey { scene: 17, anchor: (1280, 512) }
area teleport in scene 17 at frame 5669: (1408, 528) -> (1328, 568)
target scene=17 area=(1280, 512) event=264 script=9576 mode=1 state=2 player=(1328, 568) pos=(1408, 432) path=40
marked destination touch VisitKey { scene: 17, area: (1408, 512), event_id: 256, trigger_script: 8564, state: 1 }
learned exit AreaKey { scene: 17, anchor: (1280, 512) } event=256 -> AreaKey { scene: 17, anchor: (1408, 512) }
marked destination touch VisitKey { scene: 17, area: (1408, 512), event_id: 257, trigger_script: 8572, state: 1 }
learned exit AreaKey { scene: 17, anchor: (1280, 512) } event=257 -> AreaKey { scene: 17, anchor: (1408, 512) }
area teleport in scene 17 at frame 5710: (1344, 560) -> (1440, 512)
target scene=17 area=(1408, 512) event=257 script=8572 mode=4 state=1 player=(1440, 512) pos=(1408, 528) path=2
learned targeted exit AreaKey { scene: 17, anchor: (1408, 512) } event=257 -> AreaKey { scene: 17, anchor: (1280, 512) }
marked destination touch VisitKey { scene: 17, area: (1280, 512), event_id: 257, trigger_script: 8569, state: 1 }
learned exit AreaKey { scene: 17, anchor: (1408, 512) } event=257 -> AreaKey { scene: 17, anchor: (1280, 512) }
area teleport in scene 17 at frame 5723: (1408, 528) -> (1328, 568)
target scene=17 area=(1280, 512) event=264 script=9576 mode=1 state=2 player=(1328, 568) pos=(1408, 432) path=40
marked destination touch VisitKey { scene: 17, area: (1408, 512), event_id: 256, trigger_script: 8564, state: 1 }
learned exit AreaKey { scene: 17, anchor: (1280, 512) } event=256 -> AreaKey { scene: 17, anchor: (1408, 512) }
marked destination touch VisitKey { scene: 17, area: (1408, 512), event_id: 257, trigger_script: 8572, state: 1 }
learned exit AreaKey { scene: 17, anchor: (1280, 512) } event=257 -> AreaKey { scene: 17, anchor: (1408, 512) }
area teleport in scene 17 at frame 5764: (1344, 560) -> (1440, 512)
target scene=17 area=(1408, 512) event=257 script=8572 mode=4 state=1 player=(1440, 512) pos=(1408, 528) path=2
learned targeted exit AreaKey { scene: 17, anchor: (1408, 512) } event=257 -> AreaKey { scene: 17, anchor: (1280, 512) }
marked destination touch VisitKey { scene: 17, area: (1280, 512), event_id: 257, trigger_script: 8569, state: 1 }
learned exit AreaKey { scene: 17, anchor: (1408, 512) } event=257 -> AreaKey { scene: 17, anchor: (1280, 512) }
area teleport in scene 17 at frame 5777: (1408, 528) -> (1328, 568)
target scene=17 area=(1280, 512) event=264 script=9576 mode=1 state=2 player=(1328, 568) pos=(1408, 432) path=40
marked destination touch VisitKey { scene: 17, area: (1408, 512), event_id: 256, trigger_script: 8564, state: 1 }
learned exit AreaKey { scene: 17, anchor: (1280, 512) } event=256 -> AreaKey { scene: 17, anchor: (1408, 512) }
marked destination touch VisitKey { scene: 17, area: (1408, 512), event_id: 257, trigger_script: 8572, state: 1 }
learned exit AreaKey { scene: 17, anchor: (1280, 512) } event=257 -> AreaKey { scene: 17, anchor: (1408, 512) }
area teleport in scene 17 at frame 5818: (1344, 560) -> (1440, 512)
target scene=17 area=(1408, 512) event=257 script=8572 mode=4 state=1 player=(1440, 512) pos=(1408, 528) path=2
learned targeted exit AreaKey { scene: 17, anchor: (1408, 512) } event=257 -> AreaKey { scene: 17, anchor: (1280, 512) }
marked destination touch VisitKey { scene: 17, area: (1280, 512), event_id: 257, trigger_script: 8569, state: 1 }
learned exit AreaKey { scene: 17, anchor: (1408, 512) } event=257 -> AreaKey { scene: 17, anchor: (1280, 512) }
area teleport in scene 17 at frame 5831: (1408, 528) -> (1328, 568)
target scene=17 area=(1280, 512) event=264 script=9576 mode=1 state=2 player=(1328, 568) pos=(1408, 432) path=40
marked destination touch VisitKey { scene: 17, area: (1408, 512), event_id: 256, trigger_script: 8564, state: 1 }
learned exit AreaKey { scene: 17, anchor: (1280, 512) } event=256 -> AreaKey { scene: 17, anchor: (1408, 512) }
marked destination touch VisitKey { scene: 17, area: (1408, 512), event_id: 257, trigger_script: 8572, state: 1 }
learned exit AreaKey { scene: 17, anchor: (1280, 512) } event=257 -> AreaKey { scene: 17, anchor: (1408, 512) }
area teleport in scene 17 at frame 5872: (1344, 560) -> (1440, 512)
target scene=17 area=(1408, 512) event=257 script=8572 mode=4 state=1 player=(1440, 512) pos=(1408, 528) path=2
learned targeted exit AreaKey { scene: 17, anchor: (1408, 512) } event=257 -> AreaKey { scene: 17, anchor: (1280, 512) }
marked destination touch VisitKey { scene: 17, area: (1280, 512), event_id: 257, trigger_script: 8569, state: 1 }
learned exit AreaKey { scene: 17, anchor: (1408, 512) } event=257 -> AreaKey { scene: 17, anchor: (1280, 512) }
area teleport in scene 17 at frame 5885: (1408, 528) -> (1328, 568)
target scene=17 area=(1280, 512) event=264 script=9576 mode=1 state=2 player=(1328, 568) pos=(1408, 432) path=40
marked destination touch VisitKey { scene: 17, area: (1408, 512), event_id: 256, trigger_script: 8564, state: 1 }
learned exit AreaKey { scene: 17, anchor: (1280, 512) } event=256 -> AreaKey { scene: 17, anchor: (1408, 512) }
marked destination touch VisitKey { scene: 17, area: (1408, 512), event_id: 257, trigger_script: 8572, state: 1 }
learned exit AreaKey { scene: 17, anchor: (1280, 512) } event=257 -> AreaKey { scene: 17, anchor: (1408, 512) }
area teleport in scene 17 at frame 5926: (1344, 560) -> (1440, 512)
target scene=17 area=(1408, 512) event=257 script=8572 mode=4 state=1 player=(1440, 512) pos=(1408, 528) path=2
learned targeted exit AreaKey { scene: 17, anchor: (1408, 512) } event=257 -> AreaKey { scene: 17, anchor: (1280, 512) }
marked destination touch VisitKey { scene: 17, area: (1280, 512), event_id: 257, trigger_script: 8569, state: 1 }
learned exit AreaKey { scene: 17, anchor: (1408, 512) } event=257 -> AreaKey { scene: 17, anchor: (1280, 512) }
area teleport in scene 17 at frame 5939: (1408, 528) -> (1328, 568)
target scene=17 area=(1280, 512) event=264 script=9576 mode=1 state=2 player=(1328, 568) pos=(1408, 432) path=40
marked destination touch VisitKey { scene: 17, area: (1408, 512), event_id: 256, trigger_script: 8564, state: 1 }
learned exit AreaKey { scene: 17, anchor: (1280, 512) } event=256 -> AreaKey { scene: 17, anchor: (1408, 512) }
marked destination touch VisitKey { scene: 17, area: (1408, 512), event_id: 257, trigger_script: 8572, state: 1 }
learned exit AreaKey { scene: 17, anchor: (1280, 512) } event=257 -> AreaKey { scene: 17, anchor: (1408, 512) }
area teleport in scene 17 at frame 5980: (1344, 560) -> (1440, 512)
target scene=17 area=(1408, 512) event=257 script=8572 mode=4 state=1 player=(1440, 512) pos=(1408, 528) path=2
learned targeted exit AreaKey { scene: 17, anchor: (1408, 512) } event=257 -> AreaKey { scene: 17, anchor: (1280, 512) }
marked destination touch VisitKey { scene: 17, area: (1280, 512), event_id: 257, trigger_script: 8569, state: 1 }
learned exit AreaKey { scene: 17, anchor: (1408, 512) } event=257 -> AreaKey { scene: 17, anchor: (1280, 512) }
area teleport in scene 17 at frame 5993: (1408, 528) -> (1328, 568)
target scene=17 area=(1280, 512) event=264 script=9576 mode=1 state=2 player=(1328, 568) pos=(1408, 432) path=40
marked destination touch VisitKey { scene: 17, area: (1408, 512), event_id: 256, trigger_script: 8564, state: 1 }
learned exit AreaKey { scene: 17, anchor: (1280, 512) } event=256 -> AreaKey { scene: 17, anchor: (1408, 512) }
marked destination touch VisitKey { scene: 17, area: (1408, 512), event_id: 257, trigger_script: 8572, state: 1 }
learned exit AreaKey { scene: 17, anchor: (1280, 512) } event=257 -> AreaKey { scene: 17, anchor: (1408, 512) }
area teleport in scene 17 at frame 6034: (1344, 560) -> (1440, 512)
target scene=17 area=(1408, 512) event=257 script=8572 mode=4 state=1 player=(1440, 512) pos=(1408, 528) path=2
learned targeted exit AreaKey { scene: 17, anchor: (1408, 512) } event=257 -> AreaKey { scene: 17, anchor: (1280, 512) }
marked destination touch VisitKey { scene: 17, area: (1280, 512), event_id: 257, trigger_script: 8569, state: 1 }
learned exit AreaKey { scene: 17, anchor: (1408, 512) } event=257 -> AreaKey { scene: 17, anchor: (1280, 512) }
area teleport in scene 17 at frame 6047: (1408, 528) -> (1328, 568)
target scene=17 area=(1280, 512) event=264 script=9576 mode=1 state=2 player=(1328, 568) pos=(1408, 432) path=40
marked destination touch VisitKey { scene: 17, area: (1408, 512), event_id: 256, trigger_script: 8564, state: 1 }
learned exit AreaKey { scene: 17, anchor: (1280, 512) } event=256 -> AreaKey { scene: 17, anchor: (1408, 512) }
marked destination touch VisitKey { scene: 17, area: (1408, 512), event_id: 257, trigger_script: 8572, state: 1 }
learned exit AreaKey { scene: 17, anchor: (1280, 512) } event=257 -> AreaKey { scene: 17, anchor: (1408, 512) }
area teleport in scene 17 at frame 6088: (1344, 560) -> (1440, 512)
target scene=17 area=(1408, 512) event=257 script=8572 mode=4 state=1 player=(1440, 512) pos=(1408, 528) path=2
learned targeted exit AreaKey { scene: 17, anchor: (1408, 512) } event=257 -> AreaKey { scene: 17, anchor: (1280, 512) }
marked destination touch VisitKey { scene: 17, area: (1280, 512), event_id: 257, trigger_script: 8569, state: 1 }
learned exit AreaKey { scene: 17, anchor: (1408, 512) } event=257 -> AreaKey { scene: 17, anchor: (1280, 512) }
area teleport in scene 17 at frame 6101: (1408, 528) -> (1328, 568)
target scene=17 area=(1280, 512) event=264 script=9576 mode=1 state=2 player=(1328, 568) pos=(1408, 432) path=40
marked destination touch VisitKey { scene: 17, area: (1408, 512), event_id: 256, trigger_script: 8564, state: 1 }
learned exit AreaKey { scene: 17, anchor: (1280, 512) } event=256 -> AreaKey { scene: 17, anchor: (1408, 512) }
marked destination touch VisitKey { scene: 17, area: (1408, 512), event_id: 257, trigger_script: 8572, state: 1 }
learned exit AreaKey { scene: 17, anchor: (1280, 512) } event=257 -> AreaKey { scene: 17, anchor: (1408, 512) }
area teleport in scene 17 at frame 6142: (1344, 560) -> (1440, 512)
target scene=17 area=(1408, 512) event=257 script=8572 mode=4 state=1 player=(1440, 512) pos=(1408, 528) path=2
learned targeted exit AreaKey { scene: 17, anchor: (1408, 512) } event=257 -> AreaKey { scene: 17, anchor: (1280, 512) }
marked destination touch VisitKey { scene: 17, area: (1280, 512), event_id: 257, trigger_script: 8569, state: 1 }
learned exit AreaKey { scene: 17, anchor: (1408, 512) } event=257 -> AreaKey { scene: 17, anchor: (1280, 512) }
area teleport in scene 17 at frame 6155: (1408, 528) -> (1328, 568)
target scene=17 area=(1280, 512) event=264 script=9576 mode=1 state=2 player=(1328, 568) pos=(1408, 432) path=40
marked destination touch VisitKey { scene: 17, area: (1408, 512), event_id: 256, trigger_script: 8564, state: 1 }
learned exit AreaKey { scene: 17, anchor: (1280, 512) } event=256 -> AreaKey { scene: 17, anchor: (1408, 512) }
marked destination touch VisitKey { scene: 17, area: (1408, 512), event_id: 257, trigger_script: 8572, state: 1 }
learned exit AreaKey { scene: 17, anchor: (1280, 512) } event=257 -> AreaKey { scene: 17, anchor: (1408, 512) }
area teleport in scene 17 at frame 6196: (1344, 560) -> (1440, 512)
target scene=17 area=(1408, 512) event=257 script=8572 mode=4 state=1 player=(1440, 512) pos=(1408, 528) path=2
learned targeted exit AreaKey { scene: 17, anchor: (1408, 512) } event=257 -> AreaKey { scene: 17, anchor: (1280, 512) }
marked destination touch VisitKey { scene: 17, area: (1280, 512), event_id: 257, trigger_script: 8569, state: 1 }
learned exit AreaKey { scene: 17, anchor: (1408, 512) } event=257 -> AreaKey { scene: 17, anchor: (1280, 512) }
area teleport in scene 17 at frame 6209: (1408, 528) -> (1328, 568)
target scene=17 area=(1280, 512) event=264 script=9576 mode=1 state=2 player=(1328, 568) pos=(1408, 432) path=40
marked destination touch VisitKey { scene: 17, area: (1408, 512), event_id: 256, trigger_script: 8564, state: 1 }
learned exit AreaKey { scene: 17, anchor: (1280, 512) } event=256 -> AreaKey { scene: 17, anchor: (1408, 512) }
marked destination touch VisitKey { scene: 17, area: (1408, 512), event_id: 257, trigger_script: 8572, state: 1 }
learned exit AreaKey { scene: 17, anchor: (1280, 512) } event=257 -> AreaKey { scene: 17, anchor: (1408, 512) }
area teleport in scene 17 at frame 6250: (1344, 560) -> (1440, 512)
target scene=17 area=(1408, 512) event=257 script=8572 mode=4 state=1 player=(1440, 512) pos=(1408, 528) path=2
learned targeted exit AreaKey { scene: 17, anchor: (1408, 512) } event=257 -> AreaKey { scene: 17, anchor: (1280, 512) }
marked destination touch VisitKey { scene: 17, area: (1280, 512), event_id: 257, trigger_script: 8569, state: 1 }
learned exit AreaKey { scene: 17, anchor: (1408, 512) } event=257 -> AreaKey { scene: 17, anchor: (1280, 512) }
area teleport in scene 17 at frame 6263: (1408, 528) -> (1328, 568)
target scene=17 area=(1280, 512) event=264 script=9576 mode=1 state=2 player=(1328, 568) pos=(1408, 432) path=40
marked destination touch VisitKey { scene: 17, area: (1408, 512), event_id: 256, trigger_script: 8564, state: 1 }
learned exit AreaKey { scene: 17, anchor: (1280, 512) } event=256 -> AreaKey { scene: 17, anchor: (1408, 512) }
marked destination touch VisitKey { scene: 17, area: (1408, 512), event_id: 257, trigger_script: 8572, state: 1 }
learned exit AreaKey { scene: 17, anchor: (1280, 512) } event=257 -> AreaKey { scene: 17, anchor: (1408, 512) }
area teleport in scene 17 at frame 6304: (1344, 560) -> (1440, 512)
target scene=17 area=(1408, 512) event=257 script=8572 mode=4 state=1 player=(1440, 512) pos=(1408, 528) path=2
learned targeted exit AreaKey { scene: 17, anchor: (1408, 512) } event=257 -> AreaKey { scene: 17, anchor: (1280, 512) }
marked destination touch VisitKey { scene: 17, area: (1280, 512), event_id: 257, trigger_script: 8569, state: 1 }
learned exit AreaKey { scene: 17, anchor: (1408, 512) } event=257 -> AreaKey { scene: 17, anchor: (1280, 512) }
area teleport in scene 17 at frame 6317: (1408, 528) -> (1328, 568)
target scene=17 area=(1280, 512) event=264 script=9576 mode=1 state=2 player=(1328, 568) pos=(1408, 432) path=40
marked destination touch VisitKey { scene: 17, area: (1408, 512), event_id: 256, trigger_script: 8564, state: 1 }
learned exit AreaKey { scene: 17, anchor: (1280, 512) } event=256 -> AreaKey { scene: 17, anchor: (1408, 512) }
marked destination touch VisitKey { scene: 17, area: (1408, 512), event_id: 257, trigger_script: 8572, state: 1 }
learned exit AreaKey { scene: 17, anchor: (1280, 512) } event=257 -> AreaKey { scene: 17, anchor: (1408, 512) }
area teleport in scene 17 at frame 6358: (1344, 560) -> (1440, 512)
target scene=17 area=(1408, 512) event=257 script=8572 mode=4 state=1 player=(1440, 512) pos=(1408, 528) path=2
learned targeted exit AreaKey { scene: 17, anchor: (1408, 512) } event=257 -> AreaKey { scene: 17, anchor: (1280, 512) }
marked destination touch VisitKey { scene: 17, area: (1280, 512), event_id: 257, trigger_script: 8569, state: 1 }
learned exit AreaKey { scene: 17, anchor: (1408, 512) } event=257 -> AreaKey { scene: 17, anchor: (1280, 512) }
area teleport in scene 17 at frame 6371: (1408, 528) -> (1328, 568)
target scene=17 area=(1280, 512) event=264 script=9576 mode=1 state=2 player=(1328, 568) pos=(1408, 432) path=40
marked destination touch VisitKey { scene: 17, area: (1408, 512), event_id: 256, trigger_script: 8564, state: 1 }
learned exit AreaKey { scene: 17, anchor: (1280, 512) } event=256 -> AreaKey { scene: 17, anchor: (1408, 512) }
marked destination touch VisitKey { scene: 17, area: (1408, 512), event_id: 257, trigger_script: 8572, state: 1 }
learned exit AreaKey { scene: 17, anchor: (1280, 512) } event=257 -> AreaKey { scene: 17, anchor: (1408, 512) }
area teleport in scene 17 at frame 6412: (1344, 560) -> (1440, 512)
target scene=17 area=(1408, 512) event=257 script=8572 mode=4 state=1 player=(1440, 512) pos=(1408, 528) path=2
learned targeted exit AreaKey { scene: 17, anchor: (1408, 512) } event=257 -> AreaKey { scene: 17, anchor: (1280, 512) }
marked destination touch VisitKey { scene: 17, area: (1280, 512), event_id: 257, trigger_script: 8569, state: 1 }
learned exit AreaKey { scene: 17, anchor: (1408, 512) } event=257 -> AreaKey { scene: 17, anchor: (1280, 512) }
area teleport in scene 17 at frame 6425: (1408, 528) -> (1328, 568)
target scene=17 area=(1280, 512) event=264 script=9576 mode=1 state=2 player=(1328, 568) pos=(1408, 432) path=40
marked destination touch VisitKey { scene: 17, area: (1408, 512), event_id: 256, trigger_script: 8564, state: 1 }
learned exit AreaKey { scene: 17, anchor: (1280, 512) } event=256 -> AreaKey { scene: 17, anchor: (1408, 512) }
marked destination touch VisitKey { scene: 17, area: (1408, 512), event_id: 257, trigger_script: 8572, state: 1 }
learned exit AreaKey { scene: 17, anchor: (1280, 512) } event=257 -> AreaKey { scene: 17, anchor: (1408, 512) }
area teleport in scene 17 at frame 6466: (1344, 560) -> (1440, 512)
target scene=17 area=(1408, 512) event=257 script=8572 mode=4 state=1 player=(1440, 512) pos=(1408, 528) path=2
learned targeted exit AreaKey { scene: 17, anchor: (1408, 512) } event=257 -> AreaKey { scene: 17, anchor: (1280, 512) }
marked destination touch VisitKey { scene: 17, area: (1280, 512), event_id: 257, trigger_script: 8569, state: 1 }
learned exit AreaKey { scene: 17, anchor: (1408, 512) } event=257 -> AreaKey { scene: 17, anchor: (1280, 512) }
area teleport in scene 17 at frame 6479: (1408, 528) -> (1328, 568)
target scene=17 area=(1280, 512) event=264 script=9576 mode=1 state=2 player=(1328, 568) pos=(1408, 432) path=40
marked destination touch VisitKey { scene: 17, area: (1408, 512), event_id: 256, trigger_script: 8564, state: 1 }
learned exit AreaKey { scene: 17, anchor: (1280, 512) } event=256 -> AreaKey { scene: 17, anchor: (1408, 512) }
marked destination touch VisitKey { scene: 17, area: (1408, 512), event_id: 257, trigger_script: 8572, state: 1 }
learned exit AreaKey { scene: 17, anchor: (1280, 512) } event=257 -> AreaKey { scene: 17, anchor: (1408, 512) }
area teleport in scene 17 at frame 6520: (1344, 560) -> (1440, 512)
target scene=17 area=(1408, 512) event=257 script=8572 mode=4 state=1 player=(1440, 512) pos=(1408, 528) path=2
learned targeted exit AreaKey { scene: 17, anchor: (1408, 512) } event=257 -> AreaKey { scene: 17, anchor: (1280, 512) }
marked destination touch VisitKey { scene: 17, area: (1280, 512), event_id: 257, trigger_script: 8569, state: 1 }
learned exit AreaKey { scene: 17, anchor: (1408, 512) } event=257 -> AreaKey { scene: 17, anchor: (1280, 512) }
area teleport in scene 17 at frame 6533: (1408, 528) -> (1328, 568)
target scene=17 area=(1280, 512) event=264 script=9576 mode=1 state=2 player=(1328, 568) pos=(1408, 432) path=40
marked destination touch VisitKey { scene: 17, area: (1408, 512), event_id: 256, trigger_script: 8564, state: 1 }
learned exit AreaKey { scene: 17, anchor: (1280, 512) } event=256 -> AreaKey { scene: 17, anchor: (1408, 512) }
marked destination touch VisitKey { scene: 17, area: (1408, 512), event_id: 257, trigger_script: 8572, state: 1 }
learned exit AreaKey { scene: 17, anchor: (1280, 512) } event=257 -> AreaKey { scene: 17, anchor: (1408, 512) }
area teleport in scene 17 at frame 6574: (1344, 560) -> (1440, 512)
target scene=17 area=(1408, 512) event=257 script=8572 mode=4 state=1 player=(1440, 512) pos=(1408, 528) path=2
learned targeted exit AreaKey { scene: 17, anchor: (1408, 512) } event=257 -> AreaKey { scene: 17, anchor: (1280, 512) }
marked destination touch VisitKey { scene: 17, area: (1280, 512), event_id: 257, trigger_script: 8569, state: 1 }
learned exit AreaKey { scene: 17, anchor: (1408, 512) } event=257 -> AreaKey { scene: 17, anchor: (1280, 512) }
area teleport in scene 17 at frame 6587: (1408, 528) -> (1328, 568)
target scene=17 area=(1280, 512) event=264 script=9576 mode=1 state=2 player=(1328, 568) pos=(1408, 432) path=40
marked destination touch VisitKey { scene: 17, area: (1408, 512), event_id: 256, trigger_script: 8564, state: 1 }
learned exit AreaKey { scene: 17, anchor: (1280, 512) } event=256 -> AreaKey { scene: 17, anchor: (1408, 512) }
marked destination touch VisitKey { scene: 17, area: (1408, 512), event_id: 257, trigger_script: 8572, state: 1 }
learned exit AreaKey { scene: 17, anchor: (1280, 512) } event=257 -> AreaKey { scene: 17, anchor: (1408, 512) }
area teleport in scene 17 at frame 6628: (1344, 560) -> (1440, 512)
target scene=17 area=(1408, 512) event=257 script=8572 mode=4 state=1 player=(1440, 512) pos=(1408, 528) path=2
learned targeted exit AreaKey { scene: 17, anchor: (1408, 512) } event=257 -> AreaKey { scene: 17, anchor: (1280, 512) }
marked destination touch VisitKey { scene: 17, area: (1280, 512), event_id: 257, trigger_script: 8569, state: 1 }
learned exit AreaKey { scene: 17, anchor: (1408, 512) } event=257 -> AreaKey { scene: 17, anchor: (1280, 512) }
area teleport in scene 17 at frame 6641: (1408, 528) -> (1328, 568)
target scene=17 area=(1280, 512) event=264 script=9576 mode=1 state=2 player=(1328, 568) pos=(1408, 432) path=40
marked destination touch VisitKey { scene: 17, area: (1408, 512), event_id: 256, trigger_script: 8564, state: 1 }
learned exit AreaKey { scene: 17, anchor: (1280, 512) } event=256 -> AreaKey { scene: 17, anchor: (1408, 512) }
marked destination touch VisitKey { scene: 17, area: (1408, 512), event_id: 257, trigger_script: 8572, state: 1 }
learned exit AreaKey { scene: 17, anchor: (1280, 512) } event=257 -> AreaKey { scene: 17, anchor: (1408, 512) }
area teleport in scene 17 at frame 6682: (1344, 560) -> (1440, 512)
target scene=17 area=(1408, 512) event=257 script=8572 mode=4 state=1 player=(1440, 512) pos=(1408, 528) path=2
learned targeted exit AreaKey { scene: 17, anchor: (1408, 512) } event=257 -> AreaKey { scene: 17, anchor: (1280, 512) }
marked destination touch VisitKey { scene: 17, area: (1280, 512), event_id: 257, trigger_script: 8569, state: 1 }
learned exit AreaKey { scene: 17, anchor: (1408, 512) } event=257 -> AreaKey { scene: 17, anchor: (1280, 512) }
area teleport in scene 17 at frame 6695: (1408, 528) -> (1328, 568)
target scene=17 area=(1280, 512) event=264 script=9576 mode=1 state=2 player=(1328, 568) pos=(1408, 432) path=40
marked destination touch VisitKey { scene: 17, area: (1408, 512), event_id: 256, trigger_script: 8564, state: 1 }
learned exit AreaKey { scene: 17, anchor: (1280, 512) } event=256 -> AreaKey { scene: 17, anchor: (1408, 512) }
marked destination touch VisitKey { scene: 17, area: (1408, 512), event_id: 257, trigger_script: 8572, state: 1 }
learned exit AreaKey { scene: 17, anchor: (1280, 512) } event=257 -> AreaKey { scene: 17, anchor: (1408, 512) }
area teleport in scene 17 at frame 6736: (1344, 560) -> (1440, 512)
target scene=17 area=(1408, 512) event=257 script=8572 mode=4 state=1 player=(1440, 512) pos=(1408, 528) path=2
learned targeted exit AreaKey { scene: 17, anchor: (1408, 512) } event=257 -> AreaKey { scene: 17, anchor: (1280, 512) }
marked destination touch VisitKey { scene: 17, area: (1280, 512), event_id: 257, trigger_script: 8569, state: 1 }
learned exit AreaKey { scene: 17, anchor: (1408, 512) } event=257 -> AreaKey { scene: 17, anchor: (1280, 512) }
area teleport in scene 17 at frame 6749: (1408, 528) -> (1328, 568)
target scene=17 area=(1280, 512) event=264 script=9576 mode=1 state=2 player=(1328, 568) pos=(1408, 432) path=40
marked destination touch VisitKey { scene: 17, area: (1408, 512), event_id: 256, trigger_script: 8564, state: 1 }
learned exit AreaKey { scene: 17, anchor: (1280, 512) } event=256 -> AreaKey { scene: 17, anchor: (1408, 512) }
marked destination touch VisitKey { scene: 17, area: (1408, 512), event_id: 257, trigger_script: 8572, state: 1 }
learned exit AreaKey { scene: 17, anchor: (1280, 512) } event=257 -> AreaKey { scene: 17, anchor: (1408, 512) }
area teleport in scene 17 at frame 6790: (1344, 560) -> (1440, 512)
target scene=17 area=(1408, 512) event=257 script=8572 mode=4 state=1 player=(1440, 512) pos=(1408, 528) path=2
learned targeted exit AreaKey { scene: 17, anchor: (1408, 512) } event=257 -> AreaKey { scene: 17, anchor: (1280, 512) }
marked destination touch VisitKey { scene: 17, area: (1280, 512), event_id: 257, trigger_script: 8569, state: 1 }
learned exit AreaKey { scene: 17, anchor: (1408, 512) } event=257 -> AreaKey { scene: 17, anchor: (1280, 512) }
area teleport in scene 17 at frame 6803: (1408, 528) -> (1328, 568)
target scene=17 area=(1280, 512) event=264 script=9576 mode=1 state=2 player=(1328, 568) pos=(1408, 432) path=40
marked destination touch VisitKey { scene: 17, area: (1408, 512), event_id: 256, trigger_script: 8564, state: 1 }
learned exit AreaKey { scene: 17, anchor: (1280, 512) } event=256 -> AreaKey { scene: 17, anchor: (1408, 512) }
marked destination touch VisitKey { scene: 17, area: (1408, 512), event_id: 257, trigger_script: 8572, state: 1 }
learned exit AreaKey { scene: 17, anchor: (1280, 512) } event=257 -> AreaKey { scene: 17, anchor: (1408, 512) }
area teleport in scene 17 at frame 6844: (1344, 560) -> (1440, 512)
target scene=17 area=(1408, 512) event=257 script=8572 mode=4 state=1 player=(1440, 512) pos=(1408, 528) path=2
learned targeted exit AreaKey { scene: 17, anchor: (1408, 512) } event=257 -> AreaKey { scene: 17, anchor: (1280, 512) }
marked destination touch VisitKey { scene: 17, area: (1280, 512), event_id: 257, trigger_script: 8569, state: 1 }
learned exit AreaKey { scene: 17, anchor: (1408, 512) } event=257 -> AreaKey { scene: 17, anchor: (1280, 512) }
area teleport in scene 17 at frame 6857: (1408, 528) -> (1328, 568)
target scene=17 area=(1280, 512) event=264 script=9576 mode=1 state=2 player=(1328, 568) pos=(1408, 432) path=40
marked destination touch VisitKey { scene: 17, area: (1408, 512), event_id: 256, trigger_script: 8564, state: 1 }
learned exit AreaKey { scene: 17, anchor: (1280, 512) } event=256 -> AreaKey { scene: 17, anchor: (1408, 512) }
marked destination touch VisitKey { scene: 17, area: (1408, 512), event_id: 257, trigger_script: 8572, state: 1 }
learned exit AreaKey { scene: 17, anchor: (1280, 512) } event=257 -> AreaKey { scene: 17, anchor: (1408, 512) }
area teleport in scene 17 at frame 6898: (1344, 560) -> (1440, 512)
target scene=17 area=(1408, 512) event=257 script=8572 mode=4 state=1 player=(1440, 512) pos=(1408, 528) path=2
learned targeted exit AreaKey { scene: 17, anchor: (1408, 512) } event=257 -> AreaKey { scene: 17, anchor: (1280, 512) }
marked destination touch VisitKey { scene: 17, area: (1280, 512), event_id: 257, trigger_script: 8569, state: 1 }
learned exit AreaKey { scene: 17, anchor: (1408, 512) } event=257 -> AreaKey { scene: 17, anchor: (1280, 512) }
area teleport in scene 17 at frame 6911: (1408, 528) -> (1328, 568)
target scene=17 area=(1280, 512) event=264 script=9576 mode=1 state=2 player=(1328, 568) pos=(1408, 432) path=40
marked destination touch VisitKey { scene: 17, area: (1408, 512), event_id: 256, trigger_script: 8564, state: 1 }
learned exit AreaKey { scene: 17, anchor: (1280, 512) } event=256 -> AreaKey { scene: 17, anchor: (1408, 512) }
marked destination touch VisitKey { scene: 17, area: (1408, 512), event_id: 257, trigger_script: 8572, state: 1 }
learned exit AreaKey { scene: 17, anchor: (1280, 512) } event=257 -> AreaKey { scene: 17, anchor: (1408, 512) }
area teleport in scene 17 at frame 6952: (1344, 560) -> (1440, 512)
target scene=17 area=(1408, 512) event=257 script=8572 mode=4 state=1 player=(1440, 512) pos=(1408, 528) path=2
learned targeted exit AreaKey { scene: 17, anchor: (1408, 512) } event=257 -> AreaKey { scene: 17, anchor: (1280, 512) }
marked destination touch VisitKey { scene: 17, area: (1280, 512), event_id: 257, trigger_script: 8569, state: 1 }
learned exit AreaKey { scene: 17, anchor: (1408, 512) } event=257 -> AreaKey { scene: 17, anchor: (1280, 512) }
area teleport in scene 17 at frame 6965: (1408, 528) -> (1328, 568)
target scene=17 area=(1280, 512) event=264 script=9576 mode=1 state=2 player=(1328, 568) pos=(1408, 432) path=40
marked destination touch VisitKey { scene: 17, area: (1408, 512), event_id: 256, trigger_script: 8564, state: 1 }
learned exit AreaKey { scene: 17, anchor: (1280, 512) } event=256 -> AreaKey { scene: 17, anchor: (1408, 512) }
marked destination touch VisitKey { scene: 17, area: (1408, 512), event_id: 257, trigger_script: 8572, state: 1 }
learned exit AreaKey { scene: 17, anchor: (1280, 512) } event=257 -> AreaKey { scene: 17, anchor: (1408, 512) }
area teleport in scene 17 at frame 7006: (1344, 560) -> (1440, 512)
target scene=17 area=(1408, 512) event=257 script=8572 mode=4 state=1 player=(1440, 512) pos=(1408, 528) path=2
learned targeted exit AreaKey { scene: 17, anchor: (1408, 512) } event=257 -> AreaKey { scene: 17, anchor: (1280, 512) }
marked destination touch VisitKey { scene: 17, area: (1280, 512), event_id: 257, trigger_script: 8569, state: 1 }
learned exit AreaKey { scene: 17, anchor: (1408, 512) } event=257 -> AreaKey { scene: 17, anchor: (1280, 512) }
area teleport in scene 17 at frame 7019: (1408, 528) -> (1328, 568)
target scene=17 area=(1280, 512) event=264 script=9576 mode=1 state=2 player=(1328, 568) pos=(1408, 432) path=40
marked destination touch VisitKey { scene: 17, area: (1408, 512), event_id: 256, trigger_script: 8564, state: 1 }
learned exit AreaKey { scene: 17, anchor: (1280, 512) } event=256 -> AreaKey { scene: 17, anchor: (1408, 512) }
marked destination touch VisitKey { scene: 17, area: (1408, 512), event_id: 257, trigger_script: 8572, state: 1 }
learned exit AreaKey { scene: 17, anchor: (1280, 512) } event=257 -> AreaKey { scene: 17, anchor: (1408, 512) }
area teleport in scene 17 at frame 7060: (1344, 560) -> (1440, 512)
target scene=17 area=(1408, 512) event=257 script=8572 mode=4 state=1 player=(1440, 512) pos=(1408, 528) path=2
learned targeted exit AreaKey { scene: 17, anchor: (1408, 512) } event=257 -> AreaKey { scene: 17, anchor: (1280, 512) }
marked destination touch VisitKey { scene: 17, area: (1280, 512), event_id: 257, trigger_script: 8569, state: 1 }
learned exit AreaKey { scene: 17, anchor: (1408, 512) } event=257 -> AreaKey { scene: 17, anchor: (1280, 512) }
area teleport in scene 17 at frame 7073: (1408, 528) -> (1328, 568)
target scene=17 area=(1280, 512) event=264 script=9576 mode=1 state=2 player=(1328, 568) pos=(1408, 432) path=40
marked destination touch VisitKey { scene: 17, area: (1408, 512), event_id: 256, trigger_script: 8564, state: 1 }
learned exit AreaKey { scene: 17, anchor: (1280, 512) } event=256 -> AreaKey { scene: 17, anchor: (1408, 512) }
marked destination touch VisitKey { scene: 17, area: (1408, 512), event_id: 257, trigger_script: 8572, state: 1 }
learned exit AreaKey { scene: 17, anchor: (1280, 512) } event=257 -> AreaKey { scene: 17, anchor: (1408, 512) }
area teleport in scene 17 at frame 7114: (1344, 560) -> (1440, 512)
target scene=17 area=(1408, 512) event=257 script=8572 mode=4 state=1 player=(1440, 512) pos=(1408, 528) path=2
learned targeted exit AreaKey { scene: 17, anchor: (1408, 512) } event=257 -> AreaKey { scene: 17, anchor: (1280, 512) }
marked destination touch VisitKey { scene: 17, area: (1280, 512), event_id: 257, trigger_script: 8569, state: 1 }
learned exit AreaKey { scene: 17, anchor: (1408, 512) } event=257 -> AreaKey { scene: 17, anchor: (1280, 512) }
area teleport in scene 17 at frame 7127: (1408, 528) -> (1328, 568)
target scene=17 area=(1280, 512) event=264 script=9576 mode=1 state=2 player=(1328, 568) pos=(1408, 432) path=40
marked destination touch VisitKey { scene: 17, area: (1408, 512), event_id: 256, trigger_script: 8564, state: 1 }
learned exit AreaKey { scene: 17, anchor: (1280, 512) } event=256 -> AreaKey { scene: 17, anchor: (1408, 512) }
marked destination touch VisitKey { scene: 17, area: (1408, 512), event_id: 257, trigger_script: 8572, state: 1 }
learned exit AreaKey { scene: 17, anchor: (1280, 512) } event=257 -> AreaKey { scene: 17, anchor: (1408, 512) }
area teleport in scene 17 at frame 7168: (1344, 560) -> (1440, 512)
target scene=17 area=(1408, 512) event=257 script=8572 mode=4 state=1 player=(1440, 512) pos=(1408, 528) path=2
learned targeted exit AreaKey { scene: 17, anchor: (1408, 512) } event=257 -> AreaKey { scene: 17, anchor: (1280, 512) }
marked destination touch VisitKey { scene: 17, area: (1280, 512), event_id: 257, trigger_script: 8569, state: 1 }
learned exit AreaKey { scene: 17, anchor: (1408, 512) } event=257 -> AreaKey { scene: 17, anchor: (1280, 512) }
area teleport in scene 17 at frame 7181: (1408, 528) -> (1328, 568)
target scene=17 area=(1280, 512) event=264 script=9576 mode=1 state=2 player=(1328, 568) pos=(1408, 432) path=40
marked destination touch VisitKey { scene: 17, area: (1408, 512), event_id: 256, trigger_script: 8564, state: 1 }
learned exit AreaKey { scene: 17, anchor: (1280, 512) } event=256 -> AreaKey { scene: 17, anchor: (1408, 512) }
marked destination touch VisitKey { scene: 17, area: (1408, 512), event_id: 257, trigger_script: 8572, state: 1 }
learned exit AreaKey { scene: 17, anchor: (1280, 512) } event=257 -> AreaKey { scene: 17, anchor: (1408, 512) }
area teleport in scene 17 at frame 7222: (1344, 560) -> (1440, 512)
target scene=17 area=(1408, 512) event=257 script=8572 mode=4 state=1 player=(1440, 512) pos=(1408, 528) path=2
learned targeted exit AreaKey { scene: 17, anchor: (1408, 512) } event=257 -> AreaKey { scene: 17, anchor: (1280, 512) }
marked destination touch VisitKey { scene: 17, area: (1280, 512), event_id: 257, trigger_script: 8569, state: 1 }
learned exit AreaKey { scene: 17, anchor: (1408, 512) } event=257 -> AreaKey { scene: 17, anchor: (1280, 512) }
area teleport in scene 17 at frame 7235: (1408, 528) -> (1328, 568)
target scene=17 area=(1280, 512) event=264 script=9576 mode=1 state=2 player=(1328, 568) pos=(1408, 432) path=40
marked destination touch VisitKey { scene: 17, area: (1408, 512), event_id: 256, trigger_script: 8564, state: 1 }
learned exit AreaKey { scene: 17, anchor: (1280, 512) } event=256 -> AreaKey { scene: 17, anchor: (1408, 512) }
marked destination touch VisitKey { scene: 17, area: (1408, 512), event_id: 257, trigger_script: 8572, state: 1 }
learned exit AreaKey { scene: 17, anchor: (1280, 512) } event=257 -> AreaKey { scene: 17, anchor: (1408, 512) }
area teleport in scene 17 at frame 7276: (1344, 560) -> (1440, 512)
target scene=17 area=(1408, 512) event=257 script=8572 mode=4 state=1 player=(1440, 512) pos=(1408, 528) path=2
learned targeted exit AreaKey { scene: 17, anchor: (1408, 512) } event=257 -> AreaKey { scene: 17, anchor: (1280, 512) }
marked destination touch VisitKey { scene: 17, area: (1280, 512), event_id: 257, trigger_script: 8569, state: 1 }
learned exit AreaKey { scene: 17, anchor: (1408, 512) } event=257 -> AreaKey { scene: 17, anchor: (1280, 512) }
area teleport in scene 17 at frame 7289: (1408, 528) -> (1328, 568)
target scene=17 area=(1280, 512) event=264 script=9576 mode=1 state=2 player=(1328, 568) pos=(1408, 432) path=40
marked destination touch VisitKey { scene: 17, area: (1408, 512), event_id: 256, trigger_script: 8564, state: 1 }
learned exit AreaKey { scene: 17, anchor: (1280, 512) } event=256 -> AreaKey { scene: 17, anchor: (1408, 512) }
marked destination touch VisitKey { scene: 17, area: (1408, 512), event_id: 257, trigger_script: 8572, state: 1 }
learned exit AreaKey { scene: 17, anchor: (1280, 512) } event=257 -> AreaKey { scene: 17, anchor: (1408, 512) }
area teleport in scene 17 at frame 7330: (1344, 560) -> (1440, 512)
target scene=17 area=(1408, 512) event=257 script=8572 mode=4 state=1 player=(1440, 512) pos=(1408, 528) path=2
learned targeted exit AreaKey { scene: 17, anchor: (1408, 512) } event=257 -> AreaKey { scene: 17, anchor: (1280, 512) }
marked destination touch VisitKey { scene: 17, area: (1280, 512), event_id: 257, trigger_script: 8569, state: 1 }
learned exit AreaKey { scene: 17, anchor: (1408, 512) } event=257 -> AreaKey { scene: 17, anchor: (1280, 512) }
area teleport in scene 17 at frame 7343: (1408, 528) -> (1328, 568)
target scene=17 area=(1280, 512) event=264 script=9576 mode=1 state=2 player=(1328, 568) pos=(1408, 432) path=40
marked destination touch VisitKey { scene: 17, area: (1408, 512), event_id: 256, trigger_script: 8564, state: 1 }
learned exit AreaKey { scene: 17, anchor: (1280, 512) } event=256 -> AreaKey { scene: 17, anchor: (1408, 512) }
marked destination touch VisitKey { scene: 17, area: (1408, 512), event_id: 257, trigger_script: 8572, state: 1 }
learned exit AreaKey { scene: 17, anchor: (1280, 512) } event=257 -> AreaKey { scene: 17, anchor: (1408, 512) }
area teleport in scene 17 at frame 7384: (1344, 560) -> (1440, 512)
target scene=17 area=(1408, 512) event=257 script=8572 mode=4 state=1 player=(1440, 512) pos=(1408, 528) path=2
learned targeted exit AreaKey { scene: 17, anchor: (1408, 512) } event=257 -> AreaKey { scene: 17, anchor: (1280, 512) }
marked destination touch VisitKey { scene: 17, area: (1280, 512), event_id: 257, trigger_script: 8569, state: 1 }
learned exit AreaKey { scene: 17, anchor: (1408, 512) } event=257 -> AreaKey { scene: 17, anchor: (1280, 512) }
area teleport in scene 17 at frame 7397: (1408, 528) -> (1328, 568)
target scene=17 area=(1280, 512) event=264 script=9576 mode=1 state=2 player=(1328, 568) pos=(1408, 432) path=40
marked destination touch VisitKey { scene: 17, area: (1408, 512), event_id: 256, trigger_script: 8564, state: 1 }
learned exit AreaKey { scene: 17, anchor: (1280, 512) } event=256 -> AreaKey { scene: 17, anchor: (1408, 512) }
marked destination touch VisitKey { scene: 17, area: (1408, 512), event_id: 257, trigger_script: 8572, state: 1 }
learned exit AreaKey { scene: 17, anchor: (1280, 512) } event=257 -> AreaKey { scene: 17, anchor: (1408, 512) }
area teleport in scene 17 at frame 7438: (1344, 560) -> (1440, 512)
target scene=17 area=(1408, 512) event=257 script=8572 mode=4 state=1 player=(1440, 512) pos=(1408, 528) path=2
learned targeted exit AreaKey { scene: 17, anchor: (1408, 512) } event=257 -> AreaKey { scene: 17, anchor: (1280, 512) }
marked destination touch VisitKey { scene: 17, area: (1280, 512), event_id: 257, trigger_script: 8569, state: 1 }
learned exit AreaKey { scene: 17, anchor: (1408, 512) } event=257 -> AreaKey { scene: 17, anchor: (1280, 512) }
area teleport in scene 17 at frame 7451: (1408, 528) -> (1328, 568)
target scene=17 area=(1280, 512) event=264 script=9576 mode=1 state=2 player=(1328, 568) pos=(1408, 432) path=40
marked destination touch VisitKey { scene: 17, area: (1408, 512), event_id: 256, trigger_script: 8564, state: 1 }
learned exit AreaKey { scene: 17, anchor: (1280, 512) } event=256 -> AreaKey { scene: 17, anchor: (1408, 512) }
marked destination touch VisitKey { scene: 17, area: (1408, 512), event_id: 257, trigger_script: 8572, state: 1 }
learned exit AreaKey { scene: 17, anchor: (1280, 512) } event=257 -> AreaKey { scene: 17, anchor: (1408, 512) }
area teleport in scene 17 at frame 7492: (1344, 560) -> (1440, 512)
target scene=17 area=(1408, 512) event=257 script=8572 mode=4 state=1 player=(1440, 512) pos=(1408, 528) path=2
learned targeted exit AreaKey { scene: 17, anchor: (1408, 512) } event=257 -> AreaKey { scene: 17, anchor: (1280, 512) }
marked destination touch VisitKey { scene: 17, area: (1280, 512), event_id: 257, trigger_script: 8569, state: 1 }
learned exit AreaKey { scene: 17, anchor: (1408, 512) } event=257 -> AreaKey { scene: 17, anchor: (1280, 512) }
area teleport in scene 17 at frame 7505: (1408, 528) -> (1328, 568)
target scene=17 area=(1280, 512) event=264 script=9576 mode=1 state=2 player=(1328, 568) pos=(1408, 432) path=40
marked destination touch VisitKey { scene: 17, area: (1408, 512), event_id: 256, trigger_script: 8564, state: 1 }
learned exit AreaKey { scene: 17, anchor: (1280, 512) } event=256 -> AreaKey { scene: 17, anchor: (1408, 512) }
marked destination touch VisitKey { scene: 17, area: (1408, 512), event_id: 257, trigger_script: 8572, state: 1 }
learned exit AreaKey { scene: 17, anchor: (1280, 512) } event=257 -> AreaKey { scene: 17, anchor: (1408, 512) }
area teleport in scene 17 at frame 7546: (1344, 560) -> (1440, 512)
target scene=17 area=(1408, 512) event=257 script=8572 mode=4 state=1 player=(1440, 512) pos=(1408, 528) path=2
learned targeted exit AreaKey { scene: 17, anchor: (1408, 512) } event=257 -> AreaKey { scene: 17, anchor: (1280, 512) }
marked destination touch VisitKey { scene: 17, area: (1280, 512), event_id: 257, trigger_script: 8569, state: 1 }
learned exit AreaKey { scene: 17, anchor: (1408, 512) } event=257 -> AreaKey { scene: 17, anchor: (1280, 512) }
area teleport in scene 17 at frame 7559: (1408, 528) -> (1328, 568)
target scene=17 area=(1280, 512) event=264 script=9576 mode=1 state=2 player=(1328, 568) pos=(1408, 432) path=40
marked destination touch VisitKey { scene: 17, area: (1408, 512), event_id: 256, trigger_script: 8564, state: 1 }
learned exit AreaKey { scene: 17, anchor: (1280, 512) } event=256 -> AreaKey { scene: 17, anchor: (1408, 512) }
marked destination touch VisitKey { scene: 17, area: (1408, 512), event_id: 257, trigger_script: 8572, state: 1 }
learned exit AreaKey { scene: 17, anchor: (1280, 512) } event=257 -> AreaKey { scene: 17, anchor: (1408, 512) }
area teleport in scene 17 at frame 7600: (1344, 560) -> (1440, 512)
target scene=17 area=(1408, 512) event=257 script=8572 mode=4 state=1 player=(1440, 512) pos=(1408, 528) path=2
learned targeted exit AreaKey { scene: 17, anchor: (1408, 512) } event=257 -> AreaKey { scene: 17, anchor: (1280, 512) }
marked destination touch VisitKey { scene: 17, area: (1280, 512), event_id: 257, trigger_script: 8569, state: 1 }
learned exit AreaKey { scene: 17, anchor: (1408, 512) } event=257 -> AreaKey { scene: 17, anchor: (1280, 512) }
area teleport in scene 17 at frame 7613: (1408, 528) -> (1328, 568)
target scene=17 area=(1280, 512) event=264 script=9576 mode=1 state=2 player=(1328, 568) pos=(1408, 432) path=40
marked destination touch VisitKey { scene: 17, area: (1408, 512), event_id: 256, trigger_script: 8564, state: 1 }
learned exit AreaKey { scene: 17, anchor: (1280, 512) } event=256 -> AreaKey { scene: 17, anchor: (1408, 512) }
marked destination touch VisitKey { scene: 17, area: (1408, 512), event_id: 257, trigger_script: 8572, state: 1 }
learned exit AreaKey { scene: 17, anchor: (1280, 512) } event=257 -> AreaKey { scene: 17, anchor: (1408, 512) }
area teleport in scene 17 at frame 7654: (1344, 560) -> (1440, 512)
target scene=17 area=(1408, 512) event=257 script=8572 mode=4 state=1 player=(1440, 512) pos=(1408, 528) path=2
learned targeted exit AreaKey { scene: 17, anchor: (1408, 512) } event=257 -> AreaKey { scene: 17, anchor: (1280, 512) }
marked destination touch VisitKey { scene: 17, area: (1280, 512), event_id: 257, trigger_script: 8569, state: 1 }
learned exit AreaKey { scene: 17, anchor: (1408, 512) } event=257 -> AreaKey { scene: 17, anchor: (1280, 512) }
area teleport in scene 17 at frame 7667: (1408, 528) -> (1328, 568)
target scene=17 area=(1280, 512) event=264 script=9576 mode=1 state=2 player=(1328, 568) pos=(1408, 432) path=40
marked destination touch VisitKey { scene: 17, area: (1408, 512), event_id: 256, trigger_script: 8564, state: 1 }
learned exit AreaKey { scene: 17, anchor: (1280, 512) } event=256 -> AreaKey { scene: 17, anchor: (1408, 512) }
marked destination touch VisitKey { scene: 17, area: (1408, 512), event_id: 257, trigger_script: 8572, state: 1 }
learned exit AreaKey { scene: 17, anchor: (1280, 512) } event=257 -> AreaKey { scene: 17, anchor: (1408, 512) }
area teleport in scene 17 at frame 7708: (1344, 560) -> (1440, 512)
target scene=17 area=(1408, 512) event=257 script=8572 mode=4 state=1 player=(1440, 512) pos=(1408, 528) path=2
learned targeted exit AreaKey { scene: 17, anchor: (1408, 512) } event=257 -> AreaKey { scene: 17, anchor: (1280, 512) }
marked destination touch VisitKey { scene: 17, area: (1280, 512), event_id: 257, trigger_script: 8569, state: 1 }
learned exit AreaKey { scene: 17, anchor: (1408, 512) } event=257 -> AreaKey { scene: 17, anchor: (1280, 512) }
area teleport in scene 17 at frame 7721: (1408, 528) -> (1328, 568)
target scene=17 area=(1280, 512) event=264 script=9576 mode=1 state=2 player=(1328, 568) pos=(1408, 432) path=40
marked destination touch VisitKey { scene: 17, area: (1408, 512), event_id: 256, trigger_script: 8564, state: 1 }
learned exit AreaKey { scene: 17, anchor: (1280, 512) } event=256 -> AreaKey { scene: 17, anchor: (1408, 512) }
marked destination touch VisitKey { scene: 17, area: (1408, 512), event_id: 257, trigger_script: 8572, state: 1 }
learned exit AreaKey { scene: 17, anchor: (1280, 512) } event=257 -> AreaKey { scene: 17, anchor: (1408, 512) }
area teleport in scene 17 at frame 7762: (1344, 560) -> (1440, 512)
target scene=17 area=(1408, 512) event=257 script=8572 mode=4 state=1 player=(1440, 512) pos=(1408, 528) path=2
learned targeted exit AreaKey { scene: 17, anchor: (1408, 512) } event=257 -> AreaKey { scene: 17, anchor: (1280, 512) }
marked destination touch VisitKey { scene: 17, area: (1280, 512), event_id: 257, trigger_script: 8569, state: 1 }
learned exit AreaKey { scene: 17, anchor: (1408, 512) } event=257 -> AreaKey { scene: 17, anchor: (1280, 512) }
area teleport in scene 17 at frame 7775: (1408, 528) -> (1328, 568)
target scene=17 area=(1280, 512) event=264 script=9576 mode=1 state=2 player=(1328, 568) pos=(1408, 432) path=40
marked destination touch VisitKey { scene: 17, area: (1408, 512), event_id: 256, trigger_script: 8564, state: 1 }
learned exit AreaKey { scene: 17, anchor: (1280, 512) } event=256 -> AreaKey { scene: 17, anchor: (1408, 512) }
marked destination touch VisitKey { scene: 17, area: (1408, 512), event_id: 257, trigger_script: 8572, state: 1 }
learned exit AreaKey { scene: 17, anchor: (1280, 512) } event=257 -> AreaKey { scene: 17, anchor: (1408, 512) }
area teleport in scene 17 at frame 7816: (1344, 560) -> (1440, 512)
target scene=17 area=(1408, 512) event=257 script=8572 mode=4 state=1 player=(1440, 512) pos=(1408, 528) path=2
learned targeted exit AreaKey { scene: 17, anchor: (1408, 512) } event=257 -> AreaKey { scene: 17, anchor: (1280, 512) }
marked destination touch VisitKey { scene: 17, area: (1280, 512), event_id: 257, trigger_script: 8569, state: 1 }
learned exit AreaKey { scene: 17, anchor: (1408, 512) } event=257 -> AreaKey { scene: 17, anchor: (1280, 512) }
area teleport in scene 17 at frame 7829: (1408, 528) -> (1328, 568)
target scene=17 area=(1280, 512) event=264 script=9576 mode=1 state=2 player=(1328, 568) pos=(1408, 432) path=40
marked destination touch VisitKey { scene: 17, area: (1408, 512), event_id: 256, trigger_script: 8564, state: 1 }
learned exit AreaKey { scene: 17, anchor: (1280, 512) } event=256 -> AreaKey { scene: 17, anchor: (1408, 512) }
marked destination touch VisitKey { scene: 17, area: (1408, 512), event_id: 257, trigger_script: 8572, state: 1 }
learned exit AreaKey { scene: 17, anchor: (1280, 512) } event=257 -> AreaKey { scene: 17, anchor: (1408, 512) }
area teleport in scene 17 at frame 7870: (1344, 560) -> (1440, 512)
target scene=17 area=(1408, 512) event=257 script=8572 mode=4 state=1 player=(1440, 512) pos=(1408, 528) path=2
learned targeted exit AreaKey { scene: 17, anchor: (1408, 512) } event=257 -> AreaKey { scene: 17, anchor: (1280, 512) }
marked destination touch VisitKey { scene: 17, area: (1280, 512), event_id: 257, trigger_script: 8569, state: 1 }
learned exit AreaKey { scene: 17, anchor: (1408, 512) } event=257 -> AreaKey { scene: 17, anchor: (1280, 512) }
area teleport in scene 17 at frame 7883: (1408, 528) -> (1328, 568)
target scene=17 area=(1280, 512) event=264 script=9576 mode=1 state=2 player=(1328, 568) pos=(1408, 432) path=40
marked destination touch VisitKey { scene: 17, area: (1408, 512), event_id: 256, trigger_script: 8564, state: 1 }
learned exit AreaKey { scene: 17, anchor: (1280, 512) } event=256 -> AreaKey { scene: 17, anchor: (1408, 512) }
marked destination touch VisitKey { scene: 17, area: (1408, 512), event_id: 257, trigger_script: 8572, state: 1 }
learned exit AreaKey { scene: 17, anchor: (1280, 512) } event=257 -> AreaKey { scene: 17, anchor: (1408, 512) }
area teleport in scene 17 at frame 7924: (1344, 560) -> (1440, 512)
target scene=17 area=(1408, 512) event=257 script=8572 mode=4 state=1 player=(1440, 512) pos=(1408, 528) path=2
learned targeted exit AreaKey { scene: 17, anchor: (1408, 512) } event=257 -> AreaKey { scene: 17, anchor: (1280, 512) }
marked destination touch VisitKey { scene: 17, area: (1280, 512), event_id: 257, trigger_script: 8569, state: 1 }
learned exit AreaKey { scene: 17, anchor: (1408, 512) } event=257 -> AreaKey { scene: 17, anchor: (1280, 512) }
area teleport in scene 17 at frame 7937: (1408, 528) -> (1328, 568)
target scene=17 area=(1280, 512) event=264 script=9576 mode=1 state=2 player=(1328, 568) pos=(1408, 432) path=40
marked destination touch VisitKey { scene: 17, area: (1408, 512), event_id: 256, trigger_script: 8564, state: 1 }
learned exit AreaKey { scene: 17, anchor: (1280, 512) } event=256 -> AreaKey { scene: 17, anchor: (1408, 512) }
marked destination touch VisitKey { scene: 17, area: (1408, 512), event_id: 257, trigger_script: 8572, state: 1 }
learned exit AreaKey { scene: 17, anchor: (1280, 512) } event=257 -> AreaKey { scene: 17, anchor: (1408, 512) }
area teleport in scene 17 at frame 7978: (1344, 560) -> (1440, 512)
target scene=17 area=(1408, 512) event=257 script=8572 mode=4 state=1 player=(1440, 512) pos=(1408, 528) path=2
learned targeted exit AreaKey { scene: 17, anchor: (1408, 512) } event=257 -> AreaKey { scene: 17, anchor: (1280, 512) }
marked destination touch VisitKey { scene: 17, area: (1280, 512), event_id: 257, trigger_script: 8569, state: 1 }
learned exit AreaKey { scene: 17, anchor: (1408, 512) } event=257 -> AreaKey { scene: 17, anchor: (1280, 512) }
area teleport in scene 17 at frame 7991: (1408, 528) -> (1328, 568)
target scene=17 area=(1280, 512) event=264 script=9576 mode=1 state=2 player=(1328, 568) pos=(1408, 432) path=40
marked destination touch VisitKey { scene: 17, area: (1408, 512), event_id: 256, trigger_script: 8564, state: 1 }
learned exit AreaKey { scene: 17, anchor: (1280, 512) } event=256 -> AreaKey { scene: 17, anchor: (1408, 512) }
marked destination touch VisitKey { scene: 17, area: (1408, 512), event_id: 257, trigger_script: 8572, state: 1 }
learned exit AreaKey { scene: 17, anchor: (1280, 512) } event=257 -> AreaKey { scene: 17, anchor: (1408, 512) }
area teleport in scene 17 at frame 8032: (1344, 560) -> (1440, 512)
target scene=17 area=(1408, 512) event=257 script=8572 mode=4 state=1 player=(1440, 512) pos=(1408, 528) path=2
learned targeted exit AreaKey { scene: 17, anchor: (1408, 512) } event=257 -> AreaKey { scene: 17, anchor: (1280, 512) }
marked destination touch VisitKey { scene: 17, area: (1280, 512), event_id: 257, trigger_script: 8569, state: 1 }
learned exit AreaKey { scene: 17, anchor: (1408, 512) } event=257 -> AreaKey { scene: 17, anchor: (1280, 512) }
area teleport in scene 17 at frame 8045: (1408, 528) -> (1328, 568)
target scene=17 area=(1280, 512) event=264 script=9576 mode=1 state=2 player=(1328, 568) pos=(1408, 432) path=40
marked destination touch VisitKey { scene: 17, area: (1408, 512), event_id: 256, trigger_script: 8564, state: 1 }
learned exit AreaKey { scene: 17, anchor: (1280, 512) } event=256 -> AreaKey { scene: 17, anchor: (1408, 512) }
marked destination touch VisitKey { scene: 17, area: (1408, 512), event_id: 257, trigger_script: 8572, state: 1 }
learned exit AreaKey { scene: 17, anchor: (1280, 512) } event=257 -> AreaKey { scene: 17, anchor: (1408, 512) }
area teleport in scene 17 at frame 8086: (1344, 560) -> (1440, 512)
target scene=17 area=(1408, 512) event=257 script=8572 mode=4 state=1 player=(1440, 512) pos=(1408, 528) path=2
learned targeted exit AreaKey { scene: 17, anchor: (1408, 512) } event=257 -> AreaKey { scene: 17, anchor: (1280, 512) }
marked destination touch VisitKey { scene: 17, area: (1280, 512), event_id: 257, trigger_script: 8569, state: 1 }
learned exit AreaKey { scene: 17, anchor: (1408, 512) } event=257 -> AreaKey { scene: 17, anchor: (1280, 512) }
area teleport in scene 17 at frame 8099: (1408, 528) -> (1328, 568)
target scene=17 area=(1280, 512) event=264 script=9576 mode=1 state=2 player=(1328, 568) pos=(1408, 432) path=40
marked destination touch VisitKey { scene: 17, area: (1408, 512), event_id: 256, trigger_script: 8564, state: 1 }
learned exit AreaKey { scene: 17, anchor: (1280, 512) } event=256 -> AreaKey { scene: 17, anchor: (1408, 512) }
marked destination touch VisitKey { scene: 17, area: (1408, 512), event_id: 257, trigger_script: 8572, state: 1 }
learned exit AreaKey { scene: 17, anchor: (1280, 512) } event=257 -> AreaKey { scene: 17, anchor: (1408, 512) }
area teleport in scene 17 at frame 8140: (1344, 560) -> (1440, 512)
target scene=17 area=(1408, 512) event=257 script=8572 mode=4 state=1 player=(1440, 512) pos=(1408, 528) path=2
learned targeted exit AreaKey { scene: 17, anchor: (1408, 512) } event=257 -> AreaKey { scene: 17, anchor: (1280, 512) }
marked destination touch VisitKey { scene: 17, area: (1280, 512), event_id: 257, trigger_script: 8569, state: 1 }
learned exit AreaKey { scene: 17, anchor: (1408, 512) } event=257 -> AreaKey { scene: 17, anchor: (1280, 512) }
area teleport in scene 17 at frame 8153: (1408, 528) -> (1328, 568)
target scene=17 area=(1280, 512) event=264 script=9576 mode=1 state=2 player=(1328, 568) pos=(1408, 432) path=40
marked destination touch VisitKey { scene: 17, area: (1408, 512), event_id: 256, trigger_script: 8564, state: 1 }
learned exit AreaKey { scene: 17, anchor: (1280, 512) } event=256 -> AreaKey { scene: 17, anchor: (1408, 512) }
marked destination touch VisitKey { scene: 17, area: (1408, 512), event_id: 257, trigger_script: 8572, state: 1 }
learned exit AreaKey { scene: 17, anchor: (1280, 512) } event=257 -> AreaKey { scene: 17, anchor: (1408, 512) }
area teleport in scene 17 at frame 8194: (1344, 560) -> (1440, 512)
target scene=17 area=(1408, 512) event=257 script=8572 mode=4 state=1 player=(1440, 512) pos=(1408, 528) path=2
learned targeted exit AreaKey { scene: 17, anchor: (1408, 512) } event=257 -> AreaKey { scene: 17, anchor: (1280, 512) }
marked destination touch VisitKey { scene: 17, area: (1280, 512), event_id: 257, trigger_script: 8569, state: 1 }
learned exit AreaKey { scene: 17, anchor: (1408, 512) } event=257 -> AreaKey { scene: 17, anchor: (1280, 512) }
area teleport in scene 17 at frame 8207: (1408, 528) -> (1328, 568)
target scene=17 area=(1280, 512) event=264 script=9576 mode=1 state=2 player=(1328, 568) pos=(1408, 432) path=40
marked destination touch VisitKey { scene: 17, area: (1408, 512), event_id: 256, trigger_script: 8564, state: 1 }
learned exit AreaKey { scene: 17, anchor: (1280, 512) } event=256 -> AreaKey { scene: 17, anchor: (1408, 512) }
marked destination touch VisitKey { scene: 17, area: (1408, 512), event_id: 257, trigger_script: 8572, state: 1 }
learned exit AreaKey { scene: 17, anchor: (1280, 512) } event=257 -> AreaKey { scene: 17, anchor: (1408, 512) }
area teleport in scene 17 at frame 8248: (1344, 560) -> (1440, 512)
target scene=17 area=(1408, 512) event=257 script=8572 mode=4 state=1 player=(1440, 512) pos=(1408, 528) path=2
learned targeted exit AreaKey { scene: 17, anchor: (1408, 512) } event=257 -> AreaKey { scene: 17, anchor: (1280, 512) }
marked destination touch VisitKey { scene: 17, area: (1280, 512), event_id: 257, trigger_script: 8569, state: 1 }
learned exit AreaKey { scene: 17, anchor: (1408, 512) } event=257 -> AreaKey { scene: 17, anchor: (1280, 512) }
area teleport in scene 17 at frame 8261: (1408, 528) -> (1328, 568)
target scene=17 area=(1280, 512) event=264 script=9576 mode=1 state=2 player=(1328, 568) pos=(1408, 432) path=40
marked destination touch VisitKey { scene: 17, area: (1408, 512), event_id: 256, trigger_script: 8564, state: 1 }
learned exit AreaKey { scene: 17, anchor: (1280, 512) } event=256 -> AreaKey { scene: 17, anchor: (1408, 512) }
marked destination touch VisitKey { scene: 17, area: (1408, 512), event_id: 257, trigger_script: 8572, state: 1 }
learned exit AreaKey { scene: 17, anchor: (1280, 512) } event=257 -> AreaKey { scene: 17, anchor: (1408, 512) }
area teleport in scene 17 at frame 8302: (1344, 560) -> (1440, 512)
target scene=17 area=(1408, 512) event=257 script=8572 mode=4 state=1 player=(1440, 512) pos=(1408, 528) path=2
learned targeted exit AreaKey { scene: 17, anchor: (1408, 512) } event=257 -> AreaKey { scene: 17, anchor: (1280, 512) }
marked destination touch VisitKey { scene: 17, area: (1280, 512), event_id: 257, trigger_script: 8569, state: 1 }
learned exit AreaKey { scene: 17, anchor: (1408, 512) } event=257 -> AreaKey { scene: 17, anchor: (1280, 512) }
area teleport in scene 17 at frame 8315: (1408, 528) -> (1328, 568)
target scene=17 area=(1280, 512) event=264 script=9576 mode=1 state=2 player=(1328, 568) pos=(1408, 432) path=40
marked destination touch VisitKey { scene: 17, area: (1408, 512), event_id: 256, trigger_script: 8564, state: 1 }
learned exit AreaKey { scene: 17, anchor: (1280, 512) } event=256 -> AreaKey { scene: 17, anchor: (1408, 512) }
marked destination touch VisitKey { scene: 17, area: (1408, 512), event_id: 257, trigger_script: 8572, state: 1 }
learned exit AreaKey { scene: 17, anchor: (1280, 512) } event=257 -> AreaKey { scene: 17, anchor: (1408, 512) }
area teleport in scene 17 at frame 8356: (1344, 560) -> (1440, 512)
target scene=17 area=(1408, 512) event=257 script=8572 mode=4 state=1 player=(1440, 512) pos=(1408, 528) path=2
learned targeted exit AreaKey { scene: 17, anchor: (1408, 512) } event=257 -> AreaKey { scene: 17, anchor: (1280, 512) }
marked destination touch VisitKey { scene: 17, area: (1280, 512), event_id: 257, trigger_script: 8569, state: 1 }
learned exit AreaKey { scene: 17, anchor: (1408, 512) } event=257 -> AreaKey { scene: 17, anchor: (1280, 512) }
area teleport in scene 17 at frame 8369: (1408, 528) -> (1328, 568)
target scene=17 area=(1280, 512) event=264 script=9576 mode=1 state=2 player=(1328, 568) pos=(1408, 432) path=40
marked destination touch VisitKey { scene: 17, area: (1408, 512), event_id: 256, trigger_script: 8564, state: 1 }
learned exit AreaKey { scene: 17, anchor: (1280, 512) } event=256 -> AreaKey { scene: 17, anchor: (1408, 512) }
marked destination touch VisitKey { scene: 17, area: (1408, 512), event_id: 257, trigger_script: 8572, state: 1 }
learned exit AreaKey { scene: 17, anchor: (1280, 512) } event=257 -> AreaKey { scene: 17, anchor: (1408, 512) }
area teleport in scene 17 at frame 8410: (1344, 560) -> (1440, 512)
target scene=17 area=(1408, 512) event=257 script=8572 mode=4 state=1 player=(1440, 512) pos=(1408, 528) path=2
learned targeted exit AreaKey { scene: 17, anchor: (1408, 512) } event=257 -> AreaKey { scene: 17, anchor: (1280, 512) }
marked destination touch VisitKey { scene: 17, area: (1280, 512), event_id: 257, trigger_script: 8569, state: 1 }
learned exit AreaKey { scene: 17, anchor: (1408, 512) } event=257 -> AreaKey { scene: 17, anchor: (1280, 512) }
area teleport in scene 17 at frame 8423: (1408, 528) -> (1328, 568)
target scene=17 area=(1280, 512) event=264 script=9576 mode=1 state=2 player=(1328, 568) pos=(1408, 432) path=40
marked destination touch VisitKey { scene: 17, area: (1408, 512), event_id: 256, trigger_script: 8564, state: 1 }
learned exit AreaKey { scene: 17, anchor: (1280, 512) } event=256 -> AreaKey { scene: 17, anchor: (1408, 512) }
marked destination touch VisitKey { scene: 17, area: (1408, 512), event_id: 257, trigger_script: 8572, state: 1 }
learned exit AreaKey { scene: 17, anchor: (1280, 512) } event=257 -> AreaKey { scene: 17, anchor: (1408, 512) }
area teleport in scene 17 at frame 8464: (1344, 560) -> (1440, 512)
target scene=17 area=(1408, 512) event=257 script=8572 mode=4 state=1 player=(1440, 512) pos=(1408, 528) path=2
learned targeted exit AreaKey { scene: 17, anchor: (1408, 512) } event=257 -> AreaKey { scene: 17, anchor: (1280, 512) }
marked destination touch VisitKey { scene: 17, area: (1280, 512), event_id: 257, trigger_script: 8569, state: 1 }
learned exit AreaKey { scene: 17, anchor: (1408, 512) } event=257 -> AreaKey { scene: 17, anchor: (1280, 512) }
area teleport in scene 17 at frame 8477: (1408, 528) -> (1328, 568)
target scene=17 area=(1280, 512) event=264 script=9576 mode=1 state=2 player=(1328, 568) pos=(1408, 432) path=40
marked destination touch VisitKey { scene: 17, area: (1408, 512), event_id: 256, trigger_script: 8564, state: 1 }
learned exit AreaKey { scene: 17, anchor: (1280, 512) } event=256 -> AreaKey { scene: 17, anchor: (1408, 512) }
marked destination touch VisitKey { scene: 17, area: (1408, 512), event_id: 257, trigger_script: 8572, state: 1 }
learned exit AreaKey { scene: 17, anchor: (1280, 512) } event=257 -> AreaKey { scene: 17, anchor: (1408, 512) }
area teleport in scene 17 at frame 8518: (1344, 560) -> (1440, 512)
target scene=17 area=(1408, 512) event=257 script=8572 mode=4 state=1 player=(1440, 512) pos=(1408, 528) path=2
learned targeted exit AreaKey { scene: 17, anchor: (1408, 512) } event=257 -> AreaKey { scene: 17, anchor: (1280, 512) }
marked destination touch VisitKey { scene: 17, area: (1280, 512), event_id: 257, trigger_script: 8569, state: 1 }
learned exit AreaKey { scene: 17, anchor: (1408, 512) } event=257 -> AreaKey { scene: 17, anchor: (1280, 512) }
area teleport in scene 17 at frame 8531: (1408, 528) -> (1328, 568)
target scene=17 area=(1280, 512) event=264 script=9576 mode=1 state=2 player=(1328, 568) pos=(1408, 432) path=40
marked destination touch VisitKey { scene: 17, area: (1408, 512), event_id: 256, trigger_script: 8564, state: 1 }
learned exit AreaKey { scene: 17, anchor: (1280, 512) } event=256 -> AreaKey { scene: 17, anchor: (1408, 512) }
marked destination touch VisitKey { scene: 17, area: (1408, 512), event_id: 257, trigger_script: 8572, state: 1 }
learned exit AreaKey { scene: 17, anchor: (1280, 512) } event=257 -> AreaKey { scene: 17, anchor: (1408, 512) }
area teleport in scene 17 at frame 8572: (1344, 560) -> (1440, 512)
target scene=17 area=(1408, 512) event=257 script=8572 mode=4 state=1 player=(1440, 512) pos=(1408, 528) path=2
learned targeted exit AreaKey { scene: 17, anchor: (1408, 512) } event=257 -> AreaKey { scene: 17, anchor: (1280, 512) }
marked destination touch VisitKey { scene: 17, area: (1280, 512), event_id: 257, trigger_script: 8569, state: 1 }
learned exit AreaKey { scene: 17, anchor: (1408, 512) } event=257 -> AreaKey { scene: 17, anchor: (1280, 512) }
area teleport in scene 17 at frame 8585: (1408, 528) -> (1328, 568)
target scene=17 area=(1280, 512) event=264 script=9576 mode=1 state=2 player=(1328, 568) pos=(1408, 432) path=40
marked destination touch VisitKey { scene: 17, area: (1408, 512), event_id: 256, trigger_script: 8564, state: 1 }
learned exit AreaKey { scene: 17, anchor: (1280, 512) } event=256 -> AreaKey { scene: 17, anchor: (1408, 512) }
marked destination touch VisitKey { scene: 17, area: (1408, 512), event_id: 257, trigger_script: 8572, state: 1 }
learned exit AreaKey { scene: 17, anchor: (1280, 512) } event=257 -> AreaKey { scene: 17, anchor: (1408, 512) }
area teleport in scene 17 at frame 8626: (1344, 560) -> (1440, 512)
target scene=17 area=(1408, 512) event=257 script=8572 mode=4 state=1 player=(1440, 512) pos=(1408, 528) path=2
learned targeted exit AreaKey { scene: 17, anchor: (1408, 512) } event=257 -> AreaKey { scene: 17, anchor: (1280, 512) }
marked destination touch VisitKey { scene: 17, area: (1280, 512), event_id: 257, trigger_script: 8569, state: 1 }
learned exit AreaKey { scene: 17, anchor: (1408, 512) } event=257 -> AreaKey { scene: 17, anchor: (1280, 512) }
area teleport in scene 17 at frame 8639: (1408, 528) -> (1328, 568)
target scene=17 area=(1280, 512) event=264 script=9576 mode=1 state=2 player=(1328, 568) pos=(1408, 432) path=40
marked destination touch VisitKey { scene: 17, area: (1408, 512), event_id: 256, trigger_script: 8564, state: 1 }
learned exit AreaKey { scene: 17, anchor: (1280, 512) } event=256 -> AreaKey { scene: 17, anchor: (1408, 512) }
marked destination touch VisitKey { scene: 17, area: (1408, 512), event_id: 257, trigger_script: 8572, state: 1 }
learned exit AreaKey { scene: 17, anchor: (1280, 512) } event=257 -> AreaKey { scene: 17, anchor: (1408, 512) }
area teleport in scene 17 at frame 8680: (1344, 560) -> (1440, 512)
target scene=17 area=(1408, 512) event=257 script=8572 mode=4 state=1 player=(1440, 512) pos=(1408, 528) path=2
learned targeted exit AreaKey { scene: 17, anchor: (1408, 512) } event=257 -> AreaKey { scene: 17, anchor: (1280, 512) }
marked destination touch VisitKey { scene: 17, area: (1280, 512), event_id: 257, trigger_script: 8569, state: 1 }
learned exit AreaKey { scene: 17, anchor: (1408, 512) } event=257 -> AreaKey { scene: 17, anchor: (1280, 512) }
area teleport in scene 17 at frame 8693: (1408, 528) -> (1328, 568)
target scene=17 area=(1280, 512) event=264 script=9576 mode=1 state=2 player=(1328, 568) pos=(1408, 432) path=40
marked destination touch VisitKey { scene: 17, area: (1408, 512), event_id: 256, trigger_script: 8564, state: 1 }
learned exit AreaKey { scene: 17, anchor: (1280, 512) } event=256 -> AreaKey { scene: 17, anchor: (1408, 512) }
marked destination touch VisitKey { scene: 17, area: (1408, 512), event_id: 257, trigger_script: 8572, state: 1 }
learned exit AreaKey { scene: 17, anchor: (1280, 512) } event=257 -> AreaKey { scene: 17, anchor: (1408, 512) }
area teleport in scene 17 at frame 8734: (1344, 560) -> (1440, 512)
target scene=17 area=(1408, 512) event=257 script=8572 mode=4 state=1 player=(1440, 512) pos=(1408, 528) path=2
learned targeted exit AreaKey { scene: 17, anchor: (1408, 512) } event=257 -> AreaKey { scene: 17, anchor: (1280, 512) }
marked destination touch VisitKey { scene: 17, area: (1280, 512), event_id: 257, trigger_script: 8569, state: 1 }
learned exit AreaKey { scene: 17, anchor: (1408, 512) } event=257 -> AreaKey { scene: 17, anchor: (1280, 512) }
area teleport in scene 17 at frame 8747: (1408, 528) -> (1328, 568)
target scene=17 area=(1280, 512) event=264 script=9576 mode=1 state=2 player=(1328, 568) pos=(1408, 432) path=40
marked destination touch VisitKey { scene: 17, area: (1408, 512), event_id: 256, trigger_script: 8564, state: 1 }
learned exit AreaKey { scene: 17, anchor: (1280, 512) } event=256 -> AreaKey { scene: 17, anchor: (1408, 512) }
marked destination touch VisitKey { scene: 17, area: (1408, 512), event_id: 257, trigger_script: 8572, state: 1 }
learned exit AreaKey { scene: 17, anchor: (1280, 512) } event=257 -> AreaKey { scene: 17, anchor: (1408, 512) }
area teleport in scene 17 at frame 8788: (1344, 560) -> (1440, 512)
target scene=17 area=(1408, 512) event=257 script=8572 mode=4 state=1 player=(1440, 512) pos=(1408, 528) path=2
learned targeted exit AreaKey { scene: 17, anchor: (1408, 512) } event=257 -> AreaKey { scene: 17, anchor: (1280, 512) }
marked destination touch VisitKey { scene: 17, area: (1280, 512), event_id: 257, trigger_script: 8569, state: 1 }
learned exit AreaKey { scene: 17, anchor: (1408, 512) } event=257 -> AreaKey { scene: 17, anchor: (1280, 512) }
area teleport in scene 17 at frame 8801: (1408, 528) -> (1328, 568)
target scene=17 area=(1280, 512) event=264 script=9576 mode=1 state=2 player=(1328, 568) pos=(1408, 432) path=40
marked destination touch VisitKey { scene: 17, area: (1408, 512), event_id: 256, trigger_script: 8564, state: 1 }
learned exit AreaKey { scene: 17, anchor: (1280, 512) } event=256 -> AreaKey { scene: 17, anchor: (1408, 512) }
marked destination touch VisitKey { scene: 17, area: (1408, 512), event_id: 257, trigger_script: 8572, state: 1 }
learned exit AreaKey { scene: 17, anchor: (1280, 512) } event=257 -> AreaKey { scene: 17, anchor: (1408, 512) }
area teleport in scene 17 at frame 8842: (1344, 560) -> (1440, 512)
target scene=17 area=(1408, 512) event=257 script=8572 mode=4 state=1 player=(1440, 512) pos=(1408, 528) path=2
learned targeted exit AreaKey { scene: 17, anchor: (1408, 512) } event=257 -> AreaKey { scene: 17, anchor: (1280, 512) }
marked destination touch VisitKey { scene: 17, area: (1280, 512), event_id: 257, trigger_script: 8569, state: 1 }
learned exit AreaKey { scene: 17, anchor: (1408, 512) } event=257 -> AreaKey { scene: 17, anchor: (1280, 512) }
area teleport in scene 17 at frame 8855: (1408, 528) -> (1328, 568)
target scene=17 area=(1280, 512) event=264 script=9576 mode=1 state=2 player=(1328, 568) pos=(1408, 432) path=40
marked destination touch VisitKey { scene: 17, area: (1408, 512), event_id: 256, trigger_script: 8564, state: 1 }
learned exit AreaKey { scene: 17, anchor: (1280, 512) } event=256 -> AreaKey { scene: 17, anchor: (1408, 512) }
marked destination touch VisitKey { scene: 17, area: (1408, 512), event_id: 257, trigger_script: 8572, state: 1 }
learned exit AreaKey { scene: 17, anchor: (1280, 512) } event=257 -> AreaKey { scene: 17, anchor: (1408, 512) }
area teleport in scene 17 at frame 8896: (1344, 560) -> (1440, 512)
target scene=17 area=(1408, 512) event=257 script=8572 mode=4 state=1 player=(1440, 512) pos=(1408, 528) path=2
learned targeted exit AreaKey { scene: 17, anchor: (1408, 512) } event=257 -> AreaKey { scene: 17, anchor: (1280, 512) }
marked destination touch VisitKey { scene: 17, area: (1280, 512), event_id: 257, trigger_script: 8569, state: 1 }
learned exit AreaKey { scene: 17, anchor: (1408, 512) } event=257 -> AreaKey { scene: 17, anchor: (1280, 512) }
area teleport in scene 17 at frame 8909: (1408, 528) -> (1328, 568)
target scene=17 area=(1280, 512) event=264 script=9576 mode=1 state=2 player=(1328, 568) pos=(1408, 432) path=40
marked destination touch VisitKey { scene: 17, area: (1408, 512), event_id: 256, trigger_script: 8564, state: 1 }
learned exit AreaKey { scene: 17, anchor: (1280, 512) } event=256 -> AreaKey { scene: 17, anchor: (1408, 512) }
marked destination touch VisitKey { scene: 17, area: (1408, 512), event_id: 257, trigger_script: 8572, state: 1 }
learned exit AreaKey { scene: 17, anchor: (1280, 512) } event=257 -> AreaKey { scene: 17, anchor: (1408, 512) }
area teleport in scene 17 at frame 8950: (1344, 560) -> (1440, 512)
target scene=17 area=(1408, 512) event=257 script=8572 mode=4 state=1 player=(1440, 512) pos=(1408, 528) path=2
learned targeted exit AreaKey { scene: 17, anchor: (1408, 512) } event=257 -> AreaKey { scene: 17, anchor: (1280, 512) }
marked destination touch VisitKey { scene: 17, area: (1280, 512), event_id: 257, trigger_script: 8569, state: 1 }
learned exit AreaKey { scene: 17, anchor: (1408, 512) } event=257 -> AreaKey { scene: 17, anchor: (1280, 512) }
area teleport in scene 17 at frame 8963: (1408, 528) -> (1328, 568)
target scene=17 area=(1280, 512) event=264 script=9576 mode=1 state=2 player=(1328, 568) pos=(1408, 432) path=40
marked destination touch VisitKey { scene: 17, area: (1408, 512), event_id: 256, trigger_script: 8564, state: 1 }
learned exit AreaKey { scene: 17, anchor: (1280, 512) } event=256 -> AreaKey { scene: 17, anchor: (1408, 512) }
marked destination touch VisitKey { scene: 17, area: (1408, 512), event_id: 257, trigger_script: 8572, state: 1 }
learned exit AreaKey { scene: 17, anchor: (1280, 512) } event=257 -> AreaKey { scene: 17, anchor: (1408, 512) }
area teleport in scene 17 at frame 9004: (1344, 560) -> (1440, 512)
target scene=17 area=(1408, 512) event=257 script=8572 mode=4 state=1 player=(1440, 512) pos=(1408, 528) path=2
learned targeted exit AreaKey { scene: 17, anchor: (1408, 512) } event=257 -> AreaKey { scene: 17, anchor: (1280, 512) }
marked destination touch VisitKey { scene: 17, area: (1280, 512), event_id: 257, trigger_script: 8569, state: 1 }
learned exit AreaKey { scene: 17, anchor: (1408, 512) } event=257 -> AreaKey { scene: 17, anchor: (1280, 512) }
area teleport in scene 17 at frame 9017: (1408, 528) -> (1328, 568)
target scene=17 area=(1280, 512) event=264 script=9576 mode=1 state=2 player=(1328, 568) pos=(1408, 432) path=40
marked destination touch VisitKey { scene: 17, area: (1408, 512), event_id: 256, trigger_script: 8564, state: 1 }
learned exit AreaKey { scene: 17, anchor: (1280, 512) } event=256 -> AreaKey { scene: 17, anchor: (1408, 512) }
marked destination touch VisitKey { scene: 17, area: (1408, 512), event_id: 257, trigger_script: 8572, state: 1 }
learned exit AreaKey { scene: 17, anchor: (1280, 512) } event=257 -> AreaKey { scene: 17, anchor: (1408, 512) }
area teleport in scene 17 at frame 9058: (1344, 560) -> (1440, 512)
target scene=17 area=(1408, 512) event=257 script=8572 mode=4 state=1 player=(1440, 512) pos=(1408, 528) path=2
learned targeted exit AreaKey { scene: 17, anchor: (1408, 512) } event=257 -> AreaKey { scene: 17, anchor: (1280, 512) }
marked destination touch VisitKey { scene: 17, area: (1280, 512), event_id: 257, trigger_script: 8569, state: 1 }
learned exit AreaKey { scene: 17, anchor: (1408, 512) } event=257 -> AreaKey { scene: 17, anchor: (1280, 512) }
area teleport in scene 17 at frame 9071: (1408, 528) -> (1328, 568)
target scene=17 area=(1280, 512) event=264 script=9576 mode=1 state=2 player=(1328, 568) pos=(1408, 432) path=40
marked destination touch VisitKey { scene: 17, area: (1408, 512), event_id: 256, trigger_script: 8564, state: 1 }
learned exit AreaKey { scene: 17, anchor: (1280, 512) } event=256 -> AreaKey { scene: 17, anchor: (1408, 512) }
marked destination touch VisitKey { scene: 17, area: (1408, 512), event_id: 257, trigger_script: 8572, state: 1 }
learned exit AreaKey { scene: 17, anchor: (1280, 512) } event=257 -> AreaKey { scene: 17, anchor: (1408, 512) }
area teleport in scene 17 at frame 9112: (1344, 560) -> (1440, 512)
target scene=17 area=(1408, 512) event=257 script=8572 mode=4 state=1 player=(1440, 512) pos=(1408, 528) path=2
learned targeted exit AreaKey { scene: 17, anchor: (1408, 512) } event=257 -> AreaKey { scene: 17, anchor: (1280, 512) }
marked destination touch VisitKey { scene: 17, area: (1280, 512), event_id: 257, trigger_script: 8569, state: 1 }
learned exit AreaKey { scene: 17, anchor: (1408, 512) } event=257 -> AreaKey { scene: 17, anchor: (1280, 512) }
area teleport in scene 17 at frame 9125: (1408, 528) -> (1328, 568)
target scene=17 area=(1280, 512) event=264 script=9576 mode=1 state=2 player=(1328, 568) pos=(1408, 432) path=40
marked destination touch VisitKey { scene: 17, area: (1408, 512), event_id: 256, trigger_script: 8564, state: 1 }
learned exit AreaKey { scene: 17, anchor: (1280, 512) } event=256 -> AreaKey { scene: 17, anchor: (1408, 512) }
marked destination touch VisitKey { scene: 17, area: (1408, 512), event_id: 257, trigger_script: 8572, state: 1 }
learned exit AreaKey { scene: 17, anchor: (1280, 512) } event=257 -> AreaKey { scene: 17, anchor: (1408, 512) }
area teleport in scene 17 at frame 9166: (1344, 560) -> (1440, 512)
target scene=17 area=(1408, 512) event=257 script=8572 mode=4 state=1 player=(1440, 512) pos=(1408, 528) path=2
learned targeted exit AreaKey { scene: 17, anchor: (1408, 512) } event=257 -> AreaKey { scene: 17, anchor: (1280, 512) }
marked destination touch VisitKey { scene: 17, area: (1280, 512), event_id: 257, trigger_script: 8569, state: 1 }
learned exit AreaKey { scene: 17, anchor: (1408, 512) } event=257 -> AreaKey { scene: 17, anchor: (1280, 512) }
area teleport in scene 17 at frame 9179: (1408, 528) -> (1328, 568)
target scene=17 area=(1280, 512) event=264 script=9576 mode=1 state=2 player=(1328, 568) pos=(1408, 432) path=40
marked destination touch VisitKey { scene: 17, area: (1408, 512), event_id: 256, trigger_script: 8564, state: 1 }
learned exit AreaKey { scene: 17, anchor: (1280, 512) } event=256 -> AreaKey { scene: 17, anchor: (1408, 512) }
marked destination touch VisitKey { scene: 17, area: (1408, 512), event_id: 257, trigger_script: 8572, state: 1 }
learned exit AreaKey { scene: 17, anchor: (1280, 512) } event=257 -> AreaKey { scene: 17, anchor: (1408, 512) }
area teleport in scene 17 at frame 9220: (1344, 560) -> (1440, 512)
target scene=17 area=(1408, 512) event=257 script=8572 mode=4 state=1 player=(1440, 512) pos=(1408, 528) path=2
learned targeted exit AreaKey { scene: 17, anchor: (1408, 512) } event=257 -> AreaKey { scene: 17, anchor: (1280, 512) }
marked destination touch VisitKey { scene: 17, area: (1280, 512), event_id: 257, trigger_script: 8569, state: 1 }
learned exit AreaKey { scene: 17, anchor: (1408, 512) } event=257 -> AreaKey { scene: 17, anchor: (1280, 512) }
area teleport in scene 17 at frame 9233: (1408, 528) -> (1328, 568)
target scene=17 area=(1280, 512) event=264 script=9576 mode=1 state=2 player=(1328, 568) pos=(1408, 432) path=40
marked destination touch VisitKey { scene: 17, area: (1408, 512), event_id: 256, trigger_script: 8564, state: 1 }
learned exit AreaKey { scene: 17, anchor: (1280, 512) } event=256 -> AreaKey { scene: 17, anchor: (1408, 512) }
marked destination touch VisitKey { scene: 17, area: (1408, 512), event_id: 257, trigger_script: 8572, state: 1 }
learned exit AreaKey { scene: 17, anchor: (1280, 512) } event=257 -> AreaKey { scene: 17, anchor: (1408, 512) }
area teleport in scene 17 at frame 9274: (1344, 560) -> (1440, 512)
target scene=17 area=(1408, 512) event=257 script=8572 mode=4 state=1 player=(1440, 512) pos=(1408, 528) path=2
learned targeted exit AreaKey { scene: 17, anchor: (1408, 512) } event=257 -> AreaKey { scene: 17, anchor: (1280, 512) }
marked destination touch VisitKey { scene: 17, area: (1280, 512), event_id: 257, trigger_script: 8569, state: 1 }
learned exit AreaKey { scene: 17, anchor: (1408, 512) } event=257 -> AreaKey { scene: 17, anchor: (1280, 512) }
area teleport in scene 17 at frame 9287: (1408, 528) -> (1328, 568)
target scene=17 area=(1280, 512) event=264 script=9576 mode=1 state=2 player=(1328, 568) pos=(1408, 432) path=40
marked destination touch VisitKey { scene: 17, area: (1408, 512), event_id: 256, trigger_script: 8564, state: 1 }
learned exit AreaKey { scene: 17, anchor: (1280, 512) } event=256 -> AreaKey { scene: 17, anchor: (1408, 512) }
marked destination touch VisitKey { scene: 17, area: (1408, 512), event_id: 257, trigger_script: 8572, state: 1 }
learned exit AreaKey { scene: 17, anchor: (1280, 512) } event=257 -> AreaKey { scene: 17, anchor: (1408, 512) }
area teleport in scene 17 at frame 9328: (1344, 560) -> (1440, 512)
target scene=17 area=(1408, 512) event=257 script=8572 mode=4 state=1 player=(1440, 512) pos=(1408, 528) path=2
learned targeted exit AreaKey { scene: 17, anchor: (1408, 512) } event=257 -> AreaKey { scene: 17, anchor: (1280, 512) }
marked destination touch VisitKey { scene: 17, area: (1280, 512), event_id: 257, trigger_script: 8569, state: 1 }
learned exit AreaKey { scene: 17, anchor: (1408, 512) } event=257 -> AreaKey { scene: 17, anchor: (1280, 512) }
area teleport in scene 17 at frame 9341: (1408, 528) -> (1328, 568)
target scene=17 area=(1280, 512) event=264 script=9576 mode=1 state=2 player=(1328, 568) pos=(1408, 432) path=40
marked destination touch VisitKey { scene: 17, area: (1408, 512), event_id: 256, trigger_script: 8564, state: 1 }
learned exit AreaKey { scene: 17, anchor: (1280, 512) } event=256 -> AreaKey { scene: 17, anchor: (1408, 512) }
marked destination touch VisitKey { scene: 17, area: (1408, 512), event_id: 257, trigger_script: 8572, state: 1 }
learned exit AreaKey { scene: 17, anchor: (1280, 512) } event=257 -> AreaKey { scene: 17, anchor: (1408, 512) }
area teleport in scene 17 at frame 9382: (1344, 560) -> (1440, 512)
target scene=17 area=(1408, 512) event=257 script=8572 mode=4 state=1 player=(1440, 512) pos=(1408, 528) path=2
learned targeted exit AreaKey { scene: 17, anchor: (1408, 512) } event=257 -> AreaKey { scene: 17, anchor: (1280, 512) }
marked destination touch VisitKey { scene: 17, area: (1280, 512), event_id: 257, trigger_script: 8569, state: 1 }
learned exit AreaKey { scene: 17, anchor: (1408, 512) } event=257 -> AreaKey { scene: 17, anchor: (1280, 512) }
area teleport in scene 17 at frame 9395: (1408, 528) -> (1328, 568)
target scene=17 area=(1280, 512) event=264 script=9576 mode=1 state=2 player=(1328, 568) pos=(1408, 432) path=40
marked destination touch VisitKey { scene: 17, area: (1408, 512), event_id: 256, trigger_script: 8564, state: 1 }
learned exit AreaKey { scene: 17, anchor: (1280, 512) } event=256 -> AreaKey { scene: 17, anchor: (1408, 512) }
marked destination touch VisitKey { scene: 17, area: (1408, 512), event_id: 257, trigger_script: 8572, state: 1 }
learned exit AreaKey { scene: 17, anchor: (1280, 512) } event=257 -> AreaKey { scene: 17, anchor: (1408, 512) }
area teleport in scene 17 at frame 9436: (1344, 560) -> (1440, 512)
target scene=17 area=(1408, 512) event=257 script=8572 mode=4 state=1 player=(1440, 512) pos=(1408, 528) path=2
learned targeted exit AreaKey { scene: 17, anchor: (1408, 512) } event=257 -> AreaKey { scene: 17, anchor: (1280, 512) }
marked destination touch VisitKey { scene: 17, area: (1280, 512), event_id: 257, trigger_script: 8569, state: 1 }
learned exit AreaKey { scene: 17, anchor: (1408, 512) } event=257 -> AreaKey { scene: 17, anchor: (1280, 512) }
area teleport in scene 17 at frame 9449: (1408, 528) -> (1328, 568)
target scene=17 area=(1280, 512) event=264 script=9576 mode=1 state=2 player=(1328, 568) pos=(1408, 432) path=40
marked destination touch VisitKey { scene: 17, area: (1408, 512), event_id: 256, trigger_script: 8564, state: 1 }
learned exit AreaKey { scene: 17, anchor: (1280, 512) } event=256 -> AreaKey { scene: 17, anchor: (1408, 512) }
marked destination touch VisitKey { scene: 17, area: (1408, 512), event_id: 257, trigger_script: 8572, state: 1 }
learned exit AreaKey { scene: 17, anchor: (1280, 512) } event=257 -> AreaKey { scene: 17, anchor: (1408, 512) }
area teleport in scene 17 at frame 9490: (1344, 560) -> (1440, 512)
target scene=17 area=(1408, 512) event=257 script=8572 mode=4 state=1 player=(1440, 512) pos=(1408, 528) path=2
learned targeted exit AreaKey { scene: 17, anchor: (1408, 512) } event=257 -> AreaKey { scene: 17, anchor: (1280, 512) }
marked destination touch VisitKey { scene: 17, area: (1280, 512), event_id: 257, trigger_script: 8569, state: 1 }
learned exit AreaKey { scene: 17, anchor: (1408, 512) } event=257 -> AreaKey { scene: 17, anchor: (1280, 512) }
area teleport in scene 17 at frame 9503: (1408, 528) -> (1328, 568)
target scene=17 area=(1280, 512) event=264 script=9576 mode=1 state=2 player=(1328, 568) pos=(1408, 432) path=40
marked destination touch VisitKey { scene: 17, area: (1408, 512), event_id: 256, trigger_script: 8564, state: 1 }
learned exit AreaKey { scene: 17, anchor: (1280, 512) } event=256 -> AreaKey { scene: 17, anchor: (1408, 512) }
marked destination touch VisitKey { scene: 17, area: (1408, 512), event_id: 257, trigger_script: 8572, state: 1 }
learned exit AreaKey { scene: 17, anchor: (1280, 512) } event=257 -> AreaKey { scene: 17, anchor: (1408, 512) }
area teleport in scene 17 at frame 9544: (1344, 560) -> (1440, 512)
target scene=17 area=(1408, 512) event=257 script=8572 mode=4 state=1 player=(1440, 512) pos=(1408, 528) path=2
learned targeted exit AreaKey { scene: 17, anchor: (1408, 512) } event=257 -> AreaKey { scene: 17, anchor: (1280, 512) }
marked destination touch VisitKey { scene: 17, area: (1280, 512), event_id: 257, trigger_script: 8569, state: 1 }
learned exit AreaKey { scene: 17, anchor: (1408, 512) } event=257 -> AreaKey { scene: 17, anchor: (1280, 512) }
area teleport in scene 17 at frame 9557: (1408, 528) -> (1328, 568)
target scene=17 area=(1280, 512) event=264 script=9576 mode=1 state=2 player=(1328, 568) pos=(1408, 432) path=40
marked destination touch VisitKey { scene: 17, area: (1408, 512), event_id: 256, trigger_script: 8564, state: 1 }
learned exit AreaKey { scene: 17, anchor: (1280, 512) } event=256 -> AreaKey { scene: 17, anchor: (1408, 512) }
marked destination touch VisitKey { scene: 17, area: (1408, 512), event_id: 257, trigger_script: 8572, state: 1 }
learned exit AreaKey { scene: 17, anchor: (1280, 512) } event=257 -> AreaKey { scene: 17, anchor: (1408, 512) }
area teleport in scene 17 at frame 9598: (1344, 560) -> (1440, 512)
target scene=17 area=(1408, 512) event=257 script=8572 mode=4 state=1 player=(1440, 512) pos=(1408, 528) path=2
learned targeted exit AreaKey { scene: 17, anchor: (1408, 512) } event=257 -> AreaKey { scene: 17, anchor: (1280, 512) }
marked destination touch VisitKey { scene: 17, area: (1280, 512), event_id: 257, trigger_script: 8569, state: 1 }
learned exit AreaKey { scene: 17, anchor: (1408, 512) } event=257 -> AreaKey { scene: 17, anchor: (1280, 512) }
area teleport in scene 17 at frame 9611: (1408, 528) -> (1328, 568)
target scene=17 area=(1280, 512) event=264 script=9576 mode=1 state=2 player=(1328, 568) pos=(1408, 432) path=40
marked destination touch VisitKey { scene: 17, area: (1408, 512), event_id: 256, trigger_script: 8564, state: 1 }
learned exit AreaKey { scene: 17, anchor: (1280, 512) } event=256 -> AreaKey { scene: 17, anchor: (1408, 512) }
marked destination touch VisitKey { scene: 17, area: (1408, 512), event_id: 257, trigger_script: 8572, state: 1 }
learned exit AreaKey { scene: 17, anchor: (1280, 512) } event=257 -> AreaKey { scene: 17, anchor: (1408, 512) }
area teleport in scene 17 at frame 9652: (1344, 560) -> (1440, 512)
target scene=17 area=(1408, 512) event=257 script=8572 mode=4 state=1 player=(1440, 512) pos=(1408, 528) path=2
learned targeted exit AreaKey { scene: 17, anchor: (1408, 512) } event=257 -> AreaKey { scene: 17, anchor: (1280, 512) }
marked destination touch VisitKey { scene: 17, area: (1280, 512), event_id: 257, trigger_script: 8569, state: 1 }
learned exit AreaKey { scene: 17, anchor: (1408, 512) } event=257 -> AreaKey { scene: 17, anchor: (1280, 512) }
area teleport in scene 17 at frame 9665: (1408, 528) -> (1328, 568)
target scene=17 area=(1280, 512) event=264 script=9576 mode=1 state=2 player=(1328, 568) pos=(1408, 432) path=40
marked destination touch VisitKey { scene: 17, area: (1408, 512), event_id: 256, trigger_script: 8564, state: 1 }
learned exit AreaKey { scene: 17, anchor: (1280, 512) } event=256 -> AreaKey { scene: 17, anchor: (1408, 512) }
marked destination touch VisitKey { scene: 17, area: (1408, 512), event_id: 257, trigger_script: 8572, state: 1 }
learned exit AreaKey { scene: 17, anchor: (1280, 512) } event=257 -> AreaKey { scene: 17, anchor: (1408, 512) }
area teleport in scene 17 at frame 9706: (1344, 560) -> (1440, 512)
target scene=17 area=(1408, 512) event=257 script=8572 mode=4 state=1 player=(1440, 512) pos=(1408, 528) path=2
learned targeted exit AreaKey { scene: 17, anchor: (1408, 512) } event=257 -> AreaKey { scene: 17, anchor: (1280, 512) }
marked destination touch VisitKey { scene: 17, area: (1280, 512), event_id: 257, trigger_script: 8569, state: 1 }
learned exit AreaKey { scene: 17, anchor: (1408, 512) } event=257 -> AreaKey { scene: 17, anchor: (1280, 512) }
area teleport in scene 17 at frame 9719: (1408, 528) -> (1328, 568)
target scene=17 area=(1280, 512) event=264 script=9576 mode=1 state=2 player=(1328, 568) pos=(1408, 432) path=40
marked destination touch VisitKey { scene: 17, area: (1408, 512), event_id: 256, trigger_script: 8564, state: 1 }
learned exit AreaKey { scene: 17, anchor: (1280, 512) } event=256 -> AreaKey { scene: 17, anchor: (1408, 512) }
marked destination touch VisitKey { scene: 17, area: (1408, 512), event_id: 257, trigger_script: 8572, state: 1 }
learned exit AreaKey { scene: 17, anchor: (1280, 512) } event=257 -> AreaKey { scene: 17, anchor: (1408, 512) }
area teleport in scene 17 at frame 9760: (1344, 560) -> (1440, 512)
target scene=17 area=(1408, 512) event=257 script=8572 mode=4 state=1 player=(1440, 512) pos=(1408, 528) path=2
learned targeted exit AreaKey { scene: 17, anchor: (1408, 512) } event=257 -> AreaKey { scene: 17, anchor: (1280, 512) }
marked destination touch VisitKey { scene: 17, area: (1280, 512), event_id: 257, trigger_script: 8569, state: 1 }
learned exit AreaKey { scene: 17, anchor: (1408, 512) } event=257 -> AreaKey { scene: 17, anchor: (1280, 512) }
area teleport in scene 17 at frame 9773: (1408, 528) -> (1328, 568)
target scene=17 area=(1280, 512) event=264 script=9576 mode=1 state=2 player=(1328, 568) pos=(1408, 432) path=40
marked destination touch VisitKey { scene: 17, area: (1408, 512), event_id: 256, trigger_script: 8564, state: 1 }
learned exit AreaKey { scene: 17, anchor: (1280, 512) } event=256 -> AreaKey { scene: 17, anchor: (1408, 512) }
marked destination touch VisitKey { scene: 17, area: (1408, 512), event_id: 257, trigger_script: 8572, state: 1 }
learned exit AreaKey { scene: 17, anchor: (1280, 512) } event=257 -> AreaKey { scene: 17, anchor: (1408, 512) }
area teleport in scene 17 at frame 9814: (1344, 560) -> (1440, 512)
target scene=17 area=(1408, 512) event=257 script=8572 mode=4 state=1 player=(1440, 512) pos=(1408, 528) path=2
learned targeted exit AreaKey { scene: 17, anchor: (1408, 512) } event=257 -> AreaKey { scene: 17, anchor: (1280, 512) }
marked destination touch VisitKey { scene: 17, area: (1280, 512), event_id: 257, trigger_script: 8569, state: 1 }
learned exit AreaKey { scene: 17, anchor: (1408, 512) } event=257 -> AreaKey { scene: 17, anchor: (1280, 512) }
area teleport in scene 17 at frame 9827: (1408, 528) -> (1328, 568)
target scene=17 area=(1280, 512) event=264 script=9576 mode=1 state=2 player=(1328, 568) pos=(1408, 432) path=40
marked destination touch VisitKey { scene: 17, area: (1408, 512), event_id: 256, trigger_script: 8564, state: 1 }
learned exit AreaKey { scene: 17, anchor: (1280, 512) } event=256 -> AreaKey { scene: 17, anchor: (1408, 512) }
marked destination touch VisitKey { scene: 17, area: (1408, 512), event_id: 257, trigger_script: 8572, state: 1 }
learned exit AreaKey { scene: 17, anchor: (1280, 512) } event=257 -> AreaKey { scene: 17, anchor: (1408, 512) }
area teleport in scene 17 at frame 9868: (1344, 560) -> (1440, 512)
target scene=17 area=(1408, 512) event=257 script=8572 mode=4 state=1 player=(1440, 512) pos=(1408, 528) path=2
learned targeted exit AreaKey { scene: 17, anchor: (1408, 512) } event=257 -> AreaKey { scene: 17, anchor: (1280, 512) }
marked destination touch VisitKey { scene: 17, area: (1280, 512), event_id: 257, trigger_script: 8569, state: 1 }
learned exit AreaKey { scene: 17, anchor: (1408, 512) } event=257 -> AreaKey { scene: 17, anchor: (1280, 512) }
area teleport in scene 17 at frame 9881: (1408, 528) -> (1328, 568)
target scene=17 area=(1280, 512) event=264 script=9576 mode=1 state=2 player=(1328, 568) pos=(1408, 432) path=40
marked destination touch VisitKey { scene: 17, area: (1408, 512), event_id: 256, trigger_script: 8564, state: 1 }
learned exit AreaKey { scene: 17, anchor: (1280, 512) } event=256 -> AreaKey { scene: 17, anchor: (1408, 512) }
marked destination touch VisitKey { scene: 17, area: (1408, 512), event_id: 257, trigger_script: 8572, state: 1 }
learned exit AreaKey { scene: 17, anchor: (1280, 512) } event=257 -> AreaKey { scene: 17, anchor: (1408, 512) }
area teleport in scene 17 at frame 9922: (1344, 560) -> (1440, 512)
target scene=17 area=(1408, 512) event=257 script=8572 mode=4 state=1 player=(1440, 512) pos=(1408, 528) path=2
learned targeted exit AreaKey { scene: 17, anchor: (1408, 512) } event=257 -> AreaKey { scene: 17, anchor: (1280, 512) }
marked destination touch VisitKey { scene: 17, area: (1280, 512), event_id: 257, trigger_script: 8569, state: 1 }
learned exit AreaKey { scene: 17, anchor: (1408, 512) } event=257 -> AreaKey { scene: 17, anchor: (1280, 512) }
area teleport in scene 17 at frame 9935: (1408, 528) -> (1328, 568)
target scene=17 area=(1280, 512) event=264 script=9576 mode=1 state=2 player=(1328, 568) pos=(1408, 432) path=40
marked destination touch VisitKey { scene: 17, area: (1408, 512), event_id: 256, trigger_script: 8564, state: 1 }
learned exit AreaKey { scene: 17, anchor: (1280, 512) } event=256 -> AreaKey { scene: 17, anchor: (1408, 512) }
marked destination touch VisitKey { scene: 17, area: (1408, 512), event_id: 257, trigger_script: 8572, state: 1 }
learned exit AreaKey { scene: 17, anchor: (1280, 512) } event=257 -> AreaKey { scene: 17, anchor: (1408, 512) }
area teleport in scene 17 at frame 9976: (1344, 560) -> (1440, 512)
target scene=17 area=(1408, 512) event=257 script=8572 mode=4 state=1 player=(1440, 512) pos=(1408, 528) path=2
learned targeted exit AreaKey { scene: 17, anchor: (1408, 512) } event=257 -> AreaKey { scene: 17, anchor: (1280, 512) }
marked destination touch VisitKey { scene: 17, area: (1280, 512), event_id: 257, trigger_script: 8569, state: 1 }
learned exit AreaKey { scene: 17, anchor: (1408, 512) } event=257 -> AreaKey { scene: 17, anchor: (1280, 512) }
area teleport in scene 17 at frame 9989: (1408, 528) -> (1328, 568)
target scene=17 area=(1280, 512) event=264 script=9576 mode=1 state=2 player=(1328, 568) pos=(1408, 432) path=40
marked destination touch VisitKey { scene: 17, area: (1408, 512), event_id: 256, trigger_script: 8564, state: 1 }
learned exit AreaKey { scene: 17, anchor: (1280, 512) } event=256 -> AreaKey { scene: 17, anchor: (1408, 512) }
marked destination touch VisitKey { scene: 17, area: (1408, 512), event_id: 257, trigger_script: 8572, state: 1 }
learned exit AreaKey { scene: 17, anchor: (1280, 512) } event=257 -> AreaKey { scene: 17, anchor: (1408, 512) }
area teleport in scene 17 at frame 10030: (1344, 560) -> (1440, 512)
target scene=17 area=(1408, 512) event=257 script=8572 mode=4 state=1 player=(1440, 512) pos=(1408, 528) path=2
learned targeted exit AreaKey { scene: 17, anchor: (1408, 512) } event=257 -> AreaKey { scene: 17, anchor: (1280, 512) }
marked destination touch VisitKey { scene: 17, area: (1280, 512), event_id: 257, trigger_script: 8569, state: 1 }
learned exit AreaKey { scene: 17, anchor: (1408, 512) } event=257 -> AreaKey { scene: 17, anchor: (1280, 512) }
area teleport in scene 17 at frame 10043: (1408, 528) -> (1328, 568)
target scene=17 area=(1280, 512) event=264 script=9576 mode=1 state=2 player=(1328, 568) pos=(1408, 432) path=40
marked destination touch VisitKey { scene: 17, area: (1408, 512), event_id: 256, trigger_script: 8564, state: 1 }
learned exit AreaKey { scene: 17, anchor: (1280, 512) } event=256 -> AreaKey { scene: 17, anchor: (1408, 512) }
marked destination touch VisitKey { scene: 17, area: (1408, 512), event_id: 257, trigger_script: 8572, state: 1 }
learned exit AreaKey { scene: 17, anchor: (1280, 512) } event=257 -> AreaKey { scene: 17, anchor: (1408, 512) }
area teleport in scene 17 at frame 10084: (1344, 560) -> (1440, 512)
target scene=17 area=(1408, 512) event=257 script=8572 mode=4 state=1 player=(1440, 512) pos=(1408, 528) path=2
learned targeted exit AreaKey { scene: 17, anchor: (1408, 512) } event=257 -> AreaKey { scene: 17, anchor: (1280, 512) }
marked destination touch VisitKey { scene: 17, area: (1280, 512), event_id: 257, trigger_script: 8569, state: 1 }
learned exit AreaKey { scene: 17, anchor: (1408, 512) } event=257 -> AreaKey { scene: 17, anchor: (1280, 512) }
area teleport in scene 17 at frame 10097: (1408, 528) -> (1328, 568)
target scene=17 area=(1280, 512) event=264 script=9576 mode=1 state=2 player=(1328, 568) pos=(1408, 432) path=40
marked destination touch VisitKey { scene: 17, area: (1408, 512), event_id: 256, trigger_script: 8564, state: 1 }
learned exit AreaKey { scene: 17, anchor: (1280, 512) } event=256 -> AreaKey { scene: 17, anchor: (1408, 512) }
marked destination touch VisitKey { scene: 17, area: (1408, 512), event_id: 257, trigger_script: 8572, state: 1 }
learned exit AreaKey { scene: 17, anchor: (1280, 512) } event=257 -> AreaKey { scene: 17, anchor: (1408, 512) }
area teleport in scene 17 at frame 10138: (1344, 560) -> (1440, 512)
target scene=17 area=(1408, 512) event=257 script=8572 mode=4 state=1 player=(1440, 512) pos=(1408, 528) path=2
learned targeted exit AreaKey { scene: 17, anchor: (1408, 512) } event=257 -> AreaKey { scene: 17, anchor: (1280, 512) }
marked destination touch VisitKey { scene: 17, area: (1280, 512), event_id: 257, trigger_script: 8569, state: 1 }
learned exit AreaKey { scene: 17, anchor: (1408, 512) } event=257 -> AreaKey { scene: 17, anchor: (1280, 512) }
area teleport in scene 17 at frame 10151: (1408, 528) -> (1328, 568)
target scene=17 area=(1280, 512) event=264 script=9576 mode=1 state=2 player=(1328, 568) pos=(1408, 432) path=40
marked destination touch VisitKey { scene: 17, area: (1408, 512), event_id: 256, trigger_script: 8564, state: 1 }
learned exit AreaKey { scene: 17, anchor: (1280, 512) } event=256 -> AreaKey { scene: 17, anchor: (1408, 512) }
marked destination touch VisitKey { scene: 17, area: (1408, 512), event_id: 257, trigger_script: 8572, state: 1 }
learned exit AreaKey { scene: 17, anchor: (1280, 512) } event=257 -> AreaKey { scene: 17, anchor: (1408, 512) }
area teleport in scene 17 at frame 10192: (1344, 560) -> (1440, 512)
target scene=17 area=(1408, 512) event=257 script=8572 mode=4 state=1 player=(1440, 512) pos=(1408, 528) path=2
learned targeted exit AreaKey { scene: 17, anchor: (1408, 512) } event=257 -> AreaKey { scene: 17, anchor: (1280, 512) }
marked destination touch VisitKey { scene: 17, area: (1280, 512), event_id: 257, trigger_script: 8569, state: 1 }
learned exit AreaKey { scene: 17, anchor: (1408, 512) } event=257 -> AreaKey { scene: 17, anchor: (1280, 512) }
area teleport in scene 17 at frame 10205: (1408, 528) -> (1328, 568)
target scene=17 area=(1280, 512) event=264 script=9576 mode=1 state=2 player=(1328, 568) pos=(1408, 432) path=40
marked destination touch VisitKey { scene: 17, area: (1408, 512), event_id: 256, trigger_script: 8564, state: 1 }
learned exit AreaKey { scene: 17, anchor: (1280, 512) } event=256 -> AreaKey { scene: 17, anchor: (1408, 512) }
marked destination touch VisitKey { scene: 17, area: (1408, 512), event_id: 257, trigger_script: 8572, state: 1 }
learned exit AreaKey { scene: 17, anchor: (1280, 512) } event=257 -> AreaKey { scene: 17, anchor: (1408, 512) }
area teleport in scene 17 at frame 10246: (1344, 560) -> (1440, 512)
target scene=17 area=(1408, 512) event=257 script=8572 mode=4 state=1 player=(1440, 512) pos=(1408, 528) path=2
learned targeted exit AreaKey { scene: 17, anchor: (1408, 512) } event=257 -> AreaKey { scene: 17, anchor: (1280, 512) }
marked destination touch VisitKey { scene: 17, area: (1280, 512), event_id: 257, trigger_script: 8569, state: 1 }
learned exit AreaKey { scene: 17, anchor: (1408, 512) } event=257 -> AreaKey { scene: 17, anchor: (1280, 512) }
area teleport in scene 17 at frame 10259: (1408, 528) -> (1328, 568)
target scene=17 area=(1280, 512) event=264 script=9576 mode=1 state=2 player=(1328, 568) pos=(1408, 432) path=40
marked destination touch VisitKey { scene: 17, area: (1408, 512), event_id: 256, trigger_script: 8564, state: 1 }
learned exit AreaKey { scene: 17, anchor: (1280, 512) } event=256 -> AreaKey { scene: 17, anchor: (1408, 512) }
marked destination touch VisitKey { scene: 17, area: (1408, 512), event_id: 257, trigger_script: 8572, state: 1 }
learned exit AreaKey { scene: 17, anchor: (1280, 512) } event=257 -> AreaKey { scene: 17, anchor: (1408, 512) }
area teleport in scene 17 at frame 10300: (1344, 560) -> (1440, 512)
target scene=17 area=(1408, 512) event=257 script=8572 mode=4 state=1 player=(1440, 512) pos=(1408, 528) path=2
learned targeted exit AreaKey { scene: 17, anchor: (1408, 512) } event=257 -> AreaKey { scene: 17, anchor: (1280, 512) }
marked destination touch VisitKey { scene: 17, area: (1280, 512), event_id: 257, trigger_script: 8569, state: 1 }
learned exit AreaKey { scene: 17, anchor: (1408, 512) } event=257 -> AreaKey { scene: 17, anchor: (1280, 512) }
area teleport in scene 17 at frame 10313: (1408, 528) -> (1328, 568)
target scene=17 area=(1280, 512) event=264 script=9576 mode=1 state=2 player=(1328, 568) pos=(1408, 432) path=40
marked destination touch VisitKey { scene: 17, area: (1408, 512), event_id: 256, trigger_script: 8564, state: 1 }
learned exit AreaKey { scene: 17, anchor: (1280, 512) } event=256 -> AreaKey { scene: 17, anchor: (1408, 512) }
marked destination touch VisitKey { scene: 17, area: (1408, 512), event_id: 257, trigger_script: 8572, state: 1 }
learned exit AreaKey { scene: 17, anchor: (1280, 512) } event=257 -> AreaKey { scene: 17, anchor: (1408, 512) }
area teleport in scene 17 at frame 10354: (1344, 560) -> (1440, 512)
target scene=17 area=(1408, 512) event=257 script=8572 mode=4 state=1 player=(1440, 512) pos=(1408, 528) path=2
learned targeted exit AreaKey { scene: 17, anchor: (1408, 512) } event=257 -> AreaKey { scene: 17, anchor: (1280, 512) }
marked destination touch VisitKey { scene: 17, area: (1280, 512), event_id: 257, trigger_script: 8569, state: 1 }
learned exit AreaKey { scene: 17, anchor: (1408, 512) } event=257 -> AreaKey { scene: 17, anchor: (1280, 512) }
area teleport in scene 17 at frame 10367: (1408, 528) -> (1328, 568)
target scene=17 area=(1280, 512) event=264 script=9576 mode=1 state=2 player=(1328, 568) pos=(1408, 432) path=40
marked destination touch VisitKey { scene: 17, area: (1408, 512), event_id: 256, trigger_script: 8564, state: 1 }
learned exit AreaKey { scene: 17, anchor: (1280, 512) } event=256 -> AreaKey { scene: 17, anchor: (1408, 512) }
marked destination touch VisitKey { scene: 17, area: (1408, 512), event_id: 257, trigger_script: 8572, state: 1 }
learned exit AreaKey { scene: 17, anchor: (1280, 512) } event=257 -> AreaKey { scene: 17, anchor: (1408, 512) }
area teleport in scene 17 at frame 10408: (1344, 560) -> (1440, 512)
target scene=17 area=(1408, 512) event=257 script=8572 mode=4 state=1 player=(1440, 512) pos=(1408, 528) path=2
learned targeted exit AreaKey { scene: 17, anchor: (1408, 512) } event=257 -> AreaKey { scene: 17, anchor: (1280, 512) }
marked destination touch VisitKey { scene: 17, area: (1280, 512), event_id: 257, trigger_script: 8569, state: 1 }
learned exit AreaKey { scene: 17, anchor: (1408, 512) } event=257 -> AreaKey { scene: 17, anchor: (1280, 512) }
area teleport in scene 17 at frame 10421: (1408, 528) -> (1328, 568)
target scene=17 area=(1280, 512) event=264 script=9576 mode=1 state=2 player=(1328, 568) pos=(1408, 432) path=40
marked destination touch VisitKey { scene: 17, area: (1408, 512), event_id: 256, trigger_script: 8564, state: 1 }
learned exit AreaKey { scene: 17, anchor: (1280, 512) } event=256 -> AreaKey { scene: 17, anchor: (1408, 512) }
marked destination touch VisitKey { scene: 17, area: (1408, 512), event_id: 257, trigger_script: 8572, state: 1 }
learned exit AreaKey { scene: 17, anchor: (1280, 512) } event=257 -> AreaKey { scene: 17, anchor: (1408, 512) }
area teleport in scene 17 at frame 10462: (1344, 560) -> (1440, 512)
target scene=17 area=(1408, 512) event=257 script=8572 mode=4 state=1 player=(1440, 512) pos=(1408, 528) path=2
learned targeted exit AreaKey { scene: 17, anchor: (1408, 512) } event=257 -> AreaKey { scene: 17, anchor: (1280, 512) }
marked destination touch VisitKey { scene: 17, area: (1280, 512), event_id: 257, trigger_script: 8569, state: 1 }
learned exit AreaKey { scene: 17, anchor: (1408, 512) } event=257 -> AreaKey { scene: 17, anchor: (1280, 512) }
area teleport in scene 17 at frame 10475: (1408, 528) -> (1328, 568)
target scene=17 area=(1280, 512) event=264 script=9576 mode=1 state=2 player=(1328, 568) pos=(1408, 432) path=40
marked destination touch VisitKey { scene: 17, area: (1408, 512), event_id: 256, trigger_script: 8564, state: 1 }
learned exit AreaKey { scene: 17, anchor: (1280, 512) } event=256 -> AreaKey { scene: 17, anchor: (1408, 512) }
marked destination touch VisitKey { scene: 17, area: (1408, 512), event_id: 257, trigger_script: 8572, state: 1 }
learned exit AreaKey { scene: 17, anchor: (1280, 512) } event=257 -> AreaKey { scene: 17, anchor: (1408, 512) }
area teleport in scene 17 at frame 10516: (1344, 560) -> (1440, 512)
target scene=17 area=(1408, 512) event=257 script=8572 mode=4 state=1 player=(1440, 512) pos=(1408, 528) path=2
learned targeted exit AreaKey { scene: 17, anchor: (1408, 512) } event=257 -> AreaKey { scene: 17, anchor: (1280, 512) }
marked destination touch VisitKey { scene: 17, area: (1280, 512), event_id: 257, trigger_script: 8569, state: 1 }
learned exit AreaKey { scene: 17, anchor: (1408, 512) } event=257 -> AreaKey { scene: 17, anchor: (1280, 512) }
area teleport in scene 17 at frame 10529: (1408, 528) -> (1328, 568)
target scene=17 area=(1280, 512) event=264 script=9576 mode=1 state=2 player=(1328, 568) pos=(1408, 432) path=40
marked destination touch VisitKey { scene: 17, area: (1408, 512), event_id: 256, trigger_script: 8564, state: 1 }
learned exit AreaKey { scene: 17, anchor: (1280, 512) } event=256 -> AreaKey { scene: 17, anchor: (1408, 512) }
marked destination touch VisitKey { scene: 17, area: (1408, 512), event_id: 257, trigger_script: 8572, state: 1 }
learned exit AreaKey { scene: 17, anchor: (1280, 512) } event=257 -> AreaKey { scene: 17, anchor: (1408, 512) }
area teleport in scene 17 at frame 10570: (1344, 560) -> (1440, 512)
target scene=17 area=(1408, 512) event=257 script=8572 mode=4 state=1 player=(1440, 512) pos=(1408, 528) path=2
learned targeted exit AreaKey { scene: 17, anchor: (1408, 512) } event=257 -> AreaKey { scene: 17, anchor: (1280, 512) }
marked destination touch VisitKey { scene: 17, area: (1280, 512), event_id: 257, trigger_script: 8569, state: 1 }
learned exit AreaKey { scene: 17, anchor: (1408, 512) } event=257 -> AreaKey { scene: 17, anchor: (1280, 512) }
area teleport in scene 17 at frame 10583: (1408, 528) -> (1328, 568)
target scene=17 area=(1280, 512) event=264 script=9576 mode=1 state=2 player=(1328, 568) pos=(1408, 432) path=40
marked destination touch VisitKey { scene: 17, area: (1408, 512), event_id: 256, trigger_script: 8564, state: 1 }
learned exit AreaKey { scene: 17, anchor: (1280, 512) } event=256 -> AreaKey { scene: 17, anchor: (1408, 512) }
marked destination touch VisitKey { scene: 17, area: (1408, 512), event_id: 257, trigger_script: 8572, state: 1 }
learned exit AreaKey { scene: 17, anchor: (1280, 512) } event=257 -> AreaKey { scene: 17, anchor: (1408, 512) }
area teleport in scene 17 at frame 10624: (1344, 560) -> (1440, 512)
target scene=17 area=(1408, 512) event=257 script=8572 mode=4 state=1 player=(1440, 512) pos=(1408, 528) path=2
learned targeted exit AreaKey { scene: 17, anchor: (1408, 512) } event=257 -> AreaKey { scene: 17, anchor: (1280, 512) }
marked destination touch VisitKey { scene: 17, area: (1280, 512), event_id: 257, trigger_script: 8569, state: 1 }
learned exit AreaKey { scene: 17, anchor: (1408, 512) } event=257 -> AreaKey { scene: 17, anchor: (1280, 512) }
area teleport in scene 17 at frame 10637: (1408, 528) -> (1328, 568)
target scene=17 area=(1280, 512) event=264 script=9576 mode=1 state=2 player=(1328, 568) pos=(1408, 432) path=40
marked destination touch VisitKey { scene: 17, area: (1408, 512), event_id: 256, trigger_script: 8564, state: 1 }
learned exit AreaKey { scene: 17, anchor: (1280, 512) } event=256 -> AreaKey { scene: 17, anchor: (1408, 512) }
marked destination touch VisitKey { scene: 17, area: (1408, 512), event_id: 257, trigger_script: 8572, state: 1 }
learned exit AreaKey { scene: 17, anchor: (1280, 512) } event=257 -> AreaKey { scene: 17, anchor: (1408, 512) }
area teleport in scene 17 at frame 10678: (1344, 560) -> (1440, 512)
target scene=17 area=(1408, 512) event=257 script=8572 mode=4 state=1 player=(1440, 512) pos=(1408, 528) path=2
learned targeted exit AreaKey { scene: 17, anchor: (1408, 512) } event=257 -> AreaKey { scene: 17, anchor: (1280, 512) }
marked destination touch VisitKey { scene: 17, area: (1280, 512), event_id: 257, trigger_script: 8569, state: 1 }
learned exit AreaKey { scene: 17, anchor: (1408, 512) } event=257 -> AreaKey { scene: 17, anchor: (1280, 512) }
area teleport in scene 17 at frame 10691: (1408, 528) -> (1328, 568)
target scene=17 area=(1280, 512) event=264 script=9576 mode=1 state=2 player=(1328, 568) pos=(1408, 432) path=40
marked destination touch VisitKey { scene: 17, area: (1408, 512), event_id: 256, trigger_script: 8564, state: 1 }
learned exit AreaKey { scene: 17, anchor: (1280, 512) } event=256 -> AreaKey { scene: 17, anchor: (1408, 512) }
marked destination touch VisitKey { scene: 17, area: (1408, 512), event_id: 257, trigger_script: 8572, state: 1 }
learned exit AreaKey { scene: 17, anchor: (1280, 512) } event=257 -> AreaKey { scene: 17, anchor: (1408, 512) }
area teleport in scene 17 at frame 10732: (1344, 560) -> (1440, 512)
target scene=17 area=(1408, 512) event=257 script=8572 mode=4 state=1 player=(1440, 512) pos=(1408, 528) path=2
learned targeted exit AreaKey { scene: 17, anchor: (1408, 512) } event=257 -> AreaKey { scene: 17, anchor: (1280, 512) }
marked destination touch VisitKey { scene: 17, area: (1280, 512), event_id: 257, trigger_script: 8569, state: 1 }
learned exit AreaKey { scene: 17, anchor: (1408, 512) } event=257 -> AreaKey { scene: 17, anchor: (1280, 512) }
area teleport in scene 17 at frame 10745: (1408, 528) -> (1328, 568)
target scene=17 area=(1280, 512) event=264 script=9576 mode=1 state=2 player=(1328, 568) pos=(1408, 432) path=40
marked destination touch VisitKey { scene: 17, area: (1408, 512), event_id: 256, trigger_script: 8564, state: 1 }
learned exit AreaKey { scene: 17, anchor: (1280, 512) } event=256 -> AreaKey { scene: 17, anchor: (1408, 512) }
marked destination touch VisitKey { scene: 17, area: (1408, 512), event_id: 257, trigger_script: 8572, state: 1 }
learned exit AreaKey { scene: 17, anchor: (1280, 512) } event=257 -> AreaKey { scene: 17, anchor: (1408, 512) }
area teleport in scene 17 at frame 10786: (1344, 560) -> (1440, 512)
target scene=17 area=(1408, 512) event=257 script=8572 mode=4 state=1 player=(1440, 512) pos=(1408, 528) path=2
learned targeted exit AreaKey { scene: 17, anchor: (1408, 512) } event=257 -> AreaKey { scene: 17, anchor: (1280, 512) }
marked destination touch VisitKey { scene: 17, area: (1280, 512), event_id: 257, trigger_script: 8569, state: 1 }
learned exit AreaKey { scene: 17, anchor: (1408, 512) } event=257 -> AreaKey { scene: 17, anchor: (1280, 512) }
area teleport in scene 17 at frame 10799: (1408, 528) -> (1328, 568)
target scene=17 area=(1280, 512) event=264 script=9576 mode=1 state=2 player=(1328, 568) pos=(1408, 432) path=40
marked destination touch VisitKey { scene: 17, area: (1408, 512), event_id: 256, trigger_script: 8564, state: 1 }
learned exit AreaKey { scene: 17, anchor: (1280, 512) } event=256 -> AreaKey { scene: 17, anchor: (1408, 512) }
marked destination touch VisitKey { scene: 17, area: (1408, 512), event_id: 257, trigger_script: 8572, state: 1 }
learned exit AreaKey { scene: 17, anchor: (1280, 512) } event=257 -> AreaKey { scene: 17, anchor: (1408, 512) }
area teleport in scene 17 at frame 10840: (1344, 560) -> (1440, 512)
target scene=17 area=(1408, 512) event=257 script=8572 mode=4 state=1 player=(1440, 512) pos=(1408, 528) path=2
learned targeted exit AreaKey { scene: 17, anchor: (1408, 512) } event=257 -> AreaKey { scene: 17, anchor: (1280, 512) }
marked destination touch VisitKey { scene: 17, area: (1280, 512), event_id: 257, trigger_script: 8569, state: 1 }
learned exit AreaKey { scene: 17, anchor: (1408, 512) } event=257 -> AreaKey { scene: 17, anchor: (1280, 512) }
area teleport in scene 17 at frame 10853: (1408, 528) -> (1328, 568)
target scene=17 area=(1280, 512) event=264 script=9576 mode=1 state=2 player=(1328, 568) pos=(1408, 432) path=40
marked destination touch VisitKey { scene: 17, area: (1408, 512), event_id: 256, trigger_script: 8564, state: 1 }
learned exit AreaKey { scene: 17, anchor: (1280, 512) } event=256 -> AreaKey { scene: 17, anchor: (1408, 512) }
marked destination touch VisitKey { scene: 17, area: (1408, 512), event_id: 257, trigger_script: 8572, state: 1 }
learned exit AreaKey { scene: 17, anchor: (1280, 512) } event=257 -> AreaKey { scene: 17, anchor: (1408, 512) }
area teleport in scene 17 at frame 10894: (1344, 560) -> (1440, 512)
target scene=17 area=(1408, 512) event=257 script=8572 mode=4 state=1 player=(1440, 512) pos=(1408, 528) path=2
learned targeted exit AreaKey { scene: 17, anchor: (1408, 512) } event=257 -> AreaKey { scene: 17, anchor: (1280, 512) }
marked destination touch VisitKey { scene: 17, area: (1280, 512), event_id: 257, trigger_script: 8569, state: 1 }
learned exit AreaKey { scene: 17, anchor: (1408, 512) } event=257 -> AreaKey { scene: 17, anchor: (1280, 512) }
area teleport in scene 17 at frame 10907: (1408, 528) -> (1328, 568)
target scene=17 area=(1280, 512) event=264 script=9576 mode=1 state=2 player=(1328, 568) pos=(1408, 432) path=40
marked destination touch VisitKey { scene: 17, area: (1408, 512), event_id: 256, trigger_script: 8564, state: 1 }
learned exit AreaKey { scene: 17, anchor: (1280, 512) } event=256 -> AreaKey { scene: 17, anchor: (1408, 512) }
marked destination touch VisitKey { scene: 17, area: (1408, 512), event_id: 257, trigger_script: 8572, state: 1 }
learned exit AreaKey { scene: 17, anchor: (1280, 512) } event=257 -> AreaKey { scene: 17, anchor: (1408, 512) }
area teleport in scene 17 at frame 10948: (1344, 560) -> (1440, 512)
target scene=17 area=(1408, 512) event=257 script=8572 mode=4 state=1 player=(1440, 512) pos=(1408, 528) path=2
learned targeted exit AreaKey { scene: 17, anchor: (1408, 512) } event=257 -> AreaKey { scene: 17, anchor: (1280, 512) }
marked destination touch VisitKey { scene: 17, area: (1280, 512), event_id: 257, trigger_script: 8569, state: 1 }
learned exit AreaKey { scene: 17, anchor: (1408, 512) } event=257 -> AreaKey { scene: 17, anchor: (1280, 512) }
area teleport in scene 17 at frame 10961: (1408, 528) -> (1328, 568)
target scene=17 area=(1280, 512) event=264 script=9576 mode=1 state=2 player=(1328, 568) pos=(1408, 432) path=40
marked destination touch VisitKey { scene: 17, area: (1408, 512), event_id: 256, trigger_script: 8564, state: 1 }
learned exit AreaKey { scene: 17, anchor: (1280, 512) } event=256 -> AreaKey { scene: 17, anchor: (1408, 512) }
marked destination touch VisitKey { scene: 17, area: (1408, 512), event_id: 257, trigger_script: 8572, state: 1 }
learned exit AreaKey { scene: 17, anchor: (1280, 512) } event=257 -> AreaKey { scene: 17, anchor: (1408, 512) }
area teleport in scene 17 at frame 11002: (1344, 560) -> (1440, 512)
target scene=17 area=(1408, 512) event=257 script=8572 mode=4 state=1 player=(1440, 512) pos=(1408, 528) path=2
learned targeted exit AreaKey { scene: 17, anchor: (1408, 512) } event=257 -> AreaKey { scene: 17, anchor: (1280, 512) }
marked destination touch VisitKey { scene: 17, area: (1280, 512), event_id: 257, trigger_script: 8569, state: 1 }
learned exit AreaKey { scene: 17, anchor: (1408, 512) } event=257 -> AreaKey { scene: 17, anchor: (1280, 512) }
area teleport in scene 17 at frame 11015: (1408, 528) -> (1328, 568)
target scene=17 area=(1280, 512) event=264 script=9576 mode=1 state=2 player=(1328, 568) pos=(1408, 432) path=40
marked destination touch VisitKey { scene: 17, area: (1408, 512), event_id: 256, trigger_script: 8564, state: 1 }
learned exit AreaKey { scene: 17, anchor: (1280, 512) } event=256 -> AreaKey { scene: 17, anchor: (1408, 512) }
marked destination touch VisitKey { scene: 17, area: (1408, 512), event_id: 257, trigger_script: 8572, state: 1 }
learned exit AreaKey { scene: 17, anchor: (1280, 512) } event=257 -> AreaKey { scene: 17, anchor: (1408, 512) }
area teleport in scene 17 at frame 11056: (1344, 560) -> (1440, 512)
target scene=17 area=(1408, 512) event=257 script=8572 mode=4 state=1 player=(1440, 512) pos=(1408, 528) path=2
learned targeted exit AreaKey { scene: 17, anchor: (1408, 512) } event=257 -> AreaKey { scene: 17, anchor: (1280, 512) }
marked destination touch VisitKey { scene: 17, area: (1280, 512), event_id: 257, trigger_script: 8569, state: 1 }
learned exit AreaKey { scene: 17, anchor: (1408, 512) } event=257 -> AreaKey { scene: 17, anchor: (1280, 512) }
area teleport in scene 17 at frame 11069: (1408, 528) -> (1328, 568)
target scene=17 area=(1280, 512) event=264 script=9576 mode=1 state=2 player=(1328, 568) pos=(1408, 432) path=40
marked destination touch VisitKey { scene: 17, area: (1408, 512), event_id: 256, trigger_script: 8564, state: 1 }
learned exit AreaKey { scene: 17, anchor: (1280, 512) } event=256 -> AreaKey { scene: 17, anchor: (1408, 512) }
marked destination touch VisitKey { scene: 17, area: (1408, 512), event_id: 257, trigger_script: 8572, state: 1 }
learned exit AreaKey { scene: 17, anchor: (1280, 512) } event=257 -> AreaKey { scene: 17, anchor: (1408, 512) }
area teleport in scene 17 at frame 11110: (1344, 560) -> (1440, 512)
target scene=17 area=(1408, 512) event=257 script=8572 mode=4 state=1 player=(1440, 512) pos=(1408, 528) path=2
learned targeted exit AreaKey { scene: 17, anchor: (1408, 512) } event=257 -> AreaKey { scene: 17, anchor: (1280, 512) }
marked destination touch VisitKey { scene: 17, area: (1280, 512), event_id: 257, trigger_script: 8569, state: 1 }
learned exit AreaKey { scene: 17, anchor: (1408, 512) } event=257 -> AreaKey { scene: 17, anchor: (1280, 512) }
area teleport in scene 17 at frame 11123: (1408, 528) -> (1328, 568)
target scene=17 area=(1280, 512) event=264 script=9576 mode=1 state=2 player=(1328, 568) pos=(1408, 432) path=40
marked destination touch VisitKey { scene: 17, area: (1408, 512), event_id: 256, trigger_script: 8564, state: 1 }
learned exit AreaKey { scene: 17, anchor: (1280, 512) } event=256 -> AreaKey { scene: 17, anchor: (1408, 512) }
marked destination touch VisitKey { scene: 17, area: (1408, 512), event_id: 257, trigger_script: 8572, state: 1 }
learned exit AreaKey { scene: 17, anchor: (1280, 512) } event=257 -> AreaKey { scene: 17, anchor: (1408, 512) }
area teleport in scene 17 at frame 11164: (1344, 560) -> (1440, 512)
target scene=17 area=(1408, 512) event=257 script=8572 mode=4 state=1 player=(1440, 512) pos=(1408, 528) path=2
learned targeted exit AreaKey { scene: 17, anchor: (1408, 512) } event=257 -> AreaKey { scene: 17, anchor: (1280, 512) }
marked destination touch VisitKey { scene: 17, area: (1280, 512), event_id: 257, trigger_script: 8569, state: 1 }
learned exit AreaKey { scene: 17, anchor: (1408, 512) } event=257 -> AreaKey { scene: 17, anchor: (1280, 512) }
area teleport in scene 17 at frame 11177: (1408, 528) -> (1328, 568)
target scene=17 area=(1280, 512) event=264 script=9576 mode=1 state=2 player=(1328, 568) pos=(1408, 432) path=40
marked destination touch VisitKey { scene: 17, area: (1408, 512), event_id: 256, trigger_script: 8564, state: 1 }
learned exit AreaKey { scene: 17, anchor: (1280, 512) } event=256 -> AreaKey { scene: 17, anchor: (1408, 512) }
marked destination touch VisitKey { scene: 17, area: (1408, 512), event_id: 257, trigger_script: 8572, state: 1 }
learned exit AreaKey { scene: 17, anchor: (1280, 512) } event=257 -> AreaKey { scene: 17, anchor: (1408, 512) }
area teleport in scene 17 at frame 11218: (1344, 560) -> (1440, 512)
target scene=17 area=(1408, 512) event=257 script=8572 mode=4 state=1 player=(1440, 512) pos=(1408, 528) path=2
learned targeted exit AreaKey { scene: 17, anchor: (1408, 512) } event=257 -> AreaKey { scene: 17, anchor: (1280, 512) }
marked destination touch VisitKey { scene: 17, area: (1280, 512), event_id: 257, trigger_script: 8569, state: 1 }
learned exit AreaKey { scene: 17, anchor: (1408, 512) } event=257 -> AreaKey { scene: 17, anchor: (1280, 512) }
area teleport in scene 17 at frame 11231: (1408, 528) -> (1328, 568)
target scene=17 area=(1280, 512) event=264 script=9576 mode=1 state=2 player=(1328, 568) pos=(1408, 432) path=40
marked destination touch VisitKey { scene: 17, area: (1408, 512), event_id: 256, trigger_script: 8564, state: 1 }
learned exit AreaKey { scene: 17, anchor: (1280, 512) } event=256 -> AreaKey { scene: 17, anchor: (1408, 512) }
marked destination touch VisitKey { scene: 17, area: (1408, 512), event_id: 257, trigger_script: 8572, state: 1 }
learned exit AreaKey { scene: 17, anchor: (1280, 512) } event=257 -> AreaKey { scene: 17, anchor: (1408, 512) }
area teleport in scene 17 at frame 11272: (1344, 560) -> (1440, 512)
target scene=17 area=(1408, 512) event=257 script=8572 mode=4 state=1 player=(1440, 512) pos=(1408, 528) path=2
learned targeted exit AreaKey { scene: 17, anchor: (1408, 512) } event=257 -> AreaKey { scene: 17, anchor: (1280, 512) }
marked destination touch VisitKey { scene: 17, area: (1280, 512), event_id: 257, trigger_script: 8569, state: 1 }
learned exit AreaKey { scene: 17, anchor: (1408, 512) } event=257 -> AreaKey { scene: 17, anchor: (1280, 512) }
area teleport in scene 17 at frame 11285: (1408, 528) -> (1328, 568)
target scene=17 area=(1280, 512) event=264 script=9576 mode=1 state=2 player=(1328, 568) pos=(1408, 432) path=40
marked destination touch VisitKey { scene: 17, area: (1408, 512), event_id: 256, trigger_script: 8564, state: 1 }
learned exit AreaKey { scene: 17, anchor: (1280, 512) } event=256 -> AreaKey { scene: 17, anchor: (1408, 512) }
marked destination touch VisitKey { scene: 17, area: (1408, 512), event_id: 257, trigger_script: 8572, state: 1 }
learned exit AreaKey { scene: 17, anchor: (1280, 512) } event=257 -> AreaKey { scene: 17, anchor: (1408, 512) }
area teleport in scene 17 at frame 11326: (1344, 560) -> (1440, 512)
target scene=17 area=(1408, 512) event=257 script=8572 mode=4 state=1 player=(1440, 512) pos=(1408, 528) path=2
learned targeted exit AreaKey { scene: 17, anchor: (1408, 512) } event=257 -> AreaKey { scene: 17, anchor: (1280, 512) }
marked destination touch VisitKey { scene: 17, area: (1280, 512), event_id: 257, trigger_script: 8569, state: 1 }
learned exit AreaKey { scene: 17, anchor: (1408, 512) } event=257 -> AreaKey { scene: 17, anchor: (1280, 512) }
area teleport in scene 17 at frame 11339: (1408, 528) -> (1328, 568)
target scene=17 area=(1280, 512) event=264 script=9576 mode=1 state=2 player=(1328, 568) pos=(1408, 432) path=40
marked destination touch VisitKey { scene: 17, area: (1408, 512), event_id: 256, trigger_script: 8564, state: 1 }
learned exit AreaKey { scene: 17, anchor: (1280, 512) } event=256 -> AreaKey { scene: 17, anchor: (1408, 512) }
marked destination touch VisitKey { scene: 17, area: (1408, 512), event_id: 257, trigger_script: 8572, state: 1 }
learned exit AreaKey { scene: 17, anchor: (1280, 512) } event=257 -> AreaKey { scene: 17, anchor: (1408, 512) }
area teleport in scene 17 at frame 11380: (1344, 560) -> (1440, 512)
target scene=17 area=(1408, 512) event=257 script=8572 mode=4 state=1 player=(1440, 512) pos=(1408, 528) path=2
learned targeted exit AreaKey { scene: 17, anchor: (1408, 512) } event=257 -> AreaKey { scene: 17, anchor: (1280, 512) }
marked destination touch VisitKey { scene: 17, area: (1280, 512), event_id: 257, trigger_script: 8569, state: 1 }
learned exit AreaKey { scene: 17, anchor: (1408, 512) } event=257 -> AreaKey { scene: 17, anchor: (1280, 512) }
area teleport in scene 17 at frame 11393: (1408, 528) -> (1328, 568)
target scene=17 area=(1280, 512) event=264 script=9576 mode=1 state=2 player=(1328, 568) pos=(1408, 432) path=40
marked destination touch VisitKey { scene: 17, area: (1408, 512), event_id: 256, trigger_script: 8564, state: 1 }
learned exit AreaKey { scene: 17, anchor: (1280, 512) } event=256 -> AreaKey { scene: 17, anchor: (1408, 512) }
marked destination touch VisitKey { scene: 17, area: (1408, 512), event_id: 257, trigger_script: 8572, state: 1 }
learned exit AreaKey { scene: 17, anchor: (1280, 512) } event=257 -> AreaKey { scene: 17, anchor: (1408, 512) }
area teleport in scene 17 at frame 11434: (1344, 560) -> (1440, 512)
target scene=17 area=(1408, 512) event=257 script=8572 mode=4 state=1 player=(1440, 512) pos=(1408, 528) path=2
learned targeted exit AreaKey { scene: 17, anchor: (1408, 512) } event=257 -> AreaKey { scene: 17, anchor: (1280, 512) }
marked destination touch VisitKey { scene: 17, area: (1280, 512), event_id: 257, trigger_script: 8569, state: 1 }
learned exit AreaKey { scene: 17, anchor: (1408, 512) } event=257 -> AreaKey { scene: 17, anchor: (1280, 512) }
area teleport in scene 17 at frame 11447: (1408, 528) -> (1328, 568)
target scene=17 area=(1280, 512) event=264 script=9576 mode=1 state=2 player=(1328, 568) pos=(1408, 432) path=40
marked destination touch VisitKey { scene: 17, area: (1408, 512), event_id: 256, trigger_script: 8564, state: 1 }
learned exit AreaKey { scene: 17, anchor: (1280, 512) } event=256 -> AreaKey { scene: 17, anchor: (1408, 512) }
marked destination touch VisitKey { scene: 17, area: (1408, 512), event_id: 257, trigger_script: 8572, state: 1 }
learned exit AreaKey { scene: 17, anchor: (1280, 512) } event=257 -> AreaKey { scene: 17, anchor: (1408, 512) }
area teleport in scene 17 at frame 11488: (1344, 560) -> (1440, 512)
target scene=17 area=(1408, 512) event=257 script=8572 mode=4 state=1 player=(1440, 512) pos=(1408, 528) path=2
learned targeted exit AreaKey { scene: 17, anchor: (1408, 512) } event=257 -> AreaKey { scene: 17, anchor: (1280, 512) }
marked destination touch VisitKey { scene: 17, area: (1280, 512), event_id: 257, trigger_script: 8569, state: 1 }
learned exit AreaKey { scene: 17, anchor: (1408, 512) } event=257 -> AreaKey { scene: 17, anchor: (1280, 512) }
area teleport in scene 17 at frame 11501: (1408, 528) -> (1328, 568)
target scene=17 area=(1280, 512) event=264 script=9576 mode=1 state=2 player=(1328, 568) pos=(1408, 432) path=40
marked destination touch VisitKey { scene: 17, area: (1408, 512), event_id: 256, trigger_script: 8564, state: 1 }
learned exit AreaKey { scene: 17, anchor: (1280, 512) } event=256 -> AreaKey { scene: 17, anchor: (1408, 512) }
marked destination touch VisitKey { scene: 17, area: (1408, 512), event_id: 257, trigger_script: 8572, state: 1 }
learned exit AreaKey { scene: 17, anchor: (1280, 512) } event=257 -> AreaKey { scene: 17, anchor: (1408, 512) }
area teleport in scene 17 at frame 11542: (1344, 560) -> (1440, 512)
target scene=17 area=(1408, 512) event=257 script=8572 mode=4 state=1 player=(1440, 512) pos=(1408, 528) path=2
learned targeted exit AreaKey { scene: 17, anchor: (1408, 512) } event=257 -> AreaKey { scene: 17, anchor: (1280, 512) }
marked destination touch VisitKey { scene: 17, area: (1280, 512), event_id: 257, trigger_script: 8569, state: 1 }
learned exit AreaKey { scene: 17, anchor: (1408, 512) } event=257 -> AreaKey { scene: 17, anchor: (1280, 512) }
area teleport in scene 17 at frame 11555: (1408, 528) -> (1328, 568)
target scene=17 area=(1280, 512) event=264 script=9576 mode=1 state=2 player=(1328, 568) pos=(1408, 432) path=40
marked destination touch VisitKey { scene: 17, area: (1408, 512), event_id: 256, trigger_script: 8564, state: 1 }
learned exit AreaKey { scene: 17, anchor: (1280, 512) } event=256 -> AreaKey { scene: 17, anchor: (1408, 512) }
marked destination touch VisitKey { scene: 17, area: (1408, 512), event_id: 257, trigger_script: 8572, state: 1 }
learned exit AreaKey { scene: 17, anchor: (1280, 512) } event=257 -> AreaKey { scene: 17, anchor: (1408, 512) }
area teleport in scene 17 at frame 11596: (1344, 560) -> (1440, 512)
target scene=17 area=(1408, 512) event=257 script=8572 mode=4 state=1 player=(1440, 512) pos=(1408, 528) path=2
learned targeted exit AreaKey { scene: 17, anchor: (1408, 512) } event=257 -> AreaKey { scene: 17, anchor: (1280, 512) }
marked destination touch VisitKey { scene: 17, area: (1280, 512), event_id: 257, trigger_script: 8569, state: 1 }
learned exit AreaKey { scene: 17, anchor: (1408, 512) } event=257 -> AreaKey { scene: 17, anchor: (1280, 512) }
area teleport in scene 17 at frame 11609: (1408, 528) -> (1328, 568)
target scene=17 area=(1280, 512) event=264 script=9576 mode=1 state=2 player=(1328, 568) pos=(1408, 432) path=40
marked destination touch VisitKey { scene: 17, area: (1408, 512), event_id: 256, trigger_script: 8564, state: 1 }
learned exit AreaKey { scene: 17, anchor: (1280, 512) } event=256 -> AreaKey { scene: 17, anchor: (1408, 512) }
marked destination touch VisitKey { scene: 17, area: (1408, 512), event_id: 257, trigger_script: 8572, state: 1 }
learned exit AreaKey { scene: 17, anchor: (1280, 512) } event=257 -> AreaKey { scene: 17, anchor: (1408, 512) }
area teleport in scene 17 at frame 11650: (1344, 560) -> (1440, 512)
target scene=17 area=(1408, 512) event=257 script=8572 mode=4 state=1 player=(1440, 512) pos=(1408, 528) path=2
learned targeted exit AreaKey { scene: 17, anchor: (1408, 512) } event=257 -> AreaKey { scene: 17, anchor: (1280, 512) }
marked destination touch VisitKey { scene: 17, area: (1280, 512), event_id: 257, trigger_script: 8569, state: 1 }
learned exit AreaKey { scene: 17, anchor: (1408, 512) } event=257 -> AreaKey { scene: 17, anchor: (1280, 512) }
area teleport in scene 17 at frame 11663: (1408, 528) -> (1328, 568)
target scene=17 area=(1280, 512) event=264 script=9576 mode=1 state=2 player=(1328, 568) pos=(1408, 432) path=40
marked destination touch VisitKey { scene: 17, area: (1408, 512), event_id: 256, trigger_script: 8564, state: 1 }
learned exit AreaKey { scene: 17, anchor: (1280, 512) } event=256 -> AreaKey { scene: 17, anchor: (1408, 512) }
marked destination touch VisitKey { scene: 17, area: (1408, 512), event_id: 257, trigger_script: 8572, state: 1 }
learned exit AreaKey { scene: 17, anchor: (1280, 512) } event=257 -> AreaKey { scene: 17, anchor: (1408, 512) }
area teleport in scene 17 at frame 11704: (1344, 560) -> (1440, 512)
target scene=17 area=(1408, 512) event=257 script=8572 mode=4 state=1 player=(1440, 512) pos=(1408, 528) path=2
learned targeted exit AreaKey { scene: 17, anchor: (1408, 512) } event=257 -> AreaKey { scene: 17, anchor: (1280, 512) }
marked destination touch VisitKey { scene: 17, area: (1280, 512), event_id: 257, trigger_script: 8569, state: 1 }
learned exit AreaKey { scene: 17, anchor: (1408, 512) } event=257 -> AreaKey { scene: 17, anchor: (1280, 512) }
area teleport in scene 17 at frame 11717: (1408, 528) -> (1328, 568)
target scene=17 area=(1280, 512) event=264 script=9576 mode=1 state=2 player=(1328, 568) pos=(1408, 432) path=40
marked destination touch VisitKey { scene: 17, area: (1408, 512), event_id: 256, trigger_script: 8564, state: 1 }
learned exit AreaKey { scene: 17, anchor: (1280, 512) } event=256 -> AreaKey { scene: 17, anchor: (1408, 512) }
marked destination touch VisitKey { scene: 17, area: (1408, 512), event_id: 257, trigger_script: 8572, state: 1 }
learned exit AreaKey { scene: 17, anchor: (1280, 512) } event=257 -> AreaKey { scene: 17, anchor: (1408, 512) }
area teleport in scene 17 at frame 11758: (1344, 560) -> (1440, 512)
target scene=17 area=(1408, 512) event=257 script=8572 mode=4 state=1 player=(1440, 512) pos=(1408, 528) path=2
learned targeted exit AreaKey { scene: 17, anchor: (1408, 512) } event=257 -> AreaKey { scene: 17, anchor: (1280, 512) }
marked destination touch VisitKey { scene: 17, area: (1280, 512), event_id: 257, trigger_script: 8569, state: 1 }
learned exit AreaKey { scene: 17, anchor: (1408, 512) } event=257 -> AreaKey { scene: 17, anchor: (1280, 512) }
area teleport in scene 17 at frame 11771: (1408, 528) -> (1328, 568)
target scene=17 area=(1280, 512) event=264 script=9576 mode=1 state=2 player=(1328, 568) pos=(1408, 432) path=40
marked destination touch VisitKey { scene: 17, area: (1408, 512), event_id: 256, trigger_script: 8564, state: 1 }
learned exit AreaKey { scene: 17, anchor: (1280, 512) } event=256 -> AreaKey { scene: 17, anchor: (1408, 512) }
marked destination touch VisitKey { scene: 17, area: (1408, 512), event_id: 257, trigger_script: 8572, state: 1 }
learned exit AreaKey { scene: 17, anchor: (1280, 512) } event=257 -> AreaKey { scene: 17, anchor: (1408, 512) }
area teleport in scene 17 at frame 11812: (1344, 560) -> (1440, 512)
target scene=17 area=(1408, 512) event=257 script=8572 mode=4 state=1 player=(1440, 512) pos=(1408, 528) path=2
learned targeted exit AreaKey { scene: 17, anchor: (1408, 512) } event=257 -> AreaKey { scene: 17, anchor: (1280, 512) }
marked destination touch VisitKey { scene: 17, area: (1280, 512), event_id: 257, trigger_script: 8569, state: 1 }
learned exit AreaKey { scene: 17, anchor: (1408, 512) } event=257 -> AreaKey { scene: 17, anchor: (1280, 512) }
area teleport in scene 17 at frame 11825: (1408, 528) -> (1328, 568)
target scene=17 area=(1280, 512) event=264 script=9576 mode=1 state=2 player=(1328, 568) pos=(1408, 432) path=40
marked destination touch VisitKey { scene: 17, area: (1408, 512), event_id: 256, trigger_script: 8564, state: 1 }
learned exit AreaKey { scene: 17, anchor: (1280, 512) } event=256 -> AreaKey { scene: 17, anchor: (1408, 512) }
marked destination touch VisitKey { scene: 17, area: (1408, 512), event_id: 257, trigger_script: 8572, state: 1 }
learned exit AreaKey { scene: 17, anchor: (1280, 512) } event=257 -> AreaKey { scene: 17, anchor: (1408, 512) }
area teleport in scene 17 at frame 11866: (1344, 560) -> (1440, 512)
target scene=17 area=(1408, 512) event=257 script=8572 mode=4 state=1 player=(1440, 512) pos=(1408, 528) path=2
learned targeted exit AreaKey { scene: 17, anchor: (1408, 512) } event=257 -> AreaKey { scene: 17, anchor: (1280, 512) }
marked destination touch VisitKey { scene: 17, area: (1280, 512), event_id: 257, trigger_script: 8569, state: 1 }
learned exit AreaKey { scene: 17, anchor: (1408, 512) } event=257 -> AreaKey { scene: 17, anchor: (1280, 512) }
area teleport in scene 17 at frame 11879: (1408, 528) -> (1328, 568)
target scene=17 area=(1280, 512) event=264 script=9576 mode=1 state=2 player=(1328, 568) pos=(1408, 432) path=40
marked destination touch VisitKey { scene: 17, area: (1408, 512), event_id: 256, trigger_script: 8564, state: 1 }
learned exit AreaKey { scene: 17, anchor: (1280, 512) } event=256 -> AreaKey { scene: 17, anchor: (1408, 512) }
marked destination touch VisitKey { scene: 17, area: (1408, 512), event_id: 257, trigger_script: 8572, state: 1 }
learned exit AreaKey { scene: 17, anchor: (1280, 512) } event=257 -> AreaKey { scene: 17, anchor: (1408, 512) }
area teleport in scene 17 at frame 11920: (1344, 560) -> (1440, 512)
target scene=17 area=(1408, 512) event=257 script=8572 mode=4 state=1 player=(1440, 512) pos=(1408, 528) path=2
learned targeted exit AreaKey { scene: 17, anchor: (1408, 512) } event=257 -> AreaKey { scene: 17, anchor: (1280, 512) }
marked destination touch VisitKey { scene: 17, area: (1280, 512), event_id: 257, trigger_script: 8569, state: 1 }
learned exit AreaKey { scene: 17, anchor: (1408, 512) } event=257 -> AreaKey { scene: 17, anchor: (1280, 512) }
area teleport in scene 17 at frame 11933: (1408, 528) -> (1328, 568)
target scene=17 area=(1280, 512) event=264 script=9576 mode=1 state=2 player=(1328, 568) pos=(1408, 432) path=40
marked destination touch VisitKey { scene: 17, area: (1408, 512), event_id: 256, trigger_script: 8564, state: 1 }
learned exit AreaKey { scene: 17, anchor: (1280, 512) } event=256 -> AreaKey { scene: 17, anchor: (1408, 512) }
marked destination touch VisitKey { scene: 17, area: (1408, 512), event_id: 257, trigger_script: 8572, state: 1 }
learned exit AreaKey { scene: 17, anchor: (1280, 512) } event=257 -> AreaKey { scene: 17, anchor: (1408, 512) }
area teleport in scene 17 at frame 11974: (1344, 560) -> (1440, 512)
target scene=17 area=(1408, 512) event=257 script=8572 mode=4 state=1 player=(1440, 512) pos=(1408, 528) path=2
learned targeted exit AreaKey { scene: 17, anchor: (1408, 512) } event=257 -> AreaKey { scene: 17, anchor: (1280, 512) }
marked destination touch VisitKey { scene: 17, area: (1280, 512), event_id: 257, trigger_script: 8569, state: 1 }
learned exit AreaKey { scene: 17, anchor: (1408, 512) } event=257 -> AreaKey { scene: 17, anchor: (1280, 512) }
area teleport in scene 17 at frame 11987: (1408, 528) -> (1328, 568)
target scene=17 area=(1280, 512) event=264 script=9576 mode=1 state=2 player=(1328, 568) pos=(1408, 432) path=40
marked destination touch VisitKey { scene: 17, area: (1408, 512), event_id: 256, trigger_script: 8564, state: 1 }
learned exit AreaKey { scene: 17, anchor: (1280, 512) } event=256 -> AreaKey { scene: 17, anchor: (1408, 512) }
marked destination touch VisitKey { scene: 17, area: (1408, 512), event_id: 257, trigger_script: 8572, state: 1 }
learned exit AreaKey { scene: 17, anchor: (1280, 512) } event=257 -> AreaKey { scene: 17, anchor: (1408, 512) }
area teleport in scene 17 at frame 12028: (1344, 560) -> (1440, 512)
target scene=17 area=(1408, 512) event=257 script=8572 mode=4 state=1 player=(1440, 512) pos=(1408, 528) path=2
learned targeted exit AreaKey { scene: 17, anchor: (1408, 512) } event=257 -> AreaKey { scene: 17, anchor: (1280, 512) }
marked destination touch VisitKey { scene: 17, area: (1280, 512), event_id: 257, trigger_script: 8569, state: 1 }
learned exit AreaKey { scene: 17, anchor: (1408, 512) } event=257 -> AreaKey { scene: 17, anchor: (1280, 512) }
area teleport in scene 17 at frame 12041: (1408, 528) -> (1328, 568)
target scene=17 area=(1280, 512) event=264 script=9576 mode=1 state=2 player=(1328, 568) pos=(1408, 432) path=40
marked destination touch VisitKey { scene: 17, area: (1408, 512), event_id: 256, trigger_script: 8564, state: 1 }
learned exit AreaKey { scene: 17, anchor: (1280, 512) } event=256 -> AreaKey { scene: 17, anchor: (1408, 512) }
marked destination touch VisitKey { scene: 17, area: (1408, 512), event_id: 257, trigger_script: 8572, state: 1 }
learned exit AreaKey { scene: 17, anchor: (1280, 512) } event=257 -> AreaKey { scene: 17, anchor: (1408, 512) }
area teleport in scene 17 at frame 12082: (1344, 560) -> (1440, 512)
target scene=17 area=(1408, 512) event=257 script=8572 mode=4 state=1 player=(1440, 512) pos=(1408, 528) path=2
learned targeted exit AreaKey { scene: 17, anchor: (1408, 512) } event=257 -> AreaKey { scene: 17, anchor: (1280, 512) }
marked destination touch VisitKey { scene: 17, area: (1280, 512), event_id: 257, trigger_script: 8569, state: 1 }
learned exit AreaKey { scene: 17, anchor: (1408, 512) } event=257 -> AreaKey { scene: 17, anchor: (1280, 512) }
area teleport in scene 17 at frame 12095: (1408, 528) -> (1328, 568)
target scene=17 area=(1280, 512) event=264 script=9576 mode=1 state=2 player=(1328, 568) pos=(1408, 432) path=40
marked destination touch VisitKey { scene: 17, area: (1408, 512), event_id: 256, trigger_script: 8564, state: 1 }
learned exit AreaKey { scene: 17, anchor: (1280, 512) } event=256 -> AreaKey { scene: 17, anchor: (1408, 512) }
marked destination touch VisitKey { scene: 17, area: (1408, 512), event_id: 257, trigger_script: 8572, state: 1 }
learned exit AreaKey { scene: 17, anchor: (1280, 512) } event=257 -> AreaKey { scene: 17, anchor: (1408, 512) }
area teleport in scene 17 at frame 12136: (1344, 560) -> (1440, 512)
target scene=17 area=(1408, 512) event=257 script=8572 mode=4 state=1 player=(1440, 512) pos=(1408, 528) path=2
learned targeted exit AreaKey { scene: 17, anchor: (1408, 512) } event=257 -> AreaKey { scene: 17, anchor: (1280, 512) }
marked destination touch VisitKey { scene: 17, area: (1280, 512), event_id: 257, trigger_script: 8569, state: 1 }
learned exit AreaKey { scene: 17, anchor: (1408, 512) } event=257 -> AreaKey { scene: 17, anchor: (1280, 512) }
area teleport in scene 17 at frame 12149: (1408, 528) -> (1328, 568)
target scene=17 area=(1280, 512) event=264 script=9576 mode=1 state=2 player=(1328, 568) pos=(1408, 432) path=40
marked destination touch VisitKey { scene: 17, area: (1408, 512), event_id: 256, trigger_script: 8564, state: 1 }
learned exit AreaKey { scene: 17, anchor: (1280, 512) } event=256 -> AreaKey { scene: 17, anchor: (1408, 512) }
marked destination touch VisitKey { scene: 17, area: (1408, 512), event_id: 257, trigger_script: 8572, state: 1 }
learned exit AreaKey { scene: 17, anchor: (1280, 512) } event=257 -> AreaKey { scene: 17, anchor: (1408, 512) }
area teleport in scene 17 at frame 12190: (1344, 560) -> (1440, 512)
target scene=17 area=(1408, 512) event=257 script=8572 mode=4 state=1 player=(1440, 512) pos=(1408, 528) path=2
learned targeted exit AreaKey { scene: 17, anchor: (1408, 512) } event=257 -> AreaKey { scene: 17, anchor: (1280, 512) }
marked destination touch VisitKey { scene: 17, area: (1280, 512), event_id: 257, trigger_script: 8569, state: 1 }
learned exit AreaKey { scene: 17, anchor: (1408, 512) } event=257 -> AreaKey { scene: 17, anchor: (1280, 512) }
area teleport in scene 17 at frame 12203: (1408, 528) -> (1328, 568)
target scene=17 area=(1280, 512) event=264 script=9576 mode=1 state=2 player=(1328, 568) pos=(1408, 432) path=40
marked destination touch VisitKey { scene: 17, area: (1408, 512), event_id: 256, trigger_script: 8564, state: 1 }
learned exit AreaKey { scene: 17, anchor: (1280, 512) } event=256 -> AreaKey { scene: 17, anchor: (1408, 512) }
marked destination touch VisitKey { scene: 17, area: (1408, 512), event_id: 257, trigger_script: 8572, state: 1 }
learned exit AreaKey { scene: 17, anchor: (1280, 512) } event=257 -> AreaKey { scene: 17, anchor: (1408, 512) }
area teleport in scene 17 at frame 12244: (1344, 560) -> (1440, 512)
target scene=17 area=(1408, 512) event=257 script=8572 mode=4 state=1 player=(1440, 512) pos=(1408, 528) path=2
learned targeted exit AreaKey { scene: 17, anchor: (1408, 512) } event=257 -> AreaKey { scene: 17, anchor: (1280, 512) }
marked destination touch VisitKey { scene: 17, area: (1280, 512), event_id: 257, trigger_script: 8569, state: 1 }
learned exit AreaKey { scene: 17, anchor: (1408, 512) } event=257 -> AreaKey { scene: 17, anchor: (1280, 512) }
area teleport in scene 17 at frame 12257: (1408, 528) -> (1328, 568)
target scene=17 area=(1280, 512) event=264 script=9576 mode=1 state=2 player=(1328, 568) pos=(1408, 432) path=40
marked destination touch VisitKey { scene: 17, area: (1408, 512), event_id: 256, trigger_script: 8564, state: 1 }
learned exit AreaKey { scene: 17, anchor: (1280, 512) } event=256 -> AreaKey { scene: 17, anchor: (1408, 512) }
marked destination touch VisitKey { scene: 17, area: (1408, 512), event_id: 257, trigger_script: 8572, state: 1 }
learned exit AreaKey { scene: 17, anchor: (1280, 512) } event=257 -> AreaKey { scene: 17, anchor: (1408, 512) }
area teleport in scene 17 at frame 12298: (1344, 560) -> (1440, 512)
target scene=17 area=(1408, 512) event=257 script=8572 mode=4 state=1 player=(1440, 512) pos=(1408, 528) path=2
learned targeted exit AreaKey { scene: 17, anchor: (1408, 512) } event=257 -> AreaKey { scene: 17, anchor: (1280, 512) }
marked destination touch VisitKey { scene: 17, area: (1280, 512), event_id: 257, trigger_script: 8569, state: 1 }
learned exit AreaKey { scene: 17, anchor: (1408, 512) } event=257 -> AreaKey { scene: 17, anchor: (1280, 512) }
area teleport in scene 17 at frame 12311: (1408, 528) -> (1328, 568)
target scene=17 area=(1280, 512) event=264 script=9576 mode=1 state=2 player=(1328, 568) pos=(1408, 432) path=40
marked destination touch VisitKey { scene: 17, area: (1408, 512), event_id: 256, trigger_script: 8564, state: 1 }
learned exit AreaKey { scene: 17, anchor: (1280, 512) } event=256 -> AreaKey { scene: 17, anchor: (1408, 512) }
marked destination touch VisitKey { scene: 17, area: (1408, 512), event_id: 257, trigger_script: 8572, state: 1 }
learned exit AreaKey { scene: 17, anchor: (1280, 512) } event=257 -> AreaKey { scene: 17, anchor: (1408, 512) }
area teleport in scene 17 at frame 12352: (1344, 560) -> (1440, 512)
target scene=17 area=(1408, 512) event=257 script=8572 mode=4 state=1 player=(1440, 512) pos=(1408, 528) path=2
learned targeted exit AreaKey { scene: 17, anchor: (1408, 512) } event=257 -> AreaKey { scene: 17, anchor: (1280, 512) }
marked destination touch VisitKey { scene: 17, area: (1280, 512), event_id: 257, trigger_script: 8569, state: 1 }
learned exit AreaKey { scene: 17, anchor: (1408, 512) } event=257 -> AreaKey { scene: 17, anchor: (1280, 512) }
area teleport in scene 17 at frame 12365: (1408, 528) -> (1328, 568)
target scene=17 area=(1280, 512) event=264 script=9576 mode=1 state=2 player=(1328, 568) pos=(1408, 432) path=40
marked destination touch VisitKey { scene: 17, area: (1408, 512), event_id: 256, trigger_script: 8564, state: 1 }
learned exit AreaKey { scene: 17, anchor: (1280, 512) } event=256 -> AreaKey { scene: 17, anchor: (1408, 512) }
marked destination touch VisitKey { scene: 17, area: (1408, 512), event_id: 257, trigger_script: 8572, state: 1 }
learned exit AreaKey { scene: 17, anchor: (1280, 512) } event=257 -> AreaKey { scene: 17, anchor: (1408, 512) }
area teleport in scene 17 at frame 12406: (1344, 560) -> (1440, 512)
target scene=17 area=(1408, 512) event=257 script=8572 mode=4 state=1 player=(1440, 512) pos=(1408, 528) path=2
learned targeted exit AreaKey { scene: 17, anchor: (1408, 512) } event=257 -> AreaKey { scene: 17, anchor: (1280, 512) }
marked destination touch VisitKey { scene: 17, area: (1280, 512), event_id: 257, trigger_script: 8569, state: 1 }
learned exit AreaKey { scene: 17, anchor: (1408, 512) } event=257 -> AreaKey { scene: 17, anchor: (1280, 512) }
area teleport in scene 17 at frame 12419: (1408, 528) -> (1328, 568)
target scene=17 area=(1280, 512) event=264 script=9576 mode=1 state=2 player=(1328, 568) pos=(1408, 432) path=40
marked destination touch VisitKey { scene: 17, area: (1408, 512), event_id: 256, trigger_script: 8564, state: 1 }
learned exit AreaKey { scene: 17, anchor: (1280, 512) } event=256 -> AreaKey { scene: 17, anchor: (1408, 512) }
marked destination touch VisitKey { scene: 17, area: (1408, 512), event_id: 257, trigger_script: 8572, state: 1 }
learned exit AreaKey { scene: 17, anchor: (1280, 512) } event=257 -> AreaKey { scene: 17, anchor: (1408, 512) }
area teleport in scene 17 at frame 12460: (1344, 560) -> (1440, 512)
target scene=17 area=(1408, 512) event=257 script=8572 mode=4 state=1 player=(1440, 512) pos=(1408, 528) path=2
learned targeted exit AreaKey { scene: 17, anchor: (1408, 512) } event=257 -> AreaKey { scene: 17, anchor: (1280, 512) }
marked destination touch VisitKey { scene: 17, area: (1280, 512), event_id: 257, trigger_script: 8569, state: 1 }
learned exit AreaKey { scene: 17, anchor: (1408, 512) } event=257 -> AreaKey { scene: 17, anchor: (1280, 512) }
area teleport in scene 17 at frame 12473: (1408, 528) -> (1328, 568)
target scene=17 area=(1280, 512) event=264 script=9576 mode=1 state=2 player=(1328, 568) pos=(1408, 432) path=40
marked destination touch VisitKey { scene: 17, area: (1408, 512), event_id: 256, trigger_script: 8564, state: 1 }
learned exit AreaKey { scene: 17, anchor: (1280, 512) } event=256 -> AreaKey { scene: 17, anchor: (1408, 512) }
marked destination touch VisitKey { scene: 17, area: (1408, 512), event_id: 257, trigger_script: 8572, state: 1 }
learned exit AreaKey { scene: 17, anchor: (1280, 512) } event=257 -> AreaKey { scene: 17, anchor: (1408, 512) }
area teleport in scene 17 at frame 12514: (1344, 560) -> (1440, 512)
target scene=17 area=(1408, 512) event=257 script=8572 mode=4 state=1 player=(1440, 512) pos=(1408, 528) path=2
learned targeted exit AreaKey { scene: 17, anchor: (1408, 512) } event=257 -> AreaKey { scene: 17, anchor: (1280, 512) }
marked destination touch VisitKey { scene: 17, area: (1280, 512), event_id: 257, trigger_script: 8569, state: 1 }
learned exit AreaKey { scene: 17, anchor: (1408, 512) } event=257 -> AreaKey { scene: 17, anchor: (1280, 512) }
area teleport in scene 17 at frame 12527: (1408, 528) -> (1328, 568)
target scene=17 area=(1280, 512) event=264 script=9576 mode=1 state=2 player=(1328, 568) pos=(1408, 432) path=40
marked destination touch VisitKey { scene: 17, area: (1408, 512), event_id: 256, trigger_script: 8564, state: 1 }
learned exit AreaKey { scene: 17, anchor: (1280, 512) } event=256 -> AreaKey { scene: 17, anchor: (1408, 512) }
marked destination touch VisitKey { scene: 17, area: (1408, 512), event_id: 257, trigger_script: 8572, state: 1 }
learned exit AreaKey { scene: 17, anchor: (1280, 512) } event=257 -> AreaKey { scene: 17, anchor: (1408, 512) }
area teleport in scene 17 at frame 12568: (1344, 560) -> (1440, 512)
target scene=17 area=(1408, 512) event=257 script=8572 mode=4 state=1 player=(1440, 512) pos=(1408, 528) path=2
learned targeted exit AreaKey { scene: 17, anchor: (1408, 512) } event=257 -> AreaKey { scene: 17, anchor: (1280, 512) }
marked destination touch VisitKey { scene: 17, area: (1280, 512), event_id: 257, trigger_script: 8569, state: 1 }
learned exit AreaKey { scene: 17, anchor: (1408, 512) } event=257 -> AreaKey { scene: 17, anchor: (1280, 512) }
area teleport in scene 17 at frame 12581: (1408, 528) -> (1328, 568)
target scene=17 area=(1280, 512) event=264 script=9576 mode=1 state=2 player=(1328, 568) pos=(1408, 432) path=40
marked destination touch VisitKey { scene: 17, area: (1408, 512), event_id: 256, trigger_script: 8564, state: 1 }
learned exit AreaKey { scene: 17, anchor: (1280, 512) } event=256 -> AreaKey { scene: 17, anchor: (1408, 512) }
marked destination touch VisitKey { scene: 17, area: (1408, 512), event_id: 257, trigger_script: 8572, state: 1 }
learned exit AreaKey { scene: 17, anchor: (1280, 512) } event=257 -> AreaKey { scene: 17, anchor: (1408, 512) }
area teleport in scene 17 at frame 12622: (1344, 560) -> (1440, 512)
target scene=17 area=(1408, 512) event=257 script=8572 mode=4 state=1 player=(1440, 512) pos=(1408, 528) path=2
learned targeted exit AreaKey { scene: 17, anchor: (1408, 512) } event=257 -> AreaKey { scene: 17, anchor: (1280, 512) }
marked destination touch VisitKey { scene: 17, area: (1280, 512), event_id: 257, trigger_script: 8569, state: 1 }
learned exit AreaKey { scene: 17, anchor: (1408, 512) } event=257 -> AreaKey { scene: 17, anchor: (1280, 512) }
area teleport in scene 17 at frame 12635: (1408, 528) -> (1328, 568)
target scene=17 area=(1280, 512) event=264 script=9576 mode=1 state=2 player=(1328, 568) pos=(1408, 432) path=40
marked destination touch VisitKey { scene: 17, area: (1408, 512), event_id: 256, trigger_script: 8564, state: 1 }
learned exit AreaKey { scene: 17, anchor: (1280, 512) } event=256 -> AreaKey { scene: 17, anchor: (1408, 512) }
marked destination touch VisitKey { scene: 17, area: (1408, 512), event_id: 257, trigger_script: 8572, state: 1 }
learned exit AreaKey { scene: 17, anchor: (1280, 512) } event=257 -> AreaKey { scene: 17, anchor: (1408, 512) }
area teleport in scene 17 at frame 12676: (1344, 560) -> (1440, 512)
target scene=17 area=(1408, 512) event=257 script=8572 mode=4 state=1 player=(1440, 512) pos=(1408, 528) path=2
learned targeted exit AreaKey { scene: 17, anchor: (1408, 512) } event=257 -> AreaKey { scene: 17, anchor: (1280, 512) }
marked destination touch VisitKey { scene: 17, area: (1280, 512), event_id: 257, trigger_script: 8569, state: 1 }
learned exit AreaKey { scene: 17, anchor: (1408, 512) } event=257 -> AreaKey { scene: 17, anchor: (1280, 512) }
area teleport in scene 17 at frame 12689: (1408, 528) -> (1328, 568)
target scene=17 area=(1280, 512) event=264 script=9576 mode=1 state=2 player=(1328, 568) pos=(1408, 432) path=40
marked destination touch VisitKey { scene: 17, area: (1408, 512), event_id: 256, trigger_script: 8564, state: 1 }
learned exit AreaKey { scene: 17, anchor: (1280, 512) } event=256 -> AreaKey { scene: 17, anchor: (1408, 512) }
marked destination touch VisitKey { scene: 17, area: (1408, 512), event_id: 257, trigger_script: 8572, state: 1 }
learned exit AreaKey { scene: 17, anchor: (1280, 512) } event=257 -> AreaKey { scene: 17, anchor: (1408, 512) }
area teleport in scene 17 at frame 12730: (1344, 560) -> (1440, 512)
target scene=17 area=(1408, 512) event=257 script=8572 mode=4 state=1 player=(1440, 512) pos=(1408, 528) path=2
learned targeted exit AreaKey { scene: 17, anchor: (1408, 512) } event=257 -> AreaKey { scene: 17, anchor: (1280, 512) }
marked destination touch VisitKey { scene: 17, area: (1280, 512), event_id: 257, trigger_script: 8569, state: 1 }
learned exit AreaKey { scene: 17, anchor: (1408, 512) } event=257 -> AreaKey { scene: 17, anchor: (1280, 512) }
area teleport in scene 17 at frame 12743: (1408, 528) -> (1328, 568)
target scene=17 area=(1280, 512) event=264 script=9576 mode=1 state=2 player=(1328, 568) pos=(1408, 432) path=40
marked destination touch VisitKey { scene: 17, area: (1408, 512), event_id: 256, trigger_script: 8564, state: 1 }
learned exit AreaKey { scene: 17, anchor: (1280, 512) } event=256 -> AreaKey { scene: 17, anchor: (1408, 512) }
marked destination touch VisitKey { scene: 17, area: (1408, 512), event_id: 257, trigger_script: 8572, state: 1 }
learned exit AreaKey { scene: 17, anchor: (1280, 512) } event=257 -> AreaKey { scene: 17, anchor: (1408, 512) }
area teleport in scene 17 at frame 12784: (1344, 560) -> (1440, 512)
target scene=17 area=(1408, 512) event=257 script=8572 mode=4 state=1 player=(1440, 512) pos=(1408, 528) path=2
learned targeted exit AreaKey { scene: 17, anchor: (1408, 512) } event=257 -> AreaKey { scene: 17, anchor: (1280, 512) }
marked destination touch VisitKey { scene: 17, area: (1280, 512), event_id: 257, trigger_script: 8569, state: 1 }
learned exit AreaKey { scene: 17, anchor: (1408, 512) } event=257 -> AreaKey { scene: 17, anchor: (1280, 512) }
area teleport in scene 17 at frame 12797: (1408, 528) -> (1328, 568)
target scene=17 area=(1280, 512) event=264 script=9576 mode=1 state=2 player=(1328, 568) pos=(1408, 432) path=40
marked destination touch VisitKey { scene: 17, area: (1408, 512), event_id: 256, trigger_script: 8564, state: 1 }
learned exit AreaKey { scene: 17, anchor: (1280, 512) } event=256 -> AreaKey { scene: 17, anchor: (1408, 512) }
marked destination touch VisitKey { scene: 17, area: (1408, 512), event_id: 257, trigger_script: 8572, state: 1 }
learned exit AreaKey { scene: 17, anchor: (1280, 512) } event=257 -> AreaKey { scene: 17, anchor: (1408, 512) }
area teleport in scene 17 at frame 12838: (1344, 560) -> (1440, 512)
target scene=17 area=(1408, 512) event=257 script=8572 mode=4 state=1 player=(1440, 512) pos=(1408, 528) path=2
learned targeted exit AreaKey { scene: 17, anchor: (1408, 512) } event=257 -> AreaKey { scene: 17, anchor: (1280, 512) }
marked destination touch VisitKey { scene: 17, area: (1280, 512), event_id: 257, trigger_script: 8569, state: 1 }
learned exit AreaKey { scene: 17, anchor: (1408, 512) } event=257 -> AreaKey { scene: 17, anchor: (1280, 512) }
area teleport in scene 17 at frame 12851: (1408, 528) -> (1328, 568)
target scene=17 area=(1280, 512) event=264 script=9576 mode=1 state=2 player=(1328, 568) pos=(1408, 432) path=40
marked destination touch VisitKey { scene: 17, area: (1408, 512), event_id: 256, trigger_script: 8564, state: 1 }
learned exit AreaKey { scene: 17, anchor: (1280, 512) } event=256 -> AreaKey { scene: 17, anchor: (1408, 512) }
marked destination touch VisitKey { scene: 17, area: (1408, 512), event_id: 257, trigger_script: 8572, state: 1 }
learned exit AreaKey { scene: 17, anchor: (1280, 512) } event=257 -> AreaKey { scene: 17, anchor: (1408, 512) }
area teleport in scene 17 at frame 12892: (1344, 560) -> (1440, 512)
target scene=17 area=(1408, 512) event=257 script=8572 mode=4 state=1 player=(1440, 512) pos=(1408, 528) path=2
learned targeted exit AreaKey { scene: 17, anchor: (1408, 512) } event=257 -> AreaKey { scene: 17, anchor: (1280, 512) }
marked destination touch VisitKey { scene: 17, area: (1280, 512), event_id: 257, trigger_script: 8569, state: 1 }
learned exit AreaKey { scene: 17, anchor: (1408, 512) } event=257 -> AreaKey { scene: 17, anchor: (1280, 512) }
area teleport in scene 17 at frame 12905: (1408, 528) -> (1328, 568)
target scene=17 area=(1280, 512) event=264 script=9576 mode=1 state=2 player=(1328, 568) pos=(1408, 432) path=40
marked destination touch VisitKey { scene: 17, area: (1408, 512), event_id: 256, trigger_script: 8564, state: 1 }
learned exit AreaKey { scene: 17, anchor: (1280, 512) } event=256 -> AreaKey { scene: 17, anchor: (1408, 512) }
marked destination touch VisitKey { scene: 17, area: (1408, 512), event_id: 257, trigger_script: 8572, state: 1 }
learned exit AreaKey { scene: 17, anchor: (1280, 512) } event=257 -> AreaKey { scene: 17, anchor: (1408, 512) }
area teleport in scene 17 at frame 12946: (1344, 560) -> (1440, 512)
target scene=17 area=(1408, 512) event=257 script=8572 mode=4 state=1 player=(1440, 512) pos=(1408, 528) path=2
learned targeted exit AreaKey { scene: 17, anchor: (1408, 512) } event=257 -> AreaKey { scene: 17, anchor: (1280, 512) }
marked destination touch VisitKey { scene: 17, area: (1280, 512), event_id: 257, trigger_script: 8569, state: 1 }
learned exit AreaKey { scene: 17, anchor: (1408, 512) } event=257 -> AreaKey { scene: 17, anchor: (1280, 512) }
area teleport in scene 17 at frame 12959: (1408, 528) -> (1328, 568)
target scene=17 area=(1280, 512) event=264 script=9576 mode=1 state=2 player=(1328, 568) pos=(1408, 432) path=40
marked destination touch VisitKey { scene: 17, area: (1408, 512), event_id: 256, trigger_script: 8564, state: 1 }
learned exit AreaKey { scene: 17, anchor: (1280, 512) } event=256 -> AreaKey { scene: 17, anchor: (1408, 512) }
marked destination touch VisitKey { scene: 17, area: (1408, 512), event_id: 257, trigger_script: 8572, state: 1 }
learned exit AreaKey { scene: 17, anchor: (1280, 512) } event=257 -> AreaKey { scene: 17, anchor: (1408, 512) }
area teleport in scene 17 at frame 13000: (1344, 560) -> (1440, 512)
target scene=17 area=(1408, 512) event=257 script=8572 mode=4 state=1 player=(1440, 512) pos=(1408, 528) path=2
learned targeted exit AreaKey { scene: 17, anchor: (1408, 512) } event=257 -> AreaKey { scene: 17, anchor: (1280, 512) }
marked destination touch VisitKey { scene: 17, area: (1280, 512), event_id: 257, trigger_script: 8569, state: 1 }
learned exit AreaKey { scene: 17, anchor: (1408, 512) } event=257 -> AreaKey { scene: 17, anchor: (1280, 512) }
area teleport in scene 17 at frame 13013: (1408, 528) -> (1328, 568)
target scene=17 area=(1280, 512) event=264 script=9576 mode=1 state=2 player=(1328, 568) pos=(1408, 432) path=40
marked destination touch VisitKey { scene: 17, area: (1408, 512), event_id: 256, trigger_script: 8564, state: 1 }
learned exit AreaKey { scene: 17, anchor: (1280, 512) } event=256 -> AreaKey { scene: 17, anchor: (1408, 512) }
marked destination touch VisitKey { scene: 17, area: (1408, 512), event_id: 257, trigger_script: 8572, state: 1 }
learned exit AreaKey { scene: 17, anchor: (1280, 512) } event=257 -> AreaKey { scene: 17, anchor: (1408, 512) }
area teleport in scene 17 at frame 13054: (1344, 560) -> (1440, 512)
target scene=17 area=(1408, 512) event=257 script=8572 mode=4 state=1 player=(1440, 512) pos=(1408, 528) path=2
learned targeted exit AreaKey { scene: 17, anchor: (1408, 512) } event=257 -> AreaKey { scene: 17, anchor: (1280, 512) }
marked destination touch VisitKey { scene: 17, area: (1280, 512), event_id: 257, trigger_script: 8569, state: 1 }
learned exit AreaKey { scene: 17, anchor: (1408, 512) } event=257 -> AreaKey { scene: 17, anchor: (1280, 512) }
area teleport in scene 17 at frame 13067: (1408, 528) -> (1328, 568)
target scene=17 area=(1280, 512) event=264 script=9576 mode=1 state=2 player=(1328, 568) pos=(1408, 432) path=40
marked destination touch VisitKey { scene: 17, area: (1408, 512), event_id: 256, trigger_script: 8564, state: 1 }
learned exit AreaKey { scene: 17, anchor: (1280, 512) } event=256 -> AreaKey { scene: 17, anchor: (1408, 512) }
marked destination touch VisitKey { scene: 17, area: (1408, 512), event_id: 257, trigger_script: 8572, state: 1 }
learned exit AreaKey { scene: 17, anchor: (1280, 512) } event=257 -> AreaKey { scene: 17, anchor: (1408, 512) }
area teleport in scene 17 at frame 13108: (1344, 560) -> (1440, 512)
target scene=17 area=(1408, 512) event=257 script=8572 mode=4 state=1 player=(1440, 512) pos=(1408, 528) path=2
learned targeted exit AreaKey { scene: 17, anchor: (1408, 512) } event=257 -> AreaKey { scene: 17, anchor: (1280, 512) }
marked destination touch VisitKey { scene: 17, area: (1280, 512), event_id: 257, trigger_script: 8569, state: 1 }
learned exit AreaKey { scene: 17, anchor: (1408, 512) } event=257 -> AreaKey { scene: 17, anchor: (1280, 512) }
area teleport in scene 17 at frame 13121: (1408, 528) -> (1328, 568)
target scene=17 area=(1280, 512) event=264 script=9576 mode=1 state=2 player=(1328, 568) pos=(1408, 432) path=40
marked destination touch VisitKey { scene: 17, area: (1408, 512), event_id: 256, trigger_script: 8564, state: 1 }
learned exit AreaKey { scene: 17, anchor: (1280, 512) } event=256 -> AreaKey { scene: 17, anchor: (1408, 512) }
marked destination touch VisitKey { scene: 17, area: (1408, 512), event_id: 257, trigger_script: 8572, state: 1 }
learned exit AreaKey { scene: 17, anchor: (1280, 512) } event=257 -> AreaKey { scene: 17, anchor: (1408, 512) }
area teleport in scene 17 at frame 13162: (1344, 560) -> (1440, 512)
target scene=17 area=(1408, 512) event=257 script=8572 mode=4 state=1 player=(1440, 512) pos=(1408, 528) path=2
learned targeted exit AreaKey { scene: 17, anchor: (1408, 512) } event=257 -> AreaKey { scene: 17, anchor: (1280, 512) }
marked destination touch VisitKey { scene: 17, area: (1280, 512), event_id: 257, trigger_script: 8569, state: 1 }
learned exit AreaKey { scene: 17, anchor: (1408, 512) } event=257 -> AreaKey { scene: 17, anchor: (1280, 512) }
area teleport in scene 17 at frame 13175: (1408, 528) -> (1328, 568)
target scene=17 area=(1280, 512) event=264 script=9576 mode=1 state=2 player=(1328, 568) pos=(1408, 432) path=40
marked destination touch VisitKey { scene: 17, area: (1408, 512), event_id: 256, trigger_script: 8564, state: 1 }
learned exit AreaKey { scene: 17, anchor: (1280, 512) } event=256 -> AreaKey { scene: 17, anchor: (1408, 512) }
marked destination touch VisitKey { scene: 17, area: (1408, 512), event_id: 257, trigger_script: 8572, state: 1 }
learned exit AreaKey { scene: 17, anchor: (1280, 512) } event=257 -> AreaKey { scene: 17, anchor: (1408, 512) }
area teleport in scene 17 at frame 13216: (1344, 560) -> (1440, 512)
target scene=17 area=(1408, 512) event=257 script=8572 mode=4 state=1 player=(1440, 512) pos=(1408, 528) path=2
learned targeted exit AreaKey { scene: 17, anchor: (1408, 512) } event=257 -> AreaKey { scene: 17, anchor: (1280, 512) }
marked destination touch VisitKey { scene: 17, area: (1280, 512), event_id: 257, trigger_script: 8569, state: 1 }
learned exit AreaKey { scene: 17, anchor: (1408, 512) } event=257 -> AreaKey { scene: 17, anchor: (1280, 512) }
area teleport in scene 17 at frame 13229: (1408, 528) -> (1328, 568)
target scene=17 area=(1280, 512) event=264 script=9576 mode=1 state=2 player=(1328, 568) pos=(1408, 432) path=40
marked destination touch VisitKey { scene: 17, area: (1408, 512), event_id: 256, trigger_script: 8564, state: 1 }
learned exit AreaKey { scene: 17, anchor: (1280, 512) } event=256 -> AreaKey { scene: 17, anchor: (1408, 512) }
marked destination touch VisitKey { scene: 17, area: (1408, 512), event_id: 257, trigger_script: 8572, state: 1 }
learned exit AreaKey { scene: 17, anchor: (1280, 512) } event=257 -> AreaKey { scene: 17, anchor: (1408, 512) }
area teleport in scene 17 at frame 13270: (1344, 560) -> (1440, 512)
target scene=17 area=(1408, 512) event=257 script=8572 mode=4 state=1 player=(1440, 512) pos=(1408, 528) path=2
learned targeted exit AreaKey { scene: 17, anchor: (1408, 512) } event=257 -> AreaKey { scene: 17, anchor: (1280, 512) }
marked destination touch VisitKey { scene: 17, area: (1280, 512), event_id: 257, trigger_script: 8569, state: 1 }
learned exit AreaKey { scene: 17, anchor: (1408, 512) } event=257 -> AreaKey { scene: 17, anchor: (1280, 512) }
area teleport in scene 17 at frame 13283: (1408, 528) -> (1328, 568)
target scene=17 area=(1280, 512) event=264 script=9576 mode=1 state=2 player=(1328, 568) pos=(1408, 432) path=40
marked destination touch VisitKey { scene: 17, area: (1408, 512), event_id: 256, trigger_script: 8564, state: 1 }
learned exit AreaKey { scene: 17, anchor: (1280, 512) } event=256 -> AreaKey { scene: 17, anchor: (1408, 512) }
marked destination touch VisitKey { scene: 17, area: (1408, 512), event_id: 257, trigger_script: 8572, state: 1 }
learned exit AreaKey { scene: 17, anchor: (1280, 512) } event=257 -> AreaKey { scene: 17, anchor: (1408, 512) }
area teleport in scene 17 at frame 13324: (1344, 560) -> (1440, 512)
target scene=17 area=(1408, 512) event=257 script=8572 mode=4 state=1 player=(1440, 512) pos=(1408, 528) path=2
learned targeted exit AreaKey { scene: 17, anchor: (1408, 512) } event=257 -> AreaKey { scene: 17, anchor: (1280, 512) }
marked destination touch VisitKey { scene: 17, area: (1280, 512), event_id: 257, trigger_script: 8569, state: 1 }
learned exit AreaKey { scene: 17, anchor: (1408, 512) } event=257 -> AreaKey { scene: 17, anchor: (1280, 512) }
area teleport in scene 17 at frame 13337: (1408, 528) -> (1328, 568)
target scene=17 area=(1280, 512) event=264 script=9576 mode=1 state=2 player=(1328, 568) pos=(1408, 432) path=40
marked destination touch VisitKey { scene: 17, area: (1408, 512), event_id: 256, trigger_script: 8564, state: 1 }
learned exit AreaKey { scene: 17, anchor: (1280, 512) } event=256 -> AreaKey { scene: 17, anchor: (1408, 512) }
marked destination touch VisitKey { scene: 17, area: (1408, 512), event_id: 257, trigger_script: 8572, state: 1 }
learned exit AreaKey { scene: 17, anchor: (1280, 512) } event=257 -> AreaKey { scene: 17, anchor: (1408, 512) }
area teleport in scene 17 at frame 13378: (1344, 560) -> (1440, 512)
target scene=17 area=(1408, 512) event=257 script=8572 mode=4 state=1 player=(1440, 512) pos=(1408, 528) path=2
learned targeted exit AreaKey { scene: 17, anchor: (1408, 512) } event=257 -> AreaKey { scene: 17, anchor: (1280, 512) }
marked destination touch VisitKey { scene: 17, area: (1280, 512), event_id: 257, trigger_script: 8569, state: 1 }
learned exit AreaKey { scene: 17, anchor: (1408, 512) } event=257 -> AreaKey { scene: 17, anchor: (1280, 512) }
area teleport in scene 17 at frame 13391: (1408, 528) -> (1328, 568)
target scene=17 area=(1280, 512) event=264 script=9576 mode=1 state=2 player=(1328, 568) pos=(1408, 432) path=40
marked destination touch VisitKey { scene: 17, area: (1408, 512), event_id: 256, trigger_script: 8564, state: 1 }
learned exit AreaKey { scene: 17, anchor: (1280, 512) } event=256 -> AreaKey { scene: 17, anchor: (1408, 512) }
marked destination touch VisitKey { scene: 17, area: (1408, 512), event_id: 257, trigger_script: 8572, state: 1 }
learned exit AreaKey { scene: 17, anchor: (1280, 512) } event=257 -> AreaKey { scene: 17, anchor: (1408, 512) }
area teleport in scene 17 at frame 13432: (1344, 560) -> (1440, 512)
target scene=17 area=(1408, 512) event=257 script=8572 mode=4 state=1 player=(1440, 512) pos=(1408, 528) path=2
learned targeted exit AreaKey { scene: 17, anchor: (1408, 512) } event=257 -> AreaKey { scene: 17, anchor: (1280, 512) }
marked destination touch VisitKey { scene: 17, area: (1280, 512), event_id: 257, trigger_script: 8569, state: 1 }
learned exit AreaKey { scene: 17, anchor: (1408, 512) } event=257 -> AreaKey { scene: 17, anchor: (1280, 512) }
area teleport in scene 17 at frame 13445: (1408, 528) -> (1328, 568)
target scene=17 area=(1280, 512) event=264 script=9576 mode=1 state=2 player=(1328, 568) pos=(1408, 432) path=40
marked destination touch VisitKey { scene: 17, area: (1408, 512), event_id: 256, trigger_script: 8564, state: 1 }
learned exit AreaKey { scene: 17, anchor: (1280, 512) } event=256 -> AreaKey { scene: 17, anchor: (1408, 512) }
marked destination touch VisitKey { scene: 17, area: (1408, 512), event_id: 257, trigger_script: 8572, state: 1 }
learned exit AreaKey { scene: 17, anchor: (1280, 512) } event=257 -> AreaKey { scene: 17, anchor: (1408, 512) }
area teleport in scene 17 at frame 13486: (1344, 560) -> (1440, 512)
target scene=17 area=(1408, 512) event=257 script=8572 mode=4 state=1 player=(1440, 512) pos=(1408, 528) path=2
learned targeted exit AreaKey { scene: 17, anchor: (1408, 512) } event=257 -> AreaKey { scene: 17, anchor: (1280, 512) }
marked destination touch VisitKey { scene: 17, area: (1280, 512), event_id: 257, trigger_script: 8569, state: 1 }
learned exit AreaKey { scene: 17, anchor: (1408, 512) } event=257 -> AreaKey { scene: 17, anchor: (1280, 512) }
area teleport in scene 17 at frame 13499: (1408, 528) -> (1328, 568)
target scene=17 area=(1280, 512) event=264 script=9576 mode=1 state=2 player=(1328, 568) pos=(1408, 432) path=40
marked destination touch VisitKey { scene: 17, area: (1408, 512), event_id: 256, trigger_script: 8564, state: 1 }
learned exit AreaKey { scene: 17, anchor: (1280, 512) } event=256 -> AreaKey { scene: 17, anchor: (1408, 512) }
marked destination touch VisitKey { scene: 17, area: (1408, 512), event_id: 257, trigger_script: 8572, state: 1 }
learned exit AreaKey { scene: 17, anchor: (1280, 512) } event=257 -> AreaKey { scene: 17, anchor: (1408, 512) }
area teleport in scene 17 at frame 13540: (1344, 560) -> (1440, 512)
target scene=17 area=(1408, 512) event=257 script=8572 mode=4 state=1 player=(1440, 512) pos=(1408, 528) path=2
learned targeted exit AreaKey { scene: 17, anchor: (1408, 512) } event=257 -> AreaKey { scene: 17, anchor: (1280, 512) }
marked destination touch VisitKey { scene: 17, area: (1280, 512), event_id: 257, trigger_script: 8569, state: 1 }
learned exit AreaKey { scene: 17, anchor: (1408, 512) } event=257 -> AreaKey { scene: 17, anchor: (1280, 512) }
area teleport in scene 17 at frame 13553: (1408, 528) -> (1328, 568)
target scene=17 area=(1280, 512) event=264 script=9576 mode=1 state=2 player=(1328, 568) pos=(1408, 432) path=40
marked destination touch VisitKey { scene: 17, area: (1408, 512), event_id: 256, trigger_script: 8564, state: 1 }
learned exit AreaKey { scene: 17, anchor: (1280, 512) } event=256 -> AreaKey { scene: 17, anchor: (1408, 512) }
marked destination touch VisitKey { scene: 17, area: (1408, 512), event_id: 257, trigger_script: 8572, state: 1 }
learned exit AreaKey { scene: 17, anchor: (1280, 512) } event=257 -> AreaKey { scene: 17, anchor: (1408, 512) }
area teleport in scene 17 at frame 13594: (1344, 560) -> (1440, 512)
target scene=17 area=(1408, 512) event=257 script=8572 mode=4 state=1 player=(1440, 512) pos=(1408, 528) path=2
learned targeted exit AreaKey { scene: 17, anchor: (1408, 512) } event=257 -> AreaKey { scene: 17, anchor: (1280, 512) }
marked destination touch VisitKey { scene: 17, area: (1280, 512), event_id: 257, trigger_script: 8569, state: 1 }
learned exit AreaKey { scene: 17, anchor: (1408, 512) } event=257 -> AreaKey { scene: 17, anchor: (1280, 512) }
area teleport in scene 17 at frame 13607: (1408, 528) -> (1328, 568)
target scene=17 area=(1280, 512) event=264 script=9576 mode=1 state=2 player=(1328, 568) pos=(1408, 432) path=40
marked destination touch VisitKey { scene: 17, area: (1408, 512), event_id: 256, trigger_script: 8564, state: 1 }
learned exit AreaKey { scene: 17, anchor: (1280, 512) } event=256 -> AreaKey { scene: 17, anchor: (1408, 512) }
marked destination touch VisitKey { scene: 17, area: (1408, 512), event_id: 257, trigger_script: 8572, state: 1 }
learned exit AreaKey { scene: 17, anchor: (1280, 512) } event=257 -> AreaKey { scene: 17, anchor: (1408, 512) }
area teleport in scene 17 at frame 13648: (1344, 560) -> (1440, 512)
target scene=17 area=(1408, 512) event=257 script=8572 mode=4 state=1 player=(1440, 512) pos=(1408, 528) path=2
learned targeted exit AreaKey { scene: 17, anchor: (1408, 512) } event=257 -> AreaKey { scene: 17, anchor: (1280, 512) }
marked destination touch VisitKey { scene: 17, area: (1280, 512), event_id: 257, trigger_script: 8569, state: 1 }
learned exit AreaKey { scene: 17, anchor: (1408, 512) } event=257 -> AreaKey { scene: 17, anchor: (1280, 512) }
area teleport in scene 17 at frame 13661: (1408, 528) -> (1328, 568)
target scene=17 area=(1280, 512) event=264 script=9576 mode=1 state=2 player=(1328, 568) pos=(1408, 432) path=40
marked destination touch VisitKey { scene: 17, area: (1408, 512), event_id: 256, trigger_script: 8564, state: 1 }
learned exit AreaKey { scene: 17, anchor: (1280, 512) } event=256 -> AreaKey { scene: 17, anchor: (1408, 512) }
marked destination touch VisitKey { scene: 17, area: (1408, 512), event_id: 257, trigger_script: 8572, state: 1 }
learned exit AreaKey { scene: 17, anchor: (1280, 512) } event=257 -> AreaKey { scene: 17, anchor: (1408, 512) }
area teleport in scene 17 at frame 13702: (1344, 560) -> (1440, 512)
target scene=17 area=(1408, 512) event=257 script=8572 mode=4 state=1 player=(1440, 512) pos=(1408, 528) path=2
learned targeted exit AreaKey { scene: 17, anchor: (1408, 512) } event=257 -> AreaKey { scene: 17, anchor: (1280, 512) }
marked destination touch VisitKey { scene: 17, area: (1280, 512), event_id: 257, trigger_script: 8569, state: 1 }
learned exit AreaKey { scene: 17, anchor: (1408, 512) } event=257 -> AreaKey { scene: 17, anchor: (1280, 512) }
area teleport in scene 17 at frame 13715: (1408, 528) -> (1328, 568)
target scene=17 area=(1280, 512) event=264 script=9576 mode=1 state=2 player=(1328, 568) pos=(1408, 432) path=40
marked destination touch VisitKey { scene: 17, area: (1408, 512), event_id: 256, trigger_script: 8564, state: 1 }
learned exit AreaKey { scene: 17, anchor: (1280, 512) } event=256 -> AreaKey { scene: 17, anchor: (1408, 512) }
marked destination touch VisitKey { scene: 17, area: (1408, 512), event_id: 257, trigger_script: 8572, state: 1 }
learned exit AreaKey { scene: 17, anchor: (1280, 512) } event=257 -> AreaKey { scene: 17, anchor: (1408, 512) }
area teleport in scene 17 at frame 13756: (1344, 560) -> (1440, 512)
target scene=17 area=(1408, 512) event=257 script=8572 mode=4 state=1 player=(1440, 512) pos=(1408, 528) path=2
learned targeted exit AreaKey { scene: 17, anchor: (1408, 512) } event=257 -> AreaKey { scene: 17, anchor: (1280, 512) }
marked destination touch VisitKey { scene: 17, area: (1280, 512), event_id: 257, trigger_script: 8569, state: 1 }
learned exit AreaKey { scene: 17, anchor: (1408, 512) } event=257 -> AreaKey { scene: 17, anchor: (1280, 512) }
area teleport in scene 17 at frame 13769: (1408, 528) -> (1328, 568)
target scene=17 area=(1280, 512) event=264 script=9576 mode=1 state=2 player=(1328, 568) pos=(1408, 432) path=40
marked destination touch VisitKey { scene: 17, area: (1408, 512), event_id: 256, trigger_script: 8564, state: 1 }
learned exit AreaKey { scene: 17, anchor: (1280, 512) } event=256 -> AreaKey { scene: 17, anchor: (1408, 512) }
marked destination touch VisitKey { scene: 17, area: (1408, 512), event_id: 257, trigger_script: 8572, state: 1 }
learned exit AreaKey { scene: 17, anchor: (1280, 512) } event=257 -> AreaKey { scene: 17, anchor: (1408, 512) }
area teleport in scene 17 at frame 13810: (1344, 560) -> (1440, 512)
target scene=17 area=(1408, 512) event=257 script=8572 mode=4 state=1 player=(1440, 512) pos=(1408, 528) path=2
learned targeted exit AreaKey { scene: 17, anchor: (1408, 512) } event=257 -> AreaKey { scene: 17, anchor: (1280, 512) }
marked destination touch VisitKey { scene: 17, area: (1280, 512), event_id: 257, trigger_script: 8569, state: 1 }
learned exit AreaKey { scene: 17, anchor: (1408, 512) } event=257 -> AreaKey { scene: 17, anchor: (1280, 512) }
area teleport in scene 17 at frame 13823: (1408, 528) -> (1328, 568)
target scene=17 area=(1280, 512) event=264 script=9576 mode=1 state=2 player=(1328, 568) pos=(1408, 432) path=40
marked destination touch VisitKey { scene: 17, area: (1408, 512), event_id: 256, trigger_script: 8564, state: 1 }
learned exit AreaKey { scene: 17, anchor: (1280, 512) } event=256 -> AreaKey { scene: 17, anchor: (1408, 512) }
marked destination touch VisitKey { scene: 17, area: (1408, 512), event_id: 257, trigger_script: 8572, state: 1 }
learned exit AreaKey { scene: 17, anchor: (1280, 512) } event=257 -> AreaKey { scene: 17, anchor: (1408, 512) }
area teleport in scene 17 at frame 13864: (1344, 560) -> (1440, 512)
target scene=17 area=(1408, 512) event=257 script=8572 mode=4 state=1 player=(1440, 512) pos=(1408, 528) path=2
learned targeted exit AreaKey { scene: 17, anchor: (1408, 512) } event=257 -> AreaKey { scene: 17, anchor: (1280, 512) }
marked destination touch VisitKey { scene: 17, area: (1280, 512), event_id: 257, trigger_script: 8569, state: 1 }
learned exit AreaKey { scene: 17, anchor: (1408, 512) } event=257 -> AreaKey { scene: 17, anchor: (1280, 512) }
area teleport in scene 17 at frame 13877: (1408, 528) -> (1328, 568)
target scene=17 area=(1280, 512) event=264 script=9576 mode=1 state=2 player=(1328, 568) pos=(1408, 432) path=40
marked destination touch VisitKey { scene: 17, area: (1408, 512), event_id: 256, trigger_script: 8564, state: 1 }
learned exit AreaKey { scene: 17, anchor: (1280, 512) } event=256 -> AreaKey { scene: 17, anchor: (1408, 512) }
marked destination touch VisitKey { scene: 17, area: (1408, 512), event_id: 257, trigger_script: 8572, state: 1 }
learned exit AreaKey { scene: 17, anchor: (1280, 512) } event=257 -> AreaKey { scene: 17, anchor: (1408, 512) }
area teleport in scene 17 at frame 13918: (1344, 560) -> (1440, 512)
target scene=17 area=(1408, 512) event=257 script=8572 mode=4 state=1 player=(1440, 512) pos=(1408, 528) path=2
learned targeted exit AreaKey { scene: 17, anchor: (1408, 512) } event=257 -> AreaKey { scene: 17, anchor: (1280, 512) }
marked destination touch VisitKey { scene: 17, area: (1280, 512), event_id: 257, trigger_script: 8569, state: 1 }
learned exit AreaKey { scene: 17, anchor: (1408, 512) } event=257 -> AreaKey { scene: 17, anchor: (1280, 512) }
area teleport in scene 17 at frame 13931: (1408, 528) -> (1328, 568)
target scene=17 area=(1280, 512) event=264 script=9576 mode=1 state=2 player=(1328, 568) pos=(1408, 432) path=40
marked destination touch VisitKey { scene: 17, area: (1408, 512), event_id: 256, trigger_script: 8564, state: 1 }
learned exit AreaKey { scene: 17, anchor: (1280, 512) } event=256 -> AreaKey { scene: 17, anchor: (1408, 512) }
marked destination touch VisitKey { scene: 17, area: (1408, 512), event_id: 257, trigger_script: 8572, state: 1 }
learned exit AreaKey { scene: 17, anchor: (1280, 512) } event=257 -> AreaKey { scene: 17, anchor: (1408, 512) }
area teleport in scene 17 at frame 13972: (1344, 560) -> (1440, 512)
target scene=17 area=(1408, 512) event=257 script=8572 mode=4 state=1 player=(1440, 512) pos=(1408, 528) path=2
learned targeted exit AreaKey { scene: 17, anchor: (1408, 512) } event=257 -> AreaKey { scene: 17, anchor: (1280, 512) }
marked destination touch VisitKey { scene: 17, area: (1280, 512), event_id: 257, trigger_script: 8569, state: 1 }
learned exit AreaKey { scene: 17, anchor: (1408, 512) } event=257 -> AreaKey { scene: 17, anchor: (1280, 512) }
area teleport in scene 17 at frame 13985: (1408, 528) -> (1328, 568)
target scene=17 area=(1280, 512) event=264 script=9576 mode=1 state=2 player=(1328, 568) pos=(1408, 432) path=40
marked destination touch VisitKey { scene: 17, area: (1408, 512), event_id: 256, trigger_script: 8564, state: 1 }
learned exit AreaKey { scene: 17, anchor: (1280, 512) } event=256 -> AreaKey { scene: 17, anchor: (1408, 512) }
marked destination touch VisitKey { scene: 17, area: (1408, 512), event_id: 257, trigger_script: 8572, state: 1 }
learned exit AreaKey { scene: 17, anchor: (1280, 512) } event=257 -> AreaKey { scene: 17, anchor: (1408, 512) }
area teleport in scene 17 at frame 14026: (1344, 560) -> (1440, 512)
target scene=17 area=(1408, 512) event=257 script=8572 mode=4 state=1 player=(1440, 512) pos=(1408, 528) path=2
learned targeted exit AreaKey { scene: 17, anchor: (1408, 512) } event=257 -> AreaKey { scene: 17, anchor: (1280, 512) }
marked destination touch VisitKey { scene: 17, area: (1280, 512), event_id: 257, trigger_script: 8569, state: 1 }
learned exit AreaKey { scene: 17, anchor: (1408, 512) } event=257 -> AreaKey { scene: 17, anchor: (1280, 512) }
area teleport in scene 17 at frame 14039: (1408, 528) -> (1328, 568)
target scene=17 area=(1280, 512) event=264 script=9576 mode=1 state=2 player=(1328, 568) pos=(1408, 432) path=40
marked destination touch VisitKey { scene: 17, area: (1408, 512), event_id: 256, trigger_script: 8564, state: 1 }
learned exit AreaKey { scene: 17, anchor: (1280, 512) } event=256 -> AreaKey { scene: 17, anchor: (1408, 512) }
marked destination touch VisitKey { scene: 17, area: (1408, 512), event_id: 257, trigger_script: 8572, state: 1 }
learned exit AreaKey { scene: 17, anchor: (1280, 512) } event=257 -> AreaKey { scene: 17, anchor: (1408, 512) }
area teleport in scene 17 at frame 14080: (1344, 560) -> (1440, 512)
target scene=17 area=(1408, 512) event=257 script=8572 mode=4 state=1 player=(1440, 512) pos=(1408, 528) path=2
learned targeted exit AreaKey { scene: 17, anchor: (1408, 512) } event=257 -> AreaKey { scene: 17, anchor: (1280, 512) }
marked destination touch VisitKey { scene: 17, area: (1280, 512), event_id: 257, trigger_script: 8569, state: 1 }
learned exit AreaKey { scene: 17, anchor: (1408, 512) } event=257 -> AreaKey { scene: 17, anchor: (1280, 512) }
area teleport in scene 17 at frame 14093: (1408, 528) -> (1328, 568)
target scene=17 area=(1280, 512) event=264 script=9576 mode=1 state=2 player=(1328, 568) pos=(1408, 432) path=40
marked destination touch VisitKey { scene: 17, area: (1408, 512), event_id: 256, trigger_script: 8564, state: 1 }
learned exit AreaKey { scene: 17, anchor: (1280, 512) } event=256 -> AreaKey { scene: 17, anchor: (1408, 512) }
marked destination touch VisitKey { scene: 17, area: (1408, 512), event_id: 257, trigger_script: 8572, state: 1 }
learned exit AreaKey { scene: 17, anchor: (1280, 512) } event=257 -> AreaKey { scene: 17, anchor: (1408, 512) }
area teleport in scene 17 at frame 14134: (1344, 560) -> (1440, 512)
target scene=17 area=(1408, 512) event=257 script=8572 mode=4 state=1 player=(1440, 512) pos=(1408, 528) path=2
learned targeted exit AreaKey { scene: 17, anchor: (1408, 512) } event=257 -> AreaKey { scene: 17, anchor: (1280, 512) }
marked destination touch VisitKey { scene: 17, area: (1280, 512), event_id: 257, trigger_script: 8569, state: 1 }
learned exit AreaKey { scene: 17, anchor: (1408, 512) } event=257 -> AreaKey { scene: 17, anchor: (1280, 512) }
area teleport in scene 17 at frame 14147: (1408, 528) -> (1328, 568)
target scene=17 area=(1280, 512) event=264 script=9576 mode=1 state=2 player=(1328, 568) pos=(1408, 432) path=40
marked destination touch VisitKey { scene: 17, area: (1408, 512), event_id: 256, trigger_script: 8564, state: 1 }
learned exit AreaKey { scene: 17, anchor: (1280, 512) } event=256 -> AreaKey { scene: 17, anchor: (1408, 512) }
marked destination touch VisitKey { scene: 17, area: (1408, 512), event_id: 257, trigger_script: 8572, state: 1 }
learned exit AreaKey { scene: 17, anchor: (1280, 512) } event=257 -> AreaKey { scene: 17, anchor: (1408, 512) }
area teleport in scene 17 at frame 14188: (1344, 560) -> (1440, 512)
target scene=17 area=(1408, 512) event=257 script=8572 mode=4 state=1 player=(1440, 512) pos=(1408, 528) path=2
learned targeted exit AreaKey { scene: 17, anchor: (1408, 512) } event=257 -> AreaKey { scene: 17, anchor: (1280, 512) }
marked destination touch VisitKey { scene: 17, area: (1280, 512), event_id: 257, trigger_script: 8569, state: 1 }
learned exit AreaKey { scene: 17, anchor: (1408, 512) } event=257 -> AreaKey { scene: 17, anchor: (1280, 512) }
area teleport in scene 17 at frame 14201: (1408, 528) -> (1328, 568)
target scene=17 area=(1280, 512) event=264 script=9576 mode=1 state=2 player=(1328, 568) pos=(1408, 432) path=40
marked destination touch VisitKey { scene: 17, area: (1408, 512), event_id: 256, trigger_script: 8564, state: 1 }
learned exit AreaKey { scene: 17, anchor: (1280, 512) } event=256 -> AreaKey { scene: 17, anchor: (1408, 512) }
marked destination touch VisitKey { scene: 17, area: (1408, 512), event_id: 257, trigger_script: 8572, state: 1 }
learned exit AreaKey { scene: 17, anchor: (1280, 512) } event=257 -> AreaKey { scene: 17, anchor: (1408, 512) }
area teleport in scene 17 at frame 14242: (1344, 560) -> (1440, 512)
target scene=17 area=(1408, 512) event=257 script=8572 mode=4 state=1 player=(1440, 512) pos=(1408, 528) path=2
learned targeted exit AreaKey { scene: 17, anchor: (1408, 512) } event=257 -> AreaKey { scene: 17, anchor: (1280, 512) }
marked destination touch VisitKey { scene: 17, area: (1280, 512), event_id: 257, trigger_script: 8569, state: 1 }
learned exit AreaKey { scene: 17, anchor: (1408, 512) } event=257 -> AreaKey { scene: 17, anchor: (1280, 512) }
area teleport in scene 17 at frame 14255: (1408, 528) -> (1328, 568)
target scene=17 area=(1280, 512) event=264 script=9576 mode=1 state=2 player=(1328, 568) pos=(1408, 432) path=40
marked destination touch VisitKey { scene: 17, area: (1408, 512), event_id: 256, trigger_script: 8564, state: 1 }
learned exit AreaKey { scene: 17, anchor: (1280, 512) } event=256 -> AreaKey { scene: 17, anchor: (1408, 512) }
marked destination touch VisitKey { scene: 17, area: (1408, 512), event_id: 257, trigger_script: 8572, state: 1 }
learned exit AreaKey { scene: 17, anchor: (1280, 512) } event=257 -> AreaKey { scene: 17, anchor: (1408, 512) }
area teleport in scene 17 at frame 14296: (1344, 560) -> (1440, 512)
target scene=17 area=(1408, 512) event=257 script=8572 mode=4 state=1 player=(1440, 512) pos=(1408, 528) path=2
learned targeted exit AreaKey { scene: 17, anchor: (1408, 512) } event=257 -> AreaKey { scene: 17, anchor: (1280, 512) }
marked destination touch VisitKey { scene: 17, area: (1280, 512), event_id: 257, trigger_script: 8569, state: 1 }
learned exit AreaKey { scene: 17, anchor: (1408, 512) } event=257 -> AreaKey { scene: 17, anchor: (1280, 512) }
area teleport in scene 17 at frame 14309: (1408, 528) -> (1328, 568)
target scene=17 area=(1280, 512) event=264 script=9576 mode=1 state=2 player=(1328, 568) pos=(1408, 432) path=40
marked destination touch VisitKey { scene: 17, area: (1408, 512), event_id: 256, trigger_script: 8564, state: 1 }
learned exit AreaKey { scene: 17, anchor: (1280, 512) } event=256 -> AreaKey { scene: 17, anchor: (1408, 512) }
marked destination touch VisitKey { scene: 17, area: (1408, 512), event_id: 257, trigger_script: 8572, state: 1 }
learned exit AreaKey { scene: 17, anchor: (1280, 512) } event=257 -> AreaKey { scene: 17, anchor: (1408, 512) }
area teleport in scene 17 at frame 14350: (1344, 560) -> (1440, 512)
target scene=17 area=(1408, 512) event=257 script=8572 mode=4 state=1 player=(1440, 512) pos=(1408, 528) path=2
learned targeted exit AreaKey { scene: 17, anchor: (1408, 512) } event=257 -> AreaKey { scene: 17, anchor: (1280, 512) }
marked destination touch VisitKey { scene: 17, area: (1280, 512), event_id: 257, trigger_script: 8569, state: 1 }
learned exit AreaKey { scene: 17, anchor: (1408, 512) } event=257 -> AreaKey { scene: 17, anchor: (1280, 512) }
area teleport in scene 17 at frame 14363: (1408, 528) -> (1328, 568)
target scene=17 area=(1280, 512) event=264 script=9576 mode=1 state=2 player=(1328, 568) pos=(1408, 432) path=40
marked destination touch VisitKey { scene: 17, area: (1408, 512), event_id: 256, trigger_script: 8564, state: 1 }
learned exit AreaKey { scene: 17, anchor: (1280, 512) } event=256 -> AreaKey { scene: 17, anchor: (1408, 512) }
marked destination touch VisitKey { scene: 17, area: (1408, 512), event_id: 257, trigger_script: 8572, state: 1 }
learned exit AreaKey { scene: 17, anchor: (1280, 512) } event=257 -> AreaKey { scene: 17, anchor: (1408, 512) }
area teleport in scene 17 at frame 14404: (1344, 560) -> (1440, 512)
target scene=17 area=(1408, 512) event=257 script=8572 mode=4 state=1 player=(1440, 512) pos=(1408, 528) path=2
learned targeted exit AreaKey { scene: 17, anchor: (1408, 512) } event=257 -> AreaKey { scene: 17, anchor: (1280, 512) }
marked destination touch VisitKey { scene: 17, area: (1280, 512), event_id: 257, trigger_script: 8569, state: 1 }
learned exit AreaKey { scene: 17, anchor: (1408, 512) } event=257 -> AreaKey { scene: 17, anchor: (1280, 512) }
area teleport in scene 17 at frame 14417: (1408, 528) -> (1328, 568)
target scene=17 area=(1280, 512) event=264 script=9576 mode=1 state=2 player=(1328, 568) pos=(1408, 432) path=40
marked destination touch VisitKey { scene: 17, area: (1408, 512), event_id: 256, trigger_script: 8564, state: 1 }
learned exit AreaKey { scene: 17, anchor: (1280, 512) } event=256 -> AreaKey { scene: 17, anchor: (1408, 512) }
marked destination touch VisitKey { scene: 17, area: (1408, 512), event_id: 257, trigger_script: 8572, state: 1 }
learned exit AreaKey { scene: 17, anchor: (1280, 512) } event=257 -> AreaKey { scene: 17, anchor: (1408, 512) }
area teleport in scene 17 at frame 14458: (1344, 560) -> (1440, 512)
target scene=17 area=(1408, 512) event=257 script=8572 mode=4 state=1 player=(1440, 512) pos=(1408, 528) path=2
learned targeted exit AreaKey { scene: 17, anchor: (1408, 512) } event=257 -> AreaKey { scene: 17, anchor: (1280, 512) }
marked destination touch VisitKey { scene: 17, area: (1280, 512), event_id: 257, trigger_script: 8569, state: 1 }
learned exit AreaKey { scene: 17, anchor: (1408, 512) } event=257 -> AreaKey { scene: 17, anchor: (1280, 512) }
area teleport in scene 17 at frame 14471: (1408, 528) -> (1328, 568)
target scene=17 area=(1280, 512) event=264 script=9576 mode=1 state=2 player=(1328, 568) pos=(1408, 432) path=40
marked destination touch VisitKey { scene: 17, area: (1408, 512), event_id: 256, trigger_script: 8564, state: 1 }
learned exit AreaKey { scene: 17, anchor: (1280, 512) } event=256 -> AreaKey { scene: 17, anchor: (1408, 512) }
marked destination touch VisitKey { scene: 17, area: (1408, 512), event_id: 257, trigger_script: 8572, state: 1 }
learned exit AreaKey { scene: 17, anchor: (1280, 512) } event=257 -> AreaKey { scene: 17, anchor: (1408, 512) }
area teleport in scene 17 at frame 14512: (1344, 560) -> (1440, 512)
target scene=17 area=(1408, 512) event=257 script=8572 mode=4 state=1 player=(1440, 512) pos=(1408, 528) path=2
learned targeted exit AreaKey { scene: 17, anchor: (1408, 512) } event=257 -> AreaKey { scene: 17, anchor: (1280, 512) }
marked destination touch VisitKey { scene: 17, area: (1280, 512), event_id: 257, trigger_script: 8569, state: 1 }
learned exit AreaKey { scene: 17, anchor: (1408, 512) } event=257 -> AreaKey { scene: 17, anchor: (1280, 512) }
area teleport in scene 17 at frame 14525: (1408, 528) -> (1328, 568)
target scene=17 area=(1280, 512) event=264 script=9576 mode=1 state=2 player=(1328, 568) pos=(1408, 432) path=40
marked destination touch VisitKey { scene: 17, area: (1408, 512), event_id: 256, trigger_script: 8564, state: 1 }
learned exit AreaKey { scene: 17, anchor: (1280, 512) } event=256 -> AreaKey { scene: 17, anchor: (1408, 512) }
marked destination touch VisitKey { scene: 17, area: (1408, 512), event_id: 257, trigger_script: 8572, state: 1 }
learned exit AreaKey { scene: 17, anchor: (1280, 512) } event=257 -> AreaKey { scene: 17, anchor: (1408, 512) }
area teleport in scene 17 at frame 14566: (1344, 560) -> (1440, 512)
target scene=17 area=(1408, 512) event=257 script=8572 mode=4 state=1 player=(1440, 512) pos=(1408, 528) path=2
learned targeted exit AreaKey { scene: 17, anchor: (1408, 512) } event=257 -> AreaKey { scene: 17, anchor: (1280, 512) }
marked destination touch VisitKey { scene: 17, area: (1280, 512), event_id: 257, trigger_script: 8569, state: 1 }
learned exit AreaKey { scene: 17, anchor: (1408, 512) } event=257 -> AreaKey { scene: 17, anchor: (1280, 512) }
area teleport in scene 17 at frame 14579: (1408, 528) -> (1328, 568)
target scene=17 area=(1280, 512) event=264 script=9576 mode=1 state=2 player=(1328, 568) pos=(1408, 432) path=40
marked destination touch VisitKey { scene: 17, area: (1408, 512), event_id: 256, trigger_script: 8564, state: 1 }
learned exit AreaKey { scene: 17, anchor: (1280, 512) } event=256 -> AreaKey { scene: 17, anchor: (1408, 512) }
marked destination touch VisitKey { scene: 17, area: (1408, 512), event_id: 257, trigger_script: 8572, state: 1 }
learned exit AreaKey { scene: 17, anchor: (1280, 512) } event=257 -> AreaKey { scene: 17, anchor: (1408, 512) }
area teleport in scene 17 at frame 14620: (1344, 560) -> (1440, 512)
target scene=17 area=(1408, 512) event=257 script=8572 mode=4 state=1 player=(1440, 512) pos=(1408, 528) path=2
learned targeted exit AreaKey { scene: 17, anchor: (1408, 512) } event=257 -> AreaKey { scene: 17, anchor: (1280, 512) }
marked destination touch VisitKey { scene: 17, area: (1280, 512), event_id: 257, trigger_script: 8569, state: 1 }
learned exit AreaKey { scene: 17, anchor: (1408, 512) } event=257 -> AreaKey { scene: 17, anchor: (1280, 512) }
area teleport in scene 17 at frame 14633: (1408, 528) -> (1328, 568)
target scene=17 area=(1280, 512) event=264 script=9576 mode=1 state=2 player=(1328, 568) pos=(1408, 432) path=40
marked destination touch VisitKey { scene: 17, area: (1408, 512), event_id: 256, trigger_script: 8564, state: 1 }
learned exit AreaKey { scene: 17, anchor: (1280, 512) } event=256 -> AreaKey { scene: 17, anchor: (1408, 512) }
marked destination touch VisitKey { scene: 17, area: (1408, 512), event_id: 257, trigger_script: 8572, state: 1 }
learned exit AreaKey { scene: 17, anchor: (1280, 512) } event=257 -> AreaKey { scene: 17, anchor: (1408, 512) }
area teleport in scene 17 at frame 14674: (1344, 560) -> (1440, 512)
target scene=17 area=(1408, 512) event=257 script=8572 mode=4 state=1 player=(1440, 512) pos=(1408, 528) path=2
learned targeted exit AreaKey { scene: 17, anchor: (1408, 512) } event=257 -> AreaKey { scene: 17, anchor: (1280, 512) }
marked destination touch VisitKey { scene: 17, area: (1280, 512), event_id: 257, trigger_script: 8569, state: 1 }
learned exit AreaKey { scene: 17, anchor: (1408, 512) } event=257 -> AreaKey { scene: 17, anchor: (1280, 512) }
area teleport in scene 17 at frame 14687: (1408, 528) -> (1328, 568)
target scene=17 area=(1280, 512) event=264 script=9576 mode=1 state=2 player=(1328, 568) pos=(1408, 432) path=40
marked destination touch VisitKey { scene: 17, area: (1408, 512), event_id: 256, trigger_script: 8564, state: 1 }
learned exit AreaKey { scene: 17, anchor: (1280, 512) } event=256 -> AreaKey { scene: 17, anchor: (1408, 512) }
marked destination touch VisitKey { scene: 17, area: (1408, 512), event_id: 257, trigger_script: 8572, state: 1 }
learned exit AreaKey { scene: 17, anchor: (1280, 512) } event=257 -> AreaKey { scene: 17, anchor: (1408, 512) }
area teleport in scene 17 at frame 14728: (1344, 560) -> (1440, 512)
target scene=17 area=(1408, 512) event=257 script=8572 mode=4 state=1 player=(1440, 512) pos=(1408, 528) path=2
learned targeted exit AreaKey { scene: 17, anchor: (1408, 512) } event=257 -> AreaKey { scene: 17, anchor: (1280, 512) }
marked destination touch VisitKey { scene: 17, area: (1280, 512), event_id: 257, trigger_script: 8569, state: 1 }
learned exit AreaKey { scene: 17, anchor: (1408, 512) } event=257 -> AreaKey { scene: 17, anchor: (1280, 512) }
area teleport in scene 17 at frame 14741: (1408, 528) -> (1328, 568)
target scene=17 area=(1280, 512) event=264 script=9576 mode=1 state=2 player=(1328, 568) pos=(1408, 432) path=40
marked destination touch VisitKey { scene: 17, area: (1408, 512), event_id: 256, trigger_script: 8564, state: 1 }
learned exit AreaKey { scene: 17, anchor: (1280, 512) } event=256 -> AreaKey { scene: 17, anchor: (1408, 512) }
marked destination touch VisitKey { scene: 17, area: (1408, 512), event_id: 257, trigger_script: 8572, state: 1 }
learned exit AreaKey { scene: 17, anchor: (1280, 512) } event=257 -> AreaKey { scene: 17, anchor: (1408, 512) }
area teleport in scene 17 at frame 14782: (1344, 560) -> (1440, 512)
target scene=17 area=(1408, 512) event=257 script=8572 mode=4 state=1 player=(1440, 512) pos=(1408, 528) path=2
learned targeted exit AreaKey { scene: 17, anchor: (1408, 512) } event=257 -> AreaKey { scene: 17, anchor: (1280, 512) }
marked destination touch VisitKey { scene: 17, area: (1280, 512), event_id: 257, trigger_script: 8569, state: 1 }
learned exit AreaKey { scene: 17, anchor: (1408, 512) } event=257 -> AreaKey { scene: 17, anchor: (1280, 512) }
area teleport in scene 17 at frame 14795: (1408, 528) -> (1328, 568)
target scene=17 area=(1280, 512) event=264 script=9576 mode=1 state=2 player=(1328, 568) pos=(1408, 432) path=40
marked destination touch VisitKey { scene: 17, area: (1408, 512), event_id: 256, trigger_script: 8564, state: 1 }
learned exit AreaKey { scene: 17, anchor: (1280, 512) } event=256 -> AreaKey { scene: 17, anchor: (1408, 512) }
marked destination touch VisitKey { scene: 17, area: (1408, 512), event_id: 257, trigger_script: 8572, state: 1 }
learned exit AreaKey { scene: 17, anchor: (1280, 512) } event=257 -> AreaKey { scene: 17, anchor: (1408, 512) }
area teleport in scene 17 at frame 14836: (1344, 560) -> (1440, 512)
target scene=17 area=(1408, 512) event=257 script=8572 mode=4 state=1 player=(1440, 512) pos=(1408, 528) path=2
learned targeted exit AreaKey { scene: 17, anchor: (1408, 512) } event=257 -> AreaKey { scene: 17, anchor: (1280, 512) }
marked destination touch VisitKey { scene: 17, area: (1280, 512), event_id: 257, trigger_script: 8569, state: 1 }
learned exit AreaKey { scene: 17, anchor: (1408, 512) } event=257 -> AreaKey { scene: 17, anchor: (1280, 512) }
area teleport in scene 17 at frame 14849: (1408, 528) -> (1328, 568)
target scene=17 area=(1280, 512) event=264 script=9576 mode=1 state=2 player=(1328, 568) pos=(1408, 432) path=40
marked destination touch VisitKey { scene: 17, area: (1408, 512), event_id: 256, trigger_script: 8564, state: 1 }
learned exit AreaKey { scene: 17, anchor: (1280, 512) } event=256 -> AreaKey { scene: 17, anchor: (1408, 512) }
marked destination touch VisitKey { scene: 17, area: (1408, 512), event_id: 257, trigger_script: 8572, state: 1 }
learned exit AreaKey { scene: 17, anchor: (1280, 512) } event=257 -> AreaKey { scene: 17, anchor: (1408, 512) }
area teleport in scene 17 at frame 14890: (1344, 560) -> (1440, 512)
target scene=17 area=(1408, 512) event=257 script=8572 mode=4 state=1 player=(1440, 512) pos=(1408, 528) path=2
learned targeted exit AreaKey { scene: 17, anchor: (1408, 512) } event=257 -> AreaKey { scene: 17, anchor: (1280, 512) }
marked destination touch VisitKey { scene: 17, area: (1280, 512), event_id: 257, trigger_script: 8569, state: 1 }
learned exit AreaKey { scene: 17, anchor: (1408, 512) } event=257 -> AreaKey { scene: 17, anchor: (1280, 512) }
area teleport in scene 17 at frame 14903: (1408, 528) -> (1328, 568)
target scene=17 area=(1280, 512) event=264 script=9576 mode=1 state=2 player=(1328, 568) pos=(1408, 432) path=40
marked destination touch VisitKey { scene: 17, area: (1408, 512), event_id: 256, trigger_script: 8564, state: 1 }
learned exit AreaKey { scene: 17, anchor: (1280, 512) } event=256 -> AreaKey { scene: 17, anchor: (1408, 512) }
marked destination touch VisitKey { scene: 17, area: (1408, 512), event_id: 257, trigger_script: 8572, state: 1 }
learned exit AreaKey { scene: 17, anchor: (1280, 512) } event=257 -> AreaKey { scene: 17, anchor: (1408, 512) }
area teleport in scene 17 at frame 14944: (1344, 560) -> (1440, 512)
target scene=17 area=(1408, 512) event=257 script=8572 mode=4 state=1 player=(1440, 512) pos=(1408, 528) path=2
learned targeted exit AreaKey { scene: 17, anchor: (1408, 512) } event=257 -> AreaKey { scene: 17, anchor: (1280, 512) }
marked destination touch VisitKey { scene: 17, area: (1280, 512), event_id: 257, trigger_script: 8569, state: 1 }
learned exit AreaKey { scene: 17, anchor: (1408, 512) } event=257 -> AreaKey { scene: 17, anchor: (1280, 512) }
area teleport in scene 17 at frame 14957: (1408, 528) -> (1328, 568)
target scene=17 area=(1280, 512) event=264 script=9576 mode=1 state=2 player=(1328, 568) pos=(1408, 432) path=40
marked destination touch VisitKey { scene: 17, area: (1408, 512), event_id: 256, trigger_script: 8564, state: 1 }
learned exit AreaKey { scene: 17, anchor: (1280, 512) } event=256 -> AreaKey { scene: 17, anchor: (1408, 512) }
marked destination touch VisitKey { scene: 17, area: (1408, 512), event_id: 257, trigger_script: 8572, state: 1 }
learned exit AreaKey { scene: 17, anchor: (1280, 512) } event=257 -> AreaKey { scene: 17, anchor: (1408, 512) }
area teleport in scene 17 at frame 14998: (1344, 560) -> (1440, 512)
target scene=17 area=(1408, 512) event=257 script=8572 mode=4 state=1 player=(1440, 512) pos=(1408, 528) path=2
learned targeted exit AreaKey { scene: 17, anchor: (1408, 512) } event=257 -> AreaKey { scene: 17, anchor: (1280, 512) }
marked destination touch VisitKey { scene: 17, area: (1280, 512), event_id: 257, trigger_script: 8569, state: 1 }
learned exit AreaKey { scene: 17, anchor: (1408, 512) } event=257 -> AreaKey { scene: 17, anchor: (1280, 512) }
area teleport in scene 17 at frame 15011: (1408, 528) -> (1328, 568)
target scene=17 area=(1280, 512) event=264 script=9576 mode=1 state=2 player=(1328, 568) pos=(1408, 432) path=40
marked destination touch VisitKey { scene: 17, area: (1408, 512), event_id: 256, trigger_script: 8564, state: 1 }
learned exit AreaKey { scene: 17, anchor: (1280, 512) } event=256 -> AreaKey { scene: 17, anchor: (1408, 512) }
marked destination touch VisitKey { scene: 17, area: (1408, 512), event_id: 257, trigger_script: 8572, state: 1 }
learned exit AreaKey { scene: 17, anchor: (1280, 512) } event=257 -> AreaKey { scene: 17, anchor: (1408, 512) }
area teleport in scene 17 at frame 15052: (1344, 560) -> (1440, 512)
target scene=17 area=(1408, 512) event=257 script=8572 mode=4 state=1 player=(1440, 512) pos=(1408, 528) path=2
learned targeted exit AreaKey { scene: 17, anchor: (1408, 512) } event=257 -> AreaKey { scene: 17, anchor: (1280, 512) }
marked destination touch VisitKey { scene: 17, area: (1280, 512), event_id: 257, trigger_script: 8569, state: 1 }
learned exit AreaKey { scene: 17, anchor: (1408, 512) } event=257 -> AreaKey { scene: 17, anchor: (1280, 512) }
area teleport in scene 17 at frame 15065: (1408, 528) -> (1328, 568)
target scene=17 area=(1280, 512) event=264 script=9576 mode=1 state=2 player=(1328, 568) pos=(1408, 432) path=40
marked destination touch VisitKey { scene: 17, area: (1408, 512), event_id: 256, trigger_script: 8564, state: 1 }
learned exit AreaKey { scene: 17, anchor: (1280, 512) } event=256 -> AreaKey { scene: 17, anchor: (1408, 512) }
marked destination touch VisitKey { scene: 17, area: (1408, 512), event_id: 257, trigger_script: 8572, state: 1 }
learned exit AreaKey { scene: 17, anchor: (1280, 512) } event=257 -> AreaKey { scene: 17, anchor: (1408, 512) }
area teleport in scene 17 at frame 15106: (1344, 560) -> (1440, 512)
target scene=17 area=(1408, 512) event=257 script=8572 mode=4 state=1 player=(1440, 512) pos=(1408, 528) path=2
learned targeted exit AreaKey { scene: 17, anchor: (1408, 512) } event=257 -> AreaKey { scene: 17, anchor: (1280, 512) }
marked destination touch VisitKey { scene: 17, area: (1280, 512), event_id: 257, trigger_script: 8569, state: 1 }
learned exit AreaKey { scene: 17, anchor: (1408, 512) } event=257 -> AreaKey { scene: 17, anchor: (1280, 512) }
area teleport in scene 17 at frame 15119: (1408, 528) -> (1328, 568)
target scene=17 area=(1280, 512) event=264 script=9576 mode=1 state=2 player=(1328, 568) pos=(1408, 432) path=40
marked destination touch VisitKey { scene: 17, area: (1408, 512), event_id: 256, trigger_script: 8564, state: 1 }
learned exit AreaKey { scene: 17, anchor: (1280, 512) } event=256 -> AreaKey { scene: 17, anchor: (1408, 512) }
marked destination touch VisitKey { scene: 17, area: (1408, 512), event_id: 257, trigger_script: 8572, state: 1 }
learned exit AreaKey { scene: 17, anchor: (1280, 512) } event=257 -> AreaKey { scene: 17, anchor: (1408, 512) }
area teleport in scene 17 at frame 15160: (1344, 560) -> (1440, 512)
target scene=17 area=(1408, 512) event=257 script=8572 mode=4 state=1 player=(1440, 512) pos=(1408, 528) path=2
learned targeted exit AreaKey { scene: 17, anchor: (1408, 512) } event=257 -> AreaKey { scene: 17, anchor: (1280, 512) }
marked destination touch VisitKey { scene: 17, area: (1280, 512), event_id: 257, trigger_script: 8569, state: 1 }
learned exit AreaKey { scene: 17, anchor: (1408, 512) } event=257 -> AreaKey { scene: 17, anchor: (1280, 512) }
area teleport in scene 17 at frame 15173: (1408, 528) -> (1328, 568)
target scene=17 area=(1280, 512) event=264 script=9576 mode=1 state=2 player=(1328, 568) pos=(1408, 432) path=40
marked destination touch VisitKey { scene: 17, area: (1408, 512), event_id: 256, trigger_script: 8564, state: 1 }
learned exit AreaKey { scene: 17, anchor: (1280, 512) } event=256 -> AreaKey { scene: 17, anchor: (1408, 512) }
marked destination touch VisitKey { scene: 17, area: (1408, 512), event_id: 257, trigger_script: 8572, state: 1 }
learned exit AreaKey { scene: 17, anchor: (1280, 512) } event=257 -> AreaKey { scene: 17, anchor: (1408, 512) }
area teleport in scene 17 at frame 15214: (1344, 560) -> (1440, 512)
target scene=17 area=(1408, 512) event=257 script=8572 mode=4 state=1 player=(1440, 512) pos=(1408, 528) path=2
learned targeted exit AreaKey { scene: 17, anchor: (1408, 512) } event=257 -> AreaKey { scene: 17, anchor: (1280, 512) }
marked destination touch VisitKey { scene: 17, area: (1280, 512), event_id: 257, trigger_script: 8569, state: 1 }
learned exit AreaKey { scene: 17, anchor: (1408, 512) } event=257 -> AreaKey { scene: 17, anchor: (1280, 512) }
area teleport in scene 17 at frame 15227: (1408, 528) -> (1328, 568)
target scene=17 area=(1280, 512) event=264 script=9576 mode=1 state=2 player=(1328, 568) pos=(1408, 432) path=40
marked destination touch VisitKey { scene: 17, area: (1408, 512), event_id: 256, trigger_script: 8564, state: 1 }
learned exit AreaKey { scene: 17, anchor: (1280, 512) } event=256 -> AreaKey { scene: 17, anchor: (1408, 512) }
marked destination touch VisitKey { scene: 17, area: (1408, 512), event_id: 257, trigger_script: 8572, state: 1 }
learned exit AreaKey { scene: 17, anchor: (1280, 512) } event=257 -> AreaKey { scene: 17, anchor: (1408, 512) }
area teleport in scene 17 at frame 15268: (1344, 560) -> (1440, 512)
target scene=17 area=(1408, 512) event=257 script=8572 mode=4 state=1 player=(1440, 512) pos=(1408, 528) path=2
learned targeted exit AreaKey { scene: 17, anchor: (1408, 512) } event=257 -> AreaKey { scene: 17, anchor: (1280, 512) }
marked destination touch VisitKey { scene: 17, area: (1280, 512), event_id: 257, trigger_script: 8569, state: 1 }
learned exit AreaKey { scene: 17, anchor: (1408, 512) } event=257 -> AreaKey { scene: 17, anchor: (1280, 512) }
area teleport in scene 17 at frame 15281: (1408, 528) -> (1328, 568)
target scene=17 area=(1280, 512) event=264 script=9576 mode=1 state=2 player=(1328, 568) pos=(1408, 432) path=40
marked destination touch VisitKey { scene: 17, area: (1408, 512), event_id: 256, trigger_script: 8564, state: 1 }
learned exit AreaKey { scene: 17, anchor: (1280, 512) } event=256 -> AreaKey { scene: 17, anchor: (1408, 512) }
marked destination touch VisitKey { scene: 17, area: (1408, 512), event_id: 257, trigger_script: 8572, state: 1 }
learned exit AreaKey { scene: 17, anchor: (1280, 512) } event=257 -> AreaKey { scene: 17, anchor: (1408, 512) }
area teleport in scene 17 at frame 15322: (1344, 560) -> (1440, 512)
target scene=17 area=(1408, 512) event=257 script=8572 mode=4 state=1 player=(1440, 512) pos=(1408, 528) path=2
learned targeted exit AreaKey { scene: 17, anchor: (1408, 512) } event=257 -> AreaKey { scene: 17, anchor: (1280, 512) }
marked destination touch VisitKey { scene: 17, area: (1280, 512), event_id: 257, trigger_script: 8569, state: 1 }
learned exit AreaKey { scene: 17, anchor: (1408, 512) } event=257 -> AreaKey { scene: 17, anchor: (1280, 512) }
area teleport in scene 17 at frame 15335: (1408, 528) -> (1328, 568)
target scene=17 area=(1280, 512) event=264 script=9576 mode=1 state=2 player=(1328, 568) pos=(1408, 432) path=40
marked destination touch VisitKey { scene: 17, area: (1408, 512), event_id: 256, trigger_script: 8564, state: 1 }
learned exit AreaKey { scene: 17, anchor: (1280, 512) } event=256 -> AreaKey { scene: 17, anchor: (1408, 512) }
marked destination touch VisitKey { scene: 17, area: (1408, 512), event_id: 257, trigger_script: 8572, state: 1 }
learned exit AreaKey { scene: 17, anchor: (1280, 512) } event=257 -> AreaKey { scene: 17, anchor: (1408, 512) }
area teleport in scene 17 at frame 15376: (1344, 560) -> (1440, 512)
target scene=17 area=(1408, 512) event=257 script=8572 mode=4 state=1 player=(1440, 512) pos=(1408, 528) path=2
learned targeted exit AreaKey { scene: 17, anchor: (1408, 512) } event=257 -> AreaKey { scene: 17, anchor: (1280, 512) }
marked destination touch VisitKey { scene: 17, area: (1280, 512), event_id: 257, trigger_script: 8569, state: 1 }
learned exit AreaKey { scene: 17, anchor: (1408, 512) } event=257 -> AreaKey { scene: 17, anchor: (1280, 512) }
area teleport in scene 17 at frame 15389: (1408, 528) -> (1328, 568)
target scene=17 area=(1280, 512) event=264 script=9576 mode=1 state=2 player=(1328, 568) pos=(1408, 432) path=40
marked destination touch VisitKey { scene: 17, area: (1408, 512), event_id: 256, trigger_script: 8564, state: 1 }
learned exit AreaKey { scene: 17, anchor: (1280, 512) } event=256 -> AreaKey { scene: 17, anchor: (1408, 512) }
marked destination touch VisitKey { scene: 17, area: (1408, 512), event_id: 257, trigger_script: 8572, state: 1 }
learned exit AreaKey { scene: 17, anchor: (1280, 512) } event=257 -> AreaKey { scene: 17, anchor: (1408, 512) }
area teleport in scene 17 at frame 15430: (1344, 560) -> (1440, 512)
target scene=17 area=(1408, 512) event=257 script=8572 mode=4 state=1 player=(1440, 512) pos=(1408, 528) path=2
learned targeted exit AreaKey { scene: 17, anchor: (1408, 512) } event=257 -> AreaKey { scene: 17, anchor: (1280, 512) }
marked destination touch VisitKey { scene: 17, area: (1280, 512), event_id: 257, trigger_script: 8569, state: 1 }
learned exit AreaKey { scene: 17, anchor: (1408, 512) } event=257 -> AreaKey { scene: 17, anchor: (1280, 512) }
area teleport in scene 17 at frame 15443: (1408, 528) -> (1328, 568)
target scene=17 area=(1280, 512) event=264 script=9576 mode=1 state=2 player=(1328, 568) pos=(1408, 432) path=40
marked destination touch VisitKey { scene: 17, area: (1408, 512), event_id: 256, trigger_script: 8564, state: 1 }
learned exit AreaKey { scene: 17, anchor: (1280, 512) } event=256 -> AreaKey { scene: 17, anchor: (1408, 512) }
marked destination touch VisitKey { scene: 17, area: (1408, 512), event_id: 257, trigger_script: 8572, state: 1 }
learned exit AreaKey { scene: 17, anchor: (1280, 512) } event=257 -> AreaKey { scene: 17, anchor: (1408, 512) }
area teleport in scene 17 at frame 15484: (1344, 560) -> (1440, 512)
target scene=17 area=(1408, 512) event=257 script=8572 mode=4 state=1 player=(1440, 512) pos=(1408, 528) path=2
learned targeted exit AreaKey { scene: 17, anchor: (1408, 512) } event=257 -> AreaKey { scene: 17, anchor: (1280, 512) }
marked destination touch VisitKey { scene: 17, area: (1280, 512), event_id: 257, trigger_script: 8569, state: 1 }
learned exit AreaKey { scene: 17, anchor: (1408, 512) } event=257 -> AreaKey { scene: 17, anchor: (1280, 512) }
area teleport in scene 17 at frame 15497: (1408, 528) -> (1328, 568)
target scene=17 area=(1280, 512) event=264 script=9576 mode=1 state=2 player=(1328, 568) pos=(1408, 432) path=40
marked destination touch VisitKey { scene: 17, area: (1408, 512), event_id: 256, trigger_script: 8564, state: 1 }
learned exit AreaKey { scene: 17, anchor: (1280, 512) } event=256 -> AreaKey { scene: 17, anchor: (1408, 512) }
marked destination touch VisitKey { scene: 17, area: (1408, 512), event_id: 257, trigger_script: 8572, state: 1 }
learned exit AreaKey { scene: 17, anchor: (1280, 512) } event=257 -> AreaKey { scene: 17, anchor: (1408, 512) }
area teleport in scene 17 at frame 15538: (1344, 560) -> (1440, 512)
target scene=17 area=(1408, 512) event=257 script=8572 mode=4 state=1 player=(1440, 512) pos=(1408, 528) path=2
learned targeted exit AreaKey { scene: 17, anchor: (1408, 512) } event=257 -> AreaKey { scene: 17, anchor: (1280, 512) }
marked destination touch VisitKey { scene: 17, area: (1280, 512), event_id: 257, trigger_script: 8569, state: 1 }
learned exit AreaKey { scene: 17, anchor: (1408, 512) } event=257 -> AreaKey { scene: 17, anchor: (1280, 512) }
area teleport in scene 17 at frame 15551: (1408, 528) -> (1328, 568)
target scene=17 area=(1280, 512) event=264 script=9576 mode=1 state=2 player=(1328, 568) pos=(1408, 432) path=40
marked destination touch VisitKey { scene: 17, area: (1408, 512), event_id: 256, trigger_script: 8564, state: 1 }
learned exit AreaKey { scene: 17, anchor: (1280, 512) } event=256 -> AreaKey { scene: 17, anchor: (1408, 512) }
marked destination touch VisitKey { scene: 17, area: (1408, 512), event_id: 257, trigger_script: 8572, state: 1 }
learned exit AreaKey { scene: 17, anchor: (1280, 512) } event=257 -> AreaKey { scene: 17, anchor: (1408, 512) }
area teleport in scene 17 at frame 15592: (1344, 560) -> (1440, 512)
target scene=17 area=(1408, 512) event=257 script=8572 mode=4 state=1 player=(1440, 512) pos=(1408, 528) path=2
learned targeted exit AreaKey { scene: 17, anchor: (1408, 512) } event=257 -> AreaKey { scene: 17, anchor: (1280, 512) }
marked destination touch VisitKey { scene: 17, area: (1280, 512), event_id: 257, trigger_script: 8569, state: 1 }
learned exit AreaKey { scene: 17, anchor: (1408, 512) } event=257 -> AreaKey { scene: 17, anchor: (1280, 512) }
area teleport in scene 17 at frame 15605: (1408, 528) -> (1328, 568)
target scene=17 area=(1280, 512) event=264 script=9576 mode=1 state=2 player=(1328, 568) pos=(1408, 432) path=40
marked destination touch VisitKey { scene: 17, area: (1408, 512), event_id: 256, trigger_script: 8564, state: 1 }
learned exit AreaKey { scene: 17, anchor: (1280, 512) } event=256 -> AreaKey { scene: 17, anchor: (1408, 512) }
marked destination touch VisitKey { scene: 17, area: (1408, 512), event_id: 257, trigger_script: 8572, state: 1 }
learned exit AreaKey { scene: 17, anchor: (1280, 512) } event=257 -> AreaKey { scene: 17, anchor: (1408, 512) }
area teleport in scene 17 at frame 15646: (1344, 560) -> (1440, 512)
target scene=17 area=(1408, 512) event=257 script=8572 mode=4 state=1 player=(1440, 512) pos=(1408, 528) path=2
learned targeted exit AreaKey { scene: 17, anchor: (1408, 512) } event=257 -> AreaKey { scene: 17, anchor: (1280, 512) }
marked destination touch VisitKey { scene: 17, area: (1280, 512), event_id: 257, trigger_script: 8569, state: 1 }
learned exit AreaKey { scene: 17, anchor: (1408, 512) } event=257 -> AreaKey { scene: 17, anchor: (1280, 512) }
area teleport in scene 17 at frame 15659: (1408, 528) -> (1328, 568)
target scene=17 area=(1280, 512) event=264 script=9576 mode=1 state=2 player=(1328, 568) pos=(1408, 432) path=40
marked destination touch VisitKey { scene: 17, area: (1408, 512), event_id: 256, trigger_script: 8564, state: 1 }
learned exit AreaKey { scene: 17, anchor: (1280, 512) } event=256 -> AreaKey { scene: 17, anchor: (1408, 512) }
marked destination touch VisitKey { scene: 17, area: (1408, 512), event_id: 257, trigger_script: 8572, state: 1 }
learned exit AreaKey { scene: 17, anchor: (1280, 512) } event=257 -> AreaKey { scene: 17, anchor: (1408, 512) }
area teleport in scene 17 at frame 15700: (1344, 560) -> (1440, 512)
target scene=17 area=(1408, 512) event=257 script=8572 mode=4 state=1 player=(1440, 512) pos=(1408, 528) path=2
learned targeted exit AreaKey { scene: 17, anchor: (1408, 512) } event=257 -> AreaKey { scene: 17, anchor: (1280, 512) }
marked destination touch VisitKey { scene: 17, area: (1280, 512), event_id: 257, trigger_script: 8569, state: 1 }
learned exit AreaKey { scene: 17, anchor: (1408, 512) } event=257 -> AreaKey { scene: 17, anchor: (1280, 512) }
area teleport in scene 17 at frame 15713: (1408, 528) -> (1328, 568)
target scene=17 area=(1280, 512) event=264 script=9576 mode=1 state=2 player=(1328, 568) pos=(1408, 432) path=40
marked destination touch VisitKey { scene: 17, area: (1408, 512), event_id: 256, trigger_script: 8564, state: 1 }
learned exit AreaKey { scene: 17, anchor: (1280, 512) } event=256 -> AreaKey { scene: 17, anchor: (1408, 512) }
marked destination touch VisitKey { scene: 17, area: (1408, 512), event_id: 257, trigger_script: 8572, state: 1 }
learned exit AreaKey { scene: 17, anchor: (1280, 512) } event=257 -> AreaKey { scene: 17, anchor: (1408, 512) }
area teleport in scene 17 at frame 15754: (1344, 560) -> (1440, 512)
target scene=17 area=(1408, 512) event=257 script=8572 mode=4 state=1 player=(1440, 512) pos=(1408, 528) path=2
learned targeted exit AreaKey { scene: 17, anchor: (1408, 512) } event=257 -> AreaKey { scene: 17, anchor: (1280, 512) }
marked destination touch VisitKey { scene: 17, area: (1280, 512), event_id: 257, trigger_script: 8569, state: 1 }
learned exit AreaKey { scene: 17, anchor: (1408, 512) } event=257 -> AreaKey { scene: 17, anchor: (1280, 512) }
area teleport in scene 17 at frame 15767: (1408, 528) -> (1328, 568)
target scene=17 area=(1280, 512) event=264 script=9576 mode=1 state=2 player=(1328, 568) pos=(1408, 432) path=40
marked destination touch VisitKey { scene: 17, area: (1408, 512), event_id: 256, trigger_script: 8564, state: 1 }
learned exit AreaKey { scene: 17, anchor: (1280, 512) } event=256 -> AreaKey { scene: 17, anchor: (1408, 512) }
marked destination touch VisitKey { scene: 17, area: (1408, 512), event_id: 257, trigger_script: 8572, state: 1 }
learned exit AreaKey { scene: 17, anchor: (1280, 512) } event=257 -> AreaKey { scene: 17, anchor: (1408, 512) }
area teleport in scene 17 at frame 15808: (1344, 560) -> (1440, 512)
target scene=17 area=(1408, 512) event=257 script=8572 mode=4 state=1 player=(1440, 512) pos=(1408, 528) path=2
learned targeted exit AreaKey { scene: 17, anchor: (1408, 512) } event=257 -> AreaKey { scene: 17, anchor: (1280, 512) }
marked destination touch VisitKey { scene: 17, area: (1280, 512), event_id: 257, trigger_script: 8569, state: 1 }
learned exit AreaKey { scene: 17, anchor: (1408, 512) } event=257 -> AreaKey { scene: 17, anchor: (1280, 512) }
area teleport in scene 17 at frame 15821: (1408, 528) -> (1328, 568)
target scene=17 area=(1280, 512) event=264 script=9576 mode=1 state=2 player=(1328, 568) pos=(1408, 432) path=40
marked destination touch VisitKey { scene: 17, area: (1408, 512), event_id: 256, trigger_script: 8564, state: 1 }
learned exit AreaKey { scene: 17, anchor: (1280, 512) } event=256 -> AreaKey { scene: 17, anchor: (1408, 512) }
marked destination touch VisitKey { scene: 17, area: (1408, 512), event_id: 257, trigger_script: 8572, state: 1 }
learned exit AreaKey { scene: 17, anchor: (1280, 512) } event=257 -> AreaKey { scene: 17, anchor: (1408, 512) }
area teleport in scene 17 at frame 15862: (1344, 560) -> (1440, 512)
target scene=17 area=(1408, 512) event=257 script=8572 mode=4 state=1 player=(1440, 512) pos=(1408, 528) path=2
learned targeted exit AreaKey { scene: 17, anchor: (1408, 512) } event=257 -> AreaKey { scene: 17, anchor: (1280, 512) }
marked destination touch VisitKey { scene: 17, area: (1280, 512), event_id: 257, trigger_script: 8569, state: 1 }
learned exit AreaKey { scene: 17, anchor: (1408, 512) } event=257 -> AreaKey { scene: 17, anchor: (1280, 512) }
area teleport in scene 17 at frame 15875: (1408, 528) -> (1328, 568)
target scene=17 area=(1280, 512) event=264 script=9576 mode=1 state=2 player=(1328, 568) pos=(1408, 432) path=40
checkpoint iterations=10000 scene=17 position=(1296, 568)
marked destination touch VisitKey { scene: 17, area: (1408, 512), event_id: 256, trigger_script: 8564, state: 1 }
learned exit AreaKey { scene: 17, anchor: (1280, 512) } event=256 -> AreaKey { scene: 17, anchor: (1408, 512) }
marked destination touch VisitKey { scene: 17, area: (1408, 512), event_id: 257, trigger_script: 8572, state: 1 }
learned exit AreaKey { scene: 17, anchor: (1280, 512) } event=257 -> AreaKey { scene: 17, anchor: (1408, 512) }
area teleport in scene 17 at frame 15916: (1344, 560) -> (1440, 512)
target scene=17 area=(1408, 512) event=257 script=8572 mode=4 state=1 player=(1440, 512) pos=(1408, 528) path=2
learned targeted exit AreaKey { scene: 17, anchor: (1408, 512) } event=257 -> AreaKey { scene: 17, anchor: (1280, 512) }
marked destination touch VisitKey { scene: 17, area: (1280, 512), event_id: 257, trigger_script: 8569, state: 1 }
learned exit AreaKey { scene: 17, anchor: (1408, 512) } event=257 -> AreaKey { scene: 17, anchor: (1280, 512) }
area teleport in scene 17 at frame 15929: (1408, 528) -> (1328, 568)
target scene=17 area=(1280, 512) event=264 script=9576 mode=1 state=2 player=(1328, 568) pos=(1408, 432) path=40
marked destination touch VisitKey { scene: 17, area: (1408, 512), event_id: 256, trigger_script: 8564, state: 1 }
learned exit AreaKey { scene: 17, anchor: (1280, 512) } event=256 -> AreaKey { scene: 17, anchor: (1408, 512) }
marked destination touch VisitKey { scene: 17, area: (1408, 512), event_id: 257, trigger_script: 8572, state: 1 }
learned exit AreaKey { scene: 17, anchor: (1280, 512) } event=257 -> AreaKey { scene: 17, anchor: (1408, 512) }
area teleport in scene 17 at frame 15970: (1344, 560) -> (1440, 512)
target scene=17 area=(1408, 512) event=257 script=8572 mode=4 state=1 player=(1440, 512) pos=(1408, 528) path=2
learned targeted exit AreaKey { scene: 17, anchor: (1408, 512) } event=257 -> AreaKey { scene: 17, anchor: (1280, 512) }
marked destination touch VisitKey { scene: 17, area: (1280, 512), event_id: 257, trigger_script: 8569, state: 1 }
learned exit AreaKey { scene: 17, anchor: (1408, 512) } event=257 -> AreaKey { scene: 17, anchor: (1280, 512) }
area teleport in scene 17 at frame 15983: (1408, 528) -> (1328, 568)
target scene=17 area=(1280, 512) event=264 script=9576 mode=1 state=2 player=(1328, 568) pos=(1408, 432) path=40
marked destination touch VisitKey { scene: 17, area: (1408, 512), event_id: 256, trigger_script: 8564, state: 1 }
learned exit AreaKey { scene: 17, anchor: (1280, 512) } event=256 -> AreaKey { scene: 17, anchor: (1408, 512) }
marked destination touch VisitKey { scene: 17, area: (1408, 512), event_id: 257, trigger_script: 8572, state: 1 }
learned exit AreaKey { scene: 17, anchor: (1280, 512) } event=257 -> AreaKey { scene: 17, anchor: (1408, 512) }
area teleport in scene 17 at frame 16024: (1344, 560) -> (1440, 512)
target scene=17 area=(1408, 512) event=257 script=8572 mode=4 state=1 player=(1440, 512) pos=(1408, 528) path=2
learned targeted exit AreaKey { scene: 17, anchor: (1408, 512) } event=257 -> AreaKey { scene: 17, anchor: (1280, 512) }
marked destination touch VisitKey { scene: 17, area: (1280, 512), event_id: 257, trigger_script: 8569, state: 1 }
learned exit AreaKey { scene: 17, anchor: (1408, 512) } event=257 -> AreaKey { scene: 17, anchor: (1280, 512) }
area teleport in scene 17 at frame 16037: (1408, 528) -> (1328, 568)
target scene=17 area=(1280, 512) event=264 script=9576 mode=1 state=2 player=(1328, 568) pos=(1408, 432) path=40
marked destination touch VisitKey { scene: 17, area: (1408, 512), event_id: 256, trigger_script: 8564, state: 1 }
learned exit AreaKey { scene: 17, anchor: (1280, 512) } event=256 -> AreaKey { scene: 17, anchor: (1408, 512) }
marked destination touch VisitKey { scene: 17, area: (1408, 512), event_id: 257, trigger_script: 8572, state: 1 }
learned exit AreaKey { scene: 17, anchor: (1280, 512) } event=257 -> AreaKey { scene: 17, anchor: (1408, 512) }
area teleport in scene 17 at frame 16078: (1344, 560) -> (1440, 512)
target scene=17 area=(1408, 512) event=257 script=8572 mode=4 state=1 player=(1440, 512) pos=(1408, 528) path=2
learned targeted exit AreaKey { scene: 17, anchor: (1408, 512) } event=257 -> AreaKey { scene: 17, anchor: (1280, 512) }
marked destination touch VisitKey { scene: 17, area: (1280, 512), event_id: 257, trigger_script: 8569, state: 1 }
learned exit AreaKey { scene: 17, anchor: (1408, 512) } event=257 -> AreaKey { scene: 17, anchor: (1280, 512) }
area teleport in scene 17 at frame 16091: (1408, 528) -> (1328, 568)
target scene=17 area=(1280, 512) event=264 script=9576 mode=1 state=2 player=(1328, 568) pos=(1408, 432) path=40
marked destination touch VisitKey { scene: 17, area: (1408, 512), event_id: 256, trigger_script: 8564, state: 1 }
learned exit AreaKey { scene: 17, anchor: (1280, 512) } event=256 -> AreaKey { scene: 17, anchor: (1408, 512) }
marked destination touch VisitKey { scene: 17, area: (1408, 512), event_id: 257, trigger_script: 8572, state: 1 }
learned exit AreaKey { scene: 17, anchor: (1280, 512) } event=257 -> AreaKey { scene: 17, anchor: (1408, 512) }
area teleport in scene 17 at frame 16132: (1344, 560) -> (1440, 512)
target scene=17 area=(1408, 512) event=257 script=8572 mode=4 state=1 player=(1440, 512) pos=(1408, 528) path=2
learned targeted exit AreaKey { scene: 17, anchor: (1408, 512) } event=257 -> AreaKey { scene: 17, anchor: (1280, 512) }
marked destination touch VisitKey { scene: 17, area: (1280, 512), event_id: 257, trigger_script: 8569, state: 1 }
learned exit AreaKey { scene: 17, anchor: (1408, 512) } event=257 -> AreaKey { scene: 17, anchor: (1280, 512) }
area teleport in scene 17 at frame 16145: (1408, 528) -> (1328, 568)
target scene=17 area=(1280, 512) event=264 script=9576 mode=1 state=2 player=(1328, 568) pos=(1408, 432) path=40
marked destination touch VisitKey { scene: 17, area: (1408, 512), event_id: 256, trigger_script: 8564, state: 1 }
learned exit AreaKey { scene: 17, anchor: (1280, 512) } event=256 -> AreaKey { scene: 17, anchor: (1408, 512) }
marked destination touch VisitKey { scene: 17, area: (1408, 512), event_id: 257, trigger_script: 8572, state: 1 }
learned exit AreaKey { scene: 17, anchor: (1280, 512) } event=257 -> AreaKey { scene: 17, anchor: (1408, 512) }
area teleport in scene 17 at frame 16186: (1344, 560) -> (1440, 512)
target scene=17 area=(1408, 512) event=257 script=8572 mode=4 state=1 player=(1440, 512) pos=(1408, 528) path=2
learned targeted exit AreaKey { scene: 17, anchor: (1408, 512) } event=257 -> AreaKey { scene: 17, anchor: (1280, 512) }
marked destination touch VisitKey { scene: 17, area: (1280, 512), event_id: 257, trigger_script: 8569, state: 1 }
learned exit AreaKey { scene: 17, anchor: (1408, 512) } event=257 -> AreaKey { scene: 17, anchor: (1280, 512) }
area teleport in scene 17 at frame 16199: (1408, 528) -> (1328, 568)
target scene=17 area=(1280, 512) event=264 script=9576 mode=1 state=2 player=(1328, 568) pos=(1408, 432) path=40
marked destination touch VisitKey { scene: 17, area: (1408, 512), event_id: 256, trigger_script: 8564, state: 1 }
learned exit AreaKey { scene: 17, anchor: (1280, 512) } event=256 -> AreaKey { scene: 17, anchor: (1408, 512) }
marked destination touch VisitKey { scene: 17, area: (1408, 512), event_id: 257, trigger_script: 8572, state: 1 }
learned exit AreaKey { scene: 17, anchor: (1280, 512) } event=257 -> AreaKey { scene: 17, anchor: (1408, 512) }
area teleport in scene 17 at frame 16240: (1344, 560) -> (1440, 512)
target scene=17 area=(1408, 512) event=257 script=8572 mode=4 state=1 player=(1440, 512) pos=(1408, 528) path=2
learned targeted exit AreaKey { scene: 17, anchor: (1408, 512) } event=257 -> AreaKey { scene: 17, anchor: (1280, 512) }
marked destination touch VisitKey { scene: 17, area: (1280, 512), event_id: 257, trigger_script: 8569, state: 1 }
learned exit AreaKey { scene: 17, anchor: (1408, 512) } event=257 -> AreaKey { scene: 17, anchor: (1280, 512) }
area teleport in scene 17 at frame 16253: (1408, 528) -> (1328, 568)
target scene=17 area=(1280, 512) event=264 script=9576 mode=1 state=2 player=(1328, 568) pos=(1408, 432) path=40
marked destination touch VisitKey { scene: 17, area: (1408, 512), event_id: 256, trigger_script: 8564, state: 1 }
learned exit AreaKey { scene: 17, anchor: (1280, 512) } event=256 -> AreaKey { scene: 17, anchor: (1408, 512) }
marked destination touch VisitKey { scene: 17, area: (1408, 512), event_id: 257, trigger_script: 8572, state: 1 }
learned exit AreaKey { scene: 17, anchor: (1280, 512) } event=257 -> AreaKey { scene: 17, anchor: (1408, 512) }
area teleport in scene 17 at frame 16294: (1344, 560) -> (1440, 512)
target scene=17 area=(1408, 512) event=257 script=8572 mode=4 state=1 player=(1440, 512) pos=(1408, 528) path=2
learned targeted exit AreaKey { scene: 17, anchor: (1408, 512) } event=257 -> AreaKey { scene: 17, anchor: (1280, 512) }
marked destination touch VisitKey { scene: 17, area: (1280, 512), event_id: 257, trigger_script: 8569, state: 1 }
learned exit AreaKey { scene: 17, anchor: (1408, 512) } event=257 -> AreaKey { scene: 17, anchor: (1280, 512) }
area teleport in scene 17 at frame 16307: (1408, 528) -> (1328, 568)
target scene=17 area=(1280, 512) event=264 script=9576 mode=1 state=2 player=(1328, 568) pos=(1408, 432) path=40
marked destination touch VisitKey { scene: 17, area: (1408, 512), event_id: 256, trigger_script: 8564, state: 1 }
learned exit AreaKey { scene: 17, anchor: (1280, 512) } event=256 -> AreaKey { scene: 17, anchor: (1408, 512) }
marked destination touch VisitKey { scene: 17, area: (1408, 512), event_id: 257, trigger_script: 8572, state: 1 }
learned exit AreaKey { scene: 17, anchor: (1280, 512) } event=257 -> AreaKey { scene: 17, anchor: (1408, 512) }
area teleport in scene 17 at frame 16348: (1344, 560) -> (1440, 512)
target scene=17 area=(1408, 512) event=257 script=8572 mode=4 state=1 player=(1440, 512) pos=(1408, 528) path=2
learned targeted exit AreaKey { scene: 17, anchor: (1408, 512) } event=257 -> AreaKey { scene: 17, anchor: (1280, 512) }
marked destination touch VisitKey { scene: 17, area: (1280, 512), event_id: 257, trigger_script: 8569, state: 1 }
learned exit AreaKey { scene: 17, anchor: (1408, 512) } event=257 -> AreaKey { scene: 17, anchor: (1280, 512) }
area teleport in scene 17 at frame 16361: (1408, 528) -> (1328, 568)
target scene=17 area=(1280, 512) event=264 script=9576 mode=1 state=2 player=(1328, 568) pos=(1408, 432) path=40
marked destination touch VisitKey { scene: 17, area: (1408, 512), event_id: 256, trigger_script: 8564, state: 1 }
learned exit AreaKey { scene: 17, anchor: (1280, 512) } event=256 -> AreaKey { scene: 17, anchor: (1408, 512) }
marked destination touch VisitKey { scene: 17, area: (1408, 512), event_id: 257, trigger_script: 8572, state: 1 }
learned exit AreaKey { scene: 17, anchor: (1280, 512) } event=257 -> AreaKey { scene: 17, anchor: (1408, 512) }
area teleport in scene 17 at frame 16402: (1344, 560) -> (1440, 512)
target scene=17 area=(1408, 512) event=257 script=8572 mode=4 state=1 player=(1440, 512) pos=(1408, 528) path=2
learned targeted exit AreaKey { scene: 17, anchor: (1408, 512) } event=257 -> AreaKey { scene: 17, anchor: (1280, 512) }
marked destination touch VisitKey { scene: 17, area: (1280, 512), event_id: 257, trigger_script: 8569, state: 1 }
learned exit AreaKey { scene: 17, anchor: (1408, 512) } event=257 -> AreaKey { scene: 17, anchor: (1280, 512) }
area teleport in scene 17 at frame 16415: (1408, 528) -> (1328, 568)
target scene=17 area=(1280, 512) event=264 script=9576 mode=1 state=2 player=(1328, 568) pos=(1408, 432) path=40
marked destination touch VisitKey { scene: 17, area: (1408, 512), event_id: 256, trigger_script: 8564, state: 1 }
learned exit AreaKey { scene: 17, anchor: (1280, 512) } event=256 -> AreaKey { scene: 17, anchor: (1408, 512) }
marked destination touch VisitKey { scene: 17, area: (1408, 512), event_id: 257, trigger_script: 8572, state: 1 }
learned exit AreaKey { scene: 17, anchor: (1280, 512) } event=257 -> AreaKey { scene: 17, anchor: (1408, 512) }
area teleport in scene 17 at frame 16456: (1344, 560) -> (1440, 512)
target scene=17 area=(1408, 512) event=257 script=8572 mode=4 state=1 player=(1440, 512) pos=(1408, 528) path=2
learned targeted exit AreaKey { scene: 17, anchor: (1408, 512) } event=257 -> AreaKey { scene: 17, anchor: (1280, 512) }
marked destination touch VisitKey { scene: 17, area: (1280, 512), event_id: 257, trigger_script: 8569, state: 1 }
learned exit AreaKey { scene: 17, anchor: (1408, 512) } event=257 -> AreaKey { scene: 17, anchor: (1280, 512) }
area teleport in scene 17 at frame 16469: (1408, 528) -> (1328, 568)
target scene=17 area=(1280, 512) event=264 script=9576 mode=1 state=2 player=(1328, 568) pos=(1408, 432) path=40
marked destination touch VisitKey { scene: 17, area: (1408, 512), event_id: 256, trigger_script: 8564, state: 1 }
learned exit AreaKey { scene: 17, anchor: (1280, 512) } event=256 -> AreaKey { scene: 17, anchor: (1408, 512) }
marked destination touch VisitKey { scene: 17, area: (1408, 512), event_id: 257, trigger_script: 8572, state: 1 }
learned exit AreaKey { scene: 17, anchor: (1280, 512) } event=257 -> AreaKey { scene: 17, anchor: (1408, 512) }
area teleport in scene 17 at frame 16510: (1344, 560) -> (1440, 512)
target scene=17 area=(1408, 512) event=257 script=8572 mode=4 state=1 player=(1440, 512) pos=(1408, 528) path=2
learned targeted exit AreaKey { scene: 17, anchor: (1408, 512) } event=257 -> AreaKey { scene: 17, anchor: (1280, 512) }
marked destination touch VisitKey { scene: 17, area: (1280, 512), event_id: 257, trigger_script: 8569, state: 1 }
learned exit AreaKey { scene: 17, anchor: (1408, 512) } event=257 -> AreaKey { scene: 17, anchor: (1280, 512) }
area teleport in scene 17 at frame 16523: (1408, 528) -> (1328, 568)
target scene=17 area=(1280, 512) event=264 script=9576 mode=1 state=2 player=(1328, 568) pos=(1408, 432) path=40
marked destination touch VisitKey { scene: 17, area: (1408, 512), event_id: 256, trigger_script: 8564, state: 1 }
learned exit AreaKey { scene: 17, anchor: (1280, 512) } event=256 -> AreaKey { scene: 17, anchor: (1408, 512) }
marked destination touch VisitKey { scene: 17, area: (1408, 512), event_id: 257, trigger_script: 8572, state: 1 }
learned exit AreaKey { scene: 17, anchor: (1280, 512) } event=257 -> AreaKey { scene: 17, anchor: (1408, 512) }
area teleport in scene 17 at frame 16564: (1344, 560) -> (1440, 512)
target scene=17 area=(1408, 512) event=257 script=8572 mode=4 state=1 player=(1440, 512) pos=(1408, 528) path=2
learned targeted exit AreaKey { scene: 17, anchor: (1408, 512) } event=257 -> AreaKey { scene: 17, anchor: (1280, 512) }
marked destination touch VisitKey { scene: 17, area: (1280, 512), event_id: 257, trigger_script: 8569, state: 1 }
learned exit AreaKey { scene: 17, anchor: (1408, 512) } event=257 -> AreaKey { scene: 17, anchor: (1280, 512) }
area teleport in scene 17 at frame 16577: (1408, 528) -> (1328, 568)
target scene=17 area=(1280, 512) event=264 script=9576 mode=1 state=2 player=(1328, 568) pos=(1408, 432) path=40
marked destination touch VisitKey { scene: 17, area: (1408, 512), event_id: 256, trigger_script: 8564, state: 1 }
learned exit AreaKey { scene: 17, anchor: (1280, 512) } event=256 -> AreaKey { scene: 17, anchor: (1408, 512) }
marked destination touch VisitKey { scene: 17, area: (1408, 512), event_id: 257, trigger_script: 8572, state: 1 }
learned exit AreaKey { scene: 17, anchor: (1280, 512) } event=257 -> AreaKey { scene: 17, anchor: (1408, 512) }
area teleport in scene 17 at frame 16618: (1344, 560) -> (1440, 512)
target scene=17 area=(1408, 512) event=257 script=8572 mode=4 state=1 player=(1440, 512) pos=(1408, 528) path=2
learned targeted exit AreaKey { scene: 17, anchor: (1408, 512) } event=257 -> AreaKey { scene: 17, anchor: (1280, 512) }
marked destination touch VisitKey { scene: 17, area: (1280, 512), event_id: 257, trigger_script: 8569, state: 1 }
learned exit AreaKey { scene: 17, anchor: (1408, 512) } event=257 -> AreaKey { scene: 17, anchor: (1280, 512) }
area teleport in scene 17 at frame 16631: (1408, 528) -> (1328, 568)
target scene=17 area=(1280, 512) event=264 script=9576 mode=1 state=2 player=(1328, 568) pos=(1408, 432) path=40
marked destination touch VisitKey { scene: 17, area: (1408, 512), event_id: 256, trigger_script: 8564, state: 1 }
learned exit AreaKey { scene: 17, anchor: (1280, 512) } event=256 -> AreaKey { scene: 17, anchor: (1408, 512) }
marked destination touch VisitKey { scene: 17, area: (1408, 512), event_id: 257, trigger_script: 8572, state: 1 }
learned exit AreaKey { scene: 17, anchor: (1280, 512) } event=257 -> AreaKey { scene: 17, anchor: (1408, 512) }
area teleport in scene 17 at frame 16672: (1344, 560) -> (1440, 512)
target scene=17 area=(1408, 512) event=257 script=8572 mode=4 state=1 player=(1440, 512) pos=(1408, 528) path=2
learned targeted exit AreaKey { scene: 17, anchor: (1408, 512) } event=257 -> AreaKey { scene: 17, anchor: (1280, 512) }
marked destination touch VisitKey { scene: 17, area: (1280, 512), event_id: 257, trigger_script: 8569, state: 1 }
learned exit AreaKey { scene: 17, anchor: (1408, 512) } event=257 -> AreaKey { scene: 17, anchor: (1280, 512) }
area teleport in scene 17 at frame 16685: (1408, 528) -> (1328, 568)
target scene=17 area=(1280, 512) event=264 script=9576 mode=1 state=2 player=(1328, 568) pos=(1408, 432) path=40
marked destination touch VisitKey { scene: 17, area: (1408, 512), event_id: 256, trigger_script: 8564, state: 1 }
learned exit AreaKey { scene: 17, anchor: (1280, 512) } event=256 -> AreaKey { scene: 17, anchor: (1408, 512) }
marked destination touch VisitKey { scene: 17, area: (1408, 512), event_id: 257, trigger_script: 8572, state: 1 }
learned exit AreaKey { scene: 17, anchor: (1280, 512) } event=257 -> AreaKey { scene: 17, anchor: (1408, 512) }
area teleport in scene 17 at frame 16726: (1344, 560) -> (1440, 512)
target scene=17 area=(1408, 512) event=257 script=8572 mode=4 state=1 player=(1440, 512) pos=(1408, 528) path=2
learned targeted exit AreaKey { scene: 17, anchor: (1408, 512) } event=257 -> AreaKey { scene: 17, anchor: (1280, 512) }
marked destination touch VisitKey { scene: 17, area: (1280, 512), event_id: 257, trigger_script: 8569, state: 1 }
learned exit AreaKey { scene: 17, anchor: (1408, 512) } event=257 -> AreaKey { scene: 17, anchor: (1280, 512) }
area teleport in scene 17 at frame 16739: (1408, 528) -> (1328, 568)
target scene=17 area=(1280, 512) event=264 script=9576 mode=1 state=2 player=(1328, 568) pos=(1408, 432) path=40
marked destination touch VisitKey { scene: 17, area: (1408, 512), event_id: 256, trigger_script: 8564, state: 1 }
learned exit AreaKey { scene: 17, anchor: (1280, 512) } event=256 -> AreaKey { scene: 17, anchor: (1408, 512) }
marked destination touch VisitKey { scene: 17, area: (1408, 512), event_id: 257, trigger_script: 8572, state: 1 }
learned exit AreaKey { scene: 17, anchor: (1280, 512) } event=257 -> AreaKey { scene: 17, anchor: (1408, 512) }
area teleport in scene 17 at frame 16780: (1344, 560) -> (1440, 512)
target scene=17 area=(1408, 512) event=257 script=8572 mode=4 state=1 player=(1440, 512) pos=(1408, 528) path=2
learned targeted exit AreaKey { scene: 17, anchor: (1408, 512) } event=257 -> AreaKey { scene: 17, anchor: (1280, 512) }
marked destination touch VisitKey { scene: 17, area: (1280, 512), event_id: 257, trigger_script: 8569, state: 1 }
learned exit AreaKey { scene: 17, anchor: (1408, 512) } event=257 -> AreaKey { scene: 17, anchor: (1280, 512) }
area teleport in scene 17 at frame 16793: (1408, 528) -> (1328, 568)
target scene=17 area=(1280, 512) event=264 script=9576 mode=1 state=2 player=(1328, 568) pos=(1408, 432) path=40
marked destination touch VisitKey { scene: 17, area: (1408, 512), event_id: 256, trigger_script: 8564, state: 1 }
learned exit AreaKey { scene: 17, anchor: (1280, 512) } event=256 -> AreaKey { scene: 17, anchor: (1408, 512) }
marked destination touch VisitKey { scene: 17, area: (1408, 512), event_id: 257, trigger_script: 8572, state: 1 }
learned exit AreaKey { scene: 17, anchor: (1280, 512) } event=257 -> AreaKey { scene: 17, anchor: (1408, 512) }
area teleport in scene 17 at frame 16834: (1344, 560) -> (1440, 512)
target scene=17 area=(1408, 512) event=257 script=8572 mode=4 state=1 player=(1440, 512) pos=(1408, 528) path=2
learned targeted exit AreaKey { scene: 17, anchor: (1408, 512) } event=257 -> AreaKey { scene: 17, anchor: (1280, 512) }
marked destination touch VisitKey { scene: 17, area: (1280, 512), event_id: 257, trigger_script: 8569, state: 1 }
learned exit AreaKey { scene: 17, anchor: (1408, 512) } event=257 -> AreaKey { scene: 17, anchor: (1280, 512) }
area teleport in scene 17 at frame 16847: (1408, 528) -> (1328, 568)
target scene=17 area=(1280, 512) event=264 script=9576 mode=1 state=2 player=(1328, 568) pos=(1408, 432) path=40
marked destination touch VisitKey { scene: 17, area: (1408, 512), event_id: 256, trigger_script: 8564, state: 1 }
learned exit AreaKey { scene: 17, anchor: (1280, 512) } event=256 -> AreaKey { scene: 17, anchor: (1408, 512) }
marked destination touch VisitKey { scene: 17, area: (1408, 512), event_id: 257, trigger_script: 8572, state: 1 }
learned exit AreaKey { scene: 17, anchor: (1280, 512) } event=257 -> AreaKey { scene: 17, anchor: (1408, 512) }
area teleport in scene 17 at frame 16888: (1344, 560) -> (1440, 512)
target scene=17 area=(1408, 512) event=257 script=8572 mode=4 state=1 player=(1440, 512) pos=(1408, 528) path=2
learned targeted exit AreaKey { scene: 17, anchor: (1408, 512) } event=257 -> AreaKey { scene: 17, anchor: (1280, 512) }
marked destination touch VisitKey { scene: 17, area: (1280, 512), event_id: 257, trigger_script: 8569, state: 1 }
learned exit AreaKey { scene: 17, anchor: (1408, 512) } event=257 -> AreaKey { scene: 17, anchor: (1280, 512) }
area teleport in scene 17 at frame 16901: (1408, 528) -> (1328, 568)
target scene=17 area=(1280, 512) event=264 script=9576 mode=1 state=2 player=(1328, 568) pos=(1408, 432) path=40
marked destination touch VisitKey { scene: 17, area: (1408, 512), event_id: 256, trigger_script: 8564, state: 1 }
learned exit AreaKey { scene: 17, anchor: (1280, 512) } event=256 -> AreaKey { scene: 17, anchor: (1408, 512) }
marked destination touch VisitKey { scene: 17, area: (1408, 512), event_id: 257, trigger_script: 8572, state: 1 }
learned exit AreaKey { scene: 17, anchor: (1280, 512) } event=257 -> AreaKey { scene: 17, anchor: (1408, 512) }
area teleport in scene 17 at frame 16942: (1344, 560) -> (1440, 512)
target scene=17 area=(1408, 512) event=257 script=8572 mode=4 state=1 player=(1440, 512) pos=(1408, 528) path=2
learned targeted exit AreaKey { scene: 17, anchor: (1408, 512) } event=257 -> AreaKey { scene: 17, anchor: (1280, 512) }
marked destination touch VisitKey { scene: 17, area: (1280, 512), event_id: 257, trigger_script: 8569, state: 1 }
learned exit AreaKey { scene: 17, anchor: (1408, 512) } event=257 -> AreaKey { scene: 17, anchor: (1280, 512) }
area teleport in scene 17 at frame 16955: (1408, 528) -> (1328, 568)
target scene=17 area=(1280, 512) event=264 script=9576 mode=1 state=2 player=(1328, 568) pos=(1408, 432) path=40
marked destination touch VisitKey { scene: 17, area: (1408, 512), event_id: 256, trigger_script: 8564, state: 1 }
learned exit AreaKey { scene: 17, anchor: (1280, 512) } event=256 -> AreaKey { scene: 17, anchor: (1408, 512) }
marked destination touch VisitKey { scene: 17, area: (1408, 512), event_id: 257, trigger_script: 8572, state: 1 }
learned exit AreaKey { scene: 17, anchor: (1280, 512) } event=257 -> AreaKey { scene: 17, anchor: (1408, 512) }
area teleport in scene 17 at frame 16996: (1344, 560) -> (1440, 512)
target scene=17 area=(1408, 512) event=257 script=8572 mode=4 state=1 player=(1440, 512) pos=(1408, 528) path=2
learned targeted exit AreaKey { scene: 17, anchor: (1408, 512) } event=257 -> AreaKey { scene: 17, anchor: (1280, 512) }
marked destination touch VisitKey { scene: 17, area: (1280, 512), event_id: 257, trigger_script: 8569, state: 1 }
learned exit AreaKey { scene: 17, anchor: (1408, 512) } event=257 -> AreaKey { scene: 17, anchor: (1280, 512) }
area teleport in scene 17 at frame 17009: (1408, 528) -> (1328, 568)
target scene=17 area=(1280, 512) event=264 script=9576 mode=1 state=2 player=(1328, 568) pos=(1408, 432) path=40
marked destination touch VisitKey { scene: 17, area: (1408, 512), event_id: 256, trigger_script: 8564, state: 1 }
learned exit AreaKey { scene: 17, anchor: (1280, 512) } event=256 -> AreaKey { scene: 17, anchor: (1408, 512) }
marked destination touch VisitKey { scene: 17, area: (1408, 512), event_id: 257, trigger_script: 8572, state: 1 }
learned exit AreaKey { scene: 17, anchor: (1280, 512) } event=257 -> AreaKey { scene: 17, anchor: (1408, 512) }
area teleport in scene 17 at frame 17050: (1344, 560) -> (1440, 512)
target scene=17 area=(1408, 512) event=257 script=8572 mode=4 state=1 player=(1440, 512) pos=(1408, 528) path=2
learned targeted exit AreaKey { scene: 17, anchor: (1408, 512) } event=257 -> AreaKey { scene: 17, anchor: (1280, 512) }
marked destination touch VisitKey { scene: 17, area: (1280, 512), event_id: 257, trigger_script: 8569, state: 1 }
learned exit AreaKey { scene: 17, anchor: (1408, 512) } event=257 -> AreaKey { scene: 17, anchor: (1280, 512) }
area teleport in scene 17 at frame 17063: (1408, 528) -> (1328, 568)
target scene=17 area=(1280, 512) event=264 script=9576 mode=1 state=2 player=(1328, 568) pos=(1408, 432) path=40
marked destination touch VisitKey { scene: 17, area: (1408, 512), event_id: 256, trigger_script: 8564, state: 1 }
learned exit AreaKey { scene: 17, anchor: (1280, 512) } event=256 -> AreaKey { scene: 17, anchor: (1408, 512) }
marked destination touch VisitKey { scene: 17, area: (1408, 512), event_id: 257, trigger_script: 8572, state: 1 }
learned exit AreaKey { scene: 17, anchor: (1280, 512) } event=257 -> AreaKey { scene: 17, anchor: (1408, 512) }
area teleport in scene 17 at frame 17104: (1344, 560) -> (1440, 512)
target scene=17 area=(1408, 512) event=257 script=8572 mode=4 state=1 player=(1440, 512) pos=(1408, 528) path=2
learned targeted exit AreaKey { scene: 17, anchor: (1408, 512) } event=257 -> AreaKey { scene: 17, anchor: (1280, 512) }
marked destination touch VisitKey { scene: 17, area: (1280, 512), event_id: 257, trigger_script: 8569, state: 1 }
learned exit AreaKey { scene: 17, anchor: (1408, 512) } event=257 -> AreaKey { scene: 17, anchor: (1280, 512) }
area teleport in scene 17 at frame 17117: (1408, 528) -> (1328, 568)
target scene=17 area=(1280, 512) event=264 script=9576 mode=1 state=2 player=(1328, 568) pos=(1408, 432) path=40
marked destination touch VisitKey { scene: 17, area: (1408, 512), event_id: 256, trigger_script: 8564, state: 1 }
learned exit AreaKey { scene: 17, anchor: (1280, 512) } event=256 -> AreaKey { scene: 17, anchor: (1408, 512) }
marked destination touch VisitKey { scene: 17, area: (1408, 512), event_id: 257, trigger_script: 8572, state: 1 }
learned exit AreaKey { scene: 17, anchor: (1280, 512) } event=257 -> AreaKey { scene: 17, anchor: (1408, 512) }
area teleport in scene 17 at frame 17158: (1344, 560) -> (1440, 512)
target scene=17 area=(1408, 512) event=257 script=8572 mode=4 state=1 player=(1440, 512) pos=(1408, 528) path=2
learned targeted exit AreaKey { scene: 17, anchor: (1408, 512) } event=257 -> AreaKey { scene: 17, anchor: (1280, 512) }
marked destination touch VisitKey { scene: 17, area: (1280, 512), event_id: 257, trigger_script: 8569, state: 1 }
learned exit AreaKey { scene: 17, anchor: (1408, 512) } event=257 -> AreaKey { scene: 17, anchor: (1280, 512) }
area teleport in scene 17 at frame 17171: (1408, 528) -> (1328, 568)
target scene=17 area=(1280, 512) event=264 script=9576 mode=1 state=2 player=(1328, 568) pos=(1408, 432) path=40
marked destination touch VisitKey { scene: 17, area: (1408, 512), event_id: 256, trigger_script: 8564, state: 1 }
learned exit AreaKey { scene: 17, anchor: (1280, 512) } event=256 -> AreaKey { scene: 17, anchor: (1408, 512) }
marked destination touch VisitKey { scene: 17, area: (1408, 512), event_id: 257, trigger_script: 8572, state: 1 }
learned exit AreaKey { scene: 17, anchor: (1280, 512) } event=257 -> AreaKey { scene: 17, anchor: (1408, 512) }
area teleport in scene 17 at frame 17212: (1344, 560) -> (1440, 512)
target scene=17 area=(1408, 512) event=257 script=8572 mode=4 state=1 player=(1440, 512) pos=(1408, 528) path=2
learned targeted exit AreaKey { scene: 17, anchor: (1408, 512) } event=257 -> AreaKey { scene: 17, anchor: (1280, 512) }
marked destination touch VisitKey { scene: 17, area: (1280, 512), event_id: 257, trigger_script: 8569, state: 1 }
learned exit AreaKey { scene: 17, anchor: (1408, 512) } event=257 -> AreaKey { scene: 17, anchor: (1280, 512) }
area teleport in scene 17 at frame 17225: (1408, 528) -> (1328, 568)
target scene=17 area=(1280, 512) event=264 script=9576 mode=1 state=2 player=(1328, 568) pos=(1408, 432) path=40
marked destination touch VisitKey { scene: 17, area: (1408, 512), event_id: 256, trigger_script: 8564, state: 1 }
learned exit AreaKey { scene: 17, anchor: (1280, 512) } event=256 -> AreaKey { scene: 17, anchor: (1408, 512) }
marked destination touch VisitKey { scene: 17, area: (1408, 512), event_id: 257, trigger_script: 8572, state: 1 }
learned exit AreaKey { scene: 17, anchor: (1280, 512) } event=257 -> AreaKey { scene: 17, anchor: (1408, 512) }
area teleport in scene 17 at frame 17266: (1344, 560) -> (1440, 512)
target scene=17 area=(1408, 512) event=257 script=8572 mode=4 state=1 player=(1440, 512) pos=(1408, 528) path=2
learned targeted exit AreaKey { scene: 17, anchor: (1408, 512) } event=257 -> AreaKey { scene: 17, anchor: (1280, 512) }
marked destination touch VisitKey { scene: 17, area: (1280, 512), event_id: 257, trigger_script: 8569, state: 1 }
learned exit AreaKey { scene: 17, anchor: (1408, 512) } event=257 -> AreaKey { scene: 17, anchor: (1280, 512) }
area teleport in scene 17 at frame 17279: (1408, 528) -> (1328, 568)
target scene=17 area=(1280, 512) event=264 script=9576 mode=1 state=2 player=(1328, 568) pos=(1408, 432) path=40
marked destination touch VisitKey { scene: 17, area: (1408, 512), event_id: 256, trigger_script: 8564, state: 1 }
learned exit AreaKey { scene: 17, anchor: (1280, 512) } event=256 -> AreaKey { scene: 17, anchor: (1408, 512) }
marked destination touch VisitKey { scene: 17, area: (1408, 512), event_id: 257, trigger_script: 8572, state: 1 }
learned exit AreaKey { scene: 17, anchor: (1280, 512) } event=257 -> AreaKey { scene: 17, anchor: (1408, 512) }
area teleport in scene 17 at frame 17320: (1344, 560) -> (1440, 512)
target scene=17 area=(1408, 512) event=257 script=8572 mode=4 state=1 player=(1440, 512) pos=(1408, 528) path=2
learned targeted exit AreaKey { scene: 17, anchor: (1408, 512) } event=257 -> AreaKey { scene: 17, anchor: (1280, 512) }
marked destination touch VisitKey { scene: 17, area: (1280, 512), event_id: 257, trigger_script: 8569, state: 1 }
learned exit AreaKey { scene: 17, anchor: (1408, 512) } event=257 -> AreaKey { scene: 17, anchor: (1280, 512) }
area teleport in scene 17 at frame 17333: (1408, 528) -> (1328, 568)
target scene=17 area=(1280, 512) event=264 script=9576 mode=1 state=2 player=(1328, 568) pos=(1408, 432) path=40
marked destination touch VisitKey { scene: 17, area: (1408, 512), event_id: 256, trigger_script: 8564, state: 1 }
learned exit AreaKey { scene: 17, anchor: (1280, 512) } event=256 -> AreaKey { scene: 17, anchor: (1408, 512) }
marked destination touch VisitKey { scene: 17, area: (1408, 512), event_id: 257, trigger_script: 8572, state: 1 }
learned exit AreaKey { scene: 17, anchor: (1280, 512) } event=257 -> AreaKey { scene: 17, anchor: (1408, 512) }
area teleport in scene 17 at frame 17374: (1344, 560) -> (1440, 512)
target scene=17 area=(1408, 512) event=257 script=8572 mode=4 state=1 player=(1440, 512) pos=(1408, 528) path=2
learned targeted exit AreaKey { scene: 17, anchor: (1408, 512) } event=257 -> AreaKey { scene: 17, anchor: (1280, 512) }
marked destination touch VisitKey { scene: 17, area: (1280, 512), event_id: 257, trigger_script: 8569, state: 1 }
learned exit AreaKey { scene: 17, anchor: (1408, 512) } event=257 -> AreaKey { scene: 17, anchor: (1280, 512) }
area teleport in scene 17 at frame 17387: (1408, 528) -> (1328, 568)
target scene=17 area=(1280, 512) event=264 script=9576 mode=1 state=2 player=(1328, 568) pos=(1408, 432) path=40
marked destination touch VisitKey { scene: 17, area: (1408, 512), event_id: 256, trigger_script: 8564, state: 1 }
learned exit AreaKey { scene: 17, anchor: (1280, 512) } event=256 -> AreaKey { scene: 17, anchor: (1408, 512) }
marked destination touch VisitKey { scene: 17, area: (1408, 512), event_id: 257, trigger_script: 8572, state: 1 }
learned exit AreaKey { scene: 17, anchor: (1280, 512) } event=257 -> AreaKey { scene: 17, anchor: (1408, 512) }
area teleport in scene 17 at frame 17428: (1344, 560) -> (1440, 512)
target scene=17 area=(1408, 512) event=257 script=8572 mode=4 state=1 player=(1440, 512) pos=(1408, 528) path=2
learned targeted exit AreaKey { scene: 17, anchor: (1408, 512) } event=257 -> AreaKey { scene: 17, anchor: (1280, 512) }
marked destination touch VisitKey { scene: 17, area: (1280, 512), event_id: 257, trigger_script: 8569, state: 1 }
learned exit AreaKey { scene: 17, anchor: (1408, 512) } event=257 -> AreaKey { scene: 17, anchor: (1280, 512) }
area teleport in scene 17 at frame 17441: (1408, 528) -> (1328, 568)
target scene=17 area=(1280, 512) event=264 script=9576 mode=1 state=2 player=(1328, 568) pos=(1408, 432) path=40
marked destination touch VisitKey { scene: 17, area: (1408, 512), event_id: 256, trigger_script: 8564, state: 1 }
learned exit AreaKey { scene: 17, anchor: (1280, 512) } event=256 -> AreaKey { scene: 17, anchor: (1408, 512) }
marked destination touch VisitKey { scene: 17, area: (1408, 512), event_id: 257, trigger_script: 8572, state: 1 }
learned exit AreaKey { scene: 17, anchor: (1280, 512) } event=257 -> AreaKey { scene: 17, anchor: (1408, 512) }
area teleport in scene 17 at frame 17482: (1344, 560) -> (1440, 512)
target scene=17 area=(1408, 512) event=257 script=8572 mode=4 state=1 player=(1440, 512) pos=(1408, 528) path=2
learned targeted exit AreaKey { scene: 17, anchor: (1408, 512) } event=257 -> AreaKey { scene: 17, anchor: (1280, 512) }
marked destination touch VisitKey { scene: 17, area: (1280, 512), event_id: 257, trigger_script: 8569, state: 1 }
learned exit AreaKey { scene: 17, anchor: (1408, 512) } event=257 -> AreaKey { scene: 17, anchor: (1280, 512) }
area teleport in scene 17 at frame 17495: (1408, 528) -> (1328, 568)
target scene=17 area=(1280, 512) event=264 script=9576 mode=1 state=2 player=(1328, 568) pos=(1408, 432) path=40
marked destination touch VisitKey { scene: 17, area: (1408, 512), event_id: 256, trigger_script: 8564, state: 1 }
learned exit AreaKey { scene: 17, anchor: (1280, 512) } event=256 -> AreaKey { scene: 17, anchor: (1408, 512) }
marked destination touch VisitKey { scene: 17, area: (1408, 512), event_id: 257, trigger_script: 8572, state: 1 }
learned exit AreaKey { scene: 17, anchor: (1280, 512) } event=257 -> AreaKey { scene: 17, anchor: (1408, 512) }
area teleport in scene 17 at frame 17536: (1344, 560) -> (1440, 512)
target scene=17 area=(1408, 512) event=257 script=8572 mode=4 state=1 player=(1440, 512) pos=(1408, 528) path=2
learned targeted exit AreaKey { scene: 17, anchor: (1408, 512) } event=257 -> AreaKey { scene: 17, anchor: (1280, 512) }
marked destination touch VisitKey { scene: 17, area: (1280, 512), event_id: 257, trigger_script: 8569, state: 1 }
learned exit AreaKey { scene: 17, anchor: (1408, 512) } event=257 -> AreaKey { scene: 17, anchor: (1280, 512) }
area teleport in scene 17 at frame 17549: (1408, 528) -> (1328, 568)
target scene=17 area=(1280, 512) event=264 script=9576 mode=1 state=2 player=(1328, 568) pos=(1408, 432) path=40
marked destination touch VisitKey { scene: 17, area: (1408, 512), event_id: 256, trigger_script: 8564, state: 1 }
learned exit AreaKey { scene: 17, anchor: (1280, 512) } event=256 -> AreaKey { scene: 17, anchor: (1408, 512) }
marked destination touch VisitKey { scene: 17, area: (1408, 512), event_id: 257, trigger_script: 8572, state: 1 }
learned exit AreaKey { scene: 17, anchor: (1280, 512) } event=257 -> AreaKey { scene: 17, anchor: (1408, 512) }
area teleport in scene 17 at frame 17590: (1344, 560) -> (1440, 512)
target scene=17 area=(1408, 512) event=257 script=8572 mode=4 state=1 player=(1440, 512) pos=(1408, 528) path=2
learned targeted exit AreaKey { scene: 17, anchor: (1408, 512) } event=257 -> AreaKey { scene: 17, anchor: (1280, 512) }
marked destination touch VisitKey { scene: 17, area: (1280, 512), event_id: 257, trigger_script: 8569, state: 1 }
learned exit AreaKey { scene: 17, anchor: (1408, 512) } event=257 -> AreaKey { scene: 17, anchor: (1280, 512) }
area teleport in scene 17 at frame 17603: (1408, 528) -> (1328, 568)
target scene=17 area=(1280, 512) event=264 script=9576 mode=1 state=2 player=(1328, 568) pos=(1408, 432) path=40
marked destination touch VisitKey { scene: 17, area: (1408, 512), event_id: 256, trigger_script: 8564, state: 1 }
learned exit AreaKey { scene: 17, anchor: (1280, 512) } event=256 -> AreaKey { scene: 17, anchor: (1408, 512) }
marked destination touch VisitKey { scene: 17, area: (1408, 512), event_id: 257, trigger_script: 8572, state: 1 }
learned exit AreaKey { scene: 17, anchor: (1280, 512) } event=257 -> AreaKey { scene: 17, anchor: (1408, 512) }
area teleport in scene 17 at frame 17644: (1344, 560) -> (1440, 512)
target scene=17 area=(1408, 512) event=257 script=8572 mode=4 state=1 player=(1440, 512) pos=(1408, 528) path=2
learned targeted exit AreaKey { scene: 17, anchor: (1408, 512) } event=257 -> AreaKey { scene: 17, anchor: (1280, 512) }
marked destination touch VisitKey { scene: 17, area: (1280, 512), event_id: 257, trigger_script: 8569, state: 1 }
learned exit AreaKey { scene: 17, anchor: (1408, 512) } event=257 -> AreaKey { scene: 17, anchor: (1280, 512) }
area teleport in scene 17 at frame 17657: (1408, 528) -> (1328, 568)
target scene=17 area=(1280, 512) event=264 script=9576 mode=1 state=2 player=(1328, 568) pos=(1408, 432) path=40
marked destination touch VisitKey { scene: 17, area: (1408, 512), event_id: 256, trigger_script: 8564, state: 1 }
learned exit AreaKey { scene: 17, anchor: (1280, 512) } event=256 -> AreaKey { scene: 17, anchor: (1408, 512) }
marked destination touch VisitKey { scene: 17, area: (1408, 512), event_id: 257, trigger_script: 8572, state: 1 }
learned exit AreaKey { scene: 17, anchor: (1280, 512) } event=257 -> AreaKey { scene: 17, anchor: (1408, 512) }
area teleport in scene 17 at frame 17698: (1344, 560) -> (1440, 512)
target scene=17 area=(1408, 512) event=257 script=8572 mode=4 state=1 player=(1440, 512) pos=(1408, 528) path=2
learned targeted exit AreaKey { scene: 17, anchor: (1408, 512) } event=257 -> AreaKey { scene: 17, anchor: (1280, 512) }
marked destination touch VisitKey { scene: 17, area: (1280, 512), event_id: 257, trigger_script: 8569, state: 1 }
learned exit AreaKey { scene: 17, anchor: (1408, 512) } event=257 -> AreaKey { scene: 17, anchor: (1280, 512) }
area teleport in scene 17 at frame 17711: (1408, 528) -> (1328, 568)
target scene=17 area=(1280, 512) event=264 script=9576 mode=1 state=2 player=(1328, 568) pos=(1408, 432) path=40
marked destination touch VisitKey { scene: 17, area: (1408, 512), event_id: 256, trigger_script: 8564, state: 1 }
learned exit AreaKey { scene: 17, anchor: (1280, 512) } event=256 -> AreaKey { scene: 17, anchor: (1408, 512) }
marked destination touch VisitKey { scene: 17, area: (1408, 512), event_id: 257, trigger_script: 8572, state: 1 }
learned exit AreaKey { scene: 17, anchor: (1280, 512) } event=257 -> AreaKey { scene: 17, anchor: (1408, 512) }
area teleport in scene 17 at frame 17752: (1344, 560) -> (1440, 512)
target scene=17 area=(1408, 512) event=257 script=8572 mode=4 state=1 player=(1440, 512) pos=(1408, 528) path=2
learned targeted exit AreaKey { scene: 17, anchor: (1408, 512) } event=257 -> AreaKey { scene: 17, anchor: (1280, 512) }
marked destination touch VisitKey { scene: 17, area: (1280, 512), event_id: 257, trigger_script: 8569, state: 1 }
learned exit AreaKey { scene: 17, anchor: (1408, 512) } event=257 -> AreaKey { scene: 17, anchor: (1280, 512) }
area teleport in scene 17 at frame 17765: (1408, 528) -> (1328, 568)
target scene=17 area=(1280, 512) event=264 script=9576 mode=1 state=2 player=(1328, 568) pos=(1408, 432) path=40
marked destination touch VisitKey { scene: 17, area: (1408, 512), event_id: 256, trigger_script: 8564, state: 1 }
learned exit AreaKey { scene: 17, anchor: (1280, 512) } event=256 -> AreaKey { scene: 17, anchor: (1408, 512) }
marked destination touch VisitKey { scene: 17, area: (1408, 512), event_id: 257, trigger_script: 8572, state: 1 }
learned exit AreaKey { scene: 17, anchor: (1280, 512) } event=257 -> AreaKey { scene: 17, anchor: (1408, 512) }
area teleport in scene 17 at frame 17806: (1344, 560) -> (1440, 512)
target scene=17 area=(1408, 512) event=257 script=8572 mode=4 state=1 player=(1440, 512) pos=(1408, 528) path=2
learned targeted exit AreaKey { scene: 17, anchor: (1408, 512) } event=257 -> AreaKey { scene: 17, anchor: (1280, 512) }
marked destination touch VisitKey { scene: 17, area: (1280, 512), event_id: 257, trigger_script: 8569, state: 1 }
learned exit AreaKey { scene: 17, anchor: (1408, 512) } event=257 -> AreaKey { scene: 17, anchor: (1280, 512) }
area teleport in scene 17 at frame 17819: (1408, 528) -> (1328, 568)
target scene=17 area=(1280, 512) event=264 script=9576 mode=1 state=2 player=(1328, 568) pos=(1408, 432) path=40
marked destination touch VisitKey { scene: 17, area: (1408, 512), event_id: 256, trigger_script: 8564, state: 1 }
learned exit AreaKey { scene: 17, anchor: (1280, 512) } event=256 -> AreaKey { scene: 17, anchor: (1408, 512) }
marked destination touch VisitKey { scene: 17, area: (1408, 512), event_id: 257, trigger_script: 8572, state: 1 }
learned exit AreaKey { scene: 17, anchor: (1280, 512) } event=257 -> AreaKey { scene: 17, anchor: (1408, 512) }
area teleport in scene 17 at frame 17860: (1344, 560) -> (1440, 512)
target scene=17 area=(1408, 512) event=257 script=8572 mode=4 state=1 player=(1440, 512) pos=(1408, 528) path=2
learned targeted exit AreaKey { scene: 17, anchor: (1408, 512) } event=257 -> AreaKey { scene: 17, anchor: (1280, 512) }
marked destination touch VisitKey { scene: 17, area: (1280, 512), event_id: 257, trigger_script: 8569, state: 1 }
learned exit AreaKey { scene: 17, anchor: (1408, 512) } event=257 -> AreaKey { scene: 17, anchor: (1280, 512) }
area teleport in scene 17 at frame 17873: (1408, 528) -> (1328, 568)
target scene=17 area=(1280, 512) event=264 script=9576 mode=1 state=2 player=(1328, 568) pos=(1408, 432) path=40
marked destination touch VisitKey { scene: 17, area: (1408, 512), event_id: 256, trigger_script: 8564, state: 1 }
learned exit AreaKey { scene: 17, anchor: (1280, 512) } event=256 -> AreaKey { scene: 17, anchor: (1408, 512) }
marked destination touch VisitKey { scene: 17, area: (1408, 512), event_id: 257, trigger_script: 8572, state: 1 }
learned exit AreaKey { scene: 17, anchor: (1280, 512) } event=257 -> AreaKey { scene: 17, anchor: (1408, 512) }
area teleport in scene 17 at frame 17914: (1344, 560) -> (1440, 512)
target scene=17 area=(1408, 512) event=257 script=8572 mode=4 state=1 player=(1440, 512) pos=(1408, 528) path=2
learned targeted exit AreaKey { scene: 17, anchor: (1408, 512) } event=257 -> AreaKey { scene: 17, anchor: (1280, 512) }
marked destination touch VisitKey { scene: 17, area: (1280, 512), event_id: 257, trigger_script: 8569, state: 1 }
learned exit AreaKey { scene: 17, anchor: (1408, 512) } event=257 -> AreaKey { scene: 17, anchor: (1280, 512) }
area teleport in scene 17 at frame 17927: (1408, 528) -> (1328, 568)
target scene=17 area=(1280, 512) event=264 script=9576 mode=1 state=2 player=(1328, 568) pos=(1408, 432) path=40
marked destination touch VisitKey { scene: 17, area: (1408, 512), event_id: 256, trigger_script: 8564, state: 1 }
learned exit AreaKey { scene: 17, anchor: (1280, 512) } event=256 -> AreaKey { scene: 17, anchor: (1408, 512) }
marked destination touch VisitKey { scene: 17, area: (1408, 512), event_id: 257, trigger_script: 8572, state: 1 }
learned exit AreaKey { scene: 17, anchor: (1280, 512) } event=257 -> AreaKey { scene: 17, anchor: (1408, 512) }
area teleport in scene 17 at frame 17968: (1344, 560) -> (1440, 512)
target scene=17 area=(1408, 512) event=257 script=8572 mode=4 state=1 player=(1440, 512) pos=(1408, 528) path=2
learned targeted exit AreaKey { scene: 17, anchor: (1408, 512) } event=257 -> AreaKey { scene: 17, anchor: (1280, 512) }
marked destination touch VisitKey { scene: 17, area: (1280, 512), event_id: 257, trigger_script: 8569, state: 1 }
learned exit AreaKey { scene: 17, anchor: (1408, 512) } event=257 -> AreaKey { scene: 17, anchor: (1280, 512) }
area teleport in scene 17 at frame 17981: (1408, 528) -> (1328, 568)
target scene=17 area=(1280, 512) event=264 script=9576 mode=1 state=2 player=(1328, 568) pos=(1408, 432) path=40
marked destination touch VisitKey { scene: 17, area: (1408, 512), event_id: 256, trigger_script: 8564, state: 1 }
learned exit AreaKey { scene: 17, anchor: (1280, 512) } event=256 -> AreaKey { scene: 17, anchor: (1408, 512) }
marked destination touch VisitKey { scene: 17, area: (1408, 512), event_id: 257, trigger_script: 8572, state: 1 }
learned exit AreaKey { scene: 17, anchor: (1280, 512) } event=257 -> AreaKey { scene: 17, anchor: (1408, 512) }
area teleport in scene 17 at frame 18022: (1344, 560) -> (1440, 512)
target scene=17 area=(1408, 512) event=257 script=8572 mode=4 state=1 player=(1440, 512) pos=(1408, 528) path=2
learned targeted exit AreaKey { scene: 17, anchor: (1408, 512) } event=257 -> AreaKey { scene: 17, anchor: (1280, 512) }
marked destination touch VisitKey { scene: 17, area: (1280, 512), event_id: 257, trigger_script: 8569, state: 1 }
learned exit AreaKey { scene: 17, anchor: (1408, 512) } event=257 -> AreaKey { scene: 17, anchor: (1280, 512) }
area teleport in scene 17 at frame 18035: (1408, 528) -> (1328, 568)
target scene=17 area=(1280, 512) event=264 script=9576 mode=1 state=2 player=(1328, 568) pos=(1408, 432) path=40
marked destination touch VisitKey { scene: 17, area: (1408, 512), event_id: 256, trigger_script: 8564, state: 1 }
learned exit AreaKey { scene: 17, anchor: (1280, 512) } event=256 -> AreaKey { scene: 17, anchor: (1408, 512) }
marked destination touch VisitKey { scene: 17, area: (1408, 512), event_id: 257, trigger_script: 8572, state: 1 }
learned exit AreaKey { scene: 17, anchor: (1280, 512) } event=257 -> AreaKey { scene: 17, anchor: (1408, 512) }
area teleport in scene 17 at frame 18076: (1344, 560) -> (1440, 512)
target scene=17 area=(1408, 512) event=257 script=8572 mode=4 state=1 player=(1440, 512) pos=(1408, 528) path=2
learned targeted exit AreaKey { scene: 17, anchor: (1408, 512) } event=257 -> AreaKey { scene: 17, anchor: (1280, 512) }
marked destination touch VisitKey { scene: 17, area: (1280, 512), event_id: 257, trigger_script: 8569, state: 1 }
learned exit AreaKey { scene: 17, anchor: (1408, 512) } event=257 -> AreaKey { scene: 17, anchor: (1280, 512) }
area teleport in scene 17 at frame 18089: (1408, 528) -> (1328, 568)
target scene=17 area=(1280, 512) event=264 script=9576 mode=1 state=2 player=(1328, 568) pos=(1408, 432) path=40
marked destination touch VisitKey { scene: 17, area: (1408, 512), event_id: 256, trigger_script: 8564, state: 1 }
learned exit AreaKey { scene: 17, anchor: (1280, 512) } event=256 -> AreaKey { scene: 17, anchor: (1408, 512) }
marked destination touch VisitKey { scene: 17, area: (1408, 512), event_id: 257, trigger_script: 8572, state: 1 }
learned exit AreaKey { scene: 17, anchor: (1280, 512) } event=257 -> AreaKey { scene: 17, anchor: (1408, 512) }
area teleport in scene 17 at frame 18130: (1344, 560) -> (1440, 512)
target scene=17 area=(1408, 512) event=257 script=8572 mode=4 state=1 player=(1440, 512) pos=(1408, 528) path=2
learned targeted exit AreaKey { scene: 17, anchor: (1408, 512) } event=257 -> AreaKey { scene: 17, anchor: (1280, 512) }
marked destination touch VisitKey { scene: 17, area: (1280, 512), event_id: 257, trigger_script: 8569, state: 1 }
learned exit AreaKey { scene: 17, anchor: (1408, 512) } event=257 -> AreaKey { scene: 17, anchor: (1280, 512) }
area teleport in scene 17 at frame 18143: (1408, 528) -> (1328, 568)
target scene=17 area=(1280, 512) event=264 script=9576 mode=1 state=2 player=(1328, 568) pos=(1408, 432) path=40
marked destination touch VisitKey { scene: 17, area: (1408, 512), event_id: 256, trigger_script: 8564, state: 1 }
learned exit AreaKey { scene: 17, anchor: (1280, 512) } event=256 -> AreaKey { scene: 17, anchor: (1408, 512) }
marked destination touch VisitKey { scene: 17, area: (1408, 512), event_id: 257, trigger_script: 8572, state: 1 }
learned exit AreaKey { scene: 17, anchor: (1280, 512) } event=257 -> AreaKey { scene: 17, anchor: (1408, 512) }
area teleport in scene 17 at frame 18184: (1344, 560) -> (1440, 512)
target scene=17 area=(1408, 512) event=257 script=8572 mode=4 state=1 player=(1440, 512) pos=(1408, 528) path=2
learned targeted exit AreaKey { scene: 17, anchor: (1408, 512) } event=257 -> AreaKey { scene: 17, anchor: (1280, 512) }
marked destination touch VisitKey { scene: 17, area: (1280, 512), event_id: 257, trigger_script: 8569, state: 1 }
learned exit AreaKey { scene: 17, anchor: (1408, 512) } event=257 -> AreaKey { scene: 17, anchor: (1280, 512) }
area teleport in scene 17 at frame 18197: (1408, 528) -> (1328, 568)
target scene=17 area=(1280, 512) event=264 script=9576 mode=1 state=2 player=(1328, 568) pos=(1408, 432) path=40
marked destination touch VisitKey { scene: 17, area: (1408, 512), event_id: 256, trigger_script: 8564, state: 1 }
learned exit AreaKey { scene: 17, anchor: (1280, 512) } event=256 -> AreaKey { scene: 17, anchor: (1408, 512) }
marked destination touch VisitKey { scene: 17, area: (1408, 512), event_id: 257, trigger_script: 8572, state: 1 }
learned exit AreaKey { scene: 17, anchor: (1280, 512) } event=257 -> AreaKey { scene: 17, anchor: (1408, 512) }
area teleport in scene 17 at frame 18238: (1344, 560) -> (1440, 512)
target scene=17 area=(1408, 512) event=257 script=8572 mode=4 state=1 player=(1440, 512) pos=(1408, 528) path=2
learned targeted exit AreaKey { scene: 17, anchor: (1408, 512) } event=257 -> AreaKey { scene: 17, anchor: (1280, 512) }
marked destination touch VisitKey { scene: 17, area: (1280, 512), event_id: 257, trigger_script: 8569, state: 1 }
learned exit AreaKey { scene: 17, anchor: (1408, 512) } event=257 -> AreaKey { scene: 17, anchor: (1280, 512) }
area teleport in scene 17 at frame 18251: (1408, 528) -> (1328, 568)
target scene=17 area=(1280, 512) event=264 script=9576 mode=1 state=2 player=(1328, 568) pos=(1408, 432) path=40
marked destination touch VisitKey { scene: 17, area: (1408, 512), event_id: 256, trigger_script: 8564, state: 1 }
learned exit AreaKey { scene: 17, anchor: (1280, 512) } event=256 -> AreaKey { scene: 17, anchor: (1408, 512) }
marked destination touch VisitKey { scene: 17, area: (1408, 512), event_id: 257, trigger_script: 8572, state: 1 }
learned exit AreaKey { scene: 17, anchor: (1280, 512) } event=257 -> AreaKey { scene: 17, anchor: (1408, 512) }
area teleport in scene 17 at frame 18292: (1344, 560) -> (1440, 512)
target scene=17 area=(1408, 512) event=257 script=8572 mode=4 state=1 player=(1440, 512) pos=(1408, 528) path=2
learned targeted exit AreaKey { scene: 17, anchor: (1408, 512) } event=257 -> AreaKey { scene: 17, anchor: (1280, 512) }
marked destination touch VisitKey { scene: 17, area: (1280, 512), event_id: 257, trigger_script: 8569, state: 1 }
learned exit AreaKey { scene: 17, anchor: (1408, 512) } event=257 -> AreaKey { scene: 17, anchor: (1280, 512) }
area teleport in scene 17 at frame 18305: (1408, 528) -> (1328, 568)
target scene=17 area=(1280, 512) event=264 script=9576 mode=1 state=2 player=(1328, 568) pos=(1408, 432) path=40
marked destination touch VisitKey { scene: 17, area: (1408, 512), event_id: 256, trigger_script: 8564, state: 1 }
learned exit AreaKey { scene: 17, anchor: (1280, 512) } event=256 -> AreaKey { scene: 17, anchor: (1408, 512) }
marked destination touch VisitKey { scene: 17, area: (1408, 512), event_id: 257, trigger_script: 8572, state: 1 }
learned exit AreaKey { scene: 17, anchor: (1280, 512) } event=257 -> AreaKey { scene: 17, anchor: (1408, 512) }
area teleport in scene 17 at frame 18346: (1344, 560) -> (1440, 512)
target scene=17 area=(1408, 512) event=257 script=8572 mode=4 state=1 player=(1440, 512) pos=(1408, 528) path=2
learned targeted exit AreaKey { scene: 17, anchor: (1408, 512) } event=257 -> AreaKey { scene: 17, anchor: (1280, 512) }
marked destination touch VisitKey { scene: 17, area: (1280, 512), event_id: 257, trigger_script: 8569, state: 1 }
learned exit AreaKey { scene: 17, anchor: (1408, 512) } event=257 -> AreaKey { scene: 17, anchor: (1280, 512) }
area teleport in scene 17 at frame 18359: (1408, 528) -> (1328, 568)
target scene=17 area=(1280, 512) event=264 script=9576 mode=1 state=2 player=(1328, 568) pos=(1408, 432) path=40
marked destination touch VisitKey { scene: 17, area: (1408, 512), event_id: 256, trigger_script: 8564, state: 1 }
learned exit AreaKey { scene: 17, anchor: (1280, 512) } event=256 -> AreaKey { scene: 17, anchor: (1408, 512) }
marked destination touch VisitKey { scene: 17, area: (1408, 512), event_id: 257, trigger_script: 8572, state: 1 }
learned exit AreaKey { scene: 17, anchor: (1280, 512) } event=257 -> AreaKey { scene: 17, anchor: (1408, 512) }
area teleport in scene 17 at frame 18400: (1344, 560) -> (1440, 512)
target scene=17 area=(1408, 512) event=257 script=8572 mode=4 state=1 player=(1440, 512) pos=(1408, 528) path=2
learned targeted exit AreaKey { scene: 17, anchor: (1408, 512) } event=257 -> AreaKey { scene: 17, anchor: (1280, 512) }
marked destination touch VisitKey { scene: 17, area: (1280, 512), event_id: 257, trigger_script: 8569, state: 1 }
learned exit AreaKey { scene: 17, anchor: (1408, 512) } event=257 -> AreaKey { scene: 17, anchor: (1280, 512) }
area teleport in scene 17 at frame 18413: (1408, 528) -> (1328, 568)
target scene=17 area=(1280, 512) event=264 script=9576 mode=1 state=2 player=(1328, 568) pos=(1408, 432) path=40
marked destination touch VisitKey { scene: 17, area: (1408, 512), event_id: 256, trigger_script: 8564, state: 1 }
learned exit AreaKey { scene: 17, anchor: (1280, 512) } event=256 -> AreaKey { scene: 17, anchor: (1408, 512) }
marked destination touch VisitKey { scene: 17, area: (1408, 512), event_id: 257, trigger_script: 8572, state: 1 }
learned exit AreaKey { scene: 17, anchor: (1280, 512) } event=257 -> AreaKey { scene: 17, anchor: (1408, 512) }
area teleport in scene 17 at frame 18454: (1344, 560) -> (1440, 512)
target scene=17 area=(1408, 512) event=257 script=8572 mode=4 state=1 player=(1440, 512) pos=(1408, 528) path=2
learned targeted exit AreaKey { scene: 17, anchor: (1408, 512) } event=257 -> AreaKey { scene: 17, anchor: (1280, 512) }
marked destination touch VisitKey { scene: 17, area: (1280, 512), event_id: 257, trigger_script: 8569, state: 1 }
learned exit AreaKey { scene: 17, anchor: (1408, 512) } event=257 -> AreaKey { scene: 17, anchor: (1280, 512) }
area teleport in scene 17 at frame 18467: (1408, 528) -> (1328, 568)
target scene=17 area=(1280, 512) event=264 script=9576 mode=1 state=2 player=(1328, 568) pos=(1408, 432) path=40
marked destination touch VisitKey { scene: 17, area: (1408, 512), event_id: 256, trigger_script: 8564, state: 1 }
learned exit AreaKey { scene: 17, anchor: (1280, 512) } event=256 -> AreaKey { scene: 17, anchor: (1408, 512) }
marked destination touch VisitKey { scene: 17, area: (1408, 512), event_id: 257, trigger_script: 8572, state: 1 }
learned exit AreaKey { scene: 17, anchor: (1280, 512) } event=257 -> AreaKey { scene: 17, anchor: (1408, 512) }
area teleport in scene 17 at frame 18508: (1344, 560) -> (1440, 512)
target scene=17 area=(1408, 512) event=257 script=8572 mode=4 state=1 player=(1440, 512) pos=(1408, 528) path=2
learned targeted exit AreaKey { scene: 17, anchor: (1408, 512) } event=257 -> AreaKey { scene: 17, anchor: (1280, 512) }
marked destination touch VisitKey { scene: 17, area: (1280, 512), event_id: 257, trigger_script: 8569, state: 1 }
learned exit AreaKey { scene: 17, anchor: (1408, 512) } event=257 -> AreaKey { scene: 17, anchor: (1280, 512) }
area teleport in scene 17 at frame 18521: (1408, 528) -> (1328, 568)
target scene=17 area=(1280, 512) event=264 script=9576 mode=1 state=2 player=(1328, 568) pos=(1408, 432) path=40
marked destination touch VisitKey { scene: 17, area: (1408, 512), event_id: 256, trigger_script: 8564, state: 1 }
learned exit AreaKey { scene: 17, anchor: (1280, 512) } event=256 -> AreaKey { scene: 17, anchor: (1408, 512) }
marked destination touch VisitKey { scene: 17, area: (1408, 512), event_id: 257, trigger_script: 8572, state: 1 }
learned exit AreaKey { scene: 17, anchor: (1280, 512) } event=257 -> AreaKey { scene: 17, anchor: (1408, 512) }
area teleport in scene 17 at frame 18562: (1344, 560) -> (1440, 512)
target scene=17 area=(1408, 512) event=257 script=8572 mode=4 state=1 player=(1440, 512) pos=(1408, 528) path=2
learned targeted exit AreaKey { scene: 17, anchor: (1408, 512) } event=257 -> AreaKey { scene: 17, anchor: (1280, 512) }
marked destination touch VisitKey { scene: 17, area: (1280, 512), event_id: 257, trigger_script: 8569, state: 1 }
learned exit AreaKey { scene: 17, anchor: (1408, 512) } event=257 -> AreaKey { scene: 17, anchor: (1280, 512) }
area teleport in scene 17 at frame 18575: (1408, 528) -> (1328, 568)
target scene=17 area=(1280, 512) event=264 script=9576 mode=1 state=2 player=(1328, 568) pos=(1408, 432) path=40
marked destination touch VisitKey { scene: 17, area: (1408, 512), event_id: 256, trigger_script: 8564, state: 1 }
learned exit AreaKey { scene: 17, anchor: (1280, 512) } event=256 -> AreaKey { scene: 17, anchor: (1408, 512) }
marked destination touch VisitKey { scene: 17, area: (1408, 512), event_id: 257, trigger_script: 8572, state: 1 }
learned exit AreaKey { scene: 17, anchor: (1280, 512) } event=257 -> AreaKey { scene: 17, anchor: (1408, 512) }
area teleport in scene 17 at frame 18616: (1344, 560) -> (1440, 512)
target scene=17 area=(1408, 512) event=257 script=8572 mode=4 state=1 player=(1440, 512) pos=(1408, 528) path=2
learned targeted exit AreaKey { scene: 17, anchor: (1408, 512) } event=257 -> AreaKey { scene: 17, anchor: (1280, 512) }
marked destination touch VisitKey { scene: 17, area: (1280, 512), event_id: 257, trigger_script: 8569, state: 1 }
learned exit AreaKey { scene: 17, anchor: (1408, 512) } event=257 -> AreaKey { scene: 17, anchor: (1280, 512) }
area teleport in scene 17 at frame 18629: (1408, 528) -> (1328, 568)
target scene=17 area=(1280, 512) event=264 script=9576 mode=1 state=2 player=(1328, 568) pos=(1408, 432) path=40
marked destination touch VisitKey { scene: 17, area: (1408, 512), event_id: 256, trigger_script: 8564, state: 1 }
learned exit AreaKey { scene: 17, anchor: (1280, 512) } event=256 -> AreaKey { scene: 17, anchor: (1408, 512) }
marked destination touch VisitKey { scene: 17, area: (1408, 512), event_id: 257, trigger_script: 8572, state: 1 }
learned exit AreaKey { scene: 17, anchor: (1280, 512) } event=257 -> AreaKey { scene: 17, anchor: (1408, 512) }
area teleport in scene 17 at frame 18670: (1344, 560) -> (1440, 512)
target scene=17 area=(1408, 512) event=257 script=8572 mode=4 state=1 player=(1440, 512) pos=(1408, 528) path=2
learned targeted exit AreaKey { scene: 17, anchor: (1408, 512) } event=257 -> AreaKey { scene: 17, anchor: (1280, 512) }
marked destination touch VisitKey { scene: 17, area: (1280, 512), event_id: 257, trigger_script: 8569, state: 1 }
learned exit AreaKey { scene: 17, anchor: (1408, 512) } event=257 -> AreaKey { scene: 17, anchor: (1280, 512) }
area teleport in scene 17 at frame 18683: (1408, 528) -> (1328, 568)
target scene=17 area=(1280, 512) event=264 script=9576 mode=1 state=2 player=(1328, 568) pos=(1408, 432) path=40
marked destination touch VisitKey { scene: 17, area: (1408, 512), event_id: 256, trigger_script: 8564, state: 1 }
learned exit AreaKey { scene: 17, anchor: (1280, 512) } event=256 -> AreaKey { scene: 17, anchor: (1408, 512) }
marked destination touch VisitKey { scene: 17, area: (1408, 512), event_id: 257, trigger_script: 8572, state: 1 }
learned exit AreaKey { scene: 17, anchor: (1280, 512) } event=257 -> AreaKey { scene: 17, anchor: (1408, 512) }
area teleport in scene 17 at frame 18724: (1344, 560) -> (1440, 512)
target scene=17 area=(1408, 512) event=257 script=8572 mode=4 state=1 player=(1440, 512) pos=(1408, 528) path=2
learned targeted exit AreaKey { scene: 17, anchor: (1408, 512) } event=257 -> AreaKey { scene: 17, anchor: (1280, 512) }
marked destination touch VisitKey { scene: 17, area: (1280, 512), event_id: 257, trigger_script: 8569, state: 1 }
learned exit AreaKey { scene: 17, anchor: (1408, 512) } event=257 -> AreaKey { scene: 17, anchor: (1280, 512) }
area teleport in scene 17 at frame 18737: (1408, 528) -> (1328, 568)
target scene=17 area=(1280, 512) event=264 script=9576 mode=1 state=2 player=(1328, 568) pos=(1408, 432) path=40
marked destination touch VisitKey { scene: 17, area: (1408, 512), event_id: 256, trigger_script: 8564, state: 1 }
learned exit AreaKey { scene: 17, anchor: (1280, 512) } event=256 -> AreaKey { scene: 17, anchor: (1408, 512) }
marked destination touch VisitKey { scene: 17, area: (1408, 512), event_id: 257, trigger_script: 8572, state: 1 }
learned exit AreaKey { scene: 17, anchor: (1280, 512) } event=257 -> AreaKey { scene: 17, anchor: (1408, 512) }
area teleport in scene 17 at frame 18778: (1344, 560) -> (1440, 512)
target scene=17 area=(1408, 512) event=257 script=8572 mode=4 state=1 player=(1440, 512) pos=(1408, 528) path=2
learned targeted exit AreaKey { scene: 17, anchor: (1408, 512) } event=257 -> AreaKey { scene: 17, anchor: (1280, 512) }
marked destination touch VisitKey { scene: 17, area: (1280, 512), event_id: 257, trigger_script: 8569, state: 1 }
learned exit AreaKey { scene: 17, anchor: (1408, 512) } event=257 -> AreaKey { scene: 17, anchor: (1280, 512) }
area teleport in scene 17 at frame 18791: (1408, 528) -> (1328, 568)
target scene=17 area=(1280, 512) event=264 script=9576 mode=1 state=2 player=(1328, 568) pos=(1408, 432) path=40
marked destination touch VisitKey { scene: 17, area: (1408, 512), event_id: 256, trigger_script: 8564, state: 1 }
learned exit AreaKey { scene: 17, anchor: (1280, 512) } event=256 -> AreaKey { scene: 17, anchor: (1408, 512) }
marked destination touch VisitKey { scene: 17, area: (1408, 512), event_id: 257, trigger_script: 8572, state: 1 }
learned exit AreaKey { scene: 17, anchor: (1280, 512) } event=257 -> AreaKey { scene: 17, anchor: (1408, 512) }
area teleport in scene 17 at frame 18832: (1344, 560) -> (1440, 512)
target scene=17 area=(1408, 512) event=257 script=8572 mode=4 state=1 player=(1440, 512) pos=(1408, 528) path=2
learned targeted exit AreaKey { scene: 17, anchor: (1408, 512) } event=257 -> AreaKey { scene: 17, anchor: (1280, 512) }
marked destination touch VisitKey { scene: 17, area: (1280, 512), event_id: 257, trigger_script: 8569, state: 1 }
learned exit AreaKey { scene: 17, anchor: (1408, 512) } event=257 -> AreaKey { scene: 17, anchor: (1280, 512) }
area teleport in scene 17 at frame 18845: (1408, 528) -> (1328, 568)
target scene=17 area=(1280, 512) event=264 script=9576 mode=1 state=2 player=(1328, 568) pos=(1408, 432) path=40
marked destination touch VisitKey { scene: 17, area: (1408, 512), event_id: 256, trigger_script: 8564, state: 1 }
learned exit AreaKey { scene: 17, anchor: (1280, 512) } event=256 -> AreaKey { scene: 17, anchor: (1408, 512) }
marked destination touch VisitKey { scene: 17, area: (1408, 512), event_id: 257, trigger_script: 8572, state: 1 }
learned exit AreaKey { scene: 17, anchor: (1280, 512) } event=257 -> AreaKey { scene: 17, anchor: (1408, 512) }
area teleport in scene 17 at frame 18886: (1344, 560) -> (1440, 512)
target scene=17 area=(1408, 512) event=257 script=8572 mode=4 state=1 player=(1440, 512) pos=(1408, 528) path=2
learned targeted exit AreaKey { scene: 17, anchor: (1408, 512) } event=257 -> AreaKey { scene: 17, anchor: (1280, 512) }
marked destination touch VisitKey { scene: 17, area: (1280, 512), event_id: 257, trigger_script: 8569, state: 1 }
learned exit AreaKey { scene: 17, anchor: (1408, 512) } event=257 -> AreaKey { scene: 17, anchor: (1280, 512) }
area teleport in scene 17 at frame 18899: (1408, 528) -> (1328, 568)
target scene=17 area=(1280, 512) event=264 script=9576 mode=1 state=2 player=(1328, 568) pos=(1408, 432) path=40
marked destination touch VisitKey { scene: 17, area: (1408, 512), event_id: 256, trigger_script: 8564, state: 1 }
learned exit AreaKey { scene: 17, anchor: (1280, 512) } event=256 -> AreaKey { scene: 17, anchor: (1408, 512) }
marked destination touch VisitKey { scene: 17, area: (1408, 512), event_id: 257, trigger_script: 8572, state: 1 }
learned exit AreaKey { scene: 17, anchor: (1280, 512) } event=257 -> AreaKey { scene: 17, anchor: (1408, 512) }
area teleport in scene 17 at frame 18940: (1344, 560) -> (1440, 512)
target scene=17 area=(1408, 512) event=257 script=8572 mode=4 state=1 player=(1440, 512) pos=(1408, 528) path=2
learned targeted exit AreaKey { scene: 17, anchor: (1408, 512) } event=257 -> AreaKey { scene: 17, anchor: (1280, 512) }
marked destination touch VisitKey { scene: 17, area: (1280, 512), event_id: 257, trigger_script: 8569, state: 1 }
learned exit AreaKey { scene: 17, anchor: (1408, 512) } event=257 -> AreaKey { scene: 17, anchor: (1280, 512) }
area teleport in scene 17 at frame 18953: (1408, 528) -> (1328, 568)
target scene=17 area=(1280, 512) event=264 script=9576 mode=1 state=2 player=(1328, 568) pos=(1408, 432) path=40
marked destination touch VisitKey { scene: 17, area: (1408, 512), event_id: 256, trigger_script: 8564, state: 1 }
learned exit AreaKey { scene: 17, anchor: (1280, 512) } event=256 -> AreaKey { scene: 17, anchor: (1408, 512) }
marked destination touch VisitKey { scene: 17, area: (1408, 512), event_id: 257, trigger_script: 8572, state: 1 }
learned exit AreaKey { scene: 17, anchor: (1280, 512) } event=257 -> AreaKey { scene: 17, anchor: (1408, 512) }
area teleport in scene 17 at frame 18994: (1344, 560) -> (1440, 512)
target scene=17 area=(1408, 512) event=257 script=8572 mode=4 state=1 player=(1440, 512) pos=(1408, 528) path=2
learned targeted exit AreaKey { scene: 17, anchor: (1408, 512) } event=257 -> AreaKey { scene: 17, anchor: (1280, 512) }
marked destination touch VisitKey { scene: 17, area: (1280, 512), event_id: 257, trigger_script: 8569, state: 1 }
learned exit AreaKey { scene: 17, anchor: (1408, 512) } event=257 -> AreaKey { scene: 17, anchor: (1280, 512) }
area teleport in scene 17 at frame 19007: (1408, 528) -> (1328, 568)
target scene=17 area=(1280, 512) event=264 script=9576 mode=1 state=2 player=(1328, 568) pos=(1408, 432) path=40
marked destination touch VisitKey { scene: 17, area: (1408, 512), event_id: 256, trigger_script: 8564, state: 1 }
learned exit AreaKey { scene: 17, anchor: (1280, 512) } event=256 -> AreaKey { scene: 17, anchor: (1408, 512) }
marked destination touch VisitKey { scene: 17, area: (1408, 512), event_id: 257, trigger_script: 8572, state: 1 }
learned exit AreaKey { scene: 17, anchor: (1280, 512) } event=257 -> AreaKey { scene: 17, anchor: (1408, 512) }
area teleport in scene 17 at frame 19048: (1344, 560) -> (1440, 512)
target scene=17 area=(1408, 512) event=257 script=8572 mode=4 state=1 player=(1440, 512) pos=(1408, 528) path=2
learned targeted exit AreaKey { scene: 17, anchor: (1408, 512) } event=257 -> AreaKey { scene: 17, anchor: (1280, 512) }
marked destination touch VisitKey { scene: 17, area: (1280, 512), event_id: 257, trigger_script: 8569, state: 1 }
learned exit AreaKey { scene: 17, anchor: (1408, 512) } event=257 -> AreaKey { scene: 17, anchor: (1280, 512) }
area teleport in scene 17 at frame 19061: (1408, 528) -> (1328, 568)
target scene=17 area=(1280, 512) event=264 script=9576 mode=1 state=2 player=(1328, 568) pos=(1408, 432) path=40
marked destination touch VisitKey { scene: 17, area: (1408, 512), event_id: 256, trigger_script: 8564, state: 1 }
learned exit AreaKey { scene: 17, anchor: (1280, 512) } event=256 -> AreaKey { scene: 17, anchor: (1408, 512) }
marked destination touch VisitKey { scene: 17, area: (1408, 512), event_id: 257, trigger_script: 8572, state: 1 }
learned exit AreaKey { scene: 17, anchor: (1280, 512) } event=257 -> AreaKey { scene: 17, anchor: (1408, 512) }
area teleport in scene 17 at frame 19102: (1344, 560) -> (1440, 512)
target scene=17 area=(1408, 512) event=257 script=8572 mode=4 state=1 player=(1440, 512) pos=(1408, 528) path=2
learned targeted exit AreaKey { scene: 17, anchor: (1408, 512) } event=257 -> AreaKey { scene: 17, anchor: (1280, 512) }
marked destination touch VisitKey { scene: 17, area: (1280, 512), event_id: 257, trigger_script: 8569, state: 1 }
learned exit AreaKey { scene: 17, anchor: (1408, 512) } event=257 -> AreaKey { scene: 17, anchor: (1280, 512) }
area teleport in scene 17 at frame 19115: (1408, 528) -> (1328, 568)
target scene=17 area=(1280, 512) event=264 script=9576 mode=1 state=2 player=(1328, 568) pos=(1408, 432) path=40
marked destination touch VisitKey { scene: 17, area: (1408, 512), event_id: 256, trigger_script: 8564, state: 1 }
learned exit AreaKey { scene: 17, anchor: (1280, 512) } event=256 -> AreaKey { scene: 17, anchor: (1408, 512) }
marked destination touch VisitKey { scene: 17, area: (1408, 512), event_id: 257, trigger_script: 8572, state: 1 }
learned exit AreaKey { scene: 17, anchor: (1280, 512) } event=257 -> AreaKey { scene: 17, anchor: (1408, 512) }
area teleport in scene 17 at frame 19156: (1344, 560) -> (1440, 512)
target scene=17 area=(1408, 512) event=257 script=8572 mode=4 state=1 player=(1440, 512) pos=(1408, 528) path=2
learned targeted exit AreaKey { scene: 17, anchor: (1408, 512) } event=257 -> AreaKey { scene: 17, anchor: (1280, 512) }
marked destination touch VisitKey { scene: 17, area: (1280, 512), event_id: 257, trigger_script: 8569, state: 1 }
learned exit AreaKey { scene: 17, anchor: (1408, 512) } event=257 -> AreaKey { scene: 17, anchor: (1280, 512) }
area teleport in scene 17 at frame 19169: (1408, 528) -> (1328, 568)
target scene=17 area=(1280, 512) event=264 script=9576 mode=1 state=2 player=(1328, 568) pos=(1408, 432) path=40
marked destination touch VisitKey { scene: 17, area: (1408, 512), event_id: 256, trigger_script: 8564, state: 1 }
learned exit AreaKey { scene: 17, anchor: (1280, 512) } event=256 -> AreaKey { scene: 17, anchor: (1408, 512) }
marked destination touch VisitKey { scene: 17, area: (1408, 512), event_id: 257, trigger_script: 8572, state: 1 }
learned exit AreaKey { scene: 17, anchor: (1280, 512) } event=257 -> AreaKey { scene: 17, anchor: (1408, 512) }
area teleport in scene 17 at frame 19210: (1344, 560) -> (1440, 512)
target scene=17 area=(1408, 512) event=257 script=8572 mode=4 state=1 player=(1440, 512) pos=(1408, 528) path=2
learned targeted exit AreaKey { scene: 17, anchor: (1408, 512) } event=257 -> AreaKey { scene: 17, anchor: (1280, 512) }
marked destination touch VisitKey { scene: 17, area: (1280, 512), event_id: 257, trigger_script: 8569, state: 1 }
learned exit AreaKey { scene: 17, anchor: (1408, 512) } event=257 -> AreaKey { scene: 17, anchor: (1280, 512) }
area teleport in scene 17 at frame 19223: (1408, 528) -> (1328, 568)
target scene=17 area=(1280, 512) event=264 script=9576 mode=1 state=2 player=(1328, 568) pos=(1408, 432) path=40
marked destination touch VisitKey { scene: 17, area: (1408, 512), event_id: 256, trigger_script: 8564, state: 1 }
learned exit AreaKey { scene: 17, anchor: (1280, 512) } event=256 -> AreaKey { scene: 17, anchor: (1408, 512) }
marked destination touch VisitKey { scene: 17, area: (1408, 512), event_id: 257, trigger_script: 8572, state: 1 }
learned exit AreaKey { scene: 17, anchor: (1280, 512) } event=257 -> AreaKey { scene: 17, anchor: (1408, 512) }
area teleport in scene 17 at frame 19264: (1344, 560) -> (1440, 512)
target scene=17 area=(1408, 512) event=257 script=8572 mode=4 state=1 player=(1440, 512) pos=(1408, 528) path=2
learned targeted exit AreaKey { scene: 17, anchor: (1408, 512) } event=257 -> AreaKey { scene: 17, anchor: (1280, 512) }
marked destination touch VisitKey { scene: 17, area: (1280, 512), event_id: 257, trigger_script: 8569, state: 1 }
learned exit AreaKey { scene: 17, anchor: (1408, 512) } event=257 -> AreaKey { scene: 17, anchor: (1280, 512) }
area teleport in scene 17 at frame 19277: (1408, 528) -> (1328, 568)
target scene=17 area=(1280, 512) event=264 script=9576 mode=1 state=2 player=(1328, 568) pos=(1408, 432) path=40
marked destination touch VisitKey { scene: 17, area: (1408, 512), event_id: 256, trigger_script: 8564, state: 1 }
learned exit AreaKey { scene: 17, anchor: (1280, 512) } event=256 -> AreaKey { scene: 17, anchor: (1408, 512) }
marked destination touch VisitKey { scene: 17, area: (1408, 512), event_id: 257, trigger_script: 8572, state: 1 }
learned exit AreaKey { scene: 17, anchor: (1280, 512) } event=257 -> AreaKey { scene: 17, anchor: (1408, 512) }
area teleport in scene 17 at frame 19318: (1344, 560) -> (1440, 512)
target scene=17 area=(1408, 512) event=257 script=8572 mode=4 state=1 player=(1440, 512) pos=(1408, 528) path=2
learned targeted exit AreaKey { scene: 17, anchor: (1408, 512) } event=257 -> AreaKey { scene: 17, anchor: (1280, 512) }
marked destination touch VisitKey { scene: 17, area: (1280, 512), event_id: 257, trigger_script: 8569, state: 1 }
learned exit AreaKey { scene: 17, anchor: (1408, 512) } event=257 -> AreaKey { scene: 17, anchor: (1280, 512) }
area teleport in scene 17 at frame 19331: (1408, 528) -> (1328, 568)
target scene=17 area=(1280, 512) event=264 script=9576 mode=1 state=2 player=(1328, 568) pos=(1408, 432) path=40
marked destination touch VisitKey { scene: 17, area: (1408, 512), event_id: 256, trigger_script: 8564, state: 1 }
learned exit AreaKey { scene: 17, anchor: (1280, 512) } event=256 -> AreaKey { scene: 17, anchor: (1408, 512) }
marked destination touch VisitKey { scene: 17, area: (1408, 512), event_id: 257, trigger_script: 8572, state: 1 }
learned exit AreaKey { scene: 17, anchor: (1280, 512) } event=257 -> AreaKey { scene: 17, anchor: (1408, 512) }
area teleport in scene 17 at frame 19372: (1344, 560) -> (1440, 512)
target scene=17 area=(1408, 512) event=257 script=8572 mode=4 state=1 player=(1440, 512) pos=(1408, 528) path=2
learned targeted exit AreaKey { scene: 17, anchor: (1408, 512) } event=257 -> AreaKey { scene: 17, anchor: (1280, 512) }
marked destination touch VisitKey { scene: 17, area: (1280, 512), event_id: 257, trigger_script: 8569, state: 1 }
learned exit AreaKey { scene: 17, anchor: (1408, 512) } event=257 -> AreaKey { scene: 17, anchor: (1280, 512) }
area teleport in scene 17 at frame 19385: (1408, 528) -> (1328, 568)
target scene=17 area=(1280, 512) event=264 script=9576 mode=1 state=2 player=(1328, 568) pos=(1408, 432) path=40
marked destination touch VisitKey { scene: 17, area: (1408, 512), event_id: 256, trigger_script: 8564, state: 1 }
learned exit AreaKey { scene: 17, anchor: (1280, 512) } event=256 -> AreaKey { scene: 17, anchor: (1408, 512) }
marked destination touch VisitKey { scene: 17, area: (1408, 512), event_id: 257, trigger_script: 8572, state: 1 }
learned exit AreaKey { scene: 17, anchor: (1280, 512) } event=257 -> AreaKey { scene: 17, anchor: (1408, 512) }
area teleport in scene 17 at frame 19426: (1344, 560) -> (1440, 512)
target scene=17 area=(1408, 512) event=257 script=8572 mode=4 state=1 player=(1440, 512) pos=(1408, 528) path=2
learned targeted exit AreaKey { scene: 17, anchor: (1408, 512) } event=257 -> AreaKey { scene: 17, anchor: (1280, 512) }
marked destination touch VisitKey { scene: 17, area: (1280, 512), event_id: 257, trigger_script: 8569, state: 1 }
learned exit AreaKey { scene: 17, anchor: (1408, 512) } event=257 -> AreaKey { scene: 17, anchor: (1280, 512) }
area teleport in scene 17 at frame 19439: (1408, 528) -> (1328, 568)
target scene=17 area=(1280, 512) event=264 script=9576 mode=1 state=2 player=(1328, 568) pos=(1408, 432) path=40
marked destination touch VisitKey { scene: 17, area: (1408, 512), event_id: 256, trigger_script: 8564, state: 1 }
learned exit AreaKey { scene: 17, anchor: (1280, 512) } event=256 -> AreaKey { scene: 17, anchor: (1408, 512) }
marked destination touch VisitKey { scene: 17, area: (1408, 512), event_id: 257, trigger_script: 8572, state: 1 }
learned exit AreaKey { scene: 17, anchor: (1280, 512) } event=257 -> AreaKey { scene: 17, anchor: (1408, 512) }
area teleport in scene 17 at frame 19480: (1344, 560) -> (1440, 512)
target scene=17 area=(1408, 512) event=257 script=8572 mode=4 state=1 player=(1440, 512) pos=(1408, 528) path=2
learned targeted exit AreaKey { scene: 17, anchor: (1408, 512) } event=257 -> AreaKey { scene: 17, anchor: (1280, 512) }
marked destination touch VisitKey { scene: 17, area: (1280, 512), event_id: 257, trigger_script: 8569, state: 1 }
learned exit AreaKey { scene: 17, anchor: (1408, 512) } event=257 -> AreaKey { scene: 17, anchor: (1280, 512) }
area teleport in scene 17 at frame 19493: (1408, 528) -> (1328, 568)
target scene=17 area=(1280, 512) event=264 script=9576 mode=1 state=2 player=(1328, 568) pos=(1408, 432) path=40
marked destination touch VisitKey { scene: 17, area: (1408, 512), event_id: 256, trigger_script: 8564, state: 1 }
learned exit AreaKey { scene: 17, anchor: (1280, 512) } event=256 -> AreaKey { scene: 17, anchor: (1408, 512) }
marked destination touch VisitKey { scene: 17, area: (1408, 512), event_id: 257, trigger_script: 8572, state: 1 }
learned exit AreaKey { scene: 17, anchor: (1280, 512) } event=257 -> AreaKey { scene: 17, anchor: (1408, 512) }
area teleport in scene 17 at frame 19534: (1344, 560) -> (1440, 512)
target scene=17 area=(1408, 512) event=257 script=8572 mode=4 state=1 player=(1440, 512) pos=(1408, 528) path=2
learned targeted exit AreaKey { scene: 17, anchor: (1408, 512) } event=257 -> AreaKey { scene: 17, anchor: (1280, 512) }
marked destination touch VisitKey { scene: 17, area: (1280, 512), event_id: 257, trigger_script: 8569, state: 1 }
learned exit AreaKey { scene: 17, anchor: (1408, 512) } event=257 -> AreaKey { scene: 17, anchor: (1280, 512) }
area teleport in scene 17 at frame 19547: (1408, 528) -> (1328, 568)
target scene=17 area=(1280, 512) event=264 script=9576 mode=1 state=2 player=(1328, 568) pos=(1408, 432) path=40
marked destination touch VisitKey { scene: 17, area: (1408, 512), event_id: 256, trigger_script: 8564, state: 1 }
learned exit AreaKey { scene: 17, anchor: (1280, 512) } event=256 -> AreaKey { scene: 17, anchor: (1408, 512) }
marked destination touch VisitKey { scene: 17, area: (1408, 512), event_id: 257, trigger_script: 8572, state: 1 }
learned exit AreaKey { scene: 17, anchor: (1280, 512) } event=257 -> AreaKey { scene: 17, anchor: (1408, 512) }
area teleport in scene 17 at frame 19588: (1344, 560) -> (1440, 512)
target scene=17 area=(1408, 512) event=257 script=8572 mode=4 state=1 player=(1440, 512) pos=(1408, 528) path=2
learned targeted exit AreaKey { scene: 17, anchor: (1408, 512) } event=257 -> AreaKey { scene: 17, anchor: (1280, 512) }
marked destination touch VisitKey { scene: 17, area: (1280, 512), event_id: 257, trigger_script: 8569, state: 1 }
learned exit AreaKey { scene: 17, anchor: (1408, 512) } event=257 -> AreaKey { scene: 17, anchor: (1280, 512) }
area teleport in scene 17 at frame 19601: (1408, 528) -> (1328, 568)
target scene=17 area=(1280, 512) event=264 script=9576 mode=1 state=2 player=(1328, 568) pos=(1408, 432) path=40
marked destination touch VisitKey { scene: 17, area: (1408, 512), event_id: 256, trigger_script: 8564, state: 1 }
learned exit AreaKey { scene: 17, anchor: (1280, 512) } event=256 -> AreaKey { scene: 17, anchor: (1408, 512) }
marked destination touch VisitKey { scene: 17, area: (1408, 512), event_id: 257, trigger_script: 8572, state: 1 }
learned exit AreaKey { scene: 17, anchor: (1280, 512) } event=257 -> AreaKey { scene: 17, anchor: (1408, 512) }
area teleport in scene 17 at frame 19642: (1344, 560) -> (1440, 512)
target scene=17 area=(1408, 512) event=257 script=8572 mode=4 state=1 player=(1440, 512) pos=(1408, 528) path=2
learned targeted exit AreaKey { scene: 17, anchor: (1408, 512) } event=257 -> AreaKey { scene: 17, anchor: (1280, 512) }
marked destination touch VisitKey { scene: 17, area: (1280, 512), event_id: 257, trigger_script: 8569, state: 1 }
learned exit AreaKey { scene: 17, anchor: (1408, 512) } event=257 -> AreaKey { scene: 17, anchor: (1280, 512) }
area teleport in scene 17 at frame 19655: (1408, 528) -> (1328, 568)
target scene=17 area=(1280, 512) event=264 script=9576 mode=1 state=2 player=(1328, 568) pos=(1408, 432) path=40
marked destination touch VisitKey { scene: 17, area: (1408, 512), event_id: 256, trigger_script: 8564, state: 1 }
learned exit AreaKey { scene: 17, anchor: (1280, 512) } event=256 -> AreaKey { scene: 17, anchor: (1408, 512) }
marked destination touch VisitKey { scene: 17, area: (1408, 512), event_id: 257, trigger_script: 8572, state: 1 }
learned exit AreaKey { scene: 17, anchor: (1280, 512) } event=257 -> AreaKey { scene: 17, anchor: (1408, 512) }
area teleport in scene 17 at frame 19696: (1344, 560) -> (1440, 512)
target scene=17 area=(1408, 512) event=257 script=8572 mode=4 state=1 player=(1440, 512) pos=(1408, 528) path=2
learned targeted exit AreaKey { scene: 17, anchor: (1408, 512) } event=257 -> AreaKey { scene: 17, anchor: (1280, 512) }
marked destination touch VisitKey { scene: 17, area: (1280, 512), event_id: 257, trigger_script: 8569, state: 1 }
learned exit AreaKey { scene: 17, anchor: (1408, 512) } event=257 -> AreaKey { scene: 17, anchor: (1280, 512) }
area teleport in scene 17 at frame 19709: (1408, 528) -> (1328, 568)
target scene=17 area=(1280, 512) event=264 script=9576 mode=1 state=2 player=(1328, 568) pos=(1408, 432) path=40
marked destination touch VisitKey { scene: 17, area: (1408, 512), event_id: 256, trigger_script: 8564, state: 1 }
learned exit AreaKey { scene: 17, anchor: (1280, 512) } event=256 -> AreaKey { scene: 17, anchor: (1408, 512) }
marked destination touch VisitKey { scene: 17, area: (1408, 512), event_id: 257, trigger_script: 8572, state: 1 }
learned exit AreaKey { scene: 17, anchor: (1280, 512) } event=257 -> AreaKey { scene: 17, anchor: (1408, 512) }
area teleport in scene 17 at frame 19750: (1344, 560) -> (1440, 512)
target scene=17 area=(1408, 512) event=257 script=8572 mode=4 state=1 player=(1440, 512) pos=(1408, 528) path=2
learned targeted exit AreaKey { scene: 17, anchor: (1408, 512) } event=257 -> AreaKey { scene: 17, anchor: (1280, 512) }
marked destination touch VisitKey { scene: 17, area: (1280, 512), event_id: 257, trigger_script: 8569, state: 1 }
learned exit AreaKey { scene: 17, anchor: (1408, 512) } event=257 -> AreaKey { scene: 17, anchor: (1280, 512) }
area teleport in scene 17 at frame 19763: (1408, 528) -> (1328, 568)
target scene=17 area=(1280, 512) event=264 script=9576 mode=1 state=2 player=(1328, 568) pos=(1408, 432) path=40
marked destination touch VisitKey { scene: 17, area: (1408, 512), event_id: 256, trigger_script: 8564, state: 1 }
learned exit AreaKey { scene: 17, anchor: (1280, 512) } event=256 -> AreaKey { scene: 17, anchor: (1408, 512) }
marked destination touch VisitKey { scene: 17, area: (1408, 512), event_id: 257, trigger_script: 8572, state: 1 }
learned exit AreaKey { scene: 17, anchor: (1280, 512) } event=257 -> AreaKey { scene: 17, anchor: (1408, 512) }
area teleport in scene 17 at frame 19804: (1344, 560) -> (1440, 512)
target scene=17 area=(1408, 512) event=257 script=8572 mode=4 state=1 player=(1440, 512) pos=(1408, 528) path=2
learned targeted exit AreaKey { scene: 17, anchor: (1408, 512) } event=257 -> AreaKey { scene: 17, anchor: (1280, 512) }
marked destination touch VisitKey { scene: 17, area: (1280, 512), event_id: 257, trigger_script: 8569, state: 1 }
learned exit AreaKey { scene: 17, anchor: (1408, 512) } event=257 -> AreaKey { scene: 17, anchor: (1280, 512) }
area teleport in scene 17 at frame 19817: (1408, 528) -> (1328, 568)
target scene=17 area=(1280, 512) event=264 script=9576 mode=1 state=2 player=(1328, 568) pos=(1408, 432) path=40
marked destination touch VisitKey { scene: 17, area: (1408, 512), event_id: 256, trigger_script: 8564, state: 1 }
learned exit AreaKey { scene: 17, anchor: (1280, 512) } event=256 -> AreaKey { scene: 17, anchor: (1408, 512) }
marked destination touch VisitKey { scene: 17, area: (1408, 512), event_id: 257, trigger_script: 8572, state: 1 }
learned exit AreaKey { scene: 17, anchor: (1280, 512) } event=257 -> AreaKey { scene: 17, anchor: (1408, 512) }
area teleport in scene 17 at frame 19858: (1344, 560) -> (1440, 512)
target scene=17 area=(1408, 512) event=257 script=8572 mode=4 state=1 player=(1440, 512) pos=(1408, 528) path=2
learned targeted exit AreaKey { scene: 17, anchor: (1408, 512) } event=257 -> AreaKey { scene: 17, anchor: (1280, 512) }
marked destination touch VisitKey { scene: 17, area: (1280, 512), event_id: 257, trigger_script: 8569, state: 1 }
learned exit AreaKey { scene: 17, anchor: (1408, 512) } event=257 -> AreaKey { scene: 17, anchor: (1280, 512) }
area teleport in scene 17 at frame 19871: (1408, 528) -> (1328, 568)
target scene=17 area=(1280, 512) event=264 script=9576 mode=1 state=2 player=(1328, 568) pos=(1408, 432) path=40
marked destination touch VisitKey { scene: 17, area: (1408, 512), event_id: 256, trigger_script: 8564, state: 1 }
learned exit AreaKey { scene: 17, anchor: (1280, 512) } event=256 -> AreaKey { scene: 17, anchor: (1408, 512) }
marked destination touch VisitKey { scene: 17, area: (1408, 512), event_id: 257, trigger_script: 8572, state: 1 }
learned exit AreaKey { scene: 17, anchor: (1280, 512) } event=257 -> AreaKey { scene: 17, anchor: (1408, 512) }
area teleport in scene 17 at frame 19912: (1344, 560) -> (1440, 512)
target scene=17 area=(1408, 512) event=257 script=8572 mode=4 state=1 player=(1440, 512) pos=(1408, 528) path=2
learned targeted exit AreaKey { scene: 17, anchor: (1408, 512) } event=257 -> AreaKey { scene: 17, anchor: (1280, 512) }
marked destination touch VisitKey { scene: 17, area: (1280, 512), event_id: 257, trigger_script: 8569, state: 1 }
learned exit AreaKey { scene: 17, anchor: (1408, 512) } event=257 -> AreaKey { scene: 17, anchor: (1280, 512) }
area teleport in scene 17 at frame 19925: (1408, 528) -> (1328, 568)
target scene=17 area=(1280, 512) event=264 script=9576 mode=1 state=2 player=(1328, 568) pos=(1408, 432) path=40
marked destination touch VisitKey { scene: 17, area: (1408, 512), event_id: 256, trigger_script: 8564, state: 1 }
learned exit AreaKey { scene: 17, anchor: (1280, 512) } event=256 -> AreaKey { scene: 17, anchor: (1408, 512) }
marked destination touch VisitKey { scene: 17, area: (1408, 512), event_id: 257, trigger_script: 8572, state: 1 }
learned exit AreaKey { scene: 17, anchor: (1280, 512) } event=257 -> AreaKey { scene: 17, anchor: (1408, 512) }
area teleport in scene 17 at frame 19966: (1344, 560) -> (1440, 512)
target scene=17 area=(1408, 512) event=257 script=8572 mode=4 state=1 player=(1440, 512) pos=(1408, 528) path=2
learned targeted exit AreaKey { scene: 17, anchor: (1408, 512) } event=257 -> AreaKey { scene: 17, anchor: (1280, 512) }
marked destination touch VisitKey { scene: 17, area: (1280, 512), event_id: 257, trigger_script: 8569, state: 1 }
learned exit AreaKey { scene: 17, anchor: (1408, 512) } event=257 -> AreaKey { scene: 17, anchor: (1280, 512) }
area teleport in scene 17 at frame 19979: (1408, 528) -> (1328, 568)
target scene=17 area=(1280, 512) event=264 script=9576 mode=1 state=2 player=(1328, 568) pos=(1408, 432) path=40
marked destination touch VisitKey { scene: 17, area: (1408, 512), event_id: 256, trigger_script: 8564, state: 1 }
learned exit AreaKey { scene: 17, anchor: (1280, 512) } event=256 -> AreaKey { scene: 17, anchor: (1408, 512) }
marked destination touch VisitKey { scene: 17, area: (1408, 512), event_id: 257, trigger_script: 8572, state: 1 }
learned exit AreaKey { scene: 17, anchor: (1280, 512) } event=257 -> AreaKey { scene: 17, anchor: (1408, 512) }
area teleport in scene 17 at frame 20020: (1344, 560) -> (1440, 512)
target scene=17 area=(1408, 512) event=257 script=8572 mode=4 state=1 player=(1440, 512) pos=(1408, 528) path=2
learned targeted exit AreaKey { scene: 17, anchor: (1408, 512) } event=257 -> AreaKey { scene: 17, anchor: (1280, 512) }
marked destination touch VisitKey { scene: 17, area: (1280, 512), event_id: 257, trigger_script: 8569, state: 1 }
learned exit AreaKey { scene: 17, anchor: (1408, 512) } event=257 -> AreaKey { scene: 17, anchor: (1280, 512) }
area teleport in scene 17 at frame 20033: (1408, 528) -> (1328, 568)
target scene=17 area=(1280, 512) event=264 script=9576 mode=1 state=2 player=(1328, 568) pos=(1408, 432) path=40
marked destination touch VisitKey { scene: 17, area: (1408, 512), event_id: 256, trigger_script: 8564, state: 1 }
learned exit AreaKey { scene: 17, anchor: (1280, 512) } event=256 -> AreaKey { scene: 17, anchor: (1408, 512) }
marked destination touch VisitKey { scene: 17, area: (1408, 512), event_id: 257, trigger_script: 8572, state: 1 }
learned exit AreaKey { scene: 17, anchor: (1280, 512) } event=257 -> AreaKey { scene: 17, anchor: (1408, 512) }
area teleport in scene 17 at frame 20074: (1344, 560) -> (1440, 512)
target scene=17 area=(1408, 512) event=257 script=8572 mode=4 state=1 player=(1440, 512) pos=(1408, 528) path=2
learned targeted exit AreaKey { scene: 17, anchor: (1408, 512) } event=257 -> AreaKey { scene: 17, anchor: (1280, 512) }
marked destination touch VisitKey { scene: 17, area: (1280, 512), event_id: 257, trigger_script: 8569, state: 1 }
learned exit AreaKey { scene: 17, anchor: (1408, 512) } event=257 -> AreaKey { scene: 17, anchor: (1280, 512) }
area teleport in scene 17 at frame 20087: (1408, 528) -> (1328, 568)
target scene=17 area=(1280, 512) event=264 script=9576 mode=1 state=2 player=(1328, 568) pos=(1408, 432) path=40
marked destination touch VisitKey { scene: 17, area: (1408, 512), event_id: 256, trigger_script: 8564, state: 1 }
learned exit AreaKey { scene: 17, anchor: (1280, 512) } event=256 -> AreaKey { scene: 17, anchor: (1408, 512) }
marked destination touch VisitKey { scene: 17, area: (1408, 512), event_id: 257, trigger_script: 8572, state: 1 }
learned exit AreaKey { scene: 17, anchor: (1280, 512) } event=257 -> AreaKey { scene: 17, anchor: (1408, 512) }
area teleport in scene 17 at frame 20128: (1344, 560) -> (1440, 512)
target scene=17 area=(1408, 512) event=257 script=8572 mode=4 state=1 player=(1440, 512) pos=(1408, 528) path=2
learned targeted exit AreaKey { scene: 17, anchor: (1408, 512) } event=257 -> AreaKey { scene: 17, anchor: (1280, 512) }
marked destination touch VisitKey { scene: 17, area: (1280, 512), event_id: 257, trigger_script: 8569, state: 1 }
learned exit AreaKey { scene: 17, anchor: (1408, 512) } event=257 -> AreaKey { scene: 17, anchor: (1280, 512) }
area teleport in scene 17 at frame 20141: (1408, 528) -> (1328, 568)
target scene=17 area=(1280, 512) event=264 script=9576 mode=1 state=2 player=(1328, 568) pos=(1408, 432) path=40
marked destination touch VisitKey { scene: 17, area: (1408, 512), event_id: 256, trigger_script: 8564, state: 1 }
learned exit AreaKey { scene: 17, anchor: (1280, 512) } event=256 -> AreaKey { scene: 17, anchor: (1408, 512) }
marked destination touch VisitKey { scene: 17, area: (1408, 512), event_id: 257, trigger_script: 8572, state: 1 }
learned exit AreaKey { scene: 17, anchor: (1280, 512) } event=257 -> AreaKey { scene: 17, anchor: (1408, 512) }
area teleport in scene 17 at frame 20182: (1344, 560) -> (1440, 512)
target scene=17 area=(1408, 512) event=257 script=8572 mode=4 state=1 player=(1440, 512) pos=(1408, 528) path=2
learned targeted exit AreaKey { scene: 17, anchor: (1408, 512) } event=257 -> AreaKey { scene: 17, anchor: (1280, 512) }
marked destination touch VisitKey { scene: 17, area: (1280, 512), event_id: 257, trigger_script: 8569, state: 1 }
learned exit AreaKey { scene: 17, anchor: (1408, 512) } event=257 -> AreaKey { scene: 17, anchor: (1280, 512) }
area teleport in scene 17 at frame 20195: (1408, 528) -> (1328, 568)
target scene=17 area=(1280, 512) event=264 script=9576 mode=1 state=2 player=(1328, 568) pos=(1408, 432) path=40
marked destination touch VisitKey { scene: 17, area: (1408, 512), event_id: 256, trigger_script: 8564, state: 1 }
learned exit AreaKey { scene: 17, anchor: (1280, 512) } event=256 -> AreaKey { scene: 17, anchor: (1408, 512) }
marked destination touch VisitKey { scene: 17, area: (1408, 512), event_id: 257, trigger_script: 8572, state: 1 }
learned exit AreaKey { scene: 17, anchor: (1280, 512) } event=257 -> AreaKey { scene: 17, anchor: (1408, 512) }
area teleport in scene 17 at frame 20236: (1344, 560) -> (1440, 512)
target scene=17 area=(1408, 512) event=257 script=8572 mode=4 state=1 player=(1440, 512) pos=(1408, 528) path=2
learned targeted exit AreaKey { scene: 17, anchor: (1408, 512) } event=257 -> AreaKey { scene: 17, anchor: (1280, 512) }
marked destination touch VisitKey { scene: 17, area: (1280, 512), event_id: 257, trigger_script: 8569, state: 1 }
learned exit AreaKey { scene: 17, anchor: (1408, 512) } event=257 -> AreaKey { scene: 17, anchor: (1280, 512) }
area teleport in scene 17 at frame 20249: (1408, 528) -> (1328, 568)
target scene=17 area=(1280, 512) event=264 script=9576 mode=1 state=2 player=(1328, 568) pos=(1408, 432) path=40
marked destination touch VisitKey { scene: 17, area: (1408, 512), event_id: 256, trigger_script: 8564, state: 1 }
learned exit AreaKey { scene: 17, anchor: (1280, 512) } event=256 -> AreaKey { scene: 17, anchor: (1408, 512) }
marked destination touch VisitKey { scene: 17, area: (1408, 512), event_id: 257, trigger_script: 8572, state: 1 }
learned exit AreaKey { scene: 17, anchor: (1280, 512) } event=257 -> AreaKey { scene: 17, anchor: (1408, 512) }
area teleport in scene 17 at frame 20290: (1344, 560) -> (1440, 512)
target scene=17 area=(1408, 512) event=257 script=8572 mode=4 state=1 player=(1440, 512) pos=(1408, 528) path=2
learned targeted exit AreaKey { scene: 17, anchor: (1408, 512) } event=257 -> AreaKey { scene: 17, anchor: (1280, 512) }
marked destination touch VisitKey { scene: 17, area: (1280, 512), event_id: 257, trigger_script: 8569, state: 1 }
learned exit AreaKey { scene: 17, anchor: (1408, 512) } event=257 -> AreaKey { scene: 17, anchor: (1280, 512) }
area teleport in scene 17 at frame 20303: (1408, 528) -> (1328, 568)
target scene=17 area=(1280, 512) event=264 script=9576 mode=1 state=2 player=(1328, 568) pos=(1408, 432) path=40
marked destination touch VisitKey { scene: 17, area: (1408, 512), event_id: 256, trigger_script: 8564, state: 1 }
learned exit AreaKey { scene: 17, anchor: (1280, 512) } event=256 -> AreaKey { scene: 17, anchor: (1408, 512) }
marked destination touch VisitKey { scene: 17, area: (1408, 512), event_id: 257, trigger_script: 8572, state: 1 }
learned exit AreaKey { scene: 17, anchor: (1280, 512) } event=257 -> AreaKey { scene: 17, anchor: (1408, 512) }
area teleport in scene 17 at frame 20344: (1344, 560) -> (1440, 512)
target scene=17 area=(1408, 512) event=257 script=8572 mode=4 state=1 player=(1440, 512) pos=(1408, 528) path=2
learned targeted exit AreaKey { scene: 17, anchor: (1408, 512) } event=257 -> AreaKey { scene: 17, anchor: (1280, 512) }
marked destination touch VisitKey { scene: 17, area: (1280, 512), event_id: 257, trigger_script: 8569, state: 1 }
learned exit AreaKey { scene: 17, anchor: (1408, 512) } event=257 -> AreaKey { scene: 17, anchor: (1280, 512) }
area teleport in scene 17 at frame 20357: (1408, 528) -> (1328, 568)
target scene=17 area=(1280, 512) event=264 script=9576 mode=1 state=2 player=(1328, 568) pos=(1408, 432) path=40
marked destination touch VisitKey { scene: 17, area: (1408, 512), event_id: 256, trigger_script: 8564, state: 1 }
learned exit AreaKey { scene: 17, anchor: (1280, 512) } event=256 -> AreaKey { scene: 17, anchor: (1408, 512) }
marked destination touch VisitKey { scene: 17, area: (1408, 512), event_id: 257, trigger_script: 8572, state: 1 }
learned exit AreaKey { scene: 17, anchor: (1280, 512) } event=257 -> AreaKey { scene: 17, anchor: (1408, 512) }
area teleport in scene 17 at frame 20398: (1344, 560) -> (1440, 512)
target scene=17 area=(1408, 512) event=257 script=8572 mode=4 state=1 player=(1440, 512) pos=(1408, 528) path=2
learned targeted exit AreaKey { scene: 17, anchor: (1408, 512) } event=257 -> AreaKey { scene: 17, anchor: (1280, 512) }
marked destination touch VisitKey { scene: 17, area: (1280, 512), event_id: 257, trigger_script: 8569, state: 1 }
learned exit AreaKey { scene: 17, anchor: (1408, 512) } event=257 -> AreaKey { scene: 17, anchor: (1280, 512) }
area teleport in scene 17 at frame 20411: (1408, 528) -> (1328, 568)
target scene=17 area=(1280, 512) event=264 script=9576 mode=1 state=2 player=(1328, 568) pos=(1408, 432) path=40
marked destination touch VisitKey { scene: 17, area: (1408, 512), event_id: 256, trigger_script: 8564, state: 1 }
learned exit AreaKey { scene: 17, anchor: (1280, 512) } event=256 -> AreaKey { scene: 17, anchor: (1408, 512) }
marked destination touch VisitKey { scene: 17, area: (1408, 512), event_id: 257, trigger_script: 8572, state: 1 }
learned exit AreaKey { scene: 17, anchor: (1280, 512) } event=257 -> AreaKey { scene: 17, anchor: (1408, 512) }
area teleport in scene 17 at frame 20452: (1344, 560) -> (1440, 512)
target scene=17 area=(1408, 512) event=257 script=8572 mode=4 state=1 player=(1440, 512) pos=(1408, 528) path=2
learned targeted exit AreaKey { scene: 17, anchor: (1408, 512) } event=257 -> AreaKey { scene: 17, anchor: (1280, 512) }
marked destination touch VisitKey { scene: 17, area: (1280, 512), event_id: 257, trigger_script: 8569, state: 1 }
learned exit AreaKey { scene: 17, anchor: (1408, 512) } event=257 -> AreaKey { scene: 17, anchor: (1280, 512) }
area teleport in scene 17 at frame 20465: (1408, 528) -> (1328, 568)
target scene=17 area=(1280, 512) event=264 script=9576 mode=1 state=2 player=(1328, 568) pos=(1408, 432) path=40
marked destination touch VisitKey { scene: 17, area: (1408, 512), event_id: 256, trigger_script: 8564, state: 1 }
learned exit AreaKey { scene: 17, anchor: (1280, 512) } event=256 -> AreaKey { scene: 17, anchor: (1408, 512) }
marked destination touch VisitKey { scene: 17, area: (1408, 512), event_id: 257, trigger_script: 8572, state: 1 }
learned exit AreaKey { scene: 17, anchor: (1280, 512) } event=257 -> AreaKey { scene: 17, anchor: (1408, 512) }
area teleport in scene 17 at frame 20506: (1344, 560) -> (1440, 512)
target scene=17 area=(1408, 512) event=257 script=8572 mode=4 state=1 player=(1440, 512) pos=(1408, 528) path=2
learned targeted exit AreaKey { scene: 17, anchor: (1408, 512) } event=257 -> AreaKey { scene: 17, anchor: (1280, 512) }
marked destination touch VisitKey { scene: 17, area: (1280, 512), event_id: 257, trigger_script: 8569, state: 1 }
learned exit AreaKey { scene: 17, anchor: (1408, 512) } event=257 -> AreaKey { scene: 17, anchor: (1280, 512) }
area teleport in scene 17 at frame 20519: (1408, 528) -> (1328, 568)
target scene=17 area=(1280, 512) event=264 script=9576 mode=1 state=2 player=(1328, 568) pos=(1408, 432) path=40
marked destination touch VisitKey { scene: 17, area: (1408, 512), event_id: 256, trigger_script: 8564, state: 1 }
learned exit AreaKey { scene: 17, anchor: (1280, 512) } event=256 -> AreaKey { scene: 17, anchor: (1408, 512) }
marked destination touch VisitKey { scene: 17, area: (1408, 512), event_id: 257, trigger_script: 8572, state: 1 }
learned exit AreaKey { scene: 17, anchor: (1280, 512) } event=257 -> AreaKey { scene: 17, anchor: (1408, 512) }
area teleport in scene 17 at frame 20560: (1344, 560) -> (1440, 512)
target scene=17 area=(1408, 512) event=257 script=8572 mode=4 state=1 player=(1440, 512) pos=(1408, 528) path=2
learned targeted exit AreaKey { scene: 17, anchor: (1408, 512) } event=257 -> AreaKey { scene: 17, anchor: (1280, 512) }
marked destination touch VisitKey { scene: 17, area: (1280, 512), event_id: 257, trigger_script: 8569, state: 1 }
learned exit AreaKey { scene: 17, anchor: (1408, 512) } event=257 -> AreaKey { scene: 17, anchor: (1280, 512) }
area teleport in scene 17 at frame 20573: (1408, 528) -> (1328, 568)
target scene=17 area=(1280, 512) event=264 script=9576 mode=1 state=2 player=(1328, 568) pos=(1408, 432) path=40
marked destination touch VisitKey { scene: 17, area: (1408, 512), event_id: 256, trigger_script: 8564, state: 1 }
learned exit AreaKey { scene: 17, anchor: (1280, 512) } event=256 -> AreaKey { scene: 17, anchor: (1408, 512) }
marked destination touch VisitKey { scene: 17, area: (1408, 512), event_id: 257, trigger_script: 8572, state: 1 }
learned exit AreaKey { scene: 17, anchor: (1280, 512) } event=257 -> AreaKey { scene: 17, anchor: (1408, 512) }
area teleport in scene 17 at frame 20614: (1344, 560) -> (1440, 512)
target scene=17 area=(1408, 512) event=257 script=8572 mode=4 state=1 player=(1440, 512) pos=(1408, 528) path=2
learned targeted exit AreaKey { scene: 17, anchor: (1408, 512) } event=257 -> AreaKey { scene: 17, anchor: (1280, 512) }
marked destination touch VisitKey { scene: 17, area: (1280, 512), event_id: 257, trigger_script: 8569, state: 1 }
learned exit AreaKey { scene: 17, anchor: (1408, 512) } event=257 -> AreaKey { scene: 17, anchor: (1280, 512) }
area teleport in scene 17 at frame 20627: (1408, 528) -> (1328, 568)
target scene=17 area=(1280, 512) event=264 script=9576 mode=1 state=2 player=(1328, 568) pos=(1408, 432) path=40
marked destination touch VisitKey { scene: 17, area: (1408, 512), event_id: 256, trigger_script: 8564, state: 1 }
learned exit AreaKey { scene: 17, anchor: (1280, 512) } event=256 -> AreaKey { scene: 17, anchor: (1408, 512) }
marked destination touch VisitKey { scene: 17, area: (1408, 512), event_id: 257, trigger_script: 8572, state: 1 }
learned exit AreaKey { scene: 17, anchor: (1280, 512) } event=257 -> AreaKey { scene: 17, anchor: (1408, 512) }
area teleport in scene 17 at frame 20668: (1344, 560) -> (1440, 512)
target scene=17 area=(1408, 512) event=257 script=8572 mode=4 state=1 player=(1440, 512) pos=(1408, 528) path=2
learned targeted exit AreaKey { scene: 17, anchor: (1408, 512) } event=257 -> AreaKey { scene: 17, anchor: (1280, 512) }
marked destination touch VisitKey { scene: 17, area: (1280, 512), event_id: 257, trigger_script: 8569, state: 1 }
learned exit AreaKey { scene: 17, anchor: (1408, 512) } event=257 -> AreaKey { scene: 17, anchor: (1280, 512) }
area teleport in scene 17 at frame 20681: (1408, 528) -> (1328, 568)
target scene=17 area=(1280, 512) event=264 script=9576 mode=1 state=2 player=(1328, 568) pos=(1408, 432) path=40
marked destination touch VisitKey { scene: 17, area: (1408, 512), event_id: 256, trigger_script: 8564, state: 1 }
learned exit AreaKey { scene: 17, anchor: (1280, 512) } event=256 -> AreaKey { scene: 17, anchor: (1408, 512) }
marked destination touch VisitKey { scene: 17, area: (1408, 512), event_id: 257, trigger_script: 8572, state: 1 }
learned exit AreaKey { scene: 17, anchor: (1280, 512) } event=257 -> AreaKey { scene: 17, anchor: (1408, 512) }
area teleport in scene 17 at frame 20722: (1344, 560) -> (1440, 512)
target scene=17 area=(1408, 512) event=257 script=8572 mode=4 state=1 player=(1440, 512) pos=(1408, 528) path=2
learned targeted exit AreaKey { scene: 17, anchor: (1408, 512) } event=257 -> AreaKey { scene: 17, anchor: (1280, 512) }
marked destination touch VisitKey { scene: 17, area: (1280, 512), event_id: 257, trigger_script: 8569, state: 1 }
learned exit AreaKey { scene: 17, anchor: (1408, 512) } event=257 -> AreaKey { scene: 17, anchor: (1280, 512) }
area teleport in scene 17 at frame 20735: (1408, 528) -> (1328, 568)
target scene=17 area=(1280, 512) event=264 script=9576 mode=1 state=2 player=(1328, 568) pos=(1408, 432) path=40
marked destination touch VisitKey { scene: 17, area: (1408, 512), event_id: 256, trigger_script: 8564, state: 1 }
learned exit AreaKey { scene: 17, anchor: (1280, 512) } event=256 -> AreaKey { scene: 17, anchor: (1408, 512) }
marked destination touch VisitKey { scene: 17, area: (1408, 512), event_id: 257, trigger_script: 8572, state: 1 }
learned exit AreaKey { scene: 17, anchor: (1280, 512) } event=257 -> AreaKey { scene: 17, anchor: (1408, 512) }
area teleport in scene 17 at frame 20776: (1344, 560) -> (1440, 512)
target scene=17 area=(1408, 512) event=257 script=8572 mode=4 state=1 player=(1440, 512) pos=(1408, 528) path=2
learned targeted exit AreaKey { scene: 17, anchor: (1408, 512) } event=257 -> AreaKey { scene: 17, anchor: (1280, 512) }
marked destination touch VisitKey { scene: 17, area: (1280, 512), event_id: 257, trigger_script: 8569, state: 1 }
learned exit AreaKey { scene: 17, anchor: (1408, 512) } event=257 -> AreaKey { scene: 17, anchor: (1280, 512) }
area teleport in scene 17 at frame 20789: (1408, 528) -> (1328, 568)
target scene=17 area=(1280, 512) event=264 script=9576 mode=1 state=2 player=(1328, 568) pos=(1408, 432) path=40
marked destination touch VisitKey { scene: 17, area: (1408, 512), event_id: 256, trigger_script: 8564, state: 1 }
learned exit AreaKey { scene: 17, anchor: (1280, 512) } event=256 -> AreaKey { scene: 17, anchor: (1408, 512) }
marked destination touch VisitKey { scene: 17, area: (1408, 512), event_id: 257, trigger_script: 8572, state: 1 }
learned exit AreaKey { scene: 17, anchor: (1280, 512) } event=257 -> AreaKey { scene: 17, anchor: (1408, 512) }
area teleport in scene 17 at frame 20830: (1344, 560) -> (1440, 512)
target scene=17 area=(1408, 512) event=257 script=8572 mode=4 state=1 player=(1440, 512) pos=(1408, 528) path=2
learned targeted exit AreaKey { scene: 17, anchor: (1408, 512) } event=257 -> AreaKey { scene: 17, anchor: (1280, 512) }
marked destination touch VisitKey { scene: 17, area: (1280, 512), event_id: 257, trigger_script: 8569, state: 1 }
learned exit AreaKey { scene: 17, anchor: (1408, 512) } event=257 -> AreaKey { scene: 17, anchor: (1280, 512) }
area teleport in scene 17 at frame 20843: (1408, 528) -> (1328, 568)
target scene=17 area=(1280, 512) event=264 script=9576 mode=1 state=2 player=(1328, 568) pos=(1408, 432) path=40
marked destination touch VisitKey { scene: 17, area: (1408, 512), event_id: 256, trigger_script: 8564, state: 1 }
learned exit AreaKey { scene: 17, anchor: (1280, 512) } event=256 -> AreaKey { scene: 17, anchor: (1408, 512) }
marked destination touch VisitKey { scene: 17, area: (1408, 512), event_id: 257, trigger_script: 8572, state: 1 }
learned exit AreaKey { scene: 17, anchor: (1280, 512) } event=257 -> AreaKey { scene: 17, anchor: (1408, 512) }
area teleport in scene 17 at frame 20884: (1344, 560) -> (1440, 512)
target scene=17 area=(1408, 512) event=257 script=8572 mode=4 state=1 player=(1440, 512) pos=(1408, 528) path=2
learned targeted exit AreaKey { scene: 17, anchor: (1408, 512) } event=257 -> AreaKey { scene: 17, anchor: (1280, 512) }
marked destination touch VisitKey { scene: 17, area: (1280, 512), event_id: 257, trigger_script: 8569, state: 1 }
learned exit AreaKey { scene: 17, anchor: (1408, 512) } event=257 -> AreaKey { scene: 17, anchor: (1280, 512) }
area teleport in scene 17 at frame 20897: (1408, 528) -> (1328, 568)
target scene=17 area=(1280, 512) event=264 script=9576 mode=1 state=2 player=(1328, 568) pos=(1408, 432) path=40
marked destination touch VisitKey { scene: 17, area: (1408, 512), event_id: 256, trigger_script: 8564, state: 1 }
learned exit AreaKey { scene: 17, anchor: (1280, 512) } event=256 -> AreaKey { scene: 17, anchor: (1408, 512) }
marked destination touch VisitKey { scene: 17, area: (1408, 512), event_id: 257, trigger_script: 8572, state: 1 }
learned exit AreaKey { scene: 17, anchor: (1280, 512) } event=257 -> AreaKey { scene: 17, anchor: (1408, 512) }
area teleport in scene 17 at frame 20938: (1344, 560) -> (1440, 512)
target scene=17 area=(1408, 512) event=257 script=8572 mode=4 state=1 player=(1440, 512) pos=(1408, 528) path=2
learned targeted exit AreaKey { scene: 17, anchor: (1408, 512) } event=257 -> AreaKey { scene: 17, anchor: (1280, 512) }
marked destination touch VisitKey { scene: 17, area: (1280, 512), event_id: 257, trigger_script: 8569, state: 1 }
learned exit AreaKey { scene: 17, anchor: (1408, 512) } event=257 -> AreaKey { scene: 17, anchor: (1280, 512) }
area teleport in scene 17 at frame 20951: (1408, 528) -> (1328, 568)
target scene=17 area=(1280, 512) event=264 script=9576 mode=1 state=2 player=(1328, 568) pos=(1408, 432) path=40
marked destination touch VisitKey { scene: 17, area: (1408, 512), event_id: 256, trigger_script: 8564, state: 1 }
learned exit AreaKey { scene: 17, anchor: (1280, 512) } event=256 -> AreaKey { scene: 17, anchor: (1408, 512) }
marked destination touch VisitKey { scene: 17, area: (1408, 512), event_id: 257, trigger_script: 8572, state: 1 }
learned exit AreaKey { scene: 17, anchor: (1280, 512) } event=257 -> AreaKey { scene: 17, anchor: (1408, 512) }
area teleport in scene 17 at frame 20992: (1344, 560) -> (1440, 512)
target scene=17 area=(1408, 512) event=257 script=8572 mode=4 state=1 player=(1440, 512) pos=(1408, 528) path=2
learned targeted exit AreaKey { scene: 17, anchor: (1408, 512) } event=257 -> AreaKey { scene: 17, anchor: (1280, 512) }
marked destination touch VisitKey { scene: 17, area: (1280, 512), event_id: 257, trigger_script: 8569, state: 1 }
learned exit AreaKey { scene: 17, anchor: (1408, 512) } event=257 -> AreaKey { scene: 17, anchor: (1280, 512) }
area teleport in scene 17 at frame 21005: (1408, 528) -> (1328, 568)
target scene=17 area=(1280, 512) event=264 script=9576 mode=1 state=2 player=(1328, 568) pos=(1408, 432) path=40
marked destination touch VisitKey { scene: 17, area: (1408, 512), event_id: 256, trigger_script: 8564, state: 1 }
learned exit AreaKey { scene: 17, anchor: (1280, 512) } event=256 -> AreaKey { scene: 17, anchor: (1408, 512) }
marked destination touch VisitKey { scene: 17, area: (1408, 512), event_id: 257, trigger_script: 8572, state: 1 }
learned exit AreaKey { scene: 17, anchor: (1280, 512) } event=257 -> AreaKey { scene: 17, anchor: (1408, 512) }
area teleport in scene 17 at frame 21046: (1344, 560) -> (1440, 512)
target scene=17 area=(1408, 512) event=257 script=8572 mode=4 state=1 player=(1440, 512) pos=(1408, 528) path=2
learned targeted exit AreaKey { scene: 17, anchor: (1408, 512) } event=257 -> AreaKey { scene: 17, anchor: (1280, 512) }
marked destination touch VisitKey { scene: 17, area: (1280, 512), event_id: 257, trigger_script: 8569, state: 1 }
learned exit AreaKey { scene: 17, anchor: (1408, 512) } event=257 -> AreaKey { scene: 17, anchor: (1280, 512) }
area teleport in scene 17 at frame 21059: (1408, 528) -> (1328, 568)
target scene=17 area=(1280, 512) event=264 script=9576 mode=1 state=2 player=(1328, 568) pos=(1408, 432) path=40
marked destination touch VisitKey { scene: 17, area: (1408, 512), event_id: 256, trigger_script: 8564, state: 1 }
learned exit AreaKey { scene: 17, anchor: (1280, 512) } event=256 -> AreaKey { scene: 17, anchor: (1408, 512) }
marked destination touch VisitKey { scene: 17, area: (1408, 512), event_id: 257, trigger_script: 8572, state: 1 }
learned exit AreaKey { scene: 17, anchor: (1280, 512) } event=257 -> AreaKey { scene: 17, anchor: (1408, 512) }
area teleport in scene 17 at frame 21100: (1344, 560) -> (1440, 512)
target scene=17 area=(1408, 512) event=257 script=8572 mode=4 state=1 player=(1440, 512) pos=(1408, 528) path=2
learned targeted exit AreaKey { scene: 17, anchor: (1408, 512) } event=257 -> AreaKey { scene: 17, anchor: (1280, 512) }
marked destination touch VisitKey { scene: 17, area: (1280, 512), event_id: 257, trigger_script: 8569, state: 1 }
learned exit AreaKey { scene: 17, anchor: (1408, 512) } event=257 -> AreaKey { scene: 17, anchor: (1280, 512) }
area teleport in scene 17 at frame 21113: (1408, 528) -> (1328, 568)
target scene=17 area=(1280, 512) event=264 script=9576 mode=1 state=2 player=(1328, 568) pos=(1408, 432) path=40
marked destination touch VisitKey { scene: 17, area: (1408, 512), event_id: 256, trigger_script: 8564, state: 1 }
learned exit AreaKey { scene: 17, anchor: (1280, 512) } event=256 -> AreaKey { scene: 17, anchor: (1408, 512) }
marked destination touch VisitKey { scene: 17, area: (1408, 512), event_id: 257, trigger_script: 8572, state: 1 }
learned exit AreaKey { scene: 17, anchor: (1280, 512) } event=257 -> AreaKey { scene: 17, anchor: (1408, 512) }
area teleport in scene 17 at frame 21154: (1344, 560) -> (1440, 512)
target scene=17 area=(1408, 512) event=257 script=8572 mode=4 state=1 player=(1440, 512) pos=(1408, 528) path=2
learned targeted exit AreaKey { scene: 17, anchor: (1408, 512) } event=257 -> AreaKey { scene: 17, anchor: (1280, 512) }
marked destination touch VisitKey { scene: 17, area: (1280, 512), event_id: 257, trigger_script: 8569, state: 1 }
learned exit AreaKey { scene: 17, anchor: (1408, 512) } event=257 -> AreaKey { scene: 17, anchor: (1280, 512) }
area teleport in scene 17 at frame 21167: (1408, 528) -> (1328, 568)
target scene=17 area=(1280, 512) event=264 script=9576 mode=1 state=2 player=(1328, 568) pos=(1408, 432) path=40
marked destination touch VisitKey { scene: 17, area: (1408, 512), event_id: 256, trigger_script: 8564, state: 1 }
learned exit AreaKey { scene: 17, anchor: (1280, 512) } event=256 -> AreaKey { scene: 17, anchor: (1408, 512) }
marked destination touch VisitKey { scene: 17, area: (1408, 512), event_id: 257, trigger_script: 8572, state: 1 }
learned exit AreaKey { scene: 17, anchor: (1280, 512) } event=257 -> AreaKey { scene: 17, anchor: (1408, 512) }
area teleport in scene 17 at frame 21208: (1344, 560) -> (1440, 512)
target scene=17 area=(1408, 512) event=257 script=8572 mode=4 state=1 player=(1440, 512) pos=(1408, 528) path=2
learned targeted exit AreaKey { scene: 17, anchor: (1408, 512) } event=257 -> AreaKey { scene: 17, anchor: (1280, 512) }
marked destination touch VisitKey { scene: 17, area: (1280, 512), event_id: 257, trigger_script: 8569, state: 1 }
learned exit AreaKey { scene: 17, anchor: (1408, 512) } event=257 -> AreaKey { scene: 17, anchor: (1280, 512) }
area teleport in scene 17 at frame 21221: (1408, 528) -> (1328, 568)
target scene=17 area=(1280, 512) event=264 script=9576 mode=1 state=2 player=(1328, 568) pos=(1408, 432) path=40
marked destination touch VisitKey { scene: 17, area: (1408, 512), event_id: 256, trigger_script: 8564, state: 1 }
learned exit AreaKey { scene: 17, anchor: (1280, 512) } event=256 -> AreaKey { scene: 17, anchor: (1408, 512) }
marked destination touch VisitKey { scene: 17, area: (1408, 512), event_id: 257, trigger_script: 8572, state: 1 }
learned exit AreaKey { scene: 17, anchor: (1280, 512) } event=257 -> AreaKey { scene: 17, anchor: (1408, 512) }
area teleport in scene 17 at frame 21262: (1344, 560) -> (1440, 512)
target scene=17 area=(1408, 512) event=257 script=8572 mode=4 state=1 player=(1440, 512) pos=(1408, 528) path=2
learned targeted exit AreaKey { scene: 17, anchor: (1408, 512) } event=257 -> AreaKey { scene: 17, anchor: (1280, 512) }
marked destination touch VisitKey { scene: 17, area: (1280, 512), event_id: 257, trigger_script: 8569, state: 1 }
learned exit AreaKey { scene: 17, anchor: (1408, 512) } event=257 -> AreaKey { scene: 17, anchor: (1280, 512) }
area teleport in scene 17 at frame 21275: (1408, 528) -> (1328, 568)
target scene=17 area=(1280, 512) event=264 script=9576 mode=1 state=2 player=(1328, 568) pos=(1408, 432) path=40
marked destination touch VisitKey { scene: 17, area: (1408, 512), event_id: 256, trigger_script: 8564, state: 1 }
learned exit AreaKey { scene: 17, anchor: (1280, 512) } event=256 -> AreaKey { scene: 17, anchor: (1408, 512) }
marked destination touch VisitKey { scene: 17, area: (1408, 512), event_id: 257, trigger_script: 8572, state: 1 }
learned exit AreaKey { scene: 17, anchor: (1280, 512) } event=257 -> AreaKey { scene: 17, anchor: (1408, 512) }
area teleport in scene 17 at frame 21316: (1344, 560) -> (1440, 512)
target scene=17 area=(1408, 512) event=257 script=8572 mode=4 state=1 player=(1440, 512) pos=(1408, 528) path=2
learned targeted exit AreaKey { scene: 17, anchor: (1408, 512) } event=257 -> AreaKey { scene: 17, anchor: (1280, 512) }
marked destination touch VisitKey { scene: 17, area: (1280, 512), event_id: 257, trigger_script: 8569, state: 1 }
learned exit AreaKey { scene: 17, anchor: (1408, 512) } event=257 -> AreaKey { scene: 17, anchor: (1280, 512) }
area teleport in scene 17 at frame 21329: (1408, 528) -> (1328, 568)
target scene=17 area=(1280, 512) event=264 script=9576 mode=1 state=2 player=(1328, 568) pos=(1408, 432) path=40
