resuming recordings/autoplay-probe-checkpoint.rpg at scene=17 position=(1168, 456)
target scene=17 area=(160, 112) event=256 script=8564 mode=4 state=1 player=(1328, 568) pos=(1344, 576) path=1
learned targeted exit AreaKey { scene: 17, anchor: (160, 112) } event=256 -> AreaKey { scene: 17, anchor: (1216, 768) }
marked destination touch VisitKey { scene: 17, area: (1216, 768), event_id: 256, trigger_script: 8560, state: 1 }
learned exit AreaKey { scene: 17, anchor: (160, 112) } event=256 -> AreaKey { scene: 17, anchor: (1216, 768) }
marked destination touch VisitKey { scene: 17, area: (1216, 768), event_id: 257, trigger_script: 8569, state: 1 }
learned exit AreaKey { scene: 17, anchor: (160, 112) } event=257 -> AreaKey { scene: 17, anchor: (1216, 768) }
area teleport in scene 17 at frame 55: (1344, 576) -> (1216, 784)
target scene=17 area=(1216, 768) event=254 script=8547 mode=4 state=1 player=(1216, 784) pos=(1104, 840) path=9
learned targeted exit AreaKey { scene: 17, anchor: (1216, 768) } event=254 -> AreaKey { scene: 17, anchor: (1152, 832) }
marked destination touch VisitKey { scene: 17, area: (1152, 832), event_id: 254, trigger_script: 8544, state: 1 }
learned exit AreaKey { scene: 17, anchor: (1216, 768) } event=254 -> AreaKey { scene: 17, anchor: (1152, 832) }
area teleport in scene 17 at frame 77: (1104, 840) -> (1200, 888)
target scene=17 area=(1152, 832) event=253 script=8540 mode=4 state=1 player=(1200, 888) pos=(1232, 904) path=2
learned targeted exit AreaKey { scene: 17, anchor: (1152, 832) } event=253 -> AreaKey { scene: 17, anchor: (1408, 960) }
marked destination touch VisitKey { scene: 17, area: (1408, 960), event_id: 253, trigger_script: 8537, state: 1 }
learned exit AreaKey { scene: 17, anchor: (1152, 832) } event=253 -> AreaKey { scene: 17, anchor: (1408, 960) }
area teleport in scene 17 at frame 106: (1232, 904) -> (1440, 1008)
target scene=17 area=(1408, 960) event=241 script=9433 mode=0 state=2 player=(1440, 1008) pos=(1776, 824) path=46
target scene=17 area=(1408, 960) event=252 script=8530 mode=4 state=1 player=(1760, 832) pos=(1440, 1056) path=44
learned targeted exit AreaKey { scene: 17, anchor: (1408, 960) } event=252 -> AreaKey { scene: 17, anchor: (1024, 1216) }
marked destination touch VisitKey { scene: 17, area: (1024, 1216), event_id: 252, trigger_script: 8533, state: 1 }
learned exit AreaKey { scene: 17, anchor: (1408, 960) } event=252 -> AreaKey { scene: 17, anchor: (1024, 1216) }
area teleport in scene 17 at frame 247: (1440, 1056) -> (1040, 1256)
target scene=17 area=(1024, 1216) event=243 script=9433 mode=0 state=2 player=(1040, 1256) pos=(1472, 1280) path=32
target scene=17 area=(1024, 1216) event=252 script=8533 mode=4 state=1 player=(1456, 1288) pos=(1056, 1248) path=33
learned targeted exit AreaKey { scene: 17, anchor: (1024, 1216) } event=252 -> AreaKey { scene: 17, anchor: (1408, 1024) }
marked destination touch VisitKey { scene: 17, area: (1408, 1024), event_id: 252, trigger_script: 8530, state: 1 }
learned exit AreaKey { scene: 17, anchor: (1024, 1216) } event=252 -> AreaKey { scene: 17, anchor: (1408, 1024) }
area teleport in scene 17 at frame 363: (1056, 1248) -> (1456, 1048)
target scene=17 area=(1408, 1024) event=253 script=8537 mode=4 state=1 player=(1456, 1048) pos=(1424, 1000) path=6
learned targeted exit AreaKey { scene: 17, anchor: (1408, 1024) } event=253 -> AreaKey { scene: 17, anchor: (1216, 896) }
marked destination touch VisitKey { scene: 17, area: (1216, 896), event_id: 253, trigger_script: 8540, state: 1 }
learned exit AreaKey { scene: 17, anchor: (1408, 1024) } event=253 -> AreaKey { scene: 17, anchor: (1216, 896) }
area teleport in scene 17 at frame 396: (1424, 1000) -> (1216, 896)
target scene=17 area=(1216, 896) event=254 script=8544 mode=4 state=1 player=(1216, 896) pos=(1184, 880) path=2
learned targeted exit AreaKey { scene: 17, anchor: (1216, 896) } event=254 -> AreaKey { scene: 17, anchor: (1088, 832) }
marked destination touch VisitKey { scene: 17, area: (1088, 832), event_id: 254, trigger_script: 8547, state: 1 }
learned exit AreaKey { scene: 17, anchor: (1216, 896) } event=254 -> AreaKey { scene: 17, anchor: (1088, 832) }
area teleport in scene 17 at frame 411: (1184, 880) -> (1088, 832)
target scene=17 area=(1088, 832) event=258 script=8576 mode=4 state=1 player=(1088, 832) pos=(1088, 736) path=14
learned targeted exit AreaKey { scene: 17, anchor: (1088, 832) } event=258 -> AreaKey { scene: 17, anchor: (512, 512) }
marked destination touch VisitKey { scene: 17, area: (512, 512), event_id: 258, trigger_script: 8580, state: 1 }
learned exit AreaKey { scene: 17, anchor: (1088, 832) } event=258 -> AreaKey { scene: 17, anchor: (512, 512) }
area teleport in scene 17 at frame 494: (1088, 736) -> (544, 544)
target scene=17 area=(512, 512) event=238 script=9433 mode=0 state=2 player=(544, 544) pos=(432, 488) path=6
used story item=279 on event=238 script 9433 -> 9433 mode 0 -> 6 state 2 -> 2
target scene=17 area=(512, 512) event=258 script=8580 mode=4 state=1 player=(448, 496) pos=(560, 552) path=7
learned targeted exit AreaKey { scene: 17, anchor: (512, 512) } event=258 -> AreaKey { scene: 17, anchor: (1088, 704) }
marked destination touch VisitKey { scene: 17, area: (1088, 704), event_id: 258, trigger_script: 8576, state: 1 }
learned exit AreaKey { scene: 17, anchor: (512, 512) } event=258 -> AreaKey { scene: 17, anchor: (1088, 704) }
area teleport in scene 17 at frame 576: (560, 552) -> (1104, 728)
target scene=17 area=(1088, 704) event=254 script=8547 mode=4 state=1 player=(1104, 728) pos=(1104, 840) path=14
learned targeted exit AreaKey { scene: 17, anchor: (1088, 704) } event=254 -> AreaKey { scene: 17, anchor: (1152, 832) }
marked destination touch VisitKey { scene: 17, area: (1152, 832), event_id: 254, trigger_script: 8544, state: 1 }
learned exit AreaKey { scene: 17, anchor: (1088, 704) } event=254 -> AreaKey { scene: 17, anchor: (1152, 832) }
area teleport in scene 17 at frame 603: (1104, 840) -> (1200, 888)
target scene=17 area=(1152, 832) event=255 script=8551 mode=4 state=1 player=(1200, 888) pos=(1248, 880) path=3
learned targeted exit AreaKey { scene: 17, anchor: (1152, 832) } event=255 -> AreaKey { scene: 17, anchor: (896, 384) }
marked destination touch VisitKey { scene: 17, area: (896, 384), event_id: 255, trigger_script: 8555, state: 1 }
learned exit AreaKey { scene: 17, anchor: (1152, 832) } event=255 -> AreaKey { scene: 17, anchor: (896, 384) }
area teleport in scene 17 at frame 725: (1248, 880) -> (912, 408)
target scene=17 area=(896, 384) event=237 script=9193 mode=2 state=2 player=(912, 408) pos=(784, 216) path=31
target scene=17 area=(896, 384) event=255 script=8555 mode=4 state=1 player=(832, 240) pos=(928, 416) path=32
learned targeted exit AreaKey { scene: 17, anchor: (896, 384) } event=255 -> AreaKey { scene: 17, anchor: (1216, 832) }
marked destination touch VisitKey { scene: 17, area: (1216, 832), event_id: 255, trigger_script: 8551, state: 1 }
learned exit AreaKey { scene: 17, anchor: (896, 384) } event=255 -> AreaKey { scene: 17, anchor: (1216, 832) }
area teleport in scene 17 at frame 907: (928, 416) -> (1232, 888)
target scene=17 area=(1216, 832) event=253 script=8540 mode=4 state=1 player=(1232, 888) pos=(1232, 904) path=2
learned targeted exit AreaKey { scene: 17, anchor: (1216, 832) } event=253 -> AreaKey { scene: 17, anchor: (1408, 960) }
marked destination touch VisitKey { scene: 17, area: (1408, 960), event_id: 253, trigger_script: 8537, state: 1 }
learned exit AreaKey { scene: 17, anchor: (1216, 832) } event=253 -> AreaKey { scene: 17, anchor: (1408, 960) }
area teleport in scene 17 at frame 936: (1232, 904) -> (1440, 1008)
target scene=17 area=(1408, 960) event=251 script=8524 mode=4 state=1 player=(1440, 1008) pos=(1456, 1144) path=19
learned targeted exit AreaKey { scene: 17, anchor: (1408, 960) } event=251 -> AreaKey { scene: 17, anchor: (1280, 768) }
marked destination touch VisitKey { scene: 17, area: (1280, 768), event_id: 251, trigger_script: 8519, state: 1 }
learned exit AreaKey { scene: 17, anchor: (1408, 960) } event=251 -> AreaKey { scene: 17, anchor: (1280, 768) }
area teleport in scene 17 at frame 1038: (1456, 1144) -> (1280, 816)
target scene=17 area=(1280, 768) event=249 script=8506 mode=4 state=1 player=(1280, 816) pos=(1248, 816) path=2
learned targeted exit AreaKey { scene: 17, anchor: (1280, 768) } event=249 -> AreaKey { scene: 17, anchor: (1088, 832) }
marked destination touch VisitKey { scene: 17, area: (1088, 832), event_id: 249, trigger_script: 8503, state: 1 }
learned exit AreaKey { scene: 17, anchor: (1280, 768) } event=249 -> AreaKey { scene: 17, anchor: (1088, 832) }
area teleport in scene 17 at frame 1059: (1248, 816) -> (1104, 888)
target scene=17 area=(1088, 832) event=254 script=8544 mode=4 state=1 player=(1104, 888) pos=(1184, 880) path=5
learned targeted exit AreaKey { scene: 17, anchor: (1088, 832) } event=254 -> AreaKey { scene: 17, anchor: (1280, 768) }
marked destination touch VisitKey { scene: 17, area: (1280, 768), event_id: 249, trigger_script: 8506, state: 1 }
learned exit AreaKey { scene: 17, anchor: (1088, 832) } event=249 -> AreaKey { scene: 17, anchor: (1280, 768) }
area teleport in scene 17 at frame 1079: (1120, 880) -> (1280, 800)
target scene=17 area=(1280, 768) event=249 script=8506 mode=4 state=1 player=(1280, 800) pos=(1248, 816) path=2
learned targeted exit AreaKey { scene: 17, anchor: (1280, 768) } event=249 -> AreaKey { scene: 17, anchor: (1088, 832) }
marked destination touch VisitKey { scene: 17, area: (1088, 832), event_id: 249, trigger_script: 8503, state: 1 }
learned exit AreaKey { scene: 17, anchor: (1280, 768) } event=249 -> AreaKey { scene: 17, anchor: (1088, 832) }
area teleport in scene 17 at frame 1100: (1248, 816) -> (1104, 888)
target scene=17 area=(1088, 832) event=254 script=8544 mode=4 state=1 player=(1104, 888) pos=(1184, 880) path=5
learned targeted exit AreaKey { scene: 17, anchor: (1088, 832) } event=254 -> AreaKey { scene: 17, anchor: (1280, 768) }
marked destination touch VisitKey { scene: 17, area: (1280, 768), event_id: 249, trigger_script: 8506, state: 1 }
learned exit AreaKey { scene: 17, anchor: (1088, 832) } event=249 -> AreaKey { scene: 17, anchor: (1280, 768) }
area teleport in scene 17 at frame 1120: (1120, 880) -> (1280, 800)
target scene=17 area=(1280, 768) event=251 script=8519 mode=4 state=1 player=(1280, 800) pos=(1296, 824) path=3
learned targeted exit AreaKey { scene: 17, anchor: (1280, 768) } event=251 -> AreaKey { scene: 17, anchor: (1472, 1152) }
marked destination touch VisitKey { scene: 17, area: (1472, 1152), event_id: 251, trigger_script: 8524, state: 1 }
learned exit AreaKey { scene: 17, anchor: (1280, 768) } event=251 -> AreaKey { scene: 17, anchor: (1472, 1152) }
area teleport in scene 17 at frame 1206: (1296, 824) -> (1472, 1152)
target scene=17 area=(1472, 1152) event=252 script=8530 mode=4 state=1 player=(1472, 1152) pos=(1440, 1056) path=16
learned targeted exit AreaKey { scene: 17, anchor: (1472, 1152) } event=252 -> AreaKey { scene: 17, anchor: (1024, 1216) }
marked destination touch VisitKey { scene: 17, area: (1024, 1216), event_id: 252, trigger_script: 8533, state: 1 }
learned exit AreaKey { scene: 17, anchor: (1472, 1152) } event=252 -> AreaKey { scene: 17, anchor: (1024, 1216) }
area teleport in scene 17 at frame 1273: (1440, 1056) -> (1040, 1256)
target scene=17 area=(1024, 1216) event=252 script=8533 mode=4 state=1 player=(1040, 1256) pos=(1056, 1248) path=1
learned targeted exit AreaKey { scene: 17, anchor: (1024, 1216) } event=252 -> AreaKey { scene: 17, anchor: (1408, 1024) }
marked destination touch VisitKey { scene: 17, area: (1408, 1024), event_id: 252, trigger_script: 8530, state: 1 }
learned exit AreaKey { scene: 17, anchor: (1024, 1216) } event=252 -> AreaKey { scene: 17, anchor: (1408, 1024) }
area teleport in scene 17 at frame 1325: (1056, 1248) -> (1456, 1048)
target scene=17 area=(1408, 1024) event=251 script=8524 mode=4 state=1 player=(1456, 1048) pos=(1456, 1144) path=16
learned targeted exit AreaKey { scene: 17, anchor: (1408, 1024) } event=251 -> AreaKey { scene: 17, anchor: (1280, 768) }
marked destination touch VisitKey { scene: 17, area: (1280, 768), event_id: 251, trigger_script: 8519, state: 1 }
learned exit AreaKey { scene: 17, anchor: (1408, 1024) } event=251 -> AreaKey { scene: 17, anchor: (1280, 768) }
area teleport in scene 17 at frame 1424: (1456, 1144) -> (1280, 816)
target scene=17 area=(1280, 768) event=251 script=8519 mode=4 state=1 player=(1280, 816) pos=(1296, 824) path=1
learned targeted exit AreaKey { scene: 17, anchor: (1280, 768) } event=251 -> AreaKey { scene: 17, anchor: (1472, 1152) }
marked destination touch VisitKey { scene: 17, area: (1472, 1152), event_id: 251, trigger_script: 8524, state: 1 }
learned exit AreaKey { scene: 17, anchor: (1280, 768) } event=251 -> AreaKey { scene: 17, anchor: (1472, 1152) }
area teleport in scene 17 at frame 1508: (1296, 824) -> (1472, 1152)
target scene=17 area=(1472, 1152) event=253 script=8537 mode=4 state=1 player=(1472, 1152) pos=(1424, 1000) path=19
learned targeted exit AreaKey { scene: 17, anchor: (1472, 1152) } event=253 -> AreaKey { scene: 17, anchor: (1216, 896) }
marked destination touch VisitKey { scene: 17, area: (1216, 896), event_id: 253, trigger_script: 8540, state: 1 }
learned exit AreaKey { scene: 17, anchor: (1472, 1152) } event=253 -> AreaKey { scene: 17, anchor: (1216, 896) }
area teleport in scene 17 at frame 1554: (1424, 1000) -> (1216, 896)
target scene=17 area=(1216, 896) event=255 script=8551 mode=4 state=1 player=(1216, 896) pos=(1248, 880) path=2
learned targeted exit AreaKey { scene: 17, anchor: (1216, 896) } event=255 -> AreaKey { scene: 17, anchor: (896, 384) }
marked destination touch VisitKey { scene: 17, area: (896, 384), event_id: 255, trigger_script: 8555, state: 1 }
learned exit AreaKey { scene: 17, anchor: (1216, 896) } event=255 -> AreaKey { scene: 17, anchor: (896, 384) }
area teleport in scene 17 at frame 1675: (1248, 880) -> (912, 408)
target scene=17 area=(896, 384) event=237 script=9193 mode=2 state=2 player=(912, 408) pos=(784, 216) path=31
target scene=17 area=(896, 384) event=255 script=8555 mode=4 state=1 player=(832, 240) pos=(928, 416) path=32
learned targeted exit AreaKey { scene: 17, anchor: (896, 384) } event=255 -> AreaKey { scene: 17, anchor: (1216, 832) }
marked destination touch VisitKey { scene: 17, area: (1216, 832), event_id: 255, trigger_script: 8551, state: 1 }
learned exit AreaKey { scene: 17, anchor: (896, 384) } event=255 -> AreaKey { scene: 17, anchor: (1216, 832) }
area teleport in scene 17 at frame 1857: (928, 416) -> (1232, 888)
target scene=17 area=(1216, 832) event=254 script=8544 mode=4 state=1 player=(1232, 888) pos=(1184, 880) path=3
learned targeted exit AreaKey { scene: 17, anchor: (1216, 832) } event=254 -> AreaKey { scene: 17, anchor: (1088, 832) }
marked destination touch VisitKey { scene: 17, area: (1088, 832), event_id: 254, trigger_script: 8547, state: 1 }
learned exit AreaKey { scene: 17, anchor: (1216, 832) } event=254 -> AreaKey { scene: 17, anchor: (1088, 832) }
area teleport in scene 17 at frame 1873: (1184, 880) -> (1088, 832)
target scene=17 area=(1088, 832) event=256 script=8560 mode=4 state=1 player=(1088, 832) pos=(1232, 776) path=9
learned targeted exit AreaKey { scene: 17, anchor: (1088, 832) } event=256 -> AreaKey { scene: 17, anchor: (1280, 512) }
marked destination touch VisitKey { scene: 17, area: (1280, 512), event_id: 256, trigger_script: 8564, state: 1 }
learned exit AreaKey { scene: 17, anchor: (1088, 832) } event=256 -> AreaKey { scene: 17, anchor: (1280, 512) }
area teleport in scene 17 at frame 1935: (1232, 776) -> (1328, 568)
target scene=17 area=(1280, 512) event=257 script=8569 mode=4 state=1 player=(1328, 568) pos=(1344, 560) path=1
learned targeted exit AreaKey { scene: 17, anchor: (1280, 512) } event=257 -> AreaKey { scene: 17, anchor: (1408, 512) }
marked destination touch VisitKey { scene: 17, area: (1408, 512), event_id: 256, trigger_script: 8564, state: 1 }
learned exit AreaKey { scene: 17, anchor: (1280, 512) } event=256 -> AreaKey { scene: 17, anchor: (1408, 512) }
marked destination touch VisitKey { scene: 17, area: (1408, 512), event_id: 257, trigger_script: 8572, state: 1 }
learned exit AreaKey { scene: 17, anchor: (1280, 512) } event=257 -> AreaKey { scene: 17, anchor: (1408, 512) }
area teleport in scene 17 at frame 1947: (1344, 560) -> (1424, 520)
target scene=17 area=(1408, 512) event=240 script=9433 mode=0 state=2 player=(1424, 520) pos=(1472, 272) path=30
target scene=17 area=(1408, 512) event=257 script=8572 mode=4 state=1 player=(1488, 280) pos=(1408, 528) path=31
learned targeted exit AreaKey { scene: 17, anchor: (1408, 512) } event=257 -> AreaKey { scene: 17, anchor: (1280, 512) }
marked destination touch VisitKey { scene: 17, area: (1280, 512), event_id: 257, trigger_script: 8569, state: 1 }
learned exit AreaKey { scene: 17, anchor: (1408, 512) } event=257 -> AreaKey { scene: 17, anchor: (1280, 512) }
area teleport in scene 17 at frame 2019: (1408, 528) -> (1328, 568)
target scene=17 area=(1280, 512) event=260 script=8592 mode=4 state=1 player=(1328, 568) pos=(1296, 584) path=2
target scene=17 area=(1280, 512) event=260 script=8601 mode=4 state=1 player=(1296, 568) pos=(1280, 560) path=1
learned targeted exit AreaKey { scene: 17, anchor: (1280, 512) } event=260 -> AreaKey { scene: 17, anchor: (1088, 448) }
marked destination touch VisitKey { scene: 17, area: (1088, 448), event_id: 260, trigger_script: 8595, state: 1 }
learned exit AreaKey { scene: 17, anchor: (1280, 512) } event=260 -> AreaKey { scene: 17, anchor: (1088, 448) }
area teleport in scene 17 at frame 2080: (1280, 560) -> (1088, 464)
target scene=17 area=(1088, 448) event=264 script=9576 mode=1 state=2 player=(1088, 464) pos=(1408, 432) path=25
target scene=17 area=(1088, 448) event=264 script=887 mode=1 state=2 player=(1392, 424) pos=(1408, 432) path=0
target scene=17 area=(1088, 448) event=260 script=8595 mode=4 state=1 player=(1392, 424) pos=(1104, 472) path=26
learned targeted exit AreaKey { scene: 17, anchor: (1088, 448) } event=260 -> AreaKey { scene: 17, anchor: (1280, 512) }
marked destination touch VisitKey { scene: 17, area: (1280, 512), event_id: 260, trigger_script: 8601, state: 1 }
learned exit AreaKey { scene: 17, anchor: (1088, 448) } event=260 -> AreaKey { scene: 17, anchor: (1280, 512) }
area teleport in scene 17 at frame 2156: (1104, 472) -> (1296, 568)
target scene=17 area=(1280, 512) event=260 script=8601 mode=4 state=1 player=(1296, 568) pos=(1280, 560) path=1
learned targeted exit AreaKey { scene: 17, anchor: (1280, 512) } event=260 -> AreaKey { scene: 17, anchor: (1088, 448) }
marked destination touch VisitKey { scene: 17, area: (1088, 448), event_id: 260, trigger_script: 8595, state: 1 }
learned exit AreaKey { scene: 17, anchor: (1280, 512) } event=260 -> AreaKey { scene: 17, anchor: (1088, 448) }
area teleport in scene 17 at frame 2182: (1280, 560) -> (1088, 464)
target scene=17 area=(1088, 448) event=264 script=887 mode=1 state=2 player=(1088, 464) pos=(1408, 432) path=25
target scene=17 area=(1088, 448) event=260 script=8595 mode=4 state=1 player=(1392, 424) pos=(1104, 472) path=26
learned targeted exit AreaKey { scene: 17, anchor: (1088, 448) } event=260 -> AreaKey { scene: 17, anchor: (1280, 512) }
marked destination touch VisitKey { scene: 17, area: (1280, 512), event_id: 260, trigger_script: 8601, state: 1 }
learned exit AreaKey { scene: 17, anchor: (1088, 448) } event=260 -> AreaKey { scene: 17, anchor: (1280, 512) }
area teleport in scene 17 at frame 2258: (1104, 472) -> (1296, 568)
target scene=17 area=(1280, 512) event=256 script=8564 mode=4 state=1 player=(1296, 568) pos=(1344, 576) path=3
learned targeted exit AreaKey { scene: 17, anchor: (1280, 512) } event=256 -> AreaKey { scene: 17, anchor: (1216, 768) }
marked destination touch VisitKey { scene: 17, area: (1216, 768), event_id: 256, trigger_script: 8560, state: 1 }
learned exit AreaKey { scene: 17, anchor: (1280, 512) } event=256 -> AreaKey { scene: 17, anchor: (1216, 768) }
marked destination touch VisitKey { scene: 17, area: (1216, 768), event_id: 257, trigger_script: 8569, state: 1 }
learned exit AreaKey { scene: 17, anchor: (1280, 512) } event=257 -> AreaKey { scene: 17, anchor: (1216, 768) }
area teleport in scene 17 at frame 2314: (1344, 576) -> (1216, 784)
target scene=17 area=(1216, 768) event=258 script=8576 mode=4 state=1 player=(1216, 784) pos=(1088, 736) path=8
learned targeted exit AreaKey { scene: 17, anchor: (1216, 768) } event=258 -> AreaKey { scene: 17, anchor: (512, 512) }
marked destination touch VisitKey { scene: 17, area: (512, 512), event_id: 258, trigger_script: 8580, state: 1 }
learned exit AreaKey { scene: 17, anchor: (1216, 768) } event=258 -> AreaKey { scene: 17, anchor: (512, 512) }
area teleport in scene 17 at frame 2391: (1088, 736) -> (544, 544)
target scene=17 area=(512, 512) event=258 script=8580 mode=4 state=1 player=(544, 544) pos=(560, 552) path=1
learned targeted exit AreaKey { scene: 17, anchor: (512, 512) } event=258 -> AreaKey { scene: 17, anchor: (1088, 704) }
marked destination touch VisitKey { scene: 17, area: (1088, 704), event_id: 258, trigger_script: 8576, state: 1 }
learned exit AreaKey { scene: 17, anchor: (512, 512) } event=258 -> AreaKey { scene: 17, anchor: (1088, 704) }
area teleport in scene 17 at frame 2461: (560, 552) -> (1104, 728)
target scene=17 area=(1088, 704) event=256 script=8560 mode=4 state=1 player=(1104, 728) pos=(1232, 776) path=8
learned targeted exit AreaKey { scene: 17, anchor: (1088, 704) } event=256 -> AreaKey { scene: 17, anchor: (1280, 512) }
marked destination touch VisitKey { scene: 17, area: (1280, 512), event_id: 256, trigger_script: 8564, state: 1 }
learned exit AreaKey { scene: 17, anchor: (1088, 704) } event=256 -> AreaKey { scene: 17, anchor: (1280, 512) }
area teleport in scene 17 at frame 2522: (1232, 776) -> (1328, 568)
target scene=17 area=(1280, 512) event=264 script=887 mode=1 state=2 player=(1328, 568) pos=(1408, 432) path=44
marked destination touch VisitKey { scene: 17, area: (1024, 448), event_id: 260, trigger_script: 8595, state: 1 }
learned exit AreaKey { scene: 17, anchor: (1280, 512) } event=260 -> AreaKey { scene: 17, anchor: (1024, 448) }
area teleport in scene 17 at frame 2552: (1280, 560) -> (1072, 456)
target scene=17 area=(1024, 448) event=264 script=887 mode=1 state=2 player=(1072, 456) pos=(1408, 432) path=24
target scene=17 area=(1024, 448) event=260 script=8595 mode=4 state=1 player=(1392, 424) pos=(1104, 472) path=26
learned targeted exit AreaKey { scene: 17, anchor: (1024, 448) } event=260 -> AreaKey { scene: 17, anchor: (1280, 512) }
marked destination touch VisitKey { scene: 17, area: (1280, 512), event_id: 260, trigger_script: 8601, state: 1 }
learned exit AreaKey { scene: 17, anchor: (1024, 448) } event=260 -> AreaKey { scene: 17, anchor: (1280, 512) }
area teleport in scene 17 at frame 2627: (1104, 472) -> (1296, 568)
target scene=17 area=(1280, 512) event=260 script=8601 mode=4 state=1 player=(1296, 568) pos=(1280, 560) path=1
learned targeted exit AreaKey { scene: 17, anchor: (1280, 512) } event=260 -> AreaKey { scene: 17, anchor: (1088, 448) }
marked destination touch VisitKey { scene: 17, area: (1088, 448), event_id: 260, trigger_script: 8595, state: 1 }
learned exit AreaKey { scene: 17, anchor: (1280, 512) } event=260 -> AreaKey { scene: 17, anchor: (1088, 448) }
area teleport in scene 17 at frame 2653: (1280, 560) -> (1088, 464)
target scene=17 area=(1088, 448) event=264 script=887 mode=1 state=2 player=(1088, 464) pos=(1408, 432) path=25
target scene=17 area=(1088, 448) event=260 script=8595 mode=4 state=1 player=(1392, 424) pos=(1104, 472) path=26
learned targeted exit AreaKey { scene: 17, anchor: (1088, 448) } event=260 -> AreaKey { scene: 17, anchor: (1280, 512) }
marked destination touch VisitKey { scene: 17, area: (1280, 512), event_id: 260, trigger_script: 8601, state: 1 }
learned exit AreaKey { scene: 17, anchor: (1088, 448) } event=260 -> AreaKey { scene: 17, anchor: (1280, 512) }
area teleport in scene 17 at frame 2729: (1104, 472) -> (1296, 568)
target scene=17 area=(1280, 512) event=256 script=8564 mode=4 state=1 player=(1296, 568) pos=(1344, 576) path=3
learned targeted exit AreaKey { scene: 17, anchor: (1280, 512) } event=256 -> AreaKey { scene: 17, anchor: (1216, 768) }
marked destination touch VisitKey { scene: 17, area: (1216, 768), event_id: 256, trigger_script: 8560, state: 1 }
learned exit AreaKey { scene: 17, anchor: (1280, 512) } event=256 -> AreaKey { scene: 17, anchor: (1216, 768) }
marked destination touch VisitKey { scene: 17, area: (1216, 768), event_id: 257, trigger_script: 8569, state: 1 }
learned exit AreaKey { scene: 17, anchor: (1280, 512) } event=257 -> AreaKey { scene: 17, anchor: (1216, 768) }
area teleport in scene 17 at frame 2785: (1344, 576) -> (1216, 784)
target scene=17 area=(1216, 768) event=258 script=8576 mode=4 state=1 player=(1216, 784) pos=(1088, 736) path=8
learned targeted exit AreaKey { scene: 17, anchor: (1216, 768) } event=258 -> AreaKey { scene: 17, anchor: (512, 512) }
marked destination touch VisitKey { scene: 17, area: (512, 512), event_id: 258, trigger_script: 8580, state: 1 }
learned exit AreaKey { scene: 17, anchor: (1216, 768) } event=258 -> AreaKey { scene: 17, anchor: (512, 512) }
area teleport in scene 17 at frame 2862: (1088, 736) -> (544, 544)
target scene=17 area=(512, 512) event=258 script=8580 mode=4 state=1 player=(544, 544) pos=(560, 552) path=1
learned targeted exit AreaKey { scene: 17, anchor: (512, 512) } event=258 -> AreaKey { scene: 17, anchor: (1088, 704) }
marked destination touch VisitKey { scene: 17, area: (1088, 704), event_id: 258, trigger_script: 8576, state: 1 }
learned exit AreaKey { scene: 17, anchor: (512, 512) } event=258 -> AreaKey { scene: 17, anchor: (1088, 704) }
area teleport in scene 17 at frame 2932: (560, 552) -> (1104, 728)
target scene=17 area=(1088, 704) event=259 script=8585 mode=4 state=1 player=(1104, 728) pos=(1136, 600) path=16
learned targeted exit AreaKey { scene: 17, anchor: (1088, 704) } event=259 -> AreaKey { scene: 17, anchor: (832, 448) }
marked destination touch VisitKey { scene: 17, area: (832, 448), event_id: 259, trigger_script: 8588, state: 1 }
learned exit AreaKey { scene: 17, anchor: (1088, 704) } event=259 -> AreaKey { scene: 17, anchor: (832, 448) }
area teleport in scene 17 at frame 2987: (1136, 600) -> (832, 448)
target scene=17 area=(832, 448) event=239 script=9433 mode=0 state=2 player=(832, 448) pos=(496, 232) path=38
target scene=17 area=(832, 448) event=259 script=8588 mode=4 state=1 player=(512, 240) pos=(848, 456) path=39
learned targeted exit AreaKey { scene: 17, anchor: (832, 448) } event=259 -> AreaKey { scene: 17, anchor: (1152, 576) }
marked destination touch VisitKey { scene: 17, area: (1152, 576), event_id: 259, trigger_script: 8585, state: 1 }
learned exit AreaKey { scene: 17, anchor: (832, 448) } event=259 -> AreaKey { scene: 17, anchor: (1152, 576) }
area teleport in scene 17 at frame 3103: (848, 456) -> (1152, 608)
target scene=17 area=(1152, 576) event=258 script=8576 mode=4 state=1 player=(1152, 608) pos=(1088, 736) path=16
learned targeted exit AreaKey { scene: 17, anchor: (1152, 576) } event=258 -> AreaKey { scene: 17, anchor: (512, 512) }
marked destination touch VisitKey { scene: 17, area: (512, 512), event_id: 258, trigger_script: 8580, state: 1 }
learned exit AreaKey { scene: 17, anchor: (1152, 576) } event=258 -> AreaKey { scene: 17, anchor: (512, 512) }
area teleport in scene 17 at frame 3188: (1088, 736) -> (544, 544)
target scene=17 area=(512, 512) event=258 script=8580 mode=4 state=1 player=(544, 544) pos=(560, 552) path=1
learned targeted exit AreaKey { scene: 17, anchor: (512, 512) } event=258 -> AreaKey { scene: 17, anchor: (1088, 704) }
marked destination touch VisitKey { scene: 17, area: (1088, 704), event_id: 258, trigger_script: 8576, state: 1 }
learned exit AreaKey { scene: 17, anchor: (512, 512) } event=258 -> AreaKey { scene: 17, anchor: (1088, 704) }
area teleport in scene 17 at frame 3258: (560, 552) -> (1104, 728)
target scene=17 area=(1088, 704) event=259 script=8585 mode=4 state=1 player=(1104, 728) pos=(1136, 600) path=16
learned targeted exit AreaKey { scene: 17, anchor: (1088, 704) } event=259 -> AreaKey { scene: 17, anchor: (832, 448) }
marked destination touch VisitKey { scene: 17, area: (832, 448), event_id: 259, trigger_script: 8588, state: 1 }
learned exit AreaKey { scene: 17, anchor: (1088, 704) } event=259 -> AreaKey { scene: 17, anchor: (832, 448) }
area teleport in scene 17 at frame 3313: (1136, 600) -> (832, 448)
target scene=17 area=(832, 448) event=259 script=8588 mode=4 state=1 player=(832, 448) pos=(848, 456) path=1
learned targeted exit AreaKey { scene: 17, anchor: (832, 448) } event=259 -> AreaKey { scene: 17, anchor: (1152, 576) }
marked destination touch VisitKey { scene: 17, area: (1152, 576), event_id: 259, trigger_script: 8585, state: 1 }
learned exit AreaKey { scene: 17, anchor: (832, 448) } event=259 -> AreaKey { scene: 17, anchor: (1152, 576) }
area teleport in scene 17 at frame 3353: (848, 456) -> (1152, 608)
target scene=17 area=(1152, 576) event=259 script=8585 mode=4 state=1 player=(1152, 608) pos=(1136, 600) path=1
learned targeted exit AreaKey { scene: 17, anchor: (1152, 576) } event=259 -> AreaKey { scene: 17, anchor: (832, 448) }
marked destination touch VisitKey { scene: 17, area: (832, 448), event_id: 259, trigger_script: 8588, state: 1 }
learned exit AreaKey { scene: 17, anchor: (1152, 576) } event=259 -> AreaKey { scene: 17, anchor: (832, 448) }
area teleport in scene 17 at frame 3393: (1136, 600) -> (832, 448)
target scene=17 area=(832, 448) event=259 script=8588 mode=4 state=1 player=(832, 448) pos=(848, 456) path=1
learned targeted exit AreaKey { scene: 17, anchor: (832, 448) } event=259 -> AreaKey { scene: 17, anchor: (1152, 576) }
marked destination touch VisitKey { scene: 17, area: (1152, 576), event_id: 259, trigger_script: 8585, state: 1 }
learned exit AreaKey { scene: 17, anchor: (832, 448) } event=259 -> AreaKey { scene: 17, anchor: (1152, 576) }
area teleport in scene 17 at frame 3433: (848, 456) -> (1152, 608)
target scene=17 area=(1152, 576) event=259 script=8585 mode=4 state=1 player=(1152, 608) pos=(1136, 600) path=1
learned targeted exit AreaKey { scene: 17, anchor: (1152, 576) } event=259 -> AreaKey { scene: 17, anchor: (832, 448) }
marked destination touch VisitKey { scene: 17, area: (832, 448), event_id: 259, trigger_script: 8588, state: 1 }
learned exit AreaKey { scene: 17, anchor: (1152, 576) } event=259 -> AreaKey { scene: 17, anchor: (832, 448) }
area teleport in scene 17 at frame 3473: (1136, 600) -> (832, 448)
target scene=17 area=(832, 448) event=259 script=8588 mode=4 state=1 player=(832, 448) pos=(848, 456) path=1
learned targeted exit AreaKey { scene: 17, anchor: (832, 448) } event=259 -> AreaKey { scene: 17, anchor: (1152, 576) }
marked destination touch VisitKey { scene: 17, area: (1152, 576), event_id: 259, trigger_script: 8585, state: 1 }
learned exit AreaKey { scene: 17, anchor: (832, 448) } event=259 -> AreaKey { scene: 17, anchor: (1152, 576) }
area teleport in scene 17 at frame 3513: (848, 456) -> (1152, 608)
target scene=17 area=(1152, 576) event=259 script=8585 mode=4 state=1 player=(1152, 608) pos=(1136, 600) path=1
learned targeted exit AreaKey { scene: 17, anchor: (1152, 576) } event=259 -> AreaKey { scene: 17, anchor: (832, 448) }
marked destination touch VisitKey { scene: 17, area: (832, 448), event_id: 259, trigger_script: 8588, state: 1 }
learned exit AreaKey { scene: 17, anchor: (1152, 576) } event=259 -> AreaKey { scene: 17, anchor: (832, 448) }
area teleport in scene 17 at frame 3553: (1136, 600) -> (832, 448)
target scene=17 area=(832, 448) event=259 script=8588 mode=4 state=1 player=(832, 448) pos=(848, 456) path=1
learned targeted exit AreaKey { scene: 17, anchor: (832, 448) } event=259 -> AreaKey { scene: 17, anchor: (1152, 576) }
marked destination touch VisitKey { scene: 17, area: (1152, 576), event_id: 259, trigger_script: 8585, state: 1 }
learned exit AreaKey { scene: 17, anchor: (832, 448) } event=259 -> AreaKey { scene: 17, anchor: (1152, 576) }
area teleport in scene 17 at frame 3593: (848, 456) -> (1152, 608)
target scene=17 area=(1152, 576) event=258 script=8576 mode=4 state=1 player=(1152, 608) pos=(1088, 736) path=16
learned targeted exit AreaKey { scene: 17, anchor: (1152, 576) } event=258 -> AreaKey { scene: 17, anchor: (512, 512) }
marked destination touch VisitKey { scene: 17, area: (512, 512), event_id: 258, trigger_script: 8580, state: 1 }
learned exit AreaKey { scene: 17, anchor: (1152, 576) } event=258 -> AreaKey { scene: 17, anchor: (512, 512) }
area teleport in scene 17 at frame 3678: (1088, 736) -> (544, 544)
target scene=17 area=(512, 512) event=258 script=8580 mode=4 state=1 player=(544, 544) pos=(560, 552) path=1
learned targeted exit AreaKey { scene: 17, anchor: (512, 512) } event=258 -> AreaKey { scene: 17, anchor: (1088, 704) }
marked destination touch VisitKey { scene: 17, area: (1088, 704), event_id: 258, trigger_script: 8576, state: 1 }
learned exit AreaKey { scene: 17, anchor: (512, 512) } event=258 -> AreaKey { scene: 17, anchor: (1088, 704) }
area teleport in scene 17 at frame 3748: (560, 552) -> (1104, 728)
target scene=17 area=(1088, 704) event=254 script=8547 mode=4 state=1 player=(1104, 728) pos=(1104, 840) path=14
learned targeted exit AreaKey { scene: 17, anchor: (1088, 704) } event=254 -> AreaKey { scene: 17, anchor: (1152, 832) }
marked destination touch VisitKey { scene: 17, area: (1152, 832), event_id: 254, trigger_script: 8544, state: 1 }
learned exit AreaKey { scene: 17, anchor: (1088, 704) } event=254 -> AreaKey { scene: 17, anchor: (1152, 832) }
area teleport in scene 17 at frame 3775: (1104, 840) -> (1200, 888)
target scene=17 area=(1152, 832) event=253 script=8540 mode=4 state=1 player=(1200, 888) pos=(1232, 904) path=2
learned targeted exit AreaKey { scene: 17, anchor: (1152, 832) } event=253 -> AreaKey { scene: 17, anchor: (1408, 960) }
marked destination touch VisitKey { scene: 17, area: (1408, 960), event_id: 253, trigger_script: 8537, state: 1 }
learned exit AreaKey { scene: 17, anchor: (1152, 832) } event=253 -> AreaKey { scene: 17, anchor: (1408, 960) }
area teleport in scene 17 at frame 3804: (1232, 904) -> (1440, 1008)
target scene=17 area=(1408, 960) event=252 script=8530 mode=4 state=1 player=(1440, 1008) pos=(1440, 1056) path=6
learned targeted exit AreaKey { scene: 17, anchor: (1408, 960) } event=252 -> AreaKey { scene: 17, anchor: (1024, 1216) }
marked destination touch VisitKey { scene: 17, area: (1024, 1216), event_id: 252, trigger_script: 8533, state: 1 }
learned exit AreaKey { scene: 17, anchor: (1408, 960) } event=252 -> AreaKey { scene: 17, anchor: (1024, 1216) }
area teleport in scene 17 at frame 3861: (1440, 1056) -> (1040, 1256)
target scene=17 area=(1024, 1216) event=252 script=8533 mode=4 state=1 player=(1040, 1256) pos=(1056, 1248) path=1
learned targeted exit AreaKey { scene: 17, anchor: (1024, 1216) } event=252 -> AreaKey { scene: 17, anchor: (1408, 1024) }
marked destination touch VisitKey { scene: 17, area: (1408, 1024), event_id: 252, trigger_script: 8530, state: 1 }
learned exit AreaKey { scene: 17, anchor: (1024, 1216) } event=252 -> AreaKey { scene: 17, anchor: (1408, 1024) }
area teleport in scene 17 at frame 3913: (1056, 1248) -> (1456, 1048)
target scene=17 area=(1408, 1024) event=253 script=8537 mode=4 state=1 player=(1456, 1048) pos=(1424, 1000) path=6
learned targeted exit AreaKey { scene: 17, anchor: (1408, 1024) } event=253 -> AreaKey { scene: 17, anchor: (1216, 896) }
marked destination touch VisitKey { scene: 17, area: (1216, 896), event_id: 253, trigger_script: 8540, state: 1 }
learned exit AreaKey { scene: 17, anchor: (1408, 1024) } event=253 -> AreaKey { scene: 17, anchor: (1216, 896) }
area teleport in scene 17 at frame 3946: (1424, 1000) -> (1216, 896)
target scene=17 area=(1216, 896) event=255 script=8551 mode=4 state=1 player=(1216, 896) pos=(1248, 880) path=2
learned targeted exit AreaKey { scene: 17, anchor: (1216, 896) } event=255 -> AreaKey { scene: 17, anchor: (896, 384) }
marked destination touch VisitKey { scene: 17, area: (896, 384), event_id: 255, trigger_script: 8555, state: 1 }
learned exit AreaKey { scene: 17, anchor: (1216, 896) } event=255 -> AreaKey { scene: 17, anchor: (896, 384) }
area teleport in scene 17 at frame 4067: (1248, 880) -> (912, 408)
target scene=17 area=(896, 384) event=237 script=9193 mode=2 state=2 player=(912, 408) pos=(784, 216) path=31
target scene=17 area=(896, 384) event=255 script=8555 mode=4 state=1 player=(832, 240) pos=(928, 416) path=32
learned targeted exit AreaKey { scene: 17, anchor: (896, 384) } event=255 -> AreaKey { scene: 17, anchor: (1216, 832) }
marked destination touch VisitKey { scene: 17, area: (1216, 832), event_id: 255, trigger_script: 8551, state: 1 }
learned exit AreaKey { scene: 17, anchor: (896, 384) } event=255 -> AreaKey { scene: 17, anchor: (1216, 832) }
area teleport in scene 17 at frame 4249: (928, 416) -> (1232, 888)
target scene=17 area=(1216, 832) event=255 script=8551 mode=4 state=1 player=(1232, 888) pos=(1248, 880) path=1
learned targeted exit AreaKey { scene: 17, anchor: (1216, 832) } event=255 -> AreaKey { scene: 17, anchor: (896, 384) }
marked destination touch VisitKey { scene: 17, area: (896, 384), event_id: 255, trigger_script: 8555, state: 1 }
learned exit AreaKey { scene: 17, anchor: (1216, 832) } event=255 -> AreaKey { scene: 17, anchor: (896, 384) }
area teleport in scene 17 at frame 4369: (1248, 880) -> (912, 408)
target scene=17 area=(896, 384) event=237 script=9193 mode=2 state=2 player=(912, 408) pos=(784, 216) path=31
target scene=17 area=(896, 384) event=255 script=8555 mode=4 state=1 player=(832, 240) pos=(928, 416) path=32
learned targeted exit AreaKey { scene: 17, anchor: (896, 384) } event=255 -> AreaKey { scene: 17, anchor: (1216, 832) }
marked destination touch VisitKey { scene: 17, area: (1216, 832), event_id: 255, trigger_script: 8551, state: 1 }
learned exit AreaKey { scene: 17, anchor: (896, 384) } event=255 -> AreaKey { scene: 17, anchor: (1216, 832) }
area teleport in scene 17 at frame 4551: (928, 416) -> (1232, 888)
target scene=17 area=(1216, 832) event=253 script=8540 mode=4 state=1 player=(1232, 888) pos=(1232, 904) path=2
learned targeted exit AreaKey { scene: 17, anchor: (1216, 832) } event=253 -> AreaKey { scene: 17, anchor: (1408, 960) }
marked destination touch VisitKey { scene: 17, area: (1408, 960), event_id: 253, trigger_script: 8537, state: 1 }
learned exit AreaKey { scene: 17, anchor: (1216, 832) } event=253 -> AreaKey { scene: 17, anchor: (1408, 960) }
area teleport in scene 17 at frame 4580: (1232, 904) -> (1440, 1008)
target scene=17 area=(1408, 960) event=252 script=8530 mode=4 state=1 player=(1440, 1008) pos=(1440, 1056) path=6
learned targeted exit AreaKey { scene: 17, anchor: (1408, 960) } event=252 -> AreaKey { scene: 17, anchor: (1024, 1216) }
marked destination touch VisitKey { scene: 17, area: (1024, 1216), event_id: 252, trigger_script: 8533, state: 1 }
learned exit AreaKey { scene: 17, anchor: (1408, 960) } event=252 -> AreaKey { scene: 17, anchor: (1024, 1216) }
area teleport in scene 17 at frame 4637: (1440, 1056) -> (1040, 1256)
target scene=17 area=(1024, 1216) event=252 script=8533 mode=4 state=1 player=(1040, 1256) pos=(1056, 1248) path=1
learned targeted exit AreaKey { scene: 17, anchor: (1024, 1216) } event=252 -> AreaKey { scene: 17, anchor: (1408, 1024) }
marked destination touch VisitKey { scene: 17, area: (1408, 1024), event_id: 252, trigger_script: 8530, state: 1 }
learned exit AreaKey { scene: 17, anchor: (1024, 1216) } event=252 -> AreaKey { scene: 17, anchor: (1408, 1024) }
area teleport in scene 17 at frame 4689: (1056, 1248) -> (1456, 1048)
target scene=17 area=(1408, 1024) event=253 script=8537 mode=4 state=1 player=(1456, 1048) pos=(1424, 1000) path=6
learned targeted exit AreaKey { scene: 17, anchor: (1408, 1024) } event=253 -> AreaKey { scene: 17, anchor: (1216, 896) }
marked destination touch VisitKey { scene: 17, area: (1216, 896), event_id: 253, trigger_script: 8540, state: 1 }
learned exit AreaKey { scene: 17, anchor: (1408, 1024) } event=253 -> AreaKey { scene: 17, anchor: (1216, 896) }
area teleport in scene 17 at frame 4722: (1424, 1000) -> (1216, 896)
target scene=17 area=(1216, 896) event=253 script=8540 mode=4 state=1 player=(1216, 896) pos=(1232, 904) path=1
learned targeted exit AreaKey { scene: 17, anchor: (1216, 896) } event=253 -> AreaKey { scene: 17, anchor: (1408, 960) }
marked destination touch VisitKey { scene: 17, area: (1408, 960), event_id: 253, trigger_script: 8537, state: 1 }
learned exit AreaKey { scene: 17, anchor: (1216, 896) } event=253 -> AreaKey { scene: 17, anchor: (1408, 960) }
area teleport in scene 17 at frame 4750: (1232, 904) -> (1440, 1008)
target scene=17 area=(1408, 960) event=253 script=8537 mode=4 state=1 player=(1440, 1008) pos=(1424, 1000) path=1
learned targeted exit AreaKey { scene: 17, anchor: (1408, 960) } event=253 -> AreaKey { scene: 17, anchor: (1216, 896) }
marked destination touch VisitKey { scene: 17, area: (1216, 896), event_id: 253, trigger_script: 8540, state: 1 }
learned exit AreaKey { scene: 17, anchor: (1408, 960) } event=253 -> AreaKey { scene: 17, anchor: (1216, 896) }
area teleport in scene 17 at frame 4778: (1424, 1000) -> (1216, 896)
target scene=17 area=(1216, 896) event=254 script=8544 mode=4 state=1 player=(1216, 896) pos=(1184, 880) path=2
learned targeted exit AreaKey { scene: 17, anchor: (1216, 896) } event=254 -> AreaKey { scene: 17, anchor: (1088, 832) }
marked destination touch VisitKey { scene: 17, area: (1088, 832), event_id: 254, trigger_script: 8547, state: 1 }
learned exit AreaKey { scene: 17, anchor: (1216, 896) } event=254 -> AreaKey { scene: 17, anchor: (1088, 832) }
area teleport in scene 17 at frame 4793: (1184, 880) -> (1088, 832)
target scene=17 area=(1088, 832) event=254 script=8547 mode=4 state=1 player=(1088, 832) pos=(1104, 840) path=1
learned targeted exit AreaKey { scene: 17, anchor: (1088, 832) } event=254 -> AreaKey { scene: 17, anchor: (1152, 832) }
marked destination touch VisitKey { scene: 17, area: (1152, 832), event_id: 254, trigger_script: 8544, state: 1 }
learned exit AreaKey { scene: 17, anchor: (1088, 832) } event=254 -> AreaKey { scene: 17, anchor: (1152, 832) }
area teleport in scene 17 at frame 4807: (1104, 840) -> (1200, 888)
target scene=17 area=(1152, 832) event=255 script=8551 mode=4 state=1 player=(1200, 888) pos=(1248, 880) path=3
learned targeted exit AreaKey { scene: 17, anchor: (1152, 832) } event=255 -> AreaKey { scene: 17, anchor: (896, 384) }
marked destination touch VisitKey { scene: 17, area: (896, 384), event_id: 255, trigger_script: 8555, state: 1 }
learned exit AreaKey { scene: 17, anchor: (1152, 832) } event=255 -> AreaKey { scene: 17, anchor: (896, 384) }
area teleport in scene 17 at frame 4929: (1248, 880) -> (912, 408)
target scene=17 area=(896, 384) event=237 script=9193 mode=2 state=2 player=(912, 408) pos=(784, 216) path=31
target scene=17 area=(896, 384) event=255 script=8555 mode=4 state=1 player=(832, 240) pos=(928, 416) path=32
learned targeted exit AreaKey { scene: 17, anchor: (896, 384) } event=255 -> AreaKey { scene: 17, anchor: (1216, 832) }
marked destination touch VisitKey { scene: 17, area: (1216, 832), event_id: 255, trigger_script: 8551, state: 1 }
learned exit AreaKey { scene: 17, anchor: (896, 384) } event=255 -> AreaKey { scene: 17, anchor: (1216, 832) }
area teleport in scene 17 at frame 5111: (928, 416) -> (1232, 888)
target scene=17 area=(1216, 832) event=255 script=8551 mode=4 state=1 player=(1232, 888) pos=(1248, 880) path=1
learned targeted exit AreaKey { scene: 17, anchor: (1216, 832) } event=255 -> AreaKey { scene: 17, anchor: (896, 384) }
marked destination touch VisitKey { scene: 17, area: (896, 384), event_id: 255, trigger_script: 8555, state: 1 }
learned exit AreaKey { scene: 17, anchor: (1216, 832) } event=255 -> AreaKey { scene: 17, anchor: (896, 384) }
area teleport in scene 17 at frame 5231: (1248, 880) -> (912, 408)
target scene=17 area=(896, 384) event=237 script=9193 mode=2 state=2 player=(912, 408) pos=(784, 216) path=31
target scene=17 area=(896, 384) event=255 script=8555 mode=4 state=1 player=(832, 240) pos=(928, 416) path=32
learned targeted exit AreaKey { scene: 17, anchor: (896, 384) } event=255 -> AreaKey { scene: 17, anchor: (1216, 832) }
marked destination touch VisitKey { scene: 17, area: (1216, 832), event_id: 255, trigger_script: 8551, state: 1 }
learned exit AreaKey { scene: 17, anchor: (896, 384) } event=255 -> AreaKey { scene: 17, anchor: (1216, 832) }
area teleport in scene 17 at frame 5413: (928, 416) -> (1232, 888)
target scene=17 area=(1216, 832) event=253 script=8540 mode=4 state=1 player=(1232, 888) pos=(1232, 904) path=2
learned targeted exit AreaKey { scene: 17, anchor: (1216, 832) } event=253 -> AreaKey { scene: 17, anchor: (1408, 960) }
marked destination touch VisitKey { scene: 17, area: (1408, 960), event_id: 253, trigger_script: 8537, state: 1 }
learned exit AreaKey { scene: 17, anchor: (1216, 832) } event=253 -> AreaKey { scene: 17, anchor: (1408, 960) }
area teleport in scene 17 at frame 5442: (1232, 904) -> (1440, 1008)
target scene=17 area=(1408, 960) event=252 script=8530 mode=4 state=1 player=(1440, 1008) pos=(1440, 1056) path=6
learned targeted exit AreaKey { scene: 17, anchor: (1408, 960) } event=252 -> AreaKey { scene: 17, anchor: (1024, 1216) }
marked destination touch VisitKey { scene: 17, area: (1024, 1216), event_id: 252, trigger_script: 8533, state: 1 }
learned exit AreaKey { scene: 17, anchor: (1408, 960) } event=252 -> AreaKey { scene: 17, anchor: (1024, 1216) }
area teleport in scene 17 at frame 5499: (1440, 1056) -> (1040, 1256)
target scene=17 area=(1024, 1216) event=252 script=8533 mode=4 state=1 player=(1040, 1256) pos=(1056, 1248) path=1
learned targeted exit AreaKey { scene: 17, anchor: (1024, 1216) } event=252 -> AreaKey { scene: 17, anchor: (1408, 1024) }
marked destination touch VisitKey { scene: 17, area: (1408, 1024), event_id: 252, trigger_script: 8530, state: 1 }
learned exit AreaKey { scene: 17, anchor: (1024, 1216) } event=252 -> AreaKey { scene: 17, anchor: (1408, 1024) }
area teleport in scene 17 at frame 5551: (1056, 1248) -> (1456, 1048)
target scene=17 area=(1408, 1024) event=251 script=8524 mode=4 state=1 player=(1456, 1048) pos=(1456, 1144) path=16
learned targeted exit AreaKey { scene: 17, anchor: (1408, 1024) } event=251 -> AreaKey { scene: 17, anchor: (1280, 768) }
marked destination touch VisitKey { scene: 17, area: (1280, 768), event_id: 251, trigger_script: 8519, state: 1 }
learned exit AreaKey { scene: 17, anchor: (1408, 1024) } event=251 -> AreaKey { scene: 17, anchor: (1280, 768) }
area teleport in scene 17 at frame 5650: (1456, 1144) -> (1280, 816)
target scene=17 area=(1280, 768) event=251 script=8519 mode=4 state=1 player=(1280, 816) pos=(1296, 824) path=1
learned targeted exit AreaKey { scene: 17, anchor: (1280, 768) } event=251 -> AreaKey { scene: 17, anchor: (1472, 1152) }
marked destination touch VisitKey { scene: 17, area: (1472, 1152), event_id: 251, trigger_script: 8524, state: 1 }
learned exit AreaKey { scene: 17, anchor: (1280, 768) } event=251 -> AreaKey { scene: 17, anchor: (1472, 1152) }
area teleport in scene 17 at frame 5734: (1296, 824) -> (1472, 1152)
target scene=17 area=(1472, 1152) event=251 script=8524 mode=4 state=1 player=(1472, 1152) pos=(1456, 1144) path=1
learned targeted exit AreaKey { scene: 17, anchor: (1472, 1152) } event=251 -> AreaKey { scene: 17, anchor: (1280, 768) }
marked destination touch VisitKey { scene: 17, area: (1280, 768), event_id: 251, trigger_script: 8519, state: 1 }
learned exit AreaKey { scene: 17, anchor: (1472, 1152) } event=251 -> AreaKey { scene: 17, anchor: (1280, 768) }
area teleport in scene 17 at frame 5818: (1456, 1144) -> (1280, 816)
target scene=17 area=(1280, 768) event=251 script=8519 mode=4 state=1 player=(1280, 816) pos=(1296, 824) path=1
learned targeted exit AreaKey { scene: 17, anchor: (1280, 768) } event=251 -> AreaKey { scene: 17, anchor: (1472, 1152) }
marked destination touch VisitKey { scene: 17, area: (1472, 1152), event_id: 251, trigger_script: 8524, state: 1 }
learned exit AreaKey { scene: 17, anchor: (1280, 768) } event=251 -> AreaKey { scene: 17, anchor: (1472, 1152) }
area teleport in scene 17 at frame 5902: (1296, 824) -> (1472, 1152)
target scene=17 area=(1472, 1152) event=252 script=8530 mode=4 state=1 player=(1472, 1152) pos=(1440, 1056) path=16
learned targeted exit AreaKey { scene: 17, anchor: (1472, 1152) } event=252 -> AreaKey { scene: 17, anchor: (1024, 1216) }
marked destination touch VisitKey { scene: 17, area: (1024, 1216), event_id: 252, trigger_script: 8533, state: 1 }
learned exit AreaKey { scene: 17, anchor: (1472, 1152) } event=252 -> AreaKey { scene: 17, anchor: (1024, 1216) }
area teleport in scene 17 at frame 5969: (1440, 1056) -> (1040, 1256)
target scene=17 area=(1024, 1216) event=252 script=8533 mode=4 state=1 player=(1040, 1256) pos=(1056, 1248) path=1
learned targeted exit AreaKey { scene: 17, anchor: (1024, 1216) } event=252 -> AreaKey { scene: 17, anchor: (1408, 1024) }
marked destination touch VisitKey { scene: 17, area: (1408, 1024), event_id: 252, trigger_script: 8530, state: 1 }
learned exit AreaKey { scene: 17, anchor: (1024, 1216) } event=252 -> AreaKey { scene: 17, anchor: (1408, 1024) }
area teleport in scene 17 at frame 6021: (1056, 1248) -> (1456, 1048)
target scene=17 area=(1408, 1024) event=253 script=8537 mode=4 state=1 player=(1456, 1048) pos=(1424, 1000) path=6
learned targeted exit AreaKey { scene: 17, anchor: (1408, 1024) } event=253 -> AreaKey { scene: 17, anchor: (1216, 896) }
marked destination touch VisitKey { scene: 17, area: (1216, 896), event_id: 253, trigger_script: 8540, state: 1 }
learned exit AreaKey { scene: 17, anchor: (1408, 1024) } event=253 -> AreaKey { scene: 17, anchor: (1216, 896) }
area teleport in scene 17 at frame 6054: (1424, 1000) -> (1216, 896)
target scene=17 area=(1216, 896) event=254 script=8544 mode=4 state=1 player=(1216, 896) pos=(1184, 880) path=2
learned targeted exit AreaKey { scene: 17, anchor: (1216, 896) } event=254 -> AreaKey { scene: 17, anchor: (1088, 832) }
marked destination touch VisitKey { scene: 17, area: (1088, 832), event_id: 254, trigger_script: 8547, state: 1 }
learned exit AreaKey { scene: 17, anchor: (1216, 896) } event=254 -> AreaKey { scene: 17, anchor: (1088, 832) }
area teleport in scene 17 at frame 6069: (1184, 880) -> (1088, 832)
target scene=17 area=(1088, 832) event=258 script=8576 mode=4 state=1 player=(1088, 832) pos=(1088, 736) path=14
learned targeted exit AreaKey { scene: 17, anchor: (1088, 832) } event=258 -> AreaKey { scene: 17, anchor: (512, 512) }
marked destination touch VisitKey { scene: 17, area: (512, 512), event_id: 258, trigger_script: 8580, state: 1 }
learned exit AreaKey { scene: 17, anchor: (1088, 832) } event=258 -> AreaKey { scene: 17, anchor: (512, 512) }
area teleport in scene 17 at frame 6152: (1088, 736) -> (544, 544)
target scene=17 area=(512, 512) event=258 script=8580 mode=4 state=1 player=(544, 544) pos=(560, 552) path=1
learned targeted exit AreaKey { scene: 17, anchor: (512, 512) } event=258 -> AreaKey { scene: 17, anchor: (1088, 704) }
marked destination touch VisitKey { scene: 17, area: (1088, 704), event_id: 258, trigger_script: 8576, state: 1 }
learned exit AreaKey { scene: 17, anchor: (512, 512) } event=258 -> AreaKey { scene: 17, anchor: (1088, 704) }
area teleport in scene 17 at frame 6222: (560, 552) -> (1104, 728)
target scene=17 area=(1088, 704) event=254 script=8547 mode=4 state=1 player=(1104, 728) pos=(1104, 840) path=14
learned targeted exit AreaKey { scene: 17, anchor: (1088, 704) } event=254 -> AreaKey { scene: 17, anchor: (1152, 832) }
marked destination touch VisitKey { scene: 17, area: (1152, 832), event_id: 254, trigger_script: 8544, state: 1 }
learned exit AreaKey { scene: 17, anchor: (1088, 704) } event=254 -> AreaKey { scene: 17, anchor: (1152, 832) }
area teleport in scene 17 at frame 6249: (1104, 840) -> (1200, 888)
target scene=17 area=(1152, 832) event=254 script=8544 mode=4 state=1 player=(1200, 888) pos=(1184, 880) path=1
learned targeted exit AreaKey { scene: 17, anchor: (1152, 832) } event=254 -> AreaKey { scene: 17, anchor: (1088, 832) }
marked destination touch VisitKey { scene: 17, area: (1088, 832), event_id: 254, trigger_script: 8547, state: 1 }
learned exit AreaKey { scene: 17, anchor: (1152, 832) } event=254 -> AreaKey { scene: 17, anchor: (1088, 832) }
area teleport in scene 17 at frame 6263: (1184, 880) -> (1088, 832)
target scene=17 area=(1088, 832) event=254 script=8547 mode=4 state=1 player=(1088, 832) pos=(1104, 840) path=1
learned targeted exit AreaKey { scene: 17, anchor: (1088, 832) } event=254 -> AreaKey { scene: 17, anchor: (1152, 832) }
marked destination touch VisitKey { scene: 17, area: (1152, 832), event_id: 254, trigger_script: 8544, state: 1 }
learned exit AreaKey { scene: 17, anchor: (1088, 832) } event=254 -> AreaKey { scene: 17, anchor: (1152, 832) }
area teleport in scene 17 at frame 6277: (1104, 840) -> (1200, 888)
target scene=17 area=(1152, 832) event=253 script=8540 mode=4 state=1 player=(1200, 888) pos=(1232, 904) path=2
learned targeted exit AreaKey { scene: 17, anchor: (1152, 832) } event=253 -> AreaKey { scene: 17, anchor: (1408, 960) }
marked destination touch VisitKey { scene: 17, area: (1408, 960), event_id: 253, trigger_script: 8537, state: 1 }
learned exit AreaKey { scene: 17, anchor: (1152, 832) } event=253 -> AreaKey { scene: 17, anchor: (1408, 960) }
area teleport in scene 17 at frame 6306: (1232, 904) -> (1440, 1008)
target scene=17 area=(1408, 960) event=253 script=8537 mode=4 state=1 player=(1440, 1008) pos=(1424, 1000) path=1
learned targeted exit AreaKey { scene: 17, anchor: (1408, 960) } event=253 -> AreaKey { scene: 17, anchor: (1216, 896) }
marked destination touch VisitKey { scene: 17, area: (1216, 896), event_id: 253, trigger_script: 8540, state: 1 }
learned exit AreaKey { scene: 17, anchor: (1408, 960) } event=253 -> AreaKey { scene: 17, anchor: (1216, 896) }
area teleport in scene 17 at frame 6334: (1424, 1000) -> (1216, 896)
target scene=17 area=(1216, 896) event=255 script=8551 mode=4 state=1 player=(1216, 896) pos=(1248, 880) path=2
learned targeted exit AreaKey { scene: 17, anchor: (1216, 896) } event=255 -> AreaKey { scene: 17, anchor: (896, 384) }
marked destination touch VisitKey { scene: 17, area: (896, 384), event_id: 255, trigger_script: 8555, state: 1 }
learned exit AreaKey { scene: 17, anchor: (1216, 896) } event=255 -> AreaKey { scene: 17, anchor: (896, 384) }
area teleport in scene 17 at frame 6455: (1248, 880) -> (912, 408)
target scene=17 area=(896, 384) event=237 script=9193 mode=2 state=2 player=(912, 408) pos=(784, 216) path=31
target scene=17 area=(896, 384) event=255 script=8555 mode=4 state=1 player=(832, 240) pos=(928, 416) path=32
learned targeted exit AreaKey { scene: 17, anchor: (896, 384) } event=255 -> AreaKey { scene: 17, anchor: (1216, 832) }
marked destination touch VisitKey { scene: 17, area: (1216, 832), event_id: 255, trigger_script: 8551, state: 1 }
learned exit AreaKey { scene: 17, anchor: (896, 384) } event=255 -> AreaKey { scene: 17, anchor: (1216, 832) }
area teleport in scene 17 at frame 6637: (928, 416) -> (1232, 888)
target scene=17 area=(1216, 832) event=255 script=8551 mode=4 state=1 player=(1232, 888) pos=(1248, 880) path=1
learned targeted exit AreaKey { scene: 17, anchor: (1216, 832) } event=255 -> AreaKey { scene: 17, anchor: (896, 384) }
marked destination touch VisitKey { scene: 17, area: (896, 384), event_id: 255, trigger_script: 8555, state: 1 }
learned exit AreaKey { scene: 17, anchor: (1216, 832) } event=255 -> AreaKey { scene: 17, anchor: (896, 384) }
area teleport in scene 17 at frame 6757: (1248, 880) -> (912, 408)
target scene=17 area=(896, 384) event=237 script=9193 mode=2 state=2 player=(912, 408) pos=(784, 216) path=31
target scene=17 area=(896, 384) event=255 script=8555 mode=4 state=1 player=(832, 240) pos=(928, 416) path=32
learned targeted exit AreaKey { scene: 17, anchor: (896, 384) } event=255 -> AreaKey { scene: 17, anchor: (1216, 832) }
marked destination touch VisitKey { scene: 17, area: (1216, 832), event_id: 255, trigger_script: 8551, state: 1 }
learned exit AreaKey { scene: 17, anchor: (896, 384) } event=255 -> AreaKey { scene: 17, anchor: (1216, 832) }
area teleport in scene 17 at frame 6939: (928, 416) -> (1232, 888)
target scene=17 area=(1216, 832) event=253 script=8540 mode=4 state=1 player=(1232, 888) pos=(1232, 904) path=2
learned targeted exit AreaKey { scene: 17, anchor: (1216, 832) } event=253 -> AreaKey { scene: 17, anchor: (1408, 960) }
marked destination touch VisitKey { scene: 17, area: (1408, 960), event_id: 253, trigger_script: 8537, state: 1 }
learned exit AreaKey { scene: 17, anchor: (1216, 832) } event=253 -> AreaKey { scene: 17, anchor: (1408, 960) }
area teleport in scene 17 at frame 6968: (1232, 904) -> (1440, 1008)
target scene=17 area=(1408, 960) event=252 script=8530 mode=4 state=1 player=(1440, 1008) pos=(1440, 1056) path=6
learned targeted exit AreaKey { scene: 17, anchor: (1408, 960) } event=252 -> AreaKey { scene: 17, anchor: (1024, 1216) }
marked destination touch VisitKey { scene: 17, area: (1024, 1216), event_id: 252, trigger_script: 8533, state: 1 }
learned exit AreaKey { scene: 17, anchor: (1408, 960) } event=252 -> AreaKey { scene: 17, anchor: (1024, 1216) }
area teleport in scene 17 at frame 7025: (1440, 1056) -> (1040, 1256)
target scene=17 area=(1024, 1216) event=252 script=8533 mode=4 state=1 player=(1040, 1256) pos=(1056, 1248) path=1
learned targeted exit AreaKey { scene: 17, anchor: (1024, 1216) } event=252 -> AreaKey { scene: 17, anchor: (1408, 1024) }
marked destination touch VisitKey { scene: 17, area: (1408, 1024), event_id: 252, trigger_script: 8530, state: 1 }
learned exit AreaKey { scene: 17, anchor: (1024, 1216) } event=252 -> AreaKey { scene: 17, anchor: (1408, 1024) }
area teleport in scene 17 at frame 7077: (1056, 1248) -> (1456, 1048)
target scene=17 area=(1408, 1024) event=251 script=8524 mode=4 state=1 player=(1456, 1048) pos=(1456, 1144) path=16
learned targeted exit AreaKey { scene: 17, anchor: (1408, 1024) } event=251 -> AreaKey { scene: 17, anchor: (1280, 768) }
marked destination touch VisitKey { scene: 17, area: (1280, 768), event_id: 251, trigger_script: 8519, state: 1 }
learned exit AreaKey { scene: 17, anchor: (1408, 1024) } event=251 -> AreaKey { scene: 17, anchor: (1280, 768) }
area teleport in scene 17 at frame 7176: (1456, 1144) -> (1280, 816)
target scene=17 area=(1280, 768) event=251 script=8519 mode=4 state=1 player=(1280, 816) pos=(1296, 824) path=1
learned targeted exit AreaKey { scene: 17, anchor: (1280, 768) } event=251 -> AreaKey { scene: 17, anchor: (1472, 1152) }
marked destination touch VisitKey { scene: 17, area: (1472, 1152), event_id: 251, trigger_script: 8524, state: 1 }
learned exit AreaKey { scene: 17, anchor: (1280, 768) } event=251 -> AreaKey { scene: 17, anchor: (1472, 1152) }
area teleport in scene 17 at frame 7260: (1296, 824) -> (1472, 1152)
target scene=17 area=(1472, 1152) event=251 script=8524 mode=4 state=1 player=(1472, 1152) pos=(1456, 1144) path=1
learned targeted exit AreaKey { scene: 17, anchor: (1472, 1152) } event=251 -> AreaKey { scene: 17, anchor: (1280, 768) }
marked destination touch VisitKey { scene: 17, area: (1280, 768), event_id: 251, trigger_script: 8519, state: 1 }
learned exit AreaKey { scene: 17, anchor: (1472, 1152) } event=251 -> AreaKey { scene: 17, anchor: (1280, 768) }
area teleport in scene 17 at frame 7344: (1456, 1144) -> (1280, 816)
target scene=17 area=(1280, 768) event=251 script=8519 mode=4 state=1 player=(1280, 816) pos=(1296, 824) path=1
learned targeted exit AreaKey { scene: 17, anchor: (1280, 768) } event=251 -> AreaKey { scene: 17, anchor: (1472, 1152) }
marked destination touch VisitKey { scene: 17, area: (1472, 1152), event_id: 251, trigger_script: 8524, state: 1 }
learned exit AreaKey { scene: 17, anchor: (1280, 768) } event=251 -> AreaKey { scene: 17, anchor: (1472, 1152) }
area teleport in scene 17 at frame 7428: (1296, 824) -> (1472, 1152)
target scene=17 area=(1472, 1152) event=252 script=8530 mode=4 state=1 player=(1472, 1152) pos=(1440, 1056) path=16
learned targeted exit AreaKey { scene: 17, anchor: (1472, 1152) } event=252 -> AreaKey { scene: 17, anchor: (1024, 1216) }
marked destination touch VisitKey { scene: 17, area: (1024, 1216), event_id: 252, trigger_script: 8533, state: 1 }
learned exit AreaKey { scene: 17, anchor: (1472, 1152) } event=252 -> AreaKey { scene: 17, anchor: (1024, 1216) }
area teleport in scene 17 at frame 7495: (1440, 1056) -> (1040, 1256)
target scene=17 area=(1024, 1216) event=252 script=8533 mode=4 state=1 player=(1040, 1256) pos=(1056, 1248) path=1
learned targeted exit AreaKey { scene: 17, anchor: (1024, 1216) } event=252 -> AreaKey { scene: 17, anchor: (1408, 1024) }
marked destination touch VisitKey { scene: 17, area: (1408, 1024), event_id: 252, trigger_script: 8530, state: 1 }
learned exit AreaKey { scene: 17, anchor: (1024, 1216) } event=252 -> AreaKey { scene: 17, anchor: (1408, 1024) }
area teleport in scene 17 at frame 7547: (1056, 1248) -> (1456, 1048)
target scene=17 area=(1408, 1024) event=253 script=8537 mode=4 state=1 player=(1456, 1048) pos=(1424, 1000) path=6
learned targeted exit AreaKey { scene: 17, anchor: (1408, 1024) } event=253 -> AreaKey { scene: 17, anchor: (1216, 896) }
marked destination touch VisitKey { scene: 17, area: (1216, 896), event_id: 253, trigger_script: 8540, state: 1 }
learned exit AreaKey { scene: 17, anchor: (1408, 1024) } event=253 -> AreaKey { scene: 17, anchor: (1216, 896) }
area teleport in scene 17 at frame 7580: (1424, 1000) -> (1216, 896)
target scene=17 area=(1216, 896) event=254 script=8544 mode=4 state=1 player=(1216, 896) pos=(1184, 880) path=2
learned targeted exit AreaKey { scene: 17, anchor: (1216, 896) } event=254 -> AreaKey { scene: 17, anchor: (1088, 832) }
marked destination touch VisitKey { scene: 17, area: (1088, 832), event_id: 254, trigger_script: 8547, state: 1 }
learned exit AreaKey { scene: 17, anchor: (1216, 896) } event=254 -> AreaKey { scene: 17, anchor: (1088, 832) }
area teleport in scene 17 at frame 7595: (1184, 880) -> (1088, 832)
target scene=17 area=(1088, 832) event=258 script=8576 mode=4 state=1 player=(1088, 832) pos=(1088, 736) path=14
learned targeted exit AreaKey { scene: 17, anchor: (1088, 832) } event=258 -> AreaKey { scene: 17, anchor: (512, 512) }
marked destination touch VisitKey { scene: 17, area: (512, 512), event_id: 258, trigger_script: 8580, state: 1 }
learned exit AreaKey { scene: 17, anchor: (1088, 832) } event=258 -> AreaKey { scene: 17, anchor: (512, 512) }
area teleport in scene 17 at frame 7678: (1088, 736) -> (544, 544)
target scene=17 area=(512, 512) event=258 script=8580 mode=4 state=1 player=(544, 544) pos=(560, 552) path=1
learned targeted exit AreaKey { scene: 17, anchor: (512, 512) } event=258 -> AreaKey { scene: 17, anchor: (1088, 704) }
marked destination touch VisitKey { scene: 17, area: (1088, 704), event_id: 258, trigger_script: 8576, state: 1 }
learned exit AreaKey { scene: 17, anchor: (512, 512) } event=258 -> AreaKey { scene: 17, anchor: (1088, 704) }
area teleport in scene 17 at frame 7748: (560, 552) -> (1104, 728)
target scene=17 area=(1088, 704) event=259 script=8585 mode=4 state=1 player=(1104, 728) pos=(1136, 600) path=16
learned targeted exit AreaKey { scene: 17, anchor: (1088, 704) } event=259 -> AreaKey { scene: 17, anchor: (832, 448) }
marked destination touch VisitKey { scene: 17, area: (832, 448), event_id: 259, trigger_script: 8588, state: 1 }
learned exit AreaKey { scene: 17, anchor: (1088, 704) } event=259 -> AreaKey { scene: 17, anchor: (832, 448) }
area teleport in scene 17 at frame 7803: (1136, 600) -> (832, 448)
target scene=17 area=(832, 448) event=259 script=8588 mode=4 state=1 player=(832, 448) pos=(848, 456) path=1
learned targeted exit AreaKey { scene: 17, anchor: (832, 448) } event=259 -> AreaKey { scene: 17, anchor: (1152, 576) }
marked destination touch VisitKey { scene: 17, area: (1152, 576), event_id: 259, trigger_script: 8585, state: 1 }
learned exit AreaKey { scene: 17, anchor: (832, 448) } event=259 -> AreaKey { scene: 17, anchor: (1152, 576) }
area teleport in scene 17 at frame 7843: (848, 456) -> (1152, 608)
target scene=17 area=(1152, 576) event=259 script=8585 mode=4 state=1 player=(1152, 608) pos=(1136, 600) path=1
learned targeted exit AreaKey { scene: 17, anchor: (1152, 576) } event=259 -> AreaKey { scene: 17, anchor: (832, 448) }
marked destination touch VisitKey { scene: 17, area: (832, 448), event_id: 259, trigger_script: 8588, state: 1 }
learned exit AreaKey { scene: 17, anchor: (1152, 576) } event=259 -> AreaKey { scene: 17, anchor: (832, 448) }
area teleport in scene 17 at frame 7883: (1136, 600) -> (832, 448)
target scene=17 area=(832, 448) event=259 script=8588 mode=4 state=1 player=(832, 448) pos=(848, 456) path=1
learned targeted exit AreaKey { scene: 17, anchor: (832, 448) } event=259 -> AreaKey { scene: 17, anchor: (1152, 576) }
marked destination touch VisitKey { scene: 17, area: (1152, 576), event_id: 259, trigger_script: 8585, state: 1 }
learned exit AreaKey { scene: 17, anchor: (832, 448) } event=259 -> AreaKey { scene: 17, anchor: (1152, 576) }
area teleport in scene 17 at frame 7923: (848, 456) -> (1152, 608)
target scene=17 area=(1152, 576) event=259 script=8585 mode=4 state=1 player=(1152, 608) pos=(1136, 600) path=1
learned targeted exit AreaKey { scene: 17, anchor: (1152, 576) } event=259 -> AreaKey { scene: 17, anchor: (832, 448) }
marked destination touch VisitKey { scene: 17, area: (832, 448), event_id: 259, trigger_script: 8588, state: 1 }
learned exit AreaKey { scene: 17, anchor: (1152, 576) } event=259 -> AreaKey { scene: 17, anchor: (832, 448) }
area teleport in scene 17 at frame 7963: (1136, 600) -> (832, 448)
target scene=17 area=(832, 448) event=259 script=8588 mode=4 state=1 player=(832, 448) pos=(848, 456) path=1
learned targeted exit AreaKey { scene: 17, anchor: (832, 448) } event=259 -> AreaKey { scene: 17, anchor: (1152, 576) }
marked destination touch VisitKey { scene: 17, area: (1152, 576), event_id: 259, trigger_script: 8585, state: 1 }
learned exit AreaKey { scene: 17, anchor: (832, 448) } event=259 -> AreaKey { scene: 17, anchor: (1152, 576) }
area teleport in scene 17 at frame 8003: (848, 456) -> (1152, 608)
target scene=17 area=(1152, 576) event=258 script=8576 mode=4 state=1 player=(1152, 608) pos=(1088, 736) path=16
learned targeted exit AreaKey { scene: 17, anchor: (1152, 576) } event=258 -> AreaKey { scene: 17, anchor: (512, 512) }
marked destination touch VisitKey { scene: 17, area: (512, 512), event_id: 258, trigger_script: 8580, state: 1 }
learned exit AreaKey { scene: 17, anchor: (1152, 576) } event=258 -> AreaKey { scene: 17, anchor: (512, 512) }
area teleport in scene 17 at frame 8088: (1088, 736) -> (544, 544)
target scene=17 area=(512, 512) event=258 script=8580 mode=4 state=1 player=(544, 544) pos=(560, 552) path=1
learned targeted exit AreaKey { scene: 17, anchor: (512, 512) } event=258 -> AreaKey { scene: 17, anchor: (1088, 704) }
marked destination touch VisitKey { scene: 17, area: (1088, 704), event_id: 258, trigger_script: 8576, state: 1 }
learned exit AreaKey { scene: 17, anchor: (512, 512) } event=258 -> AreaKey { scene: 17, anchor: (1088, 704) }
area teleport in scene 17 at frame 8158: (560, 552) -> (1104, 728)
target scene=17 area=(1088, 704) event=254 script=8547 mode=4 state=1 player=(1104, 728) pos=(1104, 840) path=14
learned targeted exit AreaKey { scene: 17, anchor: (1088, 704) } event=254 -> AreaKey { scene: 17, anchor: (1152, 832) }
marked destination touch VisitKey { scene: 17, area: (1152, 832), event_id: 254, trigger_script: 8544, state: 1 }
learned exit AreaKey { scene: 17, anchor: (1088, 704) } event=254 -> AreaKey { scene: 17, anchor: (1152, 832) }
area teleport in scene 17 at frame 8185: (1104, 840) -> (1200, 888)
target scene=17 area=(1152, 832) event=254 script=8544 mode=4 state=1 player=(1200, 888) pos=(1184, 880) path=1
learned targeted exit AreaKey { scene: 17, anchor: (1152, 832) } event=254 -> AreaKey { scene: 17, anchor: (1088, 832) }
marked destination touch VisitKey { scene: 17, area: (1088, 832), event_id: 254, trigger_script: 8547, state: 1 }
learned exit AreaKey { scene: 17, anchor: (1152, 832) } event=254 -> AreaKey { scene: 17, anchor: (1088, 832) }
area teleport in scene 17 at frame 8199: (1184, 880) -> (1088, 832)
target scene=17 area=(1088, 832) event=254 script=8547 mode=4 state=1 player=(1088, 832) pos=(1104, 840) path=1
learned targeted exit AreaKey { scene: 17, anchor: (1088, 832) } event=254 -> AreaKey { scene: 17, anchor: (1152, 832) }
marked destination touch VisitKey { scene: 17, area: (1152, 832), event_id: 254, trigger_script: 8544, state: 1 }
learned exit AreaKey { scene: 17, anchor: (1088, 832) } event=254 -> AreaKey { scene: 17, anchor: (1152, 832) }
area teleport in scene 17 at frame 8213: (1104, 840) -> (1200, 888)
target scene=17 area=(1152, 832) event=253 script=8540 mode=4 state=1 player=(1200, 888) pos=(1232, 904) path=2
learned targeted exit AreaKey { scene: 17, anchor: (1152, 832) } event=253 -> AreaKey { scene: 17, anchor: (1408, 960) }
marked destination touch VisitKey { scene: 17, area: (1408, 960), event_id: 253, trigger_script: 8537, state: 1 }
learned exit AreaKey { scene: 17, anchor: (1152, 832) } event=253 -> AreaKey { scene: 17, anchor: (1408, 960) }
area teleport in scene 17 at frame 8242: (1232, 904) -> (1440, 1008)
target scene=17 area=(1408, 960) event=253 script=8537 mode=4 state=1 player=(1440, 1008) pos=(1424, 1000) path=1
learned targeted exit AreaKey { scene: 17, anchor: (1408, 960) } event=253 -> AreaKey { scene: 17, anchor: (1216, 896) }
marked destination touch VisitKey { scene: 17, area: (1216, 896), event_id: 253, trigger_script: 8540, state: 1 }
learned exit AreaKey { scene: 17, anchor: (1408, 960) } event=253 -> AreaKey { scene: 17, anchor: (1216, 896) }
area teleport in scene 17 at frame 8270: (1424, 1000) -> (1216, 896)
target scene=17 area=(1216, 896) event=255 script=8551 mode=4 state=1 player=(1216, 896) pos=(1248, 880) path=2
learned targeted exit AreaKey { scene: 17, anchor: (1216, 896) } event=255 -> AreaKey { scene: 17, anchor: (896, 384) }
marked destination touch VisitKey { scene: 17, area: (896, 384), event_id: 255, trigger_script: 8555, state: 1 }
learned exit AreaKey { scene: 17, anchor: (1216, 896) } event=255 -> AreaKey { scene: 17, anchor: (896, 384) }
area teleport in scene 17 at frame 8391: (1248, 880) -> (912, 408)
target scene=17 area=(896, 384) event=237 script=9193 mode=2 state=2 player=(912, 408) pos=(784, 216) path=31
target scene=17 area=(896, 384) event=255 script=8555 mode=4 state=1 player=(832, 240) pos=(928, 416) path=32
learned targeted exit AreaKey { scene: 17, anchor: (896, 384) } event=255 -> AreaKey { scene: 17, anchor: (1216, 832) }
marked destination touch VisitKey { scene: 17, area: (1216, 832), event_id: 255, trigger_script: 8551, state: 1 }
learned exit AreaKey { scene: 17, anchor: (896, 384) } event=255 -> AreaKey { scene: 17, anchor: (1216, 832) }
area teleport in scene 17 at frame 8573: (928, 416) -> (1232, 888)
target scene=17 area=(1216, 832) event=255 script=8551 mode=4 state=1 player=(1232, 888) pos=(1248, 880) path=1
learned targeted exit AreaKey { scene: 17, anchor: (1216, 832) } event=255 -> AreaKey { scene: 17, anchor: (896, 384) }
marked destination touch VisitKey { scene: 17, area: (896, 384), event_id: 255, trigger_script: 8555, state: 1 }
learned exit AreaKey { scene: 17, anchor: (1216, 832) } event=255 -> AreaKey { scene: 17, anchor: (896, 384) }
area teleport in scene 17 at frame 8693: (1248, 880) -> (912, 408)
target scene=17 area=(896, 384) event=237 script=9193 mode=2 state=2 player=(912, 408) pos=(784, 216) path=31
target scene=17 area=(896, 384) event=255 script=8555 mode=4 state=1 player=(832, 240) pos=(928, 416) path=32
learned targeted exit AreaKey { scene: 17, anchor: (896, 384) } event=255 -> AreaKey { scene: 17, anchor: (1216, 832) }
marked destination touch VisitKey { scene: 17, area: (1216, 832), event_id: 255, trigger_script: 8551, state: 1 }
learned exit AreaKey { scene: 17, anchor: (896, 384) } event=255 -> AreaKey { scene: 17, anchor: (1216, 832) }
area teleport in scene 17 at frame 8875: (928, 416) -> (1232, 888)
target scene=17 area=(1216, 832) event=253 script=8540 mode=4 state=1 player=(1232, 888) pos=(1232, 904) path=2
learned targeted exit AreaKey { scene: 17, anchor: (1216, 832) } event=253 -> AreaKey { scene: 17, anchor: (1408, 960) }
marked destination touch VisitKey { scene: 17, area: (1408, 960), event_id: 253, trigger_script: 8537, state: 1 }
learned exit AreaKey { scene: 17, anchor: (1216, 832) } event=253 -> AreaKey { scene: 17, anchor: (1408, 960) }
area teleport in scene 17 at frame 8904: (1232, 904) -> (1440, 1008)
target scene=17 area=(1408, 960) event=252 script=8530 mode=4 state=1 player=(1440, 1008) pos=(1440, 1056) path=6
learned targeted exit AreaKey { scene: 17, anchor: (1408, 960) } event=252 -> AreaKey { scene: 17, anchor: (1024, 1216) }
marked destination touch VisitKey { scene: 17, area: (1024, 1216), event_id: 252, trigger_script: 8533, state: 1 }
learned exit AreaKey { scene: 17, anchor: (1408, 960) } event=252 -> AreaKey { scene: 17, anchor: (1024, 1216) }
area teleport in scene 17 at frame 8961: (1440, 1056) -> (1040, 1256)
target scene=17 area=(1024, 1216) event=252 script=8533 mode=4 state=1 player=(1040, 1256) pos=(1056, 1248) path=1
learned targeted exit AreaKey { scene: 17, anchor: (1024, 1216) } event=252 -> AreaKey { scene: 17, anchor: (1408, 1024) }
marked destination touch VisitKey { scene: 17, area: (1408, 1024), event_id: 252, trigger_script: 8530, state: 1 }
learned exit AreaKey { scene: 17, anchor: (1024, 1216) } event=252 -> AreaKey { scene: 17, anchor: (1408, 1024) }
area teleport in scene 17 at frame 9013: (1056, 1248) -> (1456, 1048)
target scene=17 area=(1408, 1024) event=251 script=8524 mode=4 state=1 player=(1456, 1048) pos=(1456, 1144) path=16
learned targeted exit AreaKey { scene: 17, anchor: (1408, 1024) } event=251 -> AreaKey { scene: 17, anchor: (1280, 768) }
marked destination touch VisitKey { scene: 17, area: (1280, 768), event_id: 251, trigger_script: 8519, state: 1 }
learned exit AreaKey { scene: 17, anchor: (1408, 1024) } event=251 -> AreaKey { scene: 17, anchor: (1280, 768) }
area teleport in scene 17 at frame 9112: (1456, 1144) -> (1280, 816)
target scene=17 area=(1280, 768) event=251 script=8519 mode=4 state=1 player=(1280, 816) pos=(1296, 824) path=1
learned targeted exit AreaKey { scene: 17, anchor: (1280, 768) } event=251 -> AreaKey { scene: 17, anchor: (1472, 1152) }
marked destination touch VisitKey { scene: 17, area: (1472, 1152), event_id: 251, trigger_script: 8524, state: 1 }
learned exit AreaKey { scene: 17, anchor: (1280, 768) } event=251 -> AreaKey { scene: 17, anchor: (1472, 1152) }
area teleport in scene 17 at frame 9196: (1296, 824) -> (1472, 1152)
target scene=17 area=(1472, 1152) event=251 script=8524 mode=4 state=1 player=(1472, 1152) pos=(1456, 1144) path=1
learned targeted exit AreaKey { scene: 17, anchor: (1472, 1152) } event=251 -> AreaKey { scene: 17, anchor: (1280, 768) }
marked destination touch VisitKey { scene: 17, area: (1280, 768), event_id: 251, trigger_script: 8519, state: 1 }
learned exit AreaKey { scene: 17, anchor: (1472, 1152) } event=251 -> AreaKey { scene: 17, anchor: (1280, 768) }
area teleport in scene 17 at frame 9280: (1456, 1144) -> (1280, 816)
target scene=17 area=(1280, 768) event=251 script=8519 mode=4 state=1 player=(1280, 816) pos=(1296, 824) path=1
learned targeted exit AreaKey { scene: 17, anchor: (1280, 768) } event=251 -> AreaKey { scene: 17, anchor: (1472, 1152) }
marked destination touch VisitKey { scene: 17, area: (1472, 1152), event_id: 251, trigger_script: 8524, state: 1 }
learned exit AreaKey { scene: 17, anchor: (1280, 768) } event=251 -> AreaKey { scene: 17, anchor: (1472, 1152) }
area teleport in scene 17 at frame 9364: (1296, 824) -> (1472, 1152)
target scene=17 area=(1472, 1152) event=252 script=8530 mode=4 state=1 player=(1472, 1152) pos=(1440, 1056) path=16
learned targeted exit AreaKey { scene: 17, anchor: (1472, 1152) } event=252 -> AreaKey { scene: 17, anchor: (1024, 1216) }
marked destination touch VisitKey { scene: 17, area: (1024, 1216), event_id: 252, trigger_script: 8533, state: 1 }
learned exit AreaKey { scene: 17, anchor: (1472, 1152) } event=252 -> AreaKey { scene: 17, anchor: (1024, 1216) }
area teleport in scene 17 at frame 9431: (1440, 1056) -> (1040, 1256)
target scene=17 area=(1024, 1216) event=252 script=8533 mode=4 state=1 player=(1040, 1256) pos=(1056, 1248) path=1
learned targeted exit AreaKey { scene: 17, anchor: (1024, 1216) } event=252 -> AreaKey { scene: 17, anchor: (1408, 1024) }
marked destination touch VisitKey { scene: 17, area: (1408, 1024), event_id: 252, trigger_script: 8530, state: 1 }
learned exit AreaKey { scene: 17, anchor: (1024, 1216) } event=252 -> AreaKey { scene: 17, anchor: (1408, 1024) }
area teleport in scene 17 at frame 9483: (1056, 1248) -> (1456, 1048)
target scene=17 area=(1408, 1024) event=253 script=8537 mode=4 state=1 player=(1456, 1048) pos=(1424, 1000) path=6
learned targeted exit AreaKey { scene: 17, anchor: (1408, 1024) } event=253 -> AreaKey { scene: 17, anchor: (1216, 896) }
marked destination touch VisitKey { scene: 17, area: (1216, 896), event_id: 253, trigger_script: 8540, state: 1 }
learned exit AreaKey { scene: 17, anchor: (1408, 1024) } event=253 -> AreaKey { scene: 17, anchor: (1216, 896) }
area teleport in scene 17 at frame 9516: (1424, 1000) -> (1216, 896)
target scene=17 area=(1216, 896) event=254 script=8544 mode=4 state=1 player=(1216, 896) pos=(1184, 880) path=2
learned targeted exit AreaKey { scene: 17, anchor: (1216, 896) } event=254 -> AreaKey { scene: 17, anchor: (1088, 832) }
marked destination touch VisitKey { scene: 17, area: (1088, 832), event_id: 254, trigger_script: 8547, state: 1 }
learned exit AreaKey { scene: 17, anchor: (1216, 896) } event=254 -> AreaKey { scene: 17, anchor: (1088, 832) }
area teleport in scene 17 at frame 9531: (1184, 880) -> (1088, 832)
target scene=17 area=(1088, 832) event=256 script=8560 mode=4 state=1 player=(1088, 832) pos=(1232, 776) path=9
learned targeted exit AreaKey { scene: 17, anchor: (1088, 832) } event=256 -> AreaKey { scene: 17, anchor: (1280, 512) }
marked destination touch VisitKey { scene: 17, area: (1280, 512), event_id: 256, trigger_script: 8564, state: 1 }
learned exit AreaKey { scene: 17, anchor: (1088, 832) } event=256 -> AreaKey { scene: 17, anchor: (1280, 512) }
area teleport in scene 17 at frame 9593: (1232, 776) -> (1328, 568)
target scene=17 area=(1280, 512) event=264 script=887 mode=1 state=2 player=(1328, 568) pos=(1408, 432) path=44
marked destination touch VisitKey { scene: 17, area: (1024, 448), event_id: 260, trigger_script: 8595, state: 1 }
learned exit AreaKey { scene: 17, anchor: (1280, 512) } event=260 -> AreaKey { scene: 17, anchor: (1024, 448) }
area teleport in scene 17 at frame 9623: (1280, 560) -> (1072, 456)
target scene=17 area=(1024, 448) event=264 script=887 mode=1 state=2 player=(1072, 456) pos=(1408, 432) path=24
target scene=17 area=(1024, 448) event=260 script=8595 mode=4 state=1 player=(1392, 424) pos=(1104, 472) path=26
learned targeted exit AreaKey { scene: 17, anchor: (1024, 448) } event=260 -> AreaKey { scene: 17, anchor: (1280, 512) }
marked destination touch VisitKey { scene: 17, area: (1280, 512), event_id: 260, trigger_script: 8601, state: 1 }
learned exit AreaKey { scene: 17, anchor: (1024, 448) } event=260 -> AreaKey { scene: 17, anchor: (1280, 512) }
area teleport in scene 17 at frame 9698: (1104, 472) -> (1296, 568)
target scene=17 area=(1280, 512) event=260 script=8601 mode=4 state=1 player=(1296, 568) pos=(1280, 560) path=1
learned targeted exit AreaKey { scene: 17, anchor: (1280, 512) } event=260 -> AreaKey { scene: 17, anchor: (1088, 448) }
marked destination touch VisitKey { scene: 17, area: (1088, 448), event_id: 260, trigger_script: 8595, state: 1 }
learned exit AreaKey { scene: 17, anchor: (1280, 512) } event=260 -> AreaKey { scene: 17, anchor: (1088, 448) }
area teleport in scene 17 at frame 9724: (1280, 560) -> (1088, 464)
target scene=17 area=(1088, 448) event=264 script=887 mode=1 state=2 player=(1088, 464) pos=(1408, 432) path=25
target scene=17 area=(1088, 448) event=260 script=8595 mode=4 state=1 player=(1392, 424) pos=(1104, 472) path=26
learned targeted exit AreaKey { scene: 17, anchor: (1088, 448) } event=260 -> AreaKey { scene: 17, anchor: (1280, 512) }
marked destination touch VisitKey { scene: 17, area: (1280, 512), event_id: 260, trigger_script: 8601, state: 1 }
learned exit AreaKey { scene: 17, anchor: (1088, 448) } event=260 -> AreaKey { scene: 17, anchor: (1280, 512) }
area teleport in scene 17 at frame 9800: (1104, 472) -> (1296, 568)
target scene=17 area=(1280, 512) event=257 script=8569 mode=4 state=1 player=(1296, 568) pos=(1344, 560) path=3
learned targeted exit AreaKey { scene: 17, anchor: (1280, 512) } event=257 -> AreaKey { scene: 17, anchor: (1408, 512) }
marked destination touch VisitKey { scene: 17, area: (1408, 512), event_id: 256, trigger_script: 8564, state: 1 }
learned exit AreaKey { scene: 17, anchor: (1280, 512) } event=256 -> AreaKey { scene: 17, anchor: (1408, 512) }
marked destination touch VisitKey { scene: 17, area: (1408, 512), event_id: 257, trigger_script: 8572, state: 1 }
learned exit AreaKey { scene: 17, anchor: (1280, 512) } event=257 -> AreaKey { scene: 17, anchor: (1408, 512) }
area teleport in scene 17 at frame 9814: (1344, 560) -> (1424, 520)
target scene=17 area=(1408, 512) event=257 script=8572 mode=4 state=1 player=(1424, 520) pos=(1408, 528) path=1
learned targeted exit AreaKey { scene: 17, anchor: (1408, 512) } event=257 -> AreaKey { scene: 17, anchor: (1280, 512) }
marked destination touch VisitKey { scene: 17, area: (1280, 512), event_id: 257, trigger_script: 8569, state: 1 }
learned exit AreaKey { scene: 17, anchor: (1408, 512) } event=257 -> AreaKey { scene: 17, anchor: (1280, 512) }
area teleport in scene 17 at frame 9826: (1408, 528) -> (1328, 568)
target scene=17 area=(1280, 512) event=264 script=887 mode=1 state=2 player=(1328, 568) pos=(1408, 432) path=44
marked destination touch VisitKey { scene: 17, area: (1024, 448), event_id: 260, trigger_script: 8595, state: 1 }
learned exit AreaKey { scene: 17, anchor: (1280, 512) } event=260 -> AreaKey { scene: 17, anchor: (1024, 448) }
area teleport in scene 17 at frame 9856: (1280, 560) -> (1072, 456)
target scene=17 area=(1024, 448) event=264 script=887 mode=1 state=2 player=(1072, 456) pos=(1408, 432) path=24
target scene=17 area=(1024, 448) event=260 script=8595 mode=4 state=1 player=(1392, 424) pos=(1104, 472) path=26
learned targeted exit AreaKey { scene: 17, anchor: (1024, 448) } event=260 -> AreaKey { scene: 17, anchor: (1280, 512) }
marked destination touch VisitKey { scene: 17, area: (1280, 512), event_id: 260, trigger_script: 8601, state: 1 }
learned exit AreaKey { scene: 17, anchor: (1024, 448) } event=260 -> AreaKey { scene: 17, anchor: (1280, 512) }
area teleport in scene 17 at frame 9931: (1104, 472) -> (1296, 568)
target scene=17 area=(1280, 512) event=256 script=8564 mode=4 state=1 player=(1296, 568) pos=(1344, 576) path=3
learned targeted exit AreaKey { scene: 17, anchor: (1280, 512) } event=256 -> AreaKey { scene: 17, anchor: (1216, 768) }
marked destination touch VisitKey { scene: 17, area: (1216, 768), event_id: 256, trigger_script: 8560, state: 1 }
learned exit AreaKey { scene: 17, anchor: (1280, 512) } event=256 -> AreaKey { scene: 17, anchor: (1216, 768) }
marked destination touch VisitKey { scene: 17, area: (1216, 768), event_id: 257, trigger_script: 8569, state: 1 }
learned exit AreaKey { scene: 17, anchor: (1280, 512) } event=257 -> AreaKey { scene: 17, anchor: (1216, 768) }
area teleport in scene 17 at frame 9987: (1344, 576) -> (1216, 784)
target scene=17 area=(1216, 768) event=258 script=8576 mode=4 state=1 player=(1216, 784) pos=(1088, 736) path=8
learned targeted exit AreaKey { scene: 17, anchor: (1216, 768) } event=258 -> AreaKey { scene: 17, anchor: (512, 512) }
marked destination touch VisitKey { scene: 17, area: (512, 512), event_id: 258, trigger_script: 8580, state: 1 }
learned exit AreaKey { scene: 17, anchor: (1216, 768) } event=258 -> AreaKey { scene: 17, anchor: (512, 512) }
area teleport in scene 17 at frame 10064: (1088, 736) -> (544, 544)
target scene=17 area=(512, 512) event=258 script=8580 mode=4 state=1 player=(544, 544) pos=(560, 552) path=1
learned targeted exit AreaKey { scene: 17, anchor: (512, 512) } event=258 -> AreaKey { scene: 17, anchor: (1088, 704) }
marked destination touch VisitKey { scene: 17, area: (1088, 704), event_id: 258, trigger_script: 8576, state: 1 }
learned exit AreaKey { scene: 17, anchor: (512, 512) } event=258 -> AreaKey { scene: 17, anchor: (1088, 704) }
area teleport in scene 17 at frame 10134: (560, 552) -> (1104, 728)
target scene=17 area=(1088, 704) event=254 script=8547 mode=4 state=1 player=(1104, 728) pos=(1104, 840) path=14
learned targeted exit AreaKey { scene: 17, anchor: (1088, 704) } event=254 -> AreaKey { scene: 17, anchor: (1152, 832) }
marked destination touch VisitKey { scene: 17, area: (1152, 832), event_id: 254, trigger_script: 8544, state: 1 }
learned exit AreaKey { scene: 17, anchor: (1088, 704) } event=254 -> AreaKey { scene: 17, anchor: (1152, 832) }
area teleport in scene 17 at frame 10161: (1104, 840) -> (1200, 888)
target scene=17 area=(1152, 832) event=254 script=8544 mode=4 state=1 player=(1200, 888) pos=(1184, 880) path=1
learned targeted exit AreaKey { scene: 17, anchor: (1152, 832) } event=254 -> AreaKey { scene: 17, anchor: (1088, 832) }
marked destination touch VisitKey { scene: 17, area: (1088, 832), event_id: 254, trigger_script: 8547, state: 1 }
learned exit AreaKey { scene: 17, anchor: (1152, 832) } event=254 -> AreaKey { scene: 17, anchor: (1088, 832) }
area teleport in scene 17 at frame 10175: (1184, 880) -> (1088, 832)
target scene=17 area=(1088, 832) event=254 script=8547 mode=4 state=1 player=(1088, 832) pos=(1104, 840) path=1
learned targeted exit AreaKey { scene: 17, anchor: (1088, 832) } event=254 -> AreaKey { scene: 17, anchor: (1152, 832) }
marked destination touch VisitKey { scene: 17, area: (1152, 832), event_id: 254, trigger_script: 8544, state: 1 }
learned exit AreaKey { scene: 17, anchor: (1088, 832) } event=254 -> AreaKey { scene: 17, anchor: (1152, 832) }
area teleport in scene 17 at frame 10189: (1104, 840) -> (1200, 888)
target scene=17 area=(1152, 832) event=253 script=8540 mode=4 state=1 player=(1200, 888) pos=(1232, 904) path=2
learned targeted exit AreaKey { scene: 17, anchor: (1152, 832) } event=253 -> AreaKey { scene: 17, anchor: (1408, 960) }
marked destination touch VisitKey { scene: 17, area: (1408, 960), event_id: 253, trigger_script: 8537, state: 1 }
learned exit AreaKey { scene: 17, anchor: (1152, 832) } event=253 -> AreaKey { scene: 17, anchor: (1408, 960) }
area teleport in scene 17 at frame 10218: (1232, 904) -> (1440, 1008)
target scene=17 area=(1408, 960) event=253 script=8537 mode=4 state=1 player=(1440, 1008) pos=(1424, 1000) path=1
learned targeted exit AreaKey { scene: 17, anchor: (1408, 960) } event=253 -> AreaKey { scene: 17, anchor: (1216, 896) }
marked destination touch VisitKey { scene: 17, area: (1216, 896), event_id: 253, trigger_script: 8540, state: 1 }
learned exit AreaKey { scene: 17, anchor: (1408, 960) } event=253 -> AreaKey { scene: 17, anchor: (1216, 896) }
area teleport in scene 17 at frame 10246: (1424, 1000) -> (1216, 896)
target scene=17 area=(1216, 896) event=255 script=8551 mode=4 state=1 player=(1216, 896) pos=(1248, 880) path=2
learned targeted exit AreaKey { scene: 17, anchor: (1216, 896) } event=255 -> AreaKey { scene: 17, anchor: (896, 384) }
marked destination touch VisitKey { scene: 17, area: (896, 384), event_id: 255, trigger_script: 8555, state: 1 }
learned exit AreaKey { scene: 17, anchor: (1216, 896) } event=255 -> AreaKey { scene: 17, anchor: (896, 384) }
area teleport in scene 17 at frame 10367: (1248, 880) -> (912, 408)
target scene=17 area=(896, 384) event=237 script=9193 mode=2 state=2 player=(912, 408) pos=(784, 216) path=31
target scene=17 area=(896, 384) event=255 script=8555 mode=4 state=1 player=(832, 240) pos=(928, 416) path=32
learned targeted exit AreaKey { scene: 17, anchor: (896, 384) } event=255 -> AreaKey { scene: 17, anchor: (1216, 832) }
marked destination touch VisitKey { scene: 17, area: (1216, 832), event_id: 255, trigger_script: 8551, state: 1 }
learned exit AreaKey { scene: 17, anchor: (896, 384) } event=255 -> AreaKey { scene: 17, anchor: (1216, 832) }
area teleport in scene 17 at frame 10549: (928, 416) -> (1232, 888)
target scene=17 area=(1216, 832) event=255 script=8551 mode=4 state=1 player=(1232, 888) pos=(1248, 880) path=1
learned targeted exit AreaKey { scene: 17, anchor: (1216, 832) } event=255 -> AreaKey { scene: 17, anchor: (896, 384) }
marked destination touch VisitKey { scene: 17, area: (896, 384), event_id: 255, trigger_script: 8555, state: 1 }
learned exit AreaKey { scene: 17, anchor: (1216, 832) } event=255 -> AreaKey { scene: 17, anchor: (896, 384) }
area teleport in scene 17 at frame 10669: (1248, 880) -> (912, 408)
target scene=17 area=(896, 384) event=237 script=9193 mode=2 state=2 player=(912, 408) pos=(784, 216) path=31
target scene=17 area=(896, 384) event=255 script=8555 mode=4 state=1 player=(832, 240) pos=(928, 416) path=32
learned targeted exit AreaKey { scene: 17, anchor: (896, 384) } event=255 -> AreaKey { scene: 17, anchor: (1216, 832) }
marked destination touch VisitKey { scene: 17, area: (1216, 832), event_id: 255, trigger_script: 8551, state: 1 }
learned exit AreaKey { scene: 17, anchor: (896, 384) } event=255 -> AreaKey { scene: 17, anchor: (1216, 832) }
area teleport in scene 17 at frame 10851: (928, 416) -> (1232, 888)
target scene=17 area=(1216, 832) event=253 script=8540 mode=4 state=1 player=(1232, 888) pos=(1232, 904) path=2
learned targeted exit AreaKey { scene: 17, anchor: (1216, 832) } event=253 -> AreaKey { scene: 17, anchor: (1408, 960) }
marked destination touch VisitKey { scene: 17, area: (1408, 960), event_id: 253, trigger_script: 8537, state: 1 }
learned exit AreaKey { scene: 17, anchor: (1216, 832) } event=253 -> AreaKey { scene: 17, anchor: (1408, 960) }
area teleport in scene 17 at frame 10880: (1232, 904) -> (1440, 1008)
target scene=17 area=(1408, 960) event=252 script=8530 mode=4 state=1 player=(1440, 1008) pos=(1440, 1056) path=6
learned targeted exit AreaKey { scene: 17, anchor: (1408, 960) } event=252 -> AreaKey { scene: 17, anchor: (1024, 1216) }
marked destination touch VisitKey { scene: 17, area: (1024, 1216), event_id: 252, trigger_script: 8533, state: 1 }
learned exit AreaKey { scene: 17, anchor: (1408, 960) } event=252 -> AreaKey { scene: 17, anchor: (1024, 1216) }
area teleport in scene 17 at frame 10937: (1440, 1056) -> (1040, 1256)
target scene=17 area=(1024, 1216) event=252 script=8533 mode=4 state=1 player=(1040, 1256) pos=(1056, 1248) path=1
learned targeted exit AreaKey { scene: 17, anchor: (1024, 1216) } event=252 -> AreaKey { scene: 17, anchor: (1408, 1024) }
marked destination touch VisitKey { scene: 17, area: (1408, 1024), event_id: 252, trigger_script: 8530, state: 1 }
learned exit AreaKey { scene: 17, anchor: (1024, 1216) } event=252 -> AreaKey { scene: 17, anchor: (1408, 1024) }
area teleport in scene 17 at frame 10989: (1056, 1248) -> (1456, 1048)
target scene=17 area=(1408, 1024) event=251 script=8524 mode=4 state=1 player=(1456, 1048) pos=(1456, 1144) path=16
learned targeted exit AreaKey { scene: 17, anchor: (1408, 1024) } event=251 -> AreaKey { scene: 17, anchor: (1280, 768) }
marked destination touch VisitKey { scene: 17, area: (1280, 768), event_id: 251, trigger_script: 8519, state: 1 }
learned exit AreaKey { scene: 17, anchor: (1408, 1024) } event=251 -> AreaKey { scene: 17, anchor: (1280, 768) }
area teleport in scene 17 at frame 11088: (1456, 1144) -> (1280, 816)
target scene=17 area=(1280, 768) event=251 script=8519 mode=4 state=1 player=(1280, 816) pos=(1296, 824) path=1
learned targeted exit AreaKey { scene: 17, anchor: (1280, 768) } event=251 -> AreaKey { scene: 17, anchor: (1472, 1152) }
marked destination touch VisitKey { scene: 17, area: (1472, 1152), event_id: 251, trigger_script: 8524, state: 1 }
learned exit AreaKey { scene: 17, anchor: (1280, 768) } event=251 -> AreaKey { scene: 17, anchor: (1472, 1152) }
area teleport in scene 17 at frame 11172: (1296, 824) -> (1472, 1152)
target scene=17 area=(1472, 1152) event=251 script=8524 mode=4 state=1 player=(1472, 1152) pos=(1456, 1144) path=1
learned targeted exit AreaKey { scene: 17, anchor: (1472, 1152) } event=251 -> AreaKey { scene: 17, anchor: (1280, 768) }
marked destination touch VisitKey { scene: 17, area: (1280, 768), event_id: 251, trigger_script: 8519, state: 1 }
learned exit AreaKey { scene: 17, anchor: (1472, 1152) } event=251 -> AreaKey { scene: 17, anchor: (1280, 768) }
area teleport in scene 17 at frame 11256: (1456, 1144) -> (1280, 816)
target scene=17 area=(1280, 768) event=251 script=8519 mode=4 state=1 player=(1280, 816) pos=(1296, 824) path=1
learned targeted exit AreaKey { scene: 17, anchor: (1280, 768) } event=251 -> AreaKey { scene: 17, anchor: (1472, 1152) }
marked destination touch VisitKey { scene: 17, area: (1472, 1152), event_id: 251, trigger_script: 8524, state: 1 }
learned exit AreaKey { scene: 17, anchor: (1280, 768) } event=251 -> AreaKey { scene: 17, anchor: (1472, 1152) }
area teleport in scene 17 at frame 11340: (1296, 824) -> (1472, 1152)
target scene=17 area=(1472, 1152) event=252 script=8530 mode=4 state=1 player=(1472, 1152) pos=(1440, 1056) path=16
learned targeted exit AreaKey { scene: 17, anchor: (1472, 1152) } event=252 -> AreaKey { scene: 17, anchor: (1024, 1216) }
marked destination touch VisitKey { scene: 17, area: (1024, 1216), event_id: 252, trigger_script: 8533, state: 1 }
learned exit AreaKey { scene: 17, anchor: (1472, 1152) } event=252 -> AreaKey { scene: 17, anchor: (1024, 1216) }
area teleport in scene 17 at frame 11407: (1440, 1056) -> (1040, 1256)
target scene=17 area=(1024, 1216) event=252 script=8533 mode=4 state=1 player=(1040, 1256) pos=(1056, 1248) path=1
learned targeted exit AreaKey { scene: 17, anchor: (1024, 1216) } event=252 -> AreaKey { scene: 17, anchor: (1408, 1024) }
marked destination touch VisitKey { scene: 17, area: (1408, 1024), event_id: 252, trigger_script: 8530, state: 1 }
learned exit AreaKey { scene: 17, anchor: (1024, 1216) } event=252 -> AreaKey { scene: 17, anchor: (1408, 1024) }
area teleport in scene 17 at frame 11459: (1056, 1248) -> (1456, 1048)
target scene=17 area=(1408, 1024) event=253 script=8537 mode=4 state=1 player=(1456, 1048) pos=(1424, 1000) path=6
learned targeted exit AreaKey { scene: 17, anchor: (1408, 1024) } event=253 -> AreaKey { scene: 17, anchor: (1216, 896) }
marked destination touch VisitKey { scene: 17, area: (1216, 896), event_id: 253, trigger_script: 8540, state: 1 }
learned exit AreaKey { scene: 17, anchor: (1408, 1024) } event=253 -> AreaKey { scene: 17, anchor: (1216, 896) }
area teleport in scene 17 at frame 11492: (1424, 1000) -> (1216, 896)
target scene=17 area=(1216, 896) event=254 script=8544 mode=4 state=1 player=(1216, 896) pos=(1184, 880) path=2
learned targeted exit AreaKey { scene: 17, anchor: (1216, 896) } event=254 -> AreaKey { scene: 17, anchor: (1088, 832) }
marked destination touch VisitKey { scene: 17, area: (1088, 832), event_id: 254, trigger_script: 8547, state: 1 }
learned exit AreaKey { scene: 17, anchor: (1216, 896) } event=254 -> AreaKey { scene: 17, anchor: (1088, 832) }
area teleport in scene 17 at frame 11507: (1184, 880) -> (1088, 832)
target scene=17 area=(1088, 832) event=258 script=8576 mode=4 state=1 player=(1088, 832) pos=(1088, 736) path=14
learned targeted exit AreaKey { scene: 17, anchor: (1088, 832) } event=258 -> AreaKey { scene: 17, anchor: (512, 512) }
marked destination touch VisitKey { scene: 17, area: (512, 512), event_id: 258, trigger_script: 8580, state: 1 }
learned exit AreaKey { scene: 17, anchor: (1088, 832) } event=258 -> AreaKey { scene: 17, anchor: (512, 512) }
area teleport in scene 17 at frame 11590: (1088, 736) -> (544, 544)
target scene=17 area=(512, 512) event=258 script=8580 mode=4 state=1 player=(544, 544) pos=(560, 552) path=1
learned targeted exit AreaKey { scene: 17, anchor: (512, 512) } event=258 -> AreaKey { scene: 17, anchor: (1088, 704) }
marked destination touch VisitKey { scene: 17, area: (1088, 704), event_id: 258, trigger_script: 8576, state: 1 }
learned exit AreaKey { scene: 17, anchor: (512, 512) } event=258 -> AreaKey { scene: 17, anchor: (1088, 704) }
area teleport in scene 17 at frame 11660: (560, 552) -> (1104, 728)
target scene=17 area=(1088, 704) event=259 script=8585 mode=4 state=1 player=(1104, 728) pos=(1136, 600) path=16
learned targeted exit AreaKey { scene: 17, anchor: (1088, 704) } event=259 -> AreaKey { scene: 17, anchor: (832, 448) }
marked destination touch VisitKey { scene: 17, area: (832, 448), event_id: 259, trigger_script: 8588, state: 1 }
learned exit AreaKey { scene: 17, anchor: (1088, 704) } event=259 -> AreaKey { scene: 17, anchor: (832, 448) }
area teleport in scene 17 at frame 11715: (1136, 600) -> (832, 448)
target scene=17 area=(832, 448) event=259 script=8588 mode=4 state=1 player=(832, 448) pos=(848, 456) path=1
learned targeted exit AreaKey { scene: 17, anchor: (832, 448) } event=259 -> AreaKey { scene: 17, anchor: (1152, 576) }
marked destination touch VisitKey { scene: 17, area: (1152, 576), event_id: 259, trigger_script: 8585, state: 1 }
learned exit AreaKey { scene: 17, anchor: (832, 448) } event=259 -> AreaKey { scene: 17, anchor: (1152, 576) }
area teleport in scene 17 at frame 11755: (848, 456) -> (1152, 608)
target scene=17 area=(1152, 576) event=259 script=8585 mode=4 state=1 player=(1152, 608) pos=(1136, 600) path=1
learned targeted exit AreaKey { scene: 17, anchor: (1152, 576) } event=259 -> AreaKey { scene: 17, anchor: (832, 448) }
marked destination touch VisitKey { scene: 17, area: (832, 448), event_id: 259, trigger_script: 8588, state: 1 }
learned exit AreaKey { scene: 17, anchor: (1152, 576) } event=259 -> AreaKey { scene: 17, anchor: (832, 448) }
area teleport in scene 17 at frame 11795: (1136, 600) -> (832, 448)
target scene=17 area=(832, 448) event=259 script=8588 mode=4 state=1 player=(832, 448) pos=(848, 456) path=1
learned targeted exit AreaKey { scene: 17, anchor: (832, 448) } event=259 -> AreaKey { scene: 17, anchor: (1152, 576) }
marked destination touch VisitKey { scene: 17, area: (1152, 576), event_id: 259, trigger_script: 8585, state: 1 }
learned exit AreaKey { scene: 17, anchor: (832, 448) } event=259 -> AreaKey { scene: 17, anchor: (1152, 576) }
area teleport in scene 17 at frame 11835: (848, 456) -> (1152, 608)
target scene=17 area=(1152, 576) event=259 script=8585 mode=4 state=1 player=(1152, 608) pos=(1136, 600) path=1
learned targeted exit AreaKey { scene: 17, anchor: (1152, 576) } event=259 -> AreaKey { scene: 17, anchor: (832, 448) }
marked destination touch VisitKey { scene: 17, area: (832, 448), event_id: 259, trigger_script: 8588, state: 1 }
learned exit AreaKey { scene: 17, anchor: (1152, 576) } event=259 -> AreaKey { scene: 17, anchor: (832, 448) }
area teleport in scene 17 at frame 11875: (1136, 600) -> (832, 448)
target scene=17 area=(832, 448) event=259 script=8588 mode=4 state=1 player=(832, 448) pos=(848, 456) path=1
learned targeted exit AreaKey { scene: 17, anchor: (832, 448) } event=259 -> AreaKey { scene: 17, anchor: (1152, 576) }
marked destination touch VisitKey { scene: 17, area: (1152, 576), event_id: 259, trigger_script: 8585, state: 1 }
learned exit AreaKey { scene: 17, anchor: (832, 448) } event=259 -> AreaKey { scene: 17, anchor: (1152, 576) }
area teleport in scene 17 at frame 11915: (848, 456) -> (1152, 608)
target scene=17 area=(1152, 576) event=258 script=8576 mode=4 state=1 player=(1152, 608) pos=(1088, 736) path=16
learned targeted exit AreaKey { scene: 17, anchor: (1152, 576) } event=258 -> AreaKey { scene: 17, anchor: (512, 512) }
marked destination touch VisitKey { scene: 17, area: (512, 512), event_id: 258, trigger_script: 8580, state: 1 }
learned exit AreaKey { scene: 17, anchor: (1152, 576) } event=258 -> AreaKey { scene: 17, anchor: (512, 512) }
area teleport in scene 17 at frame 12000: (1088, 736) -> (544, 544)
target scene=17 area=(512, 512) event=258 script=8580 mode=4 state=1 player=(544, 544) pos=(560, 552) path=1
learned targeted exit AreaKey { scene: 17, anchor: (512, 512) } event=258 -> AreaKey { scene: 17, anchor: (1088, 704) }
marked destination touch VisitKey { scene: 17, area: (1088, 704), event_id: 258, trigger_script: 8576, state: 1 }
learned exit AreaKey { scene: 17, anchor: (512, 512) } event=258 -> AreaKey { scene: 17, anchor: (1088, 704) }
area teleport in scene 17 at frame 12070: (560, 552) -> (1104, 728)
target scene=17 area=(1088, 704) event=254 script=8547 mode=4 state=1 player=(1104, 728) pos=(1104, 840) path=14
learned targeted exit AreaKey { scene: 17, anchor: (1088, 704) } event=254 -> AreaKey { scene: 17, anchor: (1152, 832) }
marked destination touch VisitKey { scene: 17, area: (1152, 832), event_id: 254, trigger_script: 8544, state: 1 }
learned exit AreaKey { scene: 17, anchor: (1088, 704) } event=254 -> AreaKey { scene: 17, anchor: (1152, 832) }
area teleport in scene 17 at frame 12097: (1104, 840) -> (1200, 888)
target scene=17 area=(1152, 832) event=254 script=8544 mode=4 state=1 player=(1200, 888) pos=(1184, 880) path=1
learned targeted exit AreaKey { scene: 17, anchor: (1152, 832) } event=254 -> AreaKey { scene: 17, anchor: (1088, 832) }
marked destination touch VisitKey { scene: 17, area: (1088, 832), event_id: 254, trigger_script: 8547, state: 1 }
learned exit AreaKey { scene: 17, anchor: (1152, 832) } event=254 -> AreaKey { scene: 17, anchor: (1088, 832) }
area teleport in scene 17 at frame 12111: (1184, 880) -> (1088, 832)
target scene=17 area=(1088, 832) event=254 script=8547 mode=4 state=1 player=(1088, 832) pos=(1104, 840) path=1
learned targeted exit AreaKey { scene: 17, anchor: (1088, 832) } event=254 -> AreaKey { scene: 17, anchor: (1152, 832) }
marked destination touch VisitKey { scene: 17, area: (1152, 832), event_id: 254, trigger_script: 8544, state: 1 }
learned exit AreaKey { scene: 17, anchor: (1088, 832) } event=254 -> AreaKey { scene: 17, anchor: (1152, 832) }
area teleport in scene 17 at frame 12125: (1104, 840) -> (1200, 888)
target scene=17 area=(1152, 832) event=253 script=8540 mode=4 state=1 player=(1200, 888) pos=(1232, 904) path=2
learned targeted exit AreaKey { scene: 17, anchor: (1152, 832) } event=253 -> AreaKey { scene: 17, anchor: (1408, 960) }
marked destination touch VisitKey { scene: 17, area: (1408, 960), event_id: 253, trigger_script: 8537, state: 1 }
learned exit AreaKey { scene: 17, anchor: (1152, 832) } event=253 -> AreaKey { scene: 17, anchor: (1408, 960) }
area teleport in scene 17 at frame 12154: (1232, 904) -> (1440, 1008)
target scene=17 area=(1408, 960) event=253 script=8537 mode=4 state=1 player=(1440, 1008) pos=(1424, 1000) path=1
learned targeted exit AreaKey { scene: 17, anchor: (1408, 960) } event=253 -> AreaKey { scene: 17, anchor: (1216, 896) }
marked destination touch VisitKey { scene: 17, area: (1216, 896), event_id: 253, trigger_script: 8540, state: 1 }
learned exit AreaKey { scene: 17, anchor: (1408, 960) } event=253 -> AreaKey { scene: 17, anchor: (1216, 896) }
area teleport in scene 17 at frame 12182: (1424, 1000) -> (1216, 896)
target scene=17 area=(1216, 896) event=255 script=8551 mode=4 state=1 player=(1216, 896) pos=(1248, 880) path=2
learned targeted exit AreaKey { scene: 17, anchor: (1216, 896) } event=255 -> AreaKey { scene: 17, anchor: (896, 384) }
marked destination touch VisitKey { scene: 17, area: (896, 384), event_id: 255, trigger_script: 8555, state: 1 }
learned exit AreaKey { scene: 17, anchor: (1216, 896) } event=255 -> AreaKey { scene: 17, anchor: (896, 384) }
area teleport in scene 17 at frame 12303: (1248, 880) -> (912, 408)
target scene=17 area=(896, 384) event=237 script=9193 mode=2 state=2 player=(912, 408) pos=(784, 216) path=31
target scene=17 area=(896, 384) event=255 script=8555 mode=4 state=1 player=(832, 240) pos=(928, 416) path=32
learned targeted exit AreaKey { scene: 17, anchor: (896, 384) } event=255 -> AreaKey { scene: 17, anchor: (1216, 832) }
marked destination touch VisitKey { scene: 17, area: (1216, 832), event_id: 255, trigger_script: 8551, state: 1 }
learned exit AreaKey { scene: 17, anchor: (896, 384) } event=255 -> AreaKey { scene: 17, anchor: (1216, 832) }
area teleport in scene 17 at frame 12485: (928, 416) -> (1232, 888)
target scene=17 area=(1216, 832) event=255 script=8551 mode=4 state=1 player=(1232, 888) pos=(1248, 880) path=1
learned targeted exit AreaKey { scene: 17, anchor: (1216, 832) } event=255 -> AreaKey { scene: 17, anchor: (896, 384) }
marked destination touch VisitKey { scene: 17, area: (896, 384), event_id: 255, trigger_script: 8555, state: 1 }
learned exit AreaKey { scene: 17, anchor: (1216, 832) } event=255 -> AreaKey { scene: 17, anchor: (896, 384) }
area teleport in scene 17 at frame 12605: (1248, 880) -> (912, 408)
target scene=17 area=(896, 384) event=237 script=9193 mode=2 state=2 player=(912, 408) pos=(784, 216) path=31
target scene=17 area=(896, 384) event=255 script=8555 mode=4 state=1 player=(832, 240) pos=(928, 416) path=32
learned targeted exit AreaKey { scene: 17, anchor: (896, 384) } event=255 -> AreaKey { scene: 17, anchor: (1216, 832) }
marked destination touch VisitKey { scene: 17, area: (1216, 832), event_id: 255, trigger_script: 8551, state: 1 }
learned exit AreaKey { scene: 17, anchor: (896, 384) } event=255 -> AreaKey { scene: 17, anchor: (1216, 832) }
area teleport in scene 17 at frame 12787: (928, 416) -> (1232, 888)
target scene=17 area=(1216, 832) event=253 script=8540 mode=4 state=1 player=(1232, 888) pos=(1232, 904) path=2
learned targeted exit AreaKey { scene: 17, anchor: (1216, 832) } event=253 -> AreaKey { scene: 17, anchor: (1408, 960) }
marked destination touch VisitKey { scene: 17, area: (1408, 960), event_id: 253, trigger_script: 8537, state: 1 }
learned exit AreaKey { scene: 17, anchor: (1216, 832) } event=253 -> AreaKey { scene: 17, anchor: (1408, 960) }
area teleport in scene 17 at frame 12816: (1232, 904) -> (1440, 1008)
target scene=17 area=(1408, 960) event=252 script=8530 mode=4 state=1 player=(1440, 1008) pos=(1440, 1056) path=6
learned targeted exit AreaKey { scene: 17, anchor: (1408, 960) } event=252 -> AreaKey { scene: 17, anchor: (1024, 1216) }
marked destination touch VisitKey { scene: 17, area: (1024, 1216), event_id: 252, trigger_script: 8533, state: 1 }
learned exit AreaKey { scene: 17, anchor: (1408, 960) } event=252 -> AreaKey { scene: 17, anchor: (1024, 1216) }
area teleport in scene 17 at frame 12873: (1440, 1056) -> (1040, 1256)
target scene=17 area=(1024, 1216) event=252 script=8533 mode=4 state=1 player=(1040, 1256) pos=(1056, 1248) path=1
learned targeted exit AreaKey { scene: 17, anchor: (1024, 1216) } event=252 -> AreaKey { scene: 17, anchor: (1408, 1024) }
marked destination touch VisitKey { scene: 17, area: (1408, 1024), event_id: 252, trigger_script: 8530, state: 1 }
learned exit AreaKey { scene: 17, anchor: (1024, 1216) } event=252 -> AreaKey { scene: 17, anchor: (1408, 1024) }
area teleport in scene 17 at frame 12925: (1056, 1248) -> (1456, 1048)
target scene=17 area=(1408, 1024) event=251 script=8524 mode=4 state=1 player=(1456, 1048) pos=(1456, 1144) path=16
learned targeted exit AreaKey { scene: 17, anchor: (1408, 1024) } event=251 -> AreaKey { scene: 17, anchor: (1280, 768) }
marked destination touch VisitKey { scene: 17, area: (1280, 768), event_id: 251, trigger_script: 8519, state: 1 }
learned exit AreaKey { scene: 17, anchor: (1408, 1024) } event=251 -> AreaKey { scene: 17, anchor: (1280, 768) }
area teleport in scene 17 at frame 13024: (1456, 1144) -> (1280, 816)
target scene=17 area=(1280, 768) event=251 script=8519 mode=4 state=1 player=(1280, 816) pos=(1296, 824) path=1
learned targeted exit AreaKey { scene: 17, anchor: (1280, 768) } event=251 -> AreaKey { scene: 17, anchor: (1472, 1152) }
marked destination touch VisitKey { scene: 17, area: (1472, 1152), event_id: 251, trigger_script: 8524, state: 1 }
learned exit AreaKey { scene: 17, anchor: (1280, 768) } event=251 -> AreaKey { scene: 17, anchor: (1472, 1152) }
area teleport in scene 17 at frame 13108: (1296, 824) -> (1472, 1152)
target scene=17 area=(1472, 1152) event=251 script=8524 mode=4 state=1 player=(1472, 1152) pos=(1456, 1144) path=1
learned targeted exit AreaKey { scene: 17, anchor: (1472, 1152) } event=251 -> AreaKey { scene: 17, anchor: (1280, 768) }
marked destination touch VisitKey { scene: 17, area: (1280, 768), event_id: 251, trigger_script: 8519, state: 1 }
learned exit AreaKey { scene: 17, anchor: (1472, 1152) } event=251 -> AreaKey { scene: 17, anchor: (1280, 768) }
area teleport in scene 17 at frame 13192: (1456, 1144) -> (1280, 816)
target scene=17 area=(1280, 768) event=251 script=8519 mode=4 state=1 player=(1280, 816) pos=(1296, 824) path=1
learned targeted exit AreaKey { scene: 17, anchor: (1280, 768) } event=251 -> AreaKey { scene: 17, anchor: (1472, 1152) }
marked destination touch VisitKey { scene: 17, area: (1472, 1152), event_id: 251, trigger_script: 8524, state: 1 }
learned exit AreaKey { scene: 17, anchor: (1280, 768) } event=251 -> AreaKey { scene: 17, anchor: (1472, 1152) }
area teleport in scene 17 at frame 13276: (1296, 824) -> (1472, 1152)
target scene=17 area=(1472, 1152) event=252 script=8530 mode=4 state=1 player=(1472, 1152) pos=(1440, 1056) path=16
learned targeted exit AreaKey { scene: 17, anchor: (1472, 1152) } event=252 -> AreaKey { scene: 17, anchor: (1024, 1216) }
marked destination touch VisitKey { scene: 17, area: (1024, 1216), event_id: 252, trigger_script: 8533, state: 1 }
learned exit AreaKey { scene: 17, anchor: (1472, 1152) } event=252 -> AreaKey { scene: 17, anchor: (1024, 1216) }
area teleport in scene 17 at frame 13343: (1440, 1056) -> (1040, 1256)
target scene=17 area=(1024, 1216) event=252 script=8533 mode=4 state=1 player=(1040, 1256) pos=(1056, 1248) path=1
learned targeted exit AreaKey { scene: 17, anchor: (1024, 1216) } event=252 -> AreaKey { scene: 17, anchor: (1408, 1024) }
marked destination touch VisitKey { scene: 17, area: (1408, 1024), event_id: 252, trigger_script: 8530, state: 1 }
learned exit AreaKey { scene: 17, anchor: (1024, 1216) } event=252 -> AreaKey { scene: 17, anchor: (1408, 1024) }
area teleport in scene 17 at frame 13395: (1056, 1248) -> (1456, 1048)
target scene=17 area=(1408, 1024) event=253 script=8537 mode=4 state=1 player=(1456, 1048) pos=(1424, 1000) path=6
learned targeted exit AreaKey { scene: 17, anchor: (1408, 1024) } event=253 -> AreaKey { scene: 17, anchor: (1216, 896) }
marked destination touch VisitKey { scene: 17, area: (1216, 896), event_id: 253, trigger_script: 8540, state: 1 }
learned exit AreaKey { scene: 17, anchor: (1408, 1024) } event=253 -> AreaKey { scene: 17, anchor: (1216, 896) }
area teleport in scene 17 at frame 13428: (1424, 1000) -> (1216, 896)
target scene=17 area=(1216, 896) event=254 script=8544 mode=4 state=1 player=(1216, 896) pos=(1184, 880) path=2
learned targeted exit AreaKey { scene: 17, anchor: (1216, 896) } event=254 -> AreaKey { scene: 17, anchor: (1088, 832) }
marked destination touch VisitKey { scene: 17, area: (1088, 832), event_id: 254, trigger_script: 8547, state: 1 }
learned exit AreaKey { scene: 17, anchor: (1216, 896) } event=254 -> AreaKey { scene: 17, anchor: (1088, 832) }
area teleport in scene 17 at frame 13443: (1184, 880) -> (1088, 832)
target scene=17 area=(1088, 832) event=258 script=8576 mode=4 state=1 player=(1088, 832) pos=(1088, 736) path=14
learned targeted exit AreaKey { scene: 17, anchor: (1088, 832) } event=258 -> AreaKey { scene: 17, anchor: (512, 512) }
marked destination touch VisitKey { scene: 17, area: (512, 512), event_id: 258, trigger_script: 8580, state: 1 }
learned exit AreaKey { scene: 17, anchor: (1088, 832) } event=258 -> AreaKey { scene: 17, anchor: (512, 512) }
area teleport in scene 17 at frame 13526: (1088, 736) -> (544, 544)
target scene=17 area=(512, 512) event=258 script=8580 mode=4 state=1 player=(544, 544) pos=(560, 552) path=1
learned targeted exit AreaKey { scene: 17, anchor: (512, 512) } event=258 -> AreaKey { scene: 17, anchor: (1088, 704) }
marked destination touch VisitKey { scene: 17, area: (1088, 704), event_id: 258, trigger_script: 8576, state: 1 }
learned exit AreaKey { scene: 17, anchor: (512, 512) } event=258 -> AreaKey { scene: 17, anchor: (1088, 704) }
area teleport in scene 17 at frame 13596: (560, 552) -> (1104, 728)
target scene=17 area=(1088, 704) event=259 script=8585 mode=4 state=1 player=(1104, 728) pos=(1136, 600) path=16
learned targeted exit AreaKey { scene: 17, anchor: (1088, 704) } event=259 -> AreaKey { scene: 17, anchor: (832, 448) }
marked destination touch VisitKey { scene: 17, area: (832, 448), event_id: 259, trigger_script: 8588, state: 1 }
learned exit AreaKey { scene: 17, anchor: (1088, 704) } event=259 -> AreaKey { scene: 17, anchor: (832, 448) }
area teleport in scene 17 at frame 13651: (1136, 600) -> (832, 448)
target scene=17 area=(832, 448) event=259 script=8588 mode=4 state=1 player=(832, 448) pos=(848, 456) path=1
learned targeted exit AreaKey { scene: 17, anchor: (832, 448) } event=259 -> AreaKey { scene: 17, anchor: (1152, 576) }
marked destination touch VisitKey { scene: 17, area: (1152, 576), event_id: 259, trigger_script: 8585, state: 1 }
learned exit AreaKey { scene: 17, anchor: (832, 448) } event=259 -> AreaKey { scene: 17, anchor: (1152, 576) }
area teleport in scene 17 at frame 13691: (848, 456) -> (1152, 608)
target scene=17 area=(1152, 576) event=259 script=8585 mode=4 state=1 player=(1152, 608) pos=(1136, 600) path=1
learned targeted exit AreaKey { scene: 17, anchor: (1152, 576) } event=259 -> AreaKey { scene: 17, anchor: (832, 448) }
marked destination touch VisitKey { scene: 17, area: (832, 448), event_id: 259, trigger_script: 8588, state: 1 }
learned exit AreaKey { scene: 17, anchor: (1152, 576) } event=259 -> AreaKey { scene: 17, anchor: (832, 448) }
area teleport in scene 17 at frame 13731: (1136, 600) -> (832, 448)
target scene=17 area=(832, 448) event=259 script=8588 mode=4 state=1 player=(832, 448) pos=(848, 456) path=1
learned targeted exit AreaKey { scene: 17, anchor: (832, 448) } event=259 -> AreaKey { scene: 17, anchor: (1152, 576) }
marked destination touch VisitKey { scene: 17, area: (1152, 576), event_id: 259, trigger_script: 8585, state: 1 }
learned exit AreaKey { scene: 17, anchor: (832, 448) } event=259 -> AreaKey { scene: 17, anchor: (1152, 576) }
area teleport in scene 17 at frame 13771: (848, 456) -> (1152, 608)
target scene=17 area=(1152, 576) event=258 script=8576 mode=4 state=1 player=(1152, 608) pos=(1088, 736) path=16
learned targeted exit AreaKey { scene: 17, anchor: (1152, 576) } event=258 -> AreaKey { scene: 17, anchor: (512, 512) }
marked destination touch VisitKey { scene: 17, area: (512, 512), event_id: 258, trigger_script: 8580, state: 1 }
learned exit AreaKey { scene: 17, anchor: (1152, 576) } event=258 -> AreaKey { scene: 17, anchor: (512, 512) }
area teleport in scene 17 at frame 13856: (1088, 736) -> (544, 544)
target scene=17 area=(512, 512) event=258 script=8580 mode=4 state=1 player=(544, 544) pos=(560, 552) path=1
learned targeted exit AreaKey { scene: 17, anchor: (512, 512) } event=258 -> AreaKey { scene: 17, anchor: (1088, 704) }
marked destination touch VisitKey { scene: 17, area: (1088, 704), event_id: 258, trigger_script: 8576, state: 1 }
learned exit AreaKey { scene: 17, anchor: (512, 512) } event=258 -> AreaKey { scene: 17, anchor: (1088, 704) }
area teleport in scene 17 at frame 13926: (560, 552) -> (1104, 728)
target scene=17 area=(1088, 704) event=256 script=8560 mode=4 state=1 player=(1104, 728) pos=(1232, 776) path=8
learned targeted exit AreaKey { scene: 17, anchor: (1088, 704) } event=256 -> AreaKey { scene: 17, anchor: (1280, 512) }
marked destination touch VisitKey { scene: 17, area: (1280, 512), event_id: 256, trigger_script: 8564, state: 1 }
learned exit AreaKey { scene: 17, anchor: (1088, 704) } event=256 -> AreaKey { scene: 17, anchor: (1280, 512) }
area teleport in scene 17 at frame 13987: (1232, 776) -> (1328, 568)
target scene=17 area=(1280, 512) event=264 script=887 mode=1 state=2 player=(1328, 568) pos=(1408, 432) path=44
marked destination touch VisitKey { scene: 17, area: (1024, 448), event_id: 260, trigger_script: 8595, state: 1 }
learned exit AreaKey { scene: 17, anchor: (1280, 512) } event=260 -> AreaKey { scene: 17, anchor: (1024, 448) }
area teleport in scene 17 at frame 14017: (1280, 560) -> (1072, 456)
target scene=17 area=(1024, 448) event=264 script=887 mode=1 state=2 player=(1072, 456) pos=(1408, 432) path=24
target scene=17 area=(1024, 448) event=260 script=8595 mode=4 state=1 player=(1392, 424) pos=(1104, 472) path=26
learned targeted exit AreaKey { scene: 17, anchor: (1024, 448) } event=260 -> AreaKey { scene: 17, anchor: (1280, 512) }
marked destination touch VisitKey { scene: 17, area: (1280, 512), event_id: 260, trigger_script: 8601, state: 1 }
learned exit AreaKey { scene: 17, anchor: (1024, 448) } event=260 -> AreaKey { scene: 17, anchor: (1280, 512) }
area teleport in scene 17 at frame 14092: (1104, 472) -> (1296, 568)
target scene=17 area=(1280, 512) event=260 script=8601 mode=4 state=1 player=(1296, 568) pos=(1280, 560) path=1
learned targeted exit AreaKey { scene: 17, anchor: (1280, 512) } event=260 -> AreaKey { scene: 17, anchor: (1088, 448) }
marked destination touch VisitKey { scene: 17, area: (1088, 448), event_id: 260, trigger_script: 8595, state: 1 }
learned exit AreaKey { scene: 17, anchor: (1280, 512) } event=260 -> AreaKey { scene: 17, anchor: (1088, 448) }
area teleport in scene 17 at frame 14118: (1280, 560) -> (1088, 464)
target scene=17 area=(1088, 448) event=264 script=887 mode=1 state=2 player=(1088, 464) pos=(1408, 432) path=25
target scene=17 area=(1088, 448) event=260 script=8595 mode=4 state=1 player=(1392, 424) pos=(1104, 472) path=26
learned targeted exit AreaKey { scene: 17, anchor: (1088, 448) } event=260 -> AreaKey { scene: 17, anchor: (1280, 512) }
marked destination touch VisitKey { scene: 17, area: (1280, 512), event_id: 260, trigger_script: 8601, state: 1 }
learned exit AreaKey { scene: 17, anchor: (1088, 448) } event=260 -> AreaKey { scene: 17, anchor: (1280, 512) }
area teleport in scene 17 at frame 14194: (1104, 472) -> (1296, 568)
target scene=17 area=(1280, 512) event=257 script=8569 mode=4 state=1 player=(1296, 568) pos=(1344, 560) path=3
learned targeted exit AreaKey { scene: 17, anchor: (1280, 512) } event=257 -> AreaKey { scene: 17, anchor: (1408, 512) }
marked destination touch VisitKey { scene: 17, area: (1408, 512), event_id: 256, trigger_script: 8564, state: 1 }
learned exit AreaKey { scene: 17, anchor: (1280, 512) } event=256 -> AreaKey { scene: 17, anchor: (1408, 512) }
marked destination touch VisitKey { scene: 17, area: (1408, 512), event_id: 257, trigger_script: 8572, state: 1 }
learned exit AreaKey { scene: 17, anchor: (1280, 512) } event=257 -> AreaKey { scene: 17, anchor: (1408, 512) }
area teleport in scene 17 at frame 14208: (1344, 560) -> (1424, 520)
target scene=17 area=(1408, 512) event=257 script=8572 mode=4 state=1 player=(1424, 520) pos=(1408, 528) path=1
learned targeted exit AreaKey { scene: 17, anchor: (1408, 512) } event=257 -> AreaKey { scene: 17, anchor: (1280, 512) }
marked destination touch VisitKey { scene: 17, area: (1280, 512), event_id: 257, trigger_script: 8569, state: 1 }
learned exit AreaKey { scene: 17, anchor: (1408, 512) } event=257 -> AreaKey { scene: 17, anchor: (1280, 512) }
area teleport in scene 17 at frame 14220: (1408, 528) -> (1328, 568)
target scene=17 area=(1280, 512) event=264 script=887 mode=1 state=2 player=(1328, 568) pos=(1408, 432) path=44
marked destination touch VisitKey { scene: 17, area: (1024, 448), event_id: 260, trigger_script: 8595, state: 1 }
learned exit AreaKey { scene: 17, anchor: (1280, 512) } event=260 -> AreaKey { scene: 17, anchor: (1024, 448) }
area teleport in scene 17 at frame 14250: (1280, 560) -> (1072, 456)
target scene=17 area=(1024, 448) event=264 script=887 mode=1 state=2 player=(1072, 456) pos=(1408, 432) path=24
target scene=17 area=(1024, 448) event=260 script=8595 mode=4 state=1 player=(1392, 424) pos=(1104, 472) path=26
learned targeted exit AreaKey { scene: 17, anchor: (1024, 448) } event=260 -> AreaKey { scene: 17, anchor: (1280, 512) }
marked destination touch VisitKey { scene: 17, area: (1280, 512), event_id: 260, trigger_script: 8601, state: 1 }
learned exit AreaKey { scene: 17, anchor: (1024, 448) } event=260 -> AreaKey { scene: 17, anchor: (1280, 512) }
area teleport in scene 17 at frame 14325: (1104, 472) -> (1296, 568)
target scene=17 area=(1280, 512) event=256 script=8564 mode=4 state=1 player=(1296, 568) pos=(1344, 576) path=3
learned targeted exit AreaKey { scene: 17, anchor: (1280, 512) } event=256 -> AreaKey { scene: 17, anchor: (1216, 768) }
marked destination touch VisitKey { scene: 17, area: (1216, 768), event_id: 256, trigger_script: 8560, state: 1 }
learned exit AreaKey { scene: 17, anchor: (1280, 512) } event=256 -> AreaKey { scene: 17, anchor: (1216, 768) }
marked destination touch VisitKey { scene: 17, area: (1216, 768), event_id: 257, trigger_script: 8569, state: 1 }
learned exit AreaKey { scene: 17, anchor: (1280, 512) } event=257 -> AreaKey { scene: 17, anchor: (1216, 768) }
area teleport in scene 17 at frame 14381: (1344, 576) -> (1216, 784)
target scene=17 area=(1216, 768) event=254 script=8547 mode=4 state=1 player=(1216, 784) pos=(1104, 840) path=9
learned targeted exit AreaKey { scene: 17, anchor: (1216, 768) } event=254 -> AreaKey { scene: 17, anchor: (1152, 832) }
marked destination touch VisitKey { scene: 17, area: (1152, 832), event_id: 254, trigger_script: 8544, state: 1 }
learned exit AreaKey { scene: 17, anchor: (1216, 768) } event=254 -> AreaKey { scene: 17, anchor: (1152, 832) }
area teleport in scene 17 at frame 14403: (1104, 840) -> (1200, 888)
target scene=17 area=(1152, 832) event=254 script=8544 mode=4 state=1 player=(1200, 888) pos=(1184, 880) path=1
learned targeted exit AreaKey { scene: 17, anchor: (1152, 832) } event=254 -> AreaKey { scene: 17, anchor: (1088, 832) }
marked destination touch VisitKey { scene: 17, area: (1088, 832), event_id: 254, trigger_script: 8547, state: 1 }
learned exit AreaKey { scene: 17, anchor: (1152, 832) } event=254 -> AreaKey { scene: 17, anchor: (1088, 832) }
area teleport in scene 17 at frame 14417: (1184, 880) -> (1088, 832)
target scene=17 area=(1088, 832) event=254 script=8547 mode=4 state=1 player=(1088, 832) pos=(1104, 840) path=1
learned targeted exit AreaKey { scene: 17, anchor: (1088, 832) } event=254 -> AreaKey { scene: 17, anchor: (1152, 832) }
marked destination touch VisitKey { scene: 17, area: (1152, 832), event_id: 254, trigger_script: 8544, state: 1 }
learned exit AreaKey { scene: 17, anchor: (1088, 832) } event=254 -> AreaKey { scene: 17, anchor: (1152, 832) }
area teleport in scene 17 at frame 14431: (1104, 840) -> (1200, 888)
target scene=17 area=(1152, 832) event=253 script=8540 mode=4 state=1 player=(1200, 888) pos=(1232, 904) path=2
learned targeted exit AreaKey { scene: 17, anchor: (1152, 832) } event=253 -> AreaKey { scene: 17, anchor: (1408, 960) }
marked destination touch VisitKey { scene: 17, area: (1408, 960), event_id: 253, trigger_script: 8537, state: 1 }
learned exit AreaKey { scene: 17, anchor: (1152, 832) } event=253 -> AreaKey { scene: 17, anchor: (1408, 960) }
area teleport in scene 17 at frame 14460: (1232, 904) -> (1440, 1008)
target scene=17 area=(1408, 960) event=253 script=8537 mode=4 state=1 player=(1440, 1008) pos=(1424, 1000) path=1
learned targeted exit AreaKey { scene: 17, anchor: (1408, 960) } event=253 -> AreaKey { scene: 17, anchor: (1216, 896) }
marked destination touch VisitKey { scene: 17, area: (1216, 896), event_id: 253, trigger_script: 8540, state: 1 }
learned exit AreaKey { scene: 17, anchor: (1408, 960) } event=253 -> AreaKey { scene: 17, anchor: (1216, 896) }
area teleport in scene 17 at frame 14488: (1424, 1000) -> (1216, 896)
target scene=17 area=(1216, 896) event=255 script=8551 mode=4 state=1 player=(1216, 896) pos=(1248, 880) path=2
learned targeted exit AreaKey { scene: 17, anchor: (1216, 896) } event=255 -> AreaKey { scene: 17, anchor: (896, 384) }
marked destination touch VisitKey { scene: 17, area: (896, 384), event_id: 255, trigger_script: 8555, state: 1 }
learned exit AreaKey { scene: 17, anchor: (1216, 896) } event=255 -> AreaKey { scene: 17, anchor: (896, 384) }
area teleport in scene 17 at frame 14609: (1248, 880) -> (912, 408)
target scene=17 area=(896, 384) event=237 script=9193 mode=2 state=2 player=(912, 408) pos=(784, 216) path=31
target scene=17 area=(896, 384) event=255 script=8555 mode=4 state=1 player=(832, 240) pos=(928, 416) path=32
learned targeted exit AreaKey { scene: 17, anchor: (896, 384) } event=255 -> AreaKey { scene: 17, anchor: (1216, 832) }
marked destination touch VisitKey { scene: 17, area: (1216, 832), event_id: 255, trigger_script: 8551, state: 1 }
learned exit AreaKey { scene: 17, anchor: (896, 384) } event=255 -> AreaKey { scene: 17, anchor: (1216, 832) }
area teleport in scene 17 at frame 14791: (928, 416) -> (1232, 888)
target scene=17 area=(1216, 832) event=255 script=8551 mode=4 state=1 player=(1232, 888) pos=(1248, 880) path=1
learned targeted exit AreaKey { scene: 17, anchor: (1216, 832) } event=255 -> AreaKey { scene: 17, anchor: (896, 384) }
marked destination touch VisitKey { scene: 17, area: (896, 384), event_id: 255, trigger_script: 8555, state: 1 }
learned exit AreaKey { scene: 17, anchor: (1216, 832) } event=255 -> AreaKey { scene: 17, anchor: (896, 384) }
area teleport in scene 17 at frame 14911: (1248, 880) -> (912, 408)
target scene=17 area=(896, 384) event=237 script=9193 mode=2 state=2 player=(912, 408) pos=(784, 216) path=31
target scene=17 area=(896, 384) event=255 script=8555 mode=4 state=1 player=(832, 240) pos=(928, 416) path=32
learned targeted exit AreaKey { scene: 17, anchor: (896, 384) } event=255 -> AreaKey { scene: 17, anchor: (1216, 832) }
marked destination touch VisitKey { scene: 17, area: (1216, 832), event_id: 255, trigger_script: 8551, state: 1 }
learned exit AreaKey { scene: 17, anchor: (896, 384) } event=255 -> AreaKey { scene: 17, anchor: (1216, 832) }
area teleport in scene 17 at frame 15093: (928, 416) -> (1232, 888)
target scene=17 area=(1216, 832) event=253 script=8540 mode=4 state=1 player=(1232, 888) pos=(1232, 904) path=2
learned targeted exit AreaKey { scene: 17, anchor: (1216, 832) } event=253 -> AreaKey { scene: 17, anchor: (1408, 960) }
marked destination touch VisitKey { scene: 17, area: (1408, 960), event_id: 253, trigger_script: 8537, state: 1 }
learned exit AreaKey { scene: 17, anchor: (1216, 832) } event=253 -> AreaKey { scene: 17, anchor: (1408, 960) }
area teleport in scene 17 at frame 15122: (1232, 904) -> (1440, 1008)
target scene=17 area=(1408, 960) event=252 script=8530 mode=4 state=1 player=(1440, 1008) pos=(1440, 1056) path=6
learned targeted exit AreaKey { scene: 17, anchor: (1408, 960) } event=252 -> AreaKey { scene: 17, anchor: (1024, 1216) }
marked destination touch VisitKey { scene: 17, area: (1024, 1216), event_id: 252, trigger_script: 8533, state: 1 }
learned exit AreaKey { scene: 17, anchor: (1408, 960) } event=252 -> AreaKey { scene: 17, anchor: (1024, 1216) }
area teleport in scene 17 at frame 15179: (1440, 1056) -> (1040, 1256)
target scene=17 area=(1024, 1216) event=252 script=8533 mode=4 state=1 player=(1040, 1256) pos=(1056, 1248) path=1
learned targeted exit AreaKey { scene: 17, anchor: (1024, 1216) } event=252 -> AreaKey { scene: 17, anchor: (1408, 1024) }
marked destination touch VisitKey { scene: 17, area: (1408, 1024), event_id: 252, trigger_script: 8530, state: 1 }
learned exit AreaKey { scene: 17, anchor: (1024, 1216) } event=252 -> AreaKey { scene: 17, anchor: (1408, 1024) }
area teleport in scene 17 at frame 15231: (1056, 1248) -> (1456, 1048)
target scene=17 area=(1408, 1024) event=251 script=8524 mode=4 state=1 player=(1456, 1048) pos=(1456, 1144) path=16
learned targeted exit AreaKey { scene: 17, anchor: (1408, 1024) } event=251 -> AreaKey { scene: 17, anchor: (1280, 768) }
marked destination touch VisitKey { scene: 17, area: (1280, 768), event_id: 251, trigger_script: 8519, state: 1 }
learned exit AreaKey { scene: 17, anchor: (1408, 1024) } event=251 -> AreaKey { scene: 17, anchor: (1280, 768) }
area teleport in scene 17 at frame 15330: (1456, 1144) -> (1280, 816)
target scene=17 area=(1280, 768) event=251 script=8519 mode=4 state=1 player=(1280, 816) pos=(1296, 824) path=1
learned targeted exit AreaKey { scene: 17, anchor: (1280, 768) } event=251 -> AreaKey { scene: 17, anchor: (1472, 1152) }
marked destination touch VisitKey { scene: 17, area: (1472, 1152), event_id: 251, trigger_script: 8524, state: 1 }
learned exit AreaKey { scene: 17, anchor: (1280, 768) } event=251 -> AreaKey { scene: 17, anchor: (1472, 1152) }
area teleport in scene 17 at frame 15414: (1296, 824) -> (1472, 1152)
target scene=17 area=(1472, 1152) event=251 script=8524 mode=4 state=1 player=(1472, 1152) pos=(1456, 1144) path=1
learned targeted exit AreaKey { scene: 17, anchor: (1472, 1152) } event=251 -> AreaKey { scene: 17, anchor: (1280, 768) }
marked destination touch VisitKey { scene: 17, area: (1280, 768), event_id: 251, trigger_script: 8519, state: 1 }
learned exit AreaKey { scene: 17, anchor: (1472, 1152) } event=251 -> AreaKey { scene: 17, anchor: (1280, 768) }
area teleport in scene 17 at frame 15498: (1456, 1144) -> (1280, 816)
target scene=17 area=(1280, 768) event=251 script=8519 mode=4 state=1 player=(1280, 816) pos=(1296, 824) path=1
learned targeted exit AreaKey { scene: 17, anchor: (1280, 768) } event=251 -> AreaKey { scene: 17, anchor: (1472, 1152) }
marked destination touch VisitKey { scene: 17, area: (1472, 1152), event_id: 251, trigger_script: 8524, state: 1 }
learned exit AreaKey { scene: 17, anchor: (1280, 768) } event=251 -> AreaKey { scene: 17, anchor: (1472, 1152) }
area teleport in scene 17 at frame 15582: (1296, 824) -> (1472, 1152)
target scene=17 area=(1472, 1152) event=252 script=8530 mode=4 state=1 player=(1472, 1152) pos=(1440, 1056) path=16
learned targeted exit AreaKey { scene: 17, anchor: (1472, 1152) } event=252 -> AreaKey { scene: 17, anchor: (1024, 1216) }
marked destination touch VisitKey { scene: 17, area: (1024, 1216), event_id: 252, trigger_script: 8533, state: 1 }
learned exit AreaKey { scene: 17, anchor: (1472, 1152) } event=252 -> AreaKey { scene: 17, anchor: (1024, 1216) }
area teleport in scene 17 at frame 15649: (1440, 1056) -> (1040, 1256)
target scene=17 area=(1024, 1216) event=252 script=8533 mode=4 state=1 player=(1040, 1256) pos=(1056, 1248) path=1
learned targeted exit AreaKey { scene: 17, anchor: (1024, 1216) } event=252 -> AreaKey { scene: 17, anchor: (1408, 1024) }
marked destination touch VisitKey { scene: 17, area: (1408, 1024), event_id: 252, trigger_script: 8530, state: 1 }
learned exit AreaKey { scene: 17, anchor: (1024, 1216) } event=252 -> AreaKey { scene: 17, anchor: (1408, 1024) }
area teleport in scene 17 at frame 15701: (1056, 1248) -> (1456, 1048)
target scene=17 area=(1408, 1024) event=253 script=8537 mode=4 state=1 player=(1456, 1048) pos=(1424, 1000) path=6
learned targeted exit AreaKey { scene: 17, anchor: (1408, 1024) } event=253 -> AreaKey { scene: 17, anchor: (1216, 896) }
marked destination touch VisitKey { scene: 17, area: (1216, 896), event_id: 253, trigger_script: 8540, state: 1 }
learned exit AreaKey { scene: 17, anchor: (1408, 1024) } event=253 -> AreaKey { scene: 17, anchor: (1216, 896) }
area teleport in scene 17 at frame 15734: (1424, 1000) -> (1216, 896)
target scene=17 area=(1216, 896) event=254 script=8544 mode=4 state=1 player=(1216, 896) pos=(1184, 880) path=2
learned targeted exit AreaKey { scene: 17, anchor: (1216, 896) } event=254 -> AreaKey { scene: 17, anchor: (1088, 832) }
marked destination touch VisitKey { scene: 17, area: (1088, 832), event_id: 254, trigger_script: 8547, state: 1 }
learned exit AreaKey { scene: 17, anchor: (1216, 896) } event=254 -> AreaKey { scene: 17, anchor: (1088, 832) }
area teleport in scene 17 at frame 15749: (1184, 880) -> (1088, 832)
target scene=17 area=(1088, 832) event=258 script=8576 mode=4 state=1 player=(1088, 832) pos=(1088, 736) path=14
learned targeted exit AreaKey { scene: 17, anchor: (1088, 832) } event=258 -> AreaKey { scene: 17, anchor: (512, 512) }
marked destination touch VisitKey { scene: 17, area: (512, 512), event_id: 258, trigger_script: 8580, state: 1 }
learned exit AreaKey { scene: 17, anchor: (1088, 832) } event=258 -> AreaKey { scene: 17, anchor: (512, 512) }
area teleport in scene 17 at frame 15832: (1088, 736) -> (544, 544)
target scene=17 area=(512, 512) event=258 script=8580 mode=4 state=1 player=(544, 544) pos=(560, 552) path=1
learned targeted exit AreaKey { scene: 17, anchor: (512, 512) } event=258 -> AreaKey { scene: 17, anchor: (1088, 704) }
marked destination touch VisitKey { scene: 17, area: (1088, 704), event_id: 258, trigger_script: 8576, state: 1 }
learned exit AreaKey { scene: 17, anchor: (512, 512) } event=258 -> AreaKey { scene: 17, anchor: (1088, 704) }
area teleport in scene 17 at frame 15902: (560, 552) -> (1104, 728)
target scene=17 area=(1088, 704) event=259 script=8585 mode=4 state=1 player=(1104, 728) pos=(1136, 600) path=16
learned targeted exit AreaKey { scene: 17, anchor: (1088, 704) } event=259 -> AreaKey { scene: 17, anchor: (832, 448) }
marked destination touch VisitKey { scene: 17, area: (832, 448), event_id: 259, trigger_script: 8588, state: 1 }
learned exit AreaKey { scene: 17, anchor: (1088, 704) } event=259 -> AreaKey { scene: 17, anchor: (832, 448) }
area teleport in scene 17 at frame 15957: (1136, 600) -> (832, 448)
target scene=17 area=(832, 448) event=259 script=8588 mode=4 state=1 player=(832, 448) pos=(848, 456) path=1
learned targeted exit AreaKey { scene: 17, anchor: (832, 448) } event=259 -> AreaKey { scene: 17, anchor: (1152, 576) }
marked destination touch VisitKey { scene: 17, area: (1152, 576), event_id: 259, trigger_script: 8585, state: 1 }
learned exit AreaKey { scene: 17, anchor: (832, 448) } event=259 -> AreaKey { scene: 17, anchor: (1152, 576) }
area teleport in scene 17 at frame 15997: (848, 456) -> (1152, 608)
target scene=17 area=(1152, 576) event=259 script=8585 mode=4 state=1 player=(1152, 608) pos=(1136, 600) path=1
learned targeted exit AreaKey { scene: 17, anchor: (1152, 576) } event=259 -> AreaKey { scene: 17, anchor: (832, 448) }
marked destination touch VisitKey { scene: 17, area: (832, 448), event_id: 259, trigger_script: 8588, state: 1 }
learned exit AreaKey { scene: 17, anchor: (1152, 576) } event=259 -> AreaKey { scene: 17, anchor: (832, 448) }
area teleport in scene 17 at frame 16037: (1136, 600) -> (832, 448)
target scene=17 area=(832, 448) event=259 script=8588 mode=4 state=1 player=(832, 448) pos=(848, 456) path=1
learned targeted exit AreaKey { scene: 17, anchor: (832, 448) } event=259 -> AreaKey { scene: 17, anchor: (1152, 576) }
marked destination touch VisitKey { scene: 17, area: (1152, 576), event_id: 259, trigger_script: 8585, state: 1 }
learned exit AreaKey { scene: 17, anchor: (832, 448) } event=259 -> AreaKey { scene: 17, anchor: (1152, 576) }
area teleport in scene 17 at frame 16077: (848, 456) -> (1152, 608)
target scene=17 area=(1152, 576) event=258 script=8576 mode=4 state=1 player=(1152, 608) pos=(1088, 736) path=16
learned targeted exit AreaKey { scene: 17, anchor: (1152, 576) } event=258 -> AreaKey { scene: 17, anchor: (512, 512) }
marked destination touch VisitKey { scene: 17, area: (512, 512), event_id: 258, trigger_script: 8580, state: 1 }
learned exit AreaKey { scene: 17, anchor: (1152, 576) } event=258 -> AreaKey { scene: 17, anchor: (512, 512) }
area teleport in scene 17 at frame 16162: (1088, 736) -> (544, 544)
target scene=17 area=(512, 512) event=258 script=8580 mode=4 state=1 player=(544, 544) pos=(560, 552) path=1
learned targeted exit AreaKey { scene: 17, anchor: (512, 512) } event=258 -> AreaKey { scene: 17, anchor: (1088, 704) }
marked destination touch VisitKey { scene: 17, area: (1088, 704), event_id: 258, trigger_script: 8576, state: 1 }
learned exit AreaKey { scene: 17, anchor: (512, 512) } event=258 -> AreaKey { scene: 17, anchor: (1088, 704) }
area teleport in scene 17 at frame 16232: (560, 552) -> (1104, 728)
target scene=17 area=(1088, 704) event=254 script=8547 mode=4 state=1 player=(1104, 728) pos=(1104, 840) path=14
learned targeted exit AreaKey { scene: 17, anchor: (1088, 704) } event=254 -> AreaKey { scene: 17, anchor: (1152, 832) }
marked destination touch VisitKey { scene: 17, area: (1152, 832), event_id: 254, trigger_script: 8544, state: 1 }
learned exit AreaKey { scene: 17, anchor: (1088, 704) } event=254 -> AreaKey { scene: 17, anchor: (1152, 832) }
area teleport in scene 17 at frame 16259: (1104, 840) -> (1200, 888)
target scene=17 area=(1152, 832) event=254 script=8544 mode=4 state=1 player=(1200, 888) pos=(1184, 880) path=1
learned targeted exit AreaKey { scene: 17, anchor: (1152, 832) } event=254 -> AreaKey { scene: 17, anchor: (1088, 832) }
marked destination touch VisitKey { scene: 17, area: (1088, 832), event_id: 254, trigger_script: 8547, state: 1 }
learned exit AreaKey { scene: 17, anchor: (1152, 832) } event=254 -> AreaKey { scene: 17, anchor: (1088, 832) }
area teleport in scene 17 at frame 16273: (1184, 880) -> (1088, 832)
target scene=17 area=(1088, 832) event=254 script=8547 mode=4 state=1 player=(1088, 832) pos=(1104, 840) path=1
learned targeted exit AreaKey { scene: 17, anchor: (1088, 832) } event=254 -> AreaKey { scene: 17, anchor: (1152, 832) }
marked destination touch VisitKey { scene: 17, area: (1152, 832), event_id: 254, trigger_script: 8544, state: 1 }
learned exit AreaKey { scene: 17, anchor: (1088, 832) } event=254 -> AreaKey { scene: 17, anchor: (1152, 832) }
area teleport in scene 17 at frame 16287: (1104, 840) -> (1200, 888)
target scene=17 area=(1152, 832) event=253 script=8540 mode=4 state=1 player=(1200, 888) pos=(1232, 904) path=2
learned targeted exit AreaKey { scene: 17, anchor: (1152, 832) } event=253 -> AreaKey { scene: 17, anchor: (1408, 960) }
marked destination touch VisitKey { scene: 17, area: (1408, 960), event_id: 253, trigger_script: 8537, state: 1 }
learned exit AreaKey { scene: 17, anchor: (1152, 832) } event=253 -> AreaKey { scene: 17, anchor: (1408, 960) }
area teleport in scene 17 at frame 16316: (1232, 904) -> (1440, 1008)
target scene=17 area=(1408, 960) event=253 script=8537 mode=4 state=1 player=(1440, 1008) pos=(1424, 1000) path=1
learned targeted exit AreaKey { scene: 17, anchor: (1408, 960) } event=253 -> AreaKey { scene: 17, anchor: (1216, 896) }
marked destination touch VisitKey { scene: 17, area: (1216, 896), event_id: 253, trigger_script: 8540, state: 1 }
learned exit AreaKey { scene: 17, anchor: (1408, 960) } event=253 -> AreaKey { scene: 17, anchor: (1216, 896) }
area teleport in scene 17 at frame 16344: (1424, 1000) -> (1216, 896)
target scene=17 area=(1216, 896) event=255 script=8551 mode=4 state=1 player=(1216, 896) pos=(1248, 880) path=2
learned targeted exit AreaKey { scene: 17, anchor: (1216, 896) } event=255 -> AreaKey { scene: 17, anchor: (896, 384) }
marked destination touch VisitKey { scene: 17, area: (896, 384), event_id: 255, trigger_script: 8555, state: 1 }
learned exit AreaKey { scene: 17, anchor: (1216, 896) } event=255 -> AreaKey { scene: 17, anchor: (896, 384) }
area teleport in scene 17 at frame 16465: (1248, 880) -> (912, 408)
target scene=17 area=(896, 384) event=237 script=9193 mode=2 state=2 player=(912, 408) pos=(784, 216) path=31
target scene=17 area=(896, 384) event=255 script=8555 mode=4 state=1 player=(832, 240) pos=(928, 416) path=32
learned targeted exit AreaKey { scene: 17, anchor: (896, 384) } event=255 -> AreaKey { scene: 17, anchor: (1216, 832) }
marked destination touch VisitKey { scene: 17, area: (1216, 832), event_id: 255, trigger_script: 8551, state: 1 }
learned exit AreaKey { scene: 17, anchor: (896, 384) } event=255 -> AreaKey { scene: 17, anchor: (1216, 832) }
area teleport in scene 17 at frame 16647: (928, 416) -> (1232, 888)
target scene=17 area=(1216, 832) event=255 script=8551 mode=4 state=1 player=(1232, 888) pos=(1248, 880) path=1
learned targeted exit AreaKey { scene: 17, anchor: (1216, 832) } event=255 -> AreaKey { scene: 17, anchor: (896, 384) }
marked destination touch VisitKey { scene: 17, area: (896, 384), event_id: 255, trigger_script: 8555, state: 1 }
learned exit AreaKey { scene: 17, anchor: (1216, 832) } event=255 -> AreaKey { scene: 17, anchor: (896, 384) }
area teleport in scene 17 at frame 16767: (1248, 880) -> (912, 408)
target scene=17 area=(896, 384) event=237 script=9193 mode=2 state=2 player=(912, 408) pos=(784, 216) path=31
target scene=17 area=(896, 384) event=255 script=8555 mode=4 state=1 player=(832, 240) pos=(928, 416) path=32
learned targeted exit AreaKey { scene: 17, anchor: (896, 384) } event=255 -> AreaKey { scene: 17, anchor: (1216, 832) }
marked destination touch VisitKey { scene: 17, area: (1216, 832), event_id: 255, trigger_script: 8551, state: 1 }
learned exit AreaKey { scene: 17, anchor: (896, 384) } event=255 -> AreaKey { scene: 17, anchor: (1216, 832) }
area teleport in scene 17 at frame 16949: (928, 416) -> (1232, 888)
target scene=17 area=(1216, 832) event=253 script=8540 mode=4 state=1 player=(1232, 888) pos=(1232, 904) path=2
learned targeted exit AreaKey { scene: 17, anchor: (1216, 832) } event=253 -> AreaKey { scene: 17, anchor: (1408, 960) }
marked destination touch VisitKey { scene: 17, area: (1408, 960), event_id: 253, trigger_script: 8537, state: 1 }
learned exit AreaKey { scene: 17, anchor: (1216, 832) } event=253 -> AreaKey { scene: 17, anchor: (1408, 960) }
area teleport in scene 17 at frame 16978: (1232, 904) -> (1440, 1008)
target scene=17 area=(1408, 960) event=252 script=8530 mode=4 state=1 player=(1440, 1008) pos=(1440, 1056) path=6
learned targeted exit AreaKey { scene: 17, anchor: (1408, 960) } event=252 -> AreaKey { scene: 17, anchor: (1024, 1216) }
marked destination touch VisitKey { scene: 17, area: (1024, 1216), event_id: 252, trigger_script: 8533, state: 1 }
learned exit AreaKey { scene: 17, anchor: (1408, 960) } event=252 -> AreaKey { scene: 17, anchor: (1024, 1216) }
area teleport in scene 17 at frame 17035: (1440, 1056) -> (1040, 1256)
target scene=17 area=(1024, 1216) event=252 script=8533 mode=4 state=1 player=(1040, 1256) pos=(1056, 1248) path=1
learned targeted exit AreaKey { scene: 17, anchor: (1024, 1216) } event=252 -> AreaKey { scene: 17, anchor: (1408, 1024) }
marked destination touch VisitKey { scene: 17, area: (1408, 1024), event_id: 252, trigger_script: 8530, state: 1 }
learned exit AreaKey { scene: 17, anchor: (1024, 1216) } event=252 -> AreaKey { scene: 17, anchor: (1408, 1024) }
area teleport in scene 17 at frame 17087: (1056, 1248) -> (1456, 1048)
target scene=17 area=(1408, 1024) event=251 script=8524 mode=4 state=1 player=(1456, 1048) pos=(1456, 1144) path=16
learned targeted exit AreaKey { scene: 17, anchor: (1408, 1024) } event=251 -> AreaKey { scene: 17, anchor: (1280, 768) }
marked destination touch VisitKey { scene: 17, area: (1280, 768), event_id: 251, trigger_script: 8519, state: 1 }
learned exit AreaKey { scene: 17, anchor: (1408, 1024) } event=251 -> AreaKey { scene: 17, anchor: (1280, 768) }
area teleport in scene 17 at frame 17186: (1456, 1144) -> (1280, 816)
target scene=17 area=(1280, 768) event=251 script=8519 mode=4 state=1 player=(1280, 816) pos=(1296, 824) path=1
learned targeted exit AreaKey { scene: 17, anchor: (1280, 768) } event=251 -> AreaKey { scene: 17, anchor: (1472, 1152) }
marked destination touch VisitKey { scene: 17, area: (1472, 1152), event_id: 251, trigger_script: 8524, state: 1 }
learned exit AreaKey { scene: 17, anchor: (1280, 768) } event=251 -> AreaKey { scene: 17, anchor: (1472, 1152) }
area teleport in scene 17 at frame 17270: (1296, 824) -> (1472, 1152)
target scene=17 area=(1472, 1152) event=251 script=8524 mode=4 state=1 player=(1472, 1152) pos=(1456, 1144) path=1
learned targeted exit AreaKey { scene: 17, anchor: (1472, 1152) } event=251 -> AreaKey { scene: 17, anchor: (1280, 768) }
marked destination touch VisitKey { scene: 17, area: (1280, 768), event_id: 251, trigger_script: 8519, state: 1 }
learned exit AreaKey { scene: 17, anchor: (1472, 1152) } event=251 -> AreaKey { scene: 17, anchor: (1280, 768) }
area teleport in scene 17 at frame 17354: (1456, 1144) -> (1280, 816)
target scene=17 area=(1280, 768) event=251 script=8519 mode=4 state=1 player=(1280, 816) pos=(1296, 824) path=1
learned targeted exit AreaKey { scene: 17, anchor: (1280, 768) } event=251 -> AreaKey { scene: 17, anchor: (1472, 1152) }
marked destination touch VisitKey { scene: 17, area: (1472, 1152), event_id: 251, trigger_script: 8524, state: 1 }
learned exit AreaKey { scene: 17, anchor: (1280, 768) } event=251 -> AreaKey { scene: 17, anchor: (1472, 1152) }
area teleport in scene 17 at frame 17438: (1296, 824) -> (1472, 1152)
target scene=17 area=(1472, 1152) event=252 script=8530 mode=4 state=1 player=(1472, 1152) pos=(1440, 1056) path=16
learned targeted exit AreaKey { scene: 17, anchor: (1472, 1152) } event=252 -> AreaKey { scene: 17, anchor: (1024, 1216) }
marked destination touch VisitKey { scene: 17, area: (1024, 1216), event_id: 252, trigger_script: 8533, state: 1 }
learned exit AreaKey { scene: 17, anchor: (1472, 1152) } event=252 -> AreaKey { scene: 17, anchor: (1024, 1216) }
area teleport in scene 17 at frame 17505: (1440, 1056) -> (1040, 1256)
target scene=17 area=(1024, 1216) event=252 script=8533 mode=4 state=1 player=(1040, 1256) pos=(1056, 1248) path=1
learned targeted exit AreaKey { scene: 17, anchor: (1024, 1216) } event=252 -> AreaKey { scene: 17, anchor: (1408, 1024) }
marked destination touch VisitKey { scene: 17, area: (1408, 1024), event_id: 252, trigger_script: 8530, state: 1 }
learned exit AreaKey { scene: 17, anchor: (1024, 1216) } event=252 -> AreaKey { scene: 17, anchor: (1408, 1024) }
area teleport in scene 17 at frame 17557: (1056, 1248) -> (1456, 1048)
target scene=17 area=(1408, 1024) event=253 script=8537 mode=4 state=1 player=(1456, 1048) pos=(1424, 1000) path=6
learned targeted exit AreaKey { scene: 17, anchor: (1408, 1024) } event=253 -> AreaKey { scene: 17, anchor: (1216, 896) }
marked destination touch VisitKey { scene: 17, area: (1216, 896), event_id: 253, trigger_script: 8540, state: 1 }
learned exit AreaKey { scene: 17, anchor: (1408, 1024) } event=253 -> AreaKey { scene: 17, anchor: (1216, 896) }
area teleport in scene 17 at frame 17590: (1424, 1000) -> (1216, 896)
target scene=17 area=(1216, 896) event=254 script=8544 mode=4 state=1 player=(1216, 896) pos=(1184, 880) path=2
learned targeted exit AreaKey { scene: 17, anchor: (1216, 896) } event=254 -> AreaKey { scene: 17, anchor: (1088, 832) }
marked destination touch VisitKey { scene: 17, area: (1088, 832), event_id: 254, trigger_script: 8547, state: 1 }
learned exit AreaKey { scene: 17, anchor: (1216, 896) } event=254 -> AreaKey { scene: 17, anchor: (1088, 832) }
area teleport in scene 17 at frame 17605: (1184, 880) -> (1088, 832)
target scene=17 area=(1088, 832) event=258 script=8576 mode=4 state=1 player=(1088, 832) pos=(1088, 736) path=14
learned targeted exit AreaKey { scene: 17, anchor: (1088, 832) } event=258 -> AreaKey { scene: 17, anchor: (512, 512) }
marked destination touch VisitKey { scene: 17, area: (512, 512), event_id: 258, trigger_script: 8580, state: 1 }
learned exit AreaKey { scene: 17, anchor: (1088, 832) } event=258 -> AreaKey { scene: 17, anchor: (512, 512) }
area teleport in scene 17 at frame 17688: (1088, 736) -> (544, 544)
target scene=17 area=(512, 512) event=258 script=8580 mode=4 state=1 player=(544, 544) pos=(560, 552) path=1
learned targeted exit AreaKey { scene: 17, anchor: (512, 512) } event=258 -> AreaKey { scene: 17, anchor: (1088, 704) }
marked destination touch VisitKey { scene: 17, area: (1088, 704), event_id: 258, trigger_script: 8576, state: 1 }
learned exit AreaKey { scene: 17, anchor: (512, 512) } event=258 -> AreaKey { scene: 17, anchor: (1088, 704) }
area teleport in scene 17 at frame 17758: (560, 552) -> (1104, 728)
target scene=17 area=(1088, 704) event=259 script=8585 mode=4 state=1 player=(1104, 728) pos=(1136, 600) path=16
learned targeted exit AreaKey { scene: 17, anchor: (1088, 704) } event=259 -> AreaKey { scene: 17, anchor: (832, 448) }
marked destination touch VisitKey { scene: 17, area: (832, 448), event_id: 259, trigger_script: 8588, state: 1 }
learned exit AreaKey { scene: 17, anchor: (1088, 704) } event=259 -> AreaKey { scene: 17, anchor: (832, 448) }
area teleport in scene 17 at frame 17813: (1136, 600) -> (832, 448)
target scene=17 area=(832, 448) event=259 script=8588 mode=4 state=1 player=(832, 448) pos=(848, 456) path=1
learned targeted exit AreaKey { scene: 17, anchor: (832, 448) } event=259 -> AreaKey { scene: 17, anchor: (1152, 576) }
marked destination touch VisitKey { scene: 17, area: (1152, 576), event_id: 259, trigger_script: 8585, state: 1 }
learned exit AreaKey { scene: 17, anchor: (832, 448) } event=259 -> AreaKey { scene: 17, anchor: (1152, 576) }
area teleport in scene 17 at frame 17853: (848, 456) -> (1152, 608)
target scene=17 area=(1152, 576) event=259 script=8585 mode=4 state=1 player=(1152, 608) pos=(1136, 600) path=1
learned targeted exit AreaKey { scene: 17, anchor: (1152, 576) } event=259 -> AreaKey { scene: 17, anchor: (832, 448) }
marked destination touch VisitKey { scene: 17, area: (832, 448), event_id: 259, trigger_script: 8588, state: 1 }
learned exit AreaKey { scene: 17, anchor: (1152, 576) } event=259 -> AreaKey { scene: 17, anchor: (832, 448) }
area teleport in scene 17 at frame 17893: (1136, 600) -> (832, 448)
target scene=17 area=(832, 448) event=259 script=8588 mode=4 state=1 player=(832, 448) pos=(848, 456) path=1
learned targeted exit AreaKey { scene: 17, anchor: (832, 448) } event=259 -> AreaKey { scene: 17, anchor: (1152, 576) }
marked destination touch VisitKey { scene: 17, area: (1152, 576), event_id: 259, trigger_script: 8585, state: 1 }
learned exit AreaKey { scene: 17, anchor: (832, 448) } event=259 -> AreaKey { scene: 17, anchor: (1152, 576) }
area teleport in scene 17 at frame 17933: (848, 456) -> (1152, 608)
target scene=17 area=(1152, 576) event=258 script=8576 mode=4 state=1 player=(1152, 608) pos=(1088, 736) path=16
learned targeted exit AreaKey { scene: 17, anchor: (1152, 576) } event=258 -> AreaKey { scene: 17, anchor: (512, 512) }
marked destination touch VisitKey { scene: 17, area: (512, 512), event_id: 258, trigger_script: 8580, state: 1 }
learned exit AreaKey { scene: 17, anchor: (1152, 576) } event=258 -> AreaKey { scene: 17, anchor: (512, 512) }
area teleport in scene 17 at frame 18018: (1088, 736) -> (544, 544)
target scene=17 area=(512, 512) event=258 script=8580 mode=4 state=1 player=(544, 544) pos=(560, 552) path=1
learned targeted exit AreaKey { scene: 17, anchor: (512, 512) } event=258 -> AreaKey { scene: 17, anchor: (1088, 704) }
marked destination touch VisitKey { scene: 17, area: (1088, 704), event_id: 258, trigger_script: 8576, state: 1 }
learned exit AreaKey { scene: 17, anchor: (512, 512) } event=258 -> AreaKey { scene: 17, anchor: (1088, 704) }
area teleport in scene 17 at frame 18088: (560, 552) -> (1104, 728)
target scene=17 area=(1088, 704) event=254 script=8547 mode=4 state=1 player=(1104, 728) pos=(1104, 840) path=14
learned targeted exit AreaKey { scene: 17, anchor: (1088, 704) } event=254 -> AreaKey { scene: 17, anchor: (1152, 832) }
marked destination touch VisitKey { scene: 17, area: (1152, 832), event_id: 254, trigger_script: 8544, state: 1 }
learned exit AreaKey { scene: 17, anchor: (1088, 704) } event=254 -> AreaKey { scene: 17, anchor: (1152, 832) }
area teleport in scene 17 at frame 18115: (1104, 840) -> (1200, 888)
target scene=17 area=(1152, 832) event=254 script=8544 mode=4 state=1 player=(1200, 888) pos=(1184, 880) path=1
learned targeted exit AreaKey { scene: 17, anchor: (1152, 832) } event=254 -> AreaKey { scene: 17, anchor: (1088, 832) }
marked destination touch VisitKey { scene: 17, area: (1088, 832), event_id: 254, trigger_script: 8547, state: 1 }
learned exit AreaKey { scene: 17, anchor: (1152, 832) } event=254 -> AreaKey { scene: 17, anchor: (1088, 832) }
area teleport in scene 17 at frame 18129: (1184, 880) -> (1088, 832)
target scene=17 area=(1088, 832) event=254 script=8547 mode=4 state=1 player=(1088, 832) pos=(1104, 840) path=1
learned targeted exit AreaKey { scene: 17, anchor: (1088, 832) } event=254 -> AreaKey { scene: 17, anchor: (1152, 832) }
marked destination touch VisitKey { scene: 17, area: (1152, 832), event_id: 254, trigger_script: 8544, state: 1 }
learned exit AreaKey { scene: 17, anchor: (1088, 832) } event=254 -> AreaKey { scene: 17, anchor: (1152, 832) }
area teleport in scene 17 at frame 18143: (1104, 840) -> (1200, 888)
target scene=17 area=(1152, 832) event=253 script=8540 mode=4 state=1 player=(1200, 888) pos=(1232, 904) path=2
learned targeted exit AreaKey { scene: 17, anchor: (1152, 832) } event=253 -> AreaKey { scene: 17, anchor: (1408, 960) }
marked destination touch VisitKey { scene: 17, area: (1408, 960), event_id: 253, trigger_script: 8537, state: 1 }
learned exit AreaKey { scene: 17, anchor: (1152, 832) } event=253 -> AreaKey { scene: 17, anchor: (1408, 960) }
area teleport in scene 17 at frame 18172: (1232, 904) -> (1440, 1008)
target scene=17 area=(1408, 960) event=253 script=8537 mode=4 state=1 player=(1440, 1008) pos=(1424, 1000) path=1
learned targeted exit AreaKey { scene: 17, anchor: (1408, 960) } event=253 -> AreaKey { scene: 17, anchor: (1216, 896) }
marked destination touch VisitKey { scene: 17, area: (1216, 896), event_id: 253, trigger_script: 8540, state: 1 }
learned exit AreaKey { scene: 17, anchor: (1408, 960) } event=253 -> AreaKey { scene: 17, anchor: (1216, 896) }
area teleport in scene 17 at frame 18200: (1424, 1000) -> (1216, 896)
target scene=17 area=(1216, 896) event=255 script=8551 mode=4 state=1 player=(1216, 896) pos=(1248, 880) path=2
learned targeted exit AreaKey { scene: 17, anchor: (1216, 896) } event=255 -> AreaKey { scene: 17, anchor: (896, 384) }
marked destination touch VisitKey { scene: 17, area: (896, 384), event_id: 255, trigger_script: 8555, state: 1 }
learned exit AreaKey { scene: 17, anchor: (1216, 896) } event=255 -> AreaKey { scene: 17, anchor: (896, 384) }
area teleport in scene 17 at frame 18321: (1248, 880) -> (912, 408)
target scene=17 area=(896, 384) event=237 script=9193 mode=2 state=2 player=(912, 408) pos=(784, 216) path=31
target scene=17 area=(896, 384) event=255 script=8555 mode=4 state=1 player=(832, 240) pos=(928, 416) path=32
learned targeted exit AreaKey { scene: 17, anchor: (896, 384) } event=255 -> AreaKey { scene: 17, anchor: (1216, 832) }
marked destination touch VisitKey { scene: 17, area: (1216, 832), event_id: 255, trigger_script: 8551, state: 1 }
learned exit AreaKey { scene: 17, anchor: (896, 384) } event=255 -> AreaKey { scene: 17, anchor: (1216, 832) }
area teleport in scene 17 at frame 18503: (928, 416) -> (1232, 888)
target scene=17 area=(1216, 832) event=255 script=8551 mode=4 state=1 player=(1232, 888) pos=(1248, 880) path=1
learned targeted exit AreaKey { scene: 17, anchor: (1216, 832) } event=255 -> AreaKey { scene: 17, anchor: (896, 384) }
marked destination touch VisitKey { scene: 17, area: (896, 384), event_id: 255, trigger_script: 8555, state: 1 }
learned exit AreaKey { scene: 17, anchor: (1216, 832) } event=255 -> AreaKey { scene: 17, anchor: (896, 384) }
area teleport in scene 17 at frame 18623: (1248, 880) -> (912, 408)
target scene=17 area=(896, 384) event=237 script=9193 mode=2 state=2 player=(912, 408) pos=(784, 216) path=31
target scene=17 area=(896, 384) event=255 script=8555 mode=4 state=1 player=(832, 240) pos=(928, 416) path=32
learned targeted exit AreaKey { scene: 17, anchor: (896, 384) } event=255 -> AreaKey { scene: 17, anchor: (1216, 832) }
marked destination touch VisitKey { scene: 17, area: (1216, 832), event_id: 255, trigger_script: 8551, state: 1 }
learned exit AreaKey { scene: 17, anchor: (896, 384) } event=255 -> AreaKey { scene: 17, anchor: (1216, 832) }
area teleport in scene 17 at frame 18805: (928, 416) -> (1232, 888)
target scene=17 area=(1216, 832) event=253 script=8540 mode=4 state=1 player=(1232, 888) pos=(1232, 904) path=2
learned targeted exit AreaKey { scene: 17, anchor: (1216, 832) } event=253 -> AreaKey { scene: 17, anchor: (1408, 960) }
marked destination touch VisitKey { scene: 17, area: (1408, 960), event_id: 253, trigger_script: 8537, state: 1 }
learned exit AreaKey { scene: 17, anchor: (1216, 832) } event=253 -> AreaKey { scene: 17, anchor: (1408, 960) }
area teleport in scene 17 at frame 18834: (1232, 904) -> (1440, 1008)
target scene=17 area=(1408, 960) event=252 script=8530 mode=4 state=1 player=(1440, 1008) pos=(1440, 1056) path=6
learned targeted exit AreaKey { scene: 17, anchor: (1408, 960) } event=252 -> AreaKey { scene: 17, anchor: (1024, 1216) }
marked destination touch VisitKey { scene: 17, area: (1024, 1216), event_id: 252, trigger_script: 8533, state: 1 }
learned exit AreaKey { scene: 17, anchor: (1408, 960) } event=252 -> AreaKey { scene: 17, anchor: (1024, 1216) }
area teleport in scene 17 at frame 18891: (1440, 1056) -> (1040, 1256)
target scene=17 area=(1024, 1216) event=252 script=8533 mode=4 state=1 player=(1040, 1256) pos=(1056, 1248) path=1
learned targeted exit AreaKey { scene: 17, anchor: (1024, 1216) } event=252 -> AreaKey { scene: 17, anchor: (1408, 1024) }
marked destination touch VisitKey { scene: 17, area: (1408, 1024), event_id: 252, trigger_script: 8530, state: 1 }
learned exit AreaKey { scene: 17, anchor: (1024, 1216) } event=252 -> AreaKey { scene: 17, anchor: (1408, 1024) }
area teleport in scene 17 at frame 18943: (1056, 1248) -> (1456, 1048)
target scene=17 area=(1408, 1024) event=251 script=8524 mode=4 state=1 player=(1456, 1048) pos=(1456, 1144) path=16
learned targeted exit AreaKey { scene: 17, anchor: (1408, 1024) } event=251 -> AreaKey { scene: 17, anchor: (1280, 768) }
marked destination touch VisitKey { scene: 17, area: (1280, 768), event_id: 251, trigger_script: 8519, state: 1 }
learned exit AreaKey { scene: 17, anchor: (1408, 1024) } event=251 -> AreaKey { scene: 17, anchor: (1280, 768) }
area teleport in scene 17 at frame 19042: (1456, 1144) -> (1280, 816)
target scene=17 area=(1280, 768) event=251 script=8519 mode=4 state=1 player=(1280, 816) pos=(1296, 824) path=1
learned targeted exit AreaKey { scene: 17, anchor: (1280, 768) } event=251 -> AreaKey { scene: 17, anchor: (1472, 1152) }
marked destination touch VisitKey { scene: 17, area: (1472, 1152), event_id: 251, trigger_script: 8524, state: 1 }
learned exit AreaKey { scene: 17, anchor: (1280, 768) } event=251 -> AreaKey { scene: 17, anchor: (1472, 1152) }
area teleport in scene 17 at frame 19126: (1296, 824) -> (1472, 1152)
target scene=17 area=(1472, 1152) event=251 script=8524 mode=4 state=1 player=(1472, 1152) pos=(1456, 1144) path=1
learned targeted exit AreaKey { scene: 17, anchor: (1472, 1152) } event=251 -> AreaKey { scene: 17, anchor: (1280, 768) }
marked destination touch VisitKey { scene: 17, area: (1280, 768), event_id: 251, trigger_script: 8519, state: 1 }
learned exit AreaKey { scene: 17, anchor: (1472, 1152) } event=251 -> AreaKey { scene: 17, anchor: (1280, 768) }
area teleport in scene 17 at frame 19210: (1456, 1144) -> (1280, 816)
target scene=17 area=(1280, 768) event=251 script=8519 mode=4 state=1 player=(1280, 816) pos=(1296, 824) path=1
learned targeted exit AreaKey { scene: 17, anchor: (1280, 768) } event=251 -> AreaKey { scene: 17, anchor: (1472, 1152) }
marked destination touch VisitKey { scene: 17, area: (1472, 1152), event_id: 251, trigger_script: 8524, state: 1 }
learned exit AreaKey { scene: 17, anchor: (1280, 768) } event=251 -> AreaKey { scene: 17, anchor: (1472, 1152) }
area teleport in scene 17 at frame 19294: (1296, 824) -> (1472, 1152)
target scene=17 area=(1472, 1152) event=252 script=8530 mode=4 state=1 player=(1472, 1152) pos=(1440, 1056) path=16
learned targeted exit AreaKey { scene: 17, anchor: (1472, 1152) } event=252 -> AreaKey { scene: 17, anchor: (1024, 1216) }
marked destination touch VisitKey { scene: 17, area: (1024, 1216), event_id: 252, trigger_script: 8533, state: 1 }
learned exit AreaKey { scene: 17, anchor: (1472, 1152) } event=252 -> AreaKey { scene: 17, anchor: (1024, 1216) }
area teleport in scene 17 at frame 19361: (1440, 1056) -> (1040, 1256)
target scene=17 area=(1024, 1216) event=252 script=8533 mode=4 state=1 player=(1040, 1256) pos=(1056, 1248) path=1
learned targeted exit AreaKey { scene: 17, anchor: (1024, 1216) } event=252 -> AreaKey { scene: 17, anchor: (1408, 1024) }
marked destination touch VisitKey { scene: 17, area: (1408, 1024), event_id: 252, trigger_script: 8530, state: 1 }
learned exit AreaKey { scene: 17, anchor: (1024, 1216) } event=252 -> AreaKey { scene: 17, anchor: (1408, 1024) }
area teleport in scene 17 at frame 19413: (1056, 1248) -> (1456, 1048)
target scene=17 area=(1408, 1024) event=253 script=8537 mode=4 state=1 player=(1456, 1048) pos=(1424, 1000) path=6
learned targeted exit AreaKey { scene: 17, anchor: (1408, 1024) } event=253 -> AreaKey { scene: 17, anchor: (1216, 896) }
marked destination touch VisitKey { scene: 17, area: (1216, 896), event_id: 253, trigger_script: 8540, state: 1 }
learned exit AreaKey { scene: 17, anchor: (1408, 1024) } event=253 -> AreaKey { scene: 17, anchor: (1216, 896) }
area teleport in scene 17 at frame 19446: (1424, 1000) -> (1216, 896)
target scene=17 area=(1216, 896) event=254 script=8544 mode=4 state=1 player=(1216, 896) pos=(1184, 880) path=2
learned targeted exit AreaKey { scene: 17, anchor: (1216, 896) } event=254 -> AreaKey { scene: 17, anchor: (1088, 832) }
marked destination touch VisitKey { scene: 17, area: (1088, 832), event_id: 254, trigger_script: 8547, state: 1 }
learned exit AreaKey { scene: 17, anchor: (1216, 896) } event=254 -> AreaKey { scene: 17, anchor: (1088, 832) }
area teleport in scene 17 at frame 19461: (1184, 880) -> (1088, 832)
target scene=17 area=(1088, 832) event=256 script=8560 mode=4 state=1 player=(1088, 832) pos=(1232, 776) path=9
learned targeted exit AreaKey { scene: 17, anchor: (1088, 832) } event=256 -> AreaKey { scene: 17, anchor: (1280, 512) }
marked destination touch VisitKey { scene: 17, area: (1280, 512), event_id: 256, trigger_script: 8564, state: 1 }
learned exit AreaKey { scene: 17, anchor: (1088, 832) } event=256 -> AreaKey { scene: 17, anchor: (1280, 512) }
area teleport in scene 17 at frame 19523: (1232, 776) -> (1328, 568)
target scene=17 area=(1280, 512) event=264 script=887 mode=1 state=2 player=(1328, 568) pos=(1408, 432) path=44
marked destination touch VisitKey { scene: 17, area: (1024, 448), event_id: 260, trigger_script: 8595, state: 1 }
learned exit AreaKey { scene: 17, anchor: (1280, 512) } event=260 -> AreaKey { scene: 17, anchor: (1024, 448) }
area teleport in scene 17 at frame 19553: (1280, 560) -> (1072, 456)
target scene=17 area=(1024, 448) event=264 script=887 mode=1 state=2 player=(1072, 456) pos=(1408, 432) path=24
target scene=17 area=(1024, 448) event=260 script=8595 mode=4 state=1 player=(1392, 424) pos=(1104, 472) path=26
learned targeted exit AreaKey { scene: 17, anchor: (1024, 448) } event=260 -> AreaKey { scene: 17, anchor: (1280, 512) }
marked destination touch VisitKey { scene: 17, area: (1280, 512), event_id: 260, trigger_script: 8601, state: 1 }
learned exit AreaKey { scene: 17, anchor: (1024, 448) } event=260 -> AreaKey { scene: 17, anchor: (1280, 512) }
area teleport in scene 17 at frame 19628: (1104, 472) -> (1296, 568)
target scene=17 area=(1280, 512) event=257 script=8569 mode=4 state=1 player=(1296, 568) pos=(1344, 560) path=3
learned targeted exit AreaKey { scene: 17, anchor: (1280, 512) } event=257 -> AreaKey { scene: 17, anchor: (1408, 512) }
marked destination touch VisitKey { scene: 17, area: (1408, 512), event_id: 256, trigger_script: 8564, state: 1 }
learned exit AreaKey { scene: 17, anchor: (1280, 512) } event=256 -> AreaKey { scene: 17, anchor: (1408, 512) }
marked destination touch VisitKey { scene: 17, area: (1408, 512), event_id: 257, trigger_script: 8572, state: 1 }
learned exit AreaKey { scene: 17, anchor: (1280, 512) } event=257 -> AreaKey { scene: 17, anchor: (1408, 512) }
area teleport in scene 17 at frame 19642: (1344, 560) -> (1424, 520)
target scene=17 area=(1408, 512) event=257 script=8572 mode=4 state=1 player=(1424, 520) pos=(1408, 528) path=1
learned targeted exit AreaKey { scene: 17, anchor: (1408, 512) } event=257 -> AreaKey { scene: 17, anchor: (1280, 512) }
marked destination touch VisitKey { scene: 17, area: (1280, 512), event_id: 257, trigger_script: 8569, state: 1 }
learned exit AreaKey { scene: 17, anchor: (1408, 512) } event=257 -> AreaKey { scene: 17, anchor: (1280, 512) }
area teleport in scene 17 at frame 19654: (1408, 528) -> (1328, 568)
target scene=17 area=(1280, 512) event=264 script=887 mode=1 state=2 player=(1328, 568) pos=(1408, 432) path=44
marked destination touch VisitKey { scene: 17, area: (1024, 448), event_id: 260, trigger_script: 8595, state: 1 }
learned exit AreaKey { scene: 17, anchor: (1280, 512) } event=260 -> AreaKey { scene: 17, anchor: (1024, 448) }
area teleport in scene 17 at frame 19684: (1280, 560) -> (1072, 456)
target scene=17 area=(1024, 448) event=264 script=887 mode=1 state=2 player=(1072, 456) pos=(1408, 432) path=24
target scene=17 area=(1024, 448) event=260 script=8595 mode=4 state=1 player=(1392, 424) pos=(1104, 472) path=26
learned targeted exit AreaKey { scene: 17, anchor: (1024, 448) } event=260 -> AreaKey { scene: 17, anchor: (1280, 512) }
marked destination touch VisitKey { scene: 17, area: (1280, 512), event_id: 260, trigger_script: 8601, state: 1 }
learned exit AreaKey { scene: 17, anchor: (1024, 448) } event=260 -> AreaKey { scene: 17, anchor: (1280, 512) }
area teleport in scene 17 at frame 19759: (1104, 472) -> (1296, 568)
target scene=17 area=(1280, 512) event=256 script=8564 mode=4 state=1 player=(1296, 568) pos=(1344, 576) path=3
learned targeted exit AreaKey { scene: 17, anchor: (1280, 512) } event=256 -> AreaKey { scene: 17, anchor: (1216, 768) }
marked destination touch VisitKey { scene: 17, area: (1216, 768), event_id: 256, trigger_script: 8560, state: 1 }
learned exit AreaKey { scene: 17, anchor: (1280, 512) } event=256 -> AreaKey { scene: 17, anchor: (1216, 768) }
marked destination touch VisitKey { scene: 17, area: (1216, 768), event_id: 257, trigger_script: 8569, state: 1 }
learned exit AreaKey { scene: 17, anchor: (1280, 512) } event=257 -> AreaKey { scene: 17, anchor: (1216, 768) }
area teleport in scene 17 at frame 19815: (1344, 576) -> (1216, 784)
target scene=17 area=(1216, 768) event=258 script=8576 mode=4 state=1 player=(1216, 784) pos=(1088, 736) path=8
learned targeted exit AreaKey { scene: 17, anchor: (1216, 768) } event=258 -> AreaKey { scene: 17, anchor: (512, 512) }
marked destination touch VisitKey { scene: 17, area: (512, 512), event_id: 258, trigger_script: 8580, state: 1 }
learned exit AreaKey { scene: 17, anchor: (1216, 768) } event=258 -> AreaKey { scene: 17, anchor: (512, 512) }
area teleport in scene 17 at frame 19892: (1088, 736) -> (544, 544)
target scene=17 area=(512, 512) event=258 script=8580 mode=4 state=1 player=(544, 544) pos=(560, 552) path=1
learned targeted exit AreaKey { scene: 17, anchor: (512, 512) } event=258 -> AreaKey { scene: 17, anchor: (1088, 704) }
marked destination touch VisitKey { scene: 17, area: (1088, 704), event_id: 258, trigger_script: 8576, state: 1 }
learned exit AreaKey { scene: 17, anchor: (512, 512) } event=258 -> AreaKey { scene: 17, anchor: (1088, 704) }
area teleport in scene 17 at frame 19962: (560, 552) -> (1104, 728)
target scene=17 area=(1088, 704) event=259 script=8585 mode=4 state=1 player=(1104, 728) pos=(1136, 600) path=16
learned targeted exit AreaKey { scene: 17, anchor: (1088, 704) } event=259 -> AreaKey { scene: 17, anchor: (832, 448) }
marked destination touch VisitKey { scene: 17, area: (832, 448), event_id: 259, trigger_script: 8588, state: 1 }
learned exit AreaKey { scene: 17, anchor: (1088, 704) } event=259 -> AreaKey { scene: 17, anchor: (832, 448) }
area teleport in scene 17 at frame 20017: (1136, 600) -> (832, 448)
target scene=17 area=(832, 448) event=259 script=8588 mode=4 state=1 player=(832, 448) pos=(848, 456) path=1
learned targeted exit AreaKey { scene: 17, anchor: (832, 448) } event=259 -> AreaKey { scene: 17, anchor: (1152, 576) }
marked destination touch VisitKey { scene: 17, area: (1152, 576), event_id: 259, trigger_script: 8585, state: 1 }
learned exit AreaKey { scene: 17, anchor: (832, 448) } event=259 -> AreaKey { scene: 17, anchor: (1152, 576) }
area teleport in scene 17 at frame 20057: (848, 456) -> (1152, 608)
target scene=17 area=(1152, 576) event=259 script=8585 mode=4 state=1 player=(1152, 608) pos=(1136, 600) path=1
learned targeted exit AreaKey { scene: 17, anchor: (1152, 576) } event=259 -> AreaKey { scene: 17, anchor: (832, 448) }
marked destination touch VisitKey { scene: 17, area: (832, 448), event_id: 259, trigger_script: 8588, state: 1 }
learned exit AreaKey { scene: 17, anchor: (1152, 576) } event=259 -> AreaKey { scene: 17, anchor: (832, 448) }
area teleport in scene 17 at frame 20097: (1136, 600) -> (832, 448)
target scene=17 area=(832, 448) event=259 script=8588 mode=4 state=1 player=(832, 448) pos=(848, 456) path=1
learned targeted exit AreaKey { scene: 17, anchor: (832, 448) } event=259 -> AreaKey { scene: 17, anchor: (1152, 576) }
marked destination touch VisitKey { scene: 17, area: (1152, 576), event_id: 259, trigger_script: 8585, state: 1 }
learned exit AreaKey { scene: 17, anchor: (832, 448) } event=259 -> AreaKey { scene: 17, anchor: (1152, 576) }
area teleport in scene 17 at frame 20137: (848, 456) -> (1152, 608)
target scene=17 area=(1152, 576) event=258 script=8576 mode=4 state=1 player=(1152, 608) pos=(1088, 736) path=16
learned targeted exit AreaKey { scene: 17, anchor: (1152, 576) } event=258 -> AreaKey { scene: 17, anchor: (512, 512) }
marked destination touch VisitKey { scene: 17, area: (512, 512), event_id: 258, trigger_script: 8580, state: 1 }
learned exit AreaKey { scene: 17, anchor: (1152, 576) } event=258 -> AreaKey { scene: 17, anchor: (512, 512) }
area teleport in scene 17 at frame 20222: (1088, 736) -> (544, 544)
target scene=17 area=(512, 512) event=258 script=8580 mode=4 state=1 player=(544, 544) pos=(560, 552) path=1
learned targeted exit AreaKey { scene: 17, anchor: (512, 512) } event=258 -> AreaKey { scene: 17, anchor: (1088, 704) }
marked destination touch VisitKey { scene: 17, area: (1088, 704), event_id: 258, trigger_script: 8576, state: 1 }
learned exit AreaKey { scene: 17, anchor: (512, 512) } event=258 -> AreaKey { scene: 17, anchor: (1088, 704) }
area teleport in scene 17 at frame 20292: (560, 552) -> (1104, 728)
target scene=17 area=(1088, 704) event=254 script=8547 mode=4 state=1 player=(1104, 728) pos=(1104, 840) path=14
learned targeted exit AreaKey { scene: 17, anchor: (1088, 704) } event=254 -> AreaKey { scene: 17, anchor: (1152, 832) }
marked destination touch VisitKey { scene: 17, area: (1152, 832), event_id: 254, trigger_script: 8544, state: 1 }
learned exit AreaKey { scene: 17, anchor: (1088, 704) } event=254 -> AreaKey { scene: 17, anchor: (1152, 832) }
area teleport in scene 17 at frame 20319: (1104, 840) -> (1200, 888)
target scene=17 area=(1152, 832) event=254 script=8544 mode=4 state=1 player=(1200, 888) pos=(1184, 880) path=1
learned targeted exit AreaKey { scene: 17, anchor: (1152, 832) } event=254 -> AreaKey { scene: 17, anchor: (1088, 832) }
marked destination touch VisitKey { scene: 17, area: (1088, 832), event_id: 254, trigger_script: 8547, state: 1 }
learned exit AreaKey { scene: 17, anchor: (1152, 832) } event=254 -> AreaKey { scene: 17, anchor: (1088, 832) }
area teleport in scene 17 at frame 20333: (1184, 880) -> (1088, 832)
target scene=17 area=(1088, 832) event=254 script=8547 mode=4 state=1 player=(1088, 832) pos=(1104, 840) path=1
learned targeted exit AreaKey { scene: 17, anchor: (1088, 832) } event=254 -> AreaKey { scene: 17, anchor: (1152, 832) }
marked destination touch VisitKey { scene: 17, area: (1152, 832), event_id: 254, trigger_script: 8544, state: 1 }
learned exit AreaKey { scene: 17, anchor: (1088, 832) } event=254 -> AreaKey { scene: 17, anchor: (1152, 832) }
area teleport in scene 17 at frame 20347: (1104, 840) -> (1200, 888)
target scene=17 area=(1152, 832) event=253 script=8540 mode=4 state=1 player=(1200, 888) pos=(1232, 904) path=2
learned targeted exit AreaKey { scene: 17, anchor: (1152, 832) } event=253 -> AreaKey { scene: 17, anchor: (1408, 960) }
marked destination touch VisitKey { scene: 17, area: (1408, 960), event_id: 253, trigger_script: 8537, state: 1 }
learned exit AreaKey { scene: 17, anchor: (1152, 832) } event=253 -> AreaKey { scene: 17, anchor: (1408, 960) }
area teleport in scene 17 at frame 20376: (1232, 904) -> (1440, 1008)
target scene=17 area=(1408, 960) event=253 script=8537 mode=4 state=1 player=(1440, 1008) pos=(1424, 1000) path=1
learned targeted exit AreaKey { scene: 17, anchor: (1408, 960) } event=253 -> AreaKey { scene: 17, anchor: (1216, 896) }
marked destination touch VisitKey { scene: 17, area: (1216, 896), event_id: 253, trigger_script: 8540, state: 1 }
learned exit AreaKey { scene: 17, anchor: (1408, 960) } event=253 -> AreaKey { scene: 17, anchor: (1216, 896) }
area teleport in scene 17 at frame 20404: (1424, 1000) -> (1216, 896)
target scene=17 area=(1216, 896) event=255 script=8551 mode=4 state=1 player=(1216, 896) pos=(1248, 880) path=2
learned targeted exit AreaKey { scene: 17, anchor: (1216, 896) } event=255 -> AreaKey { scene: 17, anchor: (896, 384) }
marked destination touch VisitKey { scene: 17, area: (896, 384), event_id: 255, trigger_script: 8555, state: 1 }
learned exit AreaKey { scene: 17, anchor: (1216, 896) } event=255 -> AreaKey { scene: 17, anchor: (896, 384) }
area teleport in scene 17 at frame 20525: (1248, 880) -> (912, 408)
target scene=17 area=(896, 384) event=237 script=9193 mode=2 state=2 player=(912, 408) pos=(784, 216) path=31
target scene=17 area=(896, 384) event=255 script=8555 mode=4 state=1 player=(832, 240) pos=(928, 416) path=32
learned targeted exit AreaKey { scene: 17, anchor: (896, 384) } event=255 -> AreaKey { scene: 17, anchor: (1216, 832) }
marked destination touch VisitKey { scene: 17, area: (1216, 832), event_id: 255, trigger_script: 8551, state: 1 }
learned exit AreaKey { scene: 17, anchor: (896, 384) } event=255 -> AreaKey { scene: 17, anchor: (1216, 832) }
area teleport in scene 17 at frame 20707: (928, 416) -> (1232, 888)
target scene=17 area=(1216, 832) event=255 script=8551 mode=4 state=1 player=(1232, 888) pos=(1248, 880) path=1
learned targeted exit AreaKey { scene: 17, anchor: (1216, 832) } event=255 -> AreaKey { scene: 17, anchor: (896, 384) }
marked destination touch VisitKey { scene: 17, area: (896, 384), event_id: 255, trigger_script: 8555, state: 1 }
learned exit AreaKey { scene: 17, anchor: (1216, 832) } event=255 -> AreaKey { scene: 17, anchor: (896, 384) }
area teleport in scene 17 at frame 20827: (1248, 880) -> (912, 408)
target scene=17 area=(896, 384) event=237 script=9193 mode=2 state=2 player=(912, 408) pos=(784, 216) path=31
target scene=17 area=(896, 384) event=255 script=8555 mode=4 state=1 player=(832, 240) pos=(928, 416) path=32
learned targeted exit AreaKey { scene: 17, anchor: (896, 384) } event=255 -> AreaKey { scene: 17, anchor: (1216, 832) }
marked destination touch VisitKey { scene: 17, area: (1216, 832), event_id: 255, trigger_script: 8551, state: 1 }
learned exit AreaKey { scene: 17, anchor: (896, 384) } event=255 -> AreaKey { scene: 17, anchor: (1216, 832) }
area teleport in scene 17 at frame 21009: (928, 416) -> (1232, 888)
target scene=17 area=(1216, 832) event=253 script=8540 mode=4 state=1 player=(1232, 888) pos=(1232, 904) path=2
learned targeted exit AreaKey { scene: 17, anchor: (1216, 832) } event=253 -> AreaKey { scene: 17, anchor: (1408, 960) }
marked destination touch VisitKey { scene: 17, area: (1408, 960), event_id: 253, trigger_script: 8537, state: 1 }
learned exit AreaKey { scene: 17, anchor: (1216, 832) } event=253 -> AreaKey { scene: 17, anchor: (1408, 960) }
area teleport in scene 17 at frame 21038: (1232, 904) -> (1440, 1008)
target scene=17 area=(1408, 960) event=252 script=8530 mode=4 state=1 player=(1440, 1008) pos=(1440, 1056) path=6
learned targeted exit AreaKey { scene: 17, anchor: (1408, 960) } event=252 -> AreaKey { scene: 17, anchor: (1024, 1216) }
marked destination touch VisitKey { scene: 17, area: (1024, 1216), event_id: 252, trigger_script: 8533, state: 1 }
learned exit AreaKey { scene: 17, anchor: (1408, 960) } event=252 -> AreaKey { scene: 17, anchor: (1024, 1216) }
area teleport in scene 17 at frame 21095: (1440, 1056) -> (1040, 1256)
target scene=17 area=(1024, 1216) event=252 script=8533 mode=4 state=1 player=(1040, 1256) pos=(1056, 1248) path=1
learned targeted exit AreaKey { scene: 17, anchor: (1024, 1216) } event=252 -> AreaKey { scene: 17, anchor: (1408, 1024) }
marked destination touch VisitKey { scene: 17, area: (1408, 1024), event_id: 252, trigger_script: 8530, state: 1 }
learned exit AreaKey { scene: 17, anchor: (1024, 1216) } event=252 -> AreaKey { scene: 17, anchor: (1408, 1024) }
area teleport in scene 17 at frame 21147: (1056, 1248) -> (1456, 1048)
target scene=17 area=(1408, 1024) event=251 script=8524 mode=4 state=1 player=(1456, 1048) pos=(1456, 1144) path=16
learned targeted exit AreaKey { scene: 17, anchor: (1408, 1024) } event=251 -> AreaKey { scene: 17, anchor: (1280, 768) }
marked destination touch VisitKey { scene: 17, area: (1280, 768), event_id: 251, trigger_script: 8519, state: 1 }
learned exit AreaKey { scene: 17, anchor: (1408, 1024) } event=251 -> AreaKey { scene: 17, anchor: (1280, 768) }
area teleport in scene 17 at frame 21246: (1456, 1144) -> (1280, 816)
target scene=17 area=(1280, 768) event=251 script=8519 mode=4 state=1 player=(1280, 816) pos=(1296, 824) path=1
learned targeted exit AreaKey { scene: 17, anchor: (1280, 768) } event=251 -> AreaKey { scene: 17, anchor: (1472, 1152) }
marked destination touch VisitKey { scene: 17, area: (1472, 1152), event_id: 251, trigger_script: 8524, state: 1 }
learned exit AreaKey { scene: 17, anchor: (1280, 768) } event=251 -> AreaKey { scene: 17, anchor: (1472, 1152) }
area teleport in scene 17 at frame 21330: (1296, 824) -> (1472, 1152)
target scene=17 area=(1472, 1152) event=251 script=8524 mode=4 state=1 player=(1472, 1152) pos=(1456, 1144) path=1
learned targeted exit AreaKey { scene: 17, anchor: (1472, 1152) } event=251 -> AreaKey { scene: 17, anchor: (1280, 768) }
marked destination touch VisitKey { scene: 17, area: (1280, 768), event_id: 251, trigger_script: 8519, state: 1 }
learned exit AreaKey { scene: 17, anchor: (1472, 1152) } event=251 -> AreaKey { scene: 17, anchor: (1280, 768) }
area teleport in scene 17 at frame 21414: (1456, 1144) -> (1280, 816)
target scene=17 area=(1280, 768) event=251 script=8519 mode=4 state=1 player=(1280, 816) pos=(1296, 824) path=1
learned targeted exit AreaKey { scene: 17, anchor: (1280, 768) } event=251 -> AreaKey { scene: 17, anchor: (1472, 1152) }
marked destination touch VisitKey { scene: 17, area: (1472, 1152), event_id: 251, trigger_script: 8524, state: 1 }
learned exit AreaKey { scene: 17, anchor: (1280, 768) } event=251 -> AreaKey { scene: 17, anchor: (1472, 1152) }
area teleport in scene 17 at frame 21498: (1296, 824) -> (1472, 1152)
target scene=17 area=(1472, 1152) event=252 script=8530 mode=4 state=1 player=(1472, 1152) pos=(1440, 1056) path=16
learned targeted exit AreaKey { scene: 17, anchor: (1472, 1152) } event=252 -> AreaKey { scene: 17, anchor: (1024, 1216) }
marked destination touch VisitKey { scene: 17, area: (1024, 1216), event_id: 252, trigger_script: 8533, state: 1 }
learned exit AreaKey { scene: 17, anchor: (1472, 1152) } event=252 -> AreaKey { scene: 17, anchor: (1024, 1216) }
area teleport in scene 17 at frame 21565: (1440, 1056) -> (1040, 1256)
target scene=17 area=(1024, 1216) event=252 script=8533 mode=4 state=1 player=(1040, 1256) pos=(1056, 1248) path=1
learned targeted exit AreaKey { scene: 17, anchor: (1024, 1216) } event=252 -> AreaKey { scene: 17, anchor: (1408, 1024) }
marked destination touch VisitKey { scene: 17, area: (1408, 1024), event_id: 252, trigger_script: 8530, state: 1 }
learned exit AreaKey { scene: 17, anchor: (1024, 1216) } event=252 -> AreaKey { scene: 17, anchor: (1408, 1024) }
area teleport in scene 17 at frame 21617: (1056, 1248) -> (1456, 1048)
target scene=17 area=(1408, 1024) event=253 script=8537 mode=4 state=1 player=(1456, 1048) pos=(1424, 1000) path=6
learned targeted exit AreaKey { scene: 17, anchor: (1408, 1024) } event=253 -> AreaKey { scene: 17, anchor: (1216, 896) }
marked destination touch VisitKey { scene: 17, area: (1216, 896), event_id: 253, trigger_script: 8540, state: 1 }
learned exit AreaKey { scene: 17, anchor: (1408, 1024) } event=253 -> AreaKey { scene: 17, anchor: (1216, 896) }
area teleport in scene 17 at frame 21650: (1424, 1000) -> (1216, 896)
target scene=17 area=(1216, 896) event=254 script=8544 mode=4 state=1 player=(1216, 896) pos=(1184, 880) path=2
learned targeted exit AreaKey { scene: 17, anchor: (1216, 896) } event=254 -> AreaKey { scene: 17, anchor: (1088, 832) }
marked destination touch VisitKey { scene: 17, area: (1088, 832), event_id: 254, trigger_script: 8547, state: 1 }
learned exit AreaKey { scene: 17, anchor: (1216, 896) } event=254 -> AreaKey { scene: 17, anchor: (1088, 832) }
area teleport in scene 17 at frame 21665: (1184, 880) -> (1088, 832)
target scene=17 area=(1088, 832) event=258 script=8576 mode=4 state=1 player=(1088, 832) pos=(1088, 736) path=14
learned targeted exit AreaKey { scene: 17, anchor: (1088, 832) } event=258 -> AreaKey { scene: 17, anchor: (512, 512) }
marked destination touch VisitKey { scene: 17, area: (512, 512), event_id: 258, trigger_script: 8580, state: 1 }
learned exit AreaKey { scene: 17, anchor: (1088, 832) } event=258 -> AreaKey { scene: 17, anchor: (512, 512) }
area teleport in scene 17 at frame 21748: (1088, 736) -> (544, 544)
target scene=17 area=(512, 512) event=258 script=8580 mode=4 state=1 player=(544, 544) pos=(560, 552) path=1
learned targeted exit AreaKey { scene: 17, anchor: (512, 512) } event=258 -> AreaKey { scene: 17, anchor: (1088, 704) }
marked destination touch VisitKey { scene: 17, area: (1088, 704), event_id: 258, trigger_script: 8576, state: 1 }
learned exit AreaKey { scene: 17, anchor: (512, 512) } event=258 -> AreaKey { scene: 17, anchor: (1088, 704) }
area teleport in scene 17 at frame 21818: (560, 552) -> (1104, 728)
target scene=17 area=(1088, 704) event=259 script=8585 mode=4 state=1 player=(1104, 728) pos=(1136, 600) path=16
learned targeted exit AreaKey { scene: 17, anchor: (1088, 704) } event=259 -> AreaKey { scene: 17, anchor: (832, 448) }
marked destination touch VisitKey { scene: 17, area: (832, 448), event_id: 259, trigger_script: 8588, state: 1 }
learned exit AreaKey { scene: 17, anchor: (1088, 704) } event=259 -> AreaKey { scene: 17, anchor: (832, 448) }
area teleport in scene 17 at frame 21873: (1136, 600) -> (832, 448)
target scene=17 area=(832, 448) event=259 script=8588 mode=4 state=1 player=(832, 448) pos=(848, 456) path=1
learned targeted exit AreaKey { scene: 17, anchor: (832, 448) } event=259 -> AreaKey { scene: 17, anchor: (1152, 576) }
marked destination touch VisitKey { scene: 17, area: (1152, 576), event_id: 259, trigger_script: 8585, state: 1 }
learned exit AreaKey { scene: 17, anchor: (832, 448) } event=259 -> AreaKey { scene: 17, anchor: (1152, 576) }
area teleport in scene 17 at frame 21913: (848, 456) -> (1152, 608)
target scene=17 area=(1152, 576) event=259 script=8585 mode=4 state=1 player=(1152, 608) pos=(1136, 600) path=1
learned targeted exit AreaKey { scene: 17, anchor: (1152, 576) } event=259 -> AreaKey { scene: 17, anchor: (832, 448) }
marked destination touch VisitKey { scene: 17, area: (832, 448), event_id: 259, trigger_script: 8588, state: 1 }
learned exit AreaKey { scene: 17, anchor: (1152, 576) } event=259 -> AreaKey { scene: 17, anchor: (832, 448) }
area teleport in scene 17 at frame 21953: (1136, 600) -> (832, 448)
target scene=17 area=(832, 448) event=259 script=8588 mode=4 state=1 player=(832, 448) pos=(848, 456) path=1
learned targeted exit AreaKey { scene: 17, anchor: (832, 448) } event=259 -> AreaKey { scene: 17, anchor: (1152, 576) }
marked destination touch VisitKey { scene: 17, area: (1152, 576), event_id: 259, trigger_script: 8585, state: 1 }
learned exit AreaKey { scene: 17, anchor: (832, 448) } event=259 -> AreaKey { scene: 17, anchor: (1152, 576) }
area teleport in scene 17 at frame 21993: (848, 456) -> (1152, 608)
target scene=17 area=(1152, 576) event=258 script=8576 mode=4 state=1 player=(1152, 608) pos=(1088, 736) path=16
learned targeted exit AreaKey { scene: 17, anchor: (1152, 576) } event=258 -> AreaKey { scene: 17, anchor: (512, 512) }
marked destination touch VisitKey { scene: 17, area: (512, 512), event_id: 258, trigger_script: 8580, state: 1 }
learned exit AreaKey { scene: 17, anchor: (1152, 576) } event=258 -> AreaKey { scene: 17, anchor: (512, 512) }
area teleport in scene 17 at frame 22078: (1088, 736) -> (544, 544)
target scene=17 area=(512, 512) event=258 script=8580 mode=4 state=1 player=(544, 544) pos=(560, 552) path=1
learned targeted exit AreaKey { scene: 17, anchor: (512, 512) } event=258 -> AreaKey { scene: 17, anchor: (1088, 704) }
marked destination touch VisitKey { scene: 17, area: (1088, 704), event_id: 258, trigger_script: 8576, state: 1 }
learned exit AreaKey { scene: 17, anchor: (512, 512) } event=258 -> AreaKey { scene: 17, anchor: (1088, 704) }
area teleport in scene 17 at frame 22148: (560, 552) -> (1104, 728)
target scene=17 area=(1088, 704) event=254 script=8547 mode=4 state=1 player=(1104, 728) pos=(1104, 840) path=14
learned targeted exit AreaKey { scene: 17, anchor: (1088, 704) } event=254 -> AreaKey { scene: 17, anchor: (1152, 832) }
marked destination touch VisitKey { scene: 17, area: (1152, 832), event_id: 254, trigger_script: 8544, state: 1 }
learned exit AreaKey { scene: 17, anchor: (1088, 704) } event=254 -> AreaKey { scene: 17, anchor: (1152, 832) }
area teleport in scene 17 at frame 22175: (1104, 840) -> (1200, 888)
target scene=17 area=(1152, 832) event=254 script=8544 mode=4 state=1 player=(1200, 888) pos=(1184, 880) path=1
learned targeted exit AreaKey { scene: 17, anchor: (1152, 832) } event=254 -> AreaKey { scene: 17, anchor: (1088, 832) }
marked destination touch VisitKey { scene: 17, area: (1088, 832), event_id: 254, trigger_script: 8547, state: 1 }
learned exit AreaKey { scene: 17, anchor: (1152, 832) } event=254 -> AreaKey { scene: 17, anchor: (1088, 832) }
area teleport in scene 17 at frame 22189: (1184, 880) -> (1088, 832)
target scene=17 area=(1088, 832) event=254 script=8547 mode=4 state=1 player=(1088, 832) pos=(1104, 840) path=1
learned targeted exit AreaKey { scene: 17, anchor: (1088, 832) } event=254 -> AreaKey { scene: 17, anchor: (1152, 832) }
marked destination touch VisitKey { scene: 17, area: (1152, 832), event_id: 254, trigger_script: 8544, state: 1 }
learned exit AreaKey { scene: 17, anchor: (1088, 832) } event=254 -> AreaKey { scene: 17, anchor: (1152, 832) }
area teleport in scene 17 at frame 22203: (1104, 840) -> (1200, 888)
target scene=17 area=(1152, 832) event=253 script=8540 mode=4 state=1 player=(1200, 888) pos=(1232, 904) path=2
learned targeted exit AreaKey { scene: 17, anchor: (1152, 832) } event=253 -> AreaKey { scene: 17, anchor: (1408, 960) }
marked destination touch VisitKey { scene: 17, area: (1408, 960), event_id: 253, trigger_script: 8537, state: 1 }
learned exit AreaKey { scene: 17, anchor: (1152, 832) } event=253 -> AreaKey { scene: 17, anchor: (1408, 960) }
area teleport in scene 17 at frame 22232: (1232, 904) -> (1440, 1008)
target scene=17 area=(1408, 960) event=253 script=8537 mode=4 state=1 player=(1440, 1008) pos=(1424, 1000) path=1
learned targeted exit AreaKey { scene: 17, anchor: (1408, 960) } event=253 -> AreaKey { scene: 17, anchor: (1216, 896) }
marked destination touch VisitKey { scene: 17, area: (1216, 896), event_id: 253, trigger_script: 8540, state: 1 }
learned exit AreaKey { scene: 17, anchor: (1408, 960) } event=253 -> AreaKey { scene: 17, anchor: (1216, 896) }
area teleport in scene 17 at frame 22260: (1424, 1000) -> (1216, 896)
target scene=17 area=(1216, 896) event=255 script=8551 mode=4 state=1 player=(1216, 896) pos=(1248, 880) path=2
learned targeted exit AreaKey { scene: 17, anchor: (1216, 896) } event=255 -> AreaKey { scene: 17, anchor: (896, 384) }
marked destination touch VisitKey { scene: 17, area: (896, 384), event_id: 255, trigger_script: 8555, state: 1 }
learned exit AreaKey { scene: 17, anchor: (1216, 896) } event=255 -> AreaKey { scene: 17, anchor: (896, 384) }
area teleport in scene 17 at frame 22381: (1248, 880) -> (912, 408)
target scene=17 area=(896, 384) event=237 script=9193 mode=2 state=2 player=(912, 408) pos=(784, 216) path=31
target scene=17 area=(896, 384) event=255 script=8555 mode=4 state=1 player=(832, 240) pos=(928, 416) path=32
learned targeted exit AreaKey { scene: 17, anchor: (896, 384) } event=255 -> AreaKey { scene: 17, anchor: (1216, 832) }
marked destination touch VisitKey { scene: 17, area: (1216, 832), event_id: 255, trigger_script: 8551, state: 1 }
learned exit AreaKey { scene: 17, anchor: (896, 384) } event=255 -> AreaKey { scene: 17, anchor: (1216, 832) }
area teleport in scene 17 at frame 22563: (928, 416) -> (1232, 888)
target scene=17 area=(1216, 832) event=255 script=8551 mode=4 state=1 player=(1232, 888) pos=(1248, 880) path=1
learned targeted exit AreaKey { scene: 17, anchor: (1216, 832) } event=255 -> AreaKey { scene: 17, anchor: (896, 384) }
marked destination touch VisitKey { scene: 17, area: (896, 384), event_id: 255, trigger_script: 8555, state: 1 }
learned exit AreaKey { scene: 17, anchor: (1216, 832) } event=255 -> AreaKey { scene: 17, anchor: (896, 384) }
area teleport in scene 17 at frame 22683: (1248, 880) -> (912, 408)
target scene=17 area=(896, 384) event=237 script=9193 mode=2 state=2 player=(912, 408) pos=(784, 216) path=31
target scene=17 area=(896, 384) event=255 script=8555 mode=4 state=1 player=(832, 240) pos=(928, 416) path=32
learned targeted exit AreaKey { scene: 17, anchor: (896, 384) } event=255 -> AreaKey { scene: 17, anchor: (1216, 832) }
marked destination touch VisitKey { scene: 17, area: (1216, 832), event_id: 255, trigger_script: 8551, state: 1 }
learned exit AreaKey { scene: 17, anchor: (896, 384) } event=255 -> AreaKey { scene: 17, anchor: (1216, 832) }
area teleport in scene 17 at frame 22865: (928, 416) -> (1232, 888)
target scene=17 area=(1216, 832) event=253 script=8540 mode=4 state=1 player=(1232, 888) pos=(1232, 904) path=2
learned targeted exit AreaKey { scene: 17, anchor: (1216, 832) } event=253 -> AreaKey { scene: 17, anchor: (1408, 960) }
marked destination touch VisitKey { scene: 17, area: (1408, 960), event_id: 253, trigger_script: 8537, state: 1 }
learned exit AreaKey { scene: 17, anchor: (1216, 832) } event=253 -> AreaKey { scene: 17, anchor: (1408, 960) }
area teleport in scene 17 at frame 22894: (1232, 904) -> (1440, 1008)
target scene=17 area=(1408, 960) event=252 script=8530 mode=4 state=1 player=(1440, 1008) pos=(1440, 1056) path=6
learned targeted exit AreaKey { scene: 17, anchor: (1408, 960) } event=252 -> AreaKey { scene: 17, anchor: (1024, 1216) }
marked destination touch VisitKey { scene: 17, area: (1024, 1216), event_id: 252, trigger_script: 8533, state: 1 }
learned exit AreaKey { scene: 17, anchor: (1408, 960) } event=252 -> AreaKey { scene: 17, anchor: (1024, 1216) }
area teleport in scene 17 at frame 22951: (1440, 1056) -> (1040, 1256)
target scene=17 area=(1024, 1216) event=252 script=8533 mode=4 state=1 player=(1040, 1256) pos=(1056, 1248) path=1
learned targeted exit AreaKey { scene: 17, anchor: (1024, 1216) } event=252 -> AreaKey { scene: 17, anchor: (1408, 1024) }
marked destination touch VisitKey { scene: 17, area: (1408, 1024), event_id: 252, trigger_script: 8530, state: 1 }
learned exit AreaKey { scene: 17, anchor: (1024, 1216) } event=252 -> AreaKey { scene: 17, anchor: (1408, 1024) }
area teleport in scene 17 at frame 23003: (1056, 1248) -> (1456, 1048)
target scene=17 area=(1408, 1024) event=251 script=8524 mode=4 state=1 player=(1456, 1048) pos=(1456, 1144) path=16
learned targeted exit AreaKey { scene: 17, anchor: (1408, 1024) } event=251 -> AreaKey { scene: 17, anchor: (1280, 768) }
marked destination touch VisitKey { scene: 17, area: (1280, 768), event_id: 251, trigger_script: 8519, state: 1 }
learned exit AreaKey { scene: 17, anchor: (1408, 1024) } event=251 -> AreaKey { scene: 17, anchor: (1280, 768) }
area teleport in scene 17 at frame 23102: (1456, 1144) -> (1280, 816)
target scene=17 area=(1280, 768) event=251 script=8519 mode=4 state=1 player=(1280, 816) pos=(1296, 824) path=1
learned targeted exit AreaKey { scene: 17, anchor: (1280, 768) } event=251 -> AreaKey { scene: 17, anchor: (1472, 1152) }
marked destination touch VisitKey { scene: 17, area: (1472, 1152), event_id: 251, trigger_script: 8524, state: 1 }
learned exit AreaKey { scene: 17, anchor: (1280, 768) } event=251 -> AreaKey { scene: 17, anchor: (1472, 1152) }
area teleport in scene 17 at frame 23186: (1296, 824) -> (1472, 1152)
target scene=17 area=(1472, 1152) event=251 script=8524 mode=4 state=1 player=(1472, 1152) pos=(1456, 1144) path=1
learned targeted exit AreaKey { scene: 17, anchor: (1472, 1152) } event=251 -> AreaKey { scene: 17, anchor: (1280, 768) }
marked destination touch VisitKey { scene: 17, area: (1280, 768), event_id: 251, trigger_script: 8519, state: 1 }
learned exit AreaKey { scene: 17, anchor: (1472, 1152) } event=251 -> AreaKey { scene: 17, anchor: (1280, 768) }
area teleport in scene 17 at frame 23270: (1456, 1144) -> (1280, 816)
target scene=17 area=(1280, 768) event=251 script=8519 mode=4 state=1 player=(1280, 816) pos=(1296, 824) path=1
learned targeted exit AreaKey { scene: 17, anchor: (1280, 768) } event=251 -> AreaKey { scene: 17, anchor: (1472, 1152) }
marked destination touch VisitKey { scene: 17, area: (1472, 1152), event_id: 251, trigger_script: 8524, state: 1 }
learned exit AreaKey { scene: 17, anchor: (1280, 768) } event=251 -> AreaKey { scene: 17, anchor: (1472, 1152) }
area teleport in scene 17 at frame 23354: (1296, 824) -> (1472, 1152)
target scene=17 area=(1472, 1152) event=252 script=8530 mode=4 state=1 player=(1472, 1152) pos=(1440, 1056) path=16
learned targeted exit AreaKey { scene: 17, anchor: (1472, 1152) } event=252 -> AreaKey { scene: 17, anchor: (1024, 1216) }
marked destination touch VisitKey { scene: 17, area: (1024, 1216), event_id: 252, trigger_script: 8533, state: 1 }
learned exit AreaKey { scene: 17, anchor: (1472, 1152) } event=252 -> AreaKey { scene: 17, anchor: (1024, 1216) }
area teleport in scene 17 at frame 23421: (1440, 1056) -> (1040, 1256)
target scene=17 area=(1024, 1216) event=252 script=8533 mode=4 state=1 player=(1040, 1256) pos=(1056, 1248) path=1
learned targeted exit AreaKey { scene: 17, anchor: (1024, 1216) } event=252 -> AreaKey { scene: 17, anchor: (1408, 1024) }
marked destination touch VisitKey { scene: 17, area: (1408, 1024), event_id: 252, trigger_script: 8530, state: 1 }
learned exit AreaKey { scene: 17, anchor: (1024, 1216) } event=252 -> AreaKey { scene: 17, anchor: (1408, 1024) }
area teleport in scene 17 at frame 23473: (1056, 1248) -> (1456, 1048)
target scene=17 area=(1408, 1024) event=253 script=8537 mode=4 state=1 player=(1456, 1048) pos=(1424, 1000) path=6
learned targeted exit AreaKey { scene: 17, anchor: (1408, 1024) } event=253 -> AreaKey { scene: 17, anchor: (1216, 896) }
marked destination touch VisitKey { scene: 17, area: (1216, 896), event_id: 253, trigger_script: 8540, state: 1 }
learned exit AreaKey { scene: 17, anchor: (1408, 1024) } event=253 -> AreaKey { scene: 17, anchor: (1216, 896) }
area teleport in scene 17 at frame 23506: (1424, 1000) -> (1216, 896)
target scene=17 area=(1216, 896) event=254 script=8544 mode=4 state=1 player=(1216, 896) pos=(1184, 880) path=2
learned targeted exit AreaKey { scene: 17, anchor: (1216, 896) } event=254 -> AreaKey { scene: 17, anchor: (1088, 832) }
marked destination touch VisitKey { scene: 17, area: (1088, 832), event_id: 254, trigger_script: 8547, state: 1 }
learned exit AreaKey { scene: 17, anchor: (1216, 896) } event=254 -> AreaKey { scene: 17, anchor: (1088, 832) }
area teleport in scene 17 at frame 23521: (1184, 880) -> (1088, 832)
target scene=17 area=(1088, 832) event=256 script=8560 mode=4 state=1 player=(1088, 832) pos=(1232, 776) path=9
learned targeted exit AreaKey { scene: 17, anchor: (1088, 832) } event=256 -> AreaKey { scene: 17, anchor: (1280, 512) }
marked destination touch VisitKey { scene: 17, area: (1280, 512), event_id: 256, trigger_script: 8564, state: 1 }
learned exit AreaKey { scene: 17, anchor: (1088, 832) } event=256 -> AreaKey { scene: 17, anchor: (1280, 512) }
area teleport in scene 17 at frame 23583: (1232, 776) -> (1328, 568)
target scene=17 area=(1280, 512) event=264 script=887 mode=1 state=2 player=(1328, 568) pos=(1408, 432) path=44
marked destination touch VisitKey { scene: 17, area: (1024, 448), event_id: 260, trigger_script: 8595, state: 1 }
learned exit AreaKey { scene: 17, anchor: (1280, 512) } event=260 -> AreaKey { scene: 17, anchor: (1024, 448) }
area teleport in scene 17 at frame 23613: (1280, 560) -> (1072, 456)
target scene=17 area=(1024, 448) event=264 script=887 mode=1 state=2 player=(1072, 456) pos=(1408, 432) path=24
target scene=17 area=(1024, 448) event=260 script=8595 mode=4 state=1 player=(1392, 424) pos=(1104, 472) path=26
learned targeted exit AreaKey { scene: 17, anchor: (1024, 448) } event=260 -> AreaKey { scene: 17, anchor: (1280, 512) }
marked destination touch VisitKey { scene: 17, area: (1280, 512), event_id: 260, trigger_script: 8601, state: 1 }
learned exit AreaKey { scene: 17, anchor: (1024, 448) } event=260 -> AreaKey { scene: 17, anchor: (1280, 512) }
area teleport in scene 17 at frame 23688: (1104, 472) -> (1296, 568)
target scene=17 area=(1280, 512) event=257 script=8569 mode=4 state=1 player=(1296, 568) pos=(1344, 560) path=3
learned targeted exit AreaKey { scene: 17, anchor: (1280, 512) } event=257 -> AreaKey { scene: 17, anchor: (1408, 512) }
marked destination touch VisitKey { scene: 17, area: (1408, 512), event_id: 256, trigger_script: 8564, state: 1 }
learned exit AreaKey { scene: 17, anchor: (1280, 512) } event=256 -> AreaKey { scene: 17, anchor: (1408, 512) }
marked destination touch VisitKey { scene: 17, area: (1408, 512), event_id: 257, trigger_script: 8572, state: 1 }
learned exit AreaKey { scene: 17, anchor: (1280, 512) } event=257 -> AreaKey { scene: 17, anchor: (1408, 512) }
area teleport in scene 17 at frame 23702: (1344, 560) -> (1424, 520)
target scene=17 area=(1408, 512) event=257 script=8572 mode=4 state=1 player=(1424, 520) pos=(1408, 528) path=1
learned targeted exit AreaKey { scene: 17, anchor: (1408, 512) } event=257 -> AreaKey { scene: 17, anchor: (1280, 512) }
marked destination touch VisitKey { scene: 17, area: (1280, 512), event_id: 257, trigger_script: 8569, state: 1 }
learned exit AreaKey { scene: 17, anchor: (1408, 512) } event=257 -> AreaKey { scene: 17, anchor: (1280, 512) }
area teleport in scene 17 at frame 23714: (1408, 528) -> (1328, 568)
target scene=17 area=(1280, 512) event=264 script=887 mode=1 state=2 player=(1328, 568) pos=(1408, 432) path=44
marked destination touch VisitKey { scene: 17, area: (1024, 448), event_id: 260, trigger_script: 8595, state: 1 }
learned exit AreaKey { scene: 17, anchor: (1280, 512) } event=260 -> AreaKey { scene: 17, anchor: (1024, 448) }
area teleport in scene 17 at frame 23744: (1280, 560) -> (1072, 456)
target scene=17 area=(1024, 448) event=264 script=887 mode=1 state=2 player=(1072, 456) pos=(1408, 432) path=24
target scene=17 area=(1024, 448) event=260 script=8595 mode=4 state=1 player=(1392, 424) pos=(1104, 472) path=26
learned targeted exit AreaKey { scene: 17, anchor: (1024, 448) } event=260 -> AreaKey { scene: 17, anchor: (1280, 512) }
marked destination touch VisitKey { scene: 17, area: (1280, 512), event_id: 260, trigger_script: 8601, state: 1 }
learned exit AreaKey { scene: 17, anchor: (1024, 448) } event=260 -> AreaKey { scene: 17, anchor: (1280, 512) }
area teleport in scene 17 at frame 23819: (1104, 472) -> (1296, 568)
target scene=17 area=(1280, 512) event=256 script=8564 mode=4 state=1 player=(1296, 568) pos=(1344, 576) path=3
learned targeted exit AreaKey { scene: 17, anchor: (1280, 512) } event=256 -> AreaKey { scene: 17, anchor: (1216, 768) }
marked destination touch VisitKey { scene: 17, area: (1216, 768), event_id: 256, trigger_script: 8560, state: 1 }
learned exit AreaKey { scene: 17, anchor: (1280, 512) } event=256 -> AreaKey { scene: 17, anchor: (1216, 768) }
marked destination touch VisitKey { scene: 17, area: (1216, 768), event_id: 257, trigger_script: 8569, state: 1 }
learned exit AreaKey { scene: 17, anchor: (1280, 512) } event=257 -> AreaKey { scene: 17, anchor: (1216, 768) }
area teleport in scene 17 at frame 23875: (1344, 576) -> (1216, 784)
target scene=17 area=(1216, 768) event=258 script=8576 mode=4 state=1 player=(1216, 784) pos=(1088, 736) path=8
learned targeted exit AreaKey { scene: 17, anchor: (1216, 768) } event=258 -> AreaKey { scene: 17, anchor: (512, 512) }
marked destination touch VisitKey { scene: 17, area: (512, 512), event_id: 258, trigger_script: 8580, state: 1 }
learned exit AreaKey { scene: 17, anchor: (1216, 768) } event=258 -> AreaKey { scene: 17, anchor: (512, 512) }
area teleport in scene 17 at frame 23952: (1088, 736) -> (544, 544)
target scene=17 area=(512, 512) event=258 script=8580 mode=4 state=1 player=(544, 544) pos=(560, 552) path=1
learned targeted exit AreaKey { scene: 17, anchor: (512, 512) } event=258 -> AreaKey { scene: 17, anchor: (1088, 704) }
marked destination touch VisitKey { scene: 17, area: (1088, 704), event_id: 258, trigger_script: 8576, state: 1 }
learned exit AreaKey { scene: 17, anchor: (512, 512) } event=258 -> AreaKey { scene: 17, anchor: (1088, 704) }
area teleport in scene 17 at frame 24022: (560, 552) -> (1104, 728)
target scene=17 area=(1088, 704) event=259 script=8585 mode=4 state=1 player=(1104, 728) pos=(1136, 600) path=16
learned targeted exit AreaKey { scene: 17, anchor: (1088, 704) } event=259 -> AreaKey { scene: 17, anchor: (832, 448) }
marked destination touch VisitKey { scene: 17, area: (832, 448), event_id: 259, trigger_script: 8588, state: 1 }
learned exit AreaKey { scene: 17, anchor: (1088, 704) } event=259 -> AreaKey { scene: 17, anchor: (832, 448) }
area teleport in scene 17 at frame 24077: (1136, 600) -> (832, 448)
target scene=17 area=(832, 448) event=259 script=8588 mode=4 state=1 player=(832, 448) pos=(848, 456) path=1
learned targeted exit AreaKey { scene: 17, anchor: (832, 448) } event=259 -> AreaKey { scene: 17, anchor: (1152, 576) }
marked destination touch VisitKey { scene: 17, area: (1152, 576), event_id: 259, trigger_script: 8585, state: 1 }
learned exit AreaKey { scene: 17, anchor: (832, 448) } event=259 -> AreaKey { scene: 17, anchor: (1152, 576) }
area teleport in scene 17 at frame 24117: (848, 456) -> (1152, 608)
target scene=17 area=(1152, 576) event=259 script=8585 mode=4 state=1 player=(1152, 608) pos=(1136, 600) path=1
learned targeted exit AreaKey { scene: 17, anchor: (1152, 576) } event=259 -> AreaKey { scene: 17, anchor: (832, 448) }
marked destination touch VisitKey { scene: 17, area: (832, 448), event_id: 259, trigger_script: 8588, state: 1 }
learned exit AreaKey { scene: 17, anchor: (1152, 576) } event=259 -> AreaKey { scene: 17, anchor: (832, 448) }
area teleport in scene 17 at frame 24157: (1136, 600) -> (832, 448)
target scene=17 area=(832, 448) event=259 script=8588 mode=4 state=1 player=(832, 448) pos=(848, 456) path=1
learned targeted exit AreaKey { scene: 17, anchor: (832, 448) } event=259 -> AreaKey { scene: 17, anchor: (1152, 576) }
marked destination touch VisitKey { scene: 17, area: (1152, 576), event_id: 259, trigger_script: 8585, state: 1 }
learned exit AreaKey { scene: 17, anchor: (832, 448) } event=259 -> AreaKey { scene: 17, anchor: (1152, 576) }
area teleport in scene 17 at frame 24197: (848, 456) -> (1152, 608)
target scene=17 area=(1152, 576) event=258 script=8576 mode=4 state=1 player=(1152, 608) pos=(1088, 736) path=16
learned targeted exit AreaKey { scene: 17, anchor: (1152, 576) } event=258 -> AreaKey { scene: 17, anchor: (512, 512) }
marked destination touch VisitKey { scene: 17, area: (512, 512), event_id: 258, trigger_script: 8580, state: 1 }
learned exit AreaKey { scene: 17, anchor: (1152, 576) } event=258 -> AreaKey { scene: 17, anchor: (512, 512) }
area teleport in scene 17 at frame 24282: (1088, 736) -> (544, 544)
target scene=17 area=(512, 512) event=258 script=8580 mode=4 state=1 player=(544, 544) pos=(560, 552) path=1
learned targeted exit AreaKey { scene: 17, anchor: (512, 512) } event=258 -> AreaKey { scene: 17, anchor: (1088, 704) }
marked destination touch VisitKey { scene: 17, area: (1088, 704), event_id: 258, trigger_script: 8576, state: 1 }
learned exit AreaKey { scene: 17, anchor: (512, 512) } event=258 -> AreaKey { scene: 17, anchor: (1088, 704) }
area teleport in scene 17 at frame 24352: (560, 552) -> (1104, 728)
target scene=17 area=(1088, 704) event=254 script=8547 mode=4 state=1 player=(1104, 728) pos=(1104, 840) path=14
learned targeted exit AreaKey { scene: 17, anchor: (1088, 704) } event=254 -> AreaKey { scene: 17, anchor: (1152, 832) }
marked destination touch VisitKey { scene: 17, area: (1152, 832), event_id: 254, trigger_script: 8544, state: 1 }
learned exit AreaKey { scene: 17, anchor: (1088, 704) } event=254 -> AreaKey { scene: 17, anchor: (1152, 832) }
area teleport in scene 17 at frame 24379: (1104, 840) -> (1200, 888)
target scene=17 area=(1152, 832) event=254 script=8544 mode=4 state=1 player=(1200, 888) pos=(1184, 880) path=1
learned targeted exit AreaKey { scene: 17, anchor: (1152, 832) } event=254 -> AreaKey { scene: 17, anchor: (1088, 832) }
marked destination touch VisitKey { scene: 17, area: (1088, 832), event_id: 254, trigger_script: 8547, state: 1 }
learned exit AreaKey { scene: 17, anchor: (1152, 832) } event=254 -> AreaKey { scene: 17, anchor: (1088, 832) }
area teleport in scene 17 at frame 24393: (1184, 880) -> (1088, 832)
target scene=17 area=(1088, 832) event=254 script=8547 mode=4 state=1 player=(1088, 832) pos=(1104, 840) path=1
learned targeted exit AreaKey { scene: 17, anchor: (1088, 832) } event=254 -> AreaKey { scene: 17, anchor: (1152, 832) }
marked destination touch VisitKey { scene: 17, area: (1152, 832), event_id: 254, trigger_script: 8544, state: 1 }
learned exit AreaKey { scene: 17, anchor: (1088, 832) } event=254 -> AreaKey { scene: 17, anchor: (1152, 832) }
area teleport in scene 17 at frame 24407: (1104, 840) -> (1200, 888)
target scene=17 area=(1152, 832) event=253 script=8540 mode=4 state=1 player=(1200, 888) pos=(1232, 904) path=2
learned targeted exit AreaKey { scene: 17, anchor: (1152, 832) } event=253 -> AreaKey { scene: 17, anchor: (1408, 960) }
marked destination touch VisitKey { scene: 17, area: (1408, 960), event_id: 253, trigger_script: 8537, state: 1 }
learned exit AreaKey { scene: 17, anchor: (1152, 832) } event=253 -> AreaKey { scene: 17, anchor: (1408, 960) }
area teleport in scene 17 at frame 24436: (1232, 904) -> (1440, 1008)
target scene=17 area=(1408, 960) event=253 script=8537 mode=4 state=1 player=(1440, 1008) pos=(1424, 1000) path=1
learned targeted exit AreaKey { scene: 17, anchor: (1408, 960) } event=253 -> AreaKey { scene: 17, anchor: (1216, 896) }
marked destination touch VisitKey { scene: 17, area: (1216, 896), event_id: 253, trigger_script: 8540, state: 1 }
learned exit AreaKey { scene: 17, anchor: (1408, 960) } event=253 -> AreaKey { scene: 17, anchor: (1216, 896) }
area teleport in scene 17 at frame 24464: (1424, 1000) -> (1216, 896)
target scene=17 area=(1216, 896) event=255 script=8551 mode=4 state=1 player=(1216, 896) pos=(1248, 880) path=2
learned targeted exit AreaKey { scene: 17, anchor: (1216, 896) } event=255 -> AreaKey { scene: 17, anchor: (896, 384) }
marked destination touch VisitKey { scene: 17, area: (896, 384), event_id: 255, trigger_script: 8555, state: 1 }
learned exit AreaKey { scene: 17, anchor: (1216, 896) } event=255 -> AreaKey { scene: 17, anchor: (896, 384) }
area teleport in scene 17 at frame 24585: (1248, 880) -> (912, 408)
target scene=17 area=(896, 384) event=237 script=9193 mode=2 state=2 player=(912, 408) pos=(784, 216) path=31
target scene=17 area=(896, 384) event=255 script=8555 mode=4 state=1 player=(832, 240) pos=(928, 416) path=32
learned targeted exit AreaKey { scene: 17, anchor: (896, 384) } event=255 -> AreaKey { scene: 17, anchor: (1216, 832) }
marked destination touch VisitKey { scene: 17, area: (1216, 832), event_id: 255, trigger_script: 8551, state: 1 }
learned exit AreaKey { scene: 17, anchor: (896, 384) } event=255 -> AreaKey { scene: 17, anchor: (1216, 832) }
area teleport in scene 17 at frame 24767: (928, 416) -> (1232, 888)
target scene=17 area=(1216, 832) event=255 script=8551 mode=4 state=1 player=(1232, 888) pos=(1248, 880) path=1
learned targeted exit AreaKey { scene: 17, anchor: (1216, 832) } event=255 -> AreaKey { scene: 17, anchor: (896, 384) }
marked destination touch VisitKey { scene: 17, area: (896, 384), event_id: 255, trigger_script: 8555, state: 1 }
learned exit AreaKey { scene: 17, anchor: (1216, 832) } event=255 -> AreaKey { scene: 17, anchor: (896, 384) }
area teleport in scene 17 at frame 24887: (1248, 880) -> (912, 408)
target scene=17 area=(896, 384) event=237 script=9193 mode=2 state=2 player=(912, 408) pos=(784, 216) path=31
target scene=17 area=(896, 384) event=255 script=8555 mode=4 state=1 player=(832, 240) pos=(928, 416) path=32
learned targeted exit AreaKey { scene: 17, anchor: (896, 384) } event=255 -> AreaKey { scene: 17, anchor: (1216, 832) }
marked destination touch VisitKey { scene: 17, area: (1216, 832), event_id: 255, trigger_script: 8551, state: 1 }
learned exit AreaKey { scene: 17, anchor: (896, 384) } event=255 -> AreaKey { scene: 17, anchor: (1216, 832) }
area teleport in scene 17 at frame 25069: (928, 416) -> (1232, 888)
target scene=17 area=(1216, 832) event=253 script=8540 mode=4 state=1 player=(1232, 888) pos=(1232, 904) path=2
learned targeted exit AreaKey { scene: 17, anchor: (1216, 832) } event=253 -> AreaKey { scene: 17, anchor: (1408, 960) }
marked destination touch VisitKey { scene: 17, area: (1408, 960), event_id: 253, trigger_script: 8537, state: 1 }
learned exit AreaKey { scene: 17, anchor: (1216, 832) } event=253 -> AreaKey { scene: 17, anchor: (1408, 960) }
area teleport in scene 17 at frame 25098: (1232, 904) -> (1440, 1008)
target scene=17 area=(1408, 960) event=252 script=8530 mode=4 state=1 player=(1440, 1008) pos=(1440, 1056) path=6
learned targeted exit AreaKey { scene: 17, anchor: (1408, 960) } event=252 -> AreaKey { scene: 17, anchor: (1024, 1216) }
marked destination touch VisitKey { scene: 17, area: (1024, 1216), event_id: 252, trigger_script: 8533, state: 1 }
learned exit AreaKey { scene: 17, anchor: (1408, 960) } event=252 -> AreaKey { scene: 17, anchor: (1024, 1216) }
area teleport in scene 17 at frame 25155: (1440, 1056) -> (1040, 1256)
target scene=17 area=(1024, 1216) event=252 script=8533 mode=4 state=1 player=(1040, 1256) pos=(1056, 1248) path=1
learned targeted exit AreaKey { scene: 17, anchor: (1024, 1216) } event=252 -> AreaKey { scene: 17, anchor: (1408, 1024) }
marked destination touch VisitKey { scene: 17, area: (1408, 1024), event_id: 252, trigger_script: 8530, state: 1 }
learned exit AreaKey { scene: 17, anchor: (1024, 1216) } event=252 -> AreaKey { scene: 17, anchor: (1408, 1024) }
area teleport in scene 17 at frame 25207: (1056, 1248) -> (1456, 1048)
target scene=17 area=(1408, 1024) event=251 script=8524 mode=4 state=1 player=(1456, 1048) pos=(1456, 1144) path=16
learned targeted exit AreaKey { scene: 17, anchor: (1408, 1024) } event=251 -> AreaKey { scene: 17, anchor: (1280, 768) }
marked destination touch VisitKey { scene: 17, area: (1280, 768), event_id: 251, trigger_script: 8519, state: 1 }
learned exit AreaKey { scene: 17, anchor: (1408, 1024) } event=251 -> AreaKey { scene: 17, anchor: (1280, 768) }
area teleport in scene 17 at frame 25306: (1456, 1144) -> (1280, 816)
target scene=17 area=(1280, 768) event=251 script=8519 mode=4 state=1 player=(1280, 816) pos=(1296, 824) path=1
learned targeted exit AreaKey { scene: 17, anchor: (1280, 768) } event=251 -> AreaKey { scene: 17, anchor: (1472, 1152) }
marked destination touch VisitKey { scene: 17, area: (1472, 1152), event_id: 251, trigger_script: 8524, state: 1 }
learned exit AreaKey { scene: 17, anchor: (1280, 768) } event=251 -> AreaKey { scene: 17, anchor: (1472, 1152) }
area teleport in scene 17 at frame 25390: (1296, 824) -> (1472, 1152)
target scene=17 area=(1472, 1152) event=251 script=8524 mode=4 state=1 player=(1472, 1152) pos=(1456, 1144) path=1
learned targeted exit AreaKey { scene: 17, anchor: (1472, 1152) } event=251 -> AreaKey { scene: 17, anchor: (1280, 768) }
marked destination touch VisitKey { scene: 17, area: (1280, 768), event_id: 251, trigger_script: 8519, state: 1 }
learned exit AreaKey { scene: 17, anchor: (1472, 1152) } event=251 -> AreaKey { scene: 17, anchor: (1280, 768) }
area teleport in scene 17 at frame 25474: (1456, 1144) -> (1280, 816)
target scene=17 area=(1280, 768) event=251 script=8519 mode=4 state=1 player=(1280, 816) pos=(1296, 824) path=1
learned targeted exit AreaKey { scene: 17, anchor: (1280, 768) } event=251 -> AreaKey { scene: 17, anchor: (1472, 1152) }
marked destination touch VisitKey { scene: 17, area: (1472, 1152), event_id: 251, trigger_script: 8524, state: 1 }
learned exit AreaKey { scene: 17, anchor: (1280, 768) } event=251 -> AreaKey { scene: 17, anchor: (1472, 1152) }
area teleport in scene 17 at frame 25558: (1296, 824) -> (1472, 1152)
target scene=17 area=(1472, 1152) event=252 script=8530 mode=4 state=1 player=(1472, 1152) pos=(1440, 1056) path=16
learned targeted exit AreaKey { scene: 17, anchor: (1472, 1152) } event=252 -> AreaKey { scene: 17, anchor: (1024, 1216) }
marked destination touch VisitKey { scene: 17, area: (1024, 1216), event_id: 252, trigger_script: 8533, state: 1 }
learned exit AreaKey { scene: 17, anchor: (1472, 1152) } event=252 -> AreaKey { scene: 17, anchor: (1024, 1216) }
area teleport in scene 17 at frame 25625: (1440, 1056) -> (1040, 1256)
target scene=17 area=(1024, 1216) event=252 script=8533 mode=4 state=1 player=(1040, 1256) pos=(1056, 1248) path=1
learned targeted exit AreaKey { scene: 17, anchor: (1024, 1216) } event=252 -> AreaKey { scene: 17, anchor: (1408, 1024) }
marked destination touch VisitKey { scene: 17, area: (1408, 1024), event_id: 252, trigger_script: 8530, state: 1 }
learned exit AreaKey { scene: 17, anchor: (1024, 1216) } event=252 -> AreaKey { scene: 17, anchor: (1408, 1024) }
area teleport in scene 17 at frame 25677: (1056, 1248) -> (1456, 1048)
target scene=17 area=(1408, 1024) event=253 script=8537 mode=4 state=1 player=(1456, 1048) pos=(1424, 1000) path=6
learned targeted exit AreaKey { scene: 17, anchor: (1408, 1024) } event=253 -> AreaKey { scene: 17, anchor: (1216, 896) }
marked destination touch VisitKey { scene: 17, area: (1216, 896), event_id: 253, trigger_script: 8540, state: 1 }
learned exit AreaKey { scene: 17, anchor: (1408, 1024) } event=253 -> AreaKey { scene: 17, anchor: (1216, 896) }
area teleport in scene 17 at frame 25710: (1424, 1000) -> (1216, 896)
target scene=17 area=(1216, 896) event=254 script=8544 mode=4 state=1 player=(1216, 896) pos=(1184, 880) path=2
learned targeted exit AreaKey { scene: 17, anchor: (1216, 896) } event=254 -> AreaKey { scene: 17, anchor: (1088, 832) }
marked destination touch VisitKey { scene: 17, area: (1088, 832), event_id: 254, trigger_script: 8547, state: 1 }
learned exit AreaKey { scene: 17, anchor: (1216, 896) } event=254 -> AreaKey { scene: 17, anchor: (1088, 832) }
area teleport in scene 17 at frame 25725: (1184, 880) -> (1088, 832)
target scene=17 area=(1088, 832) event=258 script=8576 mode=4 state=1 player=(1088, 832) pos=(1088, 736) path=14
learned targeted exit AreaKey { scene: 17, anchor: (1088, 832) } event=258 -> AreaKey { scene: 17, anchor: (512, 512) }
marked destination touch VisitKey { scene: 17, area: (512, 512), event_id: 258, trigger_script: 8580, state: 1 }
learned exit AreaKey { scene: 17, anchor: (1088, 832) } event=258 -> AreaKey { scene: 17, anchor: (512, 512) }
area teleport in scene 17 at frame 25808: (1088, 736) -> (544, 544)
target scene=17 area=(512, 512) event=258 script=8580 mode=4 state=1 player=(544, 544) pos=(560, 552) path=1
learned targeted exit AreaKey { scene: 17, anchor: (512, 512) } event=258 -> AreaKey { scene: 17, anchor: (1088, 704) }
marked destination touch VisitKey { scene: 17, area: (1088, 704), event_id: 258, trigger_script: 8576, state: 1 }
learned exit AreaKey { scene: 17, anchor: (512, 512) } event=258 -> AreaKey { scene: 17, anchor: (1088, 704) }
area teleport in scene 17 at frame 25878: (560, 552) -> (1104, 728)
target scene=17 area=(1088, 704) event=259 script=8585 mode=4 state=1 player=(1104, 728) pos=(1136, 600) path=16
learned targeted exit AreaKey { scene: 17, anchor: (1088, 704) } event=259 -> AreaKey { scene: 17, anchor: (832, 448) }
marked destination touch VisitKey { scene: 17, area: (832, 448), event_id: 259, trigger_script: 8588, state: 1 }
learned exit AreaKey { scene: 17, anchor: (1088, 704) } event=259 -> AreaKey { scene: 17, anchor: (832, 448) }
area teleport in scene 17 at frame 25933: (1136, 600) -> (832, 448)
target scene=17 area=(832, 448) event=259 script=8588 mode=4 state=1 player=(832, 448) pos=(848, 456) path=1
learned targeted exit AreaKey { scene: 17, anchor: (832, 448) } event=259 -> AreaKey { scene: 17, anchor: (1152, 576) }
marked destination touch VisitKey { scene: 17, area: (1152, 576), event_id: 259, trigger_script: 8585, state: 1 }
learned exit AreaKey { scene: 17, anchor: (832, 448) } event=259 -> AreaKey { scene: 17, anchor: (1152, 576) }
area teleport in scene 17 at frame 25973: (848, 456) -> (1152, 608)
target scene=17 area=(1152, 576) event=259 script=8585 mode=4 state=1 player=(1152, 608) pos=(1136, 600) path=1
learned targeted exit AreaKey { scene: 17, anchor: (1152, 576) } event=259 -> AreaKey { scene: 17, anchor: (832, 448) }
marked destination touch VisitKey { scene: 17, area: (832, 448), event_id: 259, trigger_script: 8588, state: 1 }
learned exit AreaKey { scene: 17, anchor: (1152, 576) } event=259 -> AreaKey { scene: 17, anchor: (832, 448) }
area teleport in scene 17 at frame 26013: (1136, 600) -> (832, 448)
target scene=17 area=(832, 448) event=259 script=8588 mode=4 state=1 player=(832, 448) pos=(848, 456) path=1
learned targeted exit AreaKey { scene: 17, anchor: (832, 448) } event=259 -> AreaKey { scene: 17, anchor: (1152, 576) }
marked destination touch VisitKey { scene: 17, area: (1152, 576), event_id: 259, trigger_script: 8585, state: 1 }
learned exit AreaKey { scene: 17, anchor: (832, 448) } event=259 -> AreaKey { scene: 17, anchor: (1152, 576) }
area teleport in scene 17 at frame 26053: (848, 456) -> (1152, 608)
target scene=17 area=(1152, 576) event=258 script=8576 mode=4 state=1 player=(1152, 608) pos=(1088, 736) path=16
learned targeted exit AreaKey { scene: 17, anchor: (1152, 576) } event=258 -> AreaKey { scene: 17, anchor: (512, 512) }
marked destination touch VisitKey { scene: 17, area: (512, 512), event_id: 258, trigger_script: 8580, state: 1 }
learned exit AreaKey { scene: 17, anchor: (1152, 576) } event=258 -> AreaKey { scene: 17, anchor: (512, 512) }
area teleport in scene 17 at frame 26138: (1088, 736) -> (544, 544)
target scene=17 area=(512, 512) event=258 script=8580 mode=4 state=1 player=(544, 544) pos=(560, 552) path=1
learned targeted exit AreaKey { scene: 17, anchor: (512, 512) } event=258 -> AreaKey { scene: 17, anchor: (1088, 704) }
marked destination touch VisitKey { scene: 17, area: (1088, 704), event_id: 258, trigger_script: 8576, state: 1 }
learned exit AreaKey { scene: 17, anchor: (512, 512) } event=258 -> AreaKey { scene: 17, anchor: (1088, 704) }
area teleport in scene 17 at frame 26208: (560, 552) -> (1104, 728)
target scene=17 area=(1088, 704) event=254 script=8547 mode=4 state=1 player=(1104, 728) pos=(1104, 840) path=14
learned targeted exit AreaKey { scene: 17, anchor: (1088, 704) } event=254 -> AreaKey { scene: 17, anchor: (1152, 832) }
marked destination touch VisitKey { scene: 17, area: (1152, 832), event_id: 254, trigger_script: 8544, state: 1 }
learned exit AreaKey { scene: 17, anchor: (1088, 704) } event=254 -> AreaKey { scene: 17, anchor: (1152, 832) }
area teleport in scene 17 at frame 26235: (1104, 840) -> (1200, 888)
target scene=17 area=(1152, 832) event=254 script=8544 mode=4 state=1 player=(1200, 888) pos=(1184, 880) path=1
learned targeted exit AreaKey { scene: 17, anchor: (1152, 832) } event=254 -> AreaKey { scene: 17, anchor: (1088, 832) }
marked destination touch VisitKey { scene: 17, area: (1088, 832), event_id: 254, trigger_script: 8547, state: 1 }
learned exit AreaKey { scene: 17, anchor: (1152, 832) } event=254 -> AreaKey { scene: 17, anchor: (1088, 832) }
area teleport in scene 17 at frame 26249: (1184, 880) -> (1088, 832)
target scene=17 area=(1088, 832) event=254 script=8547 mode=4 state=1 player=(1088, 832) pos=(1104, 840) path=1
learned targeted exit AreaKey { scene: 17, anchor: (1088, 832) } event=254 -> AreaKey { scene: 17, anchor: (1152, 832) }
marked destination touch VisitKey { scene: 17, area: (1152, 832), event_id: 254, trigger_script: 8544, state: 1 }
learned exit AreaKey { scene: 17, anchor: (1088, 832) } event=254 -> AreaKey { scene: 17, anchor: (1152, 832) }
area teleport in scene 17 at frame 26263: (1104, 840) -> (1200, 888)
target scene=17 area=(1152, 832) event=253 script=8540 mode=4 state=1 player=(1200, 888) pos=(1232, 904) path=2
learned targeted exit AreaKey { scene: 17, anchor: (1152, 832) } event=253 -> AreaKey { scene: 17, anchor: (1408, 960) }
marked destination touch VisitKey { scene: 17, area: (1408, 960), event_id: 253, trigger_script: 8537, state: 1 }
learned exit AreaKey { scene: 17, anchor: (1152, 832) } event=253 -> AreaKey { scene: 17, anchor: (1408, 960) }
area teleport in scene 17 at frame 26292: (1232, 904) -> (1440, 1008)
target scene=17 area=(1408, 960) event=253 script=8537 mode=4 state=1 player=(1440, 1008) pos=(1424, 1000) path=1
learned targeted exit AreaKey { scene: 17, anchor: (1408, 960) } event=253 -> AreaKey { scene: 17, anchor: (1216, 896) }
marked destination touch VisitKey { scene: 17, area: (1216, 896), event_id: 253, trigger_script: 8540, state: 1 }
learned exit AreaKey { scene: 17, anchor: (1408, 960) } event=253 -> AreaKey { scene: 17, anchor: (1216, 896) }
area teleport in scene 17 at frame 26320: (1424, 1000) -> (1216, 896)
target scene=17 area=(1216, 896) event=255 script=8551 mode=4 state=1 player=(1216, 896) pos=(1248, 880) path=2
learned targeted exit AreaKey { scene: 17, anchor: (1216, 896) } event=255 -> AreaKey { scene: 17, anchor: (896, 384) }
marked destination touch VisitKey { scene: 17, area: (896, 384), event_id: 255, trigger_script: 8555, state: 1 }
learned exit AreaKey { scene: 17, anchor: (1216, 896) } event=255 -> AreaKey { scene: 17, anchor: (896, 384) }
area teleport in scene 17 at frame 26441: (1248, 880) -> (912, 408)
target scene=17 area=(896, 384) event=237 script=9193 mode=2 state=2 player=(912, 408) pos=(784, 216) path=31
target scene=17 area=(896, 384) event=255 script=8555 mode=4 state=1 player=(832, 240) pos=(928, 416) path=32
learned targeted exit AreaKey { scene: 17, anchor: (896, 384) } event=255 -> AreaKey { scene: 17, anchor: (1216, 832) }
marked destination touch VisitKey { scene: 17, area: (1216, 832), event_id: 255, trigger_script: 8551, state: 1 }
learned exit AreaKey { scene: 17, anchor: (896, 384) } event=255 -> AreaKey { scene: 17, anchor: (1216, 832) }
area teleport in scene 17 at frame 26623: (928, 416) -> (1232, 888)
target scene=17 area=(1216, 832) event=255 script=8551 mode=4 state=1 player=(1232, 888) pos=(1248, 880) path=1
learned targeted exit AreaKey { scene: 17, anchor: (1216, 832) } event=255 -> AreaKey { scene: 17, anchor: (896, 384) }
marked destination touch VisitKey { scene: 17, area: (896, 384), event_id: 255, trigger_script: 8555, state: 1 }
learned exit AreaKey { scene: 17, anchor: (1216, 832) } event=255 -> AreaKey { scene: 17, anchor: (896, 384) }
area teleport in scene 17 at frame 26743: (1248, 880) -> (912, 408)
target scene=17 area=(896, 384) event=237 script=9193 mode=2 state=2 player=(912, 408) pos=(784, 216) path=31
target scene=17 area=(896, 384) event=255 script=8555 mode=4 state=1 player=(832, 240) pos=(928, 416) path=32
learned targeted exit AreaKey { scene: 17, anchor: (896, 384) } event=255 -> AreaKey { scene: 17, anchor: (1216, 832) }
marked destination touch VisitKey { scene: 17, area: (1216, 832), event_id: 255, trigger_script: 8551, state: 1 }
learned exit AreaKey { scene: 17, anchor: (896, 384) } event=255 -> AreaKey { scene: 17, anchor: (1216, 832) }
area teleport in scene 17 at frame 26925: (928, 416) -> (1232, 888)
target scene=17 area=(1216, 832) event=253 script=8540 mode=4 state=1 player=(1232, 888) pos=(1232, 904) path=2
learned targeted exit AreaKey { scene: 17, anchor: (1216, 832) } event=253 -> AreaKey { scene: 17, anchor: (1408, 960) }
marked destination touch VisitKey { scene: 17, area: (1408, 960), event_id: 253, trigger_script: 8537, state: 1 }
learned exit AreaKey { scene: 17, anchor: (1216, 832) } event=253 -> AreaKey { scene: 17, anchor: (1408, 960) }
area teleport in scene 17 at frame 26954: (1232, 904) -> (1440, 1008)
target scene=17 area=(1408, 960) event=252 script=8530 mode=4 state=1 player=(1440, 1008) pos=(1440, 1056) path=6
learned targeted exit AreaKey { scene: 17, anchor: (1408, 960) } event=252 -> AreaKey { scene: 17, anchor: (1024, 1216) }
marked destination touch VisitKey { scene: 17, area: (1024, 1216), event_id: 252, trigger_script: 8533, state: 1 }
learned exit AreaKey { scene: 17, anchor: (1408, 960) } event=252 -> AreaKey { scene: 17, anchor: (1024, 1216) }
area teleport in scene 17 at frame 27011: (1440, 1056) -> (1040, 1256)
target scene=17 area=(1024, 1216) event=252 script=8533 mode=4 state=1 player=(1040, 1256) pos=(1056, 1248) path=1
learned targeted exit AreaKey { scene: 17, anchor: (1024, 1216) } event=252 -> AreaKey { scene: 17, anchor: (1408, 1024) }
marked destination touch VisitKey { scene: 17, area: (1408, 1024), event_id: 252, trigger_script: 8530, state: 1 }
learned exit AreaKey { scene: 17, anchor: (1024, 1216) } event=252 -> AreaKey { scene: 17, anchor: (1408, 1024) }
area teleport in scene 17 at frame 27063: (1056, 1248) -> (1456, 1048)
target scene=17 area=(1408, 1024) event=251 script=8524 mode=4 state=1 player=(1456, 1048) pos=(1456, 1144) path=16
learned targeted exit AreaKey { scene: 17, anchor: (1408, 1024) } event=251 -> AreaKey { scene: 17, anchor: (1280, 768) }
marked destination touch VisitKey { scene: 17, area: (1280, 768), event_id: 251, trigger_script: 8519, state: 1 }
learned exit AreaKey { scene: 17, anchor: (1408, 1024) } event=251 -> AreaKey { scene: 17, anchor: (1280, 768) }
area teleport in scene 17 at frame 27162: (1456, 1144) -> (1280, 816)
target scene=17 area=(1280, 768) event=251 script=8519 mode=4 state=1 player=(1280, 816) pos=(1296, 824) path=1
learned targeted exit AreaKey { scene: 17, anchor: (1280, 768) } event=251 -> AreaKey { scene: 17, anchor: (1472, 1152) }
marked destination touch VisitKey { scene: 17, area: (1472, 1152), event_id: 251, trigger_script: 8524, state: 1 }
learned exit AreaKey { scene: 17, anchor: (1280, 768) } event=251 -> AreaKey { scene: 17, anchor: (1472, 1152) }
area teleport in scene 17 at frame 27246: (1296, 824) -> (1472, 1152)
target scene=17 area=(1472, 1152) event=251 script=8524 mode=4 state=1 player=(1472, 1152) pos=(1456, 1144) path=1
learned targeted exit AreaKey { scene: 17, anchor: (1472, 1152) } event=251 -> AreaKey { scene: 17, anchor: (1280, 768) }
marked destination touch VisitKey { scene: 17, area: (1280, 768), event_id: 251, trigger_script: 8519, state: 1 }
learned exit AreaKey { scene: 17, anchor: (1472, 1152) } event=251 -> AreaKey { scene: 17, anchor: (1280, 768) }
area teleport in scene 17 at frame 27330: (1456, 1144) -> (1280, 816)
target scene=17 area=(1280, 768) event=251 script=8519 mode=4 state=1 player=(1280, 816) pos=(1296, 824) path=1
learned targeted exit AreaKey { scene: 17, anchor: (1280, 768) } event=251 -> AreaKey { scene: 17, anchor: (1472, 1152) }
marked destination touch VisitKey { scene: 17, area: (1472, 1152), event_id: 251, trigger_script: 8524, state: 1 }
learned exit AreaKey { scene: 17, anchor: (1280, 768) } event=251 -> AreaKey { scene: 17, anchor: (1472, 1152) }
area teleport in scene 17 at frame 27414: (1296, 824) -> (1472, 1152)
target scene=17 area=(1472, 1152) event=252 script=8530 mode=4 state=1 player=(1472, 1152) pos=(1440, 1056) path=16
learned targeted exit AreaKey { scene: 17, anchor: (1472, 1152) } event=252 -> AreaKey { scene: 17, anchor: (1024, 1216) }
marked destination touch VisitKey { scene: 17, area: (1024, 1216), event_id: 252, trigger_script: 8533, state: 1 }
learned exit AreaKey { scene: 17, anchor: (1472, 1152) } event=252 -> AreaKey { scene: 17, anchor: (1024, 1216) }
area teleport in scene 17 at frame 27481: (1440, 1056) -> (1040, 1256)
target scene=17 area=(1024, 1216) event=252 script=8533 mode=4 state=1 player=(1040, 1256) pos=(1056, 1248) path=1
learned targeted exit AreaKey { scene: 17, anchor: (1024, 1216) } event=252 -> AreaKey { scene: 17, anchor: (1408, 1024) }
marked destination touch VisitKey { scene: 17, area: (1408, 1024), event_id: 252, trigger_script: 8530, state: 1 }
learned exit AreaKey { scene: 17, anchor: (1024, 1216) } event=252 -> AreaKey { scene: 17, anchor: (1408, 1024) }
area teleport in scene 17 at frame 27533: (1056, 1248) -> (1456, 1048)
target scene=17 area=(1408, 1024) event=253 script=8537 mode=4 state=1 player=(1456, 1048) pos=(1424, 1000) path=6
learned targeted exit AreaKey { scene: 17, anchor: (1408, 1024) } event=253 -> AreaKey { scene: 17, anchor: (1216, 896) }
marked destination touch VisitKey { scene: 17, area: (1216, 896), event_id: 253, trigger_script: 8540, state: 1 }
learned exit AreaKey { scene: 17, anchor: (1408, 1024) } event=253 -> AreaKey { scene: 17, anchor: (1216, 896) }
area teleport in scene 17 at frame 27566: (1424, 1000) -> (1216, 896)
target scene=17 area=(1216, 896) event=254 script=8544 mode=4 state=1 player=(1216, 896) pos=(1184, 880) path=2
learned targeted exit AreaKey { scene: 17, anchor: (1216, 896) } event=254 -> AreaKey { scene: 17, anchor: (1088, 832) }
marked destination touch VisitKey { scene: 17, area: (1088, 832), event_id: 254, trigger_script: 8547, state: 1 }
learned exit AreaKey { scene: 17, anchor: (1216, 896) } event=254 -> AreaKey { scene: 17, anchor: (1088, 832) }
area teleport in scene 17 at frame 27581: (1184, 880) -> (1088, 832)
target scene=17 area=(1088, 832) event=256 script=8560 mode=4 state=1 player=(1088, 832) pos=(1232, 776) path=9
learned targeted exit AreaKey { scene: 17, anchor: (1088, 832) } event=256 -> AreaKey { scene: 17, anchor: (1280, 512) }
marked destination touch VisitKey { scene: 17, area: (1280, 512), event_id: 256, trigger_script: 8564, state: 1 }
learned exit AreaKey { scene: 17, anchor: (1088, 832) } event=256 -> AreaKey { scene: 17, anchor: (1280, 512) }
area teleport in scene 17 at frame 27643: (1232, 776) -> (1328, 568)
target scene=17 area=(1280, 512) event=264 script=887 mode=1 state=2 player=(1328, 568) pos=(1408, 432) path=44
marked destination touch VisitKey { scene: 17, area: (1024, 448), event_id: 260, trigger_script: 8595, state: 1 }
learned exit AreaKey { scene: 17, anchor: (1280, 512) } event=260 -> AreaKey { scene: 17, anchor: (1024, 448) }
area teleport in scene 17 at frame 27673: (1280, 560) -> (1072, 456)
target scene=17 area=(1024, 448) event=264 script=887 mode=1 state=2 player=(1072, 456) pos=(1408, 432) path=24
target scene=17 area=(1024, 448) event=260 script=8595 mode=4 state=1 player=(1392, 424) pos=(1104, 472) path=26
learned targeted exit AreaKey { scene: 17, anchor: (1024, 448) } event=260 -> AreaKey { scene: 17, anchor: (1280, 512) }
marked destination touch VisitKey { scene: 17, area: (1280, 512), event_id: 260, trigger_script: 8601, state: 1 }
learned exit AreaKey { scene: 17, anchor: (1024, 448) } event=260 -> AreaKey { scene: 17, anchor: (1280, 512) }
area teleport in scene 17 at frame 27748: (1104, 472) -> (1296, 568)
target scene=17 area=(1280, 512) event=257 script=8569 mode=4 state=1 player=(1296, 568) pos=(1344, 560) path=3
learned targeted exit AreaKey { scene: 17, anchor: (1280, 512) } event=257 -> AreaKey { scene: 17, anchor: (1408, 512) }
marked destination touch VisitKey { scene: 17, area: (1408, 512), event_id: 256, trigger_script: 8564, state: 1 }
learned exit AreaKey { scene: 17, anchor: (1280, 512) } event=256 -> AreaKey { scene: 17, anchor: (1408, 512) }
marked destination touch VisitKey { scene: 17, area: (1408, 512), event_id: 257, trigger_script: 8572, state: 1 }
learned exit AreaKey { scene: 17, anchor: (1280, 512) } event=257 -> AreaKey { scene: 17, anchor: (1408, 512) }
area teleport in scene 17 at frame 27762: (1344, 560) -> (1424, 520)
target scene=17 area=(1408, 512) event=257 script=8572 mode=4 state=1 player=(1424, 520) pos=(1408, 528) path=1
learned targeted exit AreaKey { scene: 17, anchor: (1408, 512) } event=257 -> AreaKey { scene: 17, anchor: (1280, 512) }
marked destination touch VisitKey { scene: 17, area: (1280, 512), event_id: 257, trigger_script: 8569, state: 1 }
learned exit AreaKey { scene: 17, anchor: (1408, 512) } event=257 -> AreaKey { scene: 17, anchor: (1280, 512) }
area teleport in scene 17 at frame 27774: (1408, 528) -> (1328, 568)
target scene=17 area=(1280, 512) event=264 script=887 mode=1 state=2 player=(1328, 568) pos=(1408, 432) path=44
marked destination touch VisitKey { scene: 17, area: (1024, 448), event_id: 260, trigger_script: 8595, state: 1 }
learned exit AreaKey { scene: 17, anchor: (1280, 512) } event=260 -> AreaKey { scene: 17, anchor: (1024, 448) }
area teleport in scene 17 at frame 27804: (1280, 560) -> (1072, 456)
target scene=17 area=(1024, 448) event=264 script=887 mode=1 state=2 player=(1072, 456) pos=(1408, 432) path=24
target scene=17 area=(1024, 448) event=260 script=8595 mode=4 state=1 player=(1392, 424) pos=(1104, 472) path=26
learned targeted exit AreaKey { scene: 17, anchor: (1024, 448) } event=260 -> AreaKey { scene: 17, anchor: (1280, 512) }
marked destination touch VisitKey { scene: 17, area: (1280, 512), event_id: 260, trigger_script: 8601, state: 1 }
learned exit AreaKey { scene: 17, anchor: (1024, 448) } event=260 -> AreaKey { scene: 17, anchor: (1280, 512) }
area teleport in scene 17 at frame 27879: (1104, 472) -> (1296, 568)
target scene=17 area=(1280, 512) event=256 script=8564 mode=4 state=1 player=(1296, 568) pos=(1344, 576) path=3
learned targeted exit AreaKey { scene: 17, anchor: (1280, 512) } event=256 -> AreaKey { scene: 17, anchor: (1216, 768) }
marked destination touch VisitKey { scene: 17, area: (1216, 768), event_id: 256, trigger_script: 8560, state: 1 }
learned exit AreaKey { scene: 17, anchor: (1280, 512) } event=256 -> AreaKey { scene: 17, anchor: (1216, 768) }
marked destination touch VisitKey { scene: 17, area: (1216, 768), event_id: 257, trigger_script: 8569, state: 1 }
learned exit AreaKey { scene: 17, anchor: (1280, 512) } event=257 -> AreaKey { scene: 17, anchor: (1216, 768) }
area teleport in scene 17 at frame 27935: (1344, 576) -> (1216, 784)
target scene=17 area=(1216, 768) event=258 script=8576 mode=4 state=1 player=(1216, 784) pos=(1088, 736) path=8
learned targeted exit AreaKey { scene: 17, anchor: (1216, 768) } event=258 -> AreaKey { scene: 17, anchor: (512, 512) }
marked destination touch VisitKey { scene: 17, area: (512, 512), event_id: 258, trigger_script: 8580, state: 1 }
learned exit AreaKey { scene: 17, anchor: (1216, 768) } event=258 -> AreaKey { scene: 17, anchor: (512, 512) }
area teleport in scene 17 at frame 28012: (1088, 736) -> (544, 544)
target scene=17 area=(512, 512) event=258 script=8580 mode=4 state=1 player=(544, 544) pos=(560, 552) path=1
learned targeted exit AreaKey { scene: 17, anchor: (512, 512) } event=258 -> AreaKey { scene: 17, anchor: (1088, 704) }
marked destination touch VisitKey { scene: 17, area: (1088, 704), event_id: 258, trigger_script: 8576, state: 1 }
learned exit AreaKey { scene: 17, anchor: (512, 512) } event=258 -> AreaKey { scene: 17, anchor: (1088, 704) }
area teleport in scene 17 at frame 28082: (560, 552) -> (1104, 728)
target scene=17 area=(1088, 704) event=259 script=8585 mode=4 state=1 player=(1104, 728) pos=(1136, 600) path=16
learned targeted exit AreaKey { scene: 17, anchor: (1088, 704) } event=259 -> AreaKey { scene: 17, anchor: (832, 448) }
marked destination touch VisitKey { scene: 17, area: (832, 448), event_id: 259, trigger_script: 8588, state: 1 }
learned exit AreaKey { scene: 17, anchor: (1088, 704) } event=259 -> AreaKey { scene: 17, anchor: (832, 448) }
area teleport in scene 17 at frame 28137: (1136, 600) -> (832, 448)
target scene=17 area=(832, 448) event=259 script=8588 mode=4 state=1 player=(832, 448) pos=(848, 456) path=1
learned targeted exit AreaKey { scene: 17, anchor: (832, 448) } event=259 -> AreaKey { scene: 17, anchor: (1152, 576) }
marked destination touch VisitKey { scene: 17, area: (1152, 576), event_id: 259, trigger_script: 8585, state: 1 }
learned exit AreaKey { scene: 17, anchor: (832, 448) } event=259 -> AreaKey { scene: 17, anchor: (1152, 576) }
area teleport in scene 17 at frame 28177: (848, 456) -> (1152, 608)
target scene=17 area=(1152, 576) event=259 script=8585 mode=4 state=1 player=(1152, 608) pos=(1136, 600) path=1
learned targeted exit AreaKey { scene: 17, anchor: (1152, 576) } event=259 -> AreaKey { scene: 17, anchor: (832, 448) }
marked destination touch VisitKey { scene: 17, area: (832, 448), event_id: 259, trigger_script: 8588, state: 1 }
learned exit AreaKey { scene: 17, anchor: (1152, 576) } event=259 -> AreaKey { scene: 17, anchor: (832, 448) }
area teleport in scene 17 at frame 28217: (1136, 600) -> (832, 448)
target scene=17 area=(832, 448) event=259 script=8588 mode=4 state=1 player=(832, 448) pos=(848, 456) path=1
learned targeted exit AreaKey { scene: 17, anchor: (832, 448) } event=259 -> AreaKey { scene: 17, anchor: (1152, 576) }
marked destination touch VisitKey { scene: 17, area: (1152, 576), event_id: 259, trigger_script: 8585, state: 1 }
learned exit AreaKey { scene: 17, anchor: (832, 448) } event=259 -> AreaKey { scene: 17, anchor: (1152, 576) }
area teleport in scene 17 at frame 28257: (848, 456) -> (1152, 608)
target scene=17 area=(1152, 576) event=258 script=8576 mode=4 state=1 player=(1152, 608) pos=(1088, 736) path=16
learned targeted exit AreaKey { scene: 17, anchor: (1152, 576) } event=258 -> AreaKey { scene: 17, anchor: (512, 512) }
marked destination touch VisitKey { scene: 17, area: (512, 512), event_id: 258, trigger_script: 8580, state: 1 }
learned exit AreaKey { scene: 17, anchor: (1152, 576) } event=258 -> AreaKey { scene: 17, anchor: (512, 512) }
area teleport in scene 17 at frame 28342: (1088, 736) -> (544, 544)
target scene=17 area=(512, 512) event=258 script=8580 mode=4 state=1 player=(544, 544) pos=(560, 552) path=1
learned targeted exit AreaKey { scene: 17, anchor: (512, 512) } event=258 -> AreaKey { scene: 17, anchor: (1088, 704) }
marked destination touch VisitKey { scene: 17, area: (1088, 704), event_id: 258, trigger_script: 8576, state: 1 }
learned exit AreaKey { scene: 17, anchor: (512, 512) } event=258 -> AreaKey { scene: 17, anchor: (1088, 704) }
area teleport in scene 17 at frame 28412: (560, 552) -> (1104, 728)
target scene=17 area=(1088, 704) event=254 script=8547 mode=4 state=1 player=(1104, 728) pos=(1104, 840) path=14
learned targeted exit AreaKey { scene: 17, anchor: (1088, 704) } event=254 -> AreaKey { scene: 17, anchor: (1152, 832) }
marked destination touch VisitKey { scene: 17, area: (1152, 832), event_id: 254, trigger_script: 8544, state: 1 }
learned exit AreaKey { scene: 17, anchor: (1088, 704) } event=254 -> AreaKey { scene: 17, anchor: (1152, 832) }
area teleport in scene 17 at frame 28439: (1104, 840) -> (1200, 888)
target scene=17 area=(1152, 832) event=254 script=8544 mode=4 state=1 player=(1200, 888) pos=(1184, 880) path=1
learned targeted exit AreaKey { scene: 17, anchor: (1152, 832) } event=254 -> AreaKey { scene: 17, anchor: (1088, 832) }
marked destination touch VisitKey { scene: 17, area: (1088, 832), event_id: 254, trigger_script: 8547, state: 1 }
learned exit AreaKey { scene: 17, anchor: (1152, 832) } event=254 -> AreaKey { scene: 17, anchor: (1088, 832) }
area teleport in scene 17 at frame 28453: (1184, 880) -> (1088, 832)
target scene=17 area=(1088, 832) event=254 script=8547 mode=4 state=1 player=(1088, 832) pos=(1104, 840) path=1
learned targeted exit AreaKey { scene: 17, anchor: (1088, 832) } event=254 -> AreaKey { scene: 17, anchor: (1152, 832) }
marked destination touch VisitKey { scene: 17, area: (1152, 832), event_id: 254, trigger_script: 8544, state: 1 }
learned exit AreaKey { scene: 17, anchor: (1088, 832) } event=254 -> AreaKey { scene: 17, anchor: (1152, 832) }
area teleport in scene 17 at frame 28467: (1104, 840) -> (1200, 888)
target scene=17 area=(1152, 832) event=253 script=8540 mode=4 state=1 player=(1200, 888) pos=(1232, 904) path=2
learned targeted exit AreaKey { scene: 17, anchor: (1152, 832) } event=253 -> AreaKey { scene: 17, anchor: (1408, 960) }
marked destination touch VisitKey { scene: 17, area: (1408, 960), event_id: 253, trigger_script: 8537, state: 1 }
learned exit AreaKey { scene: 17, anchor: (1152, 832) } event=253 -> AreaKey { scene: 17, anchor: (1408, 960) }
area teleport in scene 17 at frame 28496: (1232, 904) -> (1440, 1008)
target scene=17 area=(1408, 960) event=253 script=8537 mode=4 state=1 player=(1440, 1008) pos=(1424, 1000) path=1
learned targeted exit AreaKey { scene: 17, anchor: (1408, 960) } event=253 -> AreaKey { scene: 17, anchor: (1216, 896) }
marked destination touch VisitKey { scene: 17, area: (1216, 896), event_id: 253, trigger_script: 8540, state: 1 }
learned exit AreaKey { scene: 17, anchor: (1408, 960) } event=253 -> AreaKey { scene: 17, anchor: (1216, 896) }
area teleport in scene 17 at frame 28524: (1424, 1000) -> (1216, 896)
target scene=17 area=(1216, 896) event=255 script=8551 mode=4 state=1 player=(1216, 896) pos=(1248, 880) path=2
learned targeted exit AreaKey { scene: 17, anchor: (1216, 896) } event=255 -> AreaKey { scene: 17, anchor: (896, 384) }
marked destination touch VisitKey { scene: 17, area: (896, 384), event_id: 255, trigger_script: 8555, state: 1 }
learned exit AreaKey { scene: 17, anchor: (1216, 896) } event=255 -> AreaKey { scene: 17, anchor: (896, 384) }
area teleport in scene 17 at frame 28645: (1248, 880) -> (912, 408)
target scene=17 area=(896, 384) event=237 script=9193 mode=2 state=2 player=(912, 408) pos=(784, 216) path=31
target scene=17 area=(896, 384) event=255 script=8555 mode=4 state=1 player=(832, 240) pos=(928, 416) path=32
learned targeted exit AreaKey { scene: 17, anchor: (896, 384) } event=255 -> AreaKey { scene: 17, anchor: (1216, 832) }
marked destination touch VisitKey { scene: 17, area: (1216, 832), event_id: 255, trigger_script: 8551, state: 1 }
learned exit AreaKey { scene: 17, anchor: (896, 384) } event=255 -> AreaKey { scene: 17, anchor: (1216, 832) }
area teleport in scene 17 at frame 28827: (928, 416) -> (1232, 888)
target scene=17 area=(1216, 832) event=255 script=8551 mode=4 state=1 player=(1232, 888) pos=(1248, 880) path=1
learned targeted exit AreaKey { scene: 17, anchor: (1216, 832) } event=255 -> AreaKey { scene: 17, anchor: (896, 384) }
marked destination touch VisitKey { scene: 17, area: (896, 384), event_id: 255, trigger_script: 8555, state: 1 }
learned exit AreaKey { scene: 17, anchor: (1216, 832) } event=255 -> AreaKey { scene: 17, anchor: (896, 384) }
area teleport in scene 17 at frame 28947: (1248, 880) -> (912, 408)
target scene=17 area=(896, 384) event=237 script=9193 mode=2 state=2 player=(912, 408) pos=(784, 216) path=31
target scene=17 area=(896, 384) event=255 script=8555 mode=4 state=1 player=(832, 240) pos=(928, 416) path=32
learned targeted exit AreaKey { scene: 17, anchor: (896, 384) } event=255 -> AreaKey { scene: 17, anchor: (1216, 832) }
marked destination touch VisitKey { scene: 17, area: (1216, 832), event_id: 255, trigger_script: 8551, state: 1 }
learned exit AreaKey { scene: 17, anchor: (896, 384) } event=255 -> AreaKey { scene: 17, anchor: (1216, 832) }
area teleport in scene 17 at frame 29129: (928, 416) -> (1232, 888)
target scene=17 area=(1216, 832) event=253 script=8540 mode=4 state=1 player=(1232, 888) pos=(1232, 904) path=2
learned targeted exit AreaKey { scene: 17, anchor: (1216, 832) } event=253 -> AreaKey { scene: 17, anchor: (1408, 960) }
marked destination touch VisitKey { scene: 17, area: (1408, 960), event_id: 253, trigger_script: 8537, state: 1 }
learned exit AreaKey { scene: 17, anchor: (1216, 832) } event=253 -> AreaKey { scene: 17, anchor: (1408, 960) }
area teleport in scene 17 at frame 29158: (1232, 904) -> (1440, 1008)
target scene=17 area=(1408, 960) event=252 script=8530 mode=4 state=1 player=(1440, 1008) pos=(1440, 1056) path=6
learned targeted exit AreaKey { scene: 17, anchor: (1408, 960) } event=252 -> AreaKey { scene: 17, anchor: (1024, 1216) }
marked destination touch VisitKey { scene: 17, area: (1024, 1216), event_id: 252, trigger_script: 8533, state: 1 }
learned exit AreaKey { scene: 17, anchor: (1408, 960) } event=252 -> AreaKey { scene: 17, anchor: (1024, 1216) }
area teleport in scene 17 at frame 29215: (1440, 1056) -> (1040, 1256)
target scene=17 area=(1024, 1216) event=252 script=8533 mode=4 state=1 player=(1040, 1256) pos=(1056, 1248) path=1
learned targeted exit AreaKey { scene: 17, anchor: (1024, 1216) } event=252 -> AreaKey { scene: 17, anchor: (1408, 1024) }
marked destination touch VisitKey { scene: 17, area: (1408, 1024), event_id: 252, trigger_script: 8530, state: 1 }
learned exit AreaKey { scene: 17, anchor: (1024, 1216) } event=252 -> AreaKey { scene: 17, anchor: (1408, 1024) }
area teleport in scene 17 at frame 29267: (1056, 1248) -> (1456, 1048)
target scene=17 area=(1408, 1024) event=251 script=8524 mode=4 state=1 player=(1456, 1048) pos=(1456, 1144) path=16
learned targeted exit AreaKey { scene: 17, anchor: (1408, 1024) } event=251 -> AreaKey { scene: 17, anchor: (1280, 768) }
marked destination touch VisitKey { scene: 17, area: (1280, 768), event_id: 251, trigger_script: 8519, state: 1 }
learned exit AreaKey { scene: 17, anchor: (1408, 1024) } event=251 -> AreaKey { scene: 17, anchor: (1280, 768) }
area teleport in scene 17 at frame 29366: (1456, 1144) -> (1280, 816)
target scene=17 area=(1280, 768) event=251 script=8519 mode=4 state=1 player=(1280, 816) pos=(1296, 824) path=1
learned targeted exit AreaKey { scene: 17, anchor: (1280, 768) } event=251 -> AreaKey { scene: 17, anchor: (1472, 1152) }
marked destination touch VisitKey { scene: 17, area: (1472, 1152), event_id: 251, trigger_script: 8524, state: 1 }
learned exit AreaKey { scene: 17, anchor: (1280, 768) } event=251 -> AreaKey { scene: 17, anchor: (1472, 1152) }
area teleport in scene 17 at frame 29450: (1296, 824) -> (1472, 1152)
target scene=17 area=(1472, 1152) event=251 script=8524 mode=4 state=1 player=(1472, 1152) pos=(1456, 1144) path=1
learned targeted exit AreaKey { scene: 17, anchor: (1472, 1152) } event=251 -> AreaKey { scene: 17, anchor: (1280, 768) }
marked destination touch VisitKey { scene: 17, area: (1280, 768), event_id: 251, trigger_script: 8519, state: 1 }
learned exit AreaKey { scene: 17, anchor: (1472, 1152) } event=251 -> AreaKey { scene: 17, anchor: (1280, 768) }
area teleport in scene 17 at frame 29534: (1456, 1144) -> (1280, 816)
target scene=17 area=(1280, 768) event=251 script=8519 mode=4 state=1 player=(1280, 816) pos=(1296, 824) path=1
learned targeted exit AreaKey { scene: 17, anchor: (1280, 768) } event=251 -> AreaKey { scene: 17, anchor: (1472, 1152) }
marked destination touch VisitKey { scene: 17, area: (1472, 1152), event_id: 251, trigger_script: 8524, state: 1 }
learned exit AreaKey { scene: 17, anchor: (1280, 768) } event=251 -> AreaKey { scene: 17, anchor: (1472, 1152) }
area teleport in scene 17 at frame 29618: (1296, 824) -> (1472, 1152)
target scene=17 area=(1472, 1152) event=252 script=8530 mode=4 state=1 player=(1472, 1152) pos=(1440, 1056) path=16
learned targeted exit AreaKey { scene: 17, anchor: (1472, 1152) } event=252 -> AreaKey { scene: 17, anchor: (1024, 1216) }
marked destination touch VisitKey { scene: 17, area: (1024, 1216), event_id: 252, trigger_script: 8533, state: 1 }
learned exit AreaKey { scene: 17, anchor: (1472, 1152) } event=252 -> AreaKey { scene: 17, anchor: (1024, 1216) }
area teleport in scene 17 at frame 29685: (1440, 1056) -> (1040, 1256)
target scene=17 area=(1024, 1216) event=252 script=8533 mode=4 state=1 player=(1040, 1256) pos=(1056, 1248) path=1
learned targeted exit AreaKey { scene: 17, anchor: (1024, 1216) } event=252 -> AreaKey { scene: 17, anchor: (1408, 1024) }
marked destination touch VisitKey { scene: 17, area: (1408, 1024), event_id: 252, trigger_script: 8530, state: 1 }
learned exit AreaKey { scene: 17, anchor: (1024, 1216) } event=252 -> AreaKey { scene: 17, anchor: (1408, 1024) }
area teleport in scene 17 at frame 29737: (1056, 1248) -> (1456, 1048)
target scene=17 area=(1408, 1024) event=253 script=8537 mode=4 state=1 player=(1456, 1048) pos=(1424, 1000) path=6
learned targeted exit AreaKey { scene: 17, anchor: (1408, 1024) } event=253 -> AreaKey { scene: 17, anchor: (1216, 896) }
marked destination touch VisitKey { scene: 17, area: (1216, 896), event_id: 253, trigger_script: 8540, state: 1 }
learned exit AreaKey { scene: 17, anchor: (1408, 1024) } event=253 -> AreaKey { scene: 17, anchor: (1216, 896) }
area teleport in scene 17 at frame 29770: (1424, 1000) -> (1216, 896)
target scene=17 area=(1216, 896) event=254 script=8544 mode=4 state=1 player=(1216, 896) pos=(1184, 880) path=2
learned targeted exit AreaKey { scene: 17, anchor: (1216, 896) } event=254 -> AreaKey { scene: 17, anchor: (1088, 832) }
marked destination touch VisitKey { scene: 17, area: (1088, 832), event_id: 254, trigger_script: 8547, state: 1 }
learned exit AreaKey { scene: 17, anchor: (1216, 896) } event=254 -> AreaKey { scene: 17, anchor: (1088, 832) }
area teleport in scene 17 at frame 29785: (1184, 880) -> (1088, 832)
target scene=17 area=(1088, 832) event=258 script=8576 mode=4 state=1 player=(1088, 832) pos=(1088, 736) path=14
learned targeted exit AreaKey { scene: 17, anchor: (1088, 832) } event=258 -> AreaKey { scene: 17, anchor: (512, 512) }
marked destination touch VisitKey { scene: 17, area: (512, 512), event_id: 258, trigger_script: 8580, state: 1 }
learned exit AreaKey { scene: 17, anchor: (1088, 832) } event=258 -> AreaKey { scene: 17, anchor: (512, 512) }
area teleport in scene 17 at frame 29868: (1088, 736) -> (544, 544)
target scene=17 area=(512, 512) event=258 script=8580 mode=4 state=1 player=(544, 544) pos=(560, 552) path=1
learned targeted exit AreaKey { scene: 17, anchor: (512, 512) } event=258 -> AreaKey { scene: 17, anchor: (1088, 704) }
marked destination touch VisitKey { scene: 17, area: (1088, 704), event_id: 258, trigger_script: 8576, state: 1 }
learned exit AreaKey { scene: 17, anchor: (512, 512) } event=258 -> AreaKey { scene: 17, anchor: (1088, 704) }
area teleport in scene 17 at frame 29938: (560, 552) -> (1104, 728)
target scene=17 area=(1088, 704) event=259 script=8585 mode=4 state=1 player=(1104, 728) pos=(1136, 600) path=16
learned targeted exit AreaKey { scene: 17, anchor: (1088, 704) } event=259 -> AreaKey { scene: 17, anchor: (832, 448) }
marked destination touch VisitKey { scene: 17, area: (832, 448), event_id: 259, trigger_script: 8588, state: 1 }
learned exit AreaKey { scene: 17, anchor: (1088, 704) } event=259 -> AreaKey { scene: 17, anchor: (832, 448) }
area teleport in scene 17 at frame 29993: (1136, 600) -> (832, 448)
target scene=17 area=(832, 448) event=259 script=8588 mode=4 state=1 player=(832, 448) pos=(848, 456) path=1
learned targeted exit AreaKey { scene: 17, anchor: (832, 448) } event=259 -> AreaKey { scene: 17, anchor: (1152, 576) }
marked destination touch VisitKey { scene: 17, area: (1152, 576), event_id: 259, trigger_script: 8585, state: 1 }
learned exit AreaKey { scene: 17, anchor: (832, 448) } event=259 -> AreaKey { scene: 17, anchor: (1152, 576) }
area teleport in scene 17 at frame 30033: (848, 456) -> (1152, 608)
target scene=17 area=(1152, 576) event=259 script=8585 mode=4 state=1 player=(1152, 608) pos=(1136, 600) path=1
learned targeted exit AreaKey { scene: 17, anchor: (1152, 576) } event=259 -> AreaKey { scene: 17, anchor: (832, 448) }
marked destination touch VisitKey { scene: 17, area: (832, 448), event_id: 259, trigger_script: 8588, state: 1 }
learned exit AreaKey { scene: 17, anchor: (1152, 576) } event=259 -> AreaKey { scene: 17, anchor: (832, 448) }
area teleport in scene 17 at frame 30073: (1136, 600) -> (832, 448)
target scene=17 area=(832, 448) event=259 script=8588 mode=4 state=1 player=(832, 448) pos=(848, 456) path=1
learned targeted exit AreaKey { scene: 17, anchor: (832, 448) } event=259 -> AreaKey { scene: 17, anchor: (1152, 576) }
marked destination touch VisitKey { scene: 17, area: (1152, 576), event_id: 259, trigger_script: 8585, state: 1 }
learned exit AreaKey { scene: 17, anchor: (832, 448) } event=259 -> AreaKey { scene: 17, anchor: (1152, 576) }
area teleport in scene 17 at frame 30113: (848, 456) -> (1152, 608)
target scene=17 area=(1152, 576) event=258 script=8576 mode=4 state=1 player=(1152, 608) pos=(1088, 736) path=16
learned targeted exit AreaKey { scene: 17, anchor: (1152, 576) } event=258 -> AreaKey { scene: 17, anchor: (512, 512) }
marked destination touch VisitKey { scene: 17, area: (512, 512), event_id: 258, trigger_script: 8580, state: 1 }
learned exit AreaKey { scene: 17, anchor: (1152, 576) } event=258 -> AreaKey { scene: 17, anchor: (512, 512) }
area teleport in scene 17 at frame 30198: (1088, 736) -> (544, 544)
target scene=17 area=(512, 512) event=258 script=8580 mode=4 state=1 player=(544, 544) pos=(560, 552) path=1
learned targeted exit AreaKey { scene: 17, anchor: (512, 512) } event=258 -> AreaKey { scene: 17, anchor: (1088, 704) }
marked destination touch VisitKey { scene: 17, area: (1088, 704), event_id: 258, trigger_script: 8576, state: 1 }
learned exit AreaKey { scene: 17, anchor: (512, 512) } event=258 -> AreaKey { scene: 17, anchor: (1088, 704) }
area teleport in scene 17 at frame 30268: (560, 552) -> (1104, 728)
target scene=17 area=(1088, 704) event=254 script=8547 mode=4 state=1 player=(1104, 728) pos=(1104, 840) path=14
learned targeted exit AreaKey { scene: 17, anchor: (1088, 704) } event=254 -> AreaKey { scene: 17, anchor: (1152, 832) }
marked destination touch VisitKey { scene: 17, area: (1152, 832), event_id: 254, trigger_script: 8544, state: 1 }
learned exit AreaKey { scene: 17, anchor: (1088, 704) } event=254 -> AreaKey { scene: 17, anchor: (1152, 832) }
area teleport in scene 17 at frame 30295: (1104, 840) -> (1200, 888)
target scene=17 area=(1152, 832) event=254 script=8544 mode=4 state=1 player=(1200, 888) pos=(1184, 880) path=1
learned targeted exit AreaKey { scene: 17, anchor: (1152, 832) } event=254 -> AreaKey { scene: 17, anchor: (1088, 832) }
marked destination touch VisitKey { scene: 17, area: (1088, 832), event_id: 254, trigger_script: 8547, state: 1 }
learned exit AreaKey { scene: 17, anchor: (1152, 832) } event=254 -> AreaKey { scene: 17, anchor: (1088, 832) }
area teleport in scene 17 at frame 30309: (1184, 880) -> (1088, 832)
target scene=17 area=(1088, 832) event=254 script=8547 mode=4 state=1 player=(1088, 832) pos=(1104, 840) path=1
learned targeted exit AreaKey { scene: 17, anchor: (1088, 832) } event=254 -> AreaKey { scene: 17, anchor: (1152, 832) }
marked destination touch VisitKey { scene: 17, area: (1152, 832), event_id: 254, trigger_script: 8544, state: 1 }
learned exit AreaKey { scene: 17, anchor: (1088, 832) } event=254 -> AreaKey { scene: 17, anchor: (1152, 832) }
area teleport in scene 17 at frame 30323: (1104, 840) -> (1200, 888)
target scene=17 area=(1152, 832) event=253 script=8540 mode=4 state=1 player=(1200, 888) pos=(1232, 904) path=2
learned targeted exit AreaKey { scene: 17, anchor: (1152, 832) } event=253 -> AreaKey { scene: 17, anchor: (1408, 960) }
marked destination touch VisitKey { scene: 17, area: (1408, 960), event_id: 253, trigger_script: 8537, state: 1 }
learned exit AreaKey { scene: 17, anchor: (1152, 832) } event=253 -> AreaKey { scene: 17, anchor: (1408, 960) }
area teleport in scene 17 at frame 30352: (1232, 904) -> (1440, 1008)
target scene=17 area=(1408, 960) event=253 script=8537 mode=4 state=1 player=(1440, 1008) pos=(1424, 1000) path=1
learned targeted exit AreaKey { scene: 17, anchor: (1408, 960) } event=253 -> AreaKey { scene: 17, anchor: (1216, 896) }
marked destination touch VisitKey { scene: 17, area: (1216, 896), event_id: 253, trigger_script: 8540, state: 1 }
learned exit AreaKey { scene: 17, anchor: (1408, 960) } event=253 -> AreaKey { scene: 17, anchor: (1216, 896) }
area teleport in scene 17 at frame 30380: (1424, 1000) -> (1216, 896)
target scene=17 area=(1216, 896) event=255 script=8551 mode=4 state=1 player=(1216, 896) pos=(1248, 880) path=2
learned targeted exit AreaKey { scene: 17, anchor: (1216, 896) } event=255 -> AreaKey { scene: 17, anchor: (896, 384) }
marked destination touch VisitKey { scene: 17, area: (896, 384), event_id: 255, trigger_script: 8555, state: 1 }
learned exit AreaKey { scene: 17, anchor: (1216, 896) } event=255 -> AreaKey { scene: 17, anchor: (896, 384) }
area teleport in scene 17 at frame 30501: (1248, 880) -> (912, 408)
target scene=17 area=(896, 384) event=237 script=9193 mode=2 state=2 player=(912, 408) pos=(784, 216) path=31
target scene=17 area=(896, 384) event=255 script=8555 mode=4 state=1 player=(832, 240) pos=(928, 416) path=32
learned targeted exit AreaKey { scene: 17, anchor: (896, 384) } event=255 -> AreaKey { scene: 17, anchor: (1216, 832) }
marked destination touch VisitKey { scene: 17, area: (1216, 832), event_id: 255, trigger_script: 8551, state: 1 }
learned exit AreaKey { scene: 17, anchor: (896, 384) } event=255 -> AreaKey { scene: 17, anchor: (1216, 832) }
area teleport in scene 17 at frame 30683: (928, 416) -> (1232, 888)
target scene=17 area=(1216, 832) event=255 script=8551 mode=4 state=1 player=(1232, 888) pos=(1248, 880) path=1
learned targeted exit AreaKey { scene: 17, anchor: (1216, 832) } event=255 -> AreaKey { scene: 17, anchor: (896, 384) }
marked destination touch VisitKey { scene: 17, area: (896, 384), event_id: 255, trigger_script: 8555, state: 1 }
learned exit AreaKey { scene: 17, anchor: (1216, 832) } event=255 -> AreaKey { scene: 17, anchor: (896, 384) }
area teleport in scene 17 at frame 30803: (1248, 880) -> (912, 408)
target scene=17 area=(896, 384) event=237 script=9193 mode=2 state=2 player=(912, 408) pos=(784, 216) path=31
target scene=17 area=(896, 384) event=255 script=8555 mode=4 state=1 player=(832, 240) pos=(928, 416) path=32
learned targeted exit AreaKey { scene: 17, anchor: (896, 384) } event=255 -> AreaKey { scene: 17, anchor: (1216, 832) }
marked destination touch VisitKey { scene: 17, area: (1216, 832), event_id: 255, trigger_script: 8551, state: 1 }
learned exit AreaKey { scene: 17, anchor: (896, 384) } event=255 -> AreaKey { scene: 17, anchor: (1216, 832) }
area teleport in scene 17 at frame 30985: (928, 416) -> (1232, 888)
target scene=17 area=(1216, 832) event=253 script=8540 mode=4 state=1 player=(1232, 888) pos=(1232, 904) path=2
learned targeted exit AreaKey { scene: 17, anchor: (1216, 832) } event=253 -> AreaKey { scene: 17, anchor: (1408, 960) }
marked destination touch VisitKey { scene: 17, area: (1408, 960), event_id: 253, trigger_script: 8537, state: 1 }
learned exit AreaKey { scene: 17, anchor: (1216, 832) } event=253 -> AreaKey { scene: 17, anchor: (1408, 960) }
area teleport in scene 17 at frame 31014: (1232, 904) -> (1440, 1008)
target scene=17 area=(1408, 960) event=252 script=8530 mode=4 state=1 player=(1440, 1008) pos=(1440, 1056) path=6
learned targeted exit AreaKey { scene: 17, anchor: (1408, 960) } event=252 -> AreaKey { scene: 17, anchor: (1024, 1216) }
marked destination touch VisitKey { scene: 17, area: (1024, 1216), event_id: 252, trigger_script: 8533, state: 1 }
learned exit AreaKey { scene: 17, anchor: (1408, 960) } event=252 -> AreaKey { scene: 17, anchor: (1024, 1216) }
area teleport in scene 17 at frame 31071: (1440, 1056) -> (1040, 1256)
target scene=17 area=(1024, 1216) event=252 script=8533 mode=4 state=1 player=(1040, 1256) pos=(1056, 1248) path=1
learned targeted exit AreaKey { scene: 17, anchor: (1024, 1216) } event=252 -> AreaKey { scene: 17, anchor: (1408, 1024) }
marked destination touch VisitKey { scene: 17, area: (1408, 1024), event_id: 252, trigger_script: 8530, state: 1 }
learned exit AreaKey { scene: 17, anchor: (1024, 1216) } event=252 -> AreaKey { scene: 17, anchor: (1408, 1024) }
area teleport in scene 17 at frame 31123: (1056, 1248) -> (1456, 1048)
target scene=17 area=(1408, 1024) event=251 script=8524 mode=4 state=1 player=(1456, 1048) pos=(1456, 1144) path=16
learned targeted exit AreaKey { scene: 17, anchor: (1408, 1024) } event=251 -> AreaKey { scene: 17, anchor: (1280, 768) }
marked destination touch VisitKey { scene: 17, area: (1280, 768), event_id: 251, trigger_script: 8519, state: 1 }
learned exit AreaKey { scene: 17, anchor: (1408, 1024) } event=251 -> AreaKey { scene: 17, anchor: (1280, 768) }
area teleport in scene 17 at frame 31222: (1456, 1144) -> (1280, 816)
target scene=17 area=(1280, 768) event=251 script=8519 mode=4 state=1 player=(1280, 816) pos=(1296, 824) path=1
learned targeted exit AreaKey { scene: 17, anchor: (1280, 768) } event=251 -> AreaKey { scene: 17, anchor: (1472, 1152) }
marked destination touch VisitKey { scene: 17, area: (1472, 1152), event_id: 251, trigger_script: 8524, state: 1 }
learned exit AreaKey { scene: 17, anchor: (1280, 768) } event=251 -> AreaKey { scene: 17, anchor: (1472, 1152) }
area teleport in scene 17 at frame 31306: (1296, 824) -> (1472, 1152)
target scene=17 area=(1472, 1152) event=251 script=8524 mode=4 state=1 player=(1472, 1152) pos=(1456, 1144) path=1
learned targeted exit AreaKey { scene: 17, anchor: (1472, 1152) } event=251 -> AreaKey { scene: 17, anchor: (1280, 768) }
marked destination touch VisitKey { scene: 17, area: (1280, 768), event_id: 251, trigger_script: 8519, state: 1 }
learned exit AreaKey { scene: 17, anchor: (1472, 1152) } event=251 -> AreaKey { scene: 17, anchor: (1280, 768) }
area teleport in scene 17 at frame 31390: (1456, 1144) -> (1280, 816)
target scene=17 area=(1280, 768) event=251 script=8519 mode=4 state=1 player=(1280, 816) pos=(1296, 824) path=1
learned targeted exit AreaKey { scene: 17, anchor: (1280, 768) } event=251 -> AreaKey { scene: 17, anchor: (1472, 1152) }
marked destination touch VisitKey { scene: 17, area: (1472, 1152), event_id: 251, trigger_script: 8524, state: 1 }
learned exit AreaKey { scene: 17, anchor: (1280, 768) } event=251 -> AreaKey { scene: 17, anchor: (1472, 1152) }
area teleport in scene 17 at frame 31474: (1296, 824) -> (1472, 1152)
target scene=17 area=(1472, 1152) event=252 script=8530 mode=4 state=1 player=(1472, 1152) pos=(1440, 1056) path=16
learned targeted exit AreaKey { scene: 17, anchor: (1472, 1152) } event=252 -> AreaKey { scene: 17, anchor: (1024, 1216) }
marked destination touch VisitKey { scene: 17, area: (1024, 1216), event_id: 252, trigger_script: 8533, state: 1 }
learned exit AreaKey { scene: 17, anchor: (1472, 1152) } event=252 -> AreaKey { scene: 17, anchor: (1024, 1216) }
area teleport in scene 17 at frame 31541: (1440, 1056) -> (1040, 1256)
target scene=17 area=(1024, 1216) event=252 script=8533 mode=4 state=1 player=(1040, 1256) pos=(1056, 1248) path=1
learned targeted exit AreaKey { scene: 17, anchor: (1024, 1216) } event=252 -> AreaKey { scene: 17, anchor: (1408, 1024) }
marked destination touch VisitKey { scene: 17, area: (1408, 1024), event_id: 252, trigger_script: 8530, state: 1 }
learned exit AreaKey { scene: 17, anchor: (1024, 1216) } event=252 -> AreaKey { scene: 17, anchor: (1408, 1024) }
area teleport in scene 17 at frame 31593: (1056, 1248) -> (1456, 1048)
target scene=17 area=(1408, 1024) event=253 script=8537 mode=4 state=1 player=(1456, 1048) pos=(1424, 1000) path=6
learned targeted exit AreaKey { scene: 17, anchor: (1408, 1024) } event=253 -> AreaKey { scene: 17, anchor: (1216, 896) }
marked destination touch VisitKey { scene: 17, area: (1216, 896), event_id: 253, trigger_script: 8540, state: 1 }
learned exit AreaKey { scene: 17, anchor: (1408, 1024) } event=253 -> AreaKey { scene: 17, anchor: (1216, 896) }
area teleport in scene 17 at frame 31626: (1424, 1000) -> (1216, 896)
target scene=17 area=(1216, 896) event=254 script=8544 mode=4 state=1 player=(1216, 896) pos=(1184, 880) path=2
learned targeted exit AreaKey { scene: 17, anchor: (1216, 896) } event=254 -> AreaKey { scene: 17, anchor: (1088, 832) }
marked destination touch VisitKey { scene: 17, area: (1088, 832), event_id: 254, trigger_script: 8547, state: 1 }
learned exit AreaKey { scene: 17, anchor: (1216, 896) } event=254 -> AreaKey { scene: 17, anchor: (1088, 832) }
area teleport in scene 17 at frame 31641: (1184, 880) -> (1088, 832)
target scene=17 area=(1088, 832) event=256 script=8560 mode=4 state=1 player=(1088, 832) pos=(1232, 776) path=9
learned targeted exit AreaKey { scene: 17, anchor: (1088, 832) } event=256 -> AreaKey { scene: 17, anchor: (1280, 512) }
marked destination touch VisitKey { scene: 17, area: (1280, 512), event_id: 256, trigger_script: 8564, state: 1 }
learned exit AreaKey { scene: 17, anchor: (1088, 832) } event=256 -> AreaKey { scene: 17, anchor: (1280, 512) }
area teleport in scene 17 at frame 31703: (1232, 776) -> (1328, 568)
target scene=17 area=(1280, 512) event=264 script=887 mode=1 state=2 player=(1328, 568) pos=(1408, 432) path=44
marked destination touch VisitKey { scene: 17, area: (1024, 448), event_id: 260, trigger_script: 8595, state: 1 }
learned exit AreaKey { scene: 17, anchor: (1280, 512) } event=260 -> AreaKey { scene: 17, anchor: (1024, 448) }
area teleport in scene 17 at frame 31733: (1280, 560) -> (1072, 456)
target scene=17 area=(1024, 448) event=264 script=887 mode=1 state=2 player=(1072, 456) pos=(1408, 432) path=24
target scene=17 area=(1024, 448) event=260 script=8595 mode=4 state=1 player=(1392, 424) pos=(1104, 472) path=26
learned targeted exit AreaKey { scene: 17, anchor: (1024, 448) } event=260 -> AreaKey { scene: 17, anchor: (1280, 512) }
marked destination touch VisitKey { scene: 17, area: (1280, 512), event_id: 260, trigger_script: 8601, state: 1 }
learned exit AreaKey { scene: 17, anchor: (1024, 448) } event=260 -> AreaKey { scene: 17, anchor: (1280, 512) }
area teleport in scene 17 at frame 31808: (1104, 472) -> (1296, 568)
target scene=17 area=(1280, 512) event=257 script=8569 mode=4 state=1 player=(1296, 568) pos=(1344, 560) path=3
learned targeted exit AreaKey { scene: 17, anchor: (1280, 512) } event=257 -> AreaKey { scene: 17, anchor: (1408, 512) }
marked destination touch VisitKey { scene: 17, area: (1408, 512), event_id: 256, trigger_script: 8564, state: 1 }
learned exit AreaKey { scene: 17, anchor: (1280, 512) } event=256 -> AreaKey { scene: 17, anchor: (1408, 512) }
marked destination touch VisitKey { scene: 17, area: (1408, 512), event_id: 257, trigger_script: 8572, state: 1 }
learned exit AreaKey { scene: 17, anchor: (1280, 512) } event=257 -> AreaKey { scene: 17, anchor: (1408, 512) }
area teleport in scene 17 at frame 31822: (1344, 560) -> (1424, 520)
target scene=17 area=(1408, 512) event=257 script=8572 mode=4 state=1 player=(1424, 520) pos=(1408, 528) path=1
learned targeted exit AreaKey { scene: 17, anchor: (1408, 512) } event=257 -> AreaKey { scene: 17, anchor: (1280, 512) }
marked destination touch VisitKey { scene: 17, area: (1280, 512), event_id: 257, trigger_script: 8569, state: 1 }
learned exit AreaKey { scene: 17, anchor: (1408, 512) } event=257 -> AreaKey { scene: 17, anchor: (1280, 512) }
area teleport in scene 17 at frame 31834: (1408, 528) -> (1328, 568)
target scene=17 area=(1280, 512) event=264 script=887 mode=1 state=2 player=(1328, 568) pos=(1408, 432) path=44
marked destination touch VisitKey { scene: 17, area: (1024, 448), event_id: 260, trigger_script: 8595, state: 1 }
learned exit AreaKey { scene: 17, anchor: (1280, 512) } event=260 -> AreaKey { scene: 17, anchor: (1024, 448) }
area teleport in scene 17 at frame 31864: (1280, 560) -> (1072, 456)
target scene=17 area=(1024, 448) event=264 script=887 mode=1 state=2 player=(1072, 456) pos=(1408, 432) path=24
target scene=17 area=(1024, 448) event=260 script=8595 mode=4 state=1 player=(1392, 424) pos=(1104, 472) path=26
learned targeted exit AreaKey { scene: 17, anchor: (1024, 448) } event=260 -> AreaKey { scene: 17, anchor: (1280, 512) }
marked destination touch VisitKey { scene: 17, area: (1280, 512), event_id: 260, trigger_script: 8601, state: 1 }
learned exit AreaKey { scene: 17, anchor: (1024, 448) } event=260 -> AreaKey { scene: 17, anchor: (1280, 512) }
area teleport in scene 17 at frame 31939: (1104, 472) -> (1296, 568)
target scene=17 area=(1280, 512) event=256 script=8564 mode=4 state=1 player=(1296, 568) pos=(1344, 576) path=3
learned targeted exit AreaKey { scene: 17, anchor: (1280, 512) } event=256 -> AreaKey { scene: 17, anchor: (1216, 768) }
marked destination touch VisitKey { scene: 17, area: (1216, 768), event_id: 256, trigger_script: 8560, state: 1 }
learned exit AreaKey { scene: 17, anchor: (1280, 512) } event=256 -> AreaKey { scene: 17, anchor: (1216, 768) }
marked destination touch VisitKey { scene: 17, area: (1216, 768), event_id: 257, trigger_script: 8569, state: 1 }
learned exit AreaKey { scene: 17, anchor: (1280, 512) } event=257 -> AreaKey { scene: 17, anchor: (1216, 768) }
area teleport in scene 17 at frame 31995: (1344, 576) -> (1216, 784)
target scene=17 area=(1216, 768) event=258 script=8576 mode=4 state=1 player=(1216, 784) pos=(1088, 736) path=8
learned targeted exit AreaKey { scene: 17, anchor: (1216, 768) } event=258 -> AreaKey { scene: 17, anchor: (512, 512) }
marked destination touch VisitKey { scene: 17, area: (512, 512), event_id: 258, trigger_script: 8580, state: 1 }
learned exit AreaKey { scene: 17, anchor: (1216, 768) } event=258 -> AreaKey { scene: 17, anchor: (512, 512) }
area teleport in scene 17 at frame 32072: (1088, 736) -> (544, 544)
target scene=17 area=(512, 512) event=258 script=8580 mode=4 state=1 player=(544, 544) pos=(560, 552) path=1
learned targeted exit AreaKey { scene: 17, anchor: (512, 512) } event=258 -> AreaKey { scene: 17, anchor: (1088, 704) }
marked destination touch VisitKey { scene: 17, area: (1088, 704), event_id: 258, trigger_script: 8576, state: 1 }
learned exit AreaKey { scene: 17, anchor: (512, 512) } event=258 -> AreaKey { scene: 17, anchor: (1088, 704) }
area teleport in scene 17 at frame 32142: (560, 552) -> (1104, 728)
target scene=17 area=(1088, 704) event=259 script=8585 mode=4 state=1 player=(1104, 728) pos=(1136, 600) path=16
learned targeted exit AreaKey { scene: 17, anchor: (1088, 704) } event=259 -> AreaKey { scene: 17, anchor: (832, 448) }
marked destination touch VisitKey { scene: 17, area: (832, 448), event_id: 259, trigger_script: 8588, state: 1 }
learned exit AreaKey { scene: 17, anchor: (1088, 704) } event=259 -> AreaKey { scene: 17, anchor: (832, 448) }
area teleport in scene 17 at frame 32197: (1136, 600) -> (832, 448)
target scene=17 area=(832, 448) event=259 script=8588 mode=4 state=1 player=(832, 448) pos=(848, 456) path=1
learned targeted exit AreaKey { scene: 17, anchor: (832, 448) } event=259 -> AreaKey { scene: 17, anchor: (1152, 576) }
marked destination touch VisitKey { scene: 17, area: (1152, 576), event_id: 259, trigger_script: 8585, state: 1 }
learned exit AreaKey { scene: 17, anchor: (832, 448) } event=259 -> AreaKey { scene: 17, anchor: (1152, 576) }
area teleport in scene 17 at frame 32237: (848, 456) -> (1152, 608)
target scene=17 area=(1152, 576) event=259 script=8585 mode=4 state=1 player=(1152, 608) pos=(1136, 600) path=1
learned targeted exit AreaKey { scene: 17, anchor: (1152, 576) } event=259 -> AreaKey { scene: 17, anchor: (832, 448) }
marked destination touch VisitKey { scene: 17, area: (832, 448), event_id: 259, trigger_script: 8588, state: 1 }
learned exit AreaKey { scene: 17, anchor: (1152, 576) } event=259 -> AreaKey { scene: 17, anchor: (832, 448) }
area teleport in scene 17 at frame 32277: (1136, 600) -> (832, 448)
target scene=17 area=(832, 448) event=259 script=8588 mode=4 state=1 player=(832, 448) pos=(848, 456) path=1
learned targeted exit AreaKey { scene: 17, anchor: (832, 448) } event=259 -> AreaKey { scene: 17, anchor: (1152, 576) }
marked destination touch VisitKey { scene: 17, area: (1152, 576), event_id: 259, trigger_script: 8585, state: 1 }
learned exit AreaKey { scene: 17, anchor: (832, 448) } event=259 -> AreaKey { scene: 17, anchor: (1152, 576) }
area teleport in scene 17 at frame 32317: (848, 456) -> (1152, 608)
target scene=17 area=(1152, 576) event=258 script=8576 mode=4 state=1 player=(1152, 608) pos=(1088, 736) path=16
learned targeted exit AreaKey { scene: 17, anchor: (1152, 576) } event=258 -> AreaKey { scene: 17, anchor: (512, 512) }
marked destination touch VisitKey { scene: 17, area: (512, 512), event_id: 258, trigger_script: 8580, state: 1 }
learned exit AreaKey { scene: 17, anchor: (1152, 576) } event=258 -> AreaKey { scene: 17, anchor: (512, 512) }
area teleport in scene 17 at frame 32402: (1088, 736) -> (544, 544)
target scene=17 area=(512, 512) event=258 script=8580 mode=4 state=1 player=(544, 544) pos=(560, 552) path=1
learned targeted exit AreaKey { scene: 17, anchor: (512, 512) } event=258 -> AreaKey { scene: 17, anchor: (1088, 704) }
marked destination touch VisitKey { scene: 17, area: (1088, 704), event_id: 258, trigger_script: 8576, state: 1 }
learned exit AreaKey { scene: 17, anchor: (512, 512) } event=258 -> AreaKey { scene: 17, anchor: (1088, 704) }
area teleport in scene 17 at frame 32472: (560, 552) -> (1104, 728)
target scene=17 area=(1088, 704) event=254 script=8547 mode=4 state=1 player=(1104, 728) pos=(1104, 840) path=14
learned targeted exit AreaKey { scene: 17, anchor: (1088, 704) } event=254 -> AreaKey { scene: 17, anchor: (1152, 832) }
marked destination touch VisitKey { scene: 17, area: (1152, 832), event_id: 254, trigger_script: 8544, state: 1 }
learned exit AreaKey { scene: 17, anchor: (1088, 704) } event=254 -> AreaKey { scene: 17, anchor: (1152, 832) }
area teleport in scene 17 at frame 32499: (1104, 840) -> (1200, 888)
target scene=17 area=(1152, 832) event=254 script=8544 mode=4 state=1 player=(1200, 888) pos=(1184, 880) path=1
learned targeted exit AreaKey { scene: 17, anchor: (1152, 832) } event=254 -> AreaKey { scene: 17, anchor: (1088, 832) }
marked destination touch VisitKey { scene: 17, area: (1088, 832), event_id: 254, trigger_script: 8547, state: 1 }
learned exit AreaKey { scene: 17, anchor: (1152, 832) } event=254 -> AreaKey { scene: 17, anchor: (1088, 832) }
area teleport in scene 17 at frame 32513: (1184, 880) -> (1088, 832)
target scene=17 area=(1088, 832) event=254 script=8547 mode=4 state=1 player=(1088, 832) pos=(1104, 840) path=1
learned targeted exit AreaKey { scene: 17, anchor: (1088, 832) } event=254 -> AreaKey { scene: 17, anchor: (1152, 832) }
marked destination touch VisitKey { scene: 17, area: (1152, 832), event_id: 254, trigger_script: 8544, state: 1 }
learned exit AreaKey { scene: 17, anchor: (1088, 832) } event=254 -> AreaKey { scene: 17, anchor: (1152, 832) }
area teleport in scene 17 at frame 32527: (1104, 840) -> (1200, 888)
target scene=17 area=(1152, 832) event=253 script=8540 mode=4 state=1 player=(1200, 888) pos=(1232, 904) path=2
learned targeted exit AreaKey { scene: 17, anchor: (1152, 832) } event=253 -> AreaKey { scene: 17, anchor: (1408, 960) }
marked destination touch VisitKey { scene: 17, area: (1408, 960), event_id: 253, trigger_script: 8537, state: 1 }
learned exit AreaKey { scene: 17, anchor: (1152, 832) } event=253 -> AreaKey { scene: 17, anchor: (1408, 960) }
area teleport in scene 17 at frame 32556: (1232, 904) -> (1440, 1008)
target scene=17 area=(1408, 960) event=253 script=8537 mode=4 state=1 player=(1440, 1008) pos=(1424, 1000) path=1
learned targeted exit AreaKey { scene: 17, anchor: (1408, 960) } event=253 -> AreaKey { scene: 17, anchor: (1216, 896) }
marked destination touch VisitKey { scene: 17, area: (1216, 896), event_id: 253, trigger_script: 8540, state: 1 }
learned exit AreaKey { scene: 17, anchor: (1408, 960) } event=253 -> AreaKey { scene: 17, anchor: (1216, 896) }
area teleport in scene 17 at frame 32584: (1424, 1000) -> (1216, 896)
target scene=17 area=(1216, 896) event=255 script=8551 mode=4 state=1 player=(1216, 896) pos=(1248, 880) path=2
learned targeted exit AreaKey { scene: 17, anchor: (1216, 896) } event=255 -> AreaKey { scene: 17, anchor: (896, 384) }
marked destination touch VisitKey { scene: 17, area: (896, 384), event_id: 255, trigger_script: 8555, state: 1 }
learned exit AreaKey { scene: 17, anchor: (1216, 896) } event=255 -> AreaKey { scene: 17, anchor: (896, 384) }
area teleport in scene 17 at frame 32705: (1248, 880) -> (912, 408)
target scene=17 area=(896, 384) event=237 script=9193 mode=2 state=2 player=(912, 408) pos=(784, 216) path=31
target scene=17 area=(896, 384) event=255 script=8555 mode=4 state=1 player=(832, 240) pos=(928, 416) path=32
learned targeted exit AreaKey { scene: 17, anchor: (896, 384) } event=255 -> AreaKey { scene: 17, anchor: (1216, 832) }
marked destination touch VisitKey { scene: 17, area: (1216, 832), event_id: 255, trigger_script: 8551, state: 1 }
learned exit AreaKey { scene: 17, anchor: (896, 384) } event=255 -> AreaKey { scene: 17, anchor: (1216, 832) }
area teleport in scene 17 at frame 32887: (928, 416) -> (1232, 888)
target scene=17 area=(1216, 832) event=255 script=8551 mode=4 state=1 player=(1232, 888) pos=(1248, 880) path=1
learned targeted exit AreaKey { scene: 17, anchor: (1216, 832) } event=255 -> AreaKey { scene: 17, anchor: (896, 384) }
marked destination touch VisitKey { scene: 17, area: (896, 384), event_id: 255, trigger_script: 8555, state: 1 }
learned exit AreaKey { scene: 17, anchor: (1216, 832) } event=255 -> AreaKey { scene: 17, anchor: (896, 384) }
area teleport in scene 17 at frame 33007: (1248, 880) -> (912, 408)
target scene=17 area=(896, 384) event=237 script=9193 mode=2 state=2 player=(912, 408) pos=(784, 216) path=31
target scene=17 area=(896, 384) event=255 script=8555 mode=4 state=1 player=(832, 240) pos=(928, 416) path=32
learned targeted exit AreaKey { scene: 17, anchor: (896, 384) } event=255 -> AreaKey { scene: 17, anchor: (1216, 832) }
marked destination touch VisitKey { scene: 17, area: (1216, 832), event_id: 255, trigger_script: 8551, state: 1 }
learned exit AreaKey { scene: 17, anchor: (896, 384) } event=255 -> AreaKey { scene: 17, anchor: (1216, 832) }
area teleport in scene 17 at frame 33189: (928, 416) -> (1232, 888)
target scene=17 area=(1216, 832) event=253 script=8540 mode=4 state=1 player=(1232, 888) pos=(1232, 904) path=2
learned targeted exit AreaKey { scene: 17, anchor: (1216, 832) } event=253 -> AreaKey { scene: 17, anchor: (1408, 960) }
marked destination touch VisitKey { scene: 17, area: (1408, 960), event_id: 253, trigger_script: 8537, state: 1 }
learned exit AreaKey { scene: 17, anchor: (1216, 832) } event=253 -> AreaKey { scene: 17, anchor: (1408, 960) }
area teleport in scene 17 at frame 33218: (1232, 904) -> (1440, 1008)
target scene=17 area=(1408, 960) event=252 script=8530 mode=4 state=1 player=(1440, 1008) pos=(1440, 1056) path=6
learned targeted exit AreaKey { scene: 17, anchor: (1408, 960) } event=252 -> AreaKey { scene: 17, anchor: (1024, 1216) }
marked destination touch VisitKey { scene: 17, area: (1024, 1216), event_id: 252, trigger_script: 8533, state: 1 }
learned exit AreaKey { scene: 17, anchor: (1408, 960) } event=252 -> AreaKey { scene: 17, anchor: (1024, 1216) }
area teleport in scene 17 at frame 33275: (1440, 1056) -> (1040, 1256)
target scene=17 area=(1024, 1216) event=252 script=8533 mode=4 state=1 player=(1040, 1256) pos=(1056, 1248) path=1
learned targeted exit AreaKey { scene: 17, anchor: (1024, 1216) } event=252 -> AreaKey { scene: 17, anchor: (1408, 1024) }
marked destination touch VisitKey { scene: 17, area: (1408, 1024), event_id: 252, trigger_script: 8530, state: 1 }
learned exit AreaKey { scene: 17, anchor: (1024, 1216) } event=252 -> AreaKey { scene: 17, anchor: (1408, 1024) }
area teleport in scene 17 at frame 33327: (1056, 1248) -> (1456, 1048)
target scene=17 area=(1408, 1024) event=251 script=8524 mode=4 state=1 player=(1456, 1048) pos=(1456, 1144) path=16
learned targeted exit AreaKey { scene: 17, anchor: (1408, 1024) } event=251 -> AreaKey { scene: 17, anchor: (1280, 768) }
marked destination touch VisitKey { scene: 17, area: (1280, 768), event_id: 251, trigger_script: 8519, state: 1 }
learned exit AreaKey { scene: 17, anchor: (1408, 1024) } event=251 -> AreaKey { scene: 17, anchor: (1280, 768) }
area teleport in scene 17 at frame 33426: (1456, 1144) -> (1280, 816)
target scene=17 area=(1280, 768) event=251 script=8519 mode=4 state=1 player=(1280, 816) pos=(1296, 824) path=1
learned targeted exit AreaKey { scene: 17, anchor: (1280, 768) } event=251 -> AreaKey { scene: 17, anchor: (1472, 1152) }
marked destination touch VisitKey { scene: 17, area: (1472, 1152), event_id: 251, trigger_script: 8524, state: 1 }
learned exit AreaKey { scene: 17, anchor: (1280, 768) } event=251 -> AreaKey { scene: 17, anchor: (1472, 1152) }
area teleport in scene 17 at frame 33510: (1296, 824) -> (1472, 1152)
target scene=17 area=(1472, 1152) event=251 script=8524 mode=4 state=1 player=(1472, 1152) pos=(1456, 1144) path=1
learned targeted exit AreaKey { scene: 17, anchor: (1472, 1152) } event=251 -> AreaKey { scene: 17, anchor: (1280, 768) }
marked destination touch VisitKey { scene: 17, area: (1280, 768), event_id: 251, trigger_script: 8519, state: 1 }
learned exit AreaKey { scene: 17, anchor: (1472, 1152) } event=251 -> AreaKey { scene: 17, anchor: (1280, 768) }
area teleport in scene 17 at frame 33594: (1456, 1144) -> (1280, 816)
target scene=17 area=(1280, 768) event=251 script=8519 mode=4 state=1 player=(1280, 816) pos=(1296, 824) path=1
learned targeted exit AreaKey { scene: 17, anchor: (1280, 768) } event=251 -> AreaKey { scene: 17, anchor: (1472, 1152) }
marked destination touch VisitKey { scene: 17, area: (1472, 1152), event_id: 251, trigger_script: 8524, state: 1 }
learned exit AreaKey { scene: 17, anchor: (1280, 768) } event=251 -> AreaKey { scene: 17, anchor: (1472, 1152) }
area teleport in scene 17 at frame 33678: (1296, 824) -> (1472, 1152)
target scene=17 area=(1472, 1152) event=252 script=8530 mode=4 state=1 player=(1472, 1152) pos=(1440, 1056) path=16
learned targeted exit AreaKey { scene: 17, anchor: (1472, 1152) } event=252 -> AreaKey { scene: 17, anchor: (1024, 1216) }
marked destination touch VisitKey { scene: 17, area: (1024, 1216), event_id: 252, trigger_script: 8533, state: 1 }
learned exit AreaKey { scene: 17, anchor: (1472, 1152) } event=252 -> AreaKey { scene: 17, anchor: (1024, 1216) }
area teleport in scene 17 at frame 33745: (1440, 1056) -> (1040, 1256)
target scene=17 area=(1024, 1216) event=252 script=8533 mode=4 state=1 player=(1040, 1256) pos=(1056, 1248) path=1
learned targeted exit AreaKey { scene: 17, anchor: (1024, 1216) } event=252 -> AreaKey { scene: 17, anchor: (1408, 1024) }
marked destination touch VisitKey { scene: 17, area: (1408, 1024), event_id: 252, trigger_script: 8530, state: 1 }
learned exit AreaKey { scene: 17, anchor: (1024, 1216) } event=252 -> AreaKey { scene: 17, anchor: (1408, 1024) }
area teleport in scene 17 at frame 33797: (1056, 1248) -> (1456, 1048)
target scene=17 area=(1408, 1024) event=253 script=8537 mode=4 state=1 player=(1456, 1048) pos=(1424, 1000) path=6
learned targeted exit AreaKey { scene: 17, anchor: (1408, 1024) } event=253 -> AreaKey { scene: 17, anchor: (1216, 896) }
marked destination touch VisitKey { scene: 17, area: (1216, 896), event_id: 253, trigger_script: 8540, state: 1 }
learned exit AreaKey { scene: 17, anchor: (1408, 1024) } event=253 -> AreaKey { scene: 17, anchor: (1216, 896) }
area teleport in scene 17 at frame 33830: (1424, 1000) -> (1216, 896)
target scene=17 area=(1216, 896) event=254 script=8544 mode=4 state=1 player=(1216, 896) pos=(1184, 880) path=2
learned targeted exit AreaKey { scene: 17, anchor: (1216, 896) } event=254 -> AreaKey { scene: 17, anchor: (1088, 832) }
marked destination touch VisitKey { scene: 17, area: (1088, 832), event_id: 254, trigger_script: 8547, state: 1 }
learned exit AreaKey { scene: 17, anchor: (1216, 896) } event=254 -> AreaKey { scene: 17, anchor: (1088, 832) }
area teleport in scene 17 at frame 33845: (1184, 880) -> (1088, 832)
target scene=17 area=(1088, 832) event=258 script=8576 mode=4 state=1 player=(1088, 832) pos=(1088, 736) path=14
learned targeted exit AreaKey { scene: 17, anchor: (1088, 832) } event=258 -> AreaKey { scene: 17, anchor: (512, 512) }
marked destination touch VisitKey { scene: 17, area: (512, 512), event_id: 258, trigger_script: 8580, state: 1 }
learned exit AreaKey { scene: 17, anchor: (1088, 832) } event=258 -> AreaKey { scene: 17, anchor: (512, 512) }
area teleport in scene 17 at frame 33928: (1088, 736) -> (544, 544)
target scene=17 area=(512, 512) event=258 script=8580 mode=4 state=1 player=(544, 544) pos=(560, 552) path=1
learned targeted exit AreaKey { scene: 17, anchor: (512, 512) } event=258 -> AreaKey { scene: 17, anchor: (1088, 704) }
marked destination touch VisitKey { scene: 17, area: (1088, 704), event_id: 258, trigger_script: 8576, state: 1 }
learned exit AreaKey { scene: 17, anchor: (512, 512) } event=258 -> AreaKey { scene: 17, anchor: (1088, 704) }
area teleport in scene 17 at frame 33998: (560, 552) -> (1104, 728)
target scene=17 area=(1088, 704) event=259 script=8585 mode=4 state=1 player=(1104, 728) pos=(1136, 600) path=16
learned targeted exit AreaKey { scene: 17, anchor: (1088, 704) } event=259 -> AreaKey { scene: 17, anchor: (832, 448) }
marked destination touch VisitKey { scene: 17, area: (832, 448), event_id: 259, trigger_script: 8588, state: 1 }
learned exit AreaKey { scene: 17, anchor: (1088, 704) } event=259 -> AreaKey { scene: 17, anchor: (832, 448) }
area teleport in scene 17 at frame 34053: (1136, 600) -> (832, 448)
target scene=17 area=(832, 448) event=259 script=8588 mode=4 state=1 player=(832, 448) pos=(848, 456) path=1
learned targeted exit AreaKey { scene: 17, anchor: (832, 448) } event=259 -> AreaKey { scene: 17, anchor: (1152, 576) }
marked destination touch VisitKey { scene: 17, area: (1152, 576), event_id: 259, trigger_script: 8585, state: 1 }
learned exit AreaKey { scene: 17, anchor: (832, 448) } event=259 -> AreaKey { scene: 17, anchor: (1152, 576) }
area teleport in scene 17 at frame 34093: (848, 456) -> (1152, 608)
target scene=17 area=(1152, 576) event=259 script=8585 mode=4 state=1 player=(1152, 608) pos=(1136, 600) path=1
learned targeted exit AreaKey { scene: 17, anchor: (1152, 576) } event=259 -> AreaKey { scene: 17, anchor: (832, 448) }
marked destination touch VisitKey { scene: 17, area: (832, 448), event_id: 259, trigger_script: 8588, state: 1 }
learned exit AreaKey { scene: 17, anchor: (1152, 576) } event=259 -> AreaKey { scene: 17, anchor: (832, 448) }
area teleport in scene 17 at frame 34133: (1136, 600) -> (832, 448)
target scene=17 area=(832, 448) event=259 script=8588 mode=4 state=1 player=(832, 448) pos=(848, 456) path=1
learned targeted exit AreaKey { scene: 17, anchor: (832, 448) } event=259 -> AreaKey { scene: 17, anchor: (1152, 576) }
marked destination touch VisitKey { scene: 17, area: (1152, 576), event_id: 259, trigger_script: 8585, state: 1 }
learned exit AreaKey { scene: 17, anchor: (832, 448) } event=259 -> AreaKey { scene: 17, anchor: (1152, 576) }
area teleport in scene 17 at frame 34173: (848, 456) -> (1152, 608)
target scene=17 area=(1152, 576) event=258 script=8576 mode=4 state=1 player=(1152, 608) pos=(1088, 736) path=16
learned targeted exit AreaKey { scene: 17, anchor: (1152, 576) } event=258 -> AreaKey { scene: 17, anchor: (512, 512) }
marked destination touch VisitKey { scene: 17, area: (512, 512), event_id: 258, trigger_script: 8580, state: 1 }
learned exit AreaKey { scene: 17, anchor: (1152, 576) } event=258 -> AreaKey { scene: 17, anchor: (512, 512) }
area teleport in scene 17 at frame 34258: (1088, 736) -> (544, 544)
target scene=17 area=(512, 512) event=258 script=8580 mode=4 state=1 player=(544, 544) pos=(560, 552) path=1
learned targeted exit AreaKey { scene: 17, anchor: (512, 512) } event=258 -> AreaKey { scene: 17, anchor: (1088, 704) }
marked destination touch VisitKey { scene: 17, area: (1088, 704), event_id: 258, trigger_script: 8576, state: 1 }
learned exit AreaKey { scene: 17, anchor: (512, 512) } event=258 -> AreaKey { scene: 17, anchor: (1088, 704) }
area teleport in scene 17 at frame 34328: (560, 552) -> (1104, 728)
target scene=17 area=(1088, 704) event=254 script=8547 mode=4 state=1 player=(1104, 728) pos=(1104, 840) path=14
learned targeted exit AreaKey { scene: 17, anchor: (1088, 704) } event=254 -> AreaKey { scene: 17, anchor: (1152, 832) }
marked destination touch VisitKey { scene: 17, area: (1152, 832), event_id: 254, trigger_script: 8544, state: 1 }
learned exit AreaKey { scene: 17, anchor: (1088, 704) } event=254 -> AreaKey { scene: 17, anchor: (1152, 832) }
area teleport in scene 17 at frame 34355: (1104, 840) -> (1200, 888)
target scene=17 area=(1152, 832) event=254 script=8544 mode=4 state=1 player=(1200, 888) pos=(1184, 880) path=1
learned targeted exit AreaKey { scene: 17, anchor: (1152, 832) } event=254 -> AreaKey { scene: 17, anchor: (1088, 832) }
marked destination touch VisitKey { scene: 17, area: (1088, 832), event_id: 254, trigger_script: 8547, state: 1 }
learned exit AreaKey { scene: 17, anchor: (1152, 832) } event=254 -> AreaKey { scene: 17, anchor: (1088, 832) }
area teleport in scene 17 at frame 34369: (1184, 880) -> (1088, 832)
target scene=17 area=(1088, 832) event=254 script=8547 mode=4 state=1 player=(1088, 832) pos=(1104, 840) path=1
learned targeted exit AreaKey { scene: 17, anchor: (1088, 832) } event=254 -> AreaKey { scene: 17, anchor: (1152, 832) }
marked destination touch VisitKey { scene: 17, area: (1152, 832), event_id: 254, trigger_script: 8544, state: 1 }
learned exit AreaKey { scene: 17, anchor: (1088, 832) } event=254 -> AreaKey { scene: 17, anchor: (1152, 832) }
area teleport in scene 17 at frame 34383: (1104, 840) -> (1200, 888)
target scene=17 area=(1152, 832) event=253 script=8540 mode=4 state=1 player=(1200, 888) pos=(1232, 904) path=2
learned targeted exit AreaKey { scene: 17, anchor: (1152, 832) } event=253 -> AreaKey { scene: 17, anchor: (1408, 960) }
marked destination touch VisitKey { scene: 17, area: (1408, 960), event_id: 253, trigger_script: 8537, state: 1 }
learned exit AreaKey { scene: 17, anchor: (1152, 832) } event=253 -> AreaKey { scene: 17, anchor: (1408, 960) }
area teleport in scene 17 at frame 34412: (1232, 904) -> (1440, 1008)
target scene=17 area=(1408, 960) event=253 script=8537 mode=4 state=1 player=(1440, 1008) pos=(1424, 1000) path=1
learned targeted exit AreaKey { scene: 17, anchor: (1408, 960) } event=253 -> AreaKey { scene: 17, anchor: (1216, 896) }
marked destination touch VisitKey { scene: 17, area: (1216, 896), event_id: 253, trigger_script: 8540, state: 1 }
learned exit AreaKey { scene: 17, anchor: (1408, 960) } event=253 -> AreaKey { scene: 17, anchor: (1216, 896) }
area teleport in scene 17 at frame 34440: (1424, 1000) -> (1216, 896)
target scene=17 area=(1216, 896) event=255 script=8551 mode=4 state=1 player=(1216, 896) pos=(1248, 880) path=2
learned targeted exit AreaKey { scene: 17, anchor: (1216, 896) } event=255 -> AreaKey { scene: 17, anchor: (896, 384) }
marked destination touch VisitKey { scene: 17, area: (896, 384), event_id: 255, trigger_script: 8555, state: 1 }
learned exit AreaKey { scene: 17, anchor: (1216, 896) } event=255 -> AreaKey { scene: 17, anchor: (896, 384) }
area teleport in scene 17 at frame 34561: (1248, 880) -> (912, 408)
target scene=17 area=(896, 384) event=237 script=9193 mode=2 state=2 player=(912, 408) pos=(784, 216) path=31
target scene=17 area=(896, 384) event=255 script=8555 mode=4 state=1 player=(832, 240) pos=(928, 416) path=32
learned targeted exit AreaKey { scene: 17, anchor: (896, 384) } event=255 -> AreaKey { scene: 17, anchor: (1216, 832) }
marked destination touch VisitKey { scene: 17, area: (1216, 832), event_id: 255, trigger_script: 8551, state: 1 }
learned exit AreaKey { scene: 17, anchor: (896, 384) } event=255 -> AreaKey { scene: 17, anchor: (1216, 832) }
area teleport in scene 17 at frame 34743: (928, 416) -> (1232, 888)
target scene=17 area=(1216, 832) event=255 script=8551 mode=4 state=1 player=(1232, 888) pos=(1248, 880) path=1
learned targeted exit AreaKey { scene: 17, anchor: (1216, 832) } event=255 -> AreaKey { scene: 17, anchor: (896, 384) }
marked destination touch VisitKey { scene: 17, area: (896, 384), event_id: 255, trigger_script: 8555, state: 1 }
learned exit AreaKey { scene: 17, anchor: (1216, 832) } event=255 -> AreaKey { scene: 17, anchor: (896, 384) }
area teleport in scene 17 at frame 34863: (1248, 880) -> (912, 408)
target scene=17 area=(896, 384) event=237 script=9193 mode=2 state=2 player=(912, 408) pos=(784, 216) path=31
target scene=17 area=(896, 384) event=255 script=8555 mode=4 state=1 player=(832, 240) pos=(928, 416) path=32
learned targeted exit AreaKey { scene: 17, anchor: (896, 384) } event=255 -> AreaKey { scene: 17, anchor: (1216, 832) }
marked destination touch VisitKey { scene: 17, area: (1216, 832), event_id: 255, trigger_script: 8551, state: 1 }
learned exit AreaKey { scene: 17, anchor: (896, 384) } event=255 -> AreaKey { scene: 17, anchor: (1216, 832) }
area teleport in scene 17 at frame 35045: (928, 416) -> (1232, 888)
target scene=17 area=(1216, 832) event=253 script=8540 mode=4 state=1 player=(1232, 888) pos=(1232, 904) path=2
learned targeted exit AreaKey { scene: 17, anchor: (1216, 832) } event=253 -> AreaKey { scene: 17, anchor: (1408, 960) }
marked destination touch VisitKey { scene: 17, area: (1408, 960), event_id: 253, trigger_script: 8537, state: 1 }
learned exit AreaKey { scene: 17, anchor: (1216, 832) } event=253 -> AreaKey { scene: 17, anchor: (1408, 960) }
area teleport in scene 17 at frame 35074: (1232, 904) -> (1440, 1008)
target scene=17 area=(1408, 960) event=252 script=8530 mode=4 state=1 player=(1440, 1008) pos=(1440, 1056) path=6
learned targeted exit AreaKey { scene: 17, anchor: (1408, 960) } event=252 -> AreaKey { scene: 17, anchor: (1024, 1216) }
marked destination touch VisitKey { scene: 17, area: (1024, 1216), event_id: 252, trigger_script: 8533, state: 1 }
learned exit AreaKey { scene: 17, anchor: (1408, 960) } event=252 -> AreaKey { scene: 17, anchor: (1024, 1216) }
area teleport in scene 17 at frame 35131: (1440, 1056) -> (1040, 1256)
target scene=17 area=(1024, 1216) event=252 script=8533 mode=4 state=1 player=(1040, 1256) pos=(1056, 1248) path=1
learned targeted exit AreaKey { scene: 17, anchor: (1024, 1216) } event=252 -> AreaKey { scene: 17, anchor: (1408, 1024) }
marked destination touch VisitKey { scene: 17, area: (1408, 1024), event_id: 252, trigger_script: 8530, state: 1 }
learned exit AreaKey { scene: 17, anchor: (1024, 1216) } event=252 -> AreaKey { scene: 17, anchor: (1408, 1024) }
area teleport in scene 17 at frame 35183: (1056, 1248) -> (1456, 1048)
target scene=17 area=(1408, 1024) event=251 script=8524 mode=4 state=1 player=(1456, 1048) pos=(1456, 1144) path=16
learned targeted exit AreaKey { scene: 17, anchor: (1408, 1024) } event=251 -> AreaKey { scene: 17, anchor: (1280, 768) }
marked destination touch VisitKey { scene: 17, area: (1280, 768), event_id: 251, trigger_script: 8519, state: 1 }
learned exit AreaKey { scene: 17, anchor: (1408, 1024) } event=251 -> AreaKey { scene: 17, anchor: (1280, 768) }
area teleport in scene 17 at frame 35282: (1456, 1144) -> (1280, 816)
target scene=17 area=(1280, 768) event=251 script=8519 mode=4 state=1 player=(1280, 816) pos=(1296, 824) path=1
learned targeted exit AreaKey { scene: 17, anchor: (1280, 768) } event=251 -> AreaKey { scene: 17, anchor: (1472, 1152) }
marked destination touch VisitKey { scene: 17, area: (1472, 1152), event_id: 251, trigger_script: 8524, state: 1 }
learned exit AreaKey { scene: 17, anchor: (1280, 768) } event=251 -> AreaKey { scene: 17, anchor: (1472, 1152) }
area teleport in scene 17 at frame 35366: (1296, 824) -> (1472, 1152)
target scene=17 area=(1472, 1152) event=251 script=8524 mode=4 state=1 player=(1472, 1152) pos=(1456, 1144) path=1
learned targeted exit AreaKey { scene: 17, anchor: (1472, 1152) } event=251 -> AreaKey { scene: 17, anchor: (1280, 768) }
marked destination touch VisitKey { scene: 17, area: (1280, 768), event_id: 251, trigger_script: 8519, state: 1 }
learned exit AreaKey { scene: 17, anchor: (1472, 1152) } event=251 -> AreaKey { scene: 17, anchor: (1280, 768) }
area teleport in scene 17 at frame 35450: (1456, 1144) -> (1280, 816)
target scene=17 area=(1280, 768) event=251 script=8519 mode=4 state=1 player=(1280, 816) pos=(1296, 824) path=1
learned targeted exit AreaKey { scene: 17, anchor: (1280, 768) } event=251 -> AreaKey { scene: 17, anchor: (1472, 1152) }
marked destination touch VisitKey { scene: 17, area: (1472, 1152), event_id: 251, trigger_script: 8524, state: 1 }
learned exit AreaKey { scene: 17, anchor: (1280, 768) } event=251 -> AreaKey { scene: 17, anchor: (1472, 1152) }
area teleport in scene 17 at frame 35534: (1296, 824) -> (1472, 1152)
target scene=17 area=(1472, 1152) event=252 script=8530 mode=4 state=1 player=(1472, 1152) pos=(1440, 1056) path=16
learned targeted exit AreaKey { scene: 17, anchor: (1472, 1152) } event=252 -> AreaKey { scene: 17, anchor: (1024, 1216) }
marked destination touch VisitKey { scene: 17, area: (1024, 1216), event_id: 252, trigger_script: 8533, state: 1 }
learned exit AreaKey { scene: 17, anchor: (1472, 1152) } event=252 -> AreaKey { scene: 17, anchor: (1024, 1216) }
area teleport in scene 17 at frame 35601: (1440, 1056) -> (1040, 1256)
target scene=17 area=(1024, 1216) event=252 script=8533 mode=4 state=1 player=(1040, 1256) pos=(1056, 1248) path=1
learned targeted exit AreaKey { scene: 17, anchor: (1024, 1216) } event=252 -> AreaKey { scene: 17, anchor: (1408, 1024) }
marked destination touch VisitKey { scene: 17, area: (1408, 1024), event_id: 252, trigger_script: 8530, state: 1 }
learned exit AreaKey { scene: 17, anchor: (1024, 1216) } event=252 -> AreaKey { scene: 17, anchor: (1408, 1024) }
area teleport in scene 17 at frame 35653: (1056, 1248) -> (1456, 1048)
target scene=17 area=(1408, 1024) event=253 script=8537 mode=4 state=1 player=(1456, 1048) pos=(1424, 1000) path=6
learned targeted exit AreaKey { scene: 17, anchor: (1408, 1024) } event=253 -> AreaKey { scene: 17, anchor: (1216, 896) }
marked destination touch VisitKey { scene: 17, area: (1216, 896), event_id: 253, trigger_script: 8540, state: 1 }
learned exit AreaKey { scene: 17, anchor: (1408, 1024) } event=253 -> AreaKey { scene: 17, anchor: (1216, 896) }
area teleport in scene 17 at frame 35686: (1424, 1000) -> (1216, 896)
target scene=17 area=(1216, 896) event=254 script=8544 mode=4 state=1 player=(1216, 896) pos=(1184, 880) path=2
learned targeted exit AreaKey { scene: 17, anchor: (1216, 896) } event=254 -> AreaKey { scene: 17, anchor: (1088, 832) }
marked destination touch VisitKey { scene: 17, area: (1088, 832), event_id: 254, trigger_script: 8547, state: 1 }
learned exit AreaKey { scene: 17, anchor: (1216, 896) } event=254 -> AreaKey { scene: 17, anchor: (1088, 832) }
area teleport in scene 17 at frame 35701: (1184, 880) -> (1088, 832)
target scene=17 area=(1088, 832) event=256 script=8560 mode=4 state=1 player=(1088, 832) pos=(1232, 776) path=9
learned targeted exit AreaKey { scene: 17, anchor: (1088, 832) } event=256 -> AreaKey { scene: 17, anchor: (1280, 512) }
marked destination touch VisitKey { scene: 17, area: (1280, 512), event_id: 256, trigger_script: 8564, state: 1 }
learned exit AreaKey { scene: 17, anchor: (1088, 832) } event=256 -> AreaKey { scene: 17, anchor: (1280, 512) }
area teleport in scene 17 at frame 35763: (1232, 776) -> (1328, 568)
target scene=17 area=(1280, 512) event=264 script=887 mode=1 state=2 player=(1328, 568) pos=(1408, 432) path=44
marked destination touch VisitKey { scene: 17, area: (1024, 448), event_id: 260, trigger_script: 8595, state: 1 }
learned exit AreaKey { scene: 17, anchor: (1280, 512) } event=260 -> AreaKey { scene: 17, anchor: (1024, 448) }
area teleport in scene 17 at frame 35793: (1280, 560) -> (1072, 456)
target scene=17 area=(1024, 448) event=264 script=887 mode=1 state=2 player=(1072, 456) pos=(1408, 432) path=24
target scene=17 area=(1024, 448) event=260 script=8595 mode=4 state=1 player=(1392, 424) pos=(1104, 472) path=26
learned targeted exit AreaKey { scene: 17, anchor: (1024, 448) } event=260 -> AreaKey { scene: 17, anchor: (1280, 512) }
marked destination touch VisitKey { scene: 17, area: (1280, 512), event_id: 260, trigger_script: 8601, state: 1 }
learned exit AreaKey { scene: 17, anchor: (1024, 448) } event=260 -> AreaKey { scene: 17, anchor: (1280, 512) }
area teleport in scene 17 at frame 35868: (1104, 472) -> (1296, 568)
target scene=17 area=(1280, 512) event=257 script=8569 mode=4 state=1 player=(1296, 568) pos=(1344, 560) path=3
learned targeted exit AreaKey { scene: 17, anchor: (1280, 512) } event=257 -> AreaKey { scene: 17, anchor: (1408, 512) }
marked destination touch VisitKey { scene: 17, area: (1408, 512), event_id: 256, trigger_script: 8564, state: 1 }
learned exit AreaKey { scene: 17, anchor: (1280, 512) } event=256 -> AreaKey { scene: 17, anchor: (1408, 512) }
marked destination touch VisitKey { scene: 17, area: (1408, 512), event_id: 257, trigger_script: 8572, state: 1 }
learned exit AreaKey { scene: 17, anchor: (1280, 512) } event=257 -> AreaKey { scene: 17, anchor: (1408, 512) }
area teleport in scene 17 at frame 35882: (1344, 560) -> (1424, 520)
target scene=17 area=(1408, 512) event=257 script=8572 mode=4 state=1 player=(1424, 520) pos=(1408, 528) path=1
learned targeted exit AreaKey { scene: 17, anchor: (1408, 512) } event=257 -> AreaKey { scene: 17, anchor: (1280, 512) }
marked destination touch VisitKey { scene: 17, area: (1280, 512), event_id: 257, trigger_script: 8569, state: 1 }
learned exit AreaKey { scene: 17, anchor: (1408, 512) } event=257 -> AreaKey { scene: 17, anchor: (1280, 512) }
area teleport in scene 17 at frame 35894: (1408, 528) -> (1328, 568)
target scene=17 area=(1280, 512) event=264 script=887 mode=1 state=2 player=(1328, 568) pos=(1408, 432) path=44
marked destination touch VisitKey { scene: 17, area: (1024, 448), event_id: 260, trigger_script: 8595, state: 1 }
learned exit AreaKey { scene: 17, anchor: (1280, 512) } event=260 -> AreaKey { scene: 17, anchor: (1024, 448) }
area teleport in scene 17 at frame 35924: (1280, 560) -> (1072, 456)
target scene=17 area=(1024, 448) event=264 script=887 mode=1 state=2 player=(1072, 456) pos=(1408, 432) path=24
target scene=17 area=(1024, 448) event=260 script=8595 mode=4 state=1 player=(1392, 424) pos=(1104, 472) path=26
learned targeted exit AreaKey { scene: 17, anchor: (1024, 448) } event=260 -> AreaKey { scene: 17, anchor: (1280, 512) }
marked destination touch VisitKey { scene: 17, area: (1280, 512), event_id: 260, trigger_script: 8601, state: 1 }
learned exit AreaKey { scene: 17, anchor: (1024, 448) } event=260 -> AreaKey { scene: 17, anchor: (1280, 512) }
area teleport in scene 17 at frame 35999: (1104, 472) -> (1296, 568)
target scene=17 area=(1280, 512) event=256 script=8564 mode=4 state=1 player=(1296, 568) pos=(1344, 576) path=3
learned targeted exit AreaKey { scene: 17, anchor: (1280, 512) } event=256 -> AreaKey { scene: 17, anchor: (1216, 768) }
marked destination touch VisitKey { scene: 17, area: (1216, 768), event_id: 256, trigger_script: 8560, state: 1 }
learned exit AreaKey { scene: 17, anchor: (1280, 512) } event=256 -> AreaKey { scene: 17, anchor: (1216, 768) }
marked destination touch VisitKey { scene: 17, area: (1216, 768), event_id: 257, trigger_script: 8569, state: 1 }
learned exit AreaKey { scene: 17, anchor: (1280, 512) } event=257 -> AreaKey { scene: 17, anchor: (1216, 768) }
area teleport in scene 17 at frame 36055: (1344, 576) -> (1216, 784)
target scene=17 area=(1216, 768) event=258 script=8576 mode=4 state=1 player=(1216, 784) pos=(1088, 736) path=8
learned targeted exit AreaKey { scene: 17, anchor: (1216, 768) } event=258 -> AreaKey { scene: 17, anchor: (512, 512) }
marked destination touch VisitKey { scene: 17, area: (512, 512), event_id: 258, trigger_script: 8580, state: 1 }
learned exit AreaKey { scene: 17, anchor: (1216, 768) } event=258 -> AreaKey { scene: 17, anchor: (512, 512) }
area teleport in scene 17 at frame 36132: (1088, 736) -> (544, 544)
target scene=17 area=(512, 512) event=258 script=8580 mode=4 state=1 player=(544, 544) pos=(560, 552) path=1
learned targeted exit AreaKey { scene: 17, anchor: (512, 512) } event=258 -> AreaKey { scene: 17, anchor: (1088, 704) }
marked destination touch VisitKey { scene: 17, area: (1088, 704), event_id: 258, trigger_script: 8576, state: 1 }
learned exit AreaKey { scene: 17, anchor: (512, 512) } event=258 -> AreaKey { scene: 17, anchor: (1088, 704) }
area teleport in scene 17 at frame 36202: (560, 552) -> (1104, 728)
target scene=17 area=(1088, 704) event=259 script=8585 mode=4 state=1 player=(1104, 728) pos=(1136, 600) path=16
learned targeted exit AreaKey { scene: 17, anchor: (1088, 704) } event=259 -> AreaKey { scene: 17, anchor: (832, 448) }
marked destination touch VisitKey { scene: 17, area: (832, 448), event_id: 259, trigger_script: 8588, state: 1 }
learned exit AreaKey { scene: 17, anchor: (1088, 704) } event=259 -> AreaKey { scene: 17, anchor: (832, 448) }
area teleport in scene 17 at frame 36257: (1136, 600) -> (832, 448)
target scene=17 area=(832, 448) event=259 script=8588 mode=4 state=1 player=(832, 448) pos=(848, 456) path=1
learned targeted exit AreaKey { scene: 17, anchor: (832, 448) } event=259 -> AreaKey { scene: 17, anchor: (1152, 576) }
marked destination touch VisitKey { scene: 17, area: (1152, 576), event_id: 259, trigger_script: 8585, state: 1 }
learned exit AreaKey { scene: 17, anchor: (832, 448) } event=259 -> AreaKey { scene: 17, anchor: (1152, 576) }
area teleport in scene 17 at frame 36297: (848, 456) -> (1152, 608)
target scene=17 area=(1152, 576) event=259 script=8585 mode=4 state=1 player=(1152, 608) pos=(1136, 600) path=1
learned targeted exit AreaKey { scene: 17, anchor: (1152, 576) } event=259 -> AreaKey { scene: 17, anchor: (832, 448) }
marked destination touch VisitKey { scene: 17, area: (832, 448), event_id: 259, trigger_script: 8588, state: 1 }
learned exit AreaKey { scene: 17, anchor: (1152, 576) } event=259 -> AreaKey { scene: 17, anchor: (832, 448) }
area teleport in scene 17 at frame 36337: (1136, 600) -> (832, 448)
target scene=17 area=(832, 448) event=259 script=8588 mode=4 state=1 player=(832, 448) pos=(848, 456) path=1
learned targeted exit AreaKey { scene: 17, anchor: (832, 448) } event=259 -> AreaKey { scene: 17, anchor: (1152, 576) }
marked destination touch VisitKey { scene: 17, area: (1152, 576), event_id: 259, trigger_script: 8585, state: 1 }
learned exit AreaKey { scene: 17, anchor: (832, 448) } event=259 -> AreaKey { scene: 17, anchor: (1152, 576) }
area teleport in scene 17 at frame 36377: (848, 456) -> (1152, 608)
target scene=17 area=(1152, 576) event=258 script=8576 mode=4 state=1 player=(1152, 608) pos=(1088, 736) path=16
learned targeted exit AreaKey { scene: 17, anchor: (1152, 576) } event=258 -> AreaKey { scene: 17, anchor: (512, 512) }
marked destination touch VisitKey { scene: 17, area: (512, 512), event_id: 258, trigger_script: 8580, state: 1 }
learned exit AreaKey { scene: 17, anchor: (1152, 576) } event=258 -> AreaKey { scene: 17, anchor: (512, 512) }
area teleport in scene 17 at frame 36462: (1088, 736) -> (544, 544)
target scene=17 area=(512, 512) event=258 script=8580 mode=4 state=1 player=(544, 544) pos=(560, 552) path=1
learned targeted exit AreaKey { scene: 17, anchor: (512, 512) } event=258 -> AreaKey { scene: 17, anchor: (1088, 704) }
marked destination touch VisitKey { scene: 17, area: (1088, 704), event_id: 258, trigger_script: 8576, state: 1 }
learned exit AreaKey { scene: 17, anchor: (512, 512) } event=258 -> AreaKey { scene: 17, anchor: (1088, 704) }
area teleport in scene 17 at frame 36532: (560, 552) -> (1104, 728)
target scene=17 area=(1088, 704) event=254 script=8547 mode=4 state=1 player=(1104, 728) pos=(1104, 840) path=14
learned targeted exit AreaKey { scene: 17, anchor: (1088, 704) } event=254 -> AreaKey { scene: 17, anchor: (1152, 832) }
marked destination touch VisitKey { scene: 17, area: (1152, 832), event_id: 254, trigger_script: 8544, state: 1 }
learned exit AreaKey { scene: 17, anchor: (1088, 704) } event=254 -> AreaKey { scene: 17, anchor: (1152, 832) }
area teleport in scene 17 at frame 36559: (1104, 840) -> (1200, 888)
target scene=17 area=(1152, 832) event=254 script=8544 mode=4 state=1 player=(1200, 888) pos=(1184, 880) path=1
learned targeted exit AreaKey { scene: 17, anchor: (1152, 832) } event=254 -> AreaKey { scene: 17, anchor: (1088, 832) }
marked destination touch VisitKey { scene: 17, area: (1088, 832), event_id: 254, trigger_script: 8547, state: 1 }
learned exit AreaKey { scene: 17, anchor: (1152, 832) } event=254 -> AreaKey { scene: 17, anchor: (1088, 832) }
area teleport in scene 17 at frame 36573: (1184, 880) -> (1088, 832)
target scene=17 area=(1088, 832) event=254 script=8547 mode=4 state=1 player=(1088, 832) pos=(1104, 840) path=1
learned targeted exit AreaKey { scene: 17, anchor: (1088, 832) } event=254 -> AreaKey { scene: 17, anchor: (1152, 832) }
marked destination touch VisitKey { scene: 17, area: (1152, 832), event_id: 254, trigger_script: 8544, state: 1 }
learned exit AreaKey { scene: 17, anchor: (1088, 832) } event=254 -> AreaKey { scene: 17, anchor: (1152, 832) }
area teleport in scene 17 at frame 36587: (1104, 840) -> (1200, 888)
target scene=17 area=(1152, 832) event=253 script=8540 mode=4 state=1 player=(1200, 888) pos=(1232, 904) path=2
learned targeted exit AreaKey { scene: 17, anchor: (1152, 832) } event=253 -> AreaKey { scene: 17, anchor: (1408, 960) }
marked destination touch VisitKey { scene: 17, area: (1408, 960), event_id: 253, trigger_script: 8537, state: 1 }
learned exit AreaKey { scene: 17, anchor: (1152, 832) } event=253 -> AreaKey { scene: 17, anchor: (1408, 960) }
area teleport in scene 17 at frame 36616: (1232, 904) -> (1440, 1008)
target scene=17 area=(1408, 960) event=253 script=8537 mode=4 state=1 player=(1440, 1008) pos=(1424, 1000) path=1
learned targeted exit AreaKey { scene: 17, anchor: (1408, 960) } event=253 -> AreaKey { scene: 17, anchor: (1216, 896) }
marked destination touch VisitKey { scene: 17, area: (1216, 896), event_id: 253, trigger_script: 8540, state: 1 }
learned exit AreaKey { scene: 17, anchor: (1408, 960) } event=253 -> AreaKey { scene: 17, anchor: (1216, 896) }
area teleport in scene 17 at frame 36644: (1424, 1000) -> (1216, 896)
target scene=17 area=(1216, 896) event=255 script=8551 mode=4 state=1 player=(1216, 896) pos=(1248, 880) path=2
learned targeted exit AreaKey { scene: 17, anchor: (1216, 896) } event=255 -> AreaKey { scene: 17, anchor: (896, 384) }
marked destination touch VisitKey { scene: 17, area: (896, 384), event_id: 255, trigger_script: 8555, state: 1 }
learned exit AreaKey { scene: 17, anchor: (1216, 896) } event=255 -> AreaKey { scene: 17, anchor: (896, 384) }
area teleport in scene 17 at frame 36765: (1248, 880) -> (912, 408)
target scene=17 area=(896, 384) event=237 script=9193 mode=2 state=2 player=(912, 408) pos=(784, 216) path=31
target scene=17 area=(896, 384) event=255 script=8555 mode=4 state=1 player=(832, 240) pos=(928, 416) path=32
learned targeted exit AreaKey { scene: 17, anchor: (896, 384) } event=255 -> AreaKey { scene: 17, anchor: (1216, 832) }
marked destination touch VisitKey { scene: 17, area: (1216, 832), event_id: 255, trigger_script: 8551, state: 1 }
learned exit AreaKey { scene: 17, anchor: (896, 384) } event=255 -> AreaKey { scene: 17, anchor: (1216, 832) }
area teleport in scene 17 at frame 36947: (928, 416) -> (1232, 888)
target scene=17 area=(1216, 832) event=255 script=8551 mode=4 state=1 player=(1232, 888) pos=(1248, 880) path=1
learned targeted exit AreaKey { scene: 17, anchor: (1216, 832) } event=255 -> AreaKey { scene: 17, anchor: (896, 384) }
marked destination touch VisitKey { scene: 17, area: (896, 384), event_id: 255, trigger_script: 8555, state: 1 }
learned exit AreaKey { scene: 17, anchor: (1216, 832) } event=255 -> AreaKey { scene: 17, anchor: (896, 384) }
area teleport in scene 17 at frame 37067: (1248, 880) -> (912, 408)
target scene=17 area=(896, 384) event=237 script=9193 mode=2 state=2 player=(912, 408) pos=(784, 216) path=31
target scene=17 area=(896, 384) event=255 script=8555 mode=4 state=1 player=(832, 240) pos=(928, 416) path=32
learned targeted exit AreaKey { scene: 17, anchor: (896, 384) } event=255 -> AreaKey { scene: 17, anchor: (1216, 832) }
marked destination touch VisitKey { scene: 17, area: (1216, 832), event_id: 255, trigger_script: 8551, state: 1 }
learned exit AreaKey { scene: 17, anchor: (896, 384) } event=255 -> AreaKey { scene: 17, anchor: (1216, 832) }
area teleport in scene 17 at frame 37249: (928, 416) -> (1232, 888)
target scene=17 area=(1216, 832) event=253 script=8540 mode=4 state=1 player=(1232, 888) pos=(1232, 904) path=2
learned targeted exit AreaKey { scene: 17, anchor: (1216, 832) } event=253 -> AreaKey { scene: 17, anchor: (1408, 960) }
marked destination touch VisitKey { scene: 17, area: (1408, 960), event_id: 253, trigger_script: 8537, state: 1 }
learned exit AreaKey { scene: 17, anchor: (1216, 832) } event=253 -> AreaKey { scene: 17, anchor: (1408, 960) }
area teleport in scene 17 at frame 37278: (1232, 904) -> (1440, 1008)
target scene=17 area=(1408, 960) event=252 script=8530 mode=4 state=1 player=(1440, 1008) pos=(1440, 1056) path=6
learned targeted exit AreaKey { scene: 17, anchor: (1408, 960) } event=252 -> AreaKey { scene: 17, anchor: (1024, 1216) }
marked destination touch VisitKey { scene: 17, area: (1024, 1216), event_id: 252, trigger_script: 8533, state: 1 }
learned exit AreaKey { scene: 17, anchor: (1408, 960) } event=252 -> AreaKey { scene: 17, anchor: (1024, 1216) }
area teleport in scene 17 at frame 37335: (1440, 1056) -> (1040, 1256)
target scene=17 area=(1024, 1216) event=252 script=8533 mode=4 state=1 player=(1040, 1256) pos=(1056, 1248) path=1
learned targeted exit AreaKey { scene: 17, anchor: (1024, 1216) } event=252 -> AreaKey { scene: 17, anchor: (1408, 1024) }
marked destination touch VisitKey { scene: 17, area: (1408, 1024), event_id: 252, trigger_script: 8530, state: 1 }
learned exit AreaKey { scene: 17, anchor: (1024, 1216) } event=252 -> AreaKey { scene: 17, anchor: (1408, 1024) }
area teleport in scene 17 at frame 37387: (1056, 1248) -> (1456, 1048)
target scene=17 area=(1408, 1024) event=251 script=8524 mode=4 state=1 player=(1456, 1048) pos=(1456, 1144) path=16
learned targeted exit AreaKey { scene: 17, anchor: (1408, 1024) } event=251 -> AreaKey { scene: 17, anchor: (1280, 768) }
marked destination touch VisitKey { scene: 17, area: (1280, 768), event_id: 251, trigger_script: 8519, state: 1 }
learned exit AreaKey { scene: 17, anchor: (1408, 1024) } event=251 -> AreaKey { scene: 17, anchor: (1280, 768) }
area teleport in scene 17 at frame 37486: (1456, 1144) -> (1280, 816)
target scene=17 area=(1280, 768) event=251 script=8519 mode=4 state=1 player=(1280, 816) pos=(1296, 824) path=1
learned targeted exit AreaKey { scene: 17, anchor: (1280, 768) } event=251 -> AreaKey { scene: 17, anchor: (1472, 1152) }
marked destination touch VisitKey { scene: 17, area: (1472, 1152), event_id: 251, trigger_script: 8524, state: 1 }
learned exit AreaKey { scene: 17, anchor: (1280, 768) } event=251 -> AreaKey { scene: 17, anchor: (1472, 1152) }
area teleport in scene 17 at frame 37570: (1296, 824) -> (1472, 1152)
target scene=17 area=(1472, 1152) event=251 script=8524 mode=4 state=1 player=(1472, 1152) pos=(1456, 1144) path=1
learned targeted exit AreaKey { scene: 17, anchor: (1472, 1152) } event=251 -> AreaKey { scene: 17, anchor: (1280, 768) }
marked destination touch VisitKey { scene: 17, area: (1280, 768), event_id: 251, trigger_script: 8519, state: 1 }
learned exit AreaKey { scene: 17, anchor: (1472, 1152) } event=251 -> AreaKey { scene: 17, anchor: (1280, 768) }
area teleport in scene 17 at frame 37654: (1456, 1144) -> (1280, 816)
target scene=17 area=(1280, 768) event=251 script=8519 mode=4 state=1 player=(1280, 816) pos=(1296, 824) path=1
learned targeted exit AreaKey { scene: 17, anchor: (1280, 768) } event=251 -> AreaKey { scene: 17, anchor: (1472, 1152) }
marked destination touch VisitKey { scene: 17, area: (1472, 1152), event_id: 251, trigger_script: 8524, state: 1 }
learned exit AreaKey { scene: 17, anchor: (1280, 768) } event=251 -> AreaKey { scene: 17, anchor: (1472, 1152) }
area teleport in scene 17 at frame 37738: (1296, 824) -> (1472, 1152)
target scene=17 area=(1472, 1152) event=252 script=8530 mode=4 state=1 player=(1472, 1152) pos=(1440, 1056) path=16
learned targeted exit AreaKey { scene: 17, anchor: (1472, 1152) } event=252 -> AreaKey { scene: 17, anchor: (1024, 1216) }
marked destination touch VisitKey { scene: 17, area: (1024, 1216), event_id: 252, trigger_script: 8533, state: 1 }
learned exit AreaKey { scene: 17, anchor: (1472, 1152) } event=252 -> AreaKey { scene: 17, anchor: (1024, 1216) }
area teleport in scene 17 at frame 37805: (1440, 1056) -> (1040, 1256)
target scene=17 area=(1024, 1216) event=252 script=8533 mode=4 state=1 player=(1040, 1256) pos=(1056, 1248) path=1
learned targeted exit AreaKey { scene: 17, anchor: (1024, 1216) } event=252 -> AreaKey { scene: 17, anchor: (1408, 1024) }
marked destination touch VisitKey { scene: 17, area: (1408, 1024), event_id: 252, trigger_script: 8530, state: 1 }
learned exit AreaKey { scene: 17, anchor: (1024, 1216) } event=252 -> AreaKey { scene: 17, anchor: (1408, 1024) }
area teleport in scene 17 at frame 37857: (1056, 1248) -> (1456, 1048)
target scene=17 area=(1408, 1024) event=253 script=8537 mode=4 state=1 player=(1456, 1048) pos=(1424, 1000) path=6
learned targeted exit AreaKey { scene: 17, anchor: (1408, 1024) } event=253 -> AreaKey { scene: 17, anchor: (1216, 896) }
marked destination touch VisitKey { scene: 17, area: (1216, 896), event_id: 253, trigger_script: 8540, state: 1 }
learned exit AreaKey { scene: 17, anchor: (1408, 1024) } event=253 -> AreaKey { scene: 17, anchor: (1216, 896) }
area teleport in scene 17 at frame 37890: (1424, 1000) -> (1216, 896)
target scene=17 area=(1216, 896) event=254 script=8544 mode=4 state=1 player=(1216, 896) pos=(1184, 880) path=2
learned targeted exit AreaKey { scene: 17, anchor: (1216, 896) } event=254 -> AreaKey { scene: 17, anchor: (1088, 832) }
marked destination touch VisitKey { scene: 17, area: (1088, 832), event_id: 254, trigger_script: 8547, state: 1 }
learned exit AreaKey { scene: 17, anchor: (1216, 896) } event=254 -> AreaKey { scene: 17, anchor: (1088, 832) }
area teleport in scene 17 at frame 37905: (1184, 880) -> (1088, 832)
target scene=17 area=(1088, 832) event=258 script=8576 mode=4 state=1 player=(1088, 832) pos=(1088, 736) path=14
learned targeted exit AreaKey { scene: 17, anchor: (1088, 832) } event=258 -> AreaKey { scene: 17, anchor: (512, 512) }
marked destination touch VisitKey { scene: 17, area: (512, 512), event_id: 258, trigger_script: 8580, state: 1 }
learned exit AreaKey { scene: 17, anchor: (1088, 832) } event=258 -> AreaKey { scene: 17, anchor: (512, 512) }
area teleport in scene 17 at frame 37988: (1088, 736) -> (544, 544)
target scene=17 area=(512, 512) event=258 script=8580 mode=4 state=1 player=(544, 544) pos=(560, 552) path=1
learned targeted exit AreaKey { scene: 17, anchor: (512, 512) } event=258 -> AreaKey { scene: 17, anchor: (1088, 704) }
marked destination touch VisitKey { scene: 17, area: (1088, 704), event_id: 258, trigger_script: 8576, state: 1 }
learned exit AreaKey { scene: 17, anchor: (512, 512) } event=258 -> AreaKey { scene: 17, anchor: (1088, 704) }
area teleport in scene 17 at frame 38058: (560, 552) -> (1104, 728)
target scene=17 area=(1088, 704) event=259 script=8585 mode=4 state=1 player=(1104, 728) pos=(1136, 600) path=16
learned targeted exit AreaKey { scene: 17, anchor: (1088, 704) } event=259 -> AreaKey { scene: 17, anchor: (832, 448) }
marked destination touch VisitKey { scene: 17, area: (832, 448), event_id: 259, trigger_script: 8588, state: 1 }
learned exit AreaKey { scene: 17, anchor: (1088, 704) } event=259 -> AreaKey { scene: 17, anchor: (832, 448) }
area teleport in scene 17 at frame 38113: (1136, 600) -> (832, 448)
target scene=17 area=(832, 448) event=259 script=8588 mode=4 state=1 player=(832, 448) pos=(848, 456) path=1
learned targeted exit AreaKey { scene: 17, anchor: (832, 448) } event=259 -> AreaKey { scene: 17, anchor: (1152, 576) }
marked destination touch VisitKey { scene: 17, area: (1152, 576), event_id: 259, trigger_script: 8585, state: 1 }
learned exit AreaKey { scene: 17, anchor: (832, 448) } event=259 -> AreaKey { scene: 17, anchor: (1152, 576) }
area teleport in scene 17 at frame 38153: (848, 456) -> (1152, 608)
target scene=17 area=(1152, 576) event=259 script=8585 mode=4 state=1 player=(1152, 608) pos=(1136, 600) path=1
learned targeted exit AreaKey { scene: 17, anchor: (1152, 576) } event=259 -> AreaKey { scene: 17, anchor: (832, 448) }
marked destination touch VisitKey { scene: 17, area: (832, 448), event_id: 259, trigger_script: 8588, state: 1 }
learned exit AreaKey { scene: 17, anchor: (1152, 576) } event=259 -> AreaKey { scene: 17, anchor: (832, 448) }
area teleport in scene 17 at frame 38193: (1136, 600) -> (832, 448)
target scene=17 area=(832, 448) event=259 script=8588 mode=4 state=1 player=(832, 448) pos=(848, 456) path=1
learned targeted exit AreaKey { scene: 17, anchor: (832, 448) } event=259 -> AreaKey { scene: 17, anchor: (1152, 576) }
marked destination touch VisitKey { scene: 17, area: (1152, 576), event_id: 259, trigger_script: 8585, state: 1 }
learned exit AreaKey { scene: 17, anchor: (832, 448) } event=259 -> AreaKey { scene: 17, anchor: (1152, 576) }
area teleport in scene 17 at frame 38233: (848, 456) -> (1152, 608)
target scene=17 area=(1152, 576) event=258 script=8576 mode=4 state=1 player=(1152, 608) pos=(1088, 736) path=16
learned targeted exit AreaKey { scene: 17, anchor: (1152, 576) } event=258 -> AreaKey { scene: 17, anchor: (512, 512) }
marked destination touch VisitKey { scene: 17, area: (512, 512), event_id: 258, trigger_script: 8580, state: 1 }
learned exit AreaKey { scene: 17, anchor: (1152, 576) } event=258 -> AreaKey { scene: 17, anchor: (512, 512) }
area teleport in scene 17 at frame 38318: (1088, 736) -> (544, 544)
target scene=17 area=(512, 512) event=258 script=8580 mode=4 state=1 player=(544, 544) pos=(560, 552) path=1
learned targeted exit AreaKey { scene: 17, anchor: (512, 512) } event=258 -> AreaKey { scene: 17, anchor: (1088, 704) }
marked destination touch VisitKey { scene: 17, area: (1088, 704), event_id: 258, trigger_script: 8576, state: 1 }
learned exit AreaKey { scene: 17, anchor: (512, 512) } event=258 -> AreaKey { scene: 17, anchor: (1088, 704) }
area teleport in scene 17 at frame 38388: (560, 552) -> (1104, 728)
target scene=17 area=(1088, 704) event=254 script=8547 mode=4 state=1 player=(1104, 728) pos=(1104, 840) path=14
learned targeted exit AreaKey { scene: 17, anchor: (1088, 704) } event=254 -> AreaKey { scene: 17, anchor: (1152, 832) }
marked destination touch VisitKey { scene: 17, area: (1152, 832), event_id: 254, trigger_script: 8544, state: 1 }
learned exit AreaKey { scene: 17, anchor: (1088, 704) } event=254 -> AreaKey { scene: 17, anchor: (1152, 832) }
area teleport in scene 17 at frame 38415: (1104, 840) -> (1200, 888)
target scene=17 area=(1152, 832) event=254 script=8544 mode=4 state=1 player=(1200, 888) pos=(1184, 880) path=1
learned targeted exit AreaKey { scene: 17, anchor: (1152, 832) } event=254 -> AreaKey { scene: 17, anchor: (1088, 832) }
marked destination touch VisitKey { scene: 17, area: (1088, 832), event_id: 254, trigger_script: 8547, state: 1 }
learned exit AreaKey { scene: 17, anchor: (1152, 832) } event=254 -> AreaKey { scene: 17, anchor: (1088, 832) }
area teleport in scene 17 at frame 38429: (1184, 880) -> (1088, 832)
target scene=17 area=(1088, 832) event=254 script=8547 mode=4 state=1 player=(1088, 832) pos=(1104, 840) path=1
learned targeted exit AreaKey { scene: 17, anchor: (1088, 832) } event=254 -> AreaKey { scene: 17, anchor: (1152, 832) }
marked destination touch VisitKey { scene: 17, area: (1152, 832), event_id: 254, trigger_script: 8544, state: 1 }
learned exit AreaKey { scene: 17, anchor: (1088, 832) } event=254 -> AreaKey { scene: 17, anchor: (1152, 832) }
area teleport in scene 17 at frame 38443: (1104, 840) -> (1200, 888)
target scene=17 area=(1152, 832) event=253 script=8540 mode=4 state=1 player=(1200, 888) pos=(1232, 904) path=2
learned targeted exit AreaKey { scene: 17, anchor: (1152, 832) } event=253 -> AreaKey { scene: 17, anchor: (1408, 960) }
marked destination touch VisitKey { scene: 17, area: (1408, 960), event_id: 253, trigger_script: 8537, state: 1 }
learned exit AreaKey { scene: 17, anchor: (1152, 832) } event=253 -> AreaKey { scene: 17, anchor: (1408, 960) }
area teleport in scene 17 at frame 38472: (1232, 904) -> (1440, 1008)
target scene=17 area=(1408, 960) event=253 script=8537 mode=4 state=1 player=(1440, 1008) pos=(1424, 1000) path=1
learned targeted exit AreaKey { scene: 17, anchor: (1408, 960) } event=253 -> AreaKey { scene: 17, anchor: (1216, 896) }
marked destination touch VisitKey { scene: 17, area: (1216, 896), event_id: 253, trigger_script: 8540, state: 1 }
learned exit AreaKey { scene: 17, anchor: (1408, 960) } event=253 -> AreaKey { scene: 17, anchor: (1216, 896) }
area teleport in scene 17 at frame 38500: (1424, 1000) -> (1216, 896)
target scene=17 area=(1216, 896) event=255 script=8551 mode=4 state=1 player=(1216, 896) pos=(1248, 880) path=2
learned targeted exit AreaKey { scene: 17, anchor: (1216, 896) } event=255 -> AreaKey { scene: 17, anchor: (896, 384) }
marked destination touch VisitKey { scene: 17, area: (896, 384), event_id: 255, trigger_script: 8555, state: 1 }
learned exit AreaKey { scene: 17, anchor: (1216, 896) } event=255 -> AreaKey { scene: 17, anchor: (896, 384) }
area teleport in scene 17 at frame 38621: (1248, 880) -> (912, 408)
target scene=17 area=(896, 384) event=237 script=9193 mode=2 state=2 player=(912, 408) pos=(784, 216) path=31
target scene=17 area=(896, 384) event=255 script=8555 mode=4 state=1 player=(832, 240) pos=(928, 416) path=32
learned targeted exit AreaKey { scene: 17, anchor: (896, 384) } event=255 -> AreaKey { scene: 17, anchor: (1216, 832) }
marked destination touch VisitKey { scene: 17, area: (1216, 832), event_id: 255, trigger_script: 8551, state: 1 }
learned exit AreaKey { scene: 17, anchor: (896, 384) } event=255 -> AreaKey { scene: 17, anchor: (1216, 832) }
area teleport in scene 17 at frame 38803: (928, 416) -> (1232, 888)
target scene=17 area=(1216, 832) event=255 script=8551 mode=4 state=1 player=(1232, 888) pos=(1248, 880) path=1
learned targeted exit AreaKey { scene: 17, anchor: (1216, 832) } event=255 -> AreaKey { scene: 17, anchor: (896, 384) }
marked destination touch VisitKey { scene: 17, area: (896, 384), event_id: 255, trigger_script: 8555, state: 1 }
learned exit AreaKey { scene: 17, anchor: (1216, 832) } event=255 -> AreaKey { scene: 17, anchor: (896, 384) }
area teleport in scene 17 at frame 38923: (1248, 880) -> (912, 408)
target scene=17 area=(896, 384) event=237 script=9193 mode=2 state=2 player=(912, 408) pos=(784, 216) path=31
target scene=17 area=(896, 384) event=255 script=8555 mode=4 state=1 player=(832, 240) pos=(928, 416) path=32
learned targeted exit AreaKey { scene: 17, anchor: (896, 384) } event=255 -> AreaKey { scene: 17, anchor: (1216, 832) }
marked destination touch VisitKey { scene: 17, area: (1216, 832), event_id: 255, trigger_script: 8551, state: 1 }
learned exit AreaKey { scene: 17, anchor: (896, 384) } event=255 -> AreaKey { scene: 17, anchor: (1216, 832) }
area teleport in scene 17 at frame 39105: (928, 416) -> (1232, 888)
target scene=17 area=(1216, 832) event=253 script=8540 mode=4 state=1 player=(1232, 888) pos=(1232, 904) path=2
learned targeted exit AreaKey { scene: 17, anchor: (1216, 832) } event=253 -> AreaKey { scene: 17, anchor: (1408, 960) }
marked destination touch VisitKey { scene: 17, area: (1408, 960), event_id: 253, trigger_script: 8537, state: 1 }
learned exit AreaKey { scene: 17, anchor: (1216, 832) } event=253 -> AreaKey { scene: 17, anchor: (1408, 960) }
area teleport in scene 17 at frame 39134: (1232, 904) -> (1440, 1008)
target scene=17 area=(1408, 960) event=252 script=8530 mode=4 state=1 player=(1440, 1008) pos=(1440, 1056) path=6
learned targeted exit AreaKey { scene: 17, anchor: (1408, 960) } event=252 -> AreaKey { scene: 17, anchor: (1024, 1216) }
marked destination touch VisitKey { scene: 17, area: (1024, 1216), event_id: 252, trigger_script: 8533, state: 1 }
learned exit AreaKey { scene: 17, anchor: (1408, 960) } event=252 -> AreaKey { scene: 17, anchor: (1024, 1216) }
area teleport in scene 17 at frame 39191: (1440, 1056) -> (1040, 1256)
target scene=17 area=(1024, 1216) event=252 script=8533 mode=4 state=1 player=(1040, 1256) pos=(1056, 1248) path=1
learned targeted exit AreaKey { scene: 17, anchor: (1024, 1216) } event=252 -> AreaKey { scene: 17, anchor: (1408, 1024) }
marked destination touch VisitKey { scene: 17, area: (1408, 1024), event_id: 252, trigger_script: 8530, state: 1 }
learned exit AreaKey { scene: 17, anchor: (1024, 1216) } event=252 -> AreaKey { scene: 17, anchor: (1408, 1024) }
area teleport in scene 17 at frame 39243: (1056, 1248) -> (1456, 1048)
target scene=17 area=(1408, 1024) event=251 script=8524 mode=4 state=1 player=(1456, 1048) pos=(1456, 1144) path=16
learned targeted exit AreaKey { scene: 17, anchor: (1408, 1024) } event=251 -> AreaKey { scene: 17, anchor: (1280, 768) }
marked destination touch VisitKey { scene: 17, area: (1280, 768), event_id: 251, trigger_script: 8519, state: 1 }
learned exit AreaKey { scene: 17, anchor: (1408, 1024) } event=251 -> AreaKey { scene: 17, anchor: (1280, 768) }
area teleport in scene 17 at frame 39342: (1456, 1144) -> (1280, 816)
target scene=17 area=(1280, 768) event=251 script=8519 mode=4 state=1 player=(1280, 816) pos=(1296, 824) path=1
learned targeted exit AreaKey { scene: 17, anchor: (1280, 768) } event=251 -> AreaKey { scene: 17, anchor: (1472, 1152) }
marked destination touch VisitKey { scene: 17, area: (1472, 1152), event_id: 251, trigger_script: 8524, state: 1 }
learned exit AreaKey { scene: 17, anchor: (1280, 768) } event=251 -> AreaKey { scene: 17, anchor: (1472, 1152) }
area teleport in scene 17 at frame 39426: (1296, 824) -> (1472, 1152)
target scene=17 area=(1472, 1152) event=251 script=8524 mode=4 state=1 player=(1472, 1152) pos=(1456, 1144) path=1
learned targeted exit AreaKey { scene: 17, anchor: (1472, 1152) } event=251 -> AreaKey { scene: 17, anchor: (1280, 768) }
marked destination touch VisitKey { scene: 17, area: (1280, 768), event_id: 251, trigger_script: 8519, state: 1 }
learned exit AreaKey { scene: 17, anchor: (1472, 1152) } event=251 -> AreaKey { scene: 17, anchor: (1280, 768) }
area teleport in scene 17 at frame 39510: (1456, 1144) -> (1280, 816)
target scene=17 area=(1280, 768) event=251 script=8519 mode=4 state=1 player=(1280, 816) pos=(1296, 824) path=1
learned targeted exit AreaKey { scene: 17, anchor: (1280, 768) } event=251 -> AreaKey { scene: 17, anchor: (1472, 1152) }
marked destination touch VisitKey { scene: 17, area: (1472, 1152), event_id: 251, trigger_script: 8524, state: 1 }
learned exit AreaKey { scene: 17, anchor: (1280, 768) } event=251 -> AreaKey { scene: 17, anchor: (1472, 1152) }
area teleport in scene 17 at frame 39594: (1296, 824) -> (1472, 1152)
target scene=17 area=(1472, 1152) event=252 script=8530 mode=4 state=1 player=(1472, 1152) pos=(1440, 1056) path=16
learned targeted exit AreaKey { scene: 17, anchor: (1472, 1152) } event=252 -> AreaKey { scene: 17, anchor: (1024, 1216) }
marked destination touch VisitKey { scene: 17, area: (1024, 1216), event_id: 252, trigger_script: 8533, state: 1 }
learned exit AreaKey { scene: 17, anchor: (1472, 1152) } event=252 -> AreaKey { scene: 17, anchor: (1024, 1216) }
area teleport in scene 17 at frame 39661: (1440, 1056) -> (1040, 1256)
target scene=17 area=(1024, 1216) event=252 script=8533 mode=4 state=1 player=(1040, 1256) pos=(1056, 1248) path=1
learned targeted exit AreaKey { scene: 17, anchor: (1024, 1216) } event=252 -> AreaKey { scene: 17, anchor: (1408, 1024) }
marked destination touch VisitKey { scene: 17, area: (1408, 1024), event_id: 252, trigger_script: 8530, state: 1 }
learned exit AreaKey { scene: 17, anchor: (1024, 1216) } event=252 -> AreaKey { scene: 17, anchor: (1408, 1024) }
area teleport in scene 17 at frame 39713: (1056, 1248) -> (1456, 1048)
target scene=17 area=(1408, 1024) event=253 script=8537 mode=4 state=1 player=(1456, 1048) pos=(1424, 1000) path=6
learned targeted exit AreaKey { scene: 17, anchor: (1408, 1024) } event=253 -> AreaKey { scene: 17, anchor: (1216, 896) }
marked destination touch VisitKey { scene: 17, area: (1216, 896), event_id: 253, trigger_script: 8540, state: 1 }
learned exit AreaKey { scene: 17, anchor: (1408, 1024) } event=253 -> AreaKey { scene: 17, anchor: (1216, 896) }
area teleport in scene 17 at frame 39746: (1424, 1000) -> (1216, 896)
target scene=17 area=(1216, 896) event=254 script=8544 mode=4 state=1 player=(1216, 896) pos=(1184, 880) path=2
learned targeted exit AreaKey { scene: 17, anchor: (1216, 896) } event=254 -> AreaKey { scene: 17, anchor: (1088, 832) }
marked destination touch VisitKey { scene: 17, area: (1088, 832), event_id: 254, trigger_script: 8547, state: 1 }
learned exit AreaKey { scene: 17, anchor: (1216, 896) } event=254 -> AreaKey { scene: 17, anchor: (1088, 832) }
area teleport in scene 17 at frame 39761: (1184, 880) -> (1088, 832)
target scene=17 area=(1088, 832) event=256 script=8560 mode=4 state=1 player=(1088, 832) pos=(1232, 776) path=9
learned targeted exit AreaKey { scene: 17, anchor: (1088, 832) } event=256 -> AreaKey { scene: 17, anchor: (1280, 512) }
marked destination touch VisitKey { scene: 17, area: (1280, 512), event_id: 256, trigger_script: 8564, state: 1 }
learned exit AreaKey { scene: 17, anchor: (1088, 832) } event=256 -> AreaKey { scene: 17, anchor: (1280, 512) }
area teleport in scene 17 at frame 39823: (1232, 776) -> (1328, 568)
target scene=17 area=(1280, 512) event=264 script=887 mode=1 state=2 player=(1328, 568) pos=(1408, 432) path=44
marked destination touch VisitKey { scene: 17, area: (1024, 448), event_id: 260, trigger_script: 8595, state: 1 }
learned exit AreaKey { scene: 17, anchor: (1280, 512) } event=260 -> AreaKey { scene: 17, anchor: (1024, 448) }
area teleport in scene 17 at frame 39853: (1280, 560) -> (1072, 456)
target scene=17 area=(1024, 448) event=264 script=887 mode=1 state=2 player=(1072, 456) pos=(1408, 432) path=24
target scene=17 area=(1024, 448) event=260 script=8595 mode=4 state=1 player=(1392, 424) pos=(1104, 472) path=26
learned targeted exit AreaKey { scene: 17, anchor: (1024, 448) } event=260 -> AreaKey { scene: 17, anchor: (1280, 512) }
marked destination touch VisitKey { scene: 17, area: (1280, 512), event_id: 260, trigger_script: 8601, state: 1 }
learned exit AreaKey { scene: 17, anchor: (1024, 448) } event=260 -> AreaKey { scene: 17, anchor: (1280, 512) }
area teleport in scene 17 at frame 39928: (1104, 472) -> (1296, 568)
target scene=17 area=(1280, 512) event=257 script=8569 mode=4 state=1 player=(1296, 568) pos=(1344, 560) path=3
learned targeted exit AreaKey { scene: 17, anchor: (1280, 512) } event=257 -> AreaKey { scene: 17, anchor: (1408, 512) }
marked destination touch VisitKey { scene: 17, area: (1408, 512), event_id: 256, trigger_script: 8564, state: 1 }
learned exit AreaKey { scene: 17, anchor: (1280, 512) } event=256 -> AreaKey { scene: 17, anchor: (1408, 512) }
marked destination touch VisitKey { scene: 17, area: (1408, 512), event_id: 257, trigger_script: 8572, state: 1 }
learned exit AreaKey { scene: 17, anchor: (1280, 512) } event=257 -> AreaKey { scene: 17, anchor: (1408, 512) }
area teleport in scene 17 at frame 39942: (1344, 560) -> (1424, 520)
target scene=17 area=(1408, 512) event=257 script=8572 mode=4 state=1 player=(1424, 520) pos=(1408, 528) path=1
learned targeted exit AreaKey { scene: 17, anchor: (1408, 512) } event=257 -> AreaKey { scene: 17, anchor: (1280, 512) }
marked destination touch VisitKey { scene: 17, area: (1280, 512), event_id: 257, trigger_script: 8569, state: 1 }
learned exit AreaKey { scene: 17, anchor: (1408, 512) } event=257 -> AreaKey { scene: 17, anchor: (1280, 512) }
area teleport in scene 17 at frame 39954: (1408, 528) -> (1328, 568)
target scene=17 area=(1280, 512) event=264 script=887 mode=1 state=2 player=(1328, 568) pos=(1408, 432) path=44
marked destination touch VisitKey { scene: 17, area: (1024, 448), event_id: 260, trigger_script: 8595, state: 1 }
learned exit AreaKey { scene: 17, anchor: (1280, 512) } event=260 -> AreaKey { scene: 17, anchor: (1024, 448) }
area teleport in scene 17 at frame 39984: (1280, 560) -> (1072, 456)
target scene=17 area=(1024, 448) event=264 script=887 mode=1 state=2 player=(1072, 456) pos=(1408, 432) path=24
target scene=17 area=(1024, 448) event=260 script=8595 mode=4 state=1 player=(1392, 424) pos=(1104, 472) path=26
learned targeted exit AreaKey { scene: 17, anchor: (1024, 448) } event=260 -> AreaKey { scene: 17, anchor: (1280, 512) }
marked destination touch VisitKey { scene: 17, area: (1280, 512), event_id: 260, trigger_script: 8601, state: 1 }
learned exit AreaKey { scene: 17, anchor: (1024, 448) } event=260 -> AreaKey { scene: 17, anchor: (1280, 512) }
area teleport in scene 17 at frame 40059: (1104, 472) -> (1296, 568)
target scene=17 area=(1280, 512) event=256 script=8564 mode=4 state=1 player=(1296, 568) pos=(1344, 576) path=3
learned targeted exit AreaKey { scene: 17, anchor: (1280, 512) } event=256 -> AreaKey { scene: 17, anchor: (1216, 768) }
marked destination touch VisitKey { scene: 17, area: (1216, 768), event_id: 256, trigger_script: 8560, state: 1 }
learned exit AreaKey { scene: 17, anchor: (1280, 512) } event=256 -> AreaKey { scene: 17, anchor: (1216, 768) }
marked destination touch VisitKey { scene: 17, area: (1216, 768), event_id: 257, trigger_script: 8569, state: 1 }
learned exit AreaKey { scene: 17, anchor: (1280, 512) } event=257 -> AreaKey { scene: 17, anchor: (1216, 768) }
area teleport in scene 17 at frame 40115: (1344, 576) -> (1216, 784)
target scene=17 area=(1216, 768) event=258 script=8576 mode=4 state=1 player=(1216, 784) pos=(1088, 736) path=8
learned targeted exit AreaKey { scene: 17, anchor: (1216, 768) } event=258 -> AreaKey { scene: 17, anchor: (512, 512) }
marked destination touch VisitKey { scene: 17, area: (512, 512), event_id: 258, trigger_script: 8580, state: 1 }
learned exit AreaKey { scene: 17, anchor: (1216, 768) } event=258 -> AreaKey { scene: 17, anchor: (512, 512) }
area teleport in scene 17 at frame 40192: (1088, 736) -> (544, 544)
target scene=17 area=(512, 512) event=258 script=8580 mode=4 state=1 player=(544, 544) pos=(560, 552) path=1
learned targeted exit AreaKey { scene: 17, anchor: (512, 512) } event=258 -> AreaKey { scene: 17, anchor: (1088, 704) }
marked destination touch VisitKey { scene: 17, area: (1088, 704), event_id: 258, trigger_script: 8576, state: 1 }
learned exit AreaKey { scene: 17, anchor: (512, 512) } event=258 -> AreaKey { scene: 17, anchor: (1088, 704) }
area teleport in scene 17 at frame 40262: (560, 552) -> (1104, 728)
target scene=17 area=(1088, 704) event=259 script=8585 mode=4 state=1 player=(1104, 728) pos=(1136, 600) path=16
learned targeted exit AreaKey { scene: 17, anchor: (1088, 704) } event=259 -> AreaKey { scene: 17, anchor: (832, 448) }
marked destination touch VisitKey { scene: 17, area: (832, 448), event_id: 259, trigger_script: 8588, state: 1 }
learned exit AreaKey { scene: 17, anchor: (1088, 704) } event=259 -> AreaKey { scene: 17, anchor: (832, 448) }
area teleport in scene 17 at frame 40317: (1136, 600) -> (832, 448)
target scene=17 area=(832, 448) event=259 script=8588 mode=4 state=1 player=(832, 448) pos=(848, 456) path=1
learned targeted exit AreaKey { scene: 17, anchor: (832, 448) } event=259 -> AreaKey { scene: 17, anchor: (1152, 576) }
marked destination touch VisitKey { scene: 17, area: (1152, 576), event_id: 259, trigger_script: 8585, state: 1 }
learned exit AreaKey { scene: 17, anchor: (832, 448) } event=259 -> AreaKey { scene: 17, anchor: (1152, 576) }
area teleport in scene 17 at frame 40357: (848, 456) -> (1152, 608)
target scene=17 area=(1152, 576) event=259 script=8585 mode=4 state=1 player=(1152, 608) pos=(1136, 600) path=1
learned targeted exit AreaKey { scene: 17, anchor: (1152, 576) } event=259 -> AreaKey { scene: 17, anchor: (832, 448) }
marked destination touch VisitKey { scene: 17, area: (832, 448), event_id: 259, trigger_script: 8588, state: 1 }
learned exit AreaKey { scene: 17, anchor: (1152, 576) } event=259 -> AreaKey { scene: 17, anchor: (832, 448) }
area teleport in scene 17 at frame 40397: (1136, 600) -> (832, 448)
target scene=17 area=(832, 448) event=259 script=8588 mode=4 state=1 player=(832, 448) pos=(848, 456) path=1
learned targeted exit AreaKey { scene: 17, anchor: (832, 448) } event=259 -> AreaKey { scene: 17, anchor: (1152, 576) }
marked destination touch VisitKey { scene: 17, area: (1152, 576), event_id: 259, trigger_script: 8585, state: 1 }
learned exit AreaKey { scene: 17, anchor: (832, 448) } event=259 -> AreaKey { scene: 17, anchor: (1152, 576) }
area teleport in scene 17 at frame 40437: (848, 456) -> (1152, 608)
target scene=17 area=(1152, 576) event=258 script=8576 mode=4 state=1 player=(1152, 608) pos=(1088, 736) path=16
learned targeted exit AreaKey { scene: 17, anchor: (1152, 576) } event=258 -> AreaKey { scene: 17, anchor: (512, 512) }
marked destination touch VisitKey { scene: 17, area: (512, 512), event_id: 258, trigger_script: 8580, state: 1 }
learned exit AreaKey { scene: 17, anchor: (1152, 576) } event=258 -> AreaKey { scene: 17, anchor: (512, 512) }
area teleport in scene 17 at frame 40522: (1088, 736) -> (544, 544)
target scene=17 area=(512, 512) event=258 script=8580 mode=4 state=1 player=(544, 544) pos=(560, 552) path=1
learned targeted exit AreaKey { scene: 17, anchor: (512, 512) } event=258 -> AreaKey { scene: 17, anchor: (1088, 704) }
marked destination touch VisitKey { scene: 17, area: (1088, 704), event_id: 258, trigger_script: 8576, state: 1 }
learned exit AreaKey { scene: 17, anchor: (512, 512) } event=258 -> AreaKey { scene: 17, anchor: (1088, 704) }
area teleport in scene 17 at frame 40592: (560, 552) -> (1104, 728)
target scene=17 area=(1088, 704) event=254 script=8547 mode=4 state=1 player=(1104, 728) pos=(1104, 840) path=14
learned targeted exit AreaKey { scene: 17, anchor: (1088, 704) } event=254 -> AreaKey { scene: 17, anchor: (1152, 832) }
marked destination touch VisitKey { scene: 17, area: (1152, 832), event_id: 254, trigger_script: 8544, state: 1 }
learned exit AreaKey { scene: 17, anchor: (1088, 704) } event=254 -> AreaKey { scene: 17, anchor: (1152, 832) }
area teleport in scene 17 at frame 40619: (1104, 840) -> (1200, 888)
target scene=17 area=(1152, 832) event=254 script=8544 mode=4 state=1 player=(1200, 888) pos=(1184, 880) path=1
learned targeted exit AreaKey { scene: 17, anchor: (1152, 832) } event=254 -> AreaKey { scene: 17, anchor: (1088, 832) }
marked destination touch VisitKey { scene: 17, area: (1088, 832), event_id: 254, trigger_script: 8547, state: 1 }
learned exit AreaKey { scene: 17, anchor: (1152, 832) } event=254 -> AreaKey { scene: 17, anchor: (1088, 832) }
area teleport in scene 17 at frame 40633: (1184, 880) -> (1088, 832)
target scene=17 area=(1088, 832) event=254 script=8547 mode=4 state=1 player=(1088, 832) pos=(1104, 840) path=1
learned targeted exit AreaKey { scene: 17, anchor: (1088, 832) } event=254 -> AreaKey { scene: 17, anchor: (1152, 832) }
marked destination touch VisitKey { scene: 17, area: (1152, 832), event_id: 254, trigger_script: 8544, state: 1 }
learned exit AreaKey { scene: 17, anchor: (1088, 832) } event=254 -> AreaKey { scene: 17, anchor: (1152, 832) }
area teleport in scene 17 at frame 40647: (1104, 840) -> (1200, 888)
target scene=17 area=(1152, 832) event=253 script=8540 mode=4 state=1 player=(1200, 888) pos=(1232, 904) path=2
learned targeted exit AreaKey { scene: 17, anchor: (1152, 832) } event=253 -> AreaKey { scene: 17, anchor: (1408, 960) }
marked destination touch VisitKey { scene: 17, area: (1408, 960), event_id: 253, trigger_script: 8537, state: 1 }
learned exit AreaKey { scene: 17, anchor: (1152, 832) } event=253 -> AreaKey { scene: 17, anchor: (1408, 960) }
area teleport in scene 17 at frame 40676: (1232, 904) -> (1440, 1008)
target scene=17 area=(1408, 960) event=253 script=8537 mode=4 state=1 player=(1440, 1008) pos=(1424, 1000) path=1
learned targeted exit AreaKey { scene: 17, anchor: (1408, 960) } event=253 -> AreaKey { scene: 17, anchor: (1216, 896) }
marked destination touch VisitKey { scene: 17, area: (1216, 896), event_id: 253, trigger_script: 8540, state: 1 }
learned exit AreaKey { scene: 17, anchor: (1408, 960) } event=253 -> AreaKey { scene: 17, anchor: (1216, 896) }
area teleport in scene 17 at frame 40704: (1424, 1000) -> (1216, 896)
target scene=17 area=(1216, 896) event=255 script=8551 mode=4 state=1 player=(1216, 896) pos=(1248, 880) path=2
learned targeted exit AreaKey { scene: 17, anchor: (1216, 896) } event=255 -> AreaKey { scene: 17, anchor: (896, 384) }
marked destination touch VisitKey { scene: 17, area: (896, 384), event_id: 255, trigger_script: 8555, state: 1 }
learned exit AreaKey { scene: 17, anchor: (1216, 896) } event=255 -> AreaKey { scene: 17, anchor: (896, 384) }
area teleport in scene 17 at frame 40825: (1248, 880) -> (912, 408)
target scene=17 area=(896, 384) event=237 script=9193 mode=2 state=2 player=(912, 408) pos=(784, 216) path=31
target scene=17 area=(896, 384) event=255 script=8555 mode=4 state=1 player=(832, 240) pos=(928, 416) path=32
learned targeted exit AreaKey { scene: 17, anchor: (896, 384) } event=255 -> AreaKey { scene: 17, anchor: (1216, 832) }
marked destination touch VisitKey { scene: 17, area: (1216, 832), event_id: 255, trigger_script: 8551, state: 1 }
learned exit AreaKey { scene: 17, anchor: (896, 384) } event=255 -> AreaKey { scene: 17, anchor: (1216, 832) }
area teleport in scene 17 at frame 41007: (928, 416) -> (1232, 888)
target scene=17 area=(1216, 832) event=255 script=8551 mode=4 state=1 player=(1232, 888) pos=(1248, 880) path=1
learned targeted exit AreaKey { scene: 17, anchor: (1216, 832) } event=255 -> AreaKey { scene: 17, anchor: (896, 384) }
marked destination touch VisitKey { scene: 17, area: (896, 384), event_id: 255, trigger_script: 8555, state: 1 }
learned exit AreaKey { scene: 17, anchor: (1216, 832) } event=255 -> AreaKey { scene: 17, anchor: (896, 384) }
area teleport in scene 17 at frame 41127: (1248, 880) -> (912, 408)
target scene=17 area=(896, 384) event=237 script=9193 mode=2 state=2 player=(912, 408) pos=(784, 216) path=31
target scene=17 area=(896, 384) event=255 script=8555 mode=4 state=1 player=(832, 240) pos=(928, 416) path=32
learned targeted exit AreaKey { scene: 17, anchor: (896, 384) } event=255 -> AreaKey { scene: 17, anchor: (1216, 832) }
marked destination touch VisitKey { scene: 17, area: (1216, 832), event_id: 255, trigger_script: 8551, state: 1 }
learned exit AreaKey { scene: 17, anchor: (896, 384) } event=255 -> AreaKey { scene: 17, anchor: (1216, 832) }
area teleport in scene 17 at frame 41309: (928, 416) -> (1232, 888)
target scene=17 area=(1216, 832) event=253 script=8540 mode=4 state=1 player=(1232, 888) pos=(1232, 904) path=2
learned targeted exit AreaKey { scene: 17, anchor: (1216, 832) } event=253 -> AreaKey { scene: 17, anchor: (1408, 960) }
marked destination touch VisitKey { scene: 17, area: (1408, 960), event_id: 253, trigger_script: 8537, state: 1 }
learned exit AreaKey { scene: 17, anchor: (1216, 832) } event=253 -> AreaKey { scene: 17, anchor: (1408, 960) }
area teleport in scene 17 at frame 41338: (1232, 904) -> (1440, 1008)
target scene=17 area=(1408, 960) event=252 script=8530 mode=4 state=1 player=(1440, 1008) pos=(1440, 1056) path=6
learned targeted exit AreaKey { scene: 17, anchor: (1408, 960) } event=252 -> AreaKey { scene: 17, anchor: (1024, 1216) }
marked destination touch VisitKey { scene: 17, area: (1024, 1216), event_id: 252, trigger_script: 8533, state: 1 }
learned exit AreaKey { scene: 17, anchor: (1408, 960) } event=252 -> AreaKey { scene: 17, anchor: (1024, 1216) }
area teleport in scene 17 at frame 41395: (1440, 1056) -> (1040, 1256)
target scene=17 area=(1024, 1216) event=252 script=8533 mode=4 state=1 player=(1040, 1256) pos=(1056, 1248) path=1
learned targeted exit AreaKey { scene: 17, anchor: (1024, 1216) } event=252 -> AreaKey { scene: 17, anchor: (1408, 1024) }
marked destination touch VisitKey { scene: 17, area: (1408, 1024), event_id: 252, trigger_script: 8530, state: 1 }
learned exit AreaKey { scene: 17, anchor: (1024, 1216) } event=252 -> AreaKey { scene: 17, anchor: (1408, 1024) }
area teleport in scene 17 at frame 41447: (1056, 1248) -> (1456, 1048)
target scene=17 area=(1408, 1024) event=251 script=8524 mode=4 state=1 player=(1456, 1048) pos=(1456, 1144) path=16
learned targeted exit AreaKey { scene: 17, anchor: (1408, 1024) } event=251 -> AreaKey { scene: 17, anchor: (1280, 768) }
marked destination touch VisitKey { scene: 17, area: (1280, 768), event_id: 251, trigger_script: 8519, state: 1 }
learned exit AreaKey { scene: 17, anchor: (1408, 1024) } event=251 -> AreaKey { scene: 17, anchor: (1280, 768) }
area teleport in scene 17 at frame 41546: (1456, 1144) -> (1280, 816)
target scene=17 area=(1280, 768) event=251 script=8519 mode=4 state=1 player=(1280, 816) pos=(1296, 824) path=1
learned targeted exit AreaKey { scene: 17, anchor: (1280, 768) } event=251 -> AreaKey { scene: 17, anchor: (1472, 1152) }
marked destination touch VisitKey { scene: 17, area: (1472, 1152), event_id: 251, trigger_script: 8524, state: 1 }
learned exit AreaKey { scene: 17, anchor: (1280, 768) } event=251 -> AreaKey { scene: 17, anchor: (1472, 1152) }
area teleport in scene 17 at frame 41630: (1296, 824) -> (1472, 1152)
target scene=17 area=(1472, 1152) event=251 script=8524 mode=4 state=1 player=(1472, 1152) pos=(1456, 1144) path=1
learned targeted exit AreaKey { scene: 17, anchor: (1472, 1152) } event=251 -> AreaKey { scene: 17, anchor: (1280, 768) }
marked destination touch VisitKey { scene: 17, area: (1280, 768), event_id: 251, trigger_script: 8519, state: 1 }
learned exit AreaKey { scene: 17, anchor: (1472, 1152) } event=251 -> AreaKey { scene: 17, anchor: (1280, 768) }
area teleport in scene 17 at frame 41714: (1456, 1144) -> (1280, 816)
target scene=17 area=(1280, 768) event=251 script=8519 mode=4 state=1 player=(1280, 816) pos=(1296, 824) path=1
learned targeted exit AreaKey { scene: 17, anchor: (1280, 768) } event=251 -> AreaKey { scene: 17, anchor: (1472, 1152) }
marked destination touch VisitKey { scene: 17, area: (1472, 1152), event_id: 251, trigger_script: 8524, state: 1 }
learned exit AreaKey { scene: 17, anchor: (1280, 768) } event=251 -> AreaKey { scene: 17, anchor: (1472, 1152) }
area teleport in scene 17 at frame 41798: (1296, 824) -> (1472, 1152)
target scene=17 area=(1472, 1152) event=252 script=8530 mode=4 state=1 player=(1472, 1152) pos=(1440, 1056) path=16
learned targeted exit AreaKey { scene: 17, anchor: (1472, 1152) } event=252 -> AreaKey { scene: 17, anchor: (1024, 1216) }
marked destination touch VisitKey { scene: 17, area: (1024, 1216), event_id: 252, trigger_script: 8533, state: 1 }
learned exit AreaKey { scene: 17, anchor: (1472, 1152) } event=252 -> AreaKey { scene: 17, anchor: (1024, 1216) }
area teleport in scene 17 at frame 41865: (1440, 1056) -> (1040, 1256)
target scene=17 area=(1024, 1216) event=252 script=8533 mode=4 state=1 player=(1040, 1256) pos=(1056, 1248) path=1
learned targeted exit AreaKey { scene: 17, anchor: (1024, 1216) } event=252 -> AreaKey { scene: 17, anchor: (1408, 1024) }
marked destination touch VisitKey { scene: 17, area: (1408, 1024), event_id: 252, trigger_script: 8530, state: 1 }
learned exit AreaKey { scene: 17, anchor: (1024, 1216) } event=252 -> AreaKey { scene: 17, anchor: (1408, 1024) }
area teleport in scene 17 at frame 41917: (1056, 1248) -> (1456, 1048)
target scene=17 area=(1408, 1024) event=253 script=8537 mode=4 state=1 player=(1456, 1048) pos=(1424, 1000) path=6
learned targeted exit AreaKey { scene: 17, anchor: (1408, 1024) } event=253 -> AreaKey { scene: 17, anchor: (1216, 896) }
marked destination touch VisitKey { scene: 17, area: (1216, 896), event_id: 253, trigger_script: 8540, state: 1 }
learned exit AreaKey { scene: 17, anchor: (1408, 1024) } event=253 -> AreaKey { scene: 17, anchor: (1216, 896) }
area teleport in scene 17 at frame 41950: (1424, 1000) -> (1216, 896)
target scene=17 area=(1216, 896) event=254 script=8544 mode=4 state=1 player=(1216, 896) pos=(1184, 880) path=2
learned targeted exit AreaKey { scene: 17, anchor: (1216, 896) } event=254 -> AreaKey { scene: 17, anchor: (1088, 832) }
marked destination touch VisitKey { scene: 17, area: (1088, 832), event_id: 254, trigger_script: 8547, state: 1 }
learned exit AreaKey { scene: 17, anchor: (1216, 896) } event=254 -> AreaKey { scene: 17, anchor: (1088, 832) }
area teleport in scene 17 at frame 41965: (1184, 880) -> (1088, 832)
target scene=17 area=(1088, 832) event=258 script=8576 mode=4 state=1 player=(1088, 832) pos=(1088, 736) path=14
learned targeted exit AreaKey { scene: 17, anchor: (1088, 832) } event=258 -> AreaKey { scene: 17, anchor: (512, 512) }
marked destination touch VisitKey { scene: 17, area: (512, 512), event_id: 258, trigger_script: 8580, state: 1 }
learned exit AreaKey { scene: 17, anchor: (1088, 832) } event=258 -> AreaKey { scene: 17, anchor: (512, 512) }
area teleport in scene 17 at frame 42048: (1088, 736) -> (544, 544)
target scene=17 area=(512, 512) event=258 script=8580 mode=4 state=1 player=(544, 544) pos=(560, 552) path=1
learned targeted exit AreaKey { scene: 17, anchor: (512, 512) } event=258 -> AreaKey { scene: 17, anchor: (1088, 704) }
marked destination touch VisitKey { scene: 17, area: (1088, 704), event_id: 258, trigger_script: 8576, state: 1 }
learned exit AreaKey { scene: 17, anchor: (512, 512) } event=258 -> AreaKey { scene: 17, anchor: (1088, 704) }
area teleport in scene 17 at frame 42118: (560, 552) -> (1104, 728)
target scene=17 area=(1088, 704) event=259 script=8585 mode=4 state=1 player=(1104, 728) pos=(1136, 600) path=16
learned targeted exit AreaKey { scene: 17, anchor: (1088, 704) } event=259 -> AreaKey { scene: 17, anchor: (832, 448) }
marked destination touch VisitKey { scene: 17, area: (832, 448), event_id: 259, trigger_script: 8588, state: 1 }
learned exit AreaKey { scene: 17, anchor: (1088, 704) } event=259 -> AreaKey { scene: 17, anchor: (832, 448) }
area teleport in scene 17 at frame 42173: (1136, 600) -> (832, 448)
target scene=17 area=(832, 448) event=259 script=8588 mode=4 state=1 player=(832, 448) pos=(848, 456) path=1
learned targeted exit AreaKey { scene: 17, anchor: (832, 448) } event=259 -> AreaKey { scene: 17, anchor: (1152, 576) }
marked destination touch VisitKey { scene: 17, area: (1152, 576), event_id: 259, trigger_script: 8585, state: 1 }
learned exit AreaKey { scene: 17, anchor: (832, 448) } event=259 -> AreaKey { scene: 17, anchor: (1152, 576) }
area teleport in scene 17 at frame 42213: (848, 456) -> (1152, 608)
target scene=17 area=(1152, 576) event=259 script=8585 mode=4 state=1 player=(1152, 608) pos=(1136, 600) path=1
learned targeted exit AreaKey { scene: 17, anchor: (1152, 576) } event=259 -> AreaKey { scene: 17, anchor: (832, 448) }
marked destination touch VisitKey { scene: 17, area: (832, 448), event_id: 259, trigger_script: 8588, state: 1 }
learned exit AreaKey { scene: 17, anchor: (1152, 576) } event=259 -> AreaKey { scene: 17, anchor: (832, 448) }
area teleport in scene 17 at frame 42253: (1136, 600) -> (832, 448)
target scene=17 area=(832, 448) event=259 script=8588 mode=4 state=1 player=(832, 448) pos=(848, 456) path=1
learned targeted exit AreaKey { scene: 17, anchor: (832, 448) } event=259 -> AreaKey { scene: 17, anchor: (1152, 576) }
marked destination touch VisitKey { scene: 17, area: (1152, 576), event_id: 259, trigger_script: 8585, state: 1 }
learned exit AreaKey { scene: 17, anchor: (832, 448) } event=259 -> AreaKey { scene: 17, anchor: (1152, 576) }
area teleport in scene 17 at frame 42293: (848, 456) -> (1152, 608)
target scene=17 area=(1152, 576) event=258 script=8576 mode=4 state=1 player=(1152, 608) pos=(1088, 736) path=16
learned targeted exit AreaKey { scene: 17, anchor: (1152, 576) } event=258 -> AreaKey { scene: 17, anchor: (512, 512) }
marked destination touch VisitKey { scene: 17, area: (512, 512), event_id: 258, trigger_script: 8580, state: 1 }
learned exit AreaKey { scene: 17, anchor: (1152, 576) } event=258 -> AreaKey { scene: 17, anchor: (512, 512) }
area teleport in scene 17 at frame 42378: (1088, 736) -> (544, 544)
target scene=17 area=(512, 512) event=258 script=8580 mode=4 state=1 player=(544, 544) pos=(560, 552) path=1
learned targeted exit AreaKey { scene: 17, anchor: (512, 512) } event=258 -> AreaKey { scene: 17, anchor: (1088, 704) }
marked destination touch VisitKey { scene: 17, area: (1088, 704), event_id: 258, trigger_script: 8576, state: 1 }
learned exit AreaKey { scene: 17, anchor: (512, 512) } event=258 -> AreaKey { scene: 17, anchor: (1088, 704) }
area teleport in scene 17 at frame 42448: (560, 552) -> (1104, 728)
target scene=17 area=(1088, 704) event=254 script=8547 mode=4 state=1 player=(1104, 728) pos=(1104, 840) path=14
learned targeted exit AreaKey { scene: 17, anchor: (1088, 704) } event=254 -> AreaKey { scene: 17, anchor: (1152, 832) }
marked destination touch VisitKey { scene: 17, area: (1152, 832), event_id: 254, trigger_script: 8544, state: 1 }
learned exit AreaKey { scene: 17, anchor: (1088, 704) } event=254 -> AreaKey { scene: 17, anchor: (1152, 832) }
area teleport in scene 17 at frame 42475: (1104, 840) -> (1200, 888)
target scene=17 area=(1152, 832) event=254 script=8544 mode=4 state=1 player=(1200, 888) pos=(1184, 880) path=1
learned targeted exit AreaKey { scene: 17, anchor: (1152, 832) } event=254 -> AreaKey { scene: 17, anchor: (1088, 832) }
marked destination touch VisitKey { scene: 17, area: (1088, 832), event_id: 254, trigger_script: 8547, state: 1 }
learned exit AreaKey { scene: 17, anchor: (1152, 832) } event=254 -> AreaKey { scene: 17, anchor: (1088, 832) }
area teleport in scene 17 at frame 42489: (1184, 880) -> (1088, 832)
target scene=17 area=(1088, 832) event=254 script=8547 mode=4 state=1 player=(1088, 832) pos=(1104, 840) path=1
learned targeted exit AreaKey { scene: 17, anchor: (1088, 832) } event=254 -> AreaKey { scene: 17, anchor: (1152, 832) }
marked destination touch VisitKey { scene: 17, area: (1152, 832), event_id: 254, trigger_script: 8544, state: 1 }
learned exit AreaKey { scene: 17, anchor: (1088, 832) } event=254 -> AreaKey { scene: 17, anchor: (1152, 832) }
area teleport in scene 17 at frame 42503: (1104, 840) -> (1200, 888)
target scene=17 area=(1152, 832) event=253 script=8540 mode=4 state=1 player=(1200, 888) pos=(1232, 904) path=2
learned targeted exit AreaKey { scene: 17, anchor: (1152, 832) } event=253 -> AreaKey { scene: 17, anchor: (1408, 960) }
marked destination touch VisitKey { scene: 17, area: (1408, 960), event_id: 253, trigger_script: 8537, state: 1 }
learned exit AreaKey { scene: 17, anchor: (1152, 832) } event=253 -> AreaKey { scene: 17, anchor: (1408, 960) }
area teleport in scene 17 at frame 42532: (1232, 904) -> (1440, 1008)
target scene=17 area=(1408, 960) event=253 script=8537 mode=4 state=1 player=(1440, 1008) pos=(1424, 1000) path=1
learned targeted exit AreaKey { scene: 17, anchor: (1408, 960) } event=253 -> AreaKey { scene: 17, anchor: (1216, 896) }
marked destination touch VisitKey { scene: 17, area: (1216, 896), event_id: 253, trigger_script: 8540, state: 1 }
learned exit AreaKey { scene: 17, anchor: (1408, 960) } event=253 -> AreaKey { scene: 17, anchor: (1216, 896) }
area teleport in scene 17 at frame 42560: (1424, 1000) -> (1216, 896)
target scene=17 area=(1216, 896) event=255 script=8551 mode=4 state=1 player=(1216, 896) pos=(1248, 880) path=2
learned targeted exit AreaKey { scene: 17, anchor: (1216, 896) } event=255 -> AreaKey { scene: 17, anchor: (896, 384) }
marked destination touch VisitKey { scene: 17, area: (896, 384), event_id: 255, trigger_script: 8555, state: 1 }
learned exit AreaKey { scene: 17, anchor: (1216, 896) } event=255 -> AreaKey { scene: 17, anchor: (896, 384) }
area teleport in scene 17 at frame 42681: (1248, 880) -> (912, 408)
target scene=17 area=(896, 384) event=237 script=9193 mode=2 state=2 player=(912, 408) pos=(784, 216) path=31
target scene=17 area=(896, 384) event=255 script=8555 mode=4 state=1 player=(832, 240) pos=(928, 416) path=32
learned targeted exit AreaKey { scene: 17, anchor: (896, 384) } event=255 -> AreaKey { scene: 17, anchor: (1216, 832) }
marked destination touch VisitKey { scene: 17, area: (1216, 832), event_id: 255, trigger_script: 8551, state: 1 }
learned exit AreaKey { scene: 17, anchor: (896, 384) } event=255 -> AreaKey { scene: 17, anchor: (1216, 832) }
area teleport in scene 17 at frame 42863: (928, 416) -> (1232, 888)
target scene=17 area=(1216, 832) event=255 script=8551 mode=4 state=1 player=(1232, 888) pos=(1248, 880) path=1
learned targeted exit AreaKey { scene: 17, anchor: (1216, 832) } event=255 -> AreaKey { scene: 17, anchor: (896, 384) }
marked destination touch VisitKey { scene: 17, area: (896, 384), event_id: 255, trigger_script: 8555, state: 1 }
learned exit AreaKey { scene: 17, anchor: (1216, 832) } event=255 -> AreaKey { scene: 17, anchor: (896, 384) }
area teleport in scene 17 at frame 42983: (1248, 880) -> (912, 408)
target scene=17 area=(896, 384) event=237 script=9193 mode=2 state=2 player=(912, 408) pos=(784, 216) path=31
target scene=17 area=(896, 384) event=255 script=8555 mode=4 state=1 player=(832, 240) pos=(928, 416) path=32
learned targeted exit AreaKey { scene: 17, anchor: (896, 384) } event=255 -> AreaKey { scene: 17, anchor: (1216, 832) }
marked destination touch VisitKey { scene: 17, area: (1216, 832), event_id: 255, trigger_script: 8551, state: 1 }
learned exit AreaKey { scene: 17, anchor: (896, 384) } event=255 -> AreaKey { scene: 17, anchor: (1216, 832) }
area teleport in scene 17 at frame 43165: (928, 416) -> (1232, 888)
target scene=17 area=(1216, 832) event=253 script=8540 mode=4 state=1 player=(1232, 888) pos=(1232, 904) path=2
learned targeted exit AreaKey { scene: 17, anchor: (1216, 832) } event=253 -> AreaKey { scene: 17, anchor: (1408, 960) }
marked destination touch VisitKey { scene: 17, area: (1408, 960), event_id: 253, trigger_script: 8537, state: 1 }
learned exit AreaKey { scene: 17, anchor: (1216, 832) } event=253 -> AreaKey { scene: 17, anchor: (1408, 960) }
area teleport in scene 17 at frame 43194: (1232, 904) -> (1440, 1008)
target scene=17 area=(1408, 960) event=252 script=8530 mode=4 state=1 player=(1440, 1008) pos=(1440, 1056) path=6
learned targeted exit AreaKey { scene: 17, anchor: (1408, 960) } event=252 -> AreaKey { scene: 17, anchor: (1024, 1216) }
marked destination touch VisitKey { scene: 17, area: (1024, 1216), event_id: 252, trigger_script: 8533, state: 1 }
learned exit AreaKey { scene: 17, anchor: (1408, 960) } event=252 -> AreaKey { scene: 17, anchor: (1024, 1216) }
area teleport in scene 17 at frame 43251: (1440, 1056) -> (1040, 1256)
target scene=17 area=(1024, 1216) event=252 script=8533 mode=4 state=1 player=(1040, 1256) pos=(1056, 1248) path=1
learned targeted exit AreaKey { scene: 17, anchor: (1024, 1216) } event=252 -> AreaKey { scene: 17, anchor: (1408, 1024) }
marked destination touch VisitKey { scene: 17, area: (1408, 1024), event_id: 252, trigger_script: 8530, state: 1 }
learned exit AreaKey { scene: 17, anchor: (1024, 1216) } event=252 -> AreaKey { scene: 17, anchor: (1408, 1024) }
area teleport in scene 17 at frame 43303: (1056, 1248) -> (1456, 1048)
target scene=17 area=(1408, 1024) event=251 script=8524 mode=4 state=1 player=(1456, 1048) pos=(1456, 1144) path=16
learned targeted exit AreaKey { scene: 17, anchor: (1408, 1024) } event=251 -> AreaKey { scene: 17, anchor: (1280, 768) }
marked destination touch VisitKey { scene: 17, area: (1280, 768), event_id: 251, trigger_script: 8519, state: 1 }
learned exit AreaKey { scene: 17, anchor: (1408, 1024) } event=251 -> AreaKey { scene: 17, anchor: (1280, 768) }
area teleport in scene 17 at frame 43402: (1456, 1144) -> (1280, 816)
target scene=17 area=(1280, 768) event=251 script=8519 mode=4 state=1 player=(1280, 816) pos=(1296, 824) path=1
learned targeted exit AreaKey { scene: 17, anchor: (1280, 768) } event=251 -> AreaKey { scene: 17, anchor: (1472, 1152) }
marked destination touch VisitKey { scene: 17, area: (1472, 1152), event_id: 251, trigger_script: 8524, state: 1 }
learned exit AreaKey { scene: 17, anchor: (1280, 768) } event=251 -> AreaKey { scene: 17, anchor: (1472, 1152) }
area teleport in scene 17 at frame 43486: (1296, 824) -> (1472, 1152)
target scene=17 area=(1472, 1152) event=251 script=8524 mode=4 state=1 player=(1472, 1152) pos=(1456, 1144) path=1
learned targeted exit AreaKey { scene: 17, anchor: (1472, 1152) } event=251 -> AreaKey { scene: 17, anchor: (1280, 768) }
marked destination touch VisitKey { scene: 17, area: (1280, 768), event_id: 251, trigger_script: 8519, state: 1 }
learned exit AreaKey { scene: 17, anchor: (1472, 1152) } event=251 -> AreaKey { scene: 17, anchor: (1280, 768) }
area teleport in scene 17 at frame 43570: (1456, 1144) -> (1280, 816)
target scene=17 area=(1280, 768) event=251 script=8519 mode=4 state=1 player=(1280, 816) pos=(1296, 824) path=1
learned targeted exit AreaKey { scene: 17, anchor: (1280, 768) } event=251 -> AreaKey { scene: 17, anchor: (1472, 1152) }
marked destination touch VisitKey { scene: 17, area: (1472, 1152), event_id: 251, trigger_script: 8524, state: 1 }
learned exit AreaKey { scene: 17, anchor: (1280, 768) } event=251 -> AreaKey { scene: 17, anchor: (1472, 1152) }
area teleport in scene 17 at frame 43654: (1296, 824) -> (1472, 1152)
target scene=17 area=(1472, 1152) event=252 script=8530 mode=4 state=1 player=(1472, 1152) pos=(1440, 1056) path=16
learned targeted exit AreaKey { scene: 17, anchor: (1472, 1152) } event=252 -> AreaKey { scene: 17, anchor: (1024, 1216) }
marked destination touch VisitKey { scene: 17, area: (1024, 1216), event_id: 252, trigger_script: 8533, state: 1 }
learned exit AreaKey { scene: 17, anchor: (1472, 1152) } event=252 -> AreaKey { scene: 17, anchor: (1024, 1216) }
area teleport in scene 17 at frame 43721: (1440, 1056) -> (1040, 1256)
target scene=17 area=(1024, 1216) event=252 script=8533 mode=4 state=1 player=(1040, 1256) pos=(1056, 1248) path=1
learned targeted exit AreaKey { scene: 17, anchor: (1024, 1216) } event=252 -> AreaKey { scene: 17, anchor: (1408, 1024) }
marked destination touch VisitKey { scene: 17, area: (1408, 1024), event_id: 252, trigger_script: 8530, state: 1 }
learned exit AreaKey { scene: 17, anchor: (1024, 1216) } event=252 -> AreaKey { scene: 17, anchor: (1408, 1024) }
area teleport in scene 17 at frame 43773: (1056, 1248) -> (1456, 1048)
target scene=17 area=(1408, 1024) event=253 script=8537 mode=4 state=1 player=(1456, 1048) pos=(1424, 1000) path=6
learned targeted exit AreaKey { scene: 17, anchor: (1408, 1024) } event=253 -> AreaKey { scene: 17, anchor: (1216, 896) }
marked destination touch VisitKey { scene: 17, area: (1216, 896), event_id: 253, trigger_script: 8540, state: 1 }
learned exit AreaKey { scene: 17, anchor: (1408, 1024) } event=253 -> AreaKey { scene: 17, anchor: (1216, 896) }
area teleport in scene 17 at frame 43806: (1424, 1000) -> (1216, 896)
target scene=17 area=(1216, 896) event=254 script=8544 mode=4 state=1 player=(1216, 896) pos=(1184, 880) path=2
learned targeted exit AreaKey { scene: 17, anchor: (1216, 896) } event=254 -> AreaKey { scene: 17, anchor: (1088, 832) }
marked destination touch VisitKey { scene: 17, area: (1088, 832), event_id: 254, trigger_script: 8547, state: 1 }
learned exit AreaKey { scene: 17, anchor: (1216, 896) } event=254 -> AreaKey { scene: 17, anchor: (1088, 832) }
area teleport in scene 17 at frame 43821: (1184, 880) -> (1088, 832)
target scene=17 area=(1088, 832) event=256 script=8560 mode=4 state=1 player=(1088, 832) pos=(1232, 776) path=9
learned targeted exit AreaKey { scene: 17, anchor: (1088, 832) } event=256 -> AreaKey { scene: 17, anchor: (1280, 512) }
marked destination touch VisitKey { scene: 17, area: (1280, 512), event_id: 256, trigger_script: 8564, state: 1 }
learned exit AreaKey { scene: 17, anchor: (1088, 832) } event=256 -> AreaKey { scene: 17, anchor: (1280, 512) }
area teleport in scene 17 at frame 43883: (1232, 776) -> (1328, 568)
target scene=17 area=(1280, 512) event=264 script=887 mode=1 state=2 player=(1328, 568) pos=(1408, 432) path=44
marked destination touch VisitKey { scene: 17, area: (1024, 448), event_id: 260, trigger_script: 8595, state: 1 }
learned exit AreaKey { scene: 17, anchor: (1280, 512) } event=260 -> AreaKey { scene: 17, anchor: (1024, 448) }
area teleport in scene 17 at frame 43913: (1280, 560) -> (1072, 456)
target scene=17 area=(1024, 448) event=264 script=887 mode=1 state=2 player=(1072, 456) pos=(1408, 432) path=24
target scene=17 area=(1024, 448) event=260 script=8595 mode=4 state=1 player=(1392, 424) pos=(1104, 472) path=26
learned targeted exit AreaKey { scene: 17, anchor: (1024, 448) } event=260 -> AreaKey { scene: 17, anchor: (1280, 512) }
marked destination touch VisitKey { scene: 17, area: (1280, 512), event_id: 260, trigger_script: 8601, state: 1 }
learned exit AreaKey { scene: 17, anchor: (1024, 448) } event=260 -> AreaKey { scene: 17, anchor: (1280, 512) }
area teleport in scene 17 at frame 43988: (1104, 472) -> (1296, 568)
target scene=17 area=(1280, 512) event=257 script=8569 mode=4 state=1 player=(1296, 568) pos=(1344, 560) path=3
learned targeted exit AreaKey { scene: 17, anchor: (1280, 512) } event=257 -> AreaKey { scene: 17, anchor: (1408, 512) }
marked destination touch VisitKey { scene: 17, area: (1408, 512), event_id: 256, trigger_script: 8564, state: 1 }
learned exit AreaKey { scene: 17, anchor: (1280, 512) } event=256 -> AreaKey { scene: 17, anchor: (1408, 512) }
marked destination touch VisitKey { scene: 17, area: (1408, 512), event_id: 257, trigger_script: 8572, state: 1 }
learned exit AreaKey { scene: 17, anchor: (1280, 512) } event=257 -> AreaKey { scene: 17, anchor: (1408, 512) }
area teleport in scene 17 at frame 44002: (1344, 560) -> (1424, 520)
target scene=17 area=(1408, 512) event=257 script=8572 mode=4 state=1 player=(1424, 520) pos=(1408, 528) path=1
learned targeted exit AreaKey { scene: 17, anchor: (1408, 512) } event=257 -> AreaKey { scene: 17, anchor: (1280, 512) }
marked destination touch VisitKey { scene: 17, area: (1280, 512), event_id: 257, trigger_script: 8569, state: 1 }
learned exit AreaKey { scene: 17, anchor: (1408, 512) } event=257 -> AreaKey { scene: 17, anchor: (1280, 512) }
area teleport in scene 17 at frame 44014: (1408, 528) -> (1328, 568)
target scene=17 area=(1280, 512) event=264 script=887 mode=1 state=2 player=(1328, 568) pos=(1408, 432) path=44
marked destination touch VisitKey { scene: 17, area: (1024, 448), event_id: 260, trigger_script: 8595, state: 1 }
learned exit AreaKey { scene: 17, anchor: (1280, 512) } event=260 -> AreaKey { scene: 17, anchor: (1024, 448) }
area teleport in scene 17 at frame 44044: (1280, 560) -> (1072, 456)
target scene=17 area=(1024, 448) event=264 script=887 mode=1 state=2 player=(1072, 456) pos=(1408, 432) path=24
target scene=17 area=(1024, 448) event=260 script=8595 mode=4 state=1 player=(1392, 424) pos=(1104, 472) path=26
learned targeted exit AreaKey { scene: 17, anchor: (1024, 448) } event=260 -> AreaKey { scene: 17, anchor: (1280, 512) }
marked destination touch VisitKey { scene: 17, area: (1280, 512), event_id: 260, trigger_script: 8601, state: 1 }
learned exit AreaKey { scene: 17, anchor: (1024, 448) } event=260 -> AreaKey { scene: 17, anchor: (1280, 512) }
area teleport in scene 17 at frame 44119: (1104, 472) -> (1296, 568)
target scene=17 area=(1280, 512) event=256 script=8564 mode=4 state=1 player=(1296, 568) pos=(1344, 576) path=3
learned targeted exit AreaKey { scene: 17, anchor: (1280, 512) } event=256 -> AreaKey { scene: 17, anchor: (1216, 768) }
marked destination touch VisitKey { scene: 17, area: (1216, 768), event_id: 256, trigger_script: 8560, state: 1 }
learned exit AreaKey { scene: 17, anchor: (1280, 512) } event=256 -> AreaKey { scene: 17, anchor: (1216, 768) }
marked destination touch VisitKey { scene: 17, area: (1216, 768), event_id: 257, trigger_script: 8569, state: 1 }
learned exit AreaKey { scene: 17, anchor: (1280, 512) } event=257 -> AreaKey { scene: 17, anchor: (1216, 768) }
area teleport in scene 17 at frame 44175: (1344, 576) -> (1216, 784)
target scene=17 area=(1216, 768) event=258 script=8576 mode=4 state=1 player=(1216, 784) pos=(1088, 736) path=8
learned targeted exit AreaKey { scene: 17, anchor: (1216, 768) } event=258 -> AreaKey { scene: 17, anchor: (512, 512) }
marked destination touch VisitKey { scene: 17, area: (512, 512), event_id: 258, trigger_script: 8580, state: 1 }
learned exit AreaKey { scene: 17, anchor: (1216, 768) } event=258 -> AreaKey { scene: 17, anchor: (512, 512) }
area teleport in scene 17 at frame 44252: (1088, 736) -> (544, 544)
target scene=17 area=(512, 512) event=258 script=8580 mode=4 state=1 player=(544, 544) pos=(560, 552) path=1
learned targeted exit AreaKey { scene: 17, anchor: (512, 512) } event=258 -> AreaKey { scene: 17, anchor: (1088, 704) }
marked destination touch VisitKey { scene: 17, area: (1088, 704), event_id: 258, trigger_script: 8576, state: 1 }
learned exit AreaKey { scene: 17, anchor: (512, 512) } event=258 -> AreaKey { scene: 17, anchor: (1088, 704) }
area teleport in scene 17 at frame 44322: (560, 552) -> (1104, 728)
target scene=17 area=(1088, 704) event=259 script=8585 mode=4 state=1 player=(1104, 728) pos=(1136, 600) path=16
learned targeted exit AreaKey { scene: 17, anchor: (1088, 704) } event=259 -> AreaKey { scene: 17, anchor: (832, 448) }
marked destination touch VisitKey { scene: 17, area: (832, 448), event_id: 259, trigger_script: 8588, state: 1 }
learned exit AreaKey { scene: 17, anchor: (1088, 704) } event=259 -> AreaKey { scene: 17, anchor: (832, 448) }
area teleport in scene 17 at frame 44377: (1136, 600) -> (832, 448)
target scene=17 area=(832, 448) event=259 script=8588 mode=4 state=1 player=(832, 448) pos=(848, 456) path=1
learned targeted exit AreaKey { scene: 17, anchor: (832, 448) } event=259 -> AreaKey { scene: 17, anchor: (1152, 576) }
marked destination touch VisitKey { scene: 17, area: (1152, 576), event_id: 259, trigger_script: 8585, state: 1 }
learned exit AreaKey { scene: 17, anchor: (832, 448) } event=259 -> AreaKey { scene: 17, anchor: (1152, 576) }
area teleport in scene 17 at frame 44417: (848, 456) -> (1152, 608)
target scene=17 area=(1152, 576) event=259 script=8585 mode=4 state=1 player=(1152, 608) pos=(1136, 600) path=1
learned targeted exit AreaKey { scene: 17, anchor: (1152, 576) } event=259 -> AreaKey { scene: 17, anchor: (832, 448) }
marked destination touch VisitKey { scene: 17, area: (832, 448), event_id: 259, trigger_script: 8588, state: 1 }
learned exit AreaKey { scene: 17, anchor: (1152, 576) } event=259 -> AreaKey { scene: 17, anchor: (832, 448) }
area teleport in scene 17 at frame 44457: (1136, 600) -> (832, 448)
target scene=17 area=(832, 448) event=259 script=8588 mode=4 state=1 player=(832, 448) pos=(848, 456) path=1
learned targeted exit AreaKey { scene: 17, anchor: (832, 448) } event=259 -> AreaKey { scene: 17, anchor: (1152, 576) }
marked destination touch VisitKey { scene: 17, area: (1152, 576), event_id: 259, trigger_script: 8585, state: 1 }
learned exit AreaKey { scene: 17, anchor: (832, 448) } event=259 -> AreaKey { scene: 17, anchor: (1152, 576) }
area teleport in scene 17 at frame 44497: (848, 456) -> (1152, 608)
target scene=17 area=(1152, 576) event=258 script=8576 mode=4 state=1 player=(1152, 608) pos=(1088, 736) path=16
learned targeted exit AreaKey { scene: 17, anchor: (1152, 576) } event=258 -> AreaKey { scene: 17, anchor: (512, 512) }
marked destination touch VisitKey { scene: 17, area: (512, 512), event_id: 258, trigger_script: 8580, state: 1 }
learned exit AreaKey { scene: 17, anchor: (1152, 576) } event=258 -> AreaKey { scene: 17, anchor: (512, 512) }
area teleport in scene 17 at frame 44582: (1088, 736) -> (544, 544)
target scene=17 area=(512, 512) event=258 script=8580 mode=4 state=1 player=(544, 544) pos=(560, 552) path=1
learned targeted exit AreaKey { scene: 17, anchor: (512, 512) } event=258 -> AreaKey { scene: 17, anchor: (1088, 704) }
marked destination touch VisitKey { scene: 17, area: (1088, 704), event_id: 258, trigger_script: 8576, state: 1 }
learned exit AreaKey { scene: 17, anchor: (512, 512) } event=258 -> AreaKey { scene: 17, anchor: (1088, 704) }
area teleport in scene 17 at frame 44652: (560, 552) -> (1104, 728)
target scene=17 area=(1088, 704) event=254 script=8547 mode=4 state=1 player=(1104, 728) pos=(1104, 840) path=14
learned targeted exit AreaKey { scene: 17, anchor: (1088, 704) } event=254 -> AreaKey { scene: 17, anchor: (1152, 832) }
marked destination touch VisitKey { scene: 17, area: (1152, 832), event_id: 254, trigger_script: 8544, state: 1 }
learned exit AreaKey { scene: 17, anchor: (1088, 704) } event=254 -> AreaKey { scene: 17, anchor: (1152, 832) }
area teleport in scene 17 at frame 44679: (1104, 840) -> (1200, 888)
target scene=17 area=(1152, 832) event=254 script=8544 mode=4 state=1 player=(1200, 888) pos=(1184, 880) path=1
learned targeted exit AreaKey { scene: 17, anchor: (1152, 832) } event=254 -> AreaKey { scene: 17, anchor: (1088, 832) }
marked destination touch VisitKey { scene: 17, area: (1088, 832), event_id: 254, trigger_script: 8547, state: 1 }
learned exit AreaKey { scene: 17, anchor: (1152, 832) } event=254 -> AreaKey { scene: 17, anchor: (1088, 832) }
area teleport in scene 17 at frame 44693: (1184, 880) -> (1088, 832)
target scene=17 area=(1088, 832) event=254 script=8547 mode=4 state=1 player=(1088, 832) pos=(1104, 840) path=1
learned targeted exit AreaKey { scene: 17, anchor: (1088, 832) } event=254 -> AreaKey { scene: 17, anchor: (1152, 832) }
marked destination touch VisitKey { scene: 17, area: (1152, 832), event_id: 254, trigger_script: 8544, state: 1 }
learned exit AreaKey { scene: 17, anchor: (1088, 832) } event=254 -> AreaKey { scene: 17, anchor: (1152, 832) }
area teleport in scene 17 at frame 44707: (1104, 840) -> (1200, 888)
target scene=17 area=(1152, 832) event=253 script=8540 mode=4 state=1 player=(1200, 888) pos=(1232, 904) path=2
learned targeted exit AreaKey { scene: 17, anchor: (1152, 832) } event=253 -> AreaKey { scene: 17, anchor: (1408, 960) }
marked destination touch VisitKey { scene: 17, area: (1408, 960), event_id: 253, trigger_script: 8537, state: 1 }
learned exit AreaKey { scene: 17, anchor: (1152, 832) } event=253 -> AreaKey { scene: 17, anchor: (1408, 960) }
area teleport in scene 17 at frame 44736: (1232, 904) -> (1440, 1008)
target scene=17 area=(1408, 960) event=253 script=8537 mode=4 state=1 player=(1440, 1008) pos=(1424, 1000) path=1
learned targeted exit AreaKey { scene: 17, anchor: (1408, 960) } event=253 -> AreaKey { scene: 17, anchor: (1216, 896) }
marked destination touch VisitKey { scene: 17, area: (1216, 896), event_id: 253, trigger_script: 8540, state: 1 }
learned exit AreaKey { scene: 17, anchor: (1408, 960) } event=253 -> AreaKey { scene: 17, anchor: (1216, 896) }
area teleport in scene 17 at frame 44764: (1424, 1000) -> (1216, 896)
target scene=17 area=(1216, 896) event=255 script=8551 mode=4 state=1 player=(1216, 896) pos=(1248, 880) path=2
learned targeted exit AreaKey { scene: 17, anchor: (1216, 896) } event=255 -> AreaKey { scene: 17, anchor: (896, 384) }
marked destination touch VisitKey { scene: 17, area: (896, 384), event_id: 255, trigger_script: 8555, state: 1 }
learned exit AreaKey { scene: 17, anchor: (1216, 896) } event=255 -> AreaKey { scene: 17, anchor: (896, 384) }
area teleport in scene 17 at frame 44885: (1248, 880) -> (912, 408)
target scene=17 area=(896, 384) event=237 script=9193 mode=2 state=2 player=(912, 408) pos=(784, 216) path=31
target scene=17 area=(896, 384) event=255 script=8555 mode=4 state=1 player=(832, 240) pos=(928, 416) path=32
learned targeted exit AreaKey { scene: 17, anchor: (896, 384) } event=255 -> AreaKey { scene: 17, anchor: (1216, 832) }
marked destination touch VisitKey { scene: 17, area: (1216, 832), event_id: 255, trigger_script: 8551, state: 1 }
learned exit AreaKey { scene: 17, anchor: (896, 384) } event=255 -> AreaKey { scene: 17, anchor: (1216, 832) }
area teleport in scene 17 at frame 45067: (928, 416) -> (1232, 888)
target scene=17 area=(1216, 832) event=255 script=8551 mode=4 state=1 player=(1232, 888) pos=(1248, 880) path=1
learned targeted exit AreaKey { scene: 17, anchor: (1216, 832) } event=255 -> AreaKey { scene: 17, anchor: (896, 384) }
marked destination touch VisitKey { scene: 17, area: (896, 384), event_id: 255, trigger_script: 8555, state: 1 }
learned exit AreaKey { scene: 17, anchor: (1216, 832) } event=255 -> AreaKey { scene: 17, anchor: (896, 384) }
area teleport in scene 17 at frame 45187: (1248, 880) -> (912, 408)
target scene=17 area=(896, 384) event=237 script=9193 mode=2 state=2 player=(912, 408) pos=(784, 216) path=31
target scene=17 area=(896, 384) event=255 script=8555 mode=4 state=1 player=(832, 240) pos=(928, 416) path=32
learned targeted exit AreaKey { scene: 17, anchor: (896, 384) } event=255 -> AreaKey { scene: 17, anchor: (1216, 832) }
marked destination touch VisitKey { scene: 17, area: (1216, 832), event_id: 255, trigger_script: 8551, state: 1 }
learned exit AreaKey { scene: 17, anchor: (896, 384) } event=255 -> AreaKey { scene: 17, anchor: (1216, 832) }
area teleport in scene 17 at frame 45369: (928, 416) -> (1232, 888)
target scene=17 area=(1216, 832) event=253 script=8540 mode=4 state=1 player=(1232, 888) pos=(1232, 904) path=2
learned targeted exit AreaKey { scene: 17, anchor: (1216, 832) } event=253 -> AreaKey { scene: 17, anchor: (1408, 960) }
marked destination touch VisitKey { scene: 17, area: (1408, 960), event_id: 253, trigger_script: 8537, state: 1 }
learned exit AreaKey { scene: 17, anchor: (1216, 832) } event=253 -> AreaKey { scene: 17, anchor: (1408, 960) }
area teleport in scene 17 at frame 45398: (1232, 904) -> (1440, 1008)
target scene=17 area=(1408, 960) event=252 script=8530 mode=4 state=1 player=(1440, 1008) pos=(1440, 1056) path=6
learned targeted exit AreaKey { scene: 17, anchor: (1408, 960) } event=252 -> AreaKey { scene: 17, anchor: (1024, 1216) }
marked destination touch VisitKey { scene: 17, area: (1024, 1216), event_id: 252, trigger_script: 8533, state: 1 }
learned exit AreaKey { scene: 17, anchor: (1408, 960) } event=252 -> AreaKey { scene: 17, anchor: (1024, 1216) }
area teleport in scene 17 at frame 45455: (1440, 1056) -> (1040, 1256)
target scene=17 area=(1024, 1216) event=252 script=8533 mode=4 state=1 player=(1040, 1256) pos=(1056, 1248) path=1
learned targeted exit AreaKey { scene: 17, anchor: (1024, 1216) } event=252 -> AreaKey { scene: 17, anchor: (1408, 1024) }
marked destination touch VisitKey { scene: 17, area: (1408, 1024), event_id: 252, trigger_script: 8530, state: 1 }
learned exit AreaKey { scene: 17, anchor: (1024, 1216) } event=252 -> AreaKey { scene: 17, anchor: (1408, 1024) }
area teleport in scene 17 at frame 45507: (1056, 1248) -> (1456, 1048)
target scene=17 area=(1408, 1024) event=251 script=8524 mode=4 state=1 player=(1456, 1048) pos=(1456, 1144) path=16
learned targeted exit AreaKey { scene: 17, anchor: (1408, 1024) } event=251 -> AreaKey { scene: 17, anchor: (1280, 768) }
marked destination touch VisitKey { scene: 17, area: (1280, 768), event_id: 251, trigger_script: 8519, state: 1 }
learned exit AreaKey { scene: 17, anchor: (1408, 1024) } event=251 -> AreaKey { scene: 17, anchor: (1280, 768) }
area teleport in scene 17 at frame 45606: (1456, 1144) -> (1280, 816)
target scene=17 area=(1280, 768) event=251 script=8519 mode=4 state=1 player=(1280, 816) pos=(1296, 824) path=1
learned targeted exit AreaKey { scene: 17, anchor: (1280, 768) } event=251 -> AreaKey { scene: 17, anchor: (1472, 1152) }
marked destination touch VisitKey { scene: 17, area: (1472, 1152), event_id: 251, trigger_script: 8524, state: 1 }
learned exit AreaKey { scene: 17, anchor: (1280, 768) } event=251 -> AreaKey { scene: 17, anchor: (1472, 1152) }
area teleport in scene 17 at frame 45690: (1296, 824) -> (1472, 1152)
target scene=17 area=(1472, 1152) event=251 script=8524 mode=4 state=1 player=(1472, 1152) pos=(1456, 1144) path=1
learned targeted exit AreaKey { scene: 17, anchor: (1472, 1152) } event=251 -> AreaKey { scene: 17, anchor: (1280, 768) }
marked destination touch VisitKey { scene: 17, area: (1280, 768), event_id: 251, trigger_script: 8519, state: 1 }
learned exit AreaKey { scene: 17, anchor: (1472, 1152) } event=251 -> AreaKey { scene: 17, anchor: (1280, 768) }
area teleport in scene 17 at frame 45774: (1456, 1144) -> (1280, 816)
target scene=17 area=(1280, 768) event=251 script=8519 mode=4 state=1 player=(1280, 816) pos=(1296, 824) path=1
learned targeted exit AreaKey { scene: 17, anchor: (1280, 768) } event=251 -> AreaKey { scene: 17, anchor: (1472, 1152) }
marked destination touch VisitKey { scene: 17, area: (1472, 1152), event_id: 251, trigger_script: 8524, state: 1 }
learned exit AreaKey { scene: 17, anchor: (1280, 768) } event=251 -> AreaKey { scene: 17, anchor: (1472, 1152) }
area teleport in scene 17 at frame 45858: (1296, 824) -> (1472, 1152)
target scene=17 area=(1472, 1152) event=252 script=8530 mode=4 state=1 player=(1472, 1152) pos=(1440, 1056) path=16
learned targeted exit AreaKey { scene: 17, anchor: (1472, 1152) } event=252 -> AreaKey { scene: 17, anchor: (1024, 1216) }
marked destination touch VisitKey { scene: 17, area: (1024, 1216), event_id: 252, trigger_script: 8533, state: 1 }
learned exit AreaKey { scene: 17, anchor: (1472, 1152) } event=252 -> AreaKey { scene: 17, anchor: (1024, 1216) }
area teleport in scene 17 at frame 45925: (1440, 1056) -> (1040, 1256)
target scene=17 area=(1024, 1216) event=252 script=8533 mode=4 state=1 player=(1040, 1256) pos=(1056, 1248) path=1
learned targeted exit AreaKey { scene: 17, anchor: (1024, 1216) } event=252 -> AreaKey { scene: 17, anchor: (1408, 1024) }
marked destination touch VisitKey { scene: 17, area: (1408, 1024), event_id: 252, trigger_script: 8530, state: 1 }
learned exit AreaKey { scene: 17, anchor: (1024, 1216) } event=252 -> AreaKey { scene: 17, anchor: (1408, 1024) }
area teleport in scene 17 at frame 45977: (1056, 1248) -> (1456, 1048)
target scene=17 area=(1408, 1024) event=253 script=8537 mode=4 state=1 player=(1456, 1048) pos=(1424, 1000) path=6
learned targeted exit AreaKey { scene: 17, anchor: (1408, 1024) } event=253 -> AreaKey { scene: 17, anchor: (1216, 896) }
marked destination touch VisitKey { scene: 17, area: (1216, 896), event_id: 253, trigger_script: 8540, state: 1 }
learned exit AreaKey { scene: 17, anchor: (1408, 1024) } event=253 -> AreaKey { scene: 17, anchor: (1216, 896) }
area teleport in scene 17 at frame 46010: (1424, 1000) -> (1216, 896)
target scene=17 area=(1216, 896) event=254 script=8544 mode=4 state=1 player=(1216, 896) pos=(1184, 880) path=2
learned targeted exit AreaKey { scene: 17, anchor: (1216, 896) } event=254 -> AreaKey { scene: 17, anchor: (1088, 832) }
marked destination touch VisitKey { scene: 17, area: (1088, 832), event_id: 254, trigger_script: 8547, state: 1 }
learned exit AreaKey { scene: 17, anchor: (1216, 896) } event=254 -> AreaKey { scene: 17, anchor: (1088, 832) }
area teleport in scene 17 at frame 46025: (1184, 880) -> (1088, 832)
target scene=17 area=(1088, 832) event=258 script=8576 mode=4 state=1 player=(1088, 832) pos=(1088, 736) path=14
learned targeted exit AreaKey { scene: 17, anchor: (1088, 832) } event=258 -> AreaKey { scene: 17, anchor: (512, 512) }
marked destination touch VisitKey { scene: 17, area: (512, 512), event_id: 258, trigger_script: 8580, state: 1 }
learned exit AreaKey { scene: 17, anchor: (1088, 832) } event=258 -> AreaKey { scene: 17, anchor: (512, 512) }
area teleport in scene 17 at frame 46108: (1088, 736) -> (544, 544)
target scene=17 area=(512, 512) event=258 script=8580 mode=4 state=1 player=(544, 544) pos=(560, 552) path=1
learned targeted exit AreaKey { scene: 17, anchor: (512, 512) } event=258 -> AreaKey { scene: 17, anchor: (1088, 704) }
marked destination touch VisitKey { scene: 17, area: (1088, 704), event_id: 258, trigger_script: 8576, state: 1 }
learned exit AreaKey { scene: 17, anchor: (512, 512) } event=258 -> AreaKey { scene: 17, anchor: (1088, 704) }
area teleport in scene 17 at frame 46178: (560, 552) -> (1104, 728)
target scene=17 area=(1088, 704) event=259 script=8585 mode=4 state=1 player=(1104, 728) pos=(1136, 600) path=16
learned targeted exit AreaKey { scene: 17, anchor: (1088, 704) } event=259 -> AreaKey { scene: 17, anchor: (832, 448) }
marked destination touch VisitKey { scene: 17, area: (832, 448), event_id: 259, trigger_script: 8588, state: 1 }
learned exit AreaKey { scene: 17, anchor: (1088, 704) } event=259 -> AreaKey { scene: 17, anchor: (832, 448) }
area teleport in scene 17 at frame 46233: (1136, 600) -> (832, 448)
target scene=17 area=(832, 448) event=259 script=8588 mode=4 state=1 player=(832, 448) pos=(848, 456) path=1
learned targeted exit AreaKey { scene: 17, anchor: (832, 448) } event=259 -> AreaKey { scene: 17, anchor: (1152, 576) }
marked destination touch VisitKey { scene: 17, area: (1152, 576), event_id: 259, trigger_script: 8585, state: 1 }
learned exit AreaKey { scene: 17, anchor: (832, 448) } event=259 -> AreaKey { scene: 17, anchor: (1152, 576) }
area teleport in scene 17 at frame 46273: (848, 456) -> (1152, 608)
target scene=17 area=(1152, 576) event=259 script=8585 mode=4 state=1 player=(1152, 608) pos=(1136, 600) path=1
learned targeted exit AreaKey { scene: 17, anchor: (1152, 576) } event=259 -> AreaKey { scene: 17, anchor: (832, 448) }
marked destination touch VisitKey { scene: 17, area: (832, 448), event_id: 259, trigger_script: 8588, state: 1 }
learned exit AreaKey { scene: 17, anchor: (1152, 576) } event=259 -> AreaKey { scene: 17, anchor: (832, 448) }
area teleport in scene 17 at frame 46313: (1136, 600) -> (832, 448)
target scene=17 area=(832, 448) event=259 script=8588 mode=4 state=1 player=(832, 448) pos=(848, 456) path=1
learned targeted exit AreaKey { scene: 17, anchor: (832, 448) } event=259 -> AreaKey { scene: 17, anchor: (1152, 576) }
marked destination touch VisitKey { scene: 17, area: (1152, 576), event_id: 259, trigger_script: 8585, state: 1 }
learned exit AreaKey { scene: 17, anchor: (832, 448) } event=259 -> AreaKey { scene: 17, anchor: (1152, 576) }
area teleport in scene 17 at frame 46353: (848, 456) -> (1152, 608)
target scene=17 area=(1152, 576) event=258 script=8576 mode=4 state=1 player=(1152, 608) pos=(1088, 736) path=16
learned targeted exit AreaKey { scene: 17, anchor: (1152, 576) } event=258 -> AreaKey { scene: 17, anchor: (512, 512) }
marked destination touch VisitKey { scene: 17, area: (512, 512), event_id: 258, trigger_script: 8580, state: 1 }
learned exit AreaKey { scene: 17, anchor: (1152, 576) } event=258 -> AreaKey { scene: 17, anchor: (512, 512) }
area teleport in scene 17 at frame 46438: (1088, 736) -> (544, 544)
target scene=17 area=(512, 512) event=258 script=8580 mode=4 state=1 player=(544, 544) pos=(560, 552) path=1
learned targeted exit AreaKey { scene: 17, anchor: (512, 512) } event=258 -> AreaKey { scene: 17, anchor: (1088, 704) }
marked destination touch VisitKey { scene: 17, area: (1088, 704), event_id: 258, trigger_script: 8576, state: 1 }
learned exit AreaKey { scene: 17, anchor: (512, 512) } event=258 -> AreaKey { scene: 17, anchor: (1088, 704) }
area teleport in scene 17 at frame 46508: (560, 552) -> (1104, 728)
target scene=17 area=(1088, 704) event=254 script=8547 mode=4 state=1 player=(1104, 728) pos=(1104, 840) path=14
learned targeted exit AreaKey { scene: 17, anchor: (1088, 704) } event=254 -> AreaKey { scene: 17, anchor: (1152, 832) }
marked destination touch VisitKey { scene: 17, area: (1152, 832), event_id: 254, trigger_script: 8544, state: 1 }
learned exit AreaKey { scene: 17, anchor: (1088, 704) } event=254 -> AreaKey { scene: 17, anchor: (1152, 832) }
area teleport in scene 17 at frame 46535: (1104, 840) -> (1200, 888)
target scene=17 area=(1152, 832) event=254 script=8544 mode=4 state=1 player=(1200, 888) pos=(1184, 880) path=1
learned targeted exit AreaKey { scene: 17, anchor: (1152, 832) } event=254 -> AreaKey { scene: 17, anchor: (1088, 832) }
marked destination touch VisitKey { scene: 17, area: (1088, 832), event_id: 254, trigger_script: 8547, state: 1 }
learned exit AreaKey { scene: 17, anchor: (1152, 832) } event=254 -> AreaKey { scene: 17, anchor: (1088, 832) }
area teleport in scene 17 at frame 46549: (1184, 880) -> (1088, 832)
target scene=17 area=(1088, 832) event=254 script=8547 mode=4 state=1 player=(1088, 832) pos=(1104, 840) path=1
learned targeted exit AreaKey { scene: 17, anchor: (1088, 832) } event=254 -> AreaKey { scene: 17, anchor: (1152, 832) }
marked destination touch VisitKey { scene: 17, area: (1152, 832), event_id: 254, trigger_script: 8544, state: 1 }
learned exit AreaKey { scene: 17, anchor: (1088, 832) } event=254 -> AreaKey { scene: 17, anchor: (1152, 832) }
area teleport in scene 17 at frame 46563: (1104, 840) -> (1200, 888)
target scene=17 area=(1152, 832) event=253 script=8540 mode=4 state=1 player=(1200, 888) pos=(1232, 904) path=2
learned targeted exit AreaKey { scene: 17, anchor: (1152, 832) } event=253 -> AreaKey { scene: 17, anchor: (1408, 960) }
marked destination touch VisitKey { scene: 17, area: (1408, 960), event_id: 253, trigger_script: 8537, state: 1 }
learned exit AreaKey { scene: 17, anchor: (1152, 832) } event=253 -> AreaKey { scene: 17, anchor: (1408, 960) }
area teleport in scene 17 at frame 46592: (1232, 904) -> (1440, 1008)
target scene=17 area=(1408, 960) event=253 script=8537 mode=4 state=1 player=(1440, 1008) pos=(1424, 1000) path=1
learned targeted exit AreaKey { scene: 17, anchor: (1408, 960) } event=253 -> AreaKey { scene: 17, anchor: (1216, 896) }
marked destination touch VisitKey { scene: 17, area: (1216, 896), event_id: 253, trigger_script: 8540, state: 1 }
learned exit AreaKey { scene: 17, anchor: (1408, 960) } event=253 -> AreaKey { scene: 17, anchor: (1216, 896) }
area teleport in scene 17 at frame 46620: (1424, 1000) -> (1216, 896)
target scene=17 area=(1216, 896) event=255 script=8551 mode=4 state=1 player=(1216, 896) pos=(1248, 880) path=2
learned targeted exit AreaKey { scene: 17, anchor: (1216, 896) } event=255 -> AreaKey { scene: 17, anchor: (896, 384) }
marked destination touch VisitKey { scene: 17, area: (896, 384), event_id: 255, trigger_script: 8555, state: 1 }
learned exit AreaKey { scene: 17, anchor: (1216, 896) } event=255 -> AreaKey { scene: 17, anchor: (896, 384) }
area teleport in scene 17 at frame 46741: (1248, 880) -> (912, 408)
target scene=17 area=(896, 384) event=237 script=9193 mode=2 state=2 player=(912, 408) pos=(784, 216) path=31
target scene=17 area=(896, 384) event=255 script=8555 mode=4 state=1 player=(832, 240) pos=(928, 416) path=32
learned targeted exit AreaKey { scene: 17, anchor: (896, 384) } event=255 -> AreaKey { scene: 17, anchor: (1216, 832) }
marked destination touch VisitKey { scene: 17, area: (1216, 832), event_id: 255, trigger_script: 8551, state: 1 }
learned exit AreaKey { scene: 17, anchor: (896, 384) } event=255 -> AreaKey { scene: 17, anchor: (1216, 832) }
area teleport in scene 17 at frame 46923: (928, 416) -> (1232, 888)
target scene=17 area=(1216, 832) event=255 script=8551 mode=4 state=1 player=(1232, 888) pos=(1248, 880) path=1
learned targeted exit AreaKey { scene: 17, anchor: (1216, 832) } event=255 -> AreaKey { scene: 17, anchor: (896, 384) }
marked destination touch VisitKey { scene: 17, area: (896, 384), event_id: 255, trigger_script: 8555, state: 1 }
learned exit AreaKey { scene: 17, anchor: (1216, 832) } event=255 -> AreaKey { scene: 17, anchor: (896, 384) }
area teleport in scene 17 at frame 47043: (1248, 880) -> (912, 408)
target scene=17 area=(896, 384) event=237 script=9193 mode=2 state=2 player=(912, 408) pos=(784, 216) path=31
target scene=17 area=(896, 384) event=255 script=8555 mode=4 state=1 player=(832, 240) pos=(928, 416) path=32
learned targeted exit AreaKey { scene: 17, anchor: (896, 384) } event=255 -> AreaKey { scene: 17, anchor: (1216, 832) }
marked destination touch VisitKey { scene: 17, area: (1216, 832), event_id: 255, trigger_script: 8551, state: 1 }
learned exit AreaKey { scene: 17, anchor: (896, 384) } event=255 -> AreaKey { scene: 17, anchor: (1216, 832) }
area teleport in scene 17 at frame 47225: (928, 416) -> (1232, 888)
target scene=17 area=(1216, 832) event=253 script=8540 mode=4 state=1 player=(1232, 888) pos=(1232, 904) path=2
learned targeted exit AreaKey { scene: 17, anchor: (1216, 832) } event=253 -> AreaKey { scene: 17, anchor: (1408, 960) }
marked destination touch VisitKey { scene: 17, area: (1408, 960), event_id: 253, trigger_script: 8537, state: 1 }
learned exit AreaKey { scene: 17, anchor: (1216, 832) } event=253 -> AreaKey { scene: 17, anchor: (1408, 960) }
area teleport in scene 17 at frame 47254: (1232, 904) -> (1440, 1008)
target scene=17 area=(1408, 960) event=252 script=8530 mode=4 state=1 player=(1440, 1008) pos=(1440, 1056) path=6
learned targeted exit AreaKey { scene: 17, anchor: (1408, 960) } event=252 -> AreaKey { scene: 17, anchor: (1024, 1216) }
marked destination touch VisitKey { scene: 17, area: (1024, 1216), event_id: 252, trigger_script: 8533, state: 1 }
learned exit AreaKey { scene: 17, anchor: (1408, 960) } event=252 -> AreaKey { scene: 17, anchor: (1024, 1216) }
area teleport in scene 17 at frame 47311: (1440, 1056) -> (1040, 1256)
target scene=17 area=(1024, 1216) event=252 script=8533 mode=4 state=1 player=(1040, 1256) pos=(1056, 1248) path=1
learned targeted exit AreaKey { scene: 17, anchor: (1024, 1216) } event=252 -> AreaKey { scene: 17, anchor: (1408, 1024) }
marked destination touch VisitKey { scene: 17, area: (1408, 1024), event_id: 252, trigger_script: 8530, state: 1 }
learned exit AreaKey { scene: 17, anchor: (1024, 1216) } event=252 -> AreaKey { scene: 17, anchor: (1408, 1024) }
area teleport in scene 17 at frame 47363: (1056, 1248) -> (1456, 1048)
target scene=17 area=(1408, 1024) event=251 script=8524 mode=4 state=1 player=(1456, 1048) pos=(1456, 1144) path=16
learned targeted exit AreaKey { scene: 17, anchor: (1408, 1024) } event=251 -> AreaKey { scene: 17, anchor: (1280, 768) }
marked destination touch VisitKey { scene: 17, area: (1280, 768), event_id: 251, trigger_script: 8519, state: 1 }
learned exit AreaKey { scene: 17, anchor: (1408, 1024) } event=251 -> AreaKey { scene: 17, anchor: (1280, 768) }
area teleport in scene 17 at frame 47462: (1456, 1144) -> (1280, 816)
target scene=17 area=(1280, 768) event=251 script=8519 mode=4 state=1 player=(1280, 816) pos=(1296, 824) path=1
learned targeted exit AreaKey { scene: 17, anchor: (1280, 768) } event=251 -> AreaKey { scene: 17, anchor: (1472, 1152) }
marked destination touch VisitKey { scene: 17, area: (1472, 1152), event_id: 251, trigger_script: 8524, state: 1 }
learned exit AreaKey { scene: 17, anchor: (1280, 768) } event=251 -> AreaKey { scene: 17, anchor: (1472, 1152) }
area teleport in scene 17 at frame 47546: (1296, 824) -> (1472, 1152)
target scene=17 area=(1472, 1152) event=251 script=8524 mode=4 state=1 player=(1472, 1152) pos=(1456, 1144) path=1
learned targeted exit AreaKey { scene: 17, anchor: (1472, 1152) } event=251 -> AreaKey { scene: 17, anchor: (1280, 768) }
marked destination touch VisitKey { scene: 17, area: (1280, 768), event_id: 251, trigger_script: 8519, state: 1 }
learned exit AreaKey { scene: 17, anchor: (1472, 1152) } event=251 -> AreaKey { scene: 17, anchor: (1280, 768) }
area teleport in scene 17 at frame 47630: (1456, 1144) -> (1280, 816)
target scene=17 area=(1280, 768) event=251 script=8519 mode=4 state=1 player=(1280, 816) pos=(1296, 824) path=1
learned targeted exit AreaKey { scene: 17, anchor: (1280, 768) } event=251 -> AreaKey { scene: 17, anchor: (1472, 1152) }
marked destination touch VisitKey { scene: 17, area: (1472, 1152), event_id: 251, trigger_script: 8524, state: 1 }
learned exit AreaKey { scene: 17, anchor: (1280, 768) } event=251 -> AreaKey { scene: 17, anchor: (1472, 1152) }
area teleport in scene 17 at frame 47714: (1296, 824) -> (1472, 1152)
target scene=17 area=(1472, 1152) event=252 script=8530 mode=4 state=1 player=(1472, 1152) pos=(1440, 1056) path=16
learned targeted exit AreaKey { scene: 17, anchor: (1472, 1152) } event=252 -> AreaKey { scene: 17, anchor: (1024, 1216) }
marked destination touch VisitKey { scene: 17, area: (1024, 1216), event_id: 252, trigger_script: 8533, state: 1 }
learned exit AreaKey { scene: 17, anchor: (1472, 1152) } event=252 -> AreaKey { scene: 17, anchor: (1024, 1216) }
area teleport in scene 17 at frame 47781: (1440, 1056) -> (1040, 1256)
target scene=17 area=(1024, 1216) event=252 script=8533 mode=4 state=1 player=(1040, 1256) pos=(1056, 1248) path=1
learned targeted exit AreaKey { scene: 17, anchor: (1024, 1216) } event=252 -> AreaKey { scene: 17, anchor: (1408, 1024) }
marked destination touch VisitKey { scene: 17, area: (1408, 1024), event_id: 252, trigger_script: 8530, state: 1 }
learned exit AreaKey { scene: 17, anchor: (1024, 1216) } event=252 -> AreaKey { scene: 17, anchor: (1408, 1024) }
area teleport in scene 17 at frame 47833: (1056, 1248) -> (1456, 1048)
target scene=17 area=(1408, 1024) event=253 script=8537 mode=4 state=1 player=(1456, 1048) pos=(1424, 1000) path=6
learned targeted exit AreaKey { scene: 17, anchor: (1408, 1024) } event=253 -> AreaKey { scene: 17, anchor: (1216, 896) }
marked destination touch VisitKey { scene: 17, area: (1216, 896), event_id: 253, trigger_script: 8540, state: 1 }
learned exit AreaKey { scene: 17, anchor: (1408, 1024) } event=253 -> AreaKey { scene: 17, anchor: (1216, 896) }
area teleport in scene 17 at frame 47866: (1424, 1000) -> (1216, 896)
target scene=17 area=(1216, 896) event=254 script=8544 mode=4 state=1 player=(1216, 896) pos=(1184, 880) path=2
learned targeted exit AreaKey { scene: 17, anchor: (1216, 896) } event=254 -> AreaKey { scene: 17, anchor: (1088, 832) }
marked destination touch VisitKey { scene: 17, area: (1088, 832), event_id: 254, trigger_script: 8547, state: 1 }
learned exit AreaKey { scene: 17, anchor: (1216, 896) } event=254 -> AreaKey { scene: 17, anchor: (1088, 832) }
area teleport in scene 17 at frame 47881: (1184, 880) -> (1088, 832)
target scene=17 area=(1088, 832) event=256 script=8560 mode=4 state=1 player=(1088, 832) pos=(1232, 776) path=9
learned targeted exit AreaKey { scene: 17, anchor: (1088, 832) } event=256 -> AreaKey { scene: 17, anchor: (1280, 512) }
marked destination touch VisitKey { scene: 17, area: (1280, 512), event_id: 256, trigger_script: 8564, state: 1 }
learned exit AreaKey { scene: 17, anchor: (1088, 832) } event=256 -> AreaKey { scene: 17, anchor: (1280, 512) }
area teleport in scene 17 at frame 47943: (1232, 776) -> (1328, 568)
target scene=17 area=(1280, 512) event=264 script=887 mode=1 state=2 player=(1328, 568) pos=(1408, 432) path=44
marked destination touch VisitKey { scene: 17, area: (1024, 448), event_id: 260, trigger_script: 8595, state: 1 }
learned exit AreaKey { scene: 17, anchor: (1280, 512) } event=260 -> AreaKey { scene: 17, anchor: (1024, 448) }
area teleport in scene 17 at frame 47973: (1280, 560) -> (1072, 456)
target scene=17 area=(1024, 448) event=264 script=887 mode=1 state=2 player=(1072, 456) pos=(1408, 432) path=24
target scene=17 area=(1024, 448) event=260 script=8595 mode=4 state=1 player=(1392, 424) pos=(1104, 472) path=26
learned targeted exit AreaKey { scene: 17, anchor: (1024, 448) } event=260 -> AreaKey { scene: 17, anchor: (1280, 512) }
marked destination touch VisitKey { scene: 17, area: (1280, 512), event_id: 260, trigger_script: 8601, state: 1 }
learned exit AreaKey { scene: 17, anchor: (1024, 448) } event=260 -> AreaKey { scene: 17, anchor: (1280, 512) }
area teleport in scene 17 at frame 48048: (1104, 472) -> (1296, 568)
target scene=17 area=(1280, 512) event=257 script=8569 mode=4 state=1 player=(1296, 568) pos=(1344, 560) path=3
learned targeted exit AreaKey { scene: 17, anchor: (1280, 512) } event=257 -> AreaKey { scene: 17, anchor: (1408, 512) }
marked destination touch VisitKey { scene: 17, area: (1408, 512), event_id: 256, trigger_script: 8564, state: 1 }
learned exit AreaKey { scene: 17, anchor: (1280, 512) } event=256 -> AreaKey { scene: 17, anchor: (1408, 512) }
marked destination touch VisitKey { scene: 17, area: (1408, 512), event_id: 257, trigger_script: 8572, state: 1 }
learned exit AreaKey { scene: 17, anchor: (1280, 512) } event=257 -> AreaKey { scene: 17, anchor: (1408, 512) }
area teleport in scene 17 at frame 48062: (1344, 560) -> (1424, 520)
target scene=17 area=(1408, 512) event=257 script=8572 mode=4 state=1 player=(1424, 520) pos=(1408, 528) path=1
learned targeted exit AreaKey { scene: 17, anchor: (1408, 512) } event=257 -> AreaKey { scene: 17, anchor: (1280, 512) }
marked destination touch VisitKey { scene: 17, area: (1280, 512), event_id: 257, trigger_script: 8569, state: 1 }
learned exit AreaKey { scene: 17, anchor: (1408, 512) } event=257 -> AreaKey { scene: 17, anchor: (1280, 512) }
area teleport in scene 17 at frame 48074: (1408, 528) -> (1328, 568)
target scene=17 area=(1280, 512) event=264 script=887 mode=1 state=2 player=(1328, 568) pos=(1408, 432) path=44
marked destination touch VisitKey { scene: 17, area: (1024, 448), event_id: 260, trigger_script: 8595, state: 1 }
learned exit AreaKey { scene: 17, anchor: (1280, 512) } event=260 -> AreaKey { scene: 17, anchor: (1024, 448) }
area teleport in scene 17 at frame 48104: (1280, 560) -> (1072, 456)
target scene=17 area=(1024, 448) event=264 script=887 mode=1 state=2 player=(1072, 456) pos=(1408, 432) path=24
target scene=17 area=(1024, 448) event=260 script=8595 mode=4 state=1 player=(1392, 424) pos=(1104, 472) path=26
learned targeted exit AreaKey { scene: 17, anchor: (1024, 448) } event=260 -> AreaKey { scene: 17, anchor: (1280, 512) }
marked destination touch VisitKey { scene: 17, area: (1280, 512), event_id: 260, trigger_script: 8601, state: 1 }
learned exit AreaKey { scene: 17, anchor: (1024, 448) } event=260 -> AreaKey { scene: 17, anchor: (1280, 512) }
area teleport in scene 17 at frame 48179: (1104, 472) -> (1296, 568)
target scene=17 area=(1280, 512) event=256 script=8564 mode=4 state=1 player=(1296, 568) pos=(1344, 576) path=3
learned targeted exit AreaKey { scene: 17, anchor: (1280, 512) } event=256 -> AreaKey { scene: 17, anchor: (1216, 768) }
marked destination touch VisitKey { scene: 17, area: (1216, 768), event_id: 256, trigger_script: 8560, state: 1 }
learned exit AreaKey { scene: 17, anchor: (1280, 512) } event=256 -> AreaKey { scene: 17, anchor: (1216, 768) }
marked destination touch VisitKey { scene: 17, area: (1216, 768), event_id: 257, trigger_script: 8569, state: 1 }
learned exit AreaKey { scene: 17, anchor: (1280, 512) } event=257 -> AreaKey { scene: 17, anchor: (1216, 768) }
area teleport in scene 17 at frame 48235: (1344, 576) -> (1216, 784)
target scene=17 area=(1216, 768) event=258 script=8576 mode=4 state=1 player=(1216, 784) pos=(1088, 736) path=8
learned targeted exit AreaKey { scene: 17, anchor: (1216, 768) } event=258 -> AreaKey { scene: 17, anchor: (512, 512) }
marked destination touch VisitKey { scene: 17, area: (512, 512), event_id: 258, trigger_script: 8580, state: 1 }
learned exit AreaKey { scene: 17, anchor: (1216, 768) } event=258 -> AreaKey { scene: 17, anchor: (512, 512) }
area teleport in scene 17 at frame 48312: (1088, 736) -> (544, 544)
target scene=17 area=(512, 512) event=258 script=8580 mode=4 state=1 player=(544, 544) pos=(560, 552) path=1
learned targeted exit AreaKey { scene: 17, anchor: (512, 512) } event=258 -> AreaKey { scene: 17, anchor: (1088, 704) }
marked destination touch VisitKey { scene: 17, area: (1088, 704), event_id: 258, trigger_script: 8576, state: 1 }
learned exit AreaKey { scene: 17, anchor: (512, 512) } event=258 -> AreaKey { scene: 17, anchor: (1088, 704) }
area teleport in scene 17 at frame 48382: (560, 552) -> (1104, 728)
target scene=17 area=(1088, 704) event=259 script=8585 mode=4 state=1 player=(1104, 728) pos=(1136, 600) path=16
learned targeted exit AreaKey { scene: 17, anchor: (1088, 704) } event=259 -> AreaKey { scene: 17, anchor: (832, 448) }
marked destination touch VisitKey { scene: 17, area: (832, 448), event_id: 259, trigger_script: 8588, state: 1 }
learned exit AreaKey { scene: 17, anchor: (1088, 704) } event=259 -> AreaKey { scene: 17, anchor: (832, 448) }
area teleport in scene 17 at frame 48437: (1136, 600) -> (832, 448)
target scene=17 area=(832, 448) event=259 script=8588 mode=4 state=1 player=(832, 448) pos=(848, 456) path=1
learned targeted exit AreaKey { scene: 17, anchor: (832, 448) } event=259 -> AreaKey { scene: 17, anchor: (1152, 576) }
marked destination touch VisitKey { scene: 17, area: (1152, 576), event_id: 259, trigger_script: 8585, state: 1 }
learned exit AreaKey { scene: 17, anchor: (832, 448) } event=259 -> AreaKey { scene: 17, anchor: (1152, 576) }
area teleport in scene 17 at frame 48477: (848, 456) -> (1152, 608)
target scene=17 area=(1152, 576) event=259 script=8585 mode=4 state=1 player=(1152, 608) pos=(1136, 600) path=1
learned targeted exit AreaKey { scene: 17, anchor: (1152, 576) } event=259 -> AreaKey { scene: 17, anchor: (832, 448) }
marked destination touch VisitKey { scene: 17, area: (832, 448), event_id: 259, trigger_script: 8588, state: 1 }
learned exit AreaKey { scene: 17, anchor: (1152, 576) } event=259 -> AreaKey { scene: 17, anchor: (832, 448) }
area teleport in scene 17 at frame 48517: (1136, 600) -> (832, 448)
target scene=17 area=(832, 448) event=259 script=8588 mode=4 state=1 player=(832, 448) pos=(848, 456) path=1
learned targeted exit AreaKey { scene: 17, anchor: (832, 448) } event=259 -> AreaKey { scene: 17, anchor: (1152, 576) }
marked destination touch VisitKey { scene: 17, area: (1152, 576), event_id: 259, trigger_script: 8585, state: 1 }
learned exit AreaKey { scene: 17, anchor: (832, 448) } event=259 -> AreaKey { scene: 17, anchor: (1152, 576) }
area teleport in scene 17 at frame 48557: (848, 456) -> (1152, 608)
target scene=17 area=(1152, 576) event=258 script=8576 mode=4 state=1 player=(1152, 608) pos=(1088, 736) path=16
learned targeted exit AreaKey { scene: 17, anchor: (1152, 576) } event=258 -> AreaKey { scene: 17, anchor: (512, 512) }
marked destination touch VisitKey { scene: 17, area: (512, 512), event_id: 258, trigger_script: 8580, state: 1 }
learned exit AreaKey { scene: 17, anchor: (1152, 576) } event=258 -> AreaKey { scene: 17, anchor: (512, 512) }
area teleport in scene 17 at frame 48642: (1088, 736) -> (544, 544)
target scene=17 area=(512, 512) event=258 script=8580 mode=4 state=1 player=(544, 544) pos=(560, 552) path=1
learned targeted exit AreaKey { scene: 17, anchor: (512, 512) } event=258 -> AreaKey { scene: 17, anchor: (1088, 704) }
marked destination touch VisitKey { scene: 17, area: (1088, 704), event_id: 258, trigger_script: 8576, state: 1 }
learned exit AreaKey { scene: 17, anchor: (512, 512) } event=258 -> AreaKey { scene: 17, anchor: (1088, 704) }
area teleport in scene 17 at frame 48712: (560, 552) -> (1104, 728)
target scene=17 area=(1088, 704) event=254 script=8547 mode=4 state=1 player=(1104, 728) pos=(1104, 840) path=14
learned targeted exit AreaKey { scene: 17, anchor: (1088, 704) } event=254 -> AreaKey { scene: 17, anchor: (1152, 832) }
marked destination touch VisitKey { scene: 17, area: (1152, 832), event_id: 254, trigger_script: 8544, state: 1 }
learned exit AreaKey { scene: 17, anchor: (1088, 704) } event=254 -> AreaKey { scene: 17, anchor: (1152, 832) }
area teleport in scene 17 at frame 48739: (1104, 840) -> (1200, 888)
target scene=17 area=(1152, 832) event=254 script=8544 mode=4 state=1 player=(1200, 888) pos=(1184, 880) path=1
learned targeted exit AreaKey { scene: 17, anchor: (1152, 832) } event=254 -> AreaKey { scene: 17, anchor: (1088, 832) }
marked destination touch VisitKey { scene: 17, area: (1088, 832), event_id: 254, trigger_script: 8547, state: 1 }
learned exit AreaKey { scene: 17, anchor: (1152, 832) } event=254 -> AreaKey { scene: 17, anchor: (1088, 832) }
area teleport in scene 17 at frame 48753: (1184, 880) -> (1088, 832)
target scene=17 area=(1088, 832) event=254 script=8547 mode=4 state=1 player=(1088, 832) pos=(1104, 840) path=1
learned targeted exit AreaKey { scene: 17, anchor: (1088, 832) } event=254 -> AreaKey { scene: 17, anchor: (1152, 832) }
marked destination touch VisitKey { scene: 17, area: (1152, 832), event_id: 254, trigger_script: 8544, state: 1 }
learned exit AreaKey { scene: 17, anchor: (1088, 832) } event=254 -> AreaKey { scene: 17, anchor: (1152, 832) }
area teleport in scene 17 at frame 48767: (1104, 840) -> (1200, 888)
target scene=17 area=(1152, 832) event=253 script=8540 mode=4 state=1 player=(1200, 888) pos=(1232, 904) path=2
learned targeted exit AreaKey { scene: 17, anchor: (1152, 832) } event=253 -> AreaKey { scene: 17, anchor: (1408, 960) }
marked destination touch VisitKey { scene: 17, area: (1408, 960), event_id: 253, trigger_script: 8537, state: 1 }
learned exit AreaKey { scene: 17, anchor: (1152, 832) } event=253 -> AreaKey { scene: 17, anchor: (1408, 960) }
area teleport in scene 17 at frame 48796: (1232, 904) -> (1440, 1008)
target scene=17 area=(1408, 960) event=253 script=8537 mode=4 state=1 player=(1440, 1008) pos=(1424, 1000) path=1
learned targeted exit AreaKey { scene: 17, anchor: (1408, 960) } event=253 -> AreaKey { scene: 17, anchor: (1216, 896) }
marked destination touch VisitKey { scene: 17, area: (1216, 896), event_id: 253, trigger_script: 8540, state: 1 }
learned exit AreaKey { scene: 17, anchor: (1408, 960) } event=253 -> AreaKey { scene: 17, anchor: (1216, 896) }
area teleport in scene 17 at frame 48824: (1424, 1000) -> (1216, 896)
target scene=17 area=(1216, 896) event=255 script=8551 mode=4 state=1 player=(1216, 896) pos=(1248, 880) path=2
learned targeted exit AreaKey { scene: 17, anchor: (1216, 896) } event=255 -> AreaKey { scene: 17, anchor: (896, 384) }
marked destination touch VisitKey { scene: 17, area: (896, 384), event_id: 255, trigger_script: 8555, state: 1 }
learned exit AreaKey { scene: 17, anchor: (1216, 896) } event=255 -> AreaKey { scene: 17, anchor: (896, 384) }
area teleport in scene 17 at frame 48945: (1248, 880) -> (912, 408)
target scene=17 area=(896, 384) event=237 script=9193 mode=2 state=2 player=(912, 408) pos=(784, 216) path=31
target scene=17 area=(896, 384) event=255 script=8555 mode=4 state=1 player=(832, 240) pos=(928, 416) path=32
learned targeted exit AreaKey { scene: 17, anchor: (896, 384) } event=255 -> AreaKey { scene: 17, anchor: (1216, 832) }
marked destination touch VisitKey { scene: 17, area: (1216, 832), event_id: 255, trigger_script: 8551, state: 1 }
learned exit AreaKey { scene: 17, anchor: (896, 384) } event=255 -> AreaKey { scene: 17, anchor: (1216, 832) }
area teleport in scene 17 at frame 49127: (928, 416) -> (1232, 888)
target scene=17 area=(1216, 832) event=255 script=8551 mode=4 state=1 player=(1232, 888) pos=(1248, 880) path=1
learned targeted exit AreaKey { scene: 17, anchor: (1216, 832) } event=255 -> AreaKey { scene: 17, anchor: (896, 384) }
marked destination touch VisitKey { scene: 17, area: (896, 384), event_id: 255, trigger_script: 8555, state: 1 }
learned exit AreaKey { scene: 17, anchor: (1216, 832) } event=255 -> AreaKey { scene: 17, anchor: (896, 384) }
area teleport in scene 17 at frame 49247: (1248, 880) -> (912, 408)
target scene=17 area=(896, 384) event=237 script=9193 mode=2 state=2 player=(912, 408) pos=(784, 216) path=31
target scene=17 area=(896, 384) event=255 script=8555 mode=4 state=1 player=(832, 240) pos=(928, 416) path=32
learned targeted exit AreaKey { scene: 17, anchor: (896, 384) } event=255 -> AreaKey { scene: 17, anchor: (1216, 832) }
marked destination touch VisitKey { scene: 17, area: (1216, 832), event_id: 255, trigger_script: 8551, state: 1 }
learned exit AreaKey { scene: 17, anchor: (896, 384) } event=255 -> AreaKey { scene: 17, anchor: (1216, 832) }
area teleport in scene 17 at frame 49429: (928, 416) -> (1232, 888)
target scene=17 area=(1216, 832) event=253 script=8540 mode=4 state=1 player=(1232, 888) pos=(1232, 904) path=2
learned targeted exit AreaKey { scene: 17, anchor: (1216, 832) } event=253 -> AreaKey { scene: 17, anchor: (1408, 960) }
marked destination touch VisitKey { scene: 17, area: (1408, 960), event_id: 253, trigger_script: 8537, state: 1 }
learned exit AreaKey { scene: 17, anchor: (1216, 832) } event=253 -> AreaKey { scene: 17, anchor: (1408, 960) }
area teleport in scene 17 at frame 49458: (1232, 904) -> (1440, 1008)
target scene=17 area=(1408, 960) event=252 script=8530 mode=4 state=1 player=(1440, 1008) pos=(1440, 1056) path=6
learned targeted exit AreaKey { scene: 17, anchor: (1408, 960) } event=252 -> AreaKey { scene: 17, anchor: (1024, 1216) }
marked destination touch VisitKey { scene: 17, area: (1024, 1216), event_id: 252, trigger_script: 8533, state: 1 }
learned exit AreaKey { scene: 17, anchor: (1408, 960) } event=252 -> AreaKey { scene: 17, anchor: (1024, 1216) }
area teleport in scene 17 at frame 49515: (1440, 1056) -> (1040, 1256)
target scene=17 area=(1024, 1216) event=252 script=8533 mode=4 state=1 player=(1040, 1256) pos=(1056, 1248) path=1
learned targeted exit AreaKey { scene: 17, anchor: (1024, 1216) } event=252 -> AreaKey { scene: 17, anchor: (1408, 1024) }
marked destination touch VisitKey { scene: 17, area: (1408, 1024), event_id: 252, trigger_script: 8530, state: 1 }
learned exit AreaKey { scene: 17, anchor: (1024, 1216) } event=252 -> AreaKey { scene: 17, anchor: (1408, 1024) }
area teleport in scene 17 at frame 49567: (1056, 1248) -> (1456, 1048)
target scene=17 area=(1408, 1024) event=251 script=8524 mode=4 state=1 player=(1456, 1048) pos=(1456, 1144) path=16
learned targeted exit AreaKey { scene: 17, anchor: (1408, 1024) } event=251 -> AreaKey { scene: 17, anchor: (1280, 768) }
marked destination touch VisitKey { scene: 17, area: (1280, 768), event_id: 251, trigger_script: 8519, state: 1 }
learned exit AreaKey { scene: 17, anchor: (1408, 1024) } event=251 -> AreaKey { scene: 17, anchor: (1280, 768) }
area teleport in scene 17 at frame 49666: (1456, 1144) -> (1280, 816)
target scene=17 area=(1280, 768) event=251 script=8519 mode=4 state=1 player=(1280, 816) pos=(1296, 824) path=1
learned targeted exit AreaKey { scene: 17, anchor: (1280, 768) } event=251 -> AreaKey { scene: 17, anchor: (1472, 1152) }
marked destination touch VisitKey { scene: 17, area: (1472, 1152), event_id: 251, trigger_script: 8524, state: 1 }
learned exit AreaKey { scene: 17, anchor: (1280, 768) } event=251 -> AreaKey { scene: 17, anchor: (1472, 1152) }
area teleport in scene 17 at frame 49750: (1296, 824) -> (1472, 1152)
target scene=17 area=(1472, 1152) event=251 script=8524 mode=4 state=1 player=(1472, 1152) pos=(1456, 1144) path=1
learned targeted exit AreaKey { scene: 17, anchor: (1472, 1152) } event=251 -> AreaKey { scene: 17, anchor: (1280, 768) }
marked destination touch VisitKey { scene: 17, area: (1280, 768), event_id: 251, trigger_script: 8519, state: 1 }
learned exit AreaKey { scene: 17, anchor: (1472, 1152) } event=251 -> AreaKey { scene: 17, anchor: (1280, 768) }
area teleport in scene 17 at frame 49834: (1456, 1144) -> (1280, 816)
target scene=17 area=(1280, 768) event=251 script=8519 mode=4 state=1 player=(1280, 816) pos=(1296, 824) path=1
learned targeted exit AreaKey { scene: 17, anchor: (1280, 768) } event=251 -> AreaKey { scene: 17, anchor: (1472, 1152) }
marked destination touch VisitKey { scene: 17, area: (1472, 1152), event_id: 251, trigger_script: 8524, state: 1 }
learned exit AreaKey { scene: 17, anchor: (1280, 768) } event=251 -> AreaKey { scene: 17, anchor: (1472, 1152) }
area teleport in scene 17 at frame 49918: (1296, 824) -> (1472, 1152)
target scene=17 area=(1472, 1152) event=252 script=8530 mode=4 state=1 player=(1472, 1152) pos=(1440, 1056) path=16
learned targeted exit AreaKey { scene: 17, anchor: (1472, 1152) } event=252 -> AreaKey { scene: 17, anchor: (1024, 1216) }
marked destination touch VisitKey { scene: 17, area: (1024, 1216), event_id: 252, trigger_script: 8533, state: 1 }
learned exit AreaKey { scene: 17, anchor: (1472, 1152) } event=252 -> AreaKey { scene: 17, anchor: (1024, 1216) }
area teleport in scene 17 at frame 49985: (1440, 1056) -> (1040, 1256)
target scene=17 area=(1024, 1216) event=252 script=8533 mode=4 state=1 player=(1040, 1256) pos=(1056, 1248) path=1
learned targeted exit AreaKey { scene: 17, anchor: (1024, 1216) } event=252 -> AreaKey { scene: 17, anchor: (1408, 1024) }
marked destination touch VisitKey { scene: 17, area: (1408, 1024), event_id: 252, trigger_script: 8530, state: 1 }
learned exit AreaKey { scene: 17, anchor: (1024, 1216) } event=252 -> AreaKey { scene: 17, anchor: (1408, 1024) }
area teleport in scene 17 at frame 50037: (1056, 1248) -> (1456, 1048)
target scene=17 area=(1408, 1024) event=253 script=8537 mode=4 state=1 player=(1456, 1048) pos=(1424, 1000) path=6
learned targeted exit AreaKey { scene: 17, anchor: (1408, 1024) } event=253 -> AreaKey { scene: 17, anchor: (1216, 896) }
marked destination touch VisitKey { scene: 17, area: (1216, 896), event_id: 253, trigger_script: 8540, state: 1 }
learned exit AreaKey { scene: 17, anchor: (1408, 1024) } event=253 -> AreaKey { scene: 17, anchor: (1216, 896) }
area teleport in scene 17 at frame 50070: (1424, 1000) -> (1216, 896)
target scene=17 area=(1216, 896) event=254 script=8544 mode=4 state=1 player=(1216, 896) pos=(1184, 880) path=2
learned targeted exit AreaKey { scene: 17, anchor: (1216, 896) } event=254 -> AreaKey { scene: 17, anchor: (1088, 832) }
marked destination touch VisitKey { scene: 17, area: (1088, 832), event_id: 254, trigger_script: 8547, state: 1 }
learned exit AreaKey { scene: 17, anchor: (1216, 896) } event=254 -> AreaKey { scene: 17, anchor: (1088, 832) }
area teleport in scene 17 at frame 50085: (1184, 880) -> (1088, 832)
target scene=17 area=(1088, 832) event=258 script=8576 mode=4 state=1 player=(1088, 832) pos=(1088, 736) path=14
learned targeted exit AreaKey { scene: 17, anchor: (1088, 832) } event=258 -> AreaKey { scene: 17, anchor: (512, 512) }
marked destination touch VisitKey { scene: 17, area: (512, 512), event_id: 258, trigger_script: 8580, state: 1 }
learned exit AreaKey { scene: 17, anchor: (1088, 832) } event=258 -> AreaKey { scene: 17, anchor: (512, 512) }
area teleport in scene 17 at frame 50168: (1088, 736) -> (544, 544)
target scene=17 area=(512, 512) event=258 script=8580 mode=4 state=1 player=(544, 544) pos=(560, 552) path=1
learned targeted exit AreaKey { scene: 17, anchor: (512, 512) } event=258 -> AreaKey { scene: 17, anchor: (1088, 704) }
marked destination touch VisitKey { scene: 17, area: (1088, 704), event_id: 258, trigger_script: 8576, state: 1 }
learned exit AreaKey { scene: 17, anchor: (512, 512) } event=258 -> AreaKey { scene: 17, anchor: (1088, 704) }
area teleport in scene 17 at frame 50238: (560, 552) -> (1104, 728)
target scene=17 area=(1088, 704) event=259 script=8585 mode=4 state=1 player=(1104, 728) pos=(1136, 600) path=16
learned targeted exit AreaKey { scene: 17, anchor: (1088, 704) } event=259 -> AreaKey { scene: 17, anchor: (832, 448) }
marked destination touch VisitKey { scene: 17, area: (832, 448), event_id: 259, trigger_script: 8588, state: 1 }
learned exit AreaKey { scene: 17, anchor: (1088, 704) } event=259 -> AreaKey { scene: 17, anchor: (832, 448) }
area teleport in scene 17 at frame 50293: (1136, 600) -> (832, 448)
target scene=17 area=(832, 448) event=259 script=8588 mode=4 state=1 player=(832, 448) pos=(848, 456) path=1
learned targeted exit AreaKey { scene: 17, anchor: (832, 448) } event=259 -> AreaKey { scene: 17, anchor: (1152, 576) }
marked destination touch VisitKey { scene: 17, area: (1152, 576), event_id: 259, trigger_script: 8585, state: 1 }
learned exit AreaKey { scene: 17, anchor: (832, 448) } event=259 -> AreaKey { scene: 17, anchor: (1152, 576) }
area teleport in scene 17 at frame 50333: (848, 456) -> (1152, 608)
target scene=17 area=(1152, 576) event=259 script=8585 mode=4 state=1 player=(1152, 608) pos=(1136, 600) path=1
learned targeted exit AreaKey { scene: 17, anchor: (1152, 576) } event=259 -> AreaKey { scene: 17, anchor: (832, 448) }
marked destination touch VisitKey { scene: 17, area: (832, 448), event_id: 259, trigger_script: 8588, state: 1 }
learned exit AreaKey { scene: 17, anchor: (1152, 576) } event=259 -> AreaKey { scene: 17, anchor: (832, 448) }
area teleport in scene 17 at frame 50373: (1136, 600) -> (832, 448)
target scene=17 area=(832, 448) event=259 script=8588 mode=4 state=1 player=(832, 448) pos=(848, 456) path=1
learned targeted exit AreaKey { scene: 17, anchor: (832, 448) } event=259 -> AreaKey { scene: 17, anchor: (1152, 576) }
marked destination touch VisitKey { scene: 17, area: (1152, 576), event_id: 259, trigger_script: 8585, state: 1 }
learned exit AreaKey { scene: 17, anchor: (832, 448) } event=259 -> AreaKey { scene: 17, anchor: (1152, 576) }
area teleport in scene 17 at frame 50413: (848, 456) -> (1152, 608)
target scene=17 area=(1152, 576) event=258 script=8576 mode=4 state=1 player=(1152, 608) pos=(1088, 736) path=16
learned targeted exit AreaKey { scene: 17, anchor: (1152, 576) } event=258 -> AreaKey { scene: 17, anchor: (512, 512) }
marked destination touch VisitKey { scene: 17, area: (512, 512), event_id: 258, trigger_script: 8580, state: 1 }
learned exit AreaKey { scene: 17, anchor: (1152, 576) } event=258 -> AreaKey { scene: 17, anchor: (512, 512) }
area teleport in scene 17 at frame 50498: (1088, 736) -> (544, 544)
target scene=17 area=(512, 512) event=258 script=8580 mode=4 state=1 player=(544, 544) pos=(560, 552) path=1
learned targeted exit AreaKey { scene: 17, anchor: (512, 512) } event=258 -> AreaKey { scene: 17, anchor: (1088, 704) }
marked destination touch VisitKey { scene: 17, area: (1088, 704), event_id: 258, trigger_script: 8576, state: 1 }
learned exit AreaKey { scene: 17, anchor: (512, 512) } event=258 -> AreaKey { scene: 17, anchor: (1088, 704) }
area teleport in scene 17 at frame 50568: (560, 552) -> (1104, 728)
target scene=17 area=(1088, 704) event=254 script=8547 mode=4 state=1 player=(1104, 728) pos=(1104, 840) path=14
learned targeted exit AreaKey { scene: 17, anchor: (1088, 704) } event=254 -> AreaKey { scene: 17, anchor: (1152, 832) }
marked destination touch VisitKey { scene: 17, area: (1152, 832), event_id: 254, trigger_script: 8544, state: 1 }
learned exit AreaKey { scene: 17, anchor: (1088, 704) } event=254 -> AreaKey { scene: 17, anchor: (1152, 832) }
area teleport in scene 17 at frame 50595: (1104, 840) -> (1200, 888)
target scene=17 area=(1152, 832) event=254 script=8544 mode=4 state=1 player=(1200, 888) pos=(1184, 880) path=1
learned targeted exit AreaKey { scene: 17, anchor: (1152, 832) } event=254 -> AreaKey { scene: 17, anchor: (1088, 832) }
marked destination touch VisitKey { scene: 17, area: (1088, 832), event_id: 254, trigger_script: 8547, state: 1 }
learned exit AreaKey { scene: 17, anchor: (1152, 832) } event=254 -> AreaKey { scene: 17, anchor: (1088, 832) }
area teleport in scene 17 at frame 50609: (1184, 880) -> (1088, 832)
target scene=17 area=(1088, 832) event=254 script=8547 mode=4 state=1 player=(1088, 832) pos=(1104, 840) path=1
learned targeted exit AreaKey { scene: 17, anchor: (1088, 832) } event=254 -> AreaKey { scene: 17, anchor: (1152, 832) }
marked destination touch VisitKey { scene: 17, area: (1152, 832), event_id: 254, trigger_script: 8544, state: 1 }
learned exit AreaKey { scene: 17, anchor: (1088, 832) } event=254 -> AreaKey { scene: 17, anchor: (1152, 832) }
area teleport in scene 17 at frame 50623: (1104, 840) -> (1200, 888)
target scene=17 area=(1152, 832) event=253 script=8540 mode=4 state=1 player=(1200, 888) pos=(1232, 904) path=2
learned targeted exit AreaKey { scene: 17, anchor: (1152, 832) } event=253 -> AreaKey { scene: 17, anchor: (1408, 960) }
marked destination touch VisitKey { scene: 17, area: (1408, 960), event_id: 253, trigger_script: 8537, state: 1 }
learned exit AreaKey { scene: 17, anchor: (1152, 832) } event=253 -> AreaKey { scene: 17, anchor: (1408, 960) }
area teleport in scene 17 at frame 50652: (1232, 904) -> (1440, 1008)
target scene=17 area=(1408, 960) event=253 script=8537 mode=4 state=1 player=(1440, 1008) pos=(1424, 1000) path=1
learned targeted exit AreaKey { scene: 17, anchor: (1408, 960) } event=253 -> AreaKey { scene: 17, anchor: (1216, 896) }
marked destination touch VisitKey { scene: 17, area: (1216, 896), event_id: 253, trigger_script: 8540, state: 1 }
learned exit AreaKey { scene: 17, anchor: (1408, 960) } event=253 -> AreaKey { scene: 17, anchor: (1216, 896) }
area teleport in scene 17 at frame 50680: (1424, 1000) -> (1216, 896)
target scene=17 area=(1216, 896) event=255 script=8551 mode=4 state=1 player=(1216, 896) pos=(1248, 880) path=2
learned targeted exit AreaKey { scene: 17, anchor: (1216, 896) } event=255 -> AreaKey { scene: 17, anchor: (896, 384) }
marked destination touch VisitKey { scene: 17, area: (896, 384), event_id: 255, trigger_script: 8555, state: 1 }
learned exit AreaKey { scene: 17, anchor: (1216, 896) } event=255 -> AreaKey { scene: 17, anchor: (896, 384) }
area teleport in scene 17 at frame 50801: (1248, 880) -> (912, 408)
target scene=17 area=(896, 384) event=237 script=9193 mode=2 state=2 player=(912, 408) pos=(784, 216) path=31
target scene=17 area=(896, 384) event=255 script=8555 mode=4 state=1 player=(832, 240) pos=(928, 416) path=32
learned targeted exit AreaKey { scene: 17, anchor: (896, 384) } event=255 -> AreaKey { scene: 17, anchor: (1216, 832) }
marked destination touch VisitKey { scene: 17, area: (1216, 832), event_id: 255, trigger_script: 8551, state: 1 }
learned exit AreaKey { scene: 17, anchor: (896, 384) } event=255 -> AreaKey { scene: 17, anchor: (1216, 832) }
area teleport in scene 17 at frame 50983: (928, 416) -> (1232, 888)
target scene=17 area=(1216, 832) event=255 script=8551 mode=4 state=1 player=(1232, 888) pos=(1248, 880) path=1
learned targeted exit AreaKey { scene: 17, anchor: (1216, 832) } event=255 -> AreaKey { scene: 17, anchor: (896, 384) }
marked destination touch VisitKey { scene: 17, area: (896, 384), event_id: 255, trigger_script: 8555, state: 1 }
learned exit AreaKey { scene: 17, anchor: (1216, 832) } event=255 -> AreaKey { scene: 17, anchor: (896, 384) }
area teleport in scene 17 at frame 51103: (1248, 880) -> (912, 408)
target scene=17 area=(896, 384) event=237 script=9193 mode=2 state=2 player=(912, 408) pos=(784, 216) path=31
target scene=17 area=(896, 384) event=255 script=8555 mode=4 state=1 player=(832, 240) pos=(928, 416) path=32
learned targeted exit AreaKey { scene: 17, anchor: (896, 384) } event=255 -> AreaKey { scene: 17, anchor: (1216, 832) }
marked destination touch VisitKey { scene: 17, area: (1216, 832), event_id: 255, trigger_script: 8551, state: 1 }
learned exit AreaKey { scene: 17, anchor: (896, 384) } event=255 -> AreaKey { scene: 17, anchor: (1216, 832) }
area teleport in scene 17 at frame 51285: (928, 416) -> (1232, 888)
target scene=17 area=(1216, 832) event=253 script=8540 mode=4 state=1 player=(1232, 888) pos=(1232, 904) path=2
learned targeted exit AreaKey { scene: 17, anchor: (1216, 832) } event=253 -> AreaKey { scene: 17, anchor: (1408, 960) }
marked destination touch VisitKey { scene: 17, area: (1408, 960), event_id: 253, trigger_script: 8537, state: 1 }
learned exit AreaKey { scene: 17, anchor: (1216, 832) } event=253 -> AreaKey { scene: 17, anchor: (1408, 960) }
area teleport in scene 17 at frame 51314: (1232, 904) -> (1440, 1008)
target scene=17 area=(1408, 960) event=252 script=8530 mode=4 state=1 player=(1440, 1008) pos=(1440, 1056) path=6
learned targeted exit AreaKey { scene: 17, anchor: (1408, 960) } event=252 -> AreaKey { scene: 17, anchor: (1024, 1216) }
marked destination touch VisitKey { scene: 17, area: (1024, 1216), event_id: 252, trigger_script: 8533, state: 1 }
learned exit AreaKey { scene: 17, anchor: (1408, 960) } event=252 -> AreaKey { scene: 17, anchor: (1024, 1216) }
area teleport in scene 17 at frame 51371: (1440, 1056) -> (1040, 1256)
target scene=17 area=(1024, 1216) event=252 script=8533 mode=4 state=1 player=(1040, 1256) pos=(1056, 1248) path=1
learned targeted exit AreaKey { scene: 17, anchor: (1024, 1216) } event=252 -> AreaKey { scene: 17, anchor: (1408, 1024) }
marked destination touch VisitKey { scene: 17, area: (1408, 1024), event_id: 252, trigger_script: 8530, state: 1 }
learned exit AreaKey { scene: 17, anchor: (1024, 1216) } event=252 -> AreaKey { scene: 17, anchor: (1408, 1024) }
area teleport in scene 17 at frame 51423: (1056, 1248) -> (1456, 1048)
target scene=17 area=(1408, 1024) event=251 script=8524 mode=4 state=1 player=(1456, 1048) pos=(1456, 1144) path=16
learned targeted exit AreaKey { scene: 17, anchor: (1408, 1024) } event=251 -> AreaKey { scene: 17, anchor: (1280, 768) }
marked destination touch VisitKey { scene: 17, area: (1280, 768), event_id: 251, trigger_script: 8519, state: 1 }
learned exit AreaKey { scene: 17, anchor: (1408, 1024) } event=251 -> AreaKey { scene: 17, anchor: (1280, 768) }
area teleport in scene 17 at frame 51522: (1456, 1144) -> (1280, 816)
target scene=17 area=(1280, 768) event=251 script=8519 mode=4 state=1 player=(1280, 816) pos=(1296, 824) path=1
learned targeted exit AreaKey { scene: 17, anchor: (1280, 768) } event=251 -> AreaKey { scene: 17, anchor: (1472, 1152) }
marked destination touch VisitKey { scene: 17, area: (1472, 1152), event_id: 251, trigger_script: 8524, state: 1 }
learned exit AreaKey { scene: 17, anchor: (1280, 768) } event=251 -> AreaKey { scene: 17, anchor: (1472, 1152) }
area teleport in scene 17 at frame 51606: (1296, 824) -> (1472, 1152)
target scene=17 area=(1472, 1152) event=251 script=8524 mode=4 state=1 player=(1472, 1152) pos=(1456, 1144) path=1
learned targeted exit AreaKey { scene: 17, anchor: (1472, 1152) } event=251 -> AreaKey { scene: 17, anchor: (1280, 768) }
marked destination touch VisitKey { scene: 17, area: (1280, 768), event_id: 251, trigger_script: 8519, state: 1 }
learned exit AreaKey { scene: 17, anchor: (1472, 1152) } event=251 -> AreaKey { scene: 17, anchor: (1280, 768) }
area teleport in scene 17 at frame 51690: (1456, 1144) -> (1280, 816)
target scene=17 area=(1280, 768) event=251 script=8519 mode=4 state=1 player=(1280, 816) pos=(1296, 824) path=1
learned targeted exit AreaKey { scene: 17, anchor: (1280, 768) } event=251 -> AreaKey { scene: 17, anchor: (1472, 1152) }
marked destination touch VisitKey { scene: 17, area: (1472, 1152), event_id: 251, trigger_script: 8524, state: 1 }
learned exit AreaKey { scene: 17, anchor: (1280, 768) } event=251 -> AreaKey { scene: 17, anchor: (1472, 1152) }
area teleport in scene 17 at frame 51774: (1296, 824) -> (1472, 1152)
target scene=17 area=(1472, 1152) event=252 script=8530 mode=4 state=1 player=(1472, 1152) pos=(1440, 1056) path=16
learned targeted exit AreaKey { scene: 17, anchor: (1472, 1152) } event=252 -> AreaKey { scene: 17, anchor: (1024, 1216) }
marked destination touch VisitKey { scene: 17, area: (1024, 1216), event_id: 252, trigger_script: 8533, state: 1 }
learned exit AreaKey { scene: 17, anchor: (1472, 1152) } event=252 -> AreaKey { scene: 17, anchor: (1024, 1216) }
area teleport in scene 17 at frame 51841: (1440, 1056) -> (1040, 1256)
target scene=17 area=(1024, 1216) event=252 script=8533 mode=4 state=1 player=(1040, 1256) pos=(1056, 1248) path=1
learned targeted exit AreaKey { scene: 17, anchor: (1024, 1216) } event=252 -> AreaKey { scene: 17, anchor: (1408, 1024) }
marked destination touch VisitKey { scene: 17, area: (1408, 1024), event_id: 252, trigger_script: 8530, state: 1 }
learned exit AreaKey { scene: 17, anchor: (1024, 1216) } event=252 -> AreaKey { scene: 17, anchor: (1408, 1024) }
area teleport in scene 17 at frame 51893: (1056, 1248) -> (1456, 1048)
target scene=17 area=(1408, 1024) event=253 script=8537 mode=4 state=1 player=(1456, 1048) pos=(1424, 1000) path=6
learned targeted exit AreaKey { scene: 17, anchor: (1408, 1024) } event=253 -> AreaKey { scene: 17, anchor: (1216, 896) }
marked destination touch VisitKey { scene: 17, area: (1216, 896), event_id: 253, trigger_script: 8540, state: 1 }
learned exit AreaKey { scene: 17, anchor: (1408, 1024) } event=253 -> AreaKey { scene: 17, anchor: (1216, 896) }
area teleport in scene 17 at frame 51926: (1424, 1000) -> (1216, 896)
target scene=17 area=(1216, 896) event=254 script=8544 mode=4 state=1 player=(1216, 896) pos=(1184, 880) path=2
learned targeted exit AreaKey { scene: 17, anchor: (1216, 896) } event=254 -> AreaKey { scene: 17, anchor: (1088, 832) }
marked destination touch VisitKey { scene: 17, area: (1088, 832), event_id: 254, trigger_script: 8547, state: 1 }
learned exit AreaKey { scene: 17, anchor: (1216, 896) } event=254 -> AreaKey { scene: 17, anchor: (1088, 832) }
area teleport in scene 17 at frame 51941: (1184, 880) -> (1088, 832)
target scene=17 area=(1088, 832) event=256 script=8560 mode=4 state=1 player=(1088, 832) pos=(1232, 776) path=9
learned targeted exit AreaKey { scene: 17, anchor: (1088, 832) } event=256 -> AreaKey { scene: 17, anchor: (1280, 512) }
marked destination touch VisitKey { scene: 17, area: (1280, 512), event_id: 256, trigger_script: 8564, state: 1 }
learned exit AreaKey { scene: 17, anchor: (1088, 832) } event=256 -> AreaKey { scene: 17, anchor: (1280, 512) }
area teleport in scene 17 at frame 52003: (1232, 776) -> (1328, 568)
target scene=17 area=(1280, 512) event=264 script=887 mode=1 state=2 player=(1328, 568) pos=(1408, 432) path=44
marked destination touch VisitKey { scene: 17, area: (1024, 448), event_id: 260, trigger_script: 8595, state: 1 }
learned exit AreaKey { scene: 17, anchor: (1280, 512) } event=260 -> AreaKey { scene: 17, anchor: (1024, 448) }
area teleport in scene 17 at frame 52033: (1280, 560) -> (1072, 456)
target scene=17 area=(1024, 448) event=264 script=887 mode=1 state=2 player=(1072, 456) pos=(1408, 432) path=24
target scene=17 area=(1024, 448) event=260 script=8595 mode=4 state=1 player=(1392, 424) pos=(1104, 472) path=26
learned targeted exit AreaKey { scene: 17, anchor: (1024, 448) } event=260 -> AreaKey { scene: 17, anchor: (1280, 512) }
marked destination touch VisitKey { scene: 17, area: (1280, 512), event_id: 260, trigger_script: 8601, state: 1 }
learned exit AreaKey { scene: 17, anchor: (1024, 448) } event=260 -> AreaKey { scene: 17, anchor: (1280, 512) }
area teleport in scene 17 at frame 52108: (1104, 472) -> (1296, 568)
target scene=17 area=(1280, 512) event=257 script=8569 mode=4 state=1 player=(1296, 568) pos=(1344, 560) path=3
learned targeted exit AreaKey { scene: 17, anchor: (1280, 512) } event=257 -> AreaKey { scene: 17, anchor: (1408, 512) }
marked destination touch VisitKey { scene: 17, area: (1408, 512), event_id: 256, trigger_script: 8564, state: 1 }
learned exit AreaKey { scene: 17, anchor: (1280, 512) } event=256 -> AreaKey { scene: 17, anchor: (1408, 512) }
marked destination touch VisitKey { scene: 17, area: (1408, 512), event_id: 257, trigger_script: 8572, state: 1 }
learned exit AreaKey { scene: 17, anchor: (1280, 512) } event=257 -> AreaKey { scene: 17, anchor: (1408, 512) }
area teleport in scene 17 at frame 52122: (1344, 560) -> (1424, 520)
target scene=17 area=(1408, 512) event=257 script=8572 mode=4 state=1 player=(1424, 520) pos=(1408, 528) path=1
learned targeted exit AreaKey { scene: 17, anchor: (1408, 512) } event=257 -> AreaKey { scene: 17, anchor: (1280, 512) }
marked destination touch VisitKey { scene: 17, area: (1280, 512), event_id: 257, trigger_script: 8569, state: 1 }
learned exit AreaKey { scene: 17, anchor: (1408, 512) } event=257 -> AreaKey { scene: 17, anchor: (1280, 512) }
area teleport in scene 17 at frame 52134: (1408, 528) -> (1328, 568)
target scene=17 area=(1280, 512) event=264 script=887 mode=1 state=2 player=(1328, 568) pos=(1408, 432) path=44
marked destination touch VisitKey { scene: 17, area: (1024, 448), event_id: 260, trigger_script: 8595, state: 1 }
learned exit AreaKey { scene: 17, anchor: (1280, 512) } event=260 -> AreaKey { scene: 17, anchor: (1024, 448) }
area teleport in scene 17 at frame 52164: (1280, 560) -> (1072, 456)
target scene=17 area=(1024, 448) event=264 script=887 mode=1 state=2 player=(1072, 456) pos=(1408, 432) path=24
target scene=17 area=(1024, 448) event=260 script=8595 mode=4 state=1 player=(1392, 424) pos=(1104, 472) path=26
learned targeted exit AreaKey { scene: 17, anchor: (1024, 448) } event=260 -> AreaKey { scene: 17, anchor: (1280, 512) }
marked destination touch VisitKey { scene: 17, area: (1280, 512), event_id: 260, trigger_script: 8601, state: 1 }
learned exit AreaKey { scene: 17, anchor: (1024, 448) } event=260 -> AreaKey { scene: 17, anchor: (1280, 512) }
area teleport in scene 17 at frame 52239: (1104, 472) -> (1296, 568)
target scene=17 area=(1280, 512) event=256 script=8564 mode=4 state=1 player=(1296, 568) pos=(1344, 576) path=3
learned targeted exit AreaKey { scene: 17, anchor: (1280, 512) } event=256 -> AreaKey { scene: 17, anchor: (1216, 768) }
marked destination touch VisitKey { scene: 17, area: (1216, 768), event_id: 256, trigger_script: 8560, state: 1 }
learned exit AreaKey { scene: 17, anchor: (1280, 512) } event=256 -> AreaKey { scene: 17, anchor: (1216, 768) }
marked destination touch VisitKey { scene: 17, area: (1216, 768), event_id: 257, trigger_script: 8569, state: 1 }
learned exit AreaKey { scene: 17, anchor: (1280, 512) } event=257 -> AreaKey { scene: 17, anchor: (1216, 768) }
area teleport in scene 17 at frame 52295: (1344, 576) -> (1216, 784)
target scene=17 area=(1216, 768) event=258 script=8576 mode=4 state=1 player=(1216, 784) pos=(1088, 736) path=8
learned targeted exit AreaKey { scene: 17, anchor: (1216, 768) } event=258 -> AreaKey { scene: 17, anchor: (512, 512) }
marked destination touch VisitKey { scene: 17, area: (512, 512), event_id: 258, trigger_script: 8580, state: 1 }
learned exit AreaKey { scene: 17, anchor: (1216, 768) } event=258 -> AreaKey { scene: 17, anchor: (512, 512) }
area teleport in scene 17 at frame 52372: (1088, 736) -> (544, 544)
target scene=17 area=(512, 512) event=258 script=8580 mode=4 state=1 player=(544, 544) pos=(560, 552) path=1
learned targeted exit AreaKey { scene: 17, anchor: (512, 512) } event=258 -> AreaKey { scene: 17, anchor: (1088, 704) }
marked destination touch VisitKey { scene: 17, area: (1088, 704), event_id: 258, trigger_script: 8576, state: 1 }
learned exit AreaKey { scene: 17, anchor: (512, 512) } event=258 -> AreaKey { scene: 17, anchor: (1088, 704) }
area teleport in scene 17 at frame 52442: (560, 552) -> (1104, 728)
target scene=17 area=(1088, 704) event=259 script=8585 mode=4 state=1 player=(1104, 728) pos=(1136, 600) path=16
learned targeted exit AreaKey { scene: 17, anchor: (1088, 704) } event=259 -> AreaKey { scene: 17, anchor: (832, 448) }
marked destination touch VisitKey { scene: 17, area: (832, 448), event_id: 259, trigger_script: 8588, state: 1 }
learned exit AreaKey { scene: 17, anchor: (1088, 704) } event=259 -> AreaKey { scene: 17, anchor: (832, 448) }
area teleport in scene 17 at frame 52497: (1136, 600) -> (832, 448)
target scene=17 area=(832, 448) event=259 script=8588 mode=4 state=1 player=(832, 448) pos=(848, 456) path=1
learned targeted exit AreaKey { scene: 17, anchor: (832, 448) } event=259 -> AreaKey { scene: 17, anchor: (1152, 576) }
marked destination touch VisitKey { scene: 17, area: (1152, 576), event_id: 259, trigger_script: 8585, state: 1 }
learned exit AreaKey { scene: 17, anchor: (832, 448) } event=259 -> AreaKey { scene: 17, anchor: (1152, 576) }
area teleport in scene 17 at frame 52537: (848, 456) -> (1152, 608)
target scene=17 area=(1152, 576) event=259 script=8585 mode=4 state=1 player=(1152, 608) pos=(1136, 600) path=1
learned targeted exit AreaKey { scene: 17, anchor: (1152, 576) } event=259 -> AreaKey { scene: 17, anchor: (832, 448) }
marked destination touch VisitKey { scene: 17, area: (832, 448), event_id: 259, trigger_script: 8588, state: 1 }
learned exit AreaKey { scene: 17, anchor: (1152, 576) } event=259 -> AreaKey { scene: 17, anchor: (832, 448) }
area teleport in scene 17 at frame 52577: (1136, 600) -> (832, 448)
target scene=17 area=(832, 448) event=259 script=8588 mode=4 state=1 player=(832, 448) pos=(848, 456) path=1
learned targeted exit AreaKey { scene: 17, anchor: (832, 448) } event=259 -> AreaKey { scene: 17, anchor: (1152, 576) }
marked destination touch VisitKey { scene: 17, area: (1152, 576), event_id: 259, trigger_script: 8585, state: 1 }
learned exit AreaKey { scene: 17, anchor: (832, 448) } event=259 -> AreaKey { scene: 17, anchor: (1152, 576) }
area teleport in scene 17 at frame 52617: (848, 456) -> (1152, 608)
target scene=17 area=(1152, 576) event=258 script=8576 mode=4 state=1 player=(1152, 608) pos=(1088, 736) path=16
learned targeted exit AreaKey { scene: 17, anchor: (1152, 576) } event=258 -> AreaKey { scene: 17, anchor: (512, 512) }
marked destination touch VisitKey { scene: 17, area: (512, 512), event_id: 258, trigger_script: 8580, state: 1 }
learned exit AreaKey { scene: 17, anchor: (1152, 576) } event=258 -> AreaKey { scene: 17, anchor: (512, 512) }
area teleport in scene 17 at frame 52702: (1088, 736) -> (544, 544)
target scene=17 area=(512, 512) event=258 script=8580 mode=4 state=1 player=(544, 544) pos=(560, 552) path=1
learned targeted exit AreaKey { scene: 17, anchor: (512, 512) } event=258 -> AreaKey { scene: 17, anchor: (1088, 704) }
marked destination touch VisitKey { scene: 17, area: (1088, 704), event_id: 258, trigger_script: 8576, state: 1 }
learned exit AreaKey { scene: 17, anchor: (512, 512) } event=258 -> AreaKey { scene: 17, anchor: (1088, 704) }
area teleport in scene 17 at frame 52772: (560, 552) -> (1104, 728)
target scene=17 area=(1088, 704) event=254 script=8547 mode=4 state=1 player=(1104, 728) pos=(1104, 840) path=14
learned targeted exit AreaKey { scene: 17, anchor: (1088, 704) } event=254 -> AreaKey { scene: 17, anchor: (1152, 832) }
marked destination touch VisitKey { scene: 17, area: (1152, 832), event_id: 254, trigger_script: 8544, state: 1 }
learned exit AreaKey { scene: 17, anchor: (1088, 704) } event=254 -> AreaKey { scene: 17, anchor: (1152, 832) }
area teleport in scene 17 at frame 52799: (1104, 840) -> (1200, 888)
target scene=17 area=(1152, 832) event=254 script=8544 mode=4 state=1 player=(1200, 888) pos=(1184, 880) path=1
learned targeted exit AreaKey { scene: 17, anchor: (1152, 832) } event=254 -> AreaKey { scene: 17, anchor: (1088, 832) }
marked destination touch VisitKey { scene: 17, area: (1088, 832), event_id: 254, trigger_script: 8547, state: 1 }
learned exit AreaKey { scene: 17, anchor: (1152, 832) } event=254 -> AreaKey { scene: 17, anchor: (1088, 832) }
area teleport in scene 17 at frame 52813: (1184, 880) -> (1088, 832)
target scene=17 area=(1088, 832) event=254 script=8547 mode=4 state=1 player=(1088, 832) pos=(1104, 840) path=1
learned targeted exit AreaKey { scene: 17, anchor: (1088, 832) } event=254 -> AreaKey { scene: 17, anchor: (1152, 832) }
marked destination touch VisitKey { scene: 17, area: (1152, 832), event_id: 254, trigger_script: 8544, state: 1 }
learned exit AreaKey { scene: 17, anchor: (1088, 832) } event=254 -> AreaKey { scene: 17, anchor: (1152, 832) }
area teleport in scene 17 at frame 52827: (1104, 840) -> (1200, 888)
target scene=17 area=(1152, 832) event=253 script=8540 mode=4 state=1 player=(1200, 888) pos=(1232, 904) path=2
learned targeted exit AreaKey { scene: 17, anchor: (1152, 832) } event=253 -> AreaKey { scene: 17, anchor: (1408, 960) }
marked destination touch VisitKey { scene: 17, area: (1408, 960), event_id: 253, trigger_script: 8537, state: 1 }
learned exit AreaKey { scene: 17, anchor: (1152, 832) } event=253 -> AreaKey { scene: 17, anchor: (1408, 960) }
area teleport in scene 17 at frame 52856: (1232, 904) -> (1440, 1008)
target scene=17 area=(1408, 960) event=253 script=8537 mode=4 state=1 player=(1440, 1008) pos=(1424, 1000) path=1
learned targeted exit AreaKey { scene: 17, anchor: (1408, 960) } event=253 -> AreaKey { scene: 17, anchor: (1216, 896) }
marked destination touch VisitKey { scene: 17, area: (1216, 896), event_id: 253, trigger_script: 8540, state: 1 }
learned exit AreaKey { scene: 17, anchor: (1408, 960) } event=253 -> AreaKey { scene: 17, anchor: (1216, 896) }
area teleport in scene 17 at frame 52884: (1424, 1000) -> (1216, 896)
target scene=17 area=(1216, 896) event=255 script=8551 mode=4 state=1 player=(1216, 896) pos=(1248, 880) path=2
learned targeted exit AreaKey { scene: 17, anchor: (1216, 896) } event=255 -> AreaKey { scene: 17, anchor: (896, 384) }
marked destination touch VisitKey { scene: 17, area: (896, 384), event_id: 255, trigger_script: 8555, state: 1 }
learned exit AreaKey { scene: 17, anchor: (1216, 896) } event=255 -> AreaKey { scene: 17, anchor: (896, 384) }
area teleport in scene 17 at frame 53005: (1248, 880) -> (912, 408)
target scene=17 area=(896, 384) event=237 script=9193 mode=2 state=2 player=(912, 408) pos=(784, 216) path=31
target scene=17 area=(896, 384) event=255 script=8555 mode=4 state=1 player=(832, 240) pos=(928, 416) path=32
learned targeted exit AreaKey { scene: 17, anchor: (896, 384) } event=255 -> AreaKey { scene: 17, anchor: (1216, 832) }
marked destination touch VisitKey { scene: 17, area: (1216, 832), event_id: 255, trigger_script: 8551, state: 1 }
learned exit AreaKey { scene: 17, anchor: (896, 384) } event=255 -> AreaKey { scene: 17, anchor: (1216, 832) }
area teleport in scene 17 at frame 53187: (928, 416) -> (1232, 888)
target scene=17 area=(1216, 832) event=255 script=8551 mode=4 state=1 player=(1232, 888) pos=(1248, 880) path=1
learned targeted exit AreaKey { scene: 17, anchor: (1216, 832) } event=255 -> AreaKey { scene: 17, anchor: (896, 384) }
marked destination touch VisitKey { scene: 17, area: (896, 384), event_id: 255, trigger_script: 8555, state: 1 }
learned exit AreaKey { scene: 17, anchor: (1216, 832) } event=255 -> AreaKey { scene: 17, anchor: (896, 384) }
area teleport in scene 17 at frame 53307: (1248, 880) -> (912, 408)
target scene=17 area=(896, 384) event=237 script=9193 mode=2 state=2 player=(912, 408) pos=(784, 216) path=31
target scene=17 area=(896, 384) event=255 script=8555 mode=4 state=1 player=(832, 240) pos=(928, 416) path=32
learned targeted exit AreaKey { scene: 17, anchor: (896, 384) } event=255 -> AreaKey { scene: 17, anchor: (1216, 832) }
marked destination touch VisitKey { scene: 17, area: (1216, 832), event_id: 255, trigger_script: 8551, state: 1 }
learned exit AreaKey { scene: 17, anchor: (896, 384) } event=255 -> AreaKey { scene: 17, anchor: (1216, 832) }
area teleport in scene 17 at frame 53489: (928, 416) -> (1232, 888)
target scene=17 area=(1216, 832) event=253 script=8540 mode=4 state=1 player=(1232, 888) pos=(1232, 904) path=2
learned targeted exit AreaKey { scene: 17, anchor: (1216, 832) } event=253 -> AreaKey { scene: 17, anchor: (1408, 960) }
marked destination touch VisitKey { scene: 17, area: (1408, 960), event_id: 253, trigger_script: 8537, state: 1 }
learned exit AreaKey { scene: 17, anchor: (1216, 832) } event=253 -> AreaKey { scene: 17, anchor: (1408, 960) }
area teleport in scene 17 at frame 53518: (1232, 904) -> (1440, 1008)
target scene=17 area=(1408, 960) event=252 script=8530 mode=4 state=1 player=(1440, 1008) pos=(1440, 1056) path=6
learned targeted exit AreaKey { scene: 17, anchor: (1408, 960) } event=252 -> AreaKey { scene: 17, anchor: (1024, 1216) }
marked destination touch VisitKey { scene: 17, area: (1024, 1216), event_id: 252, trigger_script: 8533, state: 1 }
learned exit AreaKey { scene: 17, anchor: (1408, 960) } event=252 -> AreaKey { scene: 17, anchor: (1024, 1216) }
area teleport in scene 17 at frame 53575: (1440, 1056) -> (1040, 1256)
target scene=17 area=(1024, 1216) event=252 script=8533 mode=4 state=1 player=(1040, 1256) pos=(1056, 1248) path=1
learned targeted exit AreaKey { scene: 17, anchor: (1024, 1216) } event=252 -> AreaKey { scene: 17, anchor: (1408, 1024) }
marked destination touch VisitKey { scene: 17, area: (1408, 1024), event_id: 252, trigger_script: 8530, state: 1 }
learned exit AreaKey { scene: 17, anchor: (1024, 1216) } event=252 -> AreaKey { scene: 17, anchor: (1408, 1024) }
area teleport in scene 17 at frame 53627: (1056, 1248) -> (1456, 1048)
target scene=17 area=(1408, 1024) event=251 script=8524 mode=4 state=1 player=(1456, 1048) pos=(1456, 1144) path=16
learned targeted exit AreaKey { scene: 17, anchor: (1408, 1024) } event=251 -> AreaKey { scene: 17, anchor: (1280, 768) }
marked destination touch VisitKey { scene: 17, area: (1280, 768), event_id: 251, trigger_script: 8519, state: 1 }
learned exit AreaKey { scene: 17, anchor: (1408, 1024) } event=251 -> AreaKey { scene: 17, anchor: (1280, 768) }
area teleport in scene 17 at frame 53726: (1456, 1144) -> (1280, 816)
target scene=17 area=(1280, 768) event=251 script=8519 mode=4 state=1 player=(1280, 816) pos=(1296, 824) path=1
learned targeted exit AreaKey { scene: 17, anchor: (1280, 768) } event=251 -> AreaKey { scene: 17, anchor: (1472, 1152) }
marked destination touch VisitKey { scene: 17, area: (1472, 1152), event_id: 251, trigger_script: 8524, state: 1 }
learned exit AreaKey { scene: 17, anchor: (1280, 768) } event=251 -> AreaKey { scene: 17, anchor: (1472, 1152) }
area teleport in scene 17 at frame 53810: (1296, 824) -> (1472, 1152)
target scene=17 area=(1472, 1152) event=251 script=8524 mode=4 state=1 player=(1472, 1152) pos=(1456, 1144) path=1
learned targeted exit AreaKey { scene: 17, anchor: (1472, 1152) } event=251 -> AreaKey { scene: 17, anchor: (1280, 768) }
marked destination touch VisitKey { scene: 17, area: (1280, 768), event_id: 251, trigger_script: 8519, state: 1 }
learned exit AreaKey { scene: 17, anchor: (1472, 1152) } event=251 -> AreaKey { scene: 17, anchor: (1280, 768) }
area teleport in scene 17 at frame 53894: (1456, 1144) -> (1280, 816)
target scene=17 area=(1280, 768) event=251 script=8519 mode=4 state=1 player=(1280, 816) pos=(1296, 824) path=1
learned targeted exit AreaKey { scene: 17, anchor: (1280, 768) } event=251 -> AreaKey { scene: 17, anchor: (1472, 1152) }
marked destination touch VisitKey { scene: 17, area: (1472, 1152), event_id: 251, trigger_script: 8524, state: 1 }
learned exit AreaKey { scene: 17, anchor: (1280, 768) } event=251 -> AreaKey { scene: 17, anchor: (1472, 1152) }
area teleport in scene 17 at frame 53978: (1296, 824) -> (1472, 1152)
target scene=17 area=(1472, 1152) event=252 script=8530 mode=4 state=1 player=(1472, 1152) pos=(1440, 1056) path=16
learned targeted exit AreaKey { scene: 17, anchor: (1472, 1152) } event=252 -> AreaKey { scene: 17, anchor: (1024, 1216) }
marked destination touch VisitKey { scene: 17, area: (1024, 1216), event_id: 252, trigger_script: 8533, state: 1 }
learned exit AreaKey { scene: 17, anchor: (1472, 1152) } event=252 -> AreaKey { scene: 17, anchor: (1024, 1216) }
area teleport in scene 17 at frame 54045: (1440, 1056) -> (1040, 1256)
target scene=17 area=(1024, 1216) event=252 script=8533 mode=4 state=1 player=(1040, 1256) pos=(1056, 1248) path=1
learned targeted exit AreaKey { scene: 17, anchor: (1024, 1216) } event=252 -> AreaKey { scene: 17, anchor: (1408, 1024) }
marked destination touch VisitKey { scene: 17, area: (1408, 1024), event_id: 252, trigger_script: 8530, state: 1 }
learned exit AreaKey { scene: 17, anchor: (1024, 1216) } event=252 -> AreaKey { scene: 17, anchor: (1408, 1024) }
area teleport in scene 17 at frame 54097: (1056, 1248) -> (1456, 1048)
target scene=17 area=(1408, 1024) event=253 script=8537 mode=4 state=1 player=(1456, 1048) pos=(1424, 1000) path=6
learned targeted exit AreaKey { scene: 17, anchor: (1408, 1024) } event=253 -> AreaKey { scene: 17, anchor: (1216, 896) }
marked destination touch VisitKey { scene: 17, area: (1216, 896), event_id: 253, trigger_script: 8540, state: 1 }
learned exit AreaKey { scene: 17, anchor: (1408, 1024) } event=253 -> AreaKey { scene: 17, anchor: (1216, 896) }
area teleport in scene 17 at frame 54130: (1424, 1000) -> (1216, 896)
target scene=17 area=(1216, 896) event=254 script=8544 mode=4 state=1 player=(1216, 896) pos=(1184, 880) path=2
learned targeted exit AreaKey { scene: 17, anchor: (1216, 896) } event=254 -> AreaKey { scene: 17, anchor: (1088, 832) }
marked destination touch VisitKey { scene: 17, area: (1088, 832), event_id: 254, trigger_script: 8547, state: 1 }
learned exit AreaKey { scene: 17, anchor: (1216, 896) } event=254 -> AreaKey { scene: 17, anchor: (1088, 832) }
area teleport in scene 17 at frame 54145: (1184, 880) -> (1088, 832)
target scene=17 area=(1088, 832) event=258 script=8576 mode=4 state=1 player=(1088, 832) pos=(1088, 736) path=14
learned targeted exit AreaKey { scene: 17, anchor: (1088, 832) } event=258 -> AreaKey { scene: 17, anchor: (512, 512) }
marked destination touch VisitKey { scene: 17, area: (512, 512), event_id: 258, trigger_script: 8580, state: 1 }
learned exit AreaKey { scene: 17, anchor: (1088, 832) } event=258 -> AreaKey { scene: 17, anchor: (512, 512) }
area teleport in scene 17 at frame 54228: (1088, 736) -> (544, 544)
target scene=17 area=(512, 512) event=258 script=8580 mode=4 state=1 player=(544, 544) pos=(560, 552) path=1
learned targeted exit AreaKey { scene: 17, anchor: (512, 512) } event=258 -> AreaKey { scene: 17, anchor: (1088, 704) }
marked destination touch VisitKey { scene: 17, area: (1088, 704), event_id: 258, trigger_script: 8576, state: 1 }
learned exit AreaKey { scene: 17, anchor: (512, 512) } event=258 -> AreaKey { scene: 17, anchor: (1088, 704) }
area teleport in scene 17 at frame 54298: (560, 552) -> (1104, 728)
target scene=17 area=(1088, 704) event=259 script=8585 mode=4 state=1 player=(1104, 728) pos=(1136, 600) path=16
learned targeted exit AreaKey { scene: 17, anchor: (1088, 704) } event=259 -> AreaKey { scene: 17, anchor: (832, 448) }
marked destination touch VisitKey { scene: 17, area: (832, 448), event_id: 259, trigger_script: 8588, state: 1 }
learned exit AreaKey { scene: 17, anchor: (1088, 704) } event=259 -> AreaKey { scene: 17, anchor: (832, 448) }
area teleport in scene 17 at frame 54353: (1136, 600) -> (832, 448)
target scene=17 area=(832, 448) event=259 script=8588 mode=4 state=1 player=(832, 448) pos=(848, 456) path=1
learned targeted exit AreaKey { scene: 17, anchor: (832, 448) } event=259 -> AreaKey { scene: 17, anchor: (1152, 576) }
marked destination touch VisitKey { scene: 17, area: (1152, 576), event_id: 259, trigger_script: 8585, state: 1 }
learned exit AreaKey { scene: 17, anchor: (832, 448) } event=259 -> AreaKey { scene: 17, anchor: (1152, 576) }
area teleport in scene 17 at frame 54393: (848, 456) -> (1152, 608)
target scene=17 area=(1152, 576) event=259 script=8585 mode=4 state=1 player=(1152, 608) pos=(1136, 600) path=1
learned targeted exit AreaKey { scene: 17, anchor: (1152, 576) } event=259 -> AreaKey { scene: 17, anchor: (832, 448) }
marked destination touch VisitKey { scene: 17, area: (832, 448), event_id: 259, trigger_script: 8588, state: 1 }
learned exit AreaKey { scene: 17, anchor: (1152, 576) } event=259 -> AreaKey { scene: 17, anchor: (832, 448) }
area teleport in scene 17 at frame 54433: (1136, 600) -> (832, 448)
target scene=17 area=(832, 448) event=259 script=8588 mode=4 state=1 player=(832, 448) pos=(848, 456) path=1
learned targeted exit AreaKey { scene: 17, anchor: (832, 448) } event=259 -> AreaKey { scene: 17, anchor: (1152, 576) }
marked destination touch VisitKey { scene: 17, area: (1152, 576), event_id: 259, trigger_script: 8585, state: 1 }
learned exit AreaKey { scene: 17, anchor: (832, 448) } event=259 -> AreaKey { scene: 17, anchor: (1152, 576) }
area teleport in scene 17 at frame 54473: (848, 456) -> (1152, 608)
target scene=17 area=(1152, 576) event=258 script=8576 mode=4 state=1 player=(1152, 608) pos=(1088, 736) path=16
learned targeted exit AreaKey { scene: 17, anchor: (1152, 576) } event=258 -> AreaKey { scene: 17, anchor: (512, 512) }
marked destination touch VisitKey { scene: 17, area: (512, 512), event_id: 258, trigger_script: 8580, state: 1 }
learned exit AreaKey { scene: 17, anchor: (1152, 576) } event=258 -> AreaKey { scene: 17, anchor: (512, 512) }
area teleport in scene 17 at frame 54558: (1088, 736) -> (544, 544)
target scene=17 area=(512, 512) event=258 script=8580 mode=4 state=1 player=(544, 544) pos=(560, 552) path=1
learned targeted exit AreaKey { scene: 17, anchor: (512, 512) } event=258 -> AreaKey { scene: 17, anchor: (1088, 704) }
marked destination touch VisitKey { scene: 17, area: (1088, 704), event_id: 258, trigger_script: 8576, state: 1 }
learned exit AreaKey { scene: 17, anchor: (512, 512) } event=258 -> AreaKey { scene: 17, anchor: (1088, 704) }
area teleport in scene 17 at frame 54628: (560, 552) -> (1104, 728)
target scene=17 area=(1088, 704) event=254 script=8547 mode=4 state=1 player=(1104, 728) pos=(1104, 840) path=14
learned targeted exit AreaKey { scene: 17, anchor: (1088, 704) } event=254 -> AreaKey { scene: 17, anchor: (1152, 832) }
marked destination touch VisitKey { scene: 17, area: (1152, 832), event_id: 254, trigger_script: 8544, state: 1 }
learned exit AreaKey { scene: 17, anchor: (1088, 704) } event=254 -> AreaKey { scene: 17, anchor: (1152, 832) }
area teleport in scene 17 at frame 54655: (1104, 840) -> (1200, 888)
target scene=17 area=(1152, 832) event=254 script=8544 mode=4 state=1 player=(1200, 888) pos=(1184, 880) path=1
learned targeted exit AreaKey { scene: 17, anchor: (1152, 832) } event=254 -> AreaKey { scene: 17, anchor: (1088, 832) }
marked destination touch VisitKey { scene: 17, area: (1088, 832), event_id: 254, trigger_script: 8547, state: 1 }
learned exit AreaKey { scene: 17, anchor: (1152, 832) } event=254 -> AreaKey { scene: 17, anchor: (1088, 832) }
area teleport in scene 17 at frame 54669: (1184, 880) -> (1088, 832)
target scene=17 area=(1088, 832) event=254 script=8547 mode=4 state=1 player=(1088, 832) pos=(1104, 840) path=1
learned targeted exit AreaKey { scene: 17, anchor: (1088, 832) } event=254 -> AreaKey { scene: 17, anchor: (1152, 832) }
marked destination touch VisitKey { scene: 17, area: (1152, 832), event_id: 254, trigger_script: 8544, state: 1 }
learned exit AreaKey { scene: 17, anchor: (1088, 832) } event=254 -> AreaKey { scene: 17, anchor: (1152, 832) }
area teleport in scene 17 at frame 54683: (1104, 840) -> (1200, 888)
target scene=17 area=(1152, 832) event=253 script=8540 mode=4 state=1 player=(1200, 888) pos=(1232, 904) path=2
learned targeted exit AreaKey { scene: 17, anchor: (1152, 832) } event=253 -> AreaKey { scene: 17, anchor: (1408, 960) }
marked destination touch VisitKey { scene: 17, area: (1408, 960), event_id: 253, trigger_script: 8537, state: 1 }
learned exit AreaKey { scene: 17, anchor: (1152, 832) } event=253 -> AreaKey { scene: 17, anchor: (1408, 960) }
area teleport in scene 17 at frame 54712: (1232, 904) -> (1440, 1008)
target scene=17 area=(1408, 960) event=253 script=8537 mode=4 state=1 player=(1440, 1008) pos=(1424, 1000) path=1
learned targeted exit AreaKey { scene: 17, anchor: (1408, 960) } event=253 -> AreaKey { scene: 17, anchor: (1216, 896) }
marked destination touch VisitKey { scene: 17, area: (1216, 896), event_id: 253, trigger_script: 8540, state: 1 }
learned exit AreaKey { scene: 17, anchor: (1408, 960) } event=253 -> AreaKey { scene: 17, anchor: (1216, 896) }
area teleport in scene 17 at frame 54740: (1424, 1000) -> (1216, 896)
target scene=17 area=(1216, 896) event=255 script=8551 mode=4 state=1 player=(1216, 896) pos=(1248, 880) path=2
learned targeted exit AreaKey { scene: 17, anchor: (1216, 896) } event=255 -> AreaKey { scene: 17, anchor: (896, 384) }
marked destination touch VisitKey { scene: 17, area: (896, 384), event_id: 255, trigger_script: 8555, state: 1 }
learned exit AreaKey { scene: 17, anchor: (1216, 896) } event=255 -> AreaKey { scene: 17, anchor: (896, 384) }
area teleport in scene 17 at frame 54861: (1248, 880) -> (912, 408)
target scene=17 area=(896, 384) event=237 script=9193 mode=2 state=2 player=(912, 408) pos=(784, 216) path=31
target scene=17 area=(896, 384) event=255 script=8555 mode=4 state=1 player=(832, 240) pos=(928, 416) path=32
learned targeted exit AreaKey { scene: 17, anchor: (896, 384) } event=255 -> AreaKey { scene: 17, anchor: (1216, 832) }
marked destination touch VisitKey { scene: 17, area: (1216, 832), event_id: 255, trigger_script: 8551, state: 1 }
learned exit AreaKey { scene: 17, anchor: (896, 384) } event=255 -> AreaKey { scene: 17, anchor: (1216, 832) }
area teleport in scene 17 at frame 55043: (928, 416) -> (1232, 888)
target scene=17 area=(1216, 832) event=255 script=8551 mode=4 state=1 player=(1232, 888) pos=(1248, 880) path=1
learned targeted exit AreaKey { scene: 17, anchor: (1216, 832) } event=255 -> AreaKey { scene: 17, anchor: (896, 384) }
marked destination touch VisitKey { scene: 17, area: (896, 384), event_id: 255, trigger_script: 8555, state: 1 }
learned exit AreaKey { scene: 17, anchor: (1216, 832) } event=255 -> AreaKey { scene: 17, anchor: (896, 384) }
area teleport in scene 17 at frame 55163: (1248, 880) -> (912, 408)
target scene=17 area=(896, 384) event=237 script=9193 mode=2 state=2 player=(912, 408) pos=(784, 216) path=31
target scene=17 area=(896, 384) event=255 script=8555 mode=4 state=1 player=(832, 240) pos=(928, 416) path=32
learned targeted exit AreaKey { scene: 17, anchor: (896, 384) } event=255 -> AreaKey { scene: 17, anchor: (1216, 832) }
marked destination touch VisitKey { scene: 17, area: (1216, 832), event_id: 255, trigger_script: 8551, state: 1 }
learned exit AreaKey { scene: 17, anchor: (896, 384) } event=255 -> AreaKey { scene: 17, anchor: (1216, 832) }
area teleport in scene 17 at frame 55345: (928, 416) -> (1232, 888)
target scene=17 area=(1216, 832) event=253 script=8540 mode=4 state=1 player=(1232, 888) pos=(1232, 904) path=2
learned targeted exit AreaKey { scene: 17, anchor: (1216, 832) } event=253 -> AreaKey { scene: 17, anchor: (1408, 960) }
marked destination touch VisitKey { scene: 17, area: (1408, 960), event_id: 253, trigger_script: 8537, state: 1 }
learned exit AreaKey { scene: 17, anchor: (1216, 832) } event=253 -> AreaKey { scene: 17, anchor: (1408, 960) }
area teleport in scene 17 at frame 55374: (1232, 904) -> (1440, 1008)
target scene=17 area=(1408, 960) event=252 script=8530 mode=4 state=1 player=(1440, 1008) pos=(1440, 1056) path=6
learned targeted exit AreaKey { scene: 17, anchor: (1408, 960) } event=252 -> AreaKey { scene: 17, anchor: (1024, 1216) }
marked destination touch VisitKey { scene: 17, area: (1024, 1216), event_id: 252, trigger_script: 8533, state: 1 }
learned exit AreaKey { scene: 17, anchor: (1408, 960) } event=252 -> AreaKey { scene: 17, anchor: (1024, 1216) }
area teleport in scene 17 at frame 55431: (1440, 1056) -> (1040, 1256)
target scene=17 area=(1024, 1216) event=252 script=8533 mode=4 state=1 player=(1040, 1256) pos=(1056, 1248) path=1
learned targeted exit AreaKey { scene: 17, anchor: (1024, 1216) } event=252 -> AreaKey { scene: 17, anchor: (1408, 1024) }
marked destination touch VisitKey { scene: 17, area: (1408, 1024), event_id: 252, trigger_script: 8530, state: 1 }
learned exit AreaKey { scene: 17, anchor: (1024, 1216) } event=252 -> AreaKey { scene: 17, anchor: (1408, 1024) }
area teleport in scene 17 at frame 55483: (1056, 1248) -> (1456, 1048)
target scene=17 area=(1408, 1024) event=251 script=8524 mode=4 state=1 player=(1456, 1048) pos=(1456, 1144) path=16
learned targeted exit AreaKey { scene: 17, anchor: (1408, 1024) } event=251 -> AreaKey { scene: 17, anchor: (1280, 768) }
marked destination touch VisitKey { scene: 17, area: (1280, 768), event_id: 251, trigger_script: 8519, state: 1 }
learned exit AreaKey { scene: 17, anchor: (1408, 1024) } event=251 -> AreaKey { scene: 17, anchor: (1280, 768) }
area teleport in scene 17 at frame 55582: (1456, 1144) -> (1280, 816)
target scene=17 area=(1280, 768) event=251 script=8519 mode=4 state=1 player=(1280, 816) pos=(1296, 824) path=1
learned targeted exit AreaKey { scene: 17, anchor: (1280, 768) } event=251 -> AreaKey { scene: 17, anchor: (1472, 1152) }
marked destination touch VisitKey { scene: 17, area: (1472, 1152), event_id: 251, trigger_script: 8524, state: 1 }
learned exit AreaKey { scene: 17, anchor: (1280, 768) } event=251 -> AreaKey { scene: 17, anchor: (1472, 1152) }
area teleport in scene 17 at frame 55666: (1296, 824) -> (1472, 1152)
target scene=17 area=(1472, 1152) event=251 script=8524 mode=4 state=1 player=(1472, 1152) pos=(1456, 1144) path=1
learned targeted exit AreaKey { scene: 17, anchor: (1472, 1152) } event=251 -> AreaKey { scene: 17, anchor: (1280, 768) }
marked destination touch VisitKey { scene: 17, area: (1280, 768), event_id: 251, trigger_script: 8519, state: 1 }
learned exit AreaKey { scene: 17, anchor: (1472, 1152) } event=251 -> AreaKey { scene: 17, anchor: (1280, 768) }
area teleport in scene 17 at frame 55750: (1456, 1144) -> (1280, 816)
target scene=17 area=(1280, 768) event=251 script=8519 mode=4 state=1 player=(1280, 816) pos=(1296, 824) path=1
learned targeted exit AreaKey { scene: 17, anchor: (1280, 768) } event=251 -> AreaKey { scene: 17, anchor: (1472, 1152) }
marked destination touch VisitKey { scene: 17, area: (1472, 1152), event_id: 251, trigger_script: 8524, state: 1 }
learned exit AreaKey { scene: 17, anchor: (1280, 768) } event=251 -> AreaKey { scene: 17, anchor: (1472, 1152) }
area teleport in scene 17 at frame 55834: (1296, 824) -> (1472, 1152)
target scene=17 area=(1472, 1152) event=252 script=8530 mode=4 state=1 player=(1472, 1152) pos=(1440, 1056) path=16
learned targeted exit AreaKey { scene: 17, anchor: (1472, 1152) } event=252 -> AreaKey { scene: 17, anchor: (1024, 1216) }
marked destination touch VisitKey { scene: 17, area: (1024, 1216), event_id: 252, trigger_script: 8533, state: 1 }
learned exit AreaKey { scene: 17, anchor: (1472, 1152) } event=252 -> AreaKey { scene: 17, anchor: (1024, 1216) }
area teleport in scene 17 at frame 55901: (1440, 1056) -> (1040, 1256)
target scene=17 area=(1024, 1216) event=252 script=8533 mode=4 state=1 player=(1040, 1256) pos=(1056, 1248) path=1
learned targeted exit AreaKey { scene: 17, anchor: (1024, 1216) } event=252 -> AreaKey { scene: 17, anchor: (1408, 1024) }
marked destination touch VisitKey { scene: 17, area: (1408, 1024), event_id: 252, trigger_script: 8530, state: 1 }
learned exit AreaKey { scene: 17, anchor: (1024, 1216) } event=252 -> AreaKey { scene: 17, anchor: (1408, 1024) }
area teleport in scene 17 at frame 55953: (1056, 1248) -> (1456, 1048)
target scene=17 area=(1408, 1024) event=253 script=8537 mode=4 state=1 player=(1456, 1048) pos=(1424, 1000) path=6
learned targeted exit AreaKey { scene: 17, anchor: (1408, 1024) } event=253 -> AreaKey { scene: 17, anchor: (1216, 896) }
marked destination touch VisitKey { scene: 17, area: (1216, 896), event_id: 253, trigger_script: 8540, state: 1 }
learned exit AreaKey { scene: 17, anchor: (1408, 1024) } event=253 -> AreaKey { scene: 17, anchor: (1216, 896) }
area teleport in scene 17 at frame 55986: (1424, 1000) -> (1216, 896)
target scene=17 area=(1216, 896) event=254 script=8544 mode=4 state=1 player=(1216, 896) pos=(1184, 880) path=2
learned targeted exit AreaKey { scene: 17, anchor: (1216, 896) } event=254 -> AreaKey { scene: 17, anchor: (1088, 832) }
marked destination touch VisitKey { scene: 17, area: (1088, 832), event_id: 254, trigger_script: 8547, state: 1 }
learned exit AreaKey { scene: 17, anchor: (1216, 896) } event=254 -> AreaKey { scene: 17, anchor: (1088, 832) }
area teleport in scene 17 at frame 56001: (1184, 880) -> (1088, 832)
target scene=17 area=(1088, 832) event=256 script=8560 mode=4 state=1 player=(1088, 832) pos=(1232, 776) path=9
learned targeted exit AreaKey { scene: 17, anchor: (1088, 832) } event=256 -> AreaKey { scene: 17, anchor: (1280, 512) }
marked destination touch VisitKey { scene: 17, area: (1280, 512), event_id: 256, trigger_script: 8564, state: 1 }
learned exit AreaKey { scene: 17, anchor: (1088, 832) } event=256 -> AreaKey { scene: 17, anchor: (1280, 512) }
area teleport in scene 17 at frame 56063: (1232, 776) -> (1328, 568)
target scene=17 area=(1280, 512) event=264 script=887 mode=1 state=2 player=(1328, 568) pos=(1408, 432) path=44
marked destination touch VisitKey { scene: 17, area: (1024, 448), event_id: 260, trigger_script: 8595, state: 1 }
learned exit AreaKey { scene: 17, anchor: (1280, 512) } event=260 -> AreaKey { scene: 17, anchor: (1024, 448) }
area teleport in scene 17 at frame 56093: (1280, 560) -> (1072, 456)
target scene=17 area=(1024, 448) event=264 script=887 mode=1 state=2 player=(1072, 456) pos=(1408, 432) path=24
target scene=17 area=(1024, 448) event=260 script=8595 mode=4 state=1 player=(1392, 424) pos=(1104, 472) path=26
learned targeted exit AreaKey { scene: 17, anchor: (1024, 448) } event=260 -> AreaKey { scene: 17, anchor: (1280, 512) }
marked destination touch VisitKey { scene: 17, area: (1280, 512), event_id: 260, trigger_script: 8601, state: 1 }
learned exit AreaKey { scene: 17, anchor: (1024, 448) } event=260 -> AreaKey { scene: 17, anchor: (1280, 512) }
area teleport in scene 17 at frame 56168: (1104, 472) -> (1296, 568)
target scene=17 area=(1280, 512) event=257 script=8569 mode=4 state=1 player=(1296, 568) pos=(1344, 560) path=3
learned targeted exit AreaKey { scene: 17, anchor: (1280, 512) } event=257 -> AreaKey { scene: 17, anchor: (1408, 512) }
marked destination touch VisitKey { scene: 17, area: (1408, 512), event_id: 256, trigger_script: 8564, state: 1 }
learned exit AreaKey { scene: 17, anchor: (1280, 512) } event=256 -> AreaKey { scene: 17, anchor: (1408, 512) }
marked destination touch VisitKey { scene: 17, area: (1408, 512), event_id: 257, trigger_script: 8572, state: 1 }
learned exit AreaKey { scene: 17, anchor: (1280, 512) } event=257 -> AreaKey { scene: 17, anchor: (1408, 512) }
area teleport in scene 17 at frame 56182: (1344, 560) -> (1424, 520)
target scene=17 area=(1408, 512) event=257 script=8572 mode=4 state=1 player=(1424, 520) pos=(1408, 528) path=1
learned targeted exit AreaKey { scene: 17, anchor: (1408, 512) } event=257 -> AreaKey { scene: 17, anchor: (1280, 512) }
marked destination touch VisitKey { scene: 17, area: (1280, 512), event_id: 257, trigger_script: 8569, state: 1 }
learned exit AreaKey { scene: 17, anchor: (1408, 512) } event=257 -> AreaKey { scene: 17, anchor: (1280, 512) }
area teleport in scene 17 at frame 56194: (1408, 528) -> (1328, 568)
target scene=17 area=(1280, 512) event=264 script=887 mode=1 state=2 player=(1328, 568) pos=(1408, 432) path=44
marked destination touch VisitKey { scene: 17, area: (1024, 448), event_id: 260, trigger_script: 8595, state: 1 }
learned exit AreaKey { scene: 17, anchor: (1280, 512) } event=260 -> AreaKey { scene: 17, anchor: (1024, 448) }
area teleport in scene 17 at frame 56224: (1280, 560) -> (1072, 456)
target scene=17 area=(1024, 448) event=264 script=887 mode=1 state=2 player=(1072, 456) pos=(1408, 432) path=24
target scene=17 area=(1024, 448) event=260 script=8595 mode=4 state=1 player=(1392, 424) pos=(1104, 472) path=26
checkpoint iterations=10000 scene=17 position=(1248, 448)
learned targeted exit AreaKey { scene: 17, anchor: (1024, 448) } event=260 -> AreaKey { scene: 17, anchor: (1280, 512) }
marked destination touch VisitKey { scene: 17, area: (1280, 512), event_id: 260, trigger_script: 8601, state: 1 }
learned exit AreaKey { scene: 17, anchor: (1024, 448) } event=260 -> AreaKey { scene: 17, anchor: (1280, 512) }
area teleport in scene 17 at frame 56299: (1104, 472) -> (1296, 568)
target scene=17 area=(1280, 512) event=256 script=8564 mode=4 state=1 player=(1296, 568) pos=(1344, 576) path=3
learned targeted exit AreaKey { scene: 17, anchor: (1280, 512) } event=256 -> AreaKey { scene: 17, anchor: (1216, 768) }
marked destination touch VisitKey { scene: 17, area: (1216, 768), event_id: 256, trigger_script: 8560, state: 1 }
learned exit AreaKey { scene: 17, anchor: (1280, 512) } event=256 -> AreaKey { scene: 17, anchor: (1216, 768) }
marked destination touch VisitKey { scene: 17, area: (1216, 768), event_id: 257, trigger_script: 8569, state: 1 }
learned exit AreaKey { scene: 17, anchor: (1280, 512) } event=257 -> AreaKey { scene: 17, anchor: (1216, 768) }
area teleport in scene 17 at frame 56355: (1344, 576) -> (1216, 784)
target scene=17 area=(1216, 768) event=258 script=8576 mode=4 state=1 player=(1216, 784) pos=(1088, 736) path=8
learned targeted exit AreaKey { scene: 17, anchor: (1216, 768) } event=258 -> AreaKey { scene: 17, anchor: (512, 512) }
marked destination touch VisitKey { scene: 17, area: (512, 512), event_id: 258, trigger_script: 8580, state: 1 }
learned exit AreaKey { scene: 17, anchor: (1216, 768) } event=258 -> AreaKey { scene: 17, anchor: (512, 512) }
area teleport in scene 17 at frame 56432: (1088, 736) -> (544, 544)
target scene=17 area=(512, 512) event=258 script=8580 mode=4 state=1 player=(544, 544) pos=(560, 552) path=1
learned targeted exit AreaKey { scene: 17, anchor: (512, 512) } event=258 -> AreaKey { scene: 17, anchor: (1088, 704) }
marked destination touch VisitKey { scene: 17, area: (1088, 704), event_id: 258, trigger_script: 8576, state: 1 }
learned exit AreaKey { scene: 17, anchor: (512, 512) } event=258 -> AreaKey { scene: 17, anchor: (1088, 704) }
area teleport in scene 17 at frame 56502: (560, 552) -> (1104, 728)
target scene=17 area=(1088, 704) event=259 script=8585 mode=4 state=1 player=(1104, 728) pos=(1136, 600) path=16
learned targeted exit AreaKey { scene: 17, anchor: (1088, 704) } event=259 -> AreaKey { scene: 17, anchor: (832, 448) }
marked destination touch VisitKey { scene: 17, area: (832, 448), event_id: 259, trigger_script: 8588, state: 1 }
learned exit AreaKey { scene: 17, anchor: (1088, 704) } event=259 -> AreaKey { scene: 17, anchor: (832, 448) }
area teleport in scene 17 at frame 56557: (1136, 600) -> (832, 448)
target scene=17 area=(832, 448) event=259 script=8588 mode=4 state=1 player=(832, 448) pos=(848, 456) path=1
learned targeted exit AreaKey { scene: 17, anchor: (832, 448) } event=259 -> AreaKey { scene: 17, anchor: (1152, 576) }
marked destination touch VisitKey { scene: 17, area: (1152, 576), event_id: 259, trigger_script: 8585, state: 1 }
learned exit AreaKey { scene: 17, anchor: (832, 448) } event=259 -> AreaKey { scene: 17, anchor: (1152, 576) }
area teleport in scene 17 at frame 56597: (848, 456) -> (1152, 608)
target scene=17 area=(1152, 576) event=259 script=8585 mode=4 state=1 player=(1152, 608) pos=(1136, 600) path=1
learned targeted exit AreaKey { scene: 17, anchor: (1152, 576) } event=259 -> AreaKey { scene: 17, anchor: (832, 448) }
marked destination touch VisitKey { scene: 17, area: (832, 448), event_id: 259, trigger_script: 8588, state: 1 }
learned exit AreaKey { scene: 17, anchor: (1152, 576) } event=259 -> AreaKey { scene: 17, anchor: (832, 448) }
area teleport in scene 17 at frame 56637: (1136, 600) -> (832, 448)
target scene=17 area=(832, 448) event=259 script=8588 mode=4 state=1 player=(832, 448) pos=(848, 456) path=1
learned targeted exit AreaKey { scene: 17, anchor: (832, 448) } event=259 -> AreaKey { scene: 17, anchor: (1152, 576) }
marked destination touch VisitKey { scene: 17, area: (1152, 576), event_id: 259, trigger_script: 8585, state: 1 }
learned exit AreaKey { scene: 17, anchor: (832, 448) } event=259 -> AreaKey { scene: 17, anchor: (1152, 576) }
area teleport in scene 17 at frame 56677: (848, 456) -> (1152, 608)
target scene=17 area=(1152, 576) event=258 script=8576 mode=4 state=1 player=(1152, 608) pos=(1088, 736) path=16
learned targeted exit AreaKey { scene: 17, anchor: (1152, 576) } event=258 -> AreaKey { scene: 17, anchor: (512, 512) }
marked destination touch VisitKey { scene: 17, area: (512, 512), event_id: 258, trigger_script: 8580, state: 1 }
learned exit AreaKey { scene: 17, anchor: (1152, 576) } event=258 -> AreaKey { scene: 17, anchor: (512, 512) }
area teleport in scene 17 at frame 56762: (1088, 736) -> (544, 544)
target scene=17 area=(512, 512) event=258 script=8580 mode=4 state=1 player=(544, 544) pos=(560, 552) path=1
learned targeted exit AreaKey { scene: 17, anchor: (512, 512) } event=258 -> AreaKey { scene: 17, anchor: (1088, 704) }
marked destination touch VisitKey { scene: 17, area: (1088, 704), event_id: 258, trigger_script: 8576, state: 1 }
learned exit AreaKey { scene: 17, anchor: (512, 512) } event=258 -> AreaKey { scene: 17, anchor: (1088, 704) }
area teleport in scene 17 at frame 56832: (560, 552) -> (1104, 728)
target scene=17 area=(1088, 704) event=254 script=8547 mode=4 state=1 player=(1104, 728) pos=(1104, 840) path=14
learned targeted exit AreaKey { scene: 17, anchor: (1088, 704) } event=254 -> AreaKey { scene: 17, anchor: (1152, 832) }
marked destination touch VisitKey { scene: 17, area: (1152, 832), event_id: 254, trigger_script: 8544, state: 1 }
learned exit AreaKey { scene: 17, anchor: (1088, 704) } event=254 -> AreaKey { scene: 17, anchor: (1152, 832) }
area teleport in scene 17 at frame 56859: (1104, 840) -> (1200, 888)
target scene=17 area=(1152, 832) event=254 script=8544 mode=4 state=1 player=(1200, 888) pos=(1184, 880) path=1
learned targeted exit AreaKey { scene: 17, anchor: (1152, 832) } event=254 -> AreaKey { scene: 17, anchor: (1088, 832) }
marked destination touch VisitKey { scene: 17, area: (1088, 832), event_id: 254, trigger_script: 8547, state: 1 }
learned exit AreaKey { scene: 17, anchor: (1152, 832) } event=254 -> AreaKey { scene: 17, anchor: (1088, 832) }
area teleport in scene 17 at frame 56873: (1184, 880) -> (1088, 832)
target scene=17 area=(1088, 832) event=254 script=8547 mode=4 state=1 player=(1088, 832) pos=(1104, 840) path=1
learned targeted exit AreaKey { scene: 17, anchor: (1088, 832) } event=254 -> AreaKey { scene: 17, anchor: (1152, 832) }
marked destination touch VisitKey { scene: 17, area: (1152, 832), event_id: 254, trigger_script: 8544, state: 1 }
learned exit AreaKey { scene: 17, anchor: (1088, 832) } event=254 -> AreaKey { scene: 17, anchor: (1152, 832) }
area teleport in scene 17 at frame 56887: (1104, 840) -> (1200, 888)
target scene=17 area=(1152, 832) event=253 script=8540 mode=4 state=1 player=(1200, 888) pos=(1232, 904) path=2
learned targeted exit AreaKey { scene: 17, anchor: (1152, 832) } event=253 -> AreaKey { scene: 17, anchor: (1408, 960) }
marked destination touch VisitKey { scene: 17, area: (1408, 960), event_id: 253, trigger_script: 8537, state: 1 }
learned exit AreaKey { scene: 17, anchor: (1152, 832) } event=253 -> AreaKey { scene: 17, anchor: (1408, 960) }
area teleport in scene 17 at frame 56916: (1232, 904) -> (1440, 1008)
target scene=17 area=(1408, 960) event=253 script=8537 mode=4 state=1 player=(1440, 1008) pos=(1424, 1000) path=1
learned targeted exit AreaKey { scene: 17, anchor: (1408, 960) } event=253 -> AreaKey { scene: 17, anchor: (1216, 896) }
marked destination touch VisitKey { scene: 17, area: (1216, 896), event_id: 253, trigger_script: 8540, state: 1 }
learned exit AreaKey { scene: 17, anchor: (1408, 960) } event=253 -> AreaKey { scene: 17, anchor: (1216, 896) }
area teleport in scene 17 at frame 56944: (1424, 1000) -> (1216, 896)
target scene=17 area=(1216, 896) event=255 script=8551 mode=4 state=1 player=(1216, 896) pos=(1248, 880) path=2
learned targeted exit AreaKey { scene: 17, anchor: (1216, 896) } event=255 -> AreaKey { scene: 17, anchor: (896, 384) }
marked destination touch VisitKey { scene: 17, area: (896, 384), event_id: 255, trigger_script: 8555, state: 1 }
learned exit AreaKey { scene: 17, anchor: (1216, 896) } event=255 -> AreaKey { scene: 17, anchor: (896, 384) }
area teleport in scene 17 at frame 57065: (1248, 880) -> (912, 408)
target scene=17 area=(896, 384) event=237 script=9193 mode=2 state=2 player=(912, 408) pos=(784, 216) path=31
target scene=17 area=(896, 384) event=255 script=8555 mode=4 state=1 player=(832, 240) pos=(928, 416) path=32
learned targeted exit AreaKey { scene: 17, anchor: (896, 384) } event=255 -> AreaKey { scene: 17, anchor: (1216, 832) }
marked destination touch VisitKey { scene: 17, area: (1216, 832), event_id: 255, trigger_script: 8551, state: 1 }
learned exit AreaKey { scene: 17, anchor: (896, 384) } event=255 -> AreaKey { scene: 17, anchor: (1216, 832) }
area teleport in scene 17 at frame 57247: (928, 416) -> (1232, 888)
target scene=17 area=(1216, 832) event=255 script=8551 mode=4 state=1 player=(1232, 888) pos=(1248, 880) path=1
learned targeted exit AreaKey { scene: 17, anchor: (1216, 832) } event=255 -> AreaKey { scene: 17, anchor: (896, 384) }
marked destination touch VisitKey { scene: 17, area: (896, 384), event_id: 255, trigger_script: 8555, state: 1 }
learned exit AreaKey { scene: 17, anchor: (1216, 832) } event=255 -> AreaKey { scene: 17, anchor: (896, 384) }
area teleport in scene 17 at frame 57367: (1248, 880) -> (912, 408)
target scene=17 area=(896, 384) event=237 script=9193 mode=2 state=2 player=(912, 408) pos=(784, 216) path=31
target scene=17 area=(896, 384) event=255 script=8555 mode=4 state=1 player=(832, 240) pos=(928, 416) path=32
learned targeted exit AreaKey { scene: 17, anchor: (896, 384) } event=255 -> AreaKey { scene: 17, anchor: (1216, 832) }
marked destination touch VisitKey { scene: 17, area: (1216, 832), event_id: 255, trigger_script: 8551, state: 1 }
learned exit AreaKey { scene: 17, anchor: (896, 384) } event=255 -> AreaKey { scene: 17, anchor: (1216, 832) }
area teleport in scene 17 at frame 57549: (928, 416) -> (1232, 888)
target scene=17 area=(1216, 832) event=253 script=8540 mode=4 state=1 player=(1232, 888) pos=(1232, 904) path=2
learned targeted exit AreaKey { scene: 17, anchor: (1216, 832) } event=253 -> AreaKey { scene: 17, anchor: (1408, 960) }
marked destination touch VisitKey { scene: 17, area: (1408, 960), event_id: 253, trigger_script: 8537, state: 1 }
learned exit AreaKey { scene: 17, anchor: (1216, 832) } event=253 -> AreaKey { scene: 17, anchor: (1408, 960) }
area teleport in scene 17 at frame 57578: (1232, 904) -> (1440, 1008)
target scene=17 area=(1408, 960) event=252 script=8530 mode=4 state=1 player=(1440, 1008) pos=(1440, 1056) path=6
learned targeted exit AreaKey { scene: 17, anchor: (1408, 960) } event=252 -> AreaKey { scene: 17, anchor: (1024, 1216) }
marked destination touch VisitKey { scene: 17, area: (1024, 1216), event_id: 252, trigger_script: 8533, state: 1 }
learned exit AreaKey { scene: 17, anchor: (1408, 960) } event=252 -> AreaKey { scene: 17, anchor: (1024, 1216) }
area teleport in scene 17 at frame 57635: (1440, 1056) -> (1040, 1256)
target scene=17 area=(1024, 1216) event=252 script=8533 mode=4 state=1 player=(1040, 1256) pos=(1056, 1248) path=1
learned targeted exit AreaKey { scene: 17, anchor: (1024, 1216) } event=252 -> AreaKey { scene: 17, anchor: (1408, 1024) }
marked destination touch VisitKey { scene: 17, area: (1408, 1024), event_id: 252, trigger_script: 8530, state: 1 }
learned exit AreaKey { scene: 17, anchor: (1024, 1216) } event=252 -> AreaKey { scene: 17, anchor: (1408, 1024) }
area teleport in scene 17 at frame 57687: (1056, 1248) -> (1456, 1048)
target scene=17 area=(1408, 1024) event=251 script=8524 mode=4 state=1 player=(1456, 1048) pos=(1456, 1144) path=16
learned targeted exit AreaKey { scene: 17, anchor: (1408, 1024) } event=251 -> AreaKey { scene: 17, anchor: (1280, 768) }
marked destination touch VisitKey { scene: 17, area: (1280, 768), event_id: 251, trigger_script: 8519, state: 1 }
learned exit AreaKey { scene: 17, anchor: (1408, 1024) } event=251 -> AreaKey { scene: 17, anchor: (1280, 768) }
area teleport in scene 17 at frame 57786: (1456, 1144) -> (1280, 816)
target scene=17 area=(1280, 768) event=251 script=8519 mode=4 state=1 player=(1280, 816) pos=(1296, 824) path=1
learned targeted exit AreaKey { scene: 17, anchor: (1280, 768) } event=251 -> AreaKey { scene: 17, anchor: (1472, 1152) }
marked destination touch VisitKey { scene: 17, area: (1472, 1152), event_id: 251, trigger_script: 8524, state: 1 }
learned exit AreaKey { scene: 17, anchor: (1280, 768) } event=251 -> AreaKey { scene: 17, anchor: (1472, 1152) }
area teleport in scene 17 at frame 57870: (1296, 824) -> (1472, 1152)
target scene=17 area=(1472, 1152) event=251 script=8524 mode=4 state=1 player=(1472, 1152) pos=(1456, 1144) path=1
learned targeted exit AreaKey { scene: 17, anchor: (1472, 1152) } event=251 -> AreaKey { scene: 17, anchor: (1280, 768) }
marked destination touch VisitKey { scene: 17, area: (1280, 768), event_id: 251, trigger_script: 8519, state: 1 }
learned exit AreaKey { scene: 17, anchor: (1472, 1152) } event=251 -> AreaKey { scene: 17, anchor: (1280, 768) }
area teleport in scene 17 at frame 57954: (1456, 1144) -> (1280, 816)
target scene=17 area=(1280, 768) event=251 script=8519 mode=4 state=1 player=(1280, 816) pos=(1296, 824) path=1
learned targeted exit AreaKey { scene: 17, anchor: (1280, 768) } event=251 -> AreaKey { scene: 17, anchor: (1472, 1152) }
marked destination touch VisitKey { scene: 17, area: (1472, 1152), event_id: 251, trigger_script: 8524, state: 1 }
learned exit AreaKey { scene: 17, anchor: (1280, 768) } event=251 -> AreaKey { scene: 17, anchor: (1472, 1152) }
area teleport in scene 17 at frame 58038: (1296, 824) -> (1472, 1152)
target scene=17 area=(1472, 1152) event=252 script=8530 mode=4 state=1 player=(1472, 1152) pos=(1440, 1056) path=16
learned targeted exit AreaKey { scene: 17, anchor: (1472, 1152) } event=252 -> AreaKey { scene: 17, anchor: (1024, 1216) }
marked destination touch VisitKey { scene: 17, area: (1024, 1216), event_id: 252, trigger_script: 8533, state: 1 }
learned exit AreaKey { scene: 17, anchor: (1472, 1152) } event=252 -> AreaKey { scene: 17, anchor: (1024, 1216) }
area teleport in scene 17 at frame 58105: (1440, 1056) -> (1040, 1256)
target scene=17 area=(1024, 1216) event=252 script=8533 mode=4 state=1 player=(1040, 1256) pos=(1056, 1248) path=1
learned targeted exit AreaKey { scene: 17, anchor: (1024, 1216) } event=252 -> AreaKey { scene: 17, anchor: (1408, 1024) }
marked destination touch VisitKey { scene: 17, area: (1408, 1024), event_id: 252, trigger_script: 8530, state: 1 }
learned exit AreaKey { scene: 17, anchor: (1024, 1216) } event=252 -> AreaKey { scene: 17, anchor: (1408, 1024) }
area teleport in scene 17 at frame 58157: (1056, 1248) -> (1456, 1048)
target scene=17 area=(1408, 1024) event=253 script=8537 mode=4 state=1 player=(1456, 1048) pos=(1424, 1000) path=6
learned targeted exit AreaKey { scene: 17, anchor: (1408, 1024) } event=253 -> AreaKey { scene: 17, anchor: (1216, 896) }
marked destination touch VisitKey { scene: 17, area: (1216, 896), event_id: 253, trigger_script: 8540, state: 1 }
learned exit AreaKey { scene: 17, anchor: (1408, 1024) } event=253 -> AreaKey { scene: 17, anchor: (1216, 896) }
area teleport in scene 17 at frame 58190: (1424, 1000) -> (1216, 896)
target scene=17 area=(1216, 896) event=254 script=8544 mode=4 state=1 player=(1216, 896) pos=(1184, 880) path=2
learned targeted exit AreaKey { scene: 17, anchor: (1216, 896) } event=254 -> AreaKey { scene: 17, anchor: (1088, 832) }
marked destination touch VisitKey { scene: 17, area: (1088, 832), event_id: 254, trigger_script: 8547, state: 1 }
learned exit AreaKey { scene: 17, anchor: (1216, 896) } event=254 -> AreaKey { scene: 17, anchor: (1088, 832) }
area teleport in scene 17 at frame 58205: (1184, 880) -> (1088, 832)
target scene=17 area=(1088, 832) event=258 script=8576 mode=4 state=1 player=(1088, 832) pos=(1088, 736) path=14
learned targeted exit AreaKey { scene: 17, anchor: (1088, 832) } event=258 -> AreaKey { scene: 17, anchor: (512, 512) }
marked destination touch VisitKey { scene: 17, area: (512, 512), event_id: 258, trigger_script: 8580, state: 1 }
learned exit AreaKey { scene: 17, anchor: (1088, 832) } event=258 -> AreaKey { scene: 17, anchor: (512, 512) }
area teleport in scene 17 at frame 58288: (1088, 736) -> (544, 544)
target scene=17 area=(512, 512) event=258 script=8580 mode=4 state=1 player=(544, 544) pos=(560, 552) path=1
learned targeted exit AreaKey { scene: 17, anchor: (512, 512) } event=258 -> AreaKey { scene: 17, anchor: (1088, 704) }
marked destination touch VisitKey { scene: 17, area: (1088, 704), event_id: 258, trigger_script: 8576, state: 1 }
learned exit AreaKey { scene: 17, anchor: (512, 512) } event=258 -> AreaKey { scene: 17, anchor: (1088, 704) }
area teleport in scene 17 at frame 58358: (560, 552) -> (1104, 728)
target scene=17 area=(1088, 704) event=259 script=8585 mode=4 state=1 player=(1104, 728) pos=(1136, 600) path=16
learned targeted exit AreaKey { scene: 17, anchor: (1088, 704) } event=259 -> AreaKey { scene: 17, anchor: (832, 448) }
marked destination touch VisitKey { scene: 17, area: (832, 448), event_id: 259, trigger_script: 8588, state: 1 }
learned exit AreaKey { scene: 17, anchor: (1088, 704) } event=259 -> AreaKey { scene: 17, anchor: (832, 448) }
area teleport in scene 17 at frame 58413: (1136, 600) -> (832, 448)
target scene=17 area=(832, 448) event=259 script=8588 mode=4 state=1 player=(832, 448) pos=(848, 456) path=1
learned targeted exit AreaKey { scene: 17, anchor: (832, 448) } event=259 -> AreaKey { scene: 17, anchor: (1152, 576) }
marked destination touch VisitKey { scene: 17, area: (1152, 576), event_id: 259, trigger_script: 8585, state: 1 }
learned exit AreaKey { scene: 17, anchor: (832, 448) } event=259 -> AreaKey { scene: 17, anchor: (1152, 576) }
area teleport in scene 17 at frame 58453: (848, 456) -> (1152, 608)
target scene=17 area=(1152, 576) event=259 script=8585 mode=4 state=1 player=(1152, 608) pos=(1136, 600) path=1
learned targeted exit AreaKey { scene: 17, anchor: (1152, 576) } event=259 -> AreaKey { scene: 17, anchor: (832, 448) }
marked destination touch VisitKey { scene: 17, area: (832, 448), event_id: 259, trigger_script: 8588, state: 1 }
learned exit AreaKey { scene: 17, anchor: (1152, 576) } event=259 -> AreaKey { scene: 17, anchor: (832, 448) }
area teleport in scene 17 at frame 58493: (1136, 600) -> (832, 448)
target scene=17 area=(832, 448) event=259 script=8588 mode=4 state=1 player=(832, 448) pos=(848, 456) path=1
learned targeted exit AreaKey { scene: 17, anchor: (832, 448) } event=259 -> AreaKey { scene: 17, anchor: (1152, 576) }
marked destination touch VisitKey { scene: 17, area: (1152, 576), event_id: 259, trigger_script: 8585, state: 1 }
learned exit AreaKey { scene: 17, anchor: (832, 448) } event=259 -> AreaKey { scene: 17, anchor: (1152, 576) }
area teleport in scene 17 at frame 58533: (848, 456) -> (1152, 608)
target scene=17 area=(1152, 576) event=258 script=8576 mode=4 state=1 player=(1152, 608) pos=(1088, 736) path=16
learned targeted exit AreaKey { scene: 17, anchor: (1152, 576) } event=258 -> AreaKey { scene: 17, anchor: (512, 512) }
marked destination touch VisitKey { scene: 17, area: (512, 512), event_id: 258, trigger_script: 8580, state: 1 }
learned exit AreaKey { scene: 17, anchor: (1152, 576) } event=258 -> AreaKey { scene: 17, anchor: (512, 512) }
area teleport in scene 17 at frame 58618: (1088, 736) -> (544, 544)
target scene=17 area=(512, 512) event=258 script=8580 mode=4 state=1 player=(544, 544) pos=(560, 552) path=1
learned targeted exit AreaKey { scene: 17, anchor: (512, 512) } event=258 -> AreaKey { scene: 17, anchor: (1088, 704) }
marked destination touch VisitKey { scene: 17, area: (1088, 704), event_id: 258, trigger_script: 8576, state: 1 }
learned exit AreaKey { scene: 17, anchor: (512, 512) } event=258 -> AreaKey { scene: 17, anchor: (1088, 704) }
area teleport in scene 17 at frame 58688: (560, 552) -> (1104, 728)
target scene=17 area=(1088, 704) event=254 script=8547 mode=4 state=1 player=(1104, 728) pos=(1104, 840) path=14
learned targeted exit AreaKey { scene: 17, anchor: (1088, 704) } event=254 -> AreaKey { scene: 17, anchor: (1152, 832) }
marked destination touch VisitKey { scene: 17, area: (1152, 832), event_id: 254, trigger_script: 8544, state: 1 }
learned exit AreaKey { scene: 17, anchor: (1088, 704) } event=254 -> AreaKey { scene: 17, anchor: (1152, 832) }
area teleport in scene 17 at frame 58715: (1104, 840) -> (1200, 888)
target scene=17 area=(1152, 832) event=254 script=8544 mode=4 state=1 player=(1200, 888) pos=(1184, 880) path=1
learned targeted exit AreaKey { scene: 17, anchor: (1152, 832) } event=254 -> AreaKey { scene: 17, anchor: (1088, 832) }
marked destination touch VisitKey { scene: 17, area: (1088, 832), event_id: 254, trigger_script: 8547, state: 1 }
learned exit AreaKey { scene: 17, anchor: (1152, 832) } event=254 -> AreaKey { scene: 17, anchor: (1088, 832) }
area teleport in scene 17 at frame 58729: (1184, 880) -> (1088, 832)
target scene=17 area=(1088, 832) event=254 script=8547 mode=4 state=1 player=(1088, 832) pos=(1104, 840) path=1
learned targeted exit AreaKey { scene: 17, anchor: (1088, 832) } event=254 -> AreaKey { scene: 17, anchor: (1152, 832) }
marked destination touch VisitKey { scene: 17, area: (1152, 832), event_id: 254, trigger_script: 8544, state: 1 }
learned exit AreaKey { scene: 17, anchor: (1088, 832) } event=254 -> AreaKey { scene: 17, anchor: (1152, 832) }
area teleport in scene 17 at frame 58743: (1104, 840) -> (1200, 888)
target scene=17 area=(1152, 832) event=253 script=8540 mode=4 state=1 player=(1200, 888) pos=(1232, 904) path=2
learned targeted exit AreaKey { scene: 17, anchor: (1152, 832) } event=253 -> AreaKey { scene: 17, anchor: (1408, 960) }
marked destination touch VisitKey { scene: 17, area: (1408, 960), event_id: 253, trigger_script: 8537, state: 1 }
learned exit AreaKey { scene: 17, anchor: (1152, 832) } event=253 -> AreaKey { scene: 17, anchor: (1408, 960) }
area teleport in scene 17 at frame 58772: (1232, 904) -> (1440, 1008)
target scene=17 area=(1408, 960) event=253 script=8537 mode=4 state=1 player=(1440, 1008) pos=(1424, 1000) path=1
learned targeted exit AreaKey { scene: 17, anchor: (1408, 960) } event=253 -> AreaKey { scene: 17, anchor: (1216, 896) }
marked destination touch VisitKey { scene: 17, area: (1216, 896), event_id: 253, trigger_script: 8540, state: 1 }
learned exit AreaKey { scene: 17, anchor: (1408, 960) } event=253 -> AreaKey { scene: 17, anchor: (1216, 896) }
area teleport in scene 17 at frame 58800: (1424, 1000) -> (1216, 896)
target scene=17 area=(1216, 896) event=255 script=8551 mode=4 state=1 player=(1216, 896) pos=(1248, 880) path=2
learned targeted exit AreaKey { scene: 17, anchor: (1216, 896) } event=255 -> AreaKey { scene: 17, anchor: (896, 384) }
marked destination touch VisitKey { scene: 17, area: (896, 384), event_id: 255, trigger_script: 8555, state: 1 }
learned exit AreaKey { scene: 17, anchor: (1216, 896) } event=255 -> AreaKey { scene: 17, anchor: (896, 384) }
area teleport in scene 17 at frame 58921: (1248, 880) -> (912, 408)
target scene=17 area=(896, 384) event=237 script=9193 mode=2 state=2 player=(912, 408) pos=(784, 216) path=31
target scene=17 area=(896, 384) event=255 script=8555 mode=4 state=1 player=(832, 240) pos=(928, 416) path=32
learned targeted exit AreaKey { scene: 17, anchor: (896, 384) } event=255 -> AreaKey { scene: 17, anchor: (1216, 832) }
marked destination touch VisitKey { scene: 17, area: (1216, 832), event_id: 255, trigger_script: 8551, state: 1 }
learned exit AreaKey { scene: 17, anchor: (896, 384) } event=255 -> AreaKey { scene: 17, anchor: (1216, 832) }
area teleport in scene 17 at frame 59103: (928, 416) -> (1232, 888)
target scene=17 area=(1216, 832) event=255 script=8551 mode=4 state=1 player=(1232, 888) pos=(1248, 880) path=1
learned targeted exit AreaKey { scene: 17, anchor: (1216, 832) } event=255 -> AreaKey { scene: 17, anchor: (896, 384) }
marked destination touch VisitKey { scene: 17, area: (896, 384), event_id: 255, trigger_script: 8555, state: 1 }
learned exit AreaKey { scene: 17, anchor: (1216, 832) } event=255 -> AreaKey { scene: 17, anchor: (896, 384) }
area teleport in scene 17 at frame 59223: (1248, 880) -> (912, 408)
target scene=17 area=(896, 384) event=237 script=9193 mode=2 state=2 player=(912, 408) pos=(784, 216) path=31
target scene=17 area=(896, 384) event=255 script=8555 mode=4 state=1 player=(832, 240) pos=(928, 416) path=32
learned targeted exit AreaKey { scene: 17, anchor: (896, 384) } event=255 -> AreaKey { scene: 17, anchor: (1216, 832) }
marked destination touch VisitKey { scene: 17, area: (1216, 832), event_id: 255, trigger_script: 8551, state: 1 }
learned exit AreaKey { scene: 17, anchor: (896, 384) } event=255 -> AreaKey { scene: 17, anchor: (1216, 832) }
area teleport in scene 17 at frame 59405: (928, 416) -> (1232, 888)
target scene=17 area=(1216, 832) event=253 script=8540 mode=4 state=1 player=(1232, 888) pos=(1232, 904) path=2
learned targeted exit AreaKey { scene: 17, anchor: (1216, 832) } event=253 -> AreaKey { scene: 17, anchor: (1408, 960) }
marked destination touch VisitKey { scene: 17, area: (1408, 960), event_id: 253, trigger_script: 8537, state: 1 }
learned exit AreaKey { scene: 17, anchor: (1216, 832) } event=253 -> AreaKey { scene: 17, anchor: (1408, 960) }
area teleport in scene 17 at frame 59434: (1232, 904) -> (1440, 1008)
target scene=17 area=(1408, 960) event=252 script=8530 mode=4 state=1 player=(1440, 1008) pos=(1440, 1056) path=6
learned targeted exit AreaKey { scene: 17, anchor: (1408, 960) } event=252 -> AreaKey { scene: 17, anchor: (1024, 1216) }
marked destination touch VisitKey { scene: 17, area: (1024, 1216), event_id: 252, trigger_script: 8533, state: 1 }
learned exit AreaKey { scene: 17, anchor: (1408, 960) } event=252 -> AreaKey { scene: 17, anchor: (1024, 1216) }
area teleport in scene 17 at frame 59491: (1440, 1056) -> (1040, 1256)
target scene=17 area=(1024, 1216) event=252 script=8533 mode=4 state=1 player=(1040, 1256) pos=(1056, 1248) path=1
learned targeted exit AreaKey { scene: 17, anchor: (1024, 1216) } event=252 -> AreaKey { scene: 17, anchor: (1408, 1024) }
marked destination touch VisitKey { scene: 17, area: (1408, 1024), event_id: 252, trigger_script: 8530, state: 1 }
learned exit AreaKey { scene: 17, anchor: (1024, 1216) } event=252 -> AreaKey { scene: 17, anchor: (1408, 1024) }
area teleport in scene 17 at frame 59543: (1056, 1248) -> (1456, 1048)
target scene=17 area=(1408, 1024) event=251 script=8524 mode=4 state=1 player=(1456, 1048) pos=(1456, 1144) path=16
learned targeted exit AreaKey { scene: 17, anchor: (1408, 1024) } event=251 -> AreaKey { scene: 17, anchor: (1280, 768) }
marked destination touch VisitKey { scene: 17, area: (1280, 768), event_id: 251, trigger_script: 8519, state: 1 }
learned exit AreaKey { scene: 17, anchor: (1408, 1024) } event=251 -> AreaKey { scene: 17, anchor: (1280, 768) }
area teleport in scene 17 at frame 59642: (1456, 1144) -> (1280, 816)
target scene=17 area=(1280, 768) event=251 script=8519 mode=4 state=1 player=(1280, 816) pos=(1296, 824) path=1
learned targeted exit AreaKey { scene: 17, anchor: (1280, 768) } event=251 -> AreaKey { scene: 17, anchor: (1472, 1152) }
marked destination touch VisitKey { scene: 17, area: (1472, 1152), event_id: 251, trigger_script: 8524, state: 1 }
learned exit AreaKey { scene: 17, anchor: (1280, 768) } event=251 -> AreaKey { scene: 17, anchor: (1472, 1152) }
area teleport in scene 17 at frame 59726: (1296, 824) -> (1472, 1152)
target scene=17 area=(1472, 1152) event=251 script=8524 mode=4 state=1 player=(1472, 1152) pos=(1456, 1144) path=1
learned targeted exit AreaKey { scene: 17, anchor: (1472, 1152) } event=251 -> AreaKey { scene: 17, anchor: (1280, 768) }
marked destination touch VisitKey { scene: 17, area: (1280, 768), event_id: 251, trigger_script: 8519, state: 1 }
learned exit AreaKey { scene: 17, anchor: (1472, 1152) } event=251 -> AreaKey { scene: 17, anchor: (1280, 768) }
area teleport in scene 17 at frame 59810: (1456, 1144) -> (1280, 816)
target scene=17 area=(1280, 768) event=251 script=8519 mode=4 state=1 player=(1280, 816) pos=(1296, 824) path=1
learned targeted exit AreaKey { scene: 17, anchor: (1280, 768) } event=251 -> AreaKey { scene: 17, anchor: (1472, 1152) }
marked destination touch VisitKey { scene: 17, area: (1472, 1152), event_id: 251, trigger_script: 8524, state: 1 }
learned exit AreaKey { scene: 17, anchor: (1280, 768) } event=251 -> AreaKey { scene: 17, anchor: (1472, 1152) }
area teleport in scene 17 at frame 59894: (1296, 824) -> (1472, 1152)
target scene=17 area=(1472, 1152) event=252 script=8530 mode=4 state=1 player=(1472, 1152) pos=(1440, 1056) path=16
learned targeted exit AreaKey { scene: 17, anchor: (1472, 1152) } event=252 -> AreaKey { scene: 17, anchor: (1024, 1216) }
marked destination touch VisitKey { scene: 17, area: (1024, 1216), event_id: 252, trigger_script: 8533, state: 1 }
learned exit AreaKey { scene: 17, anchor: (1472, 1152) } event=252 -> AreaKey { scene: 17, anchor: (1024, 1216) }
area teleport in scene 17 at frame 59961: (1440, 1056) -> (1040, 1256)
target scene=17 area=(1024, 1216) event=252 script=8533 mode=4 state=1 player=(1040, 1256) pos=(1056, 1248) path=1
learned targeted exit AreaKey { scene: 17, anchor: (1024, 1216) } event=252 -> AreaKey { scene: 17, anchor: (1408, 1024) }
marked destination touch VisitKey { scene: 17, area: (1408, 1024), event_id: 252, trigger_script: 8530, state: 1 }
learned exit AreaKey { scene: 17, anchor: (1024, 1216) } event=252 -> AreaKey { scene: 17, anchor: (1408, 1024) }
area teleport in scene 17 at frame 60013: (1056, 1248) -> (1456, 1048)
target scene=17 area=(1408, 1024) event=253 script=8537 mode=4 state=1 player=(1456, 1048) pos=(1424, 1000) path=6
learned targeted exit AreaKey { scene: 17, anchor: (1408, 1024) } event=253 -> AreaKey { scene: 17, anchor: (1216, 896) }
marked destination touch VisitKey { scene: 17, area: (1216, 896), event_id: 253, trigger_script: 8540, state: 1 }
learned exit AreaKey { scene: 17, anchor: (1408, 1024) } event=253 -> AreaKey { scene: 17, anchor: (1216, 896) }
area teleport in scene 17 at frame 60046: (1424, 1000) -> (1216, 896)
target scene=17 area=(1216, 896) event=254 script=8544 mode=4 state=1 player=(1216, 896) pos=(1184, 880) path=2
learned targeted exit AreaKey { scene: 17, anchor: (1216, 896) } event=254 -> AreaKey { scene: 17, anchor: (1088, 832) }
marked destination touch VisitKey { scene: 17, area: (1088, 832), event_id: 254, trigger_script: 8547, state: 1 }
learned exit AreaKey { scene: 17, anchor: (1216, 896) } event=254 -> AreaKey { scene: 17, anchor: (1088, 832) }
area teleport in scene 17 at frame 60061: (1184, 880) -> (1088, 832)
target scene=17 area=(1088, 832) event=256 script=8560 mode=4 state=1 player=(1088, 832) pos=(1232, 776) path=9
learned targeted exit AreaKey { scene: 17, anchor: (1088, 832) } event=256 -> AreaKey { scene: 17, anchor: (1280, 512) }
marked destination touch VisitKey { scene: 17, area: (1280, 512), event_id: 256, trigger_script: 8564, state: 1 }
learned exit AreaKey { scene: 17, anchor: (1088, 832) } event=256 -> AreaKey { scene: 17, anchor: (1280, 512) }
area teleport in scene 17 at frame 60123: (1232, 776) -> (1328, 568)
target scene=17 area=(1280, 512) event=264 script=887 mode=1 state=2 player=(1328, 568) pos=(1408, 432) path=44
marked destination touch VisitKey { scene: 17, area: (1024, 448), event_id: 260, trigger_script: 8595, state: 1 }
learned exit AreaKey { scene: 17, anchor: (1280, 512) } event=260 -> AreaKey { scene: 17, anchor: (1024, 448) }
area teleport in scene 17 at frame 60153: (1280, 560) -> (1072, 456)
target scene=17 area=(1024, 448) event=264 script=887 mode=1 state=2 player=(1072, 456) pos=(1408, 432) path=24
target scene=17 area=(1024, 448) event=260 script=8595 mode=4 state=1 player=(1392, 424) pos=(1104, 472) path=26
learned targeted exit AreaKey { scene: 17, anchor: (1024, 448) } event=260 -> AreaKey { scene: 17, anchor: (1280, 512) }
marked destination touch VisitKey { scene: 17, area: (1280, 512), event_id: 260, trigger_script: 8601, state: 1 }
learned exit AreaKey { scene: 17, anchor: (1024, 448) } event=260 -> AreaKey { scene: 17, anchor: (1280, 512) }
area teleport in scene 17 at frame 60228: (1104, 472) -> (1296, 568)
target scene=17 area=(1280, 512) event=257 script=8569 mode=4 state=1 player=(1296, 568) pos=(1344, 560) path=3
learned targeted exit AreaKey { scene: 17, anchor: (1280, 512) } event=257 -> AreaKey { scene: 17, anchor: (1408, 512) }
marked destination touch VisitKey { scene: 17, area: (1408, 512), event_id: 256, trigger_script: 8564, state: 1 }
learned exit AreaKey { scene: 17, anchor: (1280, 512) } event=256 -> AreaKey { scene: 17, anchor: (1408, 512) }
marked destination touch VisitKey { scene: 17, area: (1408, 512), event_id: 257, trigger_script: 8572, state: 1 }
learned exit AreaKey { scene: 17, anchor: (1280, 512) } event=257 -> AreaKey { scene: 17, anchor: (1408, 512) }
area teleport in scene 17 at frame 60242: (1344, 560) -> (1424, 520)
target scene=17 area=(1408, 512) event=257 script=8572 mode=4 state=1 player=(1424, 520) pos=(1408, 528) path=1
learned targeted exit AreaKey { scene: 17, anchor: (1408, 512) } event=257 -> AreaKey { scene: 17, anchor: (1280, 512) }
marked destination touch VisitKey { scene: 17, area: (1280, 512), event_id: 257, trigger_script: 8569, state: 1 }
learned exit AreaKey { scene: 17, anchor: (1408, 512) } event=257 -> AreaKey { scene: 17, anchor: (1280, 512) }
area teleport in scene 17 at frame 60254: (1408, 528) -> (1328, 568)
target scene=17 area=(1280, 512) event=264 script=887 mode=1 state=2 player=(1328, 568) pos=(1408, 432) path=44
marked destination touch VisitKey { scene: 17, area: (1024, 448), event_id: 260, trigger_script: 8595, state: 1 }
learned exit AreaKey { scene: 17, anchor: (1280, 512) } event=260 -> AreaKey { scene: 17, anchor: (1024, 448) }
area teleport in scene 17 at frame 60284: (1280, 560) -> (1072, 456)
target scene=17 area=(1024, 448) event=264 script=887 mode=1 state=2 player=(1072, 456) pos=(1408, 432) path=24
target scene=17 area=(1024, 448) event=260 script=8595 mode=4 state=1 player=(1392, 424) pos=(1104, 472) path=26
learned targeted exit AreaKey { scene: 17, anchor: (1024, 448) } event=260 -> AreaKey { scene: 17, anchor: (1280, 512) }
marked destination touch VisitKey { scene: 17, area: (1280, 512), event_id: 260, trigger_script: 8601, state: 1 }
learned exit AreaKey { scene: 17, anchor: (1024, 448) } event=260 -> AreaKey { scene: 17, anchor: (1280, 512) }
area teleport in scene 17 at frame 60359: (1104, 472) -> (1296, 568)
target scene=17 area=(1280, 512) event=256 script=8564 mode=4 state=1 player=(1296, 568) pos=(1344, 576) path=3
learned targeted exit AreaKey { scene: 17, anchor: (1280, 512) } event=256 -> AreaKey { scene: 17, anchor: (1216, 768) }
marked destination touch VisitKey { scene: 17, area: (1216, 768), event_id: 256, trigger_script: 8560, state: 1 }
learned exit AreaKey { scene: 17, anchor: (1280, 512) } event=256 -> AreaKey { scene: 17, anchor: (1216, 768) }
marked destination touch VisitKey { scene: 17, area: (1216, 768), event_id: 257, trigger_script: 8569, state: 1 }
learned exit AreaKey { scene: 17, anchor: (1280, 512) } event=257 -> AreaKey { scene: 17, anchor: (1216, 768) }
area teleport in scene 17 at frame 60415: (1344, 576) -> (1216, 784)
target scene=17 area=(1216, 768) event=258 script=8576 mode=4 state=1 player=(1216, 784) pos=(1088, 736) path=8
learned targeted exit AreaKey { scene: 17, anchor: (1216, 768) } event=258 -> AreaKey { scene: 17, anchor: (512, 512) }
marked destination touch VisitKey { scene: 17, area: (512, 512), event_id: 258, trigger_script: 8580, state: 1 }
learned exit AreaKey { scene: 17, anchor: (1216, 768) } event=258 -> AreaKey { scene: 17, anchor: (512, 512) }
area teleport in scene 17 at frame 60492: (1088, 736) -> (544, 544)
target scene=17 area=(512, 512) event=258 script=8580 mode=4 state=1 player=(544, 544) pos=(560, 552) path=1
learned targeted exit AreaKey { scene: 17, anchor: (512, 512) } event=258 -> AreaKey { scene: 17, anchor: (1088, 704) }
marked destination touch VisitKey { scene: 17, area: (1088, 704), event_id: 258, trigger_script: 8576, state: 1 }
learned exit AreaKey { scene: 17, anchor: (512, 512) } event=258 -> AreaKey { scene: 17, anchor: (1088, 704) }
area teleport in scene 17 at frame 60562: (560, 552) -> (1104, 728)
target scene=17 area=(1088, 704) event=259 script=8585 mode=4 state=1 player=(1104, 728) pos=(1136, 600) path=16
learned targeted exit AreaKey { scene: 17, anchor: (1088, 704) } event=259 -> AreaKey { scene: 17, anchor: (832, 448) }
marked destination touch VisitKey { scene: 17, area: (832, 448), event_id: 259, trigger_script: 8588, state: 1 }
learned exit AreaKey { scene: 17, anchor: (1088, 704) } event=259 -> AreaKey { scene: 17, anchor: (832, 448) }
area teleport in scene 17 at frame 60617: (1136, 600) -> (832, 448)
target scene=17 area=(832, 448) event=259 script=8588 mode=4 state=1 player=(832, 448) pos=(848, 456) path=1
learned targeted exit AreaKey { scene: 17, anchor: (832, 448) } event=259 -> AreaKey { scene: 17, anchor: (1152, 576) }
marked destination touch VisitKey { scene: 17, area: (1152, 576), event_id: 259, trigger_script: 8585, state: 1 }
learned exit AreaKey { scene: 17, anchor: (832, 448) } event=259 -> AreaKey { scene: 17, anchor: (1152, 576) }
area teleport in scene 17 at frame 60657: (848, 456) -> (1152, 608)
target scene=17 area=(1152, 576) event=259 script=8585 mode=4 state=1 player=(1152, 608) pos=(1136, 600) path=1
learned targeted exit AreaKey { scene: 17, anchor: (1152, 576) } event=259 -> AreaKey { scene: 17, anchor: (832, 448) }
marked destination touch VisitKey { scene: 17, area: (832, 448), event_id: 259, trigger_script: 8588, state: 1 }
learned exit AreaKey { scene: 17, anchor: (1152, 576) } event=259 -> AreaKey { scene: 17, anchor: (832, 448) }
area teleport in scene 17 at frame 60697: (1136, 600) -> (832, 448)
target scene=17 area=(832, 448) event=259 script=8588 mode=4 state=1 player=(832, 448) pos=(848, 456) path=1
learned targeted exit AreaKey { scene: 17, anchor: (832, 448) } event=259 -> AreaKey { scene: 17, anchor: (1152, 576) }
marked destination touch VisitKey { scene: 17, area: (1152, 576), event_id: 259, trigger_script: 8585, state: 1 }
learned exit AreaKey { scene: 17, anchor: (832, 448) } event=259 -> AreaKey { scene: 17, anchor: (1152, 576) }
area teleport in scene 17 at frame 60737: (848, 456) -> (1152, 608)
target scene=17 area=(1152, 576) event=258 script=8576 mode=4 state=1 player=(1152, 608) pos=(1088, 736) path=16
learned targeted exit AreaKey { scene: 17, anchor: (1152, 576) } event=258 -> AreaKey { scene: 17, anchor: (512, 512) }
marked destination touch VisitKey { scene: 17, area: (512, 512), event_id: 258, trigger_script: 8580, state: 1 }
learned exit AreaKey { scene: 17, anchor: (1152, 576) } event=258 -> AreaKey { scene: 17, anchor: (512, 512) }
area teleport in scene 17 at frame 60822: (1088, 736) -> (544, 544)
target scene=17 area=(512, 512) event=258 script=8580 mode=4 state=1 player=(544, 544) pos=(560, 552) path=1
learned targeted exit AreaKey { scene: 17, anchor: (512, 512) } event=258 -> AreaKey { scene: 17, anchor: (1088, 704) }
marked destination touch VisitKey { scene: 17, area: (1088, 704), event_id: 258, trigger_script: 8576, state: 1 }
learned exit AreaKey { scene: 17, anchor: (512, 512) } event=258 -> AreaKey { scene: 17, anchor: (1088, 704) }
area teleport in scene 17 at frame 60892: (560, 552) -> (1104, 728)
target scene=17 area=(1088, 704) event=254 script=8547 mode=4 state=1 player=(1104, 728) pos=(1104, 840) path=14
learned targeted exit AreaKey { scene: 17, anchor: (1088, 704) } event=254 -> AreaKey { scene: 17, anchor: (1152, 832) }
marked destination touch VisitKey { scene: 17, area: (1152, 832), event_id: 254, trigger_script: 8544, state: 1 }
learned exit AreaKey { scene: 17, anchor: (1088, 704) } event=254 -> AreaKey { scene: 17, anchor: (1152, 832) }
area teleport in scene 17 at frame 60919: (1104, 840) -> (1200, 888)
target scene=17 area=(1152, 832) event=254 script=8544 mode=4 state=1 player=(1200, 888) pos=(1184, 880) path=1
learned targeted exit AreaKey { scene: 17, anchor: (1152, 832) } event=254 -> AreaKey { scene: 17, anchor: (1088, 832) }
marked destination touch VisitKey { scene: 17, area: (1088, 832), event_id: 254, trigger_script: 8547, state: 1 }
learned exit AreaKey { scene: 17, anchor: (1152, 832) } event=254 -> AreaKey { scene: 17, anchor: (1088, 832) }
area teleport in scene 17 at frame 60933: (1184, 880) -> (1088, 832)
target scene=17 area=(1088, 832) event=254 script=8547 mode=4 state=1 player=(1088, 832) pos=(1104, 840) path=1
learned targeted exit AreaKey { scene: 17, anchor: (1088, 832) } event=254 -> AreaKey { scene: 17, anchor: (1152, 832) }
marked destination touch VisitKey { scene: 17, area: (1152, 832), event_id: 254, trigger_script: 8544, state: 1 }
learned exit AreaKey { scene: 17, anchor: (1088, 832) } event=254 -> AreaKey { scene: 17, anchor: (1152, 832) }
area teleport in scene 17 at frame 60947: (1104, 840) -> (1200, 888)
target scene=17 area=(1152, 832) event=253 script=8540 mode=4 state=1 player=(1200, 888) pos=(1232, 904) path=2
learned targeted exit AreaKey { scene: 17, anchor: (1152, 832) } event=253 -> AreaKey { scene: 17, anchor: (1408, 960) }
marked destination touch VisitKey { scene: 17, area: (1408, 960), event_id: 253, trigger_script: 8537, state: 1 }
learned exit AreaKey { scene: 17, anchor: (1152, 832) } event=253 -> AreaKey { scene: 17, anchor: (1408, 960) }
area teleport in scene 17 at frame 60976: (1232, 904) -> (1440, 1008)
target scene=17 area=(1408, 960) event=253 script=8537 mode=4 state=1 player=(1440, 1008) pos=(1424, 1000) path=1
learned targeted exit AreaKey { scene: 17, anchor: (1408, 960) } event=253 -> AreaKey { scene: 17, anchor: (1216, 896) }
marked destination touch VisitKey { scene: 17, area: (1216, 896), event_id: 253, trigger_script: 8540, state: 1 }
learned exit AreaKey { scene: 17, anchor: (1408, 960) } event=253 -> AreaKey { scene: 17, anchor: (1216, 896) }
area teleport in scene 17 at frame 61004: (1424, 1000) -> (1216, 896)
target scene=17 area=(1216, 896) event=255 script=8551 mode=4 state=1 player=(1216, 896) pos=(1248, 880) path=2
learned targeted exit AreaKey { scene: 17, anchor: (1216, 896) } event=255 -> AreaKey { scene: 17, anchor: (896, 384) }
marked destination touch VisitKey { scene: 17, area: (896, 384), event_id: 255, trigger_script: 8555, state: 1 }
learned exit AreaKey { scene: 17, anchor: (1216, 896) } event=255 -> AreaKey { scene: 17, anchor: (896, 384) }
area teleport in scene 17 at frame 61125: (1248, 880) -> (912, 408)
target scene=17 area=(896, 384) event=237 script=9193 mode=2 state=2 player=(912, 408) pos=(784, 216) path=31
target scene=17 area=(896, 384) event=255 script=8555 mode=4 state=1 player=(832, 240) pos=(928, 416) path=32
learned targeted exit AreaKey { scene: 17, anchor: (896, 384) } event=255 -> AreaKey { scene: 17, anchor: (1216, 832) }
marked destination touch VisitKey { scene: 17, area: (1216, 832), event_id: 255, trigger_script: 8551, state: 1 }
learned exit AreaKey { scene: 17, anchor: (896, 384) } event=255 -> AreaKey { scene: 17, anchor: (1216, 832) }
area teleport in scene 17 at frame 61307: (928, 416) -> (1232, 888)
target scene=17 area=(1216, 832) event=255 script=8551 mode=4 state=1 player=(1232, 888) pos=(1248, 880) path=1
learned targeted exit AreaKey { scene: 17, anchor: (1216, 832) } event=255 -> AreaKey { scene: 17, anchor: (896, 384) }
marked destination touch VisitKey { scene: 17, area: (896, 384), event_id: 255, trigger_script: 8555, state: 1 }
learned exit AreaKey { scene: 17, anchor: (1216, 832) } event=255 -> AreaKey { scene: 17, anchor: (896, 384) }
area teleport in scene 17 at frame 61427: (1248, 880) -> (912, 408)
target scene=17 area=(896, 384) event=237 script=9193 mode=2 state=2 player=(912, 408) pos=(784, 216) path=31
target scene=17 area=(896, 384) event=255 script=8555 mode=4 state=1 player=(832, 240) pos=(928, 416) path=32
learned targeted exit AreaKey { scene: 17, anchor: (896, 384) } event=255 -> AreaKey { scene: 17, anchor: (1216, 832) }
marked destination touch VisitKey { scene: 17, area: (1216, 832), event_id: 255, trigger_script: 8551, state: 1 }
learned exit AreaKey { scene: 17, anchor: (896, 384) } event=255 -> AreaKey { scene: 17, anchor: (1216, 832) }
area teleport in scene 17 at frame 61609: (928, 416) -> (1232, 888)
target scene=17 area=(1216, 832) event=253 script=8540 mode=4 state=1 player=(1232, 888) pos=(1232, 904) path=2
learned targeted exit AreaKey { scene: 17, anchor: (1216, 832) } event=253 -> AreaKey { scene: 17, anchor: (1408, 960) }
marked destination touch VisitKey { scene: 17, area: (1408, 960), event_id: 253, trigger_script: 8537, state: 1 }
learned exit AreaKey { scene: 17, anchor: (1216, 832) } event=253 -> AreaKey { scene: 17, anchor: (1408, 960) }
area teleport in scene 17 at frame 61638: (1232, 904) -> (1440, 1008)
target scene=17 area=(1408, 960) event=252 script=8530 mode=4 state=1 player=(1440, 1008) pos=(1440, 1056) path=6
learned targeted exit AreaKey { scene: 17, anchor: (1408, 960) } event=252 -> AreaKey { scene: 17, anchor: (1024, 1216) }
marked destination touch VisitKey { scene: 17, area: (1024, 1216), event_id: 252, trigger_script: 8533, state: 1 }
learned exit AreaKey { scene: 17, anchor: (1408, 960) } event=252 -> AreaKey { scene: 17, anchor: (1024, 1216) }
area teleport in scene 17 at frame 61695: (1440, 1056) -> (1040, 1256)
target scene=17 area=(1024, 1216) event=252 script=8533 mode=4 state=1 player=(1040, 1256) pos=(1056, 1248) path=1
learned targeted exit AreaKey { scene: 17, anchor: (1024, 1216) } event=252 -> AreaKey { scene: 17, anchor: (1408, 1024) }
marked destination touch VisitKey { scene: 17, area: (1408, 1024), event_id: 252, trigger_script: 8530, state: 1 }
learned exit AreaKey { scene: 17, anchor: (1024, 1216) } event=252 -> AreaKey { scene: 17, anchor: (1408, 1024) }
area teleport in scene 17 at frame 61747: (1056, 1248) -> (1456, 1048)
target scene=17 area=(1408, 1024) event=251 script=8524 mode=4 state=1 player=(1456, 1048) pos=(1456, 1144) path=16
learned targeted exit AreaKey { scene: 17, anchor: (1408, 1024) } event=251 -> AreaKey { scene: 17, anchor: (1280, 768) }
marked destination touch VisitKey { scene: 17, area: (1280, 768), event_id: 251, trigger_script: 8519, state: 1 }
learned exit AreaKey { scene: 17, anchor: (1408, 1024) } event=251 -> AreaKey { scene: 17, anchor: (1280, 768) }
area teleport in scene 17 at frame 61846: (1456, 1144) -> (1280, 816)
target scene=17 area=(1280, 768) event=251 script=8519 mode=4 state=1 player=(1280, 816) pos=(1296, 824) path=1
learned targeted exit AreaKey { scene: 17, anchor: (1280, 768) } event=251 -> AreaKey { scene: 17, anchor: (1472, 1152) }
marked destination touch VisitKey { scene: 17, area: (1472, 1152), event_id: 251, trigger_script: 8524, state: 1 }
learned exit AreaKey { scene: 17, anchor: (1280, 768) } event=251 -> AreaKey { scene: 17, anchor: (1472, 1152) }
area teleport in scene 17 at frame 61930: (1296, 824) -> (1472, 1152)
target scene=17 area=(1472, 1152) event=251 script=8524 mode=4 state=1 player=(1472, 1152) pos=(1456, 1144) path=1
learned targeted exit AreaKey { scene: 17, anchor: (1472, 1152) } event=251 -> AreaKey { scene: 17, anchor: (1280, 768) }
marked destination touch VisitKey { scene: 17, area: (1280, 768), event_id: 251, trigger_script: 8519, state: 1 }
learned exit AreaKey { scene: 17, anchor: (1472, 1152) } event=251 -> AreaKey { scene: 17, anchor: (1280, 768) }
area teleport in scene 17 at frame 62014: (1456, 1144) -> (1280, 816)
target scene=17 area=(1280, 768) event=251 script=8519 mode=4 state=1 player=(1280, 816) pos=(1296, 824) path=1
learned targeted exit AreaKey { scene: 17, anchor: (1280, 768) } event=251 -> AreaKey { scene: 17, anchor: (1472, 1152) }
marked destination touch VisitKey { scene: 17, area: (1472, 1152), event_id: 251, trigger_script: 8524, state: 1 }
learned exit AreaKey { scene: 17, anchor: (1280, 768) } event=251 -> AreaKey { scene: 17, anchor: (1472, 1152) }
area teleport in scene 17 at frame 62098: (1296, 824) -> (1472, 1152)
target scene=17 area=(1472, 1152) event=252 script=8530 mode=4 state=1 player=(1472, 1152) pos=(1440, 1056) path=16
learned targeted exit AreaKey { scene: 17, anchor: (1472, 1152) } event=252 -> AreaKey { scene: 17, anchor: (1024, 1216) }
marked destination touch VisitKey { scene: 17, area: (1024, 1216), event_id: 252, trigger_script: 8533, state: 1 }
learned exit AreaKey { scene: 17, anchor: (1472, 1152) } event=252 -> AreaKey { scene: 17, anchor: (1024, 1216) }
area teleport in scene 17 at frame 62165: (1440, 1056) -> (1040, 1256)
target scene=17 area=(1024, 1216) event=252 script=8533 mode=4 state=1 player=(1040, 1256) pos=(1056, 1248) path=1
learned targeted exit AreaKey { scene: 17, anchor: (1024, 1216) } event=252 -> AreaKey { scene: 17, anchor: (1408, 1024) }
marked destination touch VisitKey { scene: 17, area: (1408, 1024), event_id: 252, trigger_script: 8530, state: 1 }
learned exit AreaKey { scene: 17, anchor: (1024, 1216) } event=252 -> AreaKey { scene: 17, anchor: (1408, 1024) }
area teleport in scene 17 at frame 62217: (1056, 1248) -> (1456, 1048)
target scene=17 area=(1408, 1024) event=253 script=8537 mode=4 state=1 player=(1456, 1048) pos=(1424, 1000) path=6
learned targeted exit AreaKey { scene: 17, anchor: (1408, 1024) } event=253 -> AreaKey { scene: 17, anchor: (1216, 896) }
marked destination touch VisitKey { scene: 17, area: (1216, 896), event_id: 253, trigger_script: 8540, state: 1 }
learned exit AreaKey { scene: 17, anchor: (1408, 1024) } event=253 -> AreaKey { scene: 17, anchor: (1216, 896) }
area teleport in scene 17 at frame 62250: (1424, 1000) -> (1216, 896)
target scene=17 area=(1216, 896) event=254 script=8544 mode=4 state=1 player=(1216, 896) pos=(1184, 880) path=2
learned targeted exit AreaKey { scene: 17, anchor: (1216, 896) } event=254 -> AreaKey { scene: 17, anchor: (1088, 832) }
marked destination touch VisitKey { scene: 17, area: (1088, 832), event_id: 254, trigger_script: 8547, state: 1 }
learned exit AreaKey { scene: 17, anchor: (1216, 896) } event=254 -> AreaKey { scene: 17, anchor: (1088, 832) }
area teleport in scene 17 at frame 62265: (1184, 880) -> (1088, 832)
target scene=17 area=(1088, 832) event=258 script=8576 mode=4 state=1 player=(1088, 832) pos=(1088, 736) path=14
learned targeted exit AreaKey { scene: 17, anchor: (1088, 832) } event=258 -> AreaKey { scene: 17, anchor: (512, 512) }
marked destination touch VisitKey { scene: 17, area: (512, 512), event_id: 258, trigger_script: 8580, state: 1 }
learned exit AreaKey { scene: 17, anchor: (1088, 832) } event=258 -> AreaKey { scene: 17, anchor: (512, 512) }
area teleport in scene 17 at frame 62348: (1088, 736) -> (544, 544)
target scene=17 area=(512, 512) event=258 script=8580 mode=4 state=1 player=(544, 544) pos=(560, 552) path=1
learned targeted exit AreaKey { scene: 17, anchor: (512, 512) } event=258 -> AreaKey { scene: 17, anchor: (1088, 704) }
marked destination touch VisitKey { scene: 17, area: (1088, 704), event_id: 258, trigger_script: 8576, state: 1 }
learned exit AreaKey { scene: 17, anchor: (512, 512) } event=258 -> AreaKey { scene: 17, anchor: (1088, 704) }
area teleport in scene 17 at frame 62418: (560, 552) -> (1104, 728)
target scene=17 area=(1088, 704) event=259 script=8585 mode=4 state=1 player=(1104, 728) pos=(1136, 600) path=16
learned targeted exit AreaKey { scene: 17, anchor: (1088, 704) } event=259 -> AreaKey { scene: 17, anchor: (832, 448) }
marked destination touch VisitKey { scene: 17, area: (832, 448), event_id: 259, trigger_script: 8588, state: 1 }
learned exit AreaKey { scene: 17, anchor: (1088, 704) } event=259 -> AreaKey { scene: 17, anchor: (832, 448) }
area teleport in scene 17 at frame 62473: (1136, 600) -> (832, 448)
target scene=17 area=(832, 448) event=259 script=8588 mode=4 state=1 player=(832, 448) pos=(848, 456) path=1
learned targeted exit AreaKey { scene: 17, anchor: (832, 448) } event=259 -> AreaKey { scene: 17, anchor: (1152, 576) }
marked destination touch VisitKey { scene: 17, area: (1152, 576), event_id: 259, trigger_script: 8585, state: 1 }
learned exit AreaKey { scene: 17, anchor: (832, 448) } event=259 -> AreaKey { scene: 17, anchor: (1152, 576) }
area teleport in scene 17 at frame 62513: (848, 456) -> (1152, 608)
target scene=17 area=(1152, 576) event=259 script=8585 mode=4 state=1 player=(1152, 608) pos=(1136, 600) path=1
learned targeted exit AreaKey { scene: 17, anchor: (1152, 576) } event=259 -> AreaKey { scene: 17, anchor: (832, 448) }
marked destination touch VisitKey { scene: 17, area: (832, 448), event_id: 259, trigger_script: 8588, state: 1 }
learned exit AreaKey { scene: 17, anchor: (1152, 576) } event=259 -> AreaKey { scene: 17, anchor: (832, 448) }
area teleport in scene 17 at frame 62553: (1136, 600) -> (832, 448)
target scene=17 area=(832, 448) event=259 script=8588 mode=4 state=1 player=(832, 448) pos=(848, 456) path=1
learned targeted exit AreaKey { scene: 17, anchor: (832, 448) } event=259 -> AreaKey { scene: 17, anchor: (1152, 576) }
marked destination touch VisitKey { scene: 17, area: (1152, 576), event_id: 259, trigger_script: 8585, state: 1 }
learned exit AreaKey { scene: 17, anchor: (832, 448) } event=259 -> AreaKey { scene: 17, anchor: (1152, 576) }
area teleport in scene 17 at frame 62593: (848, 456) -> (1152, 608)
target scene=17 area=(1152, 576) event=258 script=8576 mode=4 state=1 player=(1152, 608) pos=(1088, 736) path=16
learned targeted exit AreaKey { scene: 17, anchor: (1152, 576) } event=258 -> AreaKey { scene: 17, anchor: (512, 512) }
marked destination touch VisitKey { scene: 17, area: (512, 512), event_id: 258, trigger_script: 8580, state: 1 }
learned exit AreaKey { scene: 17, anchor: (1152, 576) } event=258 -> AreaKey { scene: 17, anchor: (512, 512) }
area teleport in scene 17 at frame 62678: (1088, 736) -> (544, 544)
target scene=17 area=(512, 512) event=258 script=8580 mode=4 state=1 player=(544, 544) pos=(560, 552) path=1
learned targeted exit AreaKey { scene: 17, anchor: (512, 512) } event=258 -> AreaKey { scene: 17, anchor: (1088, 704) }
marked destination touch VisitKey { scene: 17, area: (1088, 704), event_id: 258, trigger_script: 8576, state: 1 }
learned exit AreaKey { scene: 17, anchor: (512, 512) } event=258 -> AreaKey { scene: 17, anchor: (1088, 704) }
area teleport in scene 17 at frame 62748: (560, 552) -> (1104, 728)
target scene=17 area=(1088, 704) event=254 script=8547 mode=4 state=1 player=(1104, 728) pos=(1104, 840) path=14
learned targeted exit AreaKey { scene: 17, anchor: (1088, 704) } event=254 -> AreaKey { scene: 17, anchor: (1152, 832) }
marked destination touch VisitKey { scene: 17, area: (1152, 832), event_id: 254, trigger_script: 8544, state: 1 }
learned exit AreaKey { scene: 17, anchor: (1088, 704) } event=254 -> AreaKey { scene: 17, anchor: (1152, 832) }
area teleport in scene 17 at frame 62775: (1104, 840) -> (1200, 888)
target scene=17 area=(1152, 832) event=254 script=8544 mode=4 state=1 player=(1200, 888) pos=(1184, 880) path=1
learned targeted exit AreaKey { scene: 17, anchor: (1152, 832) } event=254 -> AreaKey { scene: 17, anchor: (1088, 832) }
marked destination touch VisitKey { scene: 17, area: (1088, 832), event_id: 254, trigger_script: 8547, state: 1 }
learned exit AreaKey { scene: 17, anchor: (1152, 832) } event=254 -> AreaKey { scene: 17, anchor: (1088, 832) }
area teleport in scene 17 at frame 62789: (1184, 880) -> (1088, 832)
target scene=17 area=(1088, 832) event=254 script=8547 mode=4 state=1 player=(1088, 832) pos=(1104, 840) path=1
learned targeted exit AreaKey { scene: 17, anchor: (1088, 832) } event=254 -> AreaKey { scene: 17, anchor: (1152, 832) }
marked destination touch VisitKey { scene: 17, area: (1152, 832), event_id: 254, trigger_script: 8544, state: 1 }
learned exit AreaKey { scene: 17, anchor: (1088, 832) } event=254 -> AreaKey { scene: 17, anchor: (1152, 832) }
area teleport in scene 17 at frame 62803: (1104, 840) -> (1200, 888)
target scene=17 area=(1152, 832) event=253 script=8540 mode=4 state=1 player=(1200, 888) pos=(1232, 904) path=2
learned targeted exit AreaKey { scene: 17, anchor: (1152, 832) } event=253 -> AreaKey { scene: 17, anchor: (1408, 960) }
marked destination touch VisitKey { scene: 17, area: (1408, 960), event_id: 253, trigger_script: 8537, state: 1 }
learned exit AreaKey { scene: 17, anchor: (1152, 832) } event=253 -> AreaKey { scene: 17, anchor: (1408, 960) }
area teleport in scene 17 at frame 62832: (1232, 904) -> (1440, 1008)
target scene=17 area=(1408, 960) event=253 script=8537 mode=4 state=1 player=(1440, 1008) pos=(1424, 1000) path=1
learned targeted exit AreaKey { scene: 17, anchor: (1408, 960) } event=253 -> AreaKey { scene: 17, anchor: (1216, 896) }
marked destination touch VisitKey { scene: 17, area: (1216, 896), event_id: 253, trigger_script: 8540, state: 1 }
learned exit AreaKey { scene: 17, anchor: (1408, 960) } event=253 -> AreaKey { scene: 17, anchor: (1216, 896) }
area teleport in scene 17 at frame 62860: (1424, 1000) -> (1216, 896)
target scene=17 area=(1216, 896) event=255 script=8551 mode=4 state=1 player=(1216, 896) pos=(1248, 880) path=2
learned targeted exit AreaKey { scene: 17, anchor: (1216, 896) } event=255 -> AreaKey { scene: 17, anchor: (896, 384) }
marked destination touch VisitKey { scene: 17, area: (896, 384), event_id: 255, trigger_script: 8555, state: 1 }
learned exit AreaKey { scene: 17, anchor: (1216, 896) } event=255 -> AreaKey { scene: 17, anchor: (896, 384) }
area teleport in scene 17 at frame 62981: (1248, 880) -> (912, 408)
target scene=17 area=(896, 384) event=237 script=9193 mode=2 state=2 player=(912, 408) pos=(784, 216) path=31
target scene=17 area=(896, 384) event=255 script=8555 mode=4 state=1 player=(832, 240) pos=(928, 416) path=32
learned targeted exit AreaKey { scene: 17, anchor: (896, 384) } event=255 -> AreaKey { scene: 17, anchor: (1216, 832) }
marked destination touch VisitKey { scene: 17, area: (1216, 832), event_id: 255, trigger_script: 8551, state: 1 }
learned exit AreaKey { scene: 17, anchor: (896, 384) } event=255 -> AreaKey { scene: 17, anchor: (1216, 832) }
area teleport in scene 17 at frame 63163: (928, 416) -> (1232, 888)
target scene=17 area=(1216, 832) event=255 script=8551 mode=4 state=1 player=(1232, 888) pos=(1248, 880) path=1
learned targeted exit AreaKey { scene: 17, anchor: (1216, 832) } event=255 -> AreaKey { scene: 17, anchor: (896, 384) }
marked destination touch VisitKey { scene: 17, area: (896, 384), event_id: 255, trigger_script: 8555, state: 1 }
learned exit AreaKey { scene: 17, anchor: (1216, 832) } event=255 -> AreaKey { scene: 17, anchor: (896, 384) }
area teleport in scene 17 at frame 63283: (1248, 880) -> (912, 408)
target scene=17 area=(896, 384) event=237 script=9193 mode=2 state=2 player=(912, 408) pos=(784, 216) path=31
target scene=17 area=(896, 384) event=255 script=8555 mode=4 state=1 player=(832, 240) pos=(928, 416) path=32
learned targeted exit AreaKey { scene: 17, anchor: (896, 384) } event=255 -> AreaKey { scene: 17, anchor: (1216, 832) }
marked destination touch VisitKey { scene: 17, area: (1216, 832), event_id: 255, trigger_script: 8551, state: 1 }
learned exit AreaKey { scene: 17, anchor: (896, 384) } event=255 -> AreaKey { scene: 17, anchor: (1216, 832) }
area teleport in scene 17 at frame 63465: (928, 416) -> (1232, 888)
target scene=17 area=(1216, 832) event=253 script=8540 mode=4 state=1 player=(1232, 888) pos=(1232, 904) path=2
learned targeted exit AreaKey { scene: 17, anchor: (1216, 832) } event=253 -> AreaKey { scene: 17, anchor: (1408, 960) }
marked destination touch VisitKey { scene: 17, area: (1408, 960), event_id: 253, trigger_script: 8537, state: 1 }
learned exit AreaKey { scene: 17, anchor: (1216, 832) } event=253 -> AreaKey { scene: 17, anchor: (1408, 960) }
area teleport in scene 17 at frame 63494: (1232, 904) -> (1440, 1008)
target scene=17 area=(1408, 960) event=252 script=8530 mode=4 state=1 player=(1440, 1008) pos=(1440, 1056) path=6
learned targeted exit AreaKey { scene: 17, anchor: (1408, 960) } event=252 -> AreaKey { scene: 17, anchor: (1024, 1216) }
marked destination touch VisitKey { scene: 17, area: (1024, 1216), event_id: 252, trigger_script: 8533, state: 1 }
learned exit AreaKey { scene: 17, anchor: (1408, 960) } event=252 -> AreaKey { scene: 17, anchor: (1024, 1216) }
area teleport in scene 17 at frame 63551: (1440, 1056) -> (1040, 1256)
target scene=17 area=(1024, 1216) event=252 script=8533 mode=4 state=1 player=(1040, 1256) pos=(1056, 1248) path=1
learned targeted exit AreaKey { scene: 17, anchor: (1024, 1216) } event=252 -> AreaKey { scene: 17, anchor: (1408, 1024) }
marked destination touch VisitKey { scene: 17, area: (1408, 1024), event_id: 252, trigger_script: 8530, state: 1 }
learned exit AreaKey { scene: 17, anchor: (1024, 1216) } event=252 -> AreaKey { scene: 17, anchor: (1408, 1024) }
area teleport in scene 17 at frame 63603: (1056, 1248) -> (1456, 1048)
target scene=17 area=(1408, 1024) event=251 script=8524 mode=4 state=1 player=(1456, 1048) pos=(1456, 1144) path=16
learned targeted exit AreaKey { scene: 17, anchor: (1408, 1024) } event=251 -> AreaKey { scene: 17, anchor: (1280, 768) }
marked destination touch VisitKey { scene: 17, area: (1280, 768), event_id: 251, trigger_script: 8519, state: 1 }
learned exit AreaKey { scene: 17, anchor: (1408, 1024) } event=251 -> AreaKey { scene: 17, anchor: (1280, 768) }
area teleport in scene 17 at frame 63702: (1456, 1144) -> (1280, 816)
target scene=17 area=(1280, 768) event=251 script=8519 mode=4 state=1 player=(1280, 816) pos=(1296, 824) path=1
learned targeted exit AreaKey { scene: 17, anchor: (1280, 768) } event=251 -> AreaKey { scene: 17, anchor: (1472, 1152) }
marked destination touch VisitKey { scene: 17, area: (1472, 1152), event_id: 251, trigger_script: 8524, state: 1 }
learned exit AreaKey { scene: 17, anchor: (1280, 768) } event=251 -> AreaKey { scene: 17, anchor: (1472, 1152) }
area teleport in scene 17 at frame 63786: (1296, 824) -> (1472, 1152)
target scene=17 area=(1472, 1152) event=251 script=8524 mode=4 state=1 player=(1472, 1152) pos=(1456, 1144) path=1
learned targeted exit AreaKey { scene: 17, anchor: (1472, 1152) } event=251 -> AreaKey { scene: 17, anchor: (1280, 768) }
marked destination touch VisitKey { scene: 17, area: (1280, 768), event_id: 251, trigger_script: 8519, state: 1 }
learned exit AreaKey { scene: 17, anchor: (1472, 1152) } event=251 -> AreaKey { scene: 17, anchor: (1280, 768) }
area teleport in scene 17 at frame 63870: (1456, 1144) -> (1280, 816)
target scene=17 area=(1280, 768) event=251 script=8519 mode=4 state=1 player=(1280, 816) pos=(1296, 824) path=1
learned targeted exit AreaKey { scene: 17, anchor: (1280, 768) } event=251 -> AreaKey { scene: 17, anchor: (1472, 1152) }
marked destination touch VisitKey { scene: 17, area: (1472, 1152), event_id: 251, trigger_script: 8524, state: 1 }
learned exit AreaKey { scene: 17, anchor: (1280, 768) } event=251 -> AreaKey { scene: 17, anchor: (1472, 1152) }
area teleport in scene 17 at frame 63954: (1296, 824) -> (1472, 1152)
target scene=17 area=(1472, 1152) event=252 script=8530 mode=4 state=1 player=(1472, 1152) pos=(1440, 1056) path=16
learned targeted exit AreaKey { scene: 17, anchor: (1472, 1152) } event=252 -> AreaKey { scene: 17, anchor: (1024, 1216) }
marked destination touch VisitKey { scene: 17, area: (1024, 1216), event_id: 252, trigger_script: 8533, state: 1 }
learned exit AreaKey { scene: 17, anchor: (1472, 1152) } event=252 -> AreaKey { scene: 17, anchor: (1024, 1216) }
area teleport in scene 17 at frame 64021: (1440, 1056) -> (1040, 1256)
target scene=17 area=(1024, 1216) event=252 script=8533 mode=4 state=1 player=(1040, 1256) pos=(1056, 1248) path=1
learned targeted exit AreaKey { scene: 17, anchor: (1024, 1216) } event=252 -> AreaKey { scene: 17, anchor: (1408, 1024) }
marked destination touch VisitKey { scene: 17, area: (1408, 1024), event_id: 252, trigger_script: 8530, state: 1 }
learned exit AreaKey { scene: 17, anchor: (1024, 1216) } event=252 -> AreaKey { scene: 17, anchor: (1408, 1024) }
area teleport in scene 17 at frame 64073: (1056, 1248) -> (1456, 1048)
target scene=17 area=(1408, 1024) event=253 script=8537 mode=4 state=1 player=(1456, 1048) pos=(1424, 1000) path=6
learned targeted exit AreaKey { scene: 17, anchor: (1408, 1024) } event=253 -> AreaKey { scene: 17, anchor: (1216, 896) }
marked destination touch VisitKey { scene: 17, area: (1216, 896), event_id: 253, trigger_script: 8540, state: 1 }
learned exit AreaKey { scene: 17, anchor: (1408, 1024) } event=253 -> AreaKey { scene: 17, anchor: (1216, 896) }
area teleport in scene 17 at frame 64106: (1424, 1000) -> (1216, 896)
target scene=17 area=(1216, 896) event=254 script=8544 mode=4 state=1 player=(1216, 896) pos=(1184, 880) path=2
learned targeted exit AreaKey { scene: 17, anchor: (1216, 896) } event=254 -> AreaKey { scene: 17, anchor: (1088, 832) }
marked destination touch VisitKey { scene: 17, area: (1088, 832), event_id: 254, trigger_script: 8547, state: 1 }
learned exit AreaKey { scene: 17, anchor: (1216, 896) } event=254 -> AreaKey { scene: 17, anchor: (1088, 832) }
area teleport in scene 17 at frame 64121: (1184, 880) -> (1088, 832)
target scene=17 area=(1088, 832) event=256 script=8560 mode=4 state=1 player=(1088, 832) pos=(1232, 776) path=9
learned targeted exit AreaKey { scene: 17, anchor: (1088, 832) } event=256 -> AreaKey { scene: 17, anchor: (1280, 512) }
marked destination touch VisitKey { scene: 17, area: (1280, 512), event_id: 256, trigger_script: 8564, state: 1 }
learned exit AreaKey { scene: 17, anchor: (1088, 832) } event=256 -> AreaKey { scene: 17, anchor: (1280, 512) }
area teleport in scene 17 at frame 64183: (1232, 776) -> (1328, 568)
target scene=17 area=(1280, 512) event=264 script=887 mode=1 state=2 player=(1328, 568) pos=(1408, 432) path=44
marked destination touch VisitKey { scene: 17, area: (1024, 448), event_id: 260, trigger_script: 8595, state: 1 }
learned exit AreaKey { scene: 17, anchor: (1280, 512) } event=260 -> AreaKey { scene: 17, anchor: (1024, 448) }
area teleport in scene 17 at frame 64213: (1280, 560) -> (1072, 456)
target scene=17 area=(1024, 448) event=264 script=887 mode=1 state=2 player=(1072, 456) pos=(1408, 432) path=24
target scene=17 area=(1024, 448) event=260 script=8595 mode=4 state=1 player=(1392, 424) pos=(1104, 472) path=26
learned targeted exit AreaKey { scene: 17, anchor: (1024, 448) } event=260 -> AreaKey { scene: 17, anchor: (1280, 512) }
marked destination touch VisitKey { scene: 17, area: (1280, 512), event_id: 260, trigger_script: 8601, state: 1 }
learned exit AreaKey { scene: 17, anchor: (1024, 448) } event=260 -> AreaKey { scene: 17, anchor: (1280, 512) }
area teleport in scene 17 at frame 64288: (1104, 472) -> (1296, 568)
target scene=17 area=(1280, 512) event=257 script=8569 mode=4 state=1 player=(1296, 568) pos=(1344, 560) path=3
learned targeted exit AreaKey { scene: 17, anchor: (1280, 512) } event=257 -> AreaKey { scene: 17, anchor: (1408, 512) }
marked destination touch VisitKey { scene: 17, area: (1408, 512), event_id: 256, trigger_script: 8564, state: 1 }
learned exit AreaKey { scene: 17, anchor: (1280, 512) } event=256 -> AreaKey { scene: 17, anchor: (1408, 512) }
marked destination touch VisitKey { scene: 17, area: (1408, 512), event_id: 257, trigger_script: 8572, state: 1 }
learned exit AreaKey { scene: 17, anchor: (1280, 512) } event=257 -> AreaKey { scene: 17, anchor: (1408, 512) }
area teleport in scene 17 at frame 64302: (1344, 560) -> (1424, 520)
target scene=17 area=(1408, 512) event=257 script=8572 mode=4 state=1 player=(1424, 520) pos=(1408, 528) path=1
learned targeted exit AreaKey { scene: 17, anchor: (1408, 512) } event=257 -> AreaKey { scene: 17, anchor: (1280, 512) }
marked destination touch VisitKey { scene: 17, area: (1280, 512), event_id: 257, trigger_script: 8569, state: 1 }
learned exit AreaKey { scene: 17, anchor: (1408, 512) } event=257 -> AreaKey { scene: 17, anchor: (1280, 512) }
area teleport in scene 17 at frame 64314: (1408, 528) -> (1328, 568)
target scene=17 area=(1280, 512) event=264 script=887 mode=1 state=2 player=(1328, 568) pos=(1408, 432) path=44
marked destination touch VisitKey { scene: 17, area: (1024, 448), event_id: 260, trigger_script: 8595, state: 1 }
learned exit AreaKey { scene: 17, anchor: (1280, 512) } event=260 -> AreaKey { scene: 17, anchor: (1024, 448) }
area teleport in scene 17 at frame 64344: (1280, 560) -> (1072, 456)
target scene=17 area=(1024, 448) event=264 script=887 mode=1 state=2 player=(1072, 456) pos=(1408, 432) path=24
target scene=17 area=(1024, 448) event=260 script=8595 mode=4 state=1 player=(1392, 424) pos=(1104, 472) path=26
learned targeted exit AreaKey { scene: 17, anchor: (1024, 448) } event=260 -> AreaKey { scene: 17, anchor: (1280, 512) }
marked destination touch VisitKey { scene: 17, area: (1280, 512), event_id: 260, trigger_script: 8601, state: 1 }
learned exit AreaKey { scene: 17, anchor: (1024, 448) } event=260 -> AreaKey { scene: 17, anchor: (1280, 512) }
area teleport in scene 17 at frame 64419: (1104, 472) -> (1296, 568)
target scene=17 area=(1280, 512) event=256 script=8564 mode=4 state=1 player=(1296, 568) pos=(1344, 576) path=3
learned targeted exit AreaKey { scene: 17, anchor: (1280, 512) } event=256 -> AreaKey { scene: 17, anchor: (1216, 768) }
marked destination touch VisitKey { scene: 17, area: (1216, 768), event_id: 256, trigger_script: 8560, state: 1 }
learned exit AreaKey { scene: 17, anchor: (1280, 512) } event=256 -> AreaKey { scene: 17, anchor: (1216, 768) }
marked destination touch VisitKey { scene: 17, area: (1216, 768), event_id: 257, trigger_script: 8569, state: 1 }
learned exit AreaKey { scene: 17, anchor: (1280, 512) } event=257 -> AreaKey { scene: 17, anchor: (1216, 768) }
area teleport in scene 17 at frame 64475: (1344, 576) -> (1216, 784)
target scene=17 area=(1216, 768) event=258 script=8576 mode=4 state=1 player=(1216, 784) pos=(1088, 736) path=8
learned targeted exit AreaKey { scene: 17, anchor: (1216, 768) } event=258 -> AreaKey { scene: 17, anchor: (512, 512) }
marked destination touch VisitKey { scene: 17, area: (512, 512), event_id: 258, trigger_script: 8580, state: 1 }
learned exit AreaKey { scene: 17, anchor: (1216, 768) } event=258 -> AreaKey { scene: 17, anchor: (512, 512) }
area teleport in scene 17 at frame 64552: (1088, 736) -> (544, 544)
target scene=17 area=(512, 512) event=258 script=8580 mode=4 state=1 player=(544, 544) pos=(560, 552) path=1
learned targeted exit AreaKey { scene: 17, anchor: (512, 512) } event=258 -> AreaKey { scene: 17, anchor: (1088, 704) }
marked destination touch VisitKey { scene: 17, area: (1088, 704), event_id: 258, trigger_script: 8576, state: 1 }
learned exit AreaKey { scene: 17, anchor: (512, 512) } event=258 -> AreaKey { scene: 17, anchor: (1088, 704) }
area teleport in scene 17 at frame 64622: (560, 552) -> (1104, 728)
target scene=17 area=(1088, 704) event=259 script=8585 mode=4 state=1 player=(1104, 728) pos=(1136, 600) path=16
learned targeted exit AreaKey { scene: 17, anchor: (1088, 704) } event=259 -> AreaKey { scene: 17, anchor: (832, 448) }
marked destination touch VisitKey { scene: 17, area: (832, 448), event_id: 259, trigger_script: 8588, state: 1 }
learned exit AreaKey { scene: 17, anchor: (1088, 704) } event=259 -> AreaKey { scene: 17, anchor: (832, 448) }
area teleport in scene 17 at frame 64677: (1136, 600) -> (832, 448)
target scene=17 area=(832, 448) event=259 script=8588 mode=4 state=1 player=(832, 448) pos=(848, 456) path=1
learned targeted exit AreaKey { scene: 17, anchor: (832, 448) } event=259 -> AreaKey { scene: 17, anchor: (1152, 576) }
marked destination touch VisitKey { scene: 17, area: (1152, 576), event_id: 259, trigger_script: 8585, state: 1 }
learned exit AreaKey { scene: 17, anchor: (832, 448) } event=259 -> AreaKey { scene: 17, anchor: (1152, 576) }
area teleport in scene 17 at frame 64717: (848, 456) -> (1152, 608)
target scene=17 area=(1152, 576) event=259 script=8585 mode=4 state=1 player=(1152, 608) pos=(1136, 600) path=1
learned targeted exit AreaKey { scene: 17, anchor: (1152, 576) } event=259 -> AreaKey { scene: 17, anchor: (832, 448) }
marked destination touch VisitKey { scene: 17, area: (832, 448), event_id: 259, trigger_script: 8588, state: 1 }
learned exit AreaKey { scene: 17, anchor: (1152, 576) } event=259 -> AreaKey { scene: 17, anchor: (832, 448) }
area teleport in scene 17 at frame 64757: (1136, 600) -> (832, 448)
target scene=17 area=(832, 448) event=259 script=8588 mode=4 state=1 player=(832, 448) pos=(848, 456) path=1
learned targeted exit AreaKey { scene: 17, anchor: (832, 448) } event=259 -> AreaKey { scene: 17, anchor: (1152, 576) }
marked destination touch VisitKey { scene: 17, area: (1152, 576), event_id: 259, trigger_script: 8585, state: 1 }
learned exit AreaKey { scene: 17, anchor: (832, 448) } event=259 -> AreaKey { scene: 17, anchor: (1152, 576) }
area teleport in scene 17 at frame 64797: (848, 456) -> (1152, 608)
target scene=17 area=(1152, 576) event=258 script=8576 mode=4 state=1 player=(1152, 608) pos=(1088, 736) path=16
learned targeted exit AreaKey { scene: 17, anchor: (1152, 576) } event=258 -> AreaKey { scene: 17, anchor: (512, 512) }
marked destination touch VisitKey { scene: 17, area: (512, 512), event_id: 258, trigger_script: 8580, state: 1 }
learned exit AreaKey { scene: 17, anchor: (1152, 576) } event=258 -> AreaKey { scene: 17, anchor: (512, 512) }
area teleport in scene 17 at frame 64882: (1088, 736) -> (544, 544)
target scene=17 area=(512, 512) event=258 script=8580 mode=4 state=1 player=(544, 544) pos=(560, 552) path=1
learned targeted exit AreaKey { scene: 17, anchor: (512, 512) } event=258 -> AreaKey { scene: 17, anchor: (1088, 704) }
marked destination touch VisitKey { scene: 17, area: (1088, 704), event_id: 258, trigger_script: 8576, state: 1 }
learned exit AreaKey { scene: 17, anchor: (512, 512) } event=258 -> AreaKey { scene: 17, anchor: (1088, 704) }
area teleport in scene 17 at frame 64952: (560, 552) -> (1104, 728)
target scene=17 area=(1088, 704) event=254 script=8547 mode=4 state=1 player=(1104, 728) pos=(1104, 840) path=14
learned targeted exit AreaKey { scene: 17, anchor: (1088, 704) } event=254 -> AreaKey { scene: 17, anchor: (1152, 832) }
marked destination touch VisitKey { scene: 17, area: (1152, 832), event_id: 254, trigger_script: 8544, state: 1 }
learned exit AreaKey { scene: 17, anchor: (1088, 704) } event=254 -> AreaKey { scene: 17, anchor: (1152, 832) }
area teleport in scene 17 at frame 64979: (1104, 840) -> (1200, 888)
target scene=17 area=(1152, 832) event=254 script=8544 mode=4 state=1 player=(1200, 888) pos=(1184, 880) path=1
learned targeted exit AreaKey { scene: 17, anchor: (1152, 832) } event=254 -> AreaKey { scene: 17, anchor: (1088, 832) }
marked destination touch VisitKey { scene: 17, area: (1088, 832), event_id: 254, trigger_script: 8547, state: 1 }
learned exit AreaKey { scene: 17, anchor: (1152, 832) } event=254 -> AreaKey { scene: 17, anchor: (1088, 832) }
area teleport in scene 17 at frame 64993: (1184, 880) -> (1088, 832)
target scene=17 area=(1088, 832) event=254 script=8547 mode=4 state=1 player=(1088, 832) pos=(1104, 840) path=1
learned targeted exit AreaKey { scene: 17, anchor: (1088, 832) } event=254 -> AreaKey { scene: 17, anchor: (1152, 832) }
marked destination touch VisitKey { scene: 17, area: (1152, 832), event_id: 254, trigger_script: 8544, state: 1 }
learned exit AreaKey { scene: 17, anchor: (1088, 832) } event=254 -> AreaKey { scene: 17, anchor: (1152, 832) }
area teleport in scene 17 at frame 65007: (1104, 840) -> (1200, 888)
target scene=17 area=(1152, 832) event=253 script=8540 mode=4 state=1 player=(1200, 888) pos=(1232, 904) path=2
learned targeted exit AreaKey { scene: 17, anchor: (1152, 832) } event=253 -> AreaKey { scene: 17, anchor: (1408, 960) }
marked destination touch VisitKey { scene: 17, area: (1408, 960), event_id: 253, trigger_script: 8537, state: 1 }
learned exit AreaKey { scene: 17, anchor: (1152, 832) } event=253 -> AreaKey { scene: 17, anchor: (1408, 960) }
area teleport in scene 17 at frame 65036: (1232, 904) -> (1440, 1008)
target scene=17 area=(1408, 960) event=253 script=8537 mode=4 state=1 player=(1440, 1008) pos=(1424, 1000) path=1
learned targeted exit AreaKey { scene: 17, anchor: (1408, 960) } event=253 -> AreaKey { scene: 17, anchor: (1216, 896) }
marked destination touch VisitKey { scene: 17, area: (1216, 896), event_id: 253, trigger_script: 8540, state: 1 }
learned exit AreaKey { scene: 17, anchor: (1408, 960) } event=253 -> AreaKey { scene: 17, anchor: (1216, 896) }
area teleport in scene 17 at frame 65064: (1424, 1000) -> (1216, 896)
target scene=17 area=(1216, 896) event=255 script=8551 mode=4 state=1 player=(1216, 896) pos=(1248, 880) path=2
learned targeted exit AreaKey { scene: 17, anchor: (1216, 896) } event=255 -> AreaKey { scene: 17, anchor: (896, 384) }
marked destination touch VisitKey { scene: 17, area: (896, 384), event_id: 255, trigger_script: 8555, state: 1 }
learned exit AreaKey { scene: 17, anchor: (1216, 896) } event=255 -> AreaKey { scene: 17, anchor: (896, 384) }
area teleport in scene 17 at frame 65185: (1248, 880) -> (912, 408)
target scene=17 area=(896, 384) event=237 script=9193 mode=2 state=2 player=(912, 408) pos=(784, 216) path=31
target scene=17 area=(896, 384) event=255 script=8555 mode=4 state=1 player=(832, 240) pos=(928, 416) path=32
learned targeted exit AreaKey { scene: 17, anchor: (896, 384) } event=255 -> AreaKey { scene: 17, anchor: (1216, 832) }
marked destination touch VisitKey { scene: 17, area: (1216, 832), event_id: 255, trigger_script: 8551, state: 1 }
learned exit AreaKey { scene: 17, anchor: (896, 384) } event=255 -> AreaKey { scene: 17, anchor: (1216, 832) }
area teleport in scene 17 at frame 65367: (928, 416) -> (1232, 888)
target scene=17 area=(1216, 832) event=255 script=8551 mode=4 state=1 player=(1232, 888) pos=(1248, 880) path=1
learned targeted exit AreaKey { scene: 17, anchor: (1216, 832) } event=255 -> AreaKey { scene: 17, anchor: (896, 384) }
marked destination touch VisitKey { scene: 17, area: (896, 384), event_id: 255, trigger_script: 8555, state: 1 }
learned exit AreaKey { scene: 17, anchor: (1216, 832) } event=255 -> AreaKey { scene: 17, anchor: (896, 384) }
area teleport in scene 17 at frame 65487: (1248, 880) -> (912, 408)
target scene=17 area=(896, 384) event=237 script=9193 mode=2 state=2 player=(912, 408) pos=(784, 216) path=31
target scene=17 area=(896, 384) event=255 script=8555 mode=4 state=1 player=(832, 240) pos=(928, 416) path=32
learned targeted exit AreaKey { scene: 17, anchor: (896, 384) } event=255 -> AreaKey { scene: 17, anchor: (1216, 832) }
marked destination touch VisitKey { scene: 17, area: (1216, 832), event_id: 255, trigger_script: 8551, state: 1 }
learned exit AreaKey { scene: 17, anchor: (896, 384) } event=255 -> AreaKey { scene: 17, anchor: (1216, 832) }
area teleport in scene 17 at frame 65669: (928, 416) -> (1232, 888)
target scene=17 area=(1216, 832) event=253 script=8540 mode=4 state=1 player=(1232, 888) pos=(1232, 904) path=2
learned targeted exit AreaKey { scene: 17, anchor: (1216, 832) } event=253 -> AreaKey { scene: 17, anchor: (1408, 960) }
marked destination touch VisitKey { scene: 17, area: (1408, 960), event_id: 253, trigger_script: 8537, state: 1 }
learned exit AreaKey { scene: 17, anchor: (1216, 832) } event=253 -> AreaKey { scene: 17, anchor: (1408, 960) }
area teleport in scene 17 at frame 65698: (1232, 904) -> (1440, 1008)
target scene=17 area=(1408, 960) event=252 script=8530 mode=4 state=1 player=(1440, 1008) pos=(1440, 1056) path=6
learned targeted exit AreaKey { scene: 17, anchor: (1408, 960) } event=252 -> AreaKey { scene: 17, anchor: (1024, 1216) }
marked destination touch VisitKey { scene: 17, area: (1024, 1216), event_id: 252, trigger_script: 8533, state: 1 }
learned exit AreaKey { scene: 17, anchor: (1408, 960) } event=252 -> AreaKey { scene: 17, anchor: (1024, 1216) }
area teleport in scene 17 at frame 65755: (1440, 1056) -> (1040, 1256)
target scene=17 area=(1024, 1216) event=252 script=8533 mode=4 state=1 player=(1040, 1256) pos=(1056, 1248) path=1
learned targeted exit AreaKey { scene: 17, anchor: (1024, 1216) } event=252 -> AreaKey { scene: 17, anchor: (1408, 1024) }
marked destination touch VisitKey { scene: 17, area: (1408, 1024), event_id: 252, trigger_script: 8530, state: 1 }
learned exit AreaKey { scene: 17, anchor: (1024, 1216) } event=252 -> AreaKey { scene: 17, anchor: (1408, 1024) }
area teleport in scene 17 at frame 65807: (1056, 1248) -> (1456, 1048)
target scene=17 area=(1408, 1024) event=251 script=8524 mode=4 state=1 player=(1456, 1048) pos=(1456, 1144) path=16
learned targeted exit AreaKey { scene: 17, anchor: (1408, 1024) } event=251 -> AreaKey { scene: 17, anchor: (1280, 768) }
marked destination touch VisitKey { scene: 17, area: (1280, 768), event_id: 251, trigger_script: 8519, state: 1 }
learned exit AreaKey { scene: 17, anchor: (1408, 1024) } event=251 -> AreaKey { scene: 17, anchor: (1280, 768) }
area teleport in scene 17 at frame 65906: (1456, 1144) -> (1280, 816)
target scene=17 area=(1280, 768) event=251 script=8519 mode=4 state=1 player=(1280, 816) pos=(1296, 824) path=1
learned targeted exit AreaKey { scene: 17, anchor: (1280, 768) } event=251 -> AreaKey { scene: 17, anchor: (1472, 1152) }
marked destination touch VisitKey { scene: 17, area: (1472, 1152), event_id: 251, trigger_script: 8524, state: 1 }
learned exit AreaKey { scene: 17, anchor: (1280, 768) } event=251 -> AreaKey { scene: 17, anchor: (1472, 1152) }
area teleport in scene 17 at frame 65990: (1296, 824) -> (1472, 1152)
target scene=17 area=(1472, 1152) event=251 script=8524 mode=4 state=1 player=(1472, 1152) pos=(1456, 1144) path=1
learned targeted exit AreaKey { scene: 17, anchor: (1472, 1152) } event=251 -> AreaKey { scene: 17, anchor: (1280, 768) }
marked destination touch VisitKey { scene: 17, area: (1280, 768), event_id: 251, trigger_script: 8519, state: 1 }
learned exit AreaKey { scene: 17, anchor: (1472, 1152) } event=251 -> AreaKey { scene: 17, anchor: (1280, 768) }
area teleport in scene 17 at frame 66074: (1456, 1144) -> (1280, 816)
target scene=17 area=(1280, 768) event=251 script=8519 mode=4 state=1 player=(1280, 816) pos=(1296, 824) path=1
learned targeted exit AreaKey { scene: 17, anchor: (1280, 768) } event=251 -> AreaKey { scene: 17, anchor: (1472, 1152) }
marked destination touch VisitKey { scene: 17, area: (1472, 1152), event_id: 251, trigger_script: 8524, state: 1 }
learned exit AreaKey { scene: 17, anchor: (1280, 768) } event=251 -> AreaKey { scene: 17, anchor: (1472, 1152) }
area teleport in scene 17 at frame 66158: (1296, 824) -> (1472, 1152)
target scene=17 area=(1472, 1152) event=252 script=8530 mode=4 state=1 player=(1472, 1152) pos=(1440, 1056) path=16
learned targeted exit AreaKey { scene: 17, anchor: (1472, 1152) } event=252 -> AreaKey { scene: 17, anchor: (1024, 1216) }
marked destination touch VisitKey { scene: 17, area: (1024, 1216), event_id: 252, trigger_script: 8533, state: 1 }
learned exit AreaKey { scene: 17, anchor: (1472, 1152) } event=252 -> AreaKey { scene: 17, anchor: (1024, 1216) }
area teleport in scene 17 at frame 66225: (1440, 1056) -> (1040, 1256)
target scene=17 area=(1024, 1216) event=252 script=8533 mode=4 state=1 player=(1040, 1256) pos=(1056, 1248) path=1
learned targeted exit AreaKey { scene: 17, anchor: (1024, 1216) } event=252 -> AreaKey { scene: 17, anchor: (1408, 1024) }
marked destination touch VisitKey { scene: 17, area: (1408, 1024), event_id: 252, trigger_script: 8530, state: 1 }
learned exit AreaKey { scene: 17, anchor: (1024, 1216) } event=252 -> AreaKey { scene: 17, anchor: (1408, 1024) }
area teleport in scene 17 at frame 66277: (1056, 1248) -> (1456, 1048)
target scene=17 area=(1408, 1024) event=253 script=8537 mode=4 state=1 player=(1456, 1048) pos=(1424, 1000) path=6
learned targeted exit AreaKey { scene: 17, anchor: (1408, 1024) } event=253 -> AreaKey { scene: 17, anchor: (1216, 896) }
marked destination touch VisitKey { scene: 17, area: (1216, 896), event_id: 253, trigger_script: 8540, state: 1 }
learned exit AreaKey { scene: 17, anchor: (1408, 1024) } event=253 -> AreaKey { scene: 17, anchor: (1216, 896) }
area teleport in scene 17 at frame 66310: (1424, 1000) -> (1216, 896)
target scene=17 area=(1216, 896) event=254 script=8544 mode=4 state=1 player=(1216, 896) pos=(1184, 880) path=2
learned targeted exit AreaKey { scene: 17, anchor: (1216, 896) } event=254 -> AreaKey { scene: 17, anchor: (1088, 832) }
marked destination touch VisitKey { scene: 17, area: (1088, 832), event_id: 254, trigger_script: 8547, state: 1 }
learned exit AreaKey { scene: 17, anchor: (1216, 896) } event=254 -> AreaKey { scene: 17, anchor: (1088, 832) }
area teleport in scene 17 at frame 66325: (1184, 880) -> (1088, 832)
target scene=17 area=(1088, 832) event=258 script=8576 mode=4 state=1 player=(1088, 832) pos=(1088, 736) path=14
learned targeted exit AreaKey { scene: 17, anchor: (1088, 832) } event=258 -> AreaKey { scene: 17, anchor: (512, 512) }
marked destination touch VisitKey { scene: 17, area: (512, 512), event_id: 258, trigger_script: 8580, state: 1 }
learned exit AreaKey { scene: 17, anchor: (1088, 832) } event=258 -> AreaKey { scene: 17, anchor: (512, 512) }
area teleport in scene 17 at frame 66408: (1088, 736) -> (544, 544)
target scene=17 area=(512, 512) event=258 script=8580 mode=4 state=1 player=(544, 544) pos=(560, 552) path=1
learned targeted exit AreaKey { scene: 17, anchor: (512, 512) } event=258 -> AreaKey { scene: 17, anchor: (1088, 704) }
marked destination touch VisitKey { scene: 17, area: (1088, 704), event_id: 258, trigger_script: 8576, state: 1 }
learned exit AreaKey { scene: 17, anchor: (512, 512) } event=258 -> AreaKey { scene: 17, anchor: (1088, 704) }
area teleport in scene 17 at frame 66478: (560, 552) -> (1104, 728)
target scene=17 area=(1088, 704) event=259 script=8585 mode=4 state=1 player=(1104, 728) pos=(1136, 600) path=16
learned targeted exit AreaKey { scene: 17, anchor: (1088, 704) } event=259 -> AreaKey { scene: 17, anchor: (832, 448) }
marked destination touch VisitKey { scene: 17, area: (832, 448), event_id: 259, trigger_script: 8588, state: 1 }
learned exit AreaKey { scene: 17, anchor: (1088, 704) } event=259 -> AreaKey { scene: 17, anchor: (832, 448) }
area teleport in scene 17 at frame 66533: (1136, 600) -> (832, 448)
target scene=17 area=(832, 448) event=259 script=8588 mode=4 state=1 player=(832, 448) pos=(848, 456) path=1
learned targeted exit AreaKey { scene: 17, anchor: (832, 448) } event=259 -> AreaKey { scene: 17, anchor: (1152, 576) }
marked destination touch VisitKey { scene: 17, area: (1152, 576), event_id: 259, trigger_script: 8585, state: 1 }
learned exit AreaKey { scene: 17, anchor: (832, 448) } event=259 -> AreaKey { scene: 17, anchor: (1152, 576) }
area teleport in scene 17 at frame 66573: (848, 456) -> (1152, 608)
target scene=17 area=(1152, 576) event=259 script=8585 mode=4 state=1 player=(1152, 608) pos=(1136, 600) path=1
learned targeted exit AreaKey { scene: 17, anchor: (1152, 576) } event=259 -> AreaKey { scene: 17, anchor: (832, 448) }
marked destination touch VisitKey { scene: 17, area: (832, 448), event_id: 259, trigger_script: 8588, state: 1 }
learned exit AreaKey { scene: 17, anchor: (1152, 576) } event=259 -> AreaKey { scene: 17, anchor: (832, 448) }
area teleport in scene 17 at frame 66613: (1136, 600) -> (832, 448)
target scene=17 area=(832, 448) event=259 script=8588 mode=4 state=1 player=(832, 448) pos=(848, 456) path=1
learned targeted exit AreaKey { scene: 17, anchor: (832, 448) } event=259 -> AreaKey { scene: 17, anchor: (1152, 576) }
marked destination touch VisitKey { scene: 17, area: (1152, 576), event_id: 259, trigger_script: 8585, state: 1 }
learned exit AreaKey { scene: 17, anchor: (832, 448) } event=259 -> AreaKey { scene: 17, anchor: (1152, 576) }
area teleport in scene 17 at frame 66653: (848, 456) -> (1152, 608)
target scene=17 area=(1152, 576) event=258 script=8576 mode=4 state=1 player=(1152, 608) pos=(1088, 736) path=16
learned targeted exit AreaKey { scene: 17, anchor: (1152, 576) } event=258 -> AreaKey { scene: 17, anchor: (512, 512) }
marked destination touch VisitKey { scene: 17, area: (512, 512), event_id: 258, trigger_script: 8580, state: 1 }
learned exit AreaKey { scene: 17, anchor: (1152, 576) } event=258 -> AreaKey { scene: 17, anchor: (512, 512) }
area teleport in scene 17 at frame 66738: (1088, 736) -> (544, 544)
target scene=17 area=(512, 512) event=258 script=8580 mode=4 state=1 player=(544, 544) pos=(560, 552) path=1
learned targeted exit AreaKey { scene: 17, anchor: (512, 512) } event=258 -> AreaKey { scene: 17, anchor: (1088, 704) }
marked destination touch VisitKey { scene: 17, area: (1088, 704), event_id: 258, trigger_script: 8576, state: 1 }
learned exit AreaKey { scene: 17, anchor: (512, 512) } event=258 -> AreaKey { scene: 17, anchor: (1088, 704) }
area teleport in scene 17 at frame 66808: (560, 552) -> (1104, 728)
target scene=17 area=(1088, 704) event=254 script=8547 mode=4 state=1 player=(1104, 728) pos=(1104, 840) path=14
learned targeted exit AreaKey { scene: 17, anchor: (1088, 704) } event=254 -> AreaKey { scene: 17, anchor: (1152, 832) }
marked destination touch VisitKey { scene: 17, area: (1152, 832), event_id: 254, trigger_script: 8544, state: 1 }
learned exit AreaKey { scene: 17, anchor: (1088, 704) } event=254 -> AreaKey { scene: 17, anchor: (1152, 832) }
area teleport in scene 17 at frame 66835: (1104, 840) -> (1200, 888)
target scene=17 area=(1152, 832) event=254 script=8544 mode=4 state=1 player=(1200, 888) pos=(1184, 880) path=1
learned targeted exit AreaKey { scene: 17, anchor: (1152, 832) } event=254 -> AreaKey { scene: 17, anchor: (1088, 832) }
marked destination touch VisitKey { scene: 17, area: (1088, 832), event_id: 254, trigger_script: 8547, state: 1 }
learned exit AreaKey { scene: 17, anchor: (1152, 832) } event=254 -> AreaKey { scene: 17, anchor: (1088, 832) }
area teleport in scene 17 at frame 66849: (1184, 880) -> (1088, 832)
target scene=17 area=(1088, 832) event=254 script=8547 mode=4 state=1 player=(1088, 832) pos=(1104, 840) path=1
learned targeted exit AreaKey { scene: 17, anchor: (1088, 832) } event=254 -> AreaKey { scene: 17, anchor: (1152, 832) }
marked destination touch VisitKey { scene: 17, area: (1152, 832), event_id: 254, trigger_script: 8544, state: 1 }
learned exit AreaKey { scene: 17, anchor: (1088, 832) } event=254 -> AreaKey { scene: 17, anchor: (1152, 832) }
area teleport in scene 17 at frame 66863: (1104, 840) -> (1200, 888)
target scene=17 area=(1152, 832) event=253 script=8540 mode=4 state=1 player=(1200, 888) pos=(1232, 904) path=2
learned targeted exit AreaKey { scene: 17, anchor: (1152, 832) } event=253 -> AreaKey { scene: 17, anchor: (1408, 960) }
marked destination touch VisitKey { scene: 17, area: (1408, 960), event_id: 253, trigger_script: 8537, state: 1 }
learned exit AreaKey { scene: 17, anchor: (1152, 832) } event=253 -> AreaKey { scene: 17, anchor: (1408, 960) }
area teleport in scene 17 at frame 66892: (1232, 904) -> (1440, 1008)
target scene=17 area=(1408, 960) event=253 script=8537 mode=4 state=1 player=(1440, 1008) pos=(1424, 1000) path=1
learned targeted exit AreaKey { scene: 17, anchor: (1408, 960) } event=253 -> AreaKey { scene: 17, anchor: (1216, 896) }
marked destination touch VisitKey { scene: 17, area: (1216, 896), event_id: 253, trigger_script: 8540, state: 1 }
learned exit AreaKey { scene: 17, anchor: (1408, 960) } event=253 -> AreaKey { scene: 17, anchor: (1216, 896) }
area teleport in scene 17 at frame 66920: (1424, 1000) -> (1216, 896)
target scene=17 area=(1216, 896) event=255 script=8551 mode=4 state=1 player=(1216, 896) pos=(1248, 880) path=2
learned targeted exit AreaKey { scene: 17, anchor: (1216, 896) } event=255 -> AreaKey { scene: 17, anchor: (896, 384) }
marked destination touch VisitKey { scene: 17, area: (896, 384), event_id: 255, trigger_script: 8555, state: 1 }
learned exit AreaKey { scene: 17, anchor: (1216, 896) } event=255 -> AreaKey { scene: 17, anchor: (896, 384) }
area teleport in scene 17 at frame 67041: (1248, 880) -> (912, 408)
target scene=17 area=(896, 384) event=237 script=9193 mode=2 state=2 player=(912, 408) pos=(784, 216) path=31
target scene=17 area=(896, 384) event=255 script=8555 mode=4 state=1 player=(832, 240) pos=(928, 416) path=32
learned targeted exit AreaKey { scene: 17, anchor: (896, 384) } event=255 -> AreaKey { scene: 17, anchor: (1216, 832) }
marked destination touch VisitKey { scene: 17, area: (1216, 832), event_id: 255, trigger_script: 8551, state: 1 }
learned exit AreaKey { scene: 17, anchor: (896, 384) } event=255 -> AreaKey { scene: 17, anchor: (1216, 832) }
area teleport in scene 17 at frame 67223: (928, 416) -> (1232, 888)
target scene=17 area=(1216, 832) event=255 script=8551 mode=4 state=1 player=(1232, 888) pos=(1248, 880) path=1
learned targeted exit AreaKey { scene: 17, anchor: (1216, 832) } event=255 -> AreaKey { scene: 17, anchor: (896, 384) }
marked destination touch VisitKey { scene: 17, area: (896, 384), event_id: 255, trigger_script: 8555, state: 1 }
learned exit AreaKey { scene: 17, anchor: (1216, 832) } event=255 -> AreaKey { scene: 17, anchor: (896, 384) }
area teleport in scene 17 at frame 67343: (1248, 880) -> (912, 408)
target scene=17 area=(896, 384) event=237 script=9193 mode=2 state=2 player=(912, 408) pos=(784, 216) path=31
target scene=17 area=(896, 384) event=255 script=8555 mode=4 state=1 player=(832, 240) pos=(928, 416) path=32
learned targeted exit AreaKey { scene: 17, anchor: (896, 384) } event=255 -> AreaKey { scene: 17, anchor: (1216, 832) }
marked destination touch VisitKey { scene: 17, area: (1216, 832), event_id: 255, trigger_script: 8551, state: 1 }
learned exit AreaKey { scene: 17, anchor: (896, 384) } event=255 -> AreaKey { scene: 17, anchor: (1216, 832) }
area teleport in scene 17 at frame 67525: (928, 416) -> (1232, 888)
target scene=17 area=(1216, 832) event=253 script=8540 mode=4 state=1 player=(1232, 888) pos=(1232, 904) path=2
learned targeted exit AreaKey { scene: 17, anchor: (1216, 832) } event=253 -> AreaKey { scene: 17, anchor: (1408, 960) }
marked destination touch VisitKey { scene: 17, area: (1408, 960), event_id: 253, trigger_script: 8537, state: 1 }
learned exit AreaKey { scene: 17, anchor: (1216, 832) } event=253 -> AreaKey { scene: 17, anchor: (1408, 960) }
area teleport in scene 17 at frame 67554: (1232, 904) -> (1440, 1008)
target scene=17 area=(1408, 960) event=252 script=8530 mode=4 state=1 player=(1440, 1008) pos=(1440, 1056) path=6
learned targeted exit AreaKey { scene: 17, anchor: (1408, 960) } event=252 -> AreaKey { scene: 17, anchor: (1024, 1216) }
marked destination touch VisitKey { scene: 17, area: (1024, 1216), event_id: 252, trigger_script: 8533, state: 1 }
learned exit AreaKey { scene: 17, anchor: (1408, 960) } event=252 -> AreaKey { scene: 17, anchor: (1024, 1216) }
area teleport in scene 17 at frame 67611: (1440, 1056) -> (1040, 1256)
target scene=17 area=(1024, 1216) event=252 script=8533 mode=4 state=1 player=(1040, 1256) pos=(1056, 1248) path=1
learned targeted exit AreaKey { scene: 17, anchor: (1024, 1216) } event=252 -> AreaKey { scene: 17, anchor: (1408, 1024) }
marked destination touch VisitKey { scene: 17, area: (1408, 1024), event_id: 252, trigger_script: 8530, state: 1 }
learned exit AreaKey { scene: 17, anchor: (1024, 1216) } event=252 -> AreaKey { scene: 17, anchor: (1408, 1024) }
area teleport in scene 17 at frame 67663: (1056, 1248) -> (1456, 1048)
target scene=17 area=(1408, 1024) event=251 script=8524 mode=4 state=1 player=(1456, 1048) pos=(1456, 1144) path=16
learned targeted exit AreaKey { scene: 17, anchor: (1408, 1024) } event=251 -> AreaKey { scene: 17, anchor: (1280, 768) }
marked destination touch VisitKey { scene: 17, area: (1280, 768), event_id: 251, trigger_script: 8519, state: 1 }
learned exit AreaKey { scene: 17, anchor: (1408, 1024) } event=251 -> AreaKey { scene: 17, anchor: (1280, 768) }
area teleport in scene 17 at frame 67762: (1456, 1144) -> (1280, 816)
target scene=17 area=(1280, 768) event=251 script=8519 mode=4 state=1 player=(1280, 816) pos=(1296, 824) path=1
learned targeted exit AreaKey { scene: 17, anchor: (1280, 768) } event=251 -> AreaKey { scene: 17, anchor: (1472, 1152) }
marked destination touch VisitKey { scene: 17, area: (1472, 1152), event_id: 251, trigger_script: 8524, state: 1 }
learned exit AreaKey { scene: 17, anchor: (1280, 768) } event=251 -> AreaKey { scene: 17, anchor: (1472, 1152) }
area teleport in scene 17 at frame 67846: (1296, 824) -> (1472, 1152)
target scene=17 area=(1472, 1152) event=251 script=8524 mode=4 state=1 player=(1472, 1152) pos=(1456, 1144) path=1
learned targeted exit AreaKey { scene: 17, anchor: (1472, 1152) } event=251 -> AreaKey { scene: 17, anchor: (1280, 768) }
marked destination touch VisitKey { scene: 17, area: (1280, 768), event_id: 251, trigger_script: 8519, state: 1 }
learned exit AreaKey { scene: 17, anchor: (1472, 1152) } event=251 -> AreaKey { scene: 17, anchor: (1280, 768) }
area teleport in scene 17 at frame 67930: (1456, 1144) -> (1280, 816)
target scene=17 area=(1280, 768) event=251 script=8519 mode=4 state=1 player=(1280, 816) pos=(1296, 824) path=1
learned targeted exit AreaKey { scene: 17, anchor: (1280, 768) } event=251 -> AreaKey { scene: 17, anchor: (1472, 1152) }
marked destination touch VisitKey { scene: 17, area: (1472, 1152), event_id: 251, trigger_script: 8524, state: 1 }
learned exit AreaKey { scene: 17, anchor: (1280, 768) } event=251 -> AreaKey { scene: 17, anchor: (1472, 1152) }
area teleport in scene 17 at frame 68014: (1296, 824) -> (1472, 1152)
target scene=17 area=(1472, 1152) event=252 script=8530 mode=4 state=1 player=(1472, 1152) pos=(1440, 1056) path=16
learned targeted exit AreaKey { scene: 17, anchor: (1472, 1152) } event=252 -> AreaKey { scene: 17, anchor: (1024, 1216) }
marked destination touch VisitKey { scene: 17, area: (1024, 1216), event_id: 252, trigger_script: 8533, state: 1 }
learned exit AreaKey { scene: 17, anchor: (1472, 1152) } event=252 -> AreaKey { scene: 17, anchor: (1024, 1216) }
area teleport in scene 17 at frame 68081: (1440, 1056) -> (1040, 1256)
target scene=17 area=(1024, 1216) event=252 script=8533 mode=4 state=1 player=(1040, 1256) pos=(1056, 1248) path=1
learned targeted exit AreaKey { scene: 17, anchor: (1024, 1216) } event=252 -> AreaKey { scene: 17, anchor: (1408, 1024) }
marked destination touch VisitKey { scene: 17, area: (1408, 1024), event_id: 252, trigger_script: 8530, state: 1 }
learned exit AreaKey { scene: 17, anchor: (1024, 1216) } event=252 -> AreaKey { scene: 17, anchor: (1408, 1024) }
area teleport in scene 17 at frame 68133: (1056, 1248) -> (1456, 1048)
target scene=17 area=(1408, 1024) event=253 script=8537 mode=4 state=1 player=(1456, 1048) pos=(1424, 1000) path=6
learned targeted exit AreaKey { scene: 17, anchor: (1408, 1024) } event=253 -> AreaKey { scene: 17, anchor: (1216, 896) }
marked destination touch VisitKey { scene: 17, area: (1216, 896), event_id: 253, trigger_script: 8540, state: 1 }
learned exit AreaKey { scene: 17, anchor: (1408, 1024) } event=253 -> AreaKey { scene: 17, anchor: (1216, 896) }
area teleport in scene 17 at frame 68166: (1424, 1000) -> (1216, 896)
target scene=17 area=(1216, 896) event=254 script=8544 mode=4 state=1 player=(1216, 896) pos=(1184, 880) path=2
learned targeted exit AreaKey { scene: 17, anchor: (1216, 896) } event=254 -> AreaKey { scene: 17, anchor: (1088, 832) }
marked destination touch VisitKey { scene: 17, area: (1088, 832), event_id: 254, trigger_script: 8547, state: 1 }
learned exit AreaKey { scene: 17, anchor: (1216, 896) } event=254 -> AreaKey { scene: 17, anchor: (1088, 832) }
area teleport in scene 17 at frame 68181: (1184, 880) -> (1088, 832)
target scene=17 area=(1088, 832) event=256 script=8560 mode=4 state=1 player=(1088, 832) pos=(1232, 776) path=9
learned targeted exit AreaKey { scene: 17, anchor: (1088, 832) } event=256 -> AreaKey { scene: 17, anchor: (1280, 512) }
marked destination touch VisitKey { scene: 17, area: (1280, 512), event_id: 256, trigger_script: 8564, state: 1 }
learned exit AreaKey { scene: 17, anchor: (1088, 832) } event=256 -> AreaKey { scene: 17, anchor: (1280, 512) }
area teleport in scene 17 at frame 68243: (1232, 776) -> (1328, 568)
target scene=17 area=(1280, 512) event=264 script=887 mode=1 state=2 player=(1328, 568) pos=(1408, 432) path=44
marked destination touch VisitKey { scene: 17, area: (1024, 448), event_id: 260, trigger_script: 8595, state: 1 }
learned exit AreaKey { scene: 17, anchor: (1280, 512) } event=260 -> AreaKey { scene: 17, anchor: (1024, 448) }
area teleport in scene 17 at frame 68273: (1280, 560) -> (1072, 456)
target scene=17 area=(1024, 448) event=264 script=887 mode=1 state=2 player=(1072, 456) pos=(1408, 432) path=24
target scene=17 area=(1024, 448) event=260 script=8595 mode=4 state=1 player=(1392, 424) pos=(1104, 472) path=26
learned targeted exit AreaKey { scene: 17, anchor: (1024, 448) } event=260 -> AreaKey { scene: 17, anchor: (1280, 512) }
marked destination touch VisitKey { scene: 17, area: (1280, 512), event_id: 260, trigger_script: 8601, state: 1 }
learned exit AreaKey { scene: 17, anchor: (1024, 448) } event=260 -> AreaKey { scene: 17, anchor: (1280, 512) }
area teleport in scene 17 at frame 68348: (1104, 472) -> (1296, 568)
target scene=17 area=(1280, 512) event=257 script=8569 mode=4 state=1 player=(1296, 568) pos=(1344, 560) path=3
learned targeted exit AreaKey { scene: 17, anchor: (1280, 512) } event=257 -> AreaKey { scene: 17, anchor: (1408, 512) }
marked destination touch VisitKey { scene: 17, area: (1408, 512), event_id: 256, trigger_script: 8564, state: 1 }
learned exit AreaKey { scene: 17, anchor: (1280, 512) } event=256 -> AreaKey { scene: 17, anchor: (1408, 512) }
marked destination touch VisitKey { scene: 17, area: (1408, 512), event_id: 257, trigger_script: 8572, state: 1 }
learned exit AreaKey { scene: 17, anchor: (1280, 512) } event=257 -> AreaKey { scene: 17, anchor: (1408, 512) }
area teleport in scene 17 at frame 68362: (1344, 560) -> (1424, 520)
target scene=17 area=(1408, 512) event=257 script=8572 mode=4 state=1 player=(1424, 520) pos=(1408, 528) path=1
learned targeted exit AreaKey { scene: 17, anchor: (1408, 512) } event=257 -> AreaKey { scene: 17, anchor: (1280, 512) }
marked destination touch VisitKey { scene: 17, area: (1280, 512), event_id: 257, trigger_script: 8569, state: 1 }
learned exit AreaKey { scene: 17, anchor: (1408, 512) } event=257 -> AreaKey { scene: 17, anchor: (1280, 512) }
area teleport in scene 17 at frame 68374: (1408, 528) -> (1328, 568)
target scene=17 area=(1280, 512) event=264 script=887 mode=1 state=2 player=(1328, 568) pos=(1408, 432) path=44
marked destination touch VisitKey { scene: 17, area: (1024, 448), event_id: 260, trigger_script: 8595, state: 1 }
learned exit AreaKey { scene: 17, anchor: (1280, 512) } event=260 -> AreaKey { scene: 17, anchor: (1024, 448) }
area teleport in scene 17 at frame 68404: (1280, 560) -> (1072, 456)
target scene=17 area=(1024, 448) event=264 script=887 mode=1 state=2 player=(1072, 456) pos=(1408, 432) path=24
target scene=17 area=(1024, 448) event=260 script=8595 mode=4 state=1 player=(1392, 424) pos=(1104, 472) path=26
learned targeted exit AreaKey { scene: 17, anchor: (1024, 448) } event=260 -> AreaKey { scene: 17, anchor: (1280, 512) }
marked destination touch VisitKey { scene: 17, area: (1280, 512), event_id: 260, trigger_script: 8601, state: 1 }
learned exit AreaKey { scene: 17, anchor: (1024, 448) } event=260 -> AreaKey { scene: 17, anchor: (1280, 512) }
area teleport in scene 17 at frame 68479: (1104, 472) -> (1296, 568)
target scene=17 area=(1280, 512) event=256 script=8564 mode=4 state=1 player=(1296, 568) pos=(1344, 576) path=3
learned targeted exit AreaKey { scene: 17, anchor: (1280, 512) } event=256 -> AreaKey { scene: 17, anchor: (1216, 768) }
marked destination touch VisitKey { scene: 17, area: (1216, 768), event_id: 256, trigger_script: 8560, state: 1 }
learned exit AreaKey { scene: 17, anchor: (1280, 512) } event=256 -> AreaKey { scene: 17, anchor: (1216, 768) }
marked destination touch VisitKey { scene: 17, area: (1216, 768), event_id: 257, trigger_script: 8569, state: 1 }
learned exit AreaKey { scene: 17, anchor: (1280, 512) } event=257 -> AreaKey { scene: 17, anchor: (1216, 768) }
area teleport in scene 17 at frame 68535: (1344, 576) -> (1216, 784)
target scene=17 area=(1216, 768) event=258 script=8576 mode=4 state=1 player=(1216, 784) pos=(1088, 736) path=8
learned targeted exit AreaKey { scene: 17, anchor: (1216, 768) } event=258 -> AreaKey { scene: 17, anchor: (512, 512) }
marked destination touch VisitKey { scene: 17, area: (512, 512), event_id: 258, trigger_script: 8580, state: 1 }
learned exit AreaKey { scene: 17, anchor: (1216, 768) } event=258 -> AreaKey { scene: 17, anchor: (512, 512) }
area teleport in scene 17 at frame 68612: (1088, 736) -> (544, 544)
target scene=17 area=(512, 512) event=258 script=8580 mode=4 state=1 player=(544, 544) pos=(560, 552) path=1
learned targeted exit AreaKey { scene: 17, anchor: (512, 512) } event=258 -> AreaKey { scene: 17, anchor: (1088, 704) }
marked destination touch VisitKey { scene: 17, area: (1088, 704), event_id: 258, trigger_script: 8576, state: 1 }
learned exit AreaKey { scene: 17, anchor: (512, 512) } event=258 -> AreaKey { scene: 17, anchor: (1088, 704) }
area teleport in scene 17 at frame 68682: (560, 552) -> (1104, 728)
target scene=17 area=(1088, 704) event=259 script=8585 mode=4 state=1 player=(1104, 728) pos=(1136, 600) path=16
learned targeted exit AreaKey { scene: 17, anchor: (1088, 704) } event=259 -> AreaKey { scene: 17, anchor: (832, 448) }
marked destination touch VisitKey { scene: 17, area: (832, 448), event_id: 259, trigger_script: 8588, state: 1 }
learned exit AreaKey { scene: 17, anchor: (1088, 704) } event=259 -> AreaKey { scene: 17, anchor: (832, 448) }
area teleport in scene 17 at frame 68737: (1136, 600) -> (832, 448)
target scene=17 area=(832, 448) event=259 script=8588 mode=4 state=1 player=(832, 448) pos=(848, 456) path=1
learned targeted exit AreaKey { scene: 17, anchor: (832, 448) } event=259 -> AreaKey { scene: 17, anchor: (1152, 576) }
marked destination touch VisitKey { scene: 17, area: (1152, 576), event_id: 259, trigger_script: 8585, state: 1 }
learned exit AreaKey { scene: 17, anchor: (832, 448) } event=259 -> AreaKey { scene: 17, anchor: (1152, 576) }
area teleport in scene 17 at frame 68777: (848, 456) -> (1152, 608)
target scene=17 area=(1152, 576) event=259 script=8585 mode=4 state=1 player=(1152, 608) pos=(1136, 600) path=1
learned targeted exit AreaKey { scene: 17, anchor: (1152, 576) } event=259 -> AreaKey { scene: 17, anchor: (832, 448) }
marked destination touch VisitKey { scene: 17, area: (832, 448), event_id: 259, trigger_script: 8588, state: 1 }
learned exit AreaKey { scene: 17, anchor: (1152, 576) } event=259 -> AreaKey { scene: 17, anchor: (832, 448) }
area teleport in scene 17 at frame 68817: (1136, 600) -> (832, 448)
target scene=17 area=(832, 448) event=259 script=8588 mode=4 state=1 player=(832, 448) pos=(848, 456) path=1
learned targeted exit AreaKey { scene: 17, anchor: (832, 448) } event=259 -> AreaKey { scene: 17, anchor: (1152, 576) }
marked destination touch VisitKey { scene: 17, area: (1152, 576), event_id: 259, trigger_script: 8585, state: 1 }
learned exit AreaKey { scene: 17, anchor: (832, 448) } event=259 -> AreaKey { scene: 17, anchor: (1152, 576) }
area teleport in scene 17 at frame 68857: (848, 456) -> (1152, 608)
target scene=17 area=(1152, 576) event=258 script=8576 mode=4 state=1 player=(1152, 608) pos=(1088, 736) path=16
learned targeted exit AreaKey { scene: 17, anchor: (1152, 576) } event=258 -> AreaKey { scene: 17, anchor: (512, 512) }
marked destination touch VisitKey { scene: 17, area: (512, 512), event_id: 258, trigger_script: 8580, state: 1 }
learned exit AreaKey { scene: 17, anchor: (1152, 576) } event=258 -> AreaKey { scene: 17, anchor: (512, 512) }
area teleport in scene 17 at frame 68942: (1088, 736) -> (544, 544)
target scene=17 area=(512, 512) event=258 script=8580 mode=4 state=1 player=(544, 544) pos=(560, 552) path=1
learned targeted exit AreaKey { scene: 17, anchor: (512, 512) } event=258 -> AreaKey { scene: 17, anchor: (1088, 704) }
marked destination touch VisitKey { scene: 17, area: (1088, 704), event_id: 258, trigger_script: 8576, state: 1 }
learned exit AreaKey { scene: 17, anchor: (512, 512) } event=258 -> AreaKey { scene: 17, anchor: (1088, 704) }
area teleport in scene 17 at frame 69012: (560, 552) -> (1104, 728)
target scene=17 area=(1088, 704) event=254 script=8547 mode=4 state=1 player=(1104, 728) pos=(1104, 840) path=14
learned targeted exit AreaKey { scene: 17, anchor: (1088, 704) } event=254 -> AreaKey { scene: 17, anchor: (1152, 832) }
marked destination touch VisitKey { scene: 17, area: (1152, 832), event_id: 254, trigger_script: 8544, state: 1 }
learned exit AreaKey { scene: 17, anchor: (1088, 704) } event=254 -> AreaKey { scene: 17, anchor: (1152, 832) }
area teleport in scene 17 at frame 69039: (1104, 840) -> (1200, 888)
target scene=17 area=(1152, 832) event=254 script=8544 mode=4 state=1 player=(1200, 888) pos=(1184, 880) path=1
learned targeted exit AreaKey { scene: 17, anchor: (1152, 832) } event=254 -> AreaKey { scene: 17, anchor: (1088, 832) }
marked destination touch VisitKey { scene: 17, area: (1088, 832), event_id: 254, trigger_script: 8547, state: 1 }
learned exit AreaKey { scene: 17, anchor: (1152, 832) } event=254 -> AreaKey { scene: 17, anchor: (1088, 832) }
area teleport in scene 17 at frame 69053: (1184, 880) -> (1088, 832)
target scene=17 area=(1088, 832) event=254 script=8547 mode=4 state=1 player=(1088, 832) pos=(1104, 840) path=1
learned targeted exit AreaKey { scene: 17, anchor: (1088, 832) } event=254 -> AreaKey { scene: 17, anchor: (1152, 832) }
marked destination touch VisitKey { scene: 17, area: (1152, 832), event_id: 254, trigger_script: 8544, state: 1 }
learned exit AreaKey { scene: 17, anchor: (1088, 832) } event=254 -> AreaKey { scene: 17, anchor: (1152, 832) }
area teleport in scene 17 at frame 69067: (1104, 840) -> (1200, 888)
target scene=17 area=(1152, 832) event=253 script=8540 mode=4 state=1 player=(1200, 888) pos=(1232, 904) path=2
learned targeted exit AreaKey { scene: 17, anchor: (1152, 832) } event=253 -> AreaKey { scene: 17, anchor: (1408, 960) }
marked destination touch VisitKey { scene: 17, area: (1408, 960), event_id: 253, trigger_script: 8537, state: 1 }
learned exit AreaKey { scene: 17, anchor: (1152, 832) } event=253 -> AreaKey { scene: 17, anchor: (1408, 960) }
area teleport in scene 17 at frame 69096: (1232, 904) -> (1440, 1008)
target scene=17 area=(1408, 960) event=253 script=8537 mode=4 state=1 player=(1440, 1008) pos=(1424, 1000) path=1
learned targeted exit AreaKey { scene: 17, anchor: (1408, 960) } event=253 -> AreaKey { scene: 17, anchor: (1216, 896) }
marked destination touch VisitKey { scene: 17, area: (1216, 896), event_id: 253, trigger_script: 8540, state: 1 }
learned exit AreaKey { scene: 17, anchor: (1408, 960) } event=253 -> AreaKey { scene: 17, anchor: (1216, 896) }
area teleport in scene 17 at frame 69124: (1424, 1000) -> (1216, 896)
target scene=17 area=(1216, 896) event=255 script=8551 mode=4 state=1 player=(1216, 896) pos=(1248, 880) path=2
learned targeted exit AreaKey { scene: 17, anchor: (1216, 896) } event=255 -> AreaKey { scene: 17, anchor: (896, 384) }
marked destination touch VisitKey { scene: 17, area: (896, 384), event_id: 255, trigger_script: 8555, state: 1 }
learned exit AreaKey { scene: 17, anchor: (1216, 896) } event=255 -> AreaKey { scene: 17, anchor: (896, 384) }
area teleport in scene 17 at frame 69245: (1248, 880) -> (912, 408)
target scene=17 area=(896, 384) event=237 script=9193 mode=2 state=2 player=(912, 408) pos=(784, 216) path=31
target scene=17 area=(896, 384) event=255 script=8555 mode=4 state=1 player=(832, 240) pos=(928, 416) path=32
learned targeted exit AreaKey { scene: 17, anchor: (896, 384) } event=255 -> AreaKey { scene: 17, anchor: (1216, 832) }
marked destination touch VisitKey { scene: 17, area: (1216, 832), event_id: 255, trigger_script: 8551, state: 1 }
learned exit AreaKey { scene: 17, anchor: (896, 384) } event=255 -> AreaKey { scene: 17, anchor: (1216, 832) }
area teleport in scene 17 at frame 69427: (928, 416) -> (1232, 888)
target scene=17 area=(1216, 832) event=255 script=8551 mode=4 state=1 player=(1232, 888) pos=(1248, 880) path=1
learned targeted exit AreaKey { scene: 17, anchor: (1216, 832) } event=255 -> AreaKey { scene: 17, anchor: (896, 384) }
marked destination touch VisitKey { scene: 17, area: (896, 384), event_id: 255, trigger_script: 8555, state: 1 }
learned exit AreaKey { scene: 17, anchor: (1216, 832) } event=255 -> AreaKey { scene: 17, anchor: (896, 384) }
area teleport in scene 17 at frame 69547: (1248, 880) -> (912, 408)
target scene=17 area=(896, 384) event=237 script=9193 mode=2 state=2 player=(912, 408) pos=(784, 216) path=31
target scene=17 area=(896, 384) event=255 script=8555 mode=4 state=1 player=(832, 240) pos=(928, 416) path=32
learned targeted exit AreaKey { scene: 17, anchor: (896, 384) } event=255 -> AreaKey { scene: 17, anchor: (1216, 832) }
marked destination touch VisitKey { scene: 17, area: (1216, 832), event_id: 255, trigger_script: 8551, state: 1 }
learned exit AreaKey { scene: 17, anchor: (896, 384) } event=255 -> AreaKey { scene: 17, anchor: (1216, 832) }
area teleport in scene 17 at frame 69729: (928, 416) -> (1232, 888)
target scene=17 area=(1216, 832) event=253 script=8540 mode=4 state=1 player=(1232, 888) pos=(1232, 904) path=2
learned targeted exit AreaKey { scene: 17, anchor: (1216, 832) } event=253 -> AreaKey { scene: 17, anchor: (1408, 960) }
marked destination touch VisitKey { scene: 17, area: (1408, 960), event_id: 253, trigger_script: 8537, state: 1 }
learned exit AreaKey { scene: 17, anchor: (1216, 832) } event=253 -> AreaKey { scene: 17, anchor: (1408, 960) }
area teleport in scene 17 at frame 69758: (1232, 904) -> (1440, 1008)
target scene=17 area=(1408, 960) event=252 script=8530 mode=4 state=1 player=(1440, 1008) pos=(1440, 1056) path=6
learned targeted exit AreaKey { scene: 17, anchor: (1408, 960) } event=252 -> AreaKey { scene: 17, anchor: (1024, 1216) }
marked destination touch VisitKey { scene: 17, area: (1024, 1216), event_id: 252, trigger_script: 8533, state: 1 }
learned exit AreaKey { scene: 17, anchor: (1408, 960) } event=252 -> AreaKey { scene: 17, anchor: (1024, 1216) }
area teleport in scene 17 at frame 69815: (1440, 1056) -> (1040, 1256)
target scene=17 area=(1024, 1216) event=252 script=8533 mode=4 state=1 player=(1040, 1256) pos=(1056, 1248) path=1
learned targeted exit AreaKey { scene: 17, anchor: (1024, 1216) } event=252 -> AreaKey { scene: 17, anchor: (1408, 1024) }
marked destination touch VisitKey { scene: 17, area: (1408, 1024), event_id: 252, trigger_script: 8530, state: 1 }
learned exit AreaKey { scene: 17, anchor: (1024, 1216) } event=252 -> AreaKey { scene: 17, anchor: (1408, 1024) }
area teleport in scene 17 at frame 69867: (1056, 1248) -> (1456, 1048)
target scene=17 area=(1408, 1024) event=251 script=8524 mode=4 state=1 player=(1456, 1048) pos=(1456, 1144) path=16
