   Compiling rustpal v0.1.0 (/Users/mlv/orca/workspaces/Legend-of-Sword-and-Fairy/gorgonian)
    Finished `release` profile [optimized] target(s) in 1.48s
     Running `target/release/examples/fullgame_autoplay`
resuming recordings/autoplay-probe-checkpoint.rpg at scene=1 position=(1056, 1008)
target scene=3 area=(160, 112) event=74 script=8149 mode=1 state=1 player=(1408, 1424) pos=(1424, 1416) path=0
target scene=3 area=(160, 112) event=75 script=8149 mode=1 state=1 player=(1408, 1424) pos=(1440, 1424) path=1
target scene=3 area=(160, 112) event=71 script=8146 mode=1 state=1 player=(1424, 1416) pos=(1296, 1448) path=43
learned exit AreaKey { scene: 3, anchor: (160, 112) } event=52 -> AreaKey { scene: 1, anchor: (1184, 1056) }
scene 3 -> 1 at frame 2 position (1088, 992)
target scene=1 area=(1184, 1056) event=13 script=4635 mode=5 state=1 player=(1248, 1104) pos=(1200, 1128) path=2
learned targeted exit AreaKey { scene: 1, anchor: (1184, 1056) } event=13 -> AreaKey { scene: 3, anchor: (160, 112) }
learned exit AreaKey { scene: 1, anchor: (1184, 1056) } event=13 -> AreaKey { scene: 3, anchor: (160, 112) }
scene 1 -> 3 at frame 4 position (1248, 1312)
target scene=3 area=(160, 112) event=71 script=8146 mode=1 state=1 player=(1408, 1424) pos=(1296, 1448) path=44
learned exit AreaKey { scene: 3, anchor: (160, 112) } event=51 -> AreaKey { scene: 1, anchor: (1152, 320) }
scene 3 -> 1 at frame 16 position (1040, 248)
target scene=1 area=(1152, 320) event=10 script=4510 mode=2 state=1 player=(1200, 360) pos=(1376, 272) path=8
target scene=1 area=(1152, 320) event=10 script=4520 mode=4 state=1 player=(1328, 296) pos=(1376, 272) path=3
learned targeted exit AreaKey { scene: 1, anchor: (1152, 320) } event=10 -> AreaKey { scene: 1, anchor: (640, 576) }
learned exit AreaKey { scene: 1, anchor: (1152, 320) } event=10 -> AreaKey { scene: 1, anchor: (640, 576) }
area teleport in scene 1 at frame 33: (1376, 272) -> (656, 616)
target scene=1 area=(640, 576) event=8 script=4549 mode=1 state=1 player=(656, 616) pos=(640, 608) path=0
marked destination touch VisitKey { scene: 1, area: (1344, 256), event_id: 2, trigger_script: 69, trigger_mode: 4, state: 1 }
learned exit AreaKey { scene: 1, anchor: (640, 576) } event=2 -> AreaKey { scene: 1, anchor: (1344, 256) }
area teleport in scene 1 at frame 63: (656, 616) -> (1344, 288)
target scene=1 area=(1344, 256) event=10 script=4510 mode=2 state=1 player=(1344, 288) pos=(1376, 272) path=0
target scene=1 area=(1344, 256) event=10 script=4520 mode=4 state=1 player=(1344, 288) pos=(1376, 272) path=2
learned targeted exit AreaKey { scene: 1, anchor: (1344, 256) } event=10 -> AreaKey { scene: 1, anchor: (640, 576) }
learned exit AreaKey { scene: 1, anchor: (1344, 256) } event=10 -> AreaKey { scene: 1, anchor: (640, 576) }
area teleport in scene 1 at frame 71: (1376, 272) -> (656, 616)
target scene=1 area=(640, 576) event=2 script=69 mode=4 state=1 player=(656, 616) pos=(672, 624) path=1
learned targeted exit AreaKey { scene: 1, anchor: (640, 576) } event=2 -> AreaKey { scene: 1, anchor: (704, 640) }
marked destination touch VisitKey { scene: 1, area: (704, 640), event_id: 2, trigger_script: 69, trigger_mode: 4, state: 1 }
learned exit AreaKey { scene: 1, anchor: (640, 576) } event=2 -> AreaKey { scene: 1, anchor: (704, 640) }
area teleport in scene 1 at frame 81: (672, 624) -> (736, 688)
target scene=1 area=(704, 640) event=3 script=42 mode=5 state=1 player=(736, 688) pos=(720, 664) path=1
learned targeted exit AreaKey { scene: 1, anchor: (704, 640) } event=3 -> AreaKey { scene: 1, anchor: (640, 576) }
marked destination touch VisitKey { scene: 1, area: (640, 576), event_id: 3, trigger_script: 42, trigger_mode: 5, state: 1 }
learned exit AreaKey { scene: 1, anchor: (704, 640) } event=3 -> AreaKey { scene: 1, anchor: (640, 576) }
area teleport in scene 1 at frame 91: (720, 680) -> (656, 616)
target scene=1 area=(640, 576) event=2 script=69 mode=4 state=1 player=(656, 616) pos=(672, 624) path=1
learned targeted exit AreaKey { scene: 1, anchor: (640, 576) } event=2 -> AreaKey { scene: 1, anchor: (704, 640) }
marked destination touch VisitKey { scene: 1, area: (704, 640), event_id: 2, trigger_script: 69, trigger_mode: 4, state: 1 }
learned exit AreaKey { scene: 1, anchor: (640, 576) } event=2 -> AreaKey { scene: 1, anchor: (704, 640) }
area teleport in scene 1 at frame 101: (672, 624) -> (736, 688)
target scene=1 area=(704, 640) event=1 script=4667 mode=5 state=1 player=(736, 688) pos=(512, 800) path=13
learned targeted exit AreaKey { scene: 1, anchor: (704, 640) } event=1 -> AreaKey { scene: 3, anchor: (160, 112) }
learned exit AreaKey { scene: 1, anchor: (704, 640) } event=1 -> AreaKey { scene: 3, anchor: (160, 112) }
scene 1 -> 3 at frame 114 position (1280, 1424)
target scene=3 area=(160, 112) event=72 script=8146 mode=1 state=1 player=(1440, 1536) pos=(1312, 1456) path=9
target scene=3 area=(160, 112) event=71 script=8146 mode=1 state=1 player=(1248, 1456) pos=(1296, 1448) path=2
marked destination touch VisitKey { scene: 3, area: (1152, 1344), event_id: 47, trigger_script: 33, trigger_mode: 4, state: 1 }
learned exit AreaKey { scene: 3, anchor: (160, 112) } event=47 -> AreaKey { scene: 3, anchor: (1152, 1344) }
area teleport in scene 3 at frame 140: (1248, 1456) -> (1168, 1368)
continuing target event=71 across area (1152, 1344) path=61
marked destination touch VisitKey { scene: 3, area: (1216, 1408), event_id: 48, trigger_script: 60, trigger_mode: 4, state: 1 }
learned exit AreaKey { scene: 3, anchor: (1152, 1344) } event=48 -> AreaKey { scene: 3, anchor: (1216, 1408) }
area teleport in scene 3 at frame 157: (1168, 1368) -> (1248, 1456)
continuing target event=71 across area (1216, 1408) path=0
target scene=3 area=(1216, 1408) event=72 script=8146 mode=1 state=1 player=(1248, 1456) pos=(1312, 1456) path=3
marked destination touch VisitKey { scene: 3, area: (1152, 1344), event_id: 47, trigger_script: 33, trigger_mode: 4, state: 1 }
learned exit AreaKey { scene: 3, anchor: (1216, 1408) } event=47 -> AreaKey { scene: 3, anchor: (1152, 1344) }
area teleport in scene 3 at frame 170: (1248, 1456) -> (1168, 1368)
continuing target event=72 across area (1152, 1344) path=60
marked destination touch VisitKey { scene: 3, area: (1216, 1408), event_id: 48, trigger_script: 60, trigger_mode: 4, state: 1 }
learned exit AreaKey { scene: 3, anchor: (1152, 1344) } event=48 -> AreaKey { scene: 3, anchor: (1216, 1408) }
area teleport in scene 3 at frame 187: (1168, 1368) -> (1248, 1456)
continuing target event=72 across area (1216, 1408) path=3
marked destination touch VisitKey { scene: 3, area: (1152, 1344), event_id: 47, trigger_script: 33, trigger_mode: 4, state: 1 }
learned exit AreaKey { scene: 3, anchor: (1216, 1408) } event=47 -> AreaKey { scene: 3, anchor: (1152, 1344) }
area teleport in scene 3 at frame 200: (1248, 1456) -> (1168, 1368)
continuing target event=72 across area (1152, 1344) path=60
marked destination touch VisitKey { scene: 3, area: (1216, 1408), event_id: 48, trigger_script: 60, trigger_mode: 4, state: 1 }
learned exit AreaKey { scene: 3, anchor: (1152, 1344) } event=48 -> AreaKey { scene: 3, anchor: (1216, 1408) }
area teleport in scene 3 at frame 217: (1168, 1368) -> (1248, 1456)
continuing target event=72 across area (1216, 1408) path=3
marked destination touch VisitKey { scene: 3, area: (1152, 1344), event_id: 47, trigger_script: 33, trigger_mode: 4, state: 1 }
learned exit AreaKey { scene: 3, anchor: (1216, 1408) } event=47 -> AreaKey { scene: 3, anchor: (1152, 1344) }
area teleport in scene 3 at frame 230: (1248, 1456) -> (1168, 1368)
deferred event=72 after 5 unrelated area crossings
target scene=3 area=(1152, 1344) event=71 script=8146 mode=1 state=1 player=(1168, 1368) pos=(1296, 1448) path=61
marked destination touch VisitKey { scene: 3, area: (1216, 1408), event_id: 48, trigger_script: 60, trigger_mode: 4, state: 1 }
learned exit AreaKey { scene: 3, anchor: (1152, 1344) } event=48 -> AreaKey { scene: 3, anchor: (1216, 1408) }
area teleport in scene 3 at frame 247: (1168, 1368) -> (1248, 1456)
continuing target event=71 across area (1216, 1408) path=0
target scene=3 area=(1216, 1408) event=74 script=8149 mode=1 state=1 player=(1248, 1456) pos=(1424, 1416) path=46
marked destination touch VisitKey { scene: 3, area: (1152, 1344), event_id: 47, trigger_script: 33, trigger_mode: 4, state: 1 }
learned exit AreaKey { scene: 3, anchor: (1216, 1408) } event=47 -> AreaKey { scene: 3, anchor: (1152, 1344) }
area teleport in scene 3 at frame 260: (1248, 1456) -> (1168, 1368)
continuing target event=74 across area (1152, 1344) path=17
marked destination touch VisitKey { scene: 3, area: (1216, 1408), event_id: 48, trigger_script: 60, trigger_mode: 4, state: 1 }
learned exit AreaKey { scene: 3, anchor: (1152, 1344) } event=48 -> AreaKey { scene: 3, anchor: (1216, 1408) }
area teleport in scene 3 at frame 277: (1168, 1368) -> (1248, 1456)
continuing target event=74 across area (1216, 1408) path=46
marked destination touch VisitKey { scene: 3, area: (1152, 1344), event_id: 47, trigger_script: 33, trigger_mode: 4, state: 1 }
learned exit AreaKey { scene: 3, anchor: (1216, 1408) } event=47 -> AreaKey { scene: 3, anchor: (1152, 1344) }
area teleport in scene 3 at frame 290: (1248, 1456) -> (1168, 1368)
continuing target event=74 across area (1152, 1344) path=17
marked destination touch VisitKey { scene: 3, area: (1216, 1408), event_id: 48, trigger_script: 60, trigger_mode: 4, state: 1 }
learned exit AreaKey { scene: 3, anchor: (1152, 1344) } event=48 -> AreaKey { scene: 3, anchor: (1216, 1408) }
area teleport in scene 3 at frame 307: (1168, 1368) -> (1248, 1456)
continuing target event=74 across area (1216, 1408) path=46
marked destination touch VisitKey { scene: 3, area: (1152, 1344), event_id: 47, trigger_script: 33, trigger_mode: 4, state: 1 }
learned exit AreaKey { scene: 3, anchor: (1216, 1408) } event=47 -> AreaKey { scene: 3, anchor: (1152, 1344) }
area teleport in scene 3 at frame 320: (1248, 1456) -> (1168, 1368)
deferred event=74 after 5 unrelated area crossings
target scene=3 area=(1152, 1344) event=71 script=8146 mode=1 state=1 player=(1168, 1368) pos=(1296, 1448) path=61
marked destination touch VisitKey { scene: 3, area: (1216, 1408), event_id: 48, trigger_script: 60, trigger_mode: 4, state: 1 }
learned exit AreaKey { scene: 3, anchor: (1152, 1344) } event=48 -> AreaKey { scene: 3, anchor: (1216, 1408) }
area teleport in scene 3 at frame 337: (1168, 1368) -> (1248, 1456)
continuing target event=71 across area (1216, 1408) path=0
target scene=3 area=(1216, 1408) event=75 script=8149 mode=1 state=1 player=(1248, 1456) pos=(1440, 1424) path=45
marked destination touch VisitKey { scene: 3, area: (1152, 1344), event_id: 47, trigger_script: 33, trigger_mode: 4, state: 1 }
learned exit AreaKey { scene: 3, anchor: (1216, 1408) } event=47 -> AreaKey { scene: 3, anchor: (1152, 1344) }
area teleport in scene 3 at frame 350: (1248, 1456) -> (1168, 1368)
continuing target event=75 across area (1152, 1344) path=18
marked destination touch VisitKey { scene: 3, area: (1216, 1408), event_id: 48, trigger_script: 60, trigger_mode: 4, state: 1 }
learned exit AreaKey { scene: 3, anchor: (1152, 1344) } event=48 -> AreaKey { scene: 3, anchor: (1216, 1408) }
area teleport in scene 3 at frame 367: (1168, 1368) -> (1248, 1456)
continuing target event=75 across area (1216, 1408) path=45
marked destination touch VisitKey { scene: 3, area: (1152, 1344), event_id: 47, trigger_script: 33, trigger_mode: 4, state: 1 }
learned exit AreaKey { scene: 3, anchor: (1216, 1408) } event=47 -> AreaKey { scene: 3, anchor: (1152, 1344) }
area teleport in scene 3 at frame 380: (1248, 1456) -> (1168, 1368)
continuing target event=75 across area (1152, 1344) path=18
marked destination touch VisitKey { scene: 3, area: (1216, 1408), event_id: 48, trigger_script: 60, trigger_mode: 4, state: 1 }
learned exit AreaKey { scene: 3, anchor: (1152, 1344) } event=48 -> AreaKey { scene: 3, anchor: (1216, 1408) }
area teleport in scene 3 at frame 397: (1168, 1368) -> (1248, 1456)
continuing target event=75 across area (1216, 1408) path=45
marked destination touch VisitKey { scene: 3, area: (1152, 1344), event_id: 47, trigger_script: 33, trigger_mode: 4, state: 1 }
learned exit AreaKey { scene: 3, anchor: (1216, 1408) } event=47 -> AreaKey { scene: 3, anchor: (1152, 1344) }
area teleport in scene 3 at frame 410: (1248, 1456) -> (1168, 1368)
deferred event=75 after 5 unrelated area crossings
target scene=3 area=(1152, 1344) event=71 script=8146 mode=1 state=1 player=(1168, 1368) pos=(1296, 1448) path=61
marked destination touch VisitKey { scene: 3, area: (1216, 1408), event_id: 48, trigger_script: 60, trigger_mode: 4, state: 1 }
learned exit AreaKey { scene: 3, anchor: (1152, 1344) } event=48 -> AreaKey { scene: 3, anchor: (1216, 1408) }
area teleport in scene 3 at frame 427: (1168, 1368) -> (1248, 1456)
continuing target event=71 across area (1216, 1408) path=0
target scene=3 area=(1216, 1408) event=49 script=6226 mode=5 state=1 player=(1248, 1456) pos=(1280, 1472) path=1
marked destination touch VisitKey { scene: 3, area: (1152, 1344), event_id: 49, trigger_script: 6226, trigger_mode: 5, state: 1 }
learned exit AreaKey { scene: 3, anchor: (1216, 1408) } event=49 -> AreaKey { scene: 3, anchor: (1152, 1344) }
area teleport in scene 3 at frame 440: (1248, 1456) -> (1168, 1368)
continuing target event=49 across area (1152, 1344) path=61
marked destination touch VisitKey { scene: 3, area: (1216, 1408), event_id: 48, trigger_script: 60, trigger_mode: 4, state: 1 }
learned exit AreaKey { scene: 3, anchor: (1152, 1344) } event=48 -> AreaKey { scene: 3, anchor: (1216, 1408) }
area teleport in scene 3 at frame 457: (1168, 1368) -> (1248, 1456)
continuing target event=49 across area (1216, 1408) path=0
marked destination touch VisitKey { scene: 3, area: (1152, 1344), event_id: 49, trigger_script: 6226, trigger_mode: 5, state: 1 }
learned exit AreaKey { scene: 3, anchor: (1216, 1408) } event=49 -> AreaKey { scene: 3, anchor: (1152, 1344) }
area teleport in scene 3 at frame 470: (1248, 1456) -> (1152, 1360)
continuing target event=49 across area (1152, 1344) path=60
learned exit AreaKey { scene: 3, anchor: (1152, 1344) } event=53 -> AreaKey { scene: 1, anchor: (400, 344) }
scene 3 -> 1 at frame 478 position (304, 264)
target scene=1 area=(400, 344) event=18 script=4643 mode=5 state=1 player=(464, 376) pos=(416, 400) path=2
learned targeted exit AreaKey { scene: 1, anchor: (400, 344) } event=18 -> AreaKey { scene: 3, anchor: (160, 112) }
learned exit AreaKey { scene: 1, anchor: (400, 344) } event=18 -> AreaKey { scene: 3, anchor: (160, 112) }
scene 1 -> 3 at frame 480 position (1088, 1232)
target scene=3 area=(160, 112) event=71 script=8146 mode=1 state=1 player=(1248, 1344) pos=(1296, 1448) path=56
learned exit AreaKey { scene: 3, anchor: (160, 112) } event=53 -> AreaKey { scene: 1, anchor: (400, 344) }
scene 3 -> 1 at frame 482 position (304, 264)
target scene=1 area=(400, 344) event=18 script=4643 mode=5 state=1 player=(464, 376) pos=(416, 400) path=2
learned targeted exit AreaKey { scene: 1, anchor: (400, 344) } event=18 -> AreaKey { scene: 3, anchor: (160, 112) }
learned exit AreaKey { scene: 1, anchor: (400, 344) } event=18 -> AreaKey { scene: 3, anchor: (160, 112) }
scene 1 -> 3 at frame 484 position (1088, 1232)
target scene=3 area=(160, 112) event=71 script=8146 mode=1 state=1 player=(1248, 1344) pos=(1296, 1448) path=54
learned exit AreaKey { scene: 3, anchor: (160, 112) } event=53 -> AreaKey { scene: 1, anchor: (400, 344) }
scene 3 -> 1 at frame 486 position (304, 264)
target scene=1 area=(400, 344) event=18 script=4643 mode=5 state=1 player=(464, 376) pos=(416, 400) path=2
learned targeted exit AreaKey { scene: 1, anchor: (400, 344) } event=18 -> AreaKey { scene: 3, anchor: (160, 112) }
learned exit AreaKey { scene: 1, anchor: (400, 344) } event=18 -> AreaKey { scene: 3, anchor: (160, 112) }
scene 1 -> 3 at frame 488 position (1088, 1232)
target scene=3 area=(160, 112) event=71 script=8146 mode=1 state=1 player=(1248, 1344) pos=(1296, 1448) path=54
deferred event=71 after 5 scene-transition interruptions
learned exit AreaKey { scene: 3, anchor: (160, 112) } event=53 -> AreaKey { scene: 1, anchor: (400, 344) }
scene 3 -> 1 at frame 490 position (304, 264)
target scene=1 area=(400, 344) event=18 script=4643 mode=5 state=1 player=(464, 376) pos=(416, 400) path=2
learned targeted exit AreaKey { scene: 1, anchor: (400, 344) } event=18 -> AreaKey { scene: 3, anchor: (160, 112) }
learned exit AreaKey { scene: 1, anchor: (400, 344) } event=18 -> AreaKey { scene: 3, anchor: (160, 112) }
scene 1 -> 3 at frame 492 position (1088, 1232)
target scene=3 area=(160, 112) event=48 script=60 mode=4 state=1 player=(1248, 1344) pos=(1168, 1368) path=7
learned targeted exit AreaKey { scene: 3, anchor: (160, 112) } event=48 -> AreaKey { scene: 3, anchor: (1216, 1408) }
marked destination touch VisitKey { scene: 3, area: (1216, 1408), event_id: 48, trigger_script: 60, trigger_mode: 4, state: 1 }
learned exit AreaKey { scene: 3, anchor: (160, 112) } event=48 -> AreaKey { scene: 3, anchor: (1216, 1408) }
area teleport in scene 3 at frame 516: (1168, 1368) -> (1248, 1456)
target scene=3 area=(1216, 1408) event=50 script=4463 mode=5 state=1 player=(1248, 1456) pos=(1328, 1448) path=3
marked destination touch VisitKey { scene: 3, area: (1152, 1344), event_id: 47, trigger_script: 33, trigger_mode: 4, state: 1 }
learned exit AreaKey { scene: 3, anchor: (1216, 1408) } event=47 -> AreaKey { scene: 3, anchor: (1152, 1344) }
area teleport in scene 3 at frame 529: (1248, 1456) -> (1168, 1368)
continuing target event=50 across area (1152, 1344) path=58
marked destination touch VisitKey { scene: 3, area: (1216, 1408), event_id: 48, trigger_script: 60, trigger_mode: 4, state: 1 }
learned exit AreaKey { scene: 3, anchor: (1152, 1344) } event=48 -> AreaKey { scene: 3, anchor: (1216, 1408) }
area teleport in scene 3 at frame 546: (1168, 1368) -> (1248, 1456)
continuing target event=50 across area (1216, 1408) path=3
marked destination touch VisitKey { scene: 3, area: (1152, 1344), event_id: 47, trigger_script: 33, trigger_mode: 4, state: 1 }
learned exit AreaKey { scene: 3, anchor: (1216, 1408) } event=47 -> AreaKey { scene: 3, anchor: (1152, 1344) }
area teleport in scene 3 at frame 559: (1248, 1456) -> (1168, 1368)
continuing target event=50 across area (1152, 1344) path=58
marked destination touch VisitKey { scene: 3, area: (1216, 1408), event_id: 48, trigger_script: 60, trigger_mode: 4, state: 1 }
learned exit AreaKey { scene: 3, anchor: (1152, 1344) } event=48 -> AreaKey { scene: 3, anchor: (1216, 1408) }
area teleport in scene 3 at frame 576: (1168, 1368) -> (1248, 1456)
continuing target event=50 across area (1216, 1408) path=3
marked destination touch VisitKey { scene: 3, area: (1152, 1344), event_id: 47, trigger_script: 33, trigger_mode: 4, state: 1 }
learned exit AreaKey { scene: 3, anchor: (1216, 1408) } event=47 -> AreaKey { scene: 3, anchor: (1152, 1344) }
area teleport in scene 3 at frame 589: (1248, 1456) -> (1168, 1368)
deferred event=50 after 5 unrelated area crossings
target scene=3 area=(1152, 1344) event=52 script=4631 mode=5 state=1 player=(1168, 1368) pos=(1456, 1400) path=19
marked destination touch VisitKey { scene: 3, area: (1216, 1408), event_id: 48, trigger_script: 60, trigger_mode: 4, state: 1 }
learned exit AreaKey { scene: 3, anchor: (1152, 1344) } event=48 -> AreaKey { scene: 3, anchor: (1216, 1408) }
area teleport in scene 3 at frame 606: (1168, 1368) -> (1248, 1456)
continuing target event=52 across area (1216, 1408) path=43
marked destination touch VisitKey { scene: 3, area: (1152, 1344), event_id: 47, trigger_script: 33, trigger_mode: 4, state: 1 }
learned exit AreaKey { scene: 3, anchor: (1216, 1408) } event=47 -> AreaKey { scene: 3, anchor: (1152, 1344) }
area teleport in scene 3 at frame 619: (1248, 1456) -> (1168, 1368)
continuing target event=52 across area (1152, 1344) path=19
marked destination touch VisitKey { scene: 3, area: (1216, 1408), event_id: 48, trigger_script: 60, trigger_mode: 4, state: 1 }
learned exit AreaKey { scene: 3, anchor: (1152, 1344) } event=48 -> AreaKey { scene: 3, anchor: (1216, 1408) }
area teleport in scene 3 at frame 636: (1168, 1368) -> (1248, 1456)
continuing target event=52 across area (1216, 1408) path=43
marked destination touch VisitKey { scene: 3, area: (1152, 1344), event_id: 47, trigger_script: 33, trigger_mode: 4, state: 1 }
learned exit AreaKey { scene: 3, anchor: (1216, 1408) } event=47 -> AreaKey { scene: 3, anchor: (1152, 1344) }
area teleport in scene 3 at frame 649: (1248, 1456) -> (1168, 1368)
continuing target event=52 across area (1152, 1344) path=19
marked destination touch VisitKey { scene: 3, area: (1216, 1408), event_id: 48, trigger_script: 60, trigger_mode: 4, state: 1 }
learned exit AreaKey { scene: 3, anchor: (1152, 1344) } event=48 -> AreaKey { scene: 3, anchor: (1216, 1408) }
area teleport in scene 3 at frame 666: (1168, 1368) -> (1248, 1456)
deferred event=52 after 5 unrelated area crossings
target scene=3 area=(1216, 1408) event=54 script=4647 mode=5 state=1 player=(1248, 1456) pos=(992, 1472) path=16
marked destination touch VisitKey { scene: 3, area: (1152, 1344), event_id: 47, trigger_script: 33, trigger_mode: 4, state: 1 }
learned exit AreaKey { scene: 3, anchor: (1216, 1408) } event=47 -> AreaKey { scene: 3, anchor: (1152, 1344) }
area teleport in scene 3 at frame 679: (1248, 1456) -> (1168, 1368)
continuing target event=54 across area (1152, 1344) path=79
marked destination touch VisitKey { scene: 3, area: (1216, 1408), event_id: 48, trigger_script: 60, trigger_mode: 4, state: 1 }
learned exit AreaKey { scene: 3, anchor: (1152, 1344) } event=48 -> AreaKey { scene: 3, anchor: (1216, 1408) }
area teleport in scene 3 at frame 696: (1168, 1368) -> (1248, 1456)
continuing target event=54 across area (1216, 1408) path=16
marked destination touch VisitKey { scene: 3, area: (1152, 1344), event_id: 47, trigger_script: 33, trigger_mode: 4, state: 1 }
learned exit AreaKey { scene: 3, anchor: (1216, 1408) } event=47 -> AreaKey { scene: 3, anchor: (1152, 1344) }
area teleport in scene 3 at frame 709: (1248, 1456) -> (1168, 1368)
continuing target event=54 across area (1152, 1344) path=79
marked destination touch VisitKey { scene: 3, area: (1216, 1408), event_id: 48, trigger_script: 60, trigger_mode: 4, state: 1 }
learned exit AreaKey { scene: 3, anchor: (1152, 1344) } event=48 -> AreaKey { scene: 3, anchor: (1216, 1408) }
area teleport in scene 3 at frame 726: (1168, 1368) -> (1248, 1456)
continuing target event=54 across area (1216, 1408) path=16
marked destination touch VisitKey { scene: 3, area: (1152, 1344), event_id: 47, trigger_script: 33, trigger_mode: 4, state: 1 }
learned exit AreaKey { scene: 3, anchor: (1216, 1408) } event=47 -> AreaKey { scene: 3, anchor: (1152, 1344) }
area teleport in scene 3 at frame 739: (1248, 1456) -> (1168, 1368)
deferred event=54 after 5 unrelated area crossings
target scene=3 area=(1152, 1344) event=46 script=4659 mode=5 state=1 player=(1168, 1368) pos=(1472, 1520) path=49
marked destination touch VisitKey { scene: 3, area: (1216, 1408), event_id: 48, trigger_script: 60, trigger_mode: 4, state: 1 }
learned exit AreaKey { scene: 3, anchor: (1152, 1344) } event=48 -> AreaKey { scene: 3, anchor: (1216, 1408) }
area teleport in scene 3 at frame 756: (1168, 1368) -> (1248, 1456)
continuing target event=46 across area (1216, 1408) path=13
marked destination touch VisitKey { scene: 3, area: (1152, 1344), event_id: 47, trigger_script: 33, trigger_mode: 4, state: 1 }
learned exit AreaKey { scene: 3, anchor: (1216, 1408) } event=47 -> AreaKey { scene: 3, anchor: (1152, 1344) }
area teleport in scene 3 at frame 769: (1248, 1456) -> (1168, 1368)
continuing target event=46 across area (1152, 1344) path=49
marked destination touch VisitKey { scene: 3, area: (1216, 1408), event_id: 48, trigger_script: 60, trigger_mode: 4, state: 1 }
learned exit AreaKey { scene: 3, anchor: (1152, 1344) } event=48 -> AreaKey { scene: 3, anchor: (1216, 1408) }
area teleport in scene 3 at frame 786: (1168, 1368) -> (1248, 1456)
continuing target event=46 across area (1216, 1408) path=13
marked destination touch VisitKey { scene: 3, area: (1152, 1344), event_id: 47, trigger_script: 33, trigger_mode: 4, state: 1 }
learned exit AreaKey { scene: 3, anchor: (1216, 1408) } event=47 -> AreaKey { scene: 3, anchor: (1152, 1344) }
area teleport in scene 3 at frame 799: (1248, 1456) -> (1168, 1368)
continuing target event=46 across area (1152, 1344) path=49
marked destination touch VisitKey { scene: 3, area: (1216, 1408), event_id: 48, trigger_script: 60, trigger_mode: 4, state: 1 }
learned exit AreaKey { scene: 3, anchor: (1152, 1344) } event=48 -> AreaKey { scene: 3, anchor: (1216, 1408) }
area teleport in scene 3 at frame 816: (1168, 1368) -> (1248, 1456)
deferred event=46 after 5 unrelated area crossings
target scene=3 area=(1216, 1408) event=53 script=4639 mode=5 state=1 player=(1248, 1456) pos=(1296, 1320) path=53
marked destination touch VisitKey { scene: 3, area: (1152, 1344), event_id: 47, trigger_script: 33, trigger_mode: 4, state: 1 }
learned exit AreaKey { scene: 3, anchor: (1216, 1408) } event=47 -> AreaKey { scene: 3, anchor: (1152, 1344) }
area teleport in scene 3 at frame 829: (1248, 1456) -> (1168, 1368)
continuing target event=53 across area (1152, 1344) path=9
marked destination touch VisitKey { scene: 3, area: (1216, 1408), event_id: 48, trigger_script: 60, trigger_mode: 4, state: 1 }
learned exit AreaKey { scene: 3, anchor: (1152, 1344) } event=48 -> AreaKey { scene: 3, anchor: (1216, 1408) }
area teleport in scene 3 at frame 846: (1168, 1368) -> (1248, 1456)
continuing target event=53 across area (1216, 1408) path=53
marked destination touch VisitKey { scene: 3, area: (1152, 1344), event_id: 47, trigger_script: 33, trigger_mode: 4, state: 1 }
learned exit AreaKey { scene: 3, anchor: (1216, 1408) } event=47 -> AreaKey { scene: 3, anchor: (1152, 1344) }
area teleport in scene 3 at frame 859: (1248, 1456) -> (1168, 1368)
continuing target event=53 across area (1152, 1344) path=9
marked destination touch VisitKey { scene: 3, area: (1216, 1408), event_id: 48, trigger_script: 60, trigger_mode: 4, state: 1 }
learned exit AreaKey { scene: 3, anchor: (1152, 1344) } event=48 -> AreaKey { scene: 3, anchor: (1216, 1408) }
area teleport in scene 3 at frame 876: (1168, 1368) -> (1248, 1456)
continuing target event=53 across area (1216, 1408) path=53
marked destination touch VisitKey { scene: 3, area: (1152, 1344), event_id: 47, trigger_script: 33, trigger_mode: 4, state: 1 }
learned exit AreaKey { scene: 3, anchor: (1216, 1408) } event=47 -> AreaKey { scene: 3, anchor: (1152, 1344) }
area teleport in scene 3 at frame 889: (1248, 1456) -> (1168, 1368)
deferred event=53 after 5 unrelated area crossings
target scene=3 area=(1152, 1344) event=51 script=4471 mode=5 state=1 player=(1168, 1368) pos=(1616, 1480) path=29
marked destination touch VisitKey { scene: 3, area: (1216, 1408), event_id: 48, trigger_script: 60, trigger_mode: 4, state: 1 }
learned exit AreaKey { scene: 3, anchor: (1152, 1344) } event=48 -> AreaKey { scene: 3, anchor: (1216, 1408) }
area teleport in scene 3 at frame 906: (1168, 1368) -> (1248, 1456)
continuing target event=51 across area (1216, 1408) path=33
marked destination touch VisitKey { scene: 3, area: (1152, 1344), event_id: 47, trigger_script: 33, trigger_mode: 4, state: 1 }
learned exit AreaKey { scene: 3, anchor: (1216, 1408) } event=47 -> AreaKey { scene: 3, anchor: (1152, 1344) }
area teleport in scene 3 at frame 919: (1248, 1456) -> (1168, 1368)
continuing target event=51 across area (1152, 1344) path=29
marked destination touch VisitKey { scene: 3, area: (1216, 1408), event_id: 48, trigger_script: 60, trigger_mode: 4, state: 1 }
learned exit AreaKey { scene: 3, anchor: (1152, 1344) } event=48 -> AreaKey { scene: 3, anchor: (1216, 1408) }
area teleport in scene 3 at frame 936: (1168, 1368) -> (1248, 1456)
continuing target event=51 across area (1216, 1408) path=33
marked destination touch VisitKey { scene: 3, area: (1152, 1344), event_id: 47, trigger_script: 33, trigger_mode: 4, state: 1 }
learned exit AreaKey { scene: 3, anchor: (1216, 1408) } event=47 -> AreaKey { scene: 3, anchor: (1152, 1344) }
area teleport in scene 3 at frame 949: (1248, 1456) -> (1168, 1368)
continuing target event=51 across area (1152, 1344) path=29
marked destination touch VisitKey { scene: 3, area: (1216, 1408), event_id: 48, trigger_script: 60, trigger_mode: 4, state: 1 }
learned exit AreaKey { scene: 3, anchor: (1152, 1344) } event=48 -> AreaKey { scene: 3, anchor: (1216, 1408) }
area teleport in scene 3 at frame 966: (1168, 1368) -> (1248, 1456)
deferred event=51 after 5 unrelated area crossings
target scene=3 area=(1216, 1408) event=45 script=6065 mode=6 state=1 player=(1248, 1456) pos=(976, 1704) path=28
marked destination touch VisitKey { scene: 3, area: (1152, 1344), event_id: 47, trigger_script: 33, trigger_mode: 4, state: 1 }
learned exit AreaKey { scene: 3, anchor: (1216, 1408) } event=47 -> AreaKey { scene: 3, anchor: (1152, 1344) }
area teleport in scene 3 at frame 979: (1248, 1456) -> (1168, 1368)
continuing target event=45 across area (1152, 1344) path=79
marked destination touch VisitKey { scene: 3, area: (1216, 1408), event_id: 48, trigger_script: 60, trigger_mode: 4, state: 1 }
learned exit AreaKey { scene: 3, anchor: (1152, 1344) } event=48 -> AreaKey { scene: 3, anchor: (1216, 1408) }
area teleport in scene 3 at frame 996: (1168, 1368) -> (1248, 1456)
continuing target event=45 across area (1216, 1408) path=28
marked destination touch VisitKey { scene: 3, area: (1152, 1344), event_id: 47, trigger_script: 33, trigger_mode: 4, state: 1 }
learned exit AreaKey { scene: 3, anchor: (1216, 1408) } event=47 -> AreaKey { scene: 3, anchor: (1152, 1344) }
area teleport in scene 3 at frame 1009: (1248, 1456) -> (1168, 1368)
continuing target event=45 across area (1152, 1344) path=79
marked destination touch VisitKey { scene: 3, area: (1216, 1408), event_id: 48, trigger_script: 60, trigger_mode: 4, state: 1 }
learned exit AreaKey { scene: 3, anchor: (1152, 1344) } event=48 -> AreaKey { scene: 3, anchor: (1216, 1408) }
area teleport in scene 3 at frame 1026: (1168, 1368) -> (1248, 1456)
continuing target event=45 across area (1216, 1408) path=28
marked destination touch VisitKey { scene: 3, area: (1152, 1344), event_id: 47, trigger_script: 33, trigger_mode: 4, state: 1 }
learned exit AreaKey { scene: 3, anchor: (1216, 1408) } event=47 -> AreaKey { scene: 3, anchor: (1152, 1344) }
area teleport in scene 3 at frame 1039: (1248, 1456) -> (1168, 1368)
deferred event=45 after 5 unrelated area crossings
target scene=3 area=(1152, 1344) event=53 script=4639 mode=5 state=1 player=(1168, 1368) pos=(1296, 1320) path=9
marked destination touch VisitKey { scene: 3, area: (1216, 1408), event_id: 48, trigger_script: 60, trigger_mode: 4, state: 1 }
learned exit AreaKey { scene: 3, anchor: (1152, 1344) } event=48 -> AreaKey { scene: 3, anchor: (1216, 1408) }
area teleport in scene 3 at frame 1056: (1168, 1368) -> (1248, 1456)
continuing target event=53 across area (1216, 1408) path=53
marked destination touch VisitKey { scene: 3, area: (1152, 1344), event_id: 47, trigger_script: 33, trigger_mode: 4, state: 1 }
learned exit AreaKey { scene: 3, anchor: (1216, 1408) } event=47 -> AreaKey { scene: 3, anchor: (1152, 1344) }
area teleport in scene 3 at frame 1069: (1248, 1456) -> (1168, 1368)
continuing target event=53 across area (1152, 1344) path=9
marked destination touch VisitKey { scene: 3, area: (1216, 1408), event_id: 48, trigger_script: 60, trigger_mode: 4, state: 1 }
learned exit AreaKey { scene: 3, anchor: (1152, 1344) } event=48 -> AreaKey { scene: 3, anchor: (1216, 1408) }
area teleport in scene 3 at frame 1086: (1168, 1368) -> (1248, 1456)
continuing target event=53 across area (1216, 1408) path=53
marked destination touch VisitKey { scene: 3, area: (1152, 1344), event_id: 47, trigger_script: 33, trigger_mode: 4, state: 1 }
learned exit AreaKey { scene: 3, anchor: (1216, 1408) } event=47 -> AreaKey { scene: 3, anchor: (1152, 1344) }
area teleport in scene 3 at frame 1099: (1248, 1456) -> (1168, 1368)
continuing target event=53 across area (1152, 1344) path=9
marked destination touch VisitKey { scene: 3, area: (1216, 1408), event_id: 48, trigger_script: 60, trigger_mode: 4, state: 1 }
learned exit AreaKey { scene: 3, anchor: (1152, 1344) } event=48 -> AreaKey { scene: 3, anchor: (1216, 1408) }
area teleport in scene 3 at frame 1116: (1168, 1368) -> (1248, 1456)
deferred event=53 after 5 unrelated area crossings
target scene=3 area=(1216, 1408) event=47 script=33 mode=4 state=1 player=(1248, 1456) pos=(1248, 1456) path=0
learned targeted exit AreaKey { scene: 3, anchor: (1216, 1408) } event=47 -> AreaKey { scene: 3, anchor: (1152, 1344) }
marked destination touch VisitKey { scene: 3, area: (1152, 1344), event_id: 47, trigger_script: 33, trigger_mode: 4, state: 1 }
learned exit AreaKey { scene: 3, anchor: (1216, 1408) } event=47 -> AreaKey { scene: 3, anchor: (1152, 1344) }
area teleport in scene 3 at frame 1129: (1248, 1456) -> (1152, 1360)
target scene=3 area=(1152, 1344) event=53 script=4639 mode=5 state=1 player=(1152, 1360) pos=(1296, 1320) path=8
learned targeted exit AreaKey { scene: 3, anchor: (1152, 1344) } event=53 -> AreaKey { scene: 1, anchor: (400, 344) }
learned exit AreaKey { scene: 3, anchor: (1152, 1344) } event=53 -> AreaKey { scene: 1, anchor: (400, 344) }
scene 3 -> 1 at frame 1137 position (304, 264)
target scene=1 area=(400, 344) event=18 script=4643 mode=5 state=1 player=(464, 376) pos=(416, 400) path=2
learned targeted exit AreaKey { scene: 1, anchor: (400, 344) } event=18 -> AreaKey { scene: 3, anchor: (160, 112) }
learned exit AreaKey { scene: 1, anchor: (400, 344) } event=18 -> AreaKey { scene: 3, anchor: (160, 112) }
scene 1 -> 3 at frame 1139 position (1088, 1232)
target scene=3 area=(160, 112) event=49 script=6226 mode=5 state=1 player=(1248, 1344) pos=(1280, 1472) path=54
learned exit AreaKey { scene: 3, anchor: (160, 112) } event=53 -> AreaKey { scene: 1, anchor: (400, 344) }
scene 3 -> 1 at frame 1141 position (304, 264)
target scene=1 area=(400, 344) event=18 script=4643 mode=5 state=1 player=(464, 376) pos=(416, 400) path=2
learned targeted exit AreaKey { scene: 1, anchor: (400, 344) } event=18 -> AreaKey { scene: 3, anchor: (160, 112) }
learned exit AreaKey { scene: 1, anchor: (400, 344) } event=18 -> AreaKey { scene: 3, anchor: (160, 112) }
scene 1 -> 3 at frame 1143 position (1088, 1232)
target scene=3 area=(160, 112) event=49 script=6226 mode=5 state=1 player=(1248, 1344) pos=(1280, 1472) path=54
learned exit AreaKey { scene: 3, anchor: (160, 112) } event=53 -> AreaKey { scene: 1, anchor: (400, 344) }
scene 3 -> 1 at frame 1145 position (304, 264)
target scene=1 area=(400, 344) event=18 script=4643 mode=5 state=1 player=(464, 376) pos=(416, 400) path=2
learned targeted exit AreaKey { scene: 1, anchor: (400, 344) } event=18 -> AreaKey { scene: 3, anchor: (160, 112) }
learned exit AreaKey { scene: 1, anchor: (400, 344) } event=18 -> AreaKey { scene: 3, anchor: (160, 112) }
scene 1 -> 3 at frame 1147 position (1088, 1232)
target scene=3 area=(160, 112) event=49 script=6226 mode=5 state=1 player=(1248, 1344) pos=(1280, 1472) path=54
learned exit AreaKey { scene: 3, anchor: (160, 112) } event=53 -> AreaKey { scene: 1, anchor: (400, 344) }
scene 3 -> 1 at frame 1149 position (304, 264)
target scene=1 area=(400, 344) event=18 script=4643 mode=5 state=1 player=(464, 376) pos=(416, 400) path=2
learned targeted exit AreaKey { scene: 1, anchor: (400, 344) } event=18 -> AreaKey { scene: 3, anchor: (160, 112) }
learned exit AreaKey { scene: 1, anchor: (400, 344) } event=18 -> AreaKey { scene: 3, anchor: (160, 112) }
scene 1 -> 3 at frame 1151 position (1088, 1232)
target scene=3 area=(160, 112) event=49 script=6226 mode=5 state=1 player=(1248, 1344) pos=(1280, 1472) path=54
deferred event=49 after 5 scene-transition interruptions
learned exit AreaKey { scene: 3, anchor: (160, 112) } event=53 -> AreaKey { scene: 1, anchor: (400, 344) }
scene 3 -> 1 at frame 1153 position (304, 264)
target scene=1 area=(400, 344) event=18 script=4643 mode=5 state=1 player=(464, 376) pos=(416, 400) path=2
learned targeted exit AreaKey { scene: 1, anchor: (400, 344) } event=18 -> AreaKey { scene: 3, anchor: (160, 112) }
learned exit AreaKey { scene: 1, anchor: (400, 344) } event=18 -> AreaKey { scene: 3, anchor: (160, 112) }
scene 1 -> 3 at frame 1155 position (1088, 1232)
target scene=3 area=(160, 112) event=52 script=4631 mode=5 state=1 player=(1248, 1344) pos=(1456, 1400) path=12
learned targeted exit AreaKey { scene: 3, anchor: (160, 112) } event=52 -> AreaKey { scene: 1, anchor: (1184, 1056) }
learned exit AreaKey { scene: 3, anchor: (160, 112) } event=52 -> AreaKey { scene: 1, anchor: (1184, 1056) }
scene 3 -> 1 at frame 1167 position (1088, 992)
target scene=1 area=(1184, 1056) event=13 script=4635 mode=5 state=1 player=(1248, 1104) pos=(1200, 1128) path=2
learned targeted exit AreaKey { scene: 1, anchor: (1184, 1056) } event=13 -> AreaKey { scene: 3, anchor: (160, 112) }
learned exit AreaKey { scene: 1, anchor: (1184, 1056) } event=13 -> AreaKey { scene: 3, anchor: (160, 112) }
scene 1 -> 3 at frame 1169 position (1248, 1312)
target scene=3 area=(160, 112) event=51 script=4471 mode=5 state=1 player=(1408, 1424) pos=(1616, 1480) path=12
learned targeted exit AreaKey { scene: 3, anchor: (160, 112) } event=51 -> AreaKey { scene: 1, anchor: (1152, 320) }
learned exit AreaKey { scene: 3, anchor: (160, 112) } event=51 -> AreaKey { scene: 1, anchor: (1152, 320) }
scene 3 -> 1 at frame 1181 position (1040, 248)
target scene=1 area=(1152, 320) event=4 script=4475 mode=5 state=1 player=(1200, 360) pos=(1152, 384) path=2
learned targeted exit AreaKey { scene: 1, anchor: (1152, 320) } event=4 -> AreaKey { scene: 3, anchor: (160, 112) }
learned exit AreaKey { scene: 1, anchor: (1152, 320) } event=4 -> AreaKey { scene: 3, anchor: (160, 112) }
scene 1 -> 3 at frame 1183 position (1408, 1392)
target scene=3 area=(160, 112) event=51 script=4471 mode=5 state=1 player=(1568, 1504) pos=(1616, 1480) path=2
learned targeted exit AreaKey { scene: 3, anchor: (160, 112) } event=51 -> AreaKey { scene: 1, anchor: (1152, 320) }
learned exit AreaKey { scene: 3, anchor: (160, 112) } event=51 -> AreaKey { scene: 1, anchor: (1152, 320) }
scene 3 -> 1 at frame 1185 position (1040, 248)
target scene=1 area=(1152, 320) event=4 script=4475 mode=5 state=1 player=(1200, 360) pos=(1152, 384) path=2
learned targeted exit AreaKey { scene: 1, anchor: (1152, 320) } event=4 -> AreaKey { scene: 3, anchor: (160, 112) }
learned exit AreaKey { scene: 1, anchor: (1152, 320) } event=4 -> AreaKey { scene: 3, anchor: (160, 112) }
scene 1 -> 3 at frame 1187 position (1408, 1392)
target scene=3 area=(160, 112) event=52 script=4631 mode=5 state=1 player=(1568, 1504) pos=(1456, 1400) path=11
learned targeted exit AreaKey { scene: 3, anchor: (160, 112) } event=52 -> AreaKey { scene: 1, anchor: (1184, 1056) }
learned exit AreaKey { scene: 3, anchor: (160, 112) } event=52 -> AreaKey { scene: 1, anchor: (1184, 1056) }
scene 3 -> 1 at frame 1198 position (1088, 992)
target scene=1 area=(1184, 1056) event=13 script=4635 mode=5 state=1 player=(1248, 1104) pos=(1200, 1128) path=2
learned targeted exit AreaKey { scene: 1, anchor: (1184, 1056) } event=13 -> AreaKey { scene: 3, anchor: (160, 112) }
learned exit AreaKey { scene: 1, anchor: (1184, 1056) } event=13 -> AreaKey { scene: 3, anchor: (160, 112) }
scene 1 -> 3 at frame 1200 position (1248, 1312)
target scene=3 area=(160, 112) event=52 script=4631 mode=5 state=1 player=(1408, 1424) pos=(1456, 1400) path=2
learned targeted exit AreaKey { scene: 3, anchor: (160, 112) } event=52 -> AreaKey { scene: 1, anchor: (1184, 1056) }
learned exit AreaKey { scene: 3, anchor: (160, 112) } event=52 -> AreaKey { scene: 1, anchor: (1184, 1056) }
scene 3 -> 1 at frame 1202 position (1088, 992)
target scene=1 area=(1184, 1056) event=13 script=4635 mode=5 state=1 player=(1248, 1104) pos=(1200, 1128) path=2
learned targeted exit AreaKey { scene: 1, anchor: (1184, 1056) } event=13 -> AreaKey { scene: 3, anchor: (160, 112) }
learned exit AreaKey { scene: 1, anchor: (1184, 1056) } event=13 -> AreaKey { scene: 3, anchor: (160, 112) }
scene 1 -> 3 at frame 1204 position (1248, 1312)
target scene=3 area=(160, 112) event=51 script=4471 mode=5 state=1 player=(1408, 1424) pos=(1616, 1480) path=12
learned targeted exit AreaKey { scene: 3, anchor: (160, 112) } event=51 -> AreaKey { scene: 1, anchor: (1152, 320) }
learned exit AreaKey { scene: 3, anchor: (160, 112) } event=51 -> AreaKey { scene: 1, anchor: (1152, 320) }
scene 3 -> 1 at frame 1216 position (1040, 248)
target scene=1 area=(1152, 320) event=4 script=4475 mode=5 state=1 player=(1200, 360) pos=(1152, 384) path=2
learned targeted exit AreaKey { scene: 1, anchor: (1152, 320) } event=4 -> AreaKey { scene: 3, anchor: (160, 112) }
learned exit AreaKey { scene: 1, anchor: (1152, 320) } event=4 -> AreaKey { scene: 3, anchor: (160, 112) }
scene 1 -> 3 at frame 1218 position (1408, 1392)
target scene=3 area=(160, 112) event=51 script=4471 mode=5 state=1 player=(1568, 1504) pos=(1616, 1480) path=2
learned targeted exit AreaKey { scene: 3, anchor: (160, 112) } event=51 -> AreaKey { scene: 1, anchor: (1152, 320) }
learned exit AreaKey { scene: 3, anchor: (160, 112) } event=51 -> AreaKey { scene: 1, anchor: (1152, 320) }
scene 3 -> 1 at frame 1220 position (1040, 248)
target scene=1 area=(1152, 320) event=4 script=4475 mode=5 state=1 player=(1200, 360) pos=(1152, 384) path=2
learned targeted exit AreaKey { scene: 1, anchor: (1152, 320) } event=4 -> AreaKey { scene: 3, anchor: (160, 112) }
learned exit AreaKey { scene: 1, anchor: (1152, 320) } event=4 -> AreaKey { scene: 3, anchor: (160, 112) }
scene 1 -> 3 at frame 1222 position (1408, 1392)
target scene=3 area=(160, 112) event=52 script=4631 mode=5 state=1 player=(1568, 1504) pos=(1456, 1400) path=11
learned targeted exit AreaKey { scene: 3, anchor: (160, 112) } event=52 -> AreaKey { scene: 1, anchor: (1184, 1056) }
learned exit AreaKey { scene: 3, anchor: (160, 112) } event=52 -> AreaKey { scene: 1, anchor: (1184, 1056) }
scene 3 -> 1 at frame 1233 position (1088, 992)
target scene=1 area=(1184, 1056) event=13 script=4635 mode=5 state=1 player=(1248, 1104) pos=(1200, 1128) path=2
learned targeted exit AreaKey { scene: 1, anchor: (1184, 1056) } event=13 -> AreaKey { scene: 3, anchor: (160, 112) }
learned exit AreaKey { scene: 1, anchor: (1184, 1056) } event=13 -> AreaKey { scene: 3, anchor: (160, 112) }
scene 1 -> 3 at frame 1235 position (1248, 1312)
target scene=3 area=(160, 112) event=52 script=4631 mode=5 state=1 player=(1408, 1424) pos=(1456, 1400) path=2
learned targeted exit AreaKey { scene: 3, anchor: (160, 112) } event=52 -> AreaKey { scene: 1, anchor: (1184, 1056) }
learned exit AreaKey { scene: 3, anchor: (160, 112) } event=52 -> AreaKey { scene: 1, anchor: (1184, 1056) }
scene 3 -> 1 at frame 1237 position (1088, 992)
target scene=1 area=(1184, 1056) event=13 script=4635 mode=5 state=1 player=(1248, 1104) pos=(1200, 1128) path=2
learned targeted exit AreaKey { scene: 1, anchor: (1184, 1056) } event=13 -> AreaKey { scene: 3, anchor: (160, 112) }
learned exit AreaKey { scene: 1, anchor: (1184, 1056) } event=13 -> AreaKey { scene: 3, anchor: (160, 112) }
scene 1 -> 3 at frame 1239 position (1248, 1312)
target scene=3 area=(160, 112) event=51 script=4471 mode=5 state=1 player=(1408, 1424) pos=(1616, 1480) path=12
learned targeted exit AreaKey { scene: 3, anchor: (160, 112) } event=51 -> AreaKey { scene: 1, anchor: (1152, 320) }
learned exit AreaKey { scene: 3, anchor: (160, 112) } event=51 -> AreaKey { scene: 1, anchor: (1152, 320) }
scene 3 -> 1 at frame 1251 position (1040, 248)
target scene=1 area=(1152, 320) event=4 script=4475 mode=5 state=1 player=(1200, 360) pos=(1152, 384) path=2
learned targeted exit AreaKey { scene: 1, anchor: (1152, 320) } event=4 -> AreaKey { scene: 3, anchor: (160, 112) }
learned exit AreaKey { scene: 1, anchor: (1152, 320) } event=4 -> AreaKey { scene: 3, anchor: (160, 112) }
scene 1 -> 3 at frame 1253 position (1408, 1392)
target scene=3 area=(160, 112) event=51 script=4471 mode=5 state=1 player=(1568, 1504) pos=(1616, 1480) path=2
learned targeted exit AreaKey { scene: 3, anchor: (160, 112) } event=51 -> AreaKey { scene: 1, anchor: (1152, 320) }
learned exit AreaKey { scene: 3, anchor: (160, 112) } event=51 -> AreaKey { scene: 1, anchor: (1152, 320) }
scene 3 -> 1 at frame 1255 position (1040, 248)
target scene=1 area=(1152, 320) event=4 script=4475 mode=5 state=1 player=(1200, 360) pos=(1152, 384) path=2
learned targeted exit AreaKey { scene: 1, anchor: (1152, 320) } event=4 -> AreaKey { scene: 3, anchor: (160, 112) }
learned exit AreaKey { scene: 1, anchor: (1152, 320) } event=4 -> AreaKey { scene: 3, anchor: (160, 112) }
scene 1 -> 3 at frame 1257 position (1408, 1392)
target scene=3 area=(160, 112) event=52 script=4631 mode=5 state=1 player=(1568, 1504) pos=(1456, 1400) path=11
learned targeted exit AreaKey { scene: 3, anchor: (160, 112) } event=52 -> AreaKey { scene: 1, anchor: (1184, 1056) }
learned exit AreaKey { scene: 3, anchor: (160, 112) } event=52 -> AreaKey { scene: 1, anchor: (1184, 1056) }
scene 3 -> 1 at frame 1268 position (1088, 992)
target scene=1 area=(1184, 1056) event=13 script=4635 mode=5 state=1 player=(1248, 1104) pos=(1200, 1128) path=2
learned targeted exit AreaKey { scene: 1, anchor: (1184, 1056) } event=13 -> AreaKey { scene: 3, anchor: (160, 112) }
learned exit AreaKey { scene: 1, anchor: (1184, 1056) } event=13 -> AreaKey { scene: 3, anchor: (160, 112) }
scene 1 -> 3 at frame 1270 position (1248, 1312)
target scene=3 area=(160, 112) event=52 script=4631 mode=5 state=1 player=(1408, 1424) pos=(1456, 1400) path=2
learned targeted exit AreaKey { scene: 3, anchor: (160, 112) } event=52 -> AreaKey { scene: 1, anchor: (1184, 1056) }
learned exit AreaKey { scene: 3, anchor: (160, 112) } event=52 -> AreaKey { scene: 1, anchor: (1184, 1056) }
scene 3 -> 1 at frame 1272 position (1088, 992)
target scene=1 area=(1184, 1056) event=13 script=4635 mode=5 state=1 player=(1248, 1104) pos=(1200, 1128) path=2
learned targeted exit AreaKey { scene: 1, anchor: (1184, 1056) } event=13 -> AreaKey { scene: 3, anchor: (160, 112) }
learned exit AreaKey { scene: 1, anchor: (1184, 1056) } event=13 -> AreaKey { scene: 3, anchor: (160, 112) }
scene 1 -> 3 at frame 1274 position (1248, 1312)
target scene=3 area=(160, 112) event=51 script=4471 mode=5 state=1 player=(1408, 1424) pos=(1616, 1480) path=12
learned targeted exit AreaKey { scene: 3, anchor: (160, 112) } event=51 -> AreaKey { scene: 1, anchor: (1152, 320) }
learned exit AreaKey { scene: 3, anchor: (160, 112) } event=51 -> AreaKey { scene: 1, anchor: (1152, 320) }
scene 3 -> 1 at frame 1286 position (1040, 248)
target scene=1 area=(1152, 320) event=4 script=4475 mode=5 state=1 player=(1200, 360) pos=(1152, 384) path=2
learned targeted exit AreaKey { scene: 1, anchor: (1152, 320) } event=4 -> AreaKey { scene: 3, anchor: (160, 112) }
learned exit AreaKey { scene: 1, anchor: (1152, 320) } event=4 -> AreaKey { scene: 3, anchor: (160, 112) }
scene 1 -> 3 at frame 1288 position (1408, 1392)
target scene=3 area=(160, 112) event=51 script=4471 mode=5 state=1 player=(1568, 1504) pos=(1616, 1480) path=2
learned targeted exit AreaKey { scene: 3, anchor: (160, 112) } event=51 -> AreaKey { scene: 1, anchor: (1152, 320) }
learned exit AreaKey { scene: 3, anchor: (160, 112) } event=51 -> AreaKey { scene: 1, anchor: (1152, 320) }
scene 3 -> 1 at frame 1290 position (1040, 248)
target scene=1 area=(1152, 320) event=4 script=4475 mode=5 state=1 player=(1200, 360) pos=(1152, 384) path=2
learned targeted exit AreaKey { scene: 1, anchor: (1152, 320) } event=4 -> AreaKey { scene: 3, anchor: (160, 112) }
learned exit AreaKey { scene: 1, anchor: (1152, 320) } event=4 -> AreaKey { scene: 3, anchor: (160, 112) }
scene 1 -> 3 at frame 1292 position (1408, 1392)
target scene=3 area=(160, 112) event=52 script=4631 mode=5 state=1 player=(1568, 1504) pos=(1456, 1400) path=11
learned targeted exit AreaKey { scene: 3, anchor: (160, 112) } event=52 -> AreaKey { scene: 1, anchor: (1184, 1056) }
learned exit AreaKey { scene: 3, anchor: (160, 112) } event=52 -> AreaKey { scene: 1, anchor: (1184, 1056) }
scene 3 -> 1 at frame 1303 position (1088, 992)
target scene=1 area=(1184, 1056) event=13 script=4635 mode=5 state=1 player=(1248, 1104) pos=(1200, 1128) path=2
learned targeted exit AreaKey { scene: 1, anchor: (1184, 1056) } event=13 -> AreaKey { scene: 3, anchor: (160, 112) }
learned exit AreaKey { scene: 1, anchor: (1184, 1056) } event=13 -> AreaKey { scene: 3, anchor: (160, 112) }
scene 1 -> 3 at frame 1305 position (1248, 1312)
target scene=3 area=(160, 112) event=52 script=4631 mode=5 state=1 player=(1408, 1424) pos=(1456, 1400) path=2
learned targeted exit AreaKey { scene: 3, anchor: (160, 112) } event=52 -> AreaKey { scene: 1, anchor: (1184, 1056) }
learned exit AreaKey { scene: 3, anchor: (160, 112) } event=52 -> AreaKey { scene: 1, anchor: (1184, 1056) }
scene 3 -> 1 at frame 1307 position (1088, 992)
target scene=1 area=(1184, 1056) event=13 script=4635 mode=5 state=1 player=(1248, 1104) pos=(1200, 1128) path=2
learned targeted exit AreaKey { scene: 1, anchor: (1184, 1056) } event=13 -> AreaKey { scene: 3, anchor: (160, 112) }
learned exit AreaKey { scene: 1, anchor: (1184, 1056) } event=13 -> AreaKey { scene: 3, anchor: (160, 112) }
scene 1 -> 3 at frame 1309 position (1248, 1312)
target scene=3 area=(160, 112) event=53 script=4639 mode=5 state=1 player=(1408, 1424) pos=(1296, 1320) path=11
learned targeted exit AreaKey { scene: 3, anchor: (160, 112) } event=53 -> AreaKey { scene: 1, anchor: (400, 344) }
learned exit AreaKey { scene: 3, anchor: (160, 112) } event=53 -> AreaKey { scene: 1, anchor: (400, 344) }
scene 3 -> 1 at frame 1320 position (304, 264)
target scene=1 area=(400, 344) event=18 script=4643 mode=5 state=1 player=(464, 376) pos=(416, 400) path=2
learned targeted exit AreaKey { scene: 1, anchor: (400, 344) } event=18 -> AreaKey { scene: 3, anchor: (160, 112) }
learned exit AreaKey { scene: 1, anchor: (400, 344) } event=18 -> AreaKey { scene: 3, anchor: (160, 112) }
scene 1 -> 3 at frame 1322 position (1088, 1232)
target scene=3 area=(160, 112) event=51 script=4471 mode=5 state=1 player=(1248, 1344) pos=(1616, 1480) path=22
learned targeted exit AreaKey { scene: 3, anchor: (160, 112) } event=51 -> AreaKey { scene: 1, anchor: (1152, 320) }
learned exit AreaKey { scene: 3, anchor: (160, 112) } event=51 -> AreaKey { scene: 1, anchor: (1152, 320) }
scene 3 -> 1 at frame 1344 position (1040, 248)
target scene=1 area=(1152, 320) event=4 script=4475 mode=5 state=1 player=(1200, 360) pos=(1152, 384) path=2
learned targeted exit AreaKey { scene: 1, anchor: (1152, 320) } event=4 -> AreaKey { scene: 3, anchor: (160, 112) }
learned exit AreaKey { scene: 1, anchor: (1152, 320) } event=4 -> AreaKey { scene: 3, anchor: (160, 112) }
scene 1 -> 3 at frame 1346 position (1408, 1392)
target scene=3 area=(160, 112) event=51 script=4471 mode=5 state=1 player=(1568, 1504) pos=(1616, 1480) path=2
learned targeted exit AreaKey { scene: 3, anchor: (160, 112) } event=51 -> AreaKey { scene: 1, anchor: (1152, 320) }
learned exit AreaKey { scene: 3, anchor: (160, 112) } event=51 -> AreaKey { scene: 1, anchor: (1152, 320) }
scene 3 -> 1 at frame 1348 position (1040, 248)
target scene=1 area=(1152, 320) event=4 script=4475 mode=5 state=1 player=(1200, 360) pos=(1152, 384) path=2
learned targeted exit AreaKey { scene: 1, anchor: (1152, 320) } event=4 -> AreaKey { scene: 3, anchor: (160, 112) }
learned exit AreaKey { scene: 1, anchor: (1152, 320) } event=4 -> AreaKey { scene: 3, anchor: (160, 112) }
scene 1 -> 3 at frame 1350 position (1408, 1392)
target scene=3 area=(160, 112) event=52 script=4631 mode=5 state=1 player=(1568, 1504) pos=(1456, 1400) path=11
learned targeted exit AreaKey { scene: 3, anchor: (160, 112) } event=52 -> AreaKey { scene: 1, anchor: (1184, 1056) }
learned exit AreaKey { scene: 3, anchor: (160, 112) } event=52 -> AreaKey { scene: 1, anchor: (1184, 1056) }
scene 3 -> 1 at frame 1361 position (1088, 992)
target scene=1 area=(1184, 1056) event=13 script=4635 mode=5 state=1 player=(1248, 1104) pos=(1200, 1128) path=2
learned targeted exit AreaKey { scene: 1, anchor: (1184, 1056) } event=13 -> AreaKey { scene: 3, anchor: (160, 112) }
learned exit AreaKey { scene: 1, anchor: (1184, 1056) } event=13 -> AreaKey { scene: 3, anchor: (160, 112) }
scene 1 -> 3 at frame 1363 position (1248, 1312)
target scene=3 area=(160, 112) event=53 script=4639 mode=5 state=1 player=(1408, 1424) pos=(1296, 1320) path=11
learned targeted exit AreaKey { scene: 3, anchor: (160, 112) } event=53 -> AreaKey { scene: 1, anchor: (400, 344) }
learned exit AreaKey { scene: 3, anchor: (160, 112) } event=53 -> AreaKey { scene: 1, anchor: (400, 344) }
scene 3 -> 1 at frame 1374 position (304, 264)
target scene=1 area=(400, 344) event=18 script=4643 mode=5 state=1 player=(464, 376) pos=(416, 400) path=2
learned targeted exit AreaKey { scene: 1, anchor: (400, 344) } event=18 -> AreaKey { scene: 3, anchor: (160, 112) }
learned exit AreaKey { scene: 1, anchor: (400, 344) } event=18 -> AreaKey { scene: 3, anchor: (160, 112) }
scene 1 -> 3 at frame 1376 position (1088, 1232)
target scene=3 area=(160, 112) event=53 script=4639 mode=5 state=1 player=(1248, 1344) pos=(1296, 1320) path=2
learned targeted exit AreaKey { scene: 3, anchor: (160, 112) } event=53 -> AreaKey { scene: 1, anchor: (400, 344) }
learned exit AreaKey { scene: 3, anchor: (160, 112) } event=53 -> AreaKey { scene: 1, anchor: (400, 344) }
scene 3 -> 1 at frame 1378 position (304, 264)
target scene=1 area=(400, 344) event=18 script=4643 mode=5 state=1 player=(464, 376) pos=(416, 400) path=2
learned targeted exit AreaKey { scene: 1, anchor: (400, 344) } event=18 -> AreaKey { scene: 3, anchor: (160, 112) }
learned exit AreaKey { scene: 1, anchor: (400, 344) } event=18 -> AreaKey { scene: 3, anchor: (160, 112) }
scene 1 -> 3 at frame 1380 position (1088, 1232)
target scene=3 area=(160, 112) event=52 script=4631 mode=5 state=1 player=(1248, 1344) pos=(1456, 1400) path=12
learned targeted exit AreaKey { scene: 3, anchor: (160, 112) } event=52 -> AreaKey { scene: 1, anchor: (1184, 1056) }
learned exit AreaKey { scene: 3, anchor: (160, 112) } event=52 -> AreaKey { scene: 1, anchor: (1184, 1056) }
scene 3 -> 1 at frame 1392 position (1088, 992)
target scene=1 area=(1184, 1056) event=13 script=4635 mode=5 state=1 player=(1248, 1104) pos=(1200, 1128) path=2
learned targeted exit AreaKey { scene: 1, anchor: (1184, 1056) } event=13 -> AreaKey { scene: 3, anchor: (160, 112) }
learned exit AreaKey { scene: 1, anchor: (1184, 1056) } event=13 -> AreaKey { scene: 3, anchor: (160, 112) }
scene 1 -> 3 at frame 1394 position (1248, 1312)
target scene=3 area=(160, 112) event=51 script=4471 mode=5 state=1 player=(1408, 1424) pos=(1616, 1480) path=12
learned targeted exit AreaKey { scene: 3, anchor: (160, 112) } event=51 -> AreaKey { scene: 1, anchor: (1152, 320) }
learned exit AreaKey { scene: 3, anchor: (160, 112) } event=51 -> AreaKey { scene: 1, anchor: (1152, 320) }
scene 3 -> 1 at frame 1406 position (1040, 248)
target scene=1 area=(1152, 320) event=4 script=4475 mode=5 state=1 player=(1200, 360) pos=(1152, 384) path=2
learned targeted exit AreaKey { scene: 1, anchor: (1152, 320) } event=4 -> AreaKey { scene: 3, anchor: (160, 112) }
learned exit AreaKey { scene: 1, anchor: (1152, 320) } event=4 -> AreaKey { scene: 3, anchor: (160, 112) }
scene 1 -> 3 at frame 1408 position (1408, 1392)
target scene=3 area=(160, 112) event=51 script=4471 mode=5 state=1 player=(1568, 1504) pos=(1616, 1480) path=2
learned targeted exit AreaKey { scene: 3, anchor: (160, 112) } event=51 -> AreaKey { scene: 1, anchor: (1152, 320) }
learned exit AreaKey { scene: 3, anchor: (160, 112) } event=51 -> AreaKey { scene: 1, anchor: (1152, 320) }
scene 3 -> 1 at frame 1410 position (1040, 248)
target scene=1 area=(1152, 320) event=4 script=4475 mode=5 state=1 player=(1200, 360) pos=(1152, 384) path=2
learned targeted exit AreaKey { scene: 1, anchor: (1152, 320) } event=4 -> AreaKey { scene: 3, anchor: (160, 112) }
learned exit AreaKey { scene: 1, anchor: (1152, 320) } event=4 -> AreaKey { scene: 3, anchor: (160, 112) }
scene 1 -> 3 at frame 1412 position (1408, 1392)
target scene=3 area=(160, 112) event=52 script=4631 mode=5 state=1 player=(1568, 1504) pos=(1456, 1400) path=11
learned targeted exit AreaKey { scene: 3, anchor: (160, 112) } event=52 -> AreaKey { scene: 1, anchor: (1184, 1056) }
learned exit AreaKey { scene: 3, anchor: (160, 112) } event=52 -> AreaKey { scene: 1, anchor: (1184, 1056) }
scene 3 -> 1 at frame 1423 position (1088, 992)
target scene=1 area=(1184, 1056) event=13 script=4635 mode=5 state=1 player=(1248, 1104) pos=(1200, 1128) path=2
learned targeted exit AreaKey { scene: 1, anchor: (1184, 1056) } event=13 -> AreaKey { scene: 3, anchor: (160, 112) }
learned exit AreaKey { scene: 1, anchor: (1184, 1056) } event=13 -> AreaKey { scene: 3, anchor: (160, 112) }
scene 1 -> 3 at frame 1425 position (1248, 1312)
target scene=3 area=(160, 112) event=53 script=4639 mode=5 state=1 player=(1408, 1424) pos=(1296, 1320) path=11
learned targeted exit AreaKey { scene: 3, anchor: (160, 112) } event=53 -> AreaKey { scene: 1, anchor: (400, 344) }
learned exit AreaKey { scene: 3, anchor: (160, 112) } event=53 -> AreaKey { scene: 1, anchor: (400, 344) }
scene 3 -> 1 at frame 1436 position (304, 264)
target scene=1 area=(400, 344) event=18 script=4643 mode=5 state=1 player=(464, 376) pos=(416, 400) path=2
learned targeted exit AreaKey { scene: 1, anchor: (400, 344) } event=18 -> AreaKey { scene: 3, anchor: (160, 112) }
learned exit AreaKey { scene: 1, anchor: (400, 344) } event=18 -> AreaKey { scene: 3, anchor: (160, 112) }
scene 1 -> 3 at frame 1438 position (1088, 1232)
target scene=3 area=(160, 112) event=53 script=4639 mode=5 state=1 player=(1248, 1344) pos=(1296, 1320) path=2
learned targeted exit AreaKey { scene: 3, anchor: (160, 112) } event=53 -> AreaKey { scene: 1, anchor: (400, 344) }
learned exit AreaKey { scene: 3, anchor: (160, 112) } event=53 -> AreaKey { scene: 1, anchor: (400, 344) }
scene 3 -> 1 at frame 1440 position (304, 264)
target scene=1 area=(400, 344) event=18 script=4643 mode=5 state=1 player=(464, 376) pos=(416, 400) path=2
learned targeted exit AreaKey { scene: 1, anchor: (400, 344) } event=18 -> AreaKey { scene: 3, anchor: (160, 112) }
learned exit AreaKey { scene: 1, anchor: (400, 344) } event=18 -> AreaKey { scene: 3, anchor: (160, 112) }
scene 1 -> 3 at frame 1442 position (1088, 1232)
target scene=3 area=(160, 112) event=52 script=4631 mode=5 state=1 player=(1248, 1344) pos=(1456, 1400) path=12
learned targeted exit AreaKey { scene: 3, anchor: (160, 112) } event=52 -> AreaKey { scene: 1, anchor: (1184, 1056) }
learned exit AreaKey { scene: 3, anchor: (160, 112) } event=52 -> AreaKey { scene: 1, anchor: (1184, 1056) }
scene 3 -> 1 at frame 1454 position (1088, 992)
target scene=1 area=(1184, 1056) event=13 script=4635 mode=5 state=1 player=(1248, 1104) pos=(1200, 1128) path=2
learned targeted exit AreaKey { scene: 1, anchor: (1184, 1056) } event=13 -> AreaKey { scene: 3, anchor: (160, 112) }
learned exit AreaKey { scene: 1, anchor: (1184, 1056) } event=13 -> AreaKey { scene: 3, anchor: (160, 112) }
scene 1 -> 3 at frame 1456 position (1248, 1312)
target scene=3 area=(160, 112) event=51 script=4471 mode=5 state=1 player=(1408, 1424) pos=(1616, 1480) path=12
learned targeted exit AreaKey { scene: 3, anchor: (160, 112) } event=51 -> AreaKey { scene: 1, anchor: (1152, 320) }
learned exit AreaKey { scene: 3, anchor: (160, 112) } event=51 -> AreaKey { scene: 1, anchor: (1152, 320) }
scene 3 -> 1 at frame 1468 position (1040, 248)
target scene=1 area=(1152, 320) event=4 script=4475 mode=5 state=1 player=(1200, 360) pos=(1152, 384) path=2
learned targeted exit AreaKey { scene: 1, anchor: (1152, 320) } event=4 -> AreaKey { scene: 3, anchor: (160, 112) }
learned exit AreaKey { scene: 1, anchor: (1152, 320) } event=4 -> AreaKey { scene: 3, anchor: (160, 112) }
scene 1 -> 3 at frame 1470 position (1408, 1392)
target scene=3 area=(160, 112) event=51 script=4471 mode=5 state=1 player=(1568, 1504) pos=(1616, 1480) path=2
learned targeted exit AreaKey { scene: 3, anchor: (160, 112) } event=51 -> AreaKey { scene: 1, anchor: (1152, 320) }
learned exit AreaKey { scene: 3, anchor: (160, 112) } event=51 -> AreaKey { scene: 1, anchor: (1152, 320) }
scene 3 -> 1 at frame 1472 position (1040, 248)
target scene=1 area=(1152, 320) event=4 script=4475 mode=5 state=1 player=(1200, 360) pos=(1152, 384) path=2
learned targeted exit AreaKey { scene: 1, anchor: (1152, 320) } event=4 -> AreaKey { scene: 3, anchor: (160, 112) }
learned exit AreaKey { scene: 1, anchor: (1152, 320) } event=4 -> AreaKey { scene: 3, anchor: (160, 112) }
scene 1 -> 3 at frame 1474 position (1408, 1392)
target scene=3 area=(160, 112) event=52 script=4631 mode=5 state=1 player=(1568, 1504) pos=(1456, 1400) path=11
learned targeted exit AreaKey { scene: 3, anchor: (160, 112) } event=52 -> AreaKey { scene: 1, anchor: (1184, 1056) }
learned exit AreaKey { scene: 3, anchor: (160, 112) } event=52 -> AreaKey { scene: 1, anchor: (1184, 1056) }
scene 3 -> 1 at frame 1485 position (1088, 992)
target scene=1 area=(1184, 1056) event=13 script=4635 mode=5 state=1 player=(1248, 1104) pos=(1200, 1128) path=2
learned targeted exit AreaKey { scene: 1, anchor: (1184, 1056) } event=13 -> AreaKey { scene: 3, anchor: (160, 112) }
learned exit AreaKey { scene: 1, anchor: (1184, 1056) } event=13 -> AreaKey { scene: 3, anchor: (160, 112) }
scene 1 -> 3 at frame 1487 position (1248, 1312)
target scene=3 area=(160, 112) event=53 script=4639 mode=5 state=1 player=(1408, 1424) pos=(1296, 1320) path=11
learned targeted exit AreaKey { scene: 3, anchor: (160, 112) } event=53 -> AreaKey { scene: 1, anchor: (400, 344) }
learned exit AreaKey { scene: 3, anchor: (160, 112) } event=53 -> AreaKey { scene: 1, anchor: (400, 344) }
scene 3 -> 1 at frame 1498 position (304, 264)
target scene=1 area=(400, 344) event=18 script=4643 mode=5 state=1 player=(464, 376) pos=(416, 400) path=2
learned targeted exit AreaKey { scene: 1, anchor: (400, 344) } event=18 -> AreaKey { scene: 3, anchor: (160, 112) }
learned exit AreaKey { scene: 1, anchor: (400, 344) } event=18 -> AreaKey { scene: 3, anchor: (160, 112) }
scene 1 -> 3 at frame 1500 position (1088, 1232)
target scene=3 area=(160, 112) event=53 script=4639 mode=5 state=1 player=(1248, 1344) pos=(1296, 1320) path=2
learned targeted exit AreaKey { scene: 3, anchor: (160, 112) } event=53 -> AreaKey { scene: 1, anchor: (400, 344) }
learned exit AreaKey { scene: 3, anchor: (160, 112) } event=53 -> AreaKey { scene: 1, anchor: (400, 344) }
scene 3 -> 1 at frame 1502 position (304, 264)
target scene=1 area=(400, 344) event=18 script=4643 mode=5 state=1 player=(464, 376) pos=(416, 400) path=2
learned targeted exit AreaKey { scene: 1, anchor: (400, 344) } event=18 -> AreaKey { scene: 3, anchor: (160, 112) }
learned exit AreaKey { scene: 1, anchor: (400, 344) } event=18 -> AreaKey { scene: 3, anchor: (160, 112) }
scene 1 -> 3 at frame 1504 position (1088, 1232)
target scene=3 area=(160, 112) event=52 script=4631 mode=5 state=1 player=(1248, 1344) pos=(1456, 1400) path=12
learned targeted exit AreaKey { scene: 3, anchor: (160, 112) } event=52 -> AreaKey { scene: 1, anchor: (1184, 1056) }
learned exit AreaKey { scene: 3, anchor: (160, 112) } event=52 -> AreaKey { scene: 1, anchor: (1184, 1056) }
scene 3 -> 1 at frame 1516 position (1088, 992)
target scene=1 area=(1184, 1056) event=13 script=4635 mode=5 state=1 player=(1248, 1104) pos=(1200, 1128) path=2
learned targeted exit AreaKey { scene: 1, anchor: (1184, 1056) } event=13 -> AreaKey { scene: 3, anchor: (160, 112) }
learned exit AreaKey { scene: 1, anchor: (1184, 1056) } event=13 -> AreaKey { scene: 3, anchor: (160, 112) }
scene 1 -> 3 at frame 1518 position (1248, 1312)
target scene=3 area=(160, 112) event=51 script=4471 mode=5 state=1 player=(1408, 1424) pos=(1616, 1480) path=12
learned targeted exit AreaKey { scene: 3, anchor: (160, 112) } event=51 -> AreaKey { scene: 1, anchor: (1152, 320) }
learned exit AreaKey { scene: 3, anchor: (160, 112) } event=51 -> AreaKey { scene: 1, anchor: (1152, 320) }
scene 3 -> 1 at frame 1530 position (1040, 248)
target scene=1 area=(1152, 320) event=4 script=4475 mode=5 state=1 player=(1200, 360) pos=(1152, 384) path=2
learned targeted exit AreaKey { scene: 1, anchor: (1152, 320) } event=4 -> AreaKey { scene: 3, anchor: (160, 112) }
learned exit AreaKey { scene: 1, anchor: (1152, 320) } event=4 -> AreaKey { scene: 3, anchor: (160, 112) }
scene 1 -> 3 at frame 1532 position (1408, 1392)
target scene=3 area=(160, 112) event=51 script=4471 mode=5 state=1 player=(1568, 1504) pos=(1616, 1480) path=2
learned targeted exit AreaKey { scene: 3, anchor: (160, 112) } event=51 -> AreaKey { scene: 1, anchor: (1152, 320) }
learned exit AreaKey { scene: 3, anchor: (160, 112) } event=51 -> AreaKey { scene: 1, anchor: (1152, 320) }
scene 3 -> 1 at frame 1534 position (1040, 248)
target scene=1 area=(1152, 320) event=4 script=4475 mode=5 state=1 player=(1200, 360) pos=(1152, 384) path=2
learned targeted exit AreaKey { scene: 1, anchor: (1152, 320) } event=4 -> AreaKey { scene: 3, anchor: (160, 112) }
learned exit AreaKey { scene: 1, anchor: (1152, 320) } event=4 -> AreaKey { scene: 3, anchor: (160, 112) }
scene 1 -> 3 at frame 1536 position (1408, 1392)
target scene=3 area=(160, 112) event=52 script=4631 mode=5 state=1 player=(1568, 1504) pos=(1456, 1400) path=11
learned targeted exit AreaKey { scene: 3, anchor: (160, 112) } event=52 -> AreaKey { scene: 1, anchor: (1184, 1056) }
learned exit AreaKey { scene: 3, anchor: (160, 112) } event=52 -> AreaKey { scene: 1, anchor: (1184, 1056) }
scene 3 -> 1 at frame 1547 position (1088, 992)
target scene=1 area=(1184, 1056) event=13 script=4635 mode=5 state=1 player=(1248, 1104) pos=(1200, 1128) path=2
learned targeted exit AreaKey { scene: 1, anchor: (1184, 1056) } event=13 -> AreaKey { scene: 3, anchor: (160, 112) }
learned exit AreaKey { scene: 1, anchor: (1184, 1056) } event=13 -> AreaKey { scene: 3, anchor: (160, 112) }
scene 1 -> 3 at frame 1549 position (1248, 1312)
target scene=3 area=(160, 112) event=53 script=4639 mode=5 state=1 player=(1408, 1424) pos=(1296, 1320) path=11
learned targeted exit AreaKey { scene: 3, anchor: (160, 112) } event=53 -> AreaKey { scene: 1, anchor: (400, 344) }
learned exit AreaKey { scene: 3, anchor: (160, 112) } event=53 -> AreaKey { scene: 1, anchor: (400, 344) }
scene 3 -> 1 at frame 1560 position (304, 264)
target scene=1 area=(400, 344) event=18 script=4643 mode=5 state=1 player=(464, 376) pos=(416, 400) path=2
learned targeted exit AreaKey { scene: 1, anchor: (400, 344) } event=18 -> AreaKey { scene: 3, anchor: (160, 112) }
learned exit AreaKey { scene: 1, anchor: (400, 344) } event=18 -> AreaKey { scene: 3, anchor: (160, 112) }
scene 1 -> 3 at frame 1562 position (1088, 1232)
target scene=3 area=(160, 112) event=53 script=4639 mode=5 state=1 player=(1248, 1344) pos=(1296, 1320) path=2
learned targeted exit AreaKey { scene: 3, anchor: (160, 112) } event=53 -> AreaKey { scene: 1, anchor: (400, 344) }
learned exit AreaKey { scene: 3, anchor: (160, 112) } event=53 -> AreaKey { scene: 1, anchor: (400, 344) }
scene 3 -> 1 at frame 1564 position (304, 264)
target scene=1 area=(400, 344) event=18 script=4643 mode=5 state=1 player=(464, 376) pos=(416, 400) path=2
learned targeted exit AreaKey { scene: 1, anchor: (400, 344) } event=18 -> AreaKey { scene: 3, anchor: (160, 112) }
learned exit AreaKey { scene: 1, anchor: (400, 344) } event=18 -> AreaKey { scene: 3, anchor: (160, 112) }
scene 1 -> 3 at frame 1566 position (1088, 1232)
target scene=3 area=(160, 112) event=52 script=4631 mode=5 state=1 player=(1248, 1344) pos=(1456, 1400) path=12
learned targeted exit AreaKey { scene: 3, anchor: (160, 112) } event=52 -> AreaKey { scene: 1, anchor: (1184, 1056) }
learned exit AreaKey { scene: 3, anchor: (160, 112) } event=52 -> AreaKey { scene: 1, anchor: (1184, 1056) }
scene 3 -> 1 at frame 1578 position (1088, 992)
target scene=1 area=(1184, 1056) event=13 script=4635 mode=5 state=1 player=(1248, 1104) pos=(1200, 1128) path=2
learned targeted exit AreaKey { scene: 1, anchor: (1184, 1056) } event=13 -> AreaKey { scene: 3, anchor: (160, 112) }
learned exit AreaKey { scene: 1, anchor: (1184, 1056) } event=13 -> AreaKey { scene: 3, anchor: (160, 112) }
scene 1 -> 3 at frame 1580 position (1248, 1312)
target scene=3 area=(160, 112) event=51 script=4471 mode=5 state=1 player=(1408, 1424) pos=(1616, 1480) path=12
learned targeted exit AreaKey { scene: 3, anchor: (160, 112) } event=51 -> AreaKey { scene: 1, anchor: (1152, 320) }
learned exit AreaKey { scene: 3, anchor: (160, 112) } event=51 -> AreaKey { scene: 1, anchor: (1152, 320) }
scene 3 -> 1 at frame 1592 position (1040, 248)
target scene=1 area=(1152, 320) event=4 script=4475 mode=5 state=1 player=(1200, 360) pos=(1152, 384) path=2
learned targeted exit AreaKey { scene: 1, anchor: (1152, 320) } event=4 -> AreaKey { scene: 3, anchor: (160, 112) }
learned exit AreaKey { scene: 1, anchor: (1152, 320) } event=4 -> AreaKey { scene: 3, anchor: (160, 112) }
scene 1 -> 3 at frame 1594 position (1408, 1392)
target scene=3 area=(160, 112) event=51 script=4471 mode=5 state=1 player=(1568, 1504) pos=(1616, 1480) path=2
learned targeted exit AreaKey { scene: 3, anchor: (160, 112) } event=51 -> AreaKey { scene: 1, anchor: (1152, 320) }
learned exit AreaKey { scene: 3, anchor: (160, 112) } event=51 -> AreaKey { scene: 1, anchor: (1152, 320) }
scene 3 -> 1 at frame 1596 position (1040, 248)
target scene=1 area=(1152, 320) event=4 script=4475 mode=5 state=1 player=(1200, 360) pos=(1152, 384) path=2
learned targeted exit AreaKey { scene: 1, anchor: (1152, 320) } event=4 -> AreaKey { scene: 3, anchor: (160, 112) }
learned exit AreaKey { scene: 1, anchor: (1152, 320) } event=4 -> AreaKey { scene: 3, anchor: (160, 112) }
scene 1 -> 3 at frame 1598 position (1408, 1392)
target scene=3 area=(160, 112) event=52 script=4631 mode=5 state=1 player=(1568, 1504) pos=(1456, 1400) path=11
learned targeted exit AreaKey { scene: 3, anchor: (160, 112) } event=52 -> AreaKey { scene: 1, anchor: (1184, 1056) }
learned exit AreaKey { scene: 3, anchor: (160, 112) } event=52 -> AreaKey { scene: 1, anchor: (1184, 1056) }
scene 3 -> 1 at frame 1609 position (1088, 992)
target scene=1 area=(1184, 1056) event=13 script=4635 mode=5 state=1 player=(1248, 1104) pos=(1200, 1128) path=2
learned targeted exit AreaKey { scene: 1, anchor: (1184, 1056) } event=13 -> AreaKey { scene: 3, anchor: (160, 112) }
learned exit AreaKey { scene: 1, anchor: (1184, 1056) } event=13 -> AreaKey { scene: 3, anchor: (160, 112) }
scene 1 -> 3 at frame 1611 position (1248, 1312)
target scene=3 area=(160, 112) event=53 script=4639 mode=5 state=1 player=(1408, 1424) pos=(1296, 1320) path=11
learned targeted exit AreaKey { scene: 3, anchor: (160, 112) } event=53 -> AreaKey { scene: 1, anchor: (400, 344) }
learned exit AreaKey { scene: 3, anchor: (160, 112) } event=53 -> AreaKey { scene: 1, anchor: (400, 344) }
scene 3 -> 1 at frame 1622 position (304, 264)
target scene=1 area=(400, 344) event=18 script=4643 mode=5 state=1 player=(464, 376) pos=(416, 400) path=2
learned targeted exit AreaKey { scene: 1, anchor: (400, 344) } event=18 -> AreaKey { scene: 3, anchor: (160, 112) }
learned exit AreaKey { scene: 1, anchor: (400, 344) } event=18 -> AreaKey { scene: 3, anchor: (160, 112) }
scene 1 -> 3 at frame 1624 position (1088, 1232)
target scene=3 area=(160, 112) event=53 script=4639 mode=5 state=1 player=(1248, 1344) pos=(1296, 1320) path=2
learned targeted exit AreaKey { scene: 3, anchor: (160, 112) } event=53 -> AreaKey { scene: 1, anchor: (400, 344) }
learned exit AreaKey { scene: 3, anchor: (160, 112) } event=53 -> AreaKey { scene: 1, anchor: (400, 344) }
scene 3 -> 1 at frame 1626 position (304, 264)
target scene=1 area=(400, 344) event=18 script=4643 mode=5 state=1 player=(464, 376) pos=(416, 400) path=2
learned targeted exit AreaKey { scene: 1, anchor: (400, 344) } event=18 -> AreaKey { scene: 3, anchor: (160, 112) }
learned exit AreaKey { scene: 1, anchor: (400, 344) } event=18 -> AreaKey { scene: 3, anchor: (160, 112) }
scene 1 -> 3 at frame 1628 position (1088, 1232)
target scene=3 area=(160, 112) event=52 script=4631 mode=5 state=1 player=(1248, 1344) pos=(1456, 1400) path=12
learned targeted exit AreaKey { scene: 3, anchor: (160, 112) } event=52 -> AreaKey { scene: 1, anchor: (1184, 1056) }
learned exit AreaKey { scene: 3, anchor: (160, 112) } event=52 -> AreaKey { scene: 1, anchor: (1184, 1056) }
scene 3 -> 1 at frame 1640 position (1088, 992)
target scene=1 area=(1184, 1056) event=13 script=4635 mode=5 state=1 player=(1248, 1104) pos=(1200, 1128) path=2
learned targeted exit AreaKey { scene: 1, anchor: (1184, 1056) } event=13 -> AreaKey { scene: 3, anchor: (160, 112) }
learned exit AreaKey { scene: 1, anchor: (1184, 1056) } event=13 -> AreaKey { scene: 3, anchor: (160, 112) }
scene 1 -> 3 at frame 1642 position (1248, 1312)
target scene=3 area=(160, 112) event=51 script=4471 mode=5 state=1 player=(1408, 1424) pos=(1616, 1480) path=12
learned targeted exit AreaKey { scene: 3, anchor: (160, 112) } event=51 -> AreaKey { scene: 1, anchor: (1152, 320) }
learned exit AreaKey { scene: 3, anchor: (160, 112) } event=51 -> AreaKey { scene: 1, anchor: (1152, 320) }
scene 3 -> 1 at frame 1654 position (1040, 248)
target scene=1 area=(1152, 320) event=4 script=4475 mode=5 state=1 player=(1200, 360) pos=(1152, 384) path=2
learned targeted exit AreaKey { scene: 1, anchor: (1152, 320) } event=4 -> AreaKey { scene: 3, anchor: (160, 112) }
learned exit AreaKey { scene: 1, anchor: (1152, 320) } event=4 -> AreaKey { scene: 3, anchor: (160, 112) }
scene 1 -> 3 at frame 1656 position (1408, 1392)
target scene=3 area=(160, 112) event=51 script=4471 mode=5 state=1 player=(1568, 1504) pos=(1616, 1480) path=2
learned targeted exit AreaKey { scene: 3, anchor: (160, 112) } event=51 -> AreaKey { scene: 1, anchor: (1152, 320) }
learned exit AreaKey { scene: 3, anchor: (160, 112) } event=51 -> AreaKey { scene: 1, anchor: (1152, 320) }
scene 3 -> 1 at frame 1658 position (1040, 248)
target scene=1 area=(1152, 320) event=4 script=4475 mode=5 state=1 player=(1200, 360) pos=(1152, 384) path=2
learned targeted exit AreaKey { scene: 1, anchor: (1152, 320) } event=4 -> AreaKey { scene: 3, anchor: (160, 112) }
learned exit AreaKey { scene: 1, anchor: (1152, 320) } event=4 -> AreaKey { scene: 3, anchor: (160, 112) }
scene 1 -> 3 at frame 1660 position (1408, 1392)
target scene=3 area=(160, 112) event=52 script=4631 mode=5 state=1 player=(1568, 1504) pos=(1456, 1400) path=11
learned targeted exit AreaKey { scene: 3, anchor: (160, 112) } event=52 -> AreaKey { scene: 1, anchor: (1184, 1056) }
learned exit AreaKey { scene: 3, anchor: (160, 112) } event=52 -> AreaKey { scene: 1, anchor: (1184, 1056) }
scene 3 -> 1 at frame 1671 position (1088, 992)
target scene=1 area=(1184, 1056) event=13 script=4635 mode=5 state=1 player=(1248, 1104) pos=(1200, 1128) path=2
learned targeted exit AreaKey { scene: 1, anchor: (1184, 1056) } event=13 -> AreaKey { scene: 3, anchor: (160, 112) }
learned exit AreaKey { scene: 1, anchor: (1184, 1056) } event=13 -> AreaKey { scene: 3, anchor: (160, 112) }
scene 1 -> 3 at frame 1673 position (1248, 1312)
target scene=3 area=(160, 112) event=53 script=4639 mode=5 state=1 player=(1408, 1424) pos=(1296, 1320) path=11
learned targeted exit AreaKey { scene: 3, anchor: (160, 112) } event=53 -> AreaKey { scene: 1, anchor: (400, 344) }
learned exit AreaKey { scene: 3, anchor: (160, 112) } event=53 -> AreaKey { scene: 1, anchor: (400, 344) }
scene 3 -> 1 at frame 1684 position (304, 264)
target scene=1 area=(400, 344) event=18 script=4643 mode=5 state=1 player=(464, 376) pos=(416, 400) path=2
learned targeted exit AreaKey { scene: 1, anchor: (400, 344) } event=18 -> AreaKey { scene: 3, anchor: (160, 112) }
learned exit AreaKey { scene: 1, anchor: (400, 344) } event=18 -> AreaKey { scene: 3, anchor: (160, 112) }
scene 1 -> 3 at frame 1686 position (1088, 1232)
target scene=3 area=(160, 112) event=53 script=4639 mode=5 state=1 player=(1248, 1344) pos=(1296, 1320) path=2
learned targeted exit AreaKey { scene: 3, anchor: (160, 112) } event=53 -> AreaKey { scene: 1, anchor: (400, 344) }
learned exit AreaKey { scene: 3, anchor: (160, 112) } event=53 -> AreaKey { scene: 1, anchor: (400, 344) }
scene 3 -> 1 at frame 1688 position (304, 264)
target scene=1 area=(400, 344) event=18 script=4643 mode=5 state=1 player=(464, 376) pos=(416, 400) path=2
learned targeted exit AreaKey { scene: 1, anchor: (400, 344) } event=18 -> AreaKey { scene: 3, anchor: (160, 112) }
learned exit AreaKey { scene: 1, anchor: (400, 344) } event=18 -> AreaKey { scene: 3, anchor: (160, 112) }
scene 1 -> 3 at frame 1690 position (1088, 1232)
target scene=3 area=(160, 112) event=52 script=4631 mode=5 state=1 player=(1248, 1344) pos=(1456, 1400) path=12
learned targeted exit AreaKey { scene: 3, anchor: (160, 112) } event=52 -> AreaKey { scene: 1, anchor: (1184, 1056) }
learned exit AreaKey { scene: 3, anchor: (160, 112) } event=52 -> AreaKey { scene: 1, anchor: (1184, 1056) }
scene 3 -> 1 at frame 1702 position (1088, 992)
target scene=1 area=(1184, 1056) event=13 script=4635 mode=5 state=1 player=(1248, 1104) pos=(1200, 1128) path=2
learned targeted exit AreaKey { scene: 1, anchor: (1184, 1056) } event=13 -> AreaKey { scene: 3, anchor: (160, 112) }
learned exit AreaKey { scene: 1, anchor: (1184, 1056) } event=13 -> AreaKey { scene: 3, anchor: (160, 112) }
scene 1 -> 3 at frame 1704 position (1248, 1312)
target scene=3 area=(160, 112) event=51 script=4471 mode=5 state=1 player=(1408, 1424) pos=(1616, 1480) path=12
learned targeted exit AreaKey { scene: 3, anchor: (160, 112) } event=51 -> AreaKey { scene: 1, anchor: (1152, 320) }
learned exit AreaKey { scene: 3, anchor: (160, 112) } event=51 -> AreaKey { scene: 1, anchor: (1152, 320) }
scene 3 -> 1 at frame 1716 position (1040, 248)
target scene=1 area=(1152, 320) event=4 script=4475 mode=5 state=1 player=(1200, 360) pos=(1152, 384) path=2
learned targeted exit AreaKey { scene: 1, anchor: (1152, 320) } event=4 -> AreaKey { scene: 3, anchor: (160, 112) }
learned exit AreaKey { scene: 1, anchor: (1152, 320) } event=4 -> AreaKey { scene: 3, anchor: (160, 112) }
scene 1 -> 3 at frame 1718 position (1408, 1392)
target scene=3 area=(160, 112) event=51 script=4471 mode=5 state=1 player=(1568, 1504) pos=(1616, 1480) path=2
learned targeted exit AreaKey { scene: 3, anchor: (160, 112) } event=51 -> AreaKey { scene: 1, anchor: (1152, 320) }
learned exit AreaKey { scene: 3, anchor: (160, 112) } event=51 -> AreaKey { scene: 1, anchor: (1152, 320) }
scene 3 -> 1 at frame 1720 position (1040, 248)
target scene=1 area=(1152, 320) event=4 script=4475 mode=5 state=1 player=(1200, 360) pos=(1152, 384) path=2
learned targeted exit AreaKey { scene: 1, anchor: (1152, 320) } event=4 -> AreaKey { scene: 3, anchor: (160, 112) }
learned exit AreaKey { scene: 1, anchor: (1152, 320) } event=4 -> AreaKey { scene: 3, anchor: (160, 112) }
scene 1 -> 3 at frame 1722 position (1408, 1392)
target scene=3 area=(160, 112) event=52 script=4631 mode=5 state=1 player=(1568, 1504) pos=(1456, 1400) path=11
learned targeted exit AreaKey { scene: 3, anchor: (160, 112) } event=52 -> AreaKey { scene: 1, anchor: (1184, 1056) }
learned exit AreaKey { scene: 3, anchor: (160, 112) } event=52 -> AreaKey { scene: 1, anchor: (1184, 1056) }
scene 3 -> 1 at frame 1733 position (1088, 992)
target scene=1 area=(1184, 1056) event=13 script=4635 mode=5 state=1 player=(1248, 1104) pos=(1200, 1128) path=2
learned targeted exit AreaKey { scene: 1, anchor: (1184, 1056) } event=13 -> AreaKey { scene: 3, anchor: (160, 112) }
learned exit AreaKey { scene: 1, anchor: (1184, 1056) } event=13 -> AreaKey { scene: 3, anchor: (160, 112) }
scene 1 -> 3 at frame 1735 position (1248, 1312)
target scene=3 area=(160, 112) event=53 script=4639 mode=5 state=1 player=(1408, 1424) pos=(1296, 1320) path=11
learned targeted exit AreaKey { scene: 3, anchor: (160, 112) } event=53 -> AreaKey { scene: 1, anchor: (400, 344) }
learned exit AreaKey { scene: 3, anchor: (160, 112) } event=53 -> AreaKey { scene: 1, anchor: (400, 344) }
scene 3 -> 1 at frame 1746 position (304, 264)
target scene=1 area=(400, 344) event=18 script=4643 mode=5 state=1 player=(464, 376) pos=(416, 400) path=2
learned targeted exit AreaKey { scene: 1, anchor: (400, 344) } event=18 -> AreaKey { scene: 3, anchor: (160, 112) }
learned exit AreaKey { scene: 1, anchor: (400, 344) } event=18 -> AreaKey { scene: 3, anchor: (160, 112) }
scene 1 -> 3 at frame 1748 position (1088, 1232)
target scene=3 area=(160, 112) event=53 script=4639 mode=5 state=1 player=(1248, 1344) pos=(1296, 1320) path=2
learned targeted exit AreaKey { scene: 3, anchor: (160, 112) } event=53 -> AreaKey { scene: 1, anchor: (400, 344) }
learned exit AreaKey { scene: 3, anchor: (160, 112) } event=53 -> AreaKey { scene: 1, anchor: (400, 344) }
scene 3 -> 1 at frame 1750 position (304, 264)
target scene=1 area=(400, 344) event=18 script=4643 mode=5 state=1 player=(464, 376) pos=(416, 400) path=2
learned targeted exit AreaKey { scene: 1, anchor: (400, 344) } event=18 -> AreaKey { scene: 3, anchor: (160, 112) }
learned exit AreaKey { scene: 1, anchor: (400, 344) } event=18 -> AreaKey { scene: 3, anchor: (160, 112) }
scene 1 -> 3 at frame 1752 position (1088, 1232)
target scene=3 area=(160, 112) event=52 script=4631 mode=5 state=1 player=(1248, 1344) pos=(1456, 1400) path=12
learned targeted exit AreaKey { scene: 3, anchor: (160, 112) } event=52 -> AreaKey { scene: 1, anchor: (1184, 1056) }
learned exit AreaKey { scene: 3, anchor: (160, 112) } event=52 -> AreaKey { scene: 1, anchor: (1184, 1056) }
scene 3 -> 1 at frame 1764 position (1088, 992)
target scene=1 area=(1184, 1056) event=13 script=4635 mode=5 state=1 player=(1248, 1104) pos=(1200, 1128) path=2
learned targeted exit AreaKey { scene: 1, anchor: (1184, 1056) } event=13 -> AreaKey { scene: 3, anchor: (160, 112) }
learned exit AreaKey { scene: 1, anchor: (1184, 1056) } event=13 -> AreaKey { scene: 3, anchor: (160, 112) }
scene 1 -> 3 at frame 1766 position (1248, 1312)
target scene=3 area=(160, 112) event=51 script=4471 mode=5 state=1 player=(1408, 1424) pos=(1616, 1480) path=12
learned targeted exit AreaKey { scene: 3, anchor: (160, 112) } event=51 -> AreaKey { scene: 1, anchor: (1152, 320) }
learned exit AreaKey { scene: 3, anchor: (160, 112) } event=51 -> AreaKey { scene: 1, anchor: (1152, 320) }
scene 3 -> 1 at frame 1778 position (1040, 248)
target scene=1 area=(1152, 320) event=4 script=4475 mode=5 state=1 player=(1200, 360) pos=(1152, 384) path=2
learned targeted exit AreaKey { scene: 1, anchor: (1152, 320) } event=4 -> AreaKey { scene: 3, anchor: (160, 112) }
learned exit AreaKey { scene: 1, anchor: (1152, 320) } event=4 -> AreaKey { scene: 3, anchor: (160, 112) }
scene 1 -> 3 at frame 1780 position (1408, 1392)
target scene=3 area=(160, 112) event=51 script=4471 mode=5 state=1 player=(1568, 1504) pos=(1616, 1480) path=2
learned targeted exit AreaKey { scene: 3, anchor: (160, 112) } event=51 -> AreaKey { scene: 1, anchor: (1152, 320) }
learned exit AreaKey { scene: 3, anchor: (160, 112) } event=51 -> AreaKey { scene: 1, anchor: (1152, 320) }
scene 3 -> 1 at frame 1782 position (1040, 248)
target scene=1 area=(1152, 320) event=4 script=4475 mode=5 state=1 player=(1200, 360) pos=(1152, 384) path=2
learned targeted exit AreaKey { scene: 1, anchor: (1152, 320) } event=4 -> AreaKey { scene: 3, anchor: (160, 112) }
learned exit AreaKey { scene: 1, anchor: (1152, 320) } event=4 -> AreaKey { scene: 3, anchor: (160, 112) }
scene 1 -> 3 at frame 1784 position (1408, 1392)
target scene=3 area=(160, 112) event=52 script=4631 mode=5 state=1 player=(1568, 1504) pos=(1456, 1400) path=11
learned targeted exit AreaKey { scene: 3, anchor: (160, 112) } event=52 -> AreaKey { scene: 1, anchor: (1184, 1056) }
learned exit AreaKey { scene: 3, anchor: (160, 112) } event=52 -> AreaKey { scene: 1, anchor: (1184, 1056) }
scene 3 -> 1 at frame 1795 position (1088, 992)
target scene=1 area=(1184, 1056) event=13 script=4635 mode=5 state=1 player=(1248, 1104) pos=(1200, 1128) path=2
learned targeted exit AreaKey { scene: 1, anchor: (1184, 1056) } event=13 -> AreaKey { scene: 3, anchor: (160, 112) }
learned exit AreaKey { scene: 1, anchor: (1184, 1056) } event=13 -> AreaKey { scene: 3, anchor: (160, 112) }
scene 1 -> 3 at frame 1797 position (1248, 1312)
target scene=3 area=(160, 112) event=53 script=4639 mode=5 state=1 player=(1408, 1424) pos=(1296, 1320) path=11
learned targeted exit AreaKey { scene: 3, anchor: (160, 112) } event=53 -> AreaKey { scene: 1, anchor: (400, 344) }
learned exit AreaKey { scene: 3, anchor: (160, 112) } event=53 -> AreaKey { scene: 1, anchor: (400, 344) }
scene 3 -> 1 at frame 1808 position (304, 264)
target scene=1 area=(400, 344) event=18 script=4643 mode=5 state=1 player=(464, 376) pos=(416, 400) path=2
learned targeted exit AreaKey { scene: 1, anchor: (400, 344) } event=18 -> AreaKey { scene: 3, anchor: (160, 112) }
learned exit AreaKey { scene: 1, anchor: (400, 344) } event=18 -> AreaKey { scene: 3, anchor: (160, 112) }
scene 1 -> 3 at frame 1810 position (1088, 1232)
target scene=3 area=(160, 112) event=53 script=4639 mode=5 state=1 player=(1248, 1344) pos=(1296, 1320) path=2
learned targeted exit AreaKey { scene: 3, anchor: (160, 112) } event=53 -> AreaKey { scene: 1, anchor: (400, 344) }
learned exit AreaKey { scene: 3, anchor: (160, 112) } event=53 -> AreaKey { scene: 1, anchor: (400, 344) }
scene 3 -> 1 at frame 1812 position (304, 264)
target scene=1 area=(400, 344) event=18 script=4643 mode=5 state=1 player=(464, 376) pos=(416, 400) path=2
learned targeted exit AreaKey { scene: 1, anchor: (400, 344) } event=18 -> AreaKey { scene: 3, anchor: (160, 112) }
learned exit AreaKey { scene: 1, anchor: (400, 344) } event=18 -> AreaKey { scene: 3, anchor: (160, 112) }
scene 1 -> 3 at frame 1814 position (1088, 1232)
target scene=3 area=(160, 112) event=52 script=4631 mode=5 state=1 player=(1248, 1344) pos=(1456, 1400) path=12
learned targeted exit AreaKey { scene: 3, anchor: (160, 112) } event=52 -> AreaKey { scene: 1, anchor: (1184, 1056) }
learned exit AreaKey { scene: 3, anchor: (160, 112) } event=52 -> AreaKey { scene: 1, anchor: (1184, 1056) }
scene 3 -> 1 at frame 1826 position (1088, 992)
target scene=1 area=(1184, 1056) event=13 script=4635 mode=5 state=1 player=(1248, 1104) pos=(1200, 1128) path=2
learned targeted exit AreaKey { scene: 1, anchor: (1184, 1056) } event=13 -> AreaKey { scene: 3, anchor: (160, 112) }
learned exit AreaKey { scene: 1, anchor: (1184, 1056) } event=13 -> AreaKey { scene: 3, anchor: (160, 112) }
scene 1 -> 3 at frame 1828 position (1248, 1312)
target scene=3 area=(160, 112) event=51 script=4471 mode=5 state=1 player=(1408, 1424) pos=(1616, 1480) path=12
learned targeted exit AreaKey { scene: 3, anchor: (160, 112) } event=51 -> AreaKey { scene: 1, anchor: (1152, 320) }
learned exit AreaKey { scene: 3, anchor: (160, 112) } event=51 -> AreaKey { scene: 1, anchor: (1152, 320) }
scene 3 -> 1 at frame 1840 position (1040, 248)
target scene=1 area=(1152, 320) event=4 script=4475 mode=5 state=1 player=(1200, 360) pos=(1152, 384) path=2
learned targeted exit AreaKey { scene: 1, anchor: (1152, 320) } event=4 -> AreaKey { scene: 3, anchor: (160, 112) }
learned exit AreaKey { scene: 1, anchor: (1152, 320) } event=4 -> AreaKey { scene: 3, anchor: (160, 112) }
scene 1 -> 3 at frame 1842 position (1408, 1392)
target scene=3 area=(160, 112) event=51 script=4471 mode=5 state=1 player=(1568, 1504) pos=(1616, 1480) path=2
learned targeted exit AreaKey { scene: 3, anchor: (160, 112) } event=51 -> AreaKey { scene: 1, anchor: (1152, 320) }
learned exit AreaKey { scene: 3, anchor: (160, 112) } event=51 -> AreaKey { scene: 1, anchor: (1152, 320) }
scene 3 -> 1 at frame 1844 position (1040, 248)
target scene=1 area=(1152, 320) event=4 script=4475 mode=5 state=1 player=(1200, 360) pos=(1152, 384) path=2
learned targeted exit AreaKey { scene: 1, anchor: (1152, 320) } event=4 -> AreaKey { scene: 3, anchor: (160, 112) }
learned exit AreaKey { scene: 1, anchor: (1152, 320) } event=4 -> AreaKey { scene: 3, anchor: (160, 112) }
scene 1 -> 3 at frame 1846 position (1408, 1392)
target scene=3 area=(160, 112) event=52 script=4631 mode=5 state=1 player=(1568, 1504) pos=(1456, 1400) path=11
learned targeted exit AreaKey { scene: 3, anchor: (160, 112) } event=52 -> AreaKey { scene: 1, anchor: (1184, 1056) }
learned exit AreaKey { scene: 3, anchor: (160, 112) } event=52 -> AreaKey { scene: 1, anchor: (1184, 1056) }
scene 3 -> 1 at frame 1857 position (1088, 992)
target scene=1 area=(1184, 1056) event=13 script=4635 mode=5 state=1 player=(1248, 1104) pos=(1200, 1128) path=2
learned targeted exit AreaKey { scene: 1, anchor: (1184, 1056) } event=13 -> AreaKey { scene: 3, anchor: (160, 112) }
learned exit AreaKey { scene: 1, anchor: (1184, 1056) } event=13 -> AreaKey { scene: 3, anchor: (160, 112) }
scene 1 -> 3 at frame 1859 position (1248, 1312)
target scene=3 area=(160, 112) event=53 script=4639 mode=5 state=1 player=(1408, 1424) pos=(1296, 1320) path=11
learned targeted exit AreaKey { scene: 3, anchor: (160, 112) } event=53 -> AreaKey { scene: 1, anchor: (400, 344) }
learned exit AreaKey { scene: 3, anchor: (160, 112) } event=53 -> AreaKey { scene: 1, anchor: (400, 344) }
scene 3 -> 1 at frame 1870 position (304, 264)
target scene=1 area=(400, 344) event=18 script=4643 mode=5 state=1 player=(464, 376) pos=(416, 400) path=2
learned targeted exit AreaKey { scene: 1, anchor: (400, 344) } event=18 -> AreaKey { scene: 3, anchor: (160, 112) }
learned exit AreaKey { scene: 1, anchor: (400, 344) } event=18 -> AreaKey { scene: 3, anchor: (160, 112) }
scene 1 -> 3 at frame 1872 position (1088, 1232)
target scene=3 area=(160, 112) event=53 script=4639 mode=5 state=1 player=(1248, 1344) pos=(1296, 1320) path=2
learned targeted exit AreaKey { scene: 3, anchor: (160, 112) } event=53 -> AreaKey { scene: 1, anchor: (400, 344) }
learned exit AreaKey { scene: 3, anchor: (160, 112) } event=53 -> AreaKey { scene: 1, anchor: (400, 344) }
scene 3 -> 1 at frame 1874 position (304, 264)
target scene=1 area=(400, 344) event=18 script=4643 mode=5 state=1 player=(464, 376) pos=(416, 400) path=2
learned targeted exit AreaKey { scene: 1, anchor: (400, 344) } event=18 -> AreaKey { scene: 3, anchor: (160, 112) }
learned exit AreaKey { scene: 1, anchor: (400, 344) } event=18 -> AreaKey { scene: 3, anchor: (160, 112) }
scene 1 -> 3 at frame 1876 position (1088, 1232)
target scene=3 area=(160, 112) event=52 script=4631 mode=5 state=1 player=(1248, 1344) pos=(1456, 1400) path=12
learned targeted exit AreaKey { scene: 3, anchor: (160, 112) } event=52 -> AreaKey { scene: 1, anchor: (1184, 1056) }
learned exit AreaKey { scene: 3, anchor: (160, 112) } event=52 -> AreaKey { scene: 1, anchor: (1184, 1056) }
scene 3 -> 1 at frame 1888 position (1088, 992)
target scene=1 area=(1184, 1056) event=13 script=4635 mode=5 state=1 player=(1248, 1104) pos=(1200, 1128) path=2
learned targeted exit AreaKey { scene: 1, anchor: (1184, 1056) } event=13 -> AreaKey { scene: 3, anchor: (160, 112) }
learned exit AreaKey { scene: 1, anchor: (1184, 1056) } event=13 -> AreaKey { scene: 3, anchor: (160, 112) }
scene 1 -> 3 at frame 1890 position (1248, 1312)
target scene=3 area=(160, 112) event=51 script=4471 mode=5 state=1 player=(1408, 1424) pos=(1616, 1480) path=12
learned targeted exit AreaKey { scene: 3, anchor: (160, 112) } event=51 -> AreaKey { scene: 1, anchor: (1152, 320) }
learned exit AreaKey { scene: 3, anchor: (160, 112) } event=51 -> AreaKey { scene: 1, anchor: (1152, 320) }
scene 3 -> 1 at frame 1902 position (1040, 248)
target scene=1 area=(1152, 320) event=4 script=4475 mode=5 state=1 player=(1200, 360) pos=(1152, 384) path=2
learned targeted exit AreaKey { scene: 1, anchor: (1152, 320) } event=4 -> AreaKey { scene: 3, anchor: (160, 112) }
learned exit AreaKey { scene: 1, anchor: (1152, 320) } event=4 -> AreaKey { scene: 3, anchor: (160, 112) }
scene 1 -> 3 at frame 1904 position (1408, 1392)
target scene=3 area=(160, 112) event=51 script=4471 mode=5 state=1 player=(1568, 1504) pos=(1616, 1480) path=2
learned targeted exit AreaKey { scene: 3, anchor: (160, 112) } event=51 -> AreaKey { scene: 1, anchor: (1152, 320) }
learned exit AreaKey { scene: 3, anchor: (160, 112) } event=51 -> AreaKey { scene: 1, anchor: (1152, 320) }
scene 3 -> 1 at frame 1906 position (1040, 248)
target scene=1 area=(1152, 320) event=4 script=4475 mode=5 state=1 player=(1200, 360) pos=(1152, 384) path=2
learned targeted exit AreaKey { scene: 1, anchor: (1152, 320) } event=4 -> AreaKey { scene: 3, anchor: (160, 112) }
learned exit AreaKey { scene: 1, anchor: (1152, 320) } event=4 -> AreaKey { scene: 3, anchor: (160, 112) }
scene 1 -> 3 at frame 1908 position (1408, 1392)
target scene=3 area=(160, 112) event=52 script=4631 mode=5 state=1 player=(1568, 1504) pos=(1456, 1400) path=11
learned targeted exit AreaKey { scene: 3, anchor: (160, 112) } event=52 -> AreaKey { scene: 1, anchor: (1184, 1056) }
learned exit AreaKey { scene: 3, anchor: (160, 112) } event=52 -> AreaKey { scene: 1, anchor: (1184, 1056) }
scene 3 -> 1 at frame 1919 position (1088, 992)
target scene=1 area=(1184, 1056) event=13 script=4635 mode=5 state=1 player=(1248, 1104) pos=(1200, 1128) path=2
learned targeted exit AreaKey { scene: 1, anchor: (1184, 1056) } event=13 -> AreaKey { scene: 3, anchor: (160, 112) }
learned exit AreaKey { scene: 1, anchor: (1184, 1056) } event=13 -> AreaKey { scene: 3, anchor: (160, 112) }
scene 1 -> 3 at frame 1921 position (1248, 1312)
target scene=3 area=(160, 112) event=53 script=4639 mode=5 state=1 player=(1408, 1424) pos=(1296, 1320) path=11
learned targeted exit AreaKey { scene: 3, anchor: (160, 112) } event=53 -> AreaKey { scene: 1, anchor: (400, 344) }
learned exit AreaKey { scene: 3, anchor: (160, 112) } event=53 -> AreaKey { scene: 1, anchor: (400, 344) }
scene 3 -> 1 at frame 1932 position (304, 264)
target scene=1 area=(400, 344) event=18 script=4643 mode=5 state=1 player=(464, 376) pos=(416, 400) path=2
learned targeted exit AreaKey { scene: 1, anchor: (400, 344) } event=18 -> AreaKey { scene: 3, anchor: (160, 112) }
learned exit AreaKey { scene: 1, anchor: (400, 344) } event=18 -> AreaKey { scene: 3, anchor: (160, 112) }
scene 1 -> 3 at frame 1934 position (1088, 1232)
target scene=3 area=(160, 112) event=53 script=4639 mode=5 state=1 player=(1248, 1344) pos=(1296, 1320) path=2
learned targeted exit AreaKey { scene: 3, anchor: (160, 112) } event=53 -> AreaKey { scene: 1, anchor: (400, 344) }
learned exit AreaKey { scene: 3, anchor: (160, 112) } event=53 -> AreaKey { scene: 1, anchor: (400, 344) }
scene 3 -> 1 at frame 1936 position (304, 264)
target scene=1 area=(400, 344) event=18 script=4643 mode=5 state=1 player=(464, 376) pos=(416, 400) path=2
learned targeted exit AreaKey { scene: 1, anchor: (400, 344) } event=18 -> AreaKey { scene: 3, anchor: (160, 112) }
learned exit AreaKey { scene: 1, anchor: (400, 344) } event=18 -> AreaKey { scene: 3, anchor: (160, 112) }
scene 1 -> 3 at frame 1938 position (1088, 1232)
target scene=3 area=(160, 112) event=52 script=4631 mode=5 state=1 player=(1248, 1344) pos=(1456, 1400) path=12
learned targeted exit AreaKey { scene: 3, anchor: (160, 112) } event=52 -> AreaKey { scene: 1, anchor: (1184, 1056) }
learned exit AreaKey { scene: 3, anchor: (160, 112) } event=52 -> AreaKey { scene: 1, anchor: (1184, 1056) }
scene 3 -> 1 at frame 1950 position (1088, 992)
target scene=1 area=(1184, 1056) event=13 script=4635 mode=5 state=1 player=(1248, 1104) pos=(1200, 1128) path=2
learned targeted exit AreaKey { scene: 1, anchor: (1184, 1056) } event=13 -> AreaKey { scene: 3, anchor: (160, 112) }
learned exit AreaKey { scene: 1, anchor: (1184, 1056) } event=13 -> AreaKey { scene: 3, anchor: (160, 112) }
scene 1 -> 3 at frame 1952 position (1248, 1312)
target scene=3 area=(160, 112) event=51 script=4471 mode=5 state=1 player=(1408, 1424) pos=(1616, 1480) path=12
learned targeted exit AreaKey { scene: 3, anchor: (160, 112) } event=51 -> AreaKey { scene: 1, anchor: (1152, 320) }
learned exit AreaKey { scene: 3, anchor: (160, 112) } event=51 -> AreaKey { scene: 1, anchor: (1152, 320) }
scene 3 -> 1 at frame 1964 position (1040, 248)
target scene=1 area=(1152, 320) event=4 script=4475 mode=5 state=1 player=(1200, 360) pos=(1152, 384) path=2
learned targeted exit AreaKey { scene: 1, anchor: (1152, 320) } event=4 -> AreaKey { scene: 3, anchor: (160, 112) }
learned exit AreaKey { scene: 1, anchor: (1152, 320) } event=4 -> AreaKey { scene: 3, anchor: (160, 112) }
scene 1 -> 3 at frame 1966 position (1408, 1392)
target scene=3 area=(160, 112) event=51 script=4471 mode=5 state=1 player=(1568, 1504) pos=(1616, 1480) path=2
learned targeted exit AreaKey { scene: 3, anchor: (160, 112) } event=51 -> AreaKey { scene: 1, anchor: (1152, 320) }
learned exit AreaKey { scene: 3, anchor: (160, 112) } event=51 -> AreaKey { scene: 1, anchor: (1152, 320) }
scene 3 -> 1 at frame 1968 position (1040, 248)
target scene=1 area=(1152, 320) event=4 script=4475 mode=5 state=1 player=(1200, 360) pos=(1152, 384) path=2
learned targeted exit AreaKey { scene: 1, anchor: (1152, 320) } event=4 -> AreaKey { scene: 3, anchor: (160, 112) }
learned exit AreaKey { scene: 1, anchor: (1152, 320) } event=4 -> AreaKey { scene: 3, anchor: (160, 112) }
scene 1 -> 3 at frame 1970 position (1408, 1392)
target scene=3 area=(160, 112) event=52 script=4631 mode=5 state=1 player=(1568, 1504) pos=(1456, 1400) path=11
learned targeted exit AreaKey { scene: 3, anchor: (160, 112) } event=52 -> AreaKey { scene: 1, anchor: (1184, 1056) }
learned exit AreaKey { scene: 3, anchor: (160, 112) } event=52 -> AreaKey { scene: 1, anchor: (1184, 1056) }
scene 3 -> 1 at frame 1981 position (1088, 992)
target scene=1 area=(1184, 1056) event=13 script=4635 mode=5 state=1 player=(1248, 1104) pos=(1200, 1128) path=2
learned targeted exit AreaKey { scene: 1, anchor: (1184, 1056) } event=13 -> AreaKey { scene: 3, anchor: (160, 112) }
learned exit AreaKey { scene: 1, anchor: (1184, 1056) } event=13 -> AreaKey { scene: 3, anchor: (160, 112) }
scene 1 -> 3 at frame 1983 position (1248, 1312)
target scene=3 area=(160, 112) event=53 script=4639 mode=5 state=1 player=(1408, 1424) pos=(1296, 1320) path=11
learned targeted exit AreaKey { scene: 3, anchor: (160, 112) } event=53 -> AreaKey { scene: 1, anchor: (400, 344) }
learned exit AreaKey { scene: 3, anchor: (160, 112) } event=53 -> AreaKey { scene: 1, anchor: (400, 344) }
scene 3 -> 1 at frame 1994 position (304, 264)
target scene=1 area=(400, 344) event=18 script=4643 mode=5 state=1 player=(464, 376) pos=(416, 400) path=2
learned targeted exit AreaKey { scene: 1, anchor: (400, 344) } event=18 -> AreaKey { scene: 3, anchor: (160, 112) }
learned exit AreaKey { scene: 1, anchor: (400, 344) } event=18 -> AreaKey { scene: 3, anchor: (160, 112) }
scene 1 -> 3 at frame 1996 position (1088, 1232)
target scene=3 area=(160, 112) event=53 script=4639 mode=5 state=1 player=(1248, 1344) pos=(1296, 1320) path=2
learned targeted exit AreaKey { scene: 3, anchor: (160, 112) } event=53 -> AreaKey { scene: 1, anchor: (400, 344) }
learned exit AreaKey { scene: 3, anchor: (160, 112) } event=53 -> AreaKey { scene: 1, anchor: (400, 344) }
scene 3 -> 1 at frame 1998 position (304, 264)
target scene=1 area=(400, 344) event=18 script=4643 mode=5 state=1 player=(464, 376) pos=(416, 400) path=2
learned targeted exit AreaKey { scene: 1, anchor: (400, 344) } event=18 -> AreaKey { scene: 3, anchor: (160, 112) }
learned exit AreaKey { scene: 1, anchor: (400, 344) } event=18 -> AreaKey { scene: 3, anchor: (160, 112) }
scene 1 -> 3 at frame 2000 position (1088, 1232)
target scene=3 area=(160, 112) event=52 script=4631 mode=5 state=1 player=(1248, 1344) pos=(1456, 1400) path=12
learned targeted exit AreaKey { scene: 3, anchor: (160, 112) } event=52 -> AreaKey { scene: 1, anchor: (1184, 1056) }
learned exit AreaKey { scene: 3, anchor: (160, 112) } event=52 -> AreaKey { scene: 1, anchor: (1184, 1056) }
scene 3 -> 1 at frame 2012 position (1088, 992)
target scene=1 area=(1184, 1056) event=13 script=4635 mode=5 state=1 player=(1248, 1104) pos=(1200, 1128) path=2
learned targeted exit AreaKey { scene: 1, anchor: (1184, 1056) } event=13 -> AreaKey { scene: 3, anchor: (160, 112) }
learned exit AreaKey { scene: 1, anchor: (1184, 1056) } event=13 -> AreaKey { scene: 3, anchor: (160, 112) }
scene 1 -> 3 at frame 2014 position (1248, 1312)
target scene=3 area=(160, 112) event=51 script=4471 mode=5 state=1 player=(1408, 1424) pos=(1616, 1480) path=12
learned targeted exit AreaKey { scene: 3, anchor: (160, 112) } event=51 -> AreaKey { scene: 1, anchor: (1152, 320) }
learned exit AreaKey { scene: 3, anchor: (160, 112) } event=51 -> AreaKey { scene: 1, anchor: (1152, 320) }
scene 3 -> 1 at frame 2026 position (1040, 248)
target scene=1 area=(1152, 320) event=4 script=4475 mode=5 state=1 player=(1200, 360) pos=(1152, 384) path=2
learned targeted exit AreaKey { scene: 1, anchor: (1152, 320) } event=4 -> AreaKey { scene: 3, anchor: (160, 112) }
learned exit AreaKey { scene: 1, anchor: (1152, 320) } event=4 -> AreaKey { scene: 3, anchor: (160, 112) }
scene 1 -> 3 at frame 2028 position (1408, 1392)
target scene=3 area=(160, 112) event=51 script=4471 mode=5 state=1 player=(1568, 1504) pos=(1616, 1480) path=2
learned targeted exit AreaKey { scene: 3, anchor: (160, 112) } event=51 -> AreaKey { scene: 1, anchor: (1152, 320) }
learned exit AreaKey { scene: 3, anchor: (160, 112) } event=51 -> AreaKey { scene: 1, anchor: (1152, 320) }
scene 3 -> 1 at frame 2030 position (1040, 248)
target scene=1 area=(1152, 320) event=4 script=4475 mode=5 state=1 player=(1200, 360) pos=(1152, 384) path=2
learned targeted exit AreaKey { scene: 1, anchor: (1152, 320) } event=4 -> AreaKey { scene: 3, anchor: (160, 112) }
learned exit AreaKey { scene: 1, anchor: (1152, 320) } event=4 -> AreaKey { scene: 3, anchor: (160, 112) }
scene 1 -> 3 at frame 2032 position (1408, 1392)
target scene=3 area=(160, 112) event=52 script=4631 mode=5 state=1 player=(1568, 1504) pos=(1456, 1400) path=11
learned targeted exit AreaKey { scene: 3, anchor: (160, 112) } event=52 -> AreaKey { scene: 1, anchor: (1184, 1056) }
learned exit AreaKey { scene: 3, anchor: (160, 112) } event=52 -> AreaKey { scene: 1, anchor: (1184, 1056) }
scene 3 -> 1 at frame 2043 position (1088, 992)
target scene=1 area=(1184, 1056) event=13 script=4635 mode=5 state=1 player=(1248, 1104) pos=(1200, 1128) path=2
learned targeted exit AreaKey { scene: 1, anchor: (1184, 1056) } event=13 -> AreaKey { scene: 3, anchor: (160, 112) }
learned exit AreaKey { scene: 1, anchor: (1184, 1056) } event=13 -> AreaKey { scene: 3, anchor: (160, 112) }
scene 1 -> 3 at frame 2045 position (1248, 1312)
target scene=3 area=(160, 112) event=53 script=4639 mode=5 state=1 player=(1408, 1424) pos=(1296, 1320) path=11
learned targeted exit AreaKey { scene: 3, anchor: (160, 112) } event=53 -> AreaKey { scene: 1, anchor: (400, 344) }
learned exit AreaKey { scene: 3, anchor: (160, 112) } event=53 -> AreaKey { scene: 1, anchor: (400, 344) }
scene 3 -> 1 at frame 2056 position (304, 264)
target scene=1 area=(400, 344) event=18 script=4643 mode=5 state=1 player=(464, 376) pos=(416, 400) path=2
learned targeted exit AreaKey { scene: 1, anchor: (400, 344) } event=18 -> AreaKey { scene: 3, anchor: (160, 112) }
learned exit AreaKey { scene: 1, anchor: (400, 344) } event=18 -> AreaKey { scene: 3, anchor: (160, 112) }
scene 1 -> 3 at frame 2058 position (1088, 1232)
target scene=3 area=(160, 112) event=48 script=60 mode=4 state=1 player=(1248, 1344) pos=(1168, 1368) path=7
learned targeted exit AreaKey { scene: 3, anchor: (160, 112) } event=48 -> AreaKey { scene: 3, anchor: (1216, 1408) }
marked destination touch VisitKey { scene: 3, area: (1216, 1408), event_id: 48, trigger_script: 60, trigger_mode: 4, state: 1 }
learned exit AreaKey { scene: 3, anchor: (160, 112) } event=48 -> AreaKey { scene: 3, anchor: (1216, 1408) }
area teleport in scene 3 at frame 2082: (1168, 1368) -> (1248, 1456)
target scene=3 area=(1216, 1408) event=47 script=33 mode=4 state=1 player=(1248, 1456) pos=(1248, 1456) path=0
learned targeted exit AreaKey { scene: 3, anchor: (1216, 1408) } event=47 -> AreaKey { scene: 3, anchor: (1152, 1344) }
marked destination touch VisitKey { scene: 3, area: (1152, 1344), event_id: 47, trigger_script: 33, trigger_mode: 4, state: 1 }
learned exit AreaKey { scene: 3, anchor: (1216, 1408) } event=47 -> AreaKey { scene: 3, anchor: (1152, 1344) }
area teleport in scene 3 at frame 2095: (1248, 1456) -> (1152, 1360)
target scene=3 area=(1152, 1344) event=48 script=60 mode=4 state=1 player=(1152, 1360) pos=(1168, 1368) path=1
learned targeted exit AreaKey { scene: 3, anchor: (1152, 1344) } event=48 -> AreaKey { scene: 3, anchor: (1216, 1408) }
marked destination touch VisitKey { scene: 3, area: (1216, 1408), event_id: 48, trigger_script: 60, trigger_mode: 4, state: 1 }
learned exit AreaKey { scene: 3, anchor: (1152, 1344) } event=48 -> AreaKey { scene: 3, anchor: (1216, 1408) }
area teleport in scene 3 at frame 2113: (1168, 1368) -> (1248, 1456)
target scene=3 area=(1216, 1408) event=47 script=33 mode=4 state=1 player=(1248, 1456) pos=(1248, 1456) path=0
learned targeted exit AreaKey { scene: 3, anchor: (1216, 1408) } event=47 -> AreaKey { scene: 3, anchor: (1152, 1344) }
marked destination touch VisitKey { scene: 3, area: (1152, 1344), event_id: 47, trigger_script: 33, trigger_mode: 4, state: 1 }
learned exit AreaKey { scene: 3, anchor: (1216, 1408) } event=47 -> AreaKey { scene: 3, anchor: (1152, 1344) }
area teleport in scene 3 at frame 2126: (1248, 1456) -> (1152, 1360)
target scene=3 area=(1152, 1344) event=53 script=4639 mode=5 state=1 player=(1152, 1360) pos=(1296, 1320) path=8
learned targeted exit AreaKey { scene: 3, anchor: (1152, 1344) } event=53 -> AreaKey { scene: 1, anchor: (400, 344) }
learned exit AreaKey { scene: 3, anchor: (1152, 1344) } event=53 -> AreaKey { scene: 1, anchor: (400, 344) }
scene 3 -> 1 at frame 2134 position (304, 264)
target scene=1 area=(400, 344) event=18 script=4643 mode=5 state=1 player=(464, 376) pos=(416, 400) path=2
learned targeted exit AreaKey { scene: 1, anchor: (400, 344) } event=18 -> AreaKey { scene: 3, anchor: (160, 112) }
learned exit AreaKey { scene: 1, anchor: (400, 344) } event=18 -> AreaKey { scene: 3, anchor: (160, 112) }
scene 1 -> 3 at frame 2136 position (1088, 1232)
target scene=3 area=(160, 112) event=52 script=4631 mode=5 state=1 player=(1248, 1344) pos=(1456, 1400) path=12
learned targeted exit AreaKey { scene: 3, anchor: (160, 112) } event=52 -> AreaKey { scene: 1, anchor: (1184, 1056) }
learned exit AreaKey { scene: 3, anchor: (160, 112) } event=52 -> AreaKey { scene: 1, anchor: (1184, 1056) }
scene 3 -> 1 at frame 2148 position (1088, 992)
target scene=1 area=(1184, 1056) event=13 script=4635 mode=5 state=1 player=(1248, 1104) pos=(1200, 1128) path=2
learned targeted exit AreaKey { scene: 1, anchor: (1184, 1056) } event=13 -> AreaKey { scene: 3, anchor: (160, 112) }
learned exit AreaKey { scene: 1, anchor: (1184, 1056) } event=13 -> AreaKey { scene: 3, anchor: (160, 112) }
scene 1 -> 3 at frame 2150 position (1248, 1312)
target scene=3 area=(160, 112) event=51 script=4471 mode=5 state=1 player=(1408, 1424) pos=(1616, 1480) path=12
learned targeted exit AreaKey { scene: 3, anchor: (160, 112) } event=51 -> AreaKey { scene: 1, anchor: (1152, 320) }
learned exit AreaKey { scene: 3, anchor: (160, 112) } event=51 -> AreaKey { scene: 1, anchor: (1152, 320) }
scene 3 -> 1 at frame 2162 position (1040, 248)
target scene=1 area=(1152, 320) event=4 script=4475 mode=5 state=1 player=(1200, 360) pos=(1152, 384) path=2
learned targeted exit AreaKey { scene: 1, anchor: (1152, 320) } event=4 -> AreaKey { scene: 3, anchor: (160, 112) }
learned exit AreaKey { scene: 1, anchor: (1152, 320) } event=4 -> AreaKey { scene: 3, anchor: (160, 112) }
scene 1 -> 3 at frame 2164 position (1408, 1392)
target scene=3 area=(160, 112) event=51 script=4471 mode=5 state=1 player=(1568, 1504) pos=(1616, 1480) path=2
learned targeted exit AreaKey { scene: 3, anchor: (160, 112) } event=51 -> AreaKey { scene: 1, anchor: (1152, 320) }
learned exit AreaKey { scene: 3, anchor: (160, 112) } event=51 -> AreaKey { scene: 1, anchor: (1152, 320) }
scene 3 -> 1 at frame 2166 position (1040, 248)
target scene=1 area=(1152, 320) event=4 script=4475 mode=5 state=1 player=(1200, 360) pos=(1152, 384) path=2
learned targeted exit AreaKey { scene: 1, anchor: (1152, 320) } event=4 -> AreaKey { scene: 3, anchor: (160, 112) }
learned exit AreaKey { scene: 1, anchor: (1152, 320) } event=4 -> AreaKey { scene: 3, anchor: (160, 112) }
scene 1 -> 3 at frame 2168 position (1408, 1392)
target scene=3 area=(160, 112) event=52 script=4631 mode=5 state=1 player=(1568, 1504) pos=(1456, 1400) path=11
learned targeted exit AreaKey { scene: 3, anchor: (160, 112) } event=52 -> AreaKey { scene: 1, anchor: (1184, 1056) }
learned exit AreaKey { scene: 3, anchor: (160, 112) } event=52 -> AreaKey { scene: 1, anchor: (1184, 1056) }
scene 3 -> 1 at frame 2179 position (1088, 992)
target scene=1 area=(1184, 1056) event=13 script=4635 mode=5 state=1 player=(1248, 1104) pos=(1200, 1128) path=2
learned targeted exit AreaKey { scene: 1, anchor: (1184, 1056) } event=13 -> AreaKey { scene: 3, anchor: (160, 112) }
learned exit AreaKey { scene: 1, anchor: (1184, 1056) } event=13 -> AreaKey { scene: 3, anchor: (160, 112) }
scene 1 -> 3 at frame 2181 position (1248, 1312)
target scene=3 area=(160, 112) event=53 script=4639 mode=5 state=1 player=(1408, 1424) pos=(1296, 1320) path=11
learned targeted exit AreaKey { scene: 3, anchor: (160, 112) } event=53 -> AreaKey { scene: 1, anchor: (400, 344) }
learned exit AreaKey { scene: 3, anchor: (160, 112) } event=53 -> AreaKey { scene: 1, anchor: (400, 344) }
scene 3 -> 1 at frame 2192 position (304, 264)
target scene=1 area=(400, 344) event=18 script=4643 mode=5 state=1 player=(464, 376) pos=(416, 400) path=2
learned targeted exit AreaKey { scene: 1, anchor: (400, 344) } event=18 -> AreaKey { scene: 3, anchor: (160, 112) }
learned exit AreaKey { scene: 1, anchor: (400, 344) } event=18 -> AreaKey { scene: 3, anchor: (160, 112) }
scene 1 -> 3 at frame 2194 position (1088, 1232)
target scene=3 area=(160, 112) event=48 script=60 mode=4 state=1 player=(1248, 1344) pos=(1168, 1368) path=7
learned targeted exit AreaKey { scene: 3, anchor: (160, 112) } event=48 -> AreaKey { scene: 3, anchor: (1216, 1408) }
marked destination touch VisitKey { scene: 3, area: (1216, 1408), event_id: 48, trigger_script: 60, trigger_mode: 4, state: 1 }
learned exit AreaKey { scene: 3, anchor: (160, 112) } event=48 -> AreaKey { scene: 3, anchor: (1216, 1408) }
area teleport in scene 3 at frame 2218: (1168, 1368) -> (1248, 1456)
target scene=3 area=(1216, 1408) event=47 script=33 mode=4 state=1 player=(1248, 1456) pos=(1248, 1456) path=0
learned targeted exit AreaKey { scene: 3, anchor: (1216, 1408) } event=47 -> AreaKey { scene: 3, anchor: (1152, 1344) }
marked destination touch VisitKey { scene: 3, area: (1152, 1344), event_id: 47, trigger_script: 33, trigger_mode: 4, state: 1 }
learned exit AreaKey { scene: 3, anchor: (1216, 1408) } event=47 -> AreaKey { scene: 3, anchor: (1152, 1344) }
area teleport in scene 3 at frame 2231: (1248, 1456) -> (1152, 1360)
target scene=3 area=(1152, 1344) event=48 script=60 mode=4 state=1 player=(1152, 1360) pos=(1168, 1368) path=1
learned targeted exit AreaKey { scene: 3, anchor: (1152, 1344) } event=48 -> AreaKey { scene: 3, anchor: (1216, 1408) }
marked destination touch VisitKey { scene: 3, area: (1216, 1408), event_id: 48, trigger_script: 60, trigger_mode: 4, state: 1 }
learned exit AreaKey { scene: 3, anchor: (1152, 1344) } event=48 -> AreaKey { scene: 3, anchor: (1216, 1408) }
area teleport in scene 3 at frame 2249: (1168, 1368) -> (1248, 1456)
target scene=3 area=(1216, 1408) event=47 script=33 mode=4 state=1 player=(1248, 1456) pos=(1248, 1456) path=0
learned targeted exit AreaKey { scene: 3, anchor: (1216, 1408) } event=47 -> AreaKey { scene: 3, anchor: (1152, 1344) }
marked destination touch VisitKey { scene: 3, area: (1152, 1344), event_id: 47, trigger_script: 33, trigger_mode: 4, state: 1 }
learned exit AreaKey { scene: 3, anchor: (1216, 1408) } event=47 -> AreaKey { scene: 3, anchor: (1152, 1344) }
area teleport in scene 3 at frame 2262: (1248, 1456) -> (1152, 1360)
target scene=3 area=(1152, 1344) event=53 script=4639 mode=5 state=1 player=(1152, 1360) pos=(1296, 1320) path=8
learned targeted exit AreaKey { scene: 3, anchor: (1152, 1344) } event=53 -> AreaKey { scene: 1, anchor: (400, 344) }
learned exit AreaKey { scene: 3, anchor: (1152, 1344) } event=53 -> AreaKey { scene: 1, anchor: (400, 344) }
scene 3 -> 1 at frame 2270 position (304, 264)
target scene=1 area=(400, 344) event=18 script=4643 mode=5 state=1 player=(464, 376) pos=(416, 400) path=2
learned targeted exit AreaKey { scene: 1, anchor: (400, 344) } event=18 -> AreaKey { scene: 3, anchor: (160, 112) }
learned exit AreaKey { scene: 1, anchor: (400, 344) } event=18 -> AreaKey { scene: 3, anchor: (160, 112) }
scene 1 -> 3 at frame 2272 position (1088, 1232)
target scene=3 area=(160, 112) event=52 script=4631 mode=5 state=1 player=(1248, 1344) pos=(1456, 1400) path=12
learned targeted exit AreaKey { scene: 3, anchor: (160, 112) } event=52 -> AreaKey { scene: 1, anchor: (1184, 1056) }
learned exit AreaKey { scene: 3, anchor: (160, 112) } event=52 -> AreaKey { scene: 1, anchor: (1184, 1056) }
scene 3 -> 1 at frame 2284 position (1088, 992)
target scene=1 area=(1184, 1056) event=13 script=4635 mode=5 state=1 player=(1248, 1104) pos=(1200, 1128) path=2
learned targeted exit AreaKey { scene: 1, anchor: (1184, 1056) } event=13 -> AreaKey { scene: 3, anchor: (160, 112) }
learned exit AreaKey { scene: 1, anchor: (1184, 1056) } event=13 -> AreaKey { scene: 3, anchor: (160, 112) }
scene 1 -> 3 at frame 2286 position (1248, 1312)
target scene=3 area=(160, 112) event=51 script=4471 mode=5 state=1 player=(1408, 1424) pos=(1616, 1480) path=12
learned targeted exit AreaKey { scene: 3, anchor: (160, 112) } event=51 -> AreaKey { scene: 1, anchor: (1152, 320) }
learned exit AreaKey { scene: 3, anchor: (160, 112) } event=51 -> AreaKey { scene: 1, anchor: (1152, 320) }
scene 3 -> 1 at frame 2298 position (1040, 248)
target scene=1 area=(1152, 320) event=4 script=4475 mode=5 state=1 player=(1200, 360) pos=(1152, 384) path=2
learned targeted exit AreaKey { scene: 1, anchor: (1152, 320) } event=4 -> AreaKey { scene: 3, anchor: (160, 112) }
learned exit AreaKey { scene: 1, anchor: (1152, 320) } event=4 -> AreaKey { scene: 3, anchor: (160, 112) }
scene 1 -> 3 at frame 2300 position (1408, 1392)
target scene=3 area=(160, 112) event=51 script=4471 mode=5 state=1 player=(1568, 1504) pos=(1616, 1480) path=2
learned targeted exit AreaKey { scene: 3, anchor: (160, 112) } event=51 -> AreaKey { scene: 1, anchor: (1152, 320) }
learned exit AreaKey { scene: 3, anchor: (160, 112) } event=51 -> AreaKey { scene: 1, anchor: (1152, 320) }
scene 3 -> 1 at frame 2302 position (1040, 248)
target scene=1 area=(1152, 320) event=4 script=4475 mode=5 state=1 player=(1200, 360) pos=(1152, 384) path=2
learned targeted exit AreaKey { scene: 1, anchor: (1152, 320) } event=4 -> AreaKey { scene: 3, anchor: (160, 112) }
learned exit AreaKey { scene: 1, anchor: (1152, 320) } event=4 -> AreaKey { scene: 3, anchor: (160, 112) }
scene 1 -> 3 at frame 2304 position (1408, 1392)
target scene=3 area=(160, 112) event=52 script=4631 mode=5 state=1 player=(1568, 1504) pos=(1456, 1400) path=11
learned targeted exit AreaKey { scene: 3, anchor: (160, 112) } event=52 -> AreaKey { scene: 1, anchor: (1184, 1056) }
learned exit AreaKey { scene: 3, anchor: (160, 112) } event=52 -> AreaKey { scene: 1, anchor: (1184, 1056) }
scene 3 -> 1 at frame 2315 position (1088, 992)
target scene=1 area=(1184, 1056) event=13 script=4635 mode=5 state=1 player=(1248, 1104) pos=(1200, 1128) path=2
learned targeted exit AreaKey { scene: 1, anchor: (1184, 1056) } event=13 -> AreaKey { scene: 3, anchor: (160, 112) }
learned exit AreaKey { scene: 1, anchor: (1184, 1056) } event=13 -> AreaKey { scene: 3, anchor: (160, 112) }
scene 1 -> 3 at frame 2317 position (1248, 1312)
target scene=3 area=(160, 112) event=53 script=4639 mode=5 state=1 player=(1408, 1424) pos=(1296, 1320) path=11
learned targeted exit AreaKey { scene: 3, anchor: (160, 112) } event=53 -> AreaKey { scene: 1, anchor: (400, 344) }
learned exit AreaKey { scene: 3, anchor: (160, 112) } event=53 -> AreaKey { scene: 1, anchor: (400, 344) }
scene 3 -> 1 at frame 2328 position (304, 264)
target scene=1 area=(400, 344) event=18 script=4643 mode=5 state=1 player=(464, 376) pos=(416, 400) path=2
learned targeted exit AreaKey { scene: 1, anchor: (400, 344) } event=18 -> AreaKey { scene: 3, anchor: (160, 112) }
learned exit AreaKey { scene: 1, anchor: (400, 344) } event=18 -> AreaKey { scene: 3, anchor: (160, 112) }
scene 1 -> 3 at frame 2330 position (1088, 1232)
target scene=3 area=(160, 112) event=48 script=60 mode=4 state=1 player=(1248, 1344) pos=(1168, 1368) path=7
learned targeted exit AreaKey { scene: 3, anchor: (160, 112) } event=48 -> AreaKey { scene: 3, anchor: (1216, 1408) }
marked destination touch VisitKey { scene: 3, area: (1216, 1408), event_id: 48, trigger_script: 60, trigger_mode: 4, state: 1 }
learned exit AreaKey { scene: 3, anchor: (160, 112) } event=48 -> AreaKey { scene: 3, anchor: (1216, 1408) }
area teleport in scene 3 at frame 2354: (1168, 1368) -> (1248, 1456)
target scene=3 area=(1216, 1408) event=47 script=33 mode=4 state=1 player=(1248, 1456) pos=(1248, 1456) path=0
learned targeted exit AreaKey { scene: 3, anchor: (1216, 1408) } event=47 -> AreaKey { scene: 3, anchor: (1152, 1344) }
marked destination touch VisitKey { scene: 3, area: (1152, 1344), event_id: 47, trigger_script: 33, trigger_mode: 4, state: 1 }
learned exit AreaKey { scene: 3, anchor: (1216, 1408) } event=47 -> AreaKey { scene: 3, anchor: (1152, 1344) }
area teleport in scene 3 at frame 2367: (1248, 1456) -> (1152, 1360)
target scene=3 area=(1152, 1344) event=48 script=60 mode=4 state=1 player=(1152, 1360) pos=(1168, 1368) path=1
learned targeted exit AreaKey { scene: 3, anchor: (1152, 1344) } event=48 -> AreaKey { scene: 3, anchor: (1216, 1408) }
marked destination touch VisitKey { scene: 3, area: (1216, 1408), event_id: 48, trigger_script: 60, trigger_mode: 4, state: 1 }
learned exit AreaKey { scene: 3, anchor: (1152, 1344) } event=48 -> AreaKey { scene: 3, anchor: (1216, 1408) }
area teleport in scene 3 at frame 2385: (1168, 1368) -> (1248, 1456)
target scene=3 area=(1216, 1408) event=47 script=33 mode=4 state=1 player=(1248, 1456) pos=(1248, 1456) path=0
learned targeted exit AreaKey { scene: 3, anchor: (1216, 1408) } event=47 -> AreaKey { scene: 3, anchor: (1152, 1344) }
marked destination touch VisitKey { scene: 3, area: (1152, 1344), event_id: 47, trigger_script: 33, trigger_mode: 4, state: 1 }
learned exit AreaKey { scene: 3, anchor: (1216, 1408) } event=47 -> AreaKey { scene: 3, anchor: (1152, 1344) }
area teleport in scene 3 at frame 2398: (1248, 1456) -> (1152, 1360)
target scene=3 area=(1152, 1344) event=53 script=4639 mode=5 state=1 player=(1152, 1360) pos=(1296, 1320) path=8
learned targeted exit AreaKey { scene: 3, anchor: (1152, 1344) } event=53 -> AreaKey { scene: 1, anchor: (400, 344) }
learned exit AreaKey { scene: 3, anchor: (1152, 1344) } event=53 -> AreaKey { scene: 1, anchor: (400, 344) }
scene 3 -> 1 at frame 2406 position (304, 264)
target scene=1 area=(400, 344) event=18 script=4643 mode=5 state=1 player=(464, 376) pos=(416, 400) path=2
learned targeted exit AreaKey { scene: 1, anchor: (400, 344) } event=18 -> AreaKey { scene: 3, anchor: (160, 112) }
learned exit AreaKey { scene: 1, anchor: (400, 344) } event=18 -> AreaKey { scene: 3, anchor: (160, 112) }
scene 1 -> 3 at frame 2408 position (1088, 1232)
target scene=3 area=(160, 112) event=52 script=4631 mode=5 state=1 player=(1248, 1344) pos=(1456, 1400) path=12
learned targeted exit AreaKey { scene: 3, anchor: (160, 112) } event=52 -> AreaKey { scene: 1, anchor: (1184, 1056) }
learned exit AreaKey { scene: 3, anchor: (160, 112) } event=52 -> AreaKey { scene: 1, anchor: (1184, 1056) }
scene 3 -> 1 at frame 2420 position (1088, 992)
target scene=1 area=(1184, 1056) event=13 script=4635 mode=5 state=1 player=(1248, 1104) pos=(1200, 1128) path=2
learned targeted exit AreaKey { scene: 1, anchor: (1184, 1056) } event=13 -> AreaKey { scene: 3, anchor: (160, 112) }
learned exit AreaKey { scene: 1, anchor: (1184, 1056) } event=13 -> AreaKey { scene: 3, anchor: (160, 112) }
scene 1 -> 3 at frame 2422 position (1248, 1312)
target scene=3 area=(160, 112) event=51 script=4471 mode=5 state=1 player=(1408, 1424) pos=(1616, 1480) path=12
learned targeted exit AreaKey { scene: 3, anchor: (160, 112) } event=51 -> AreaKey { scene: 1, anchor: (1152, 320) }
learned exit AreaKey { scene: 3, anchor: (160, 112) } event=51 -> AreaKey { scene: 1, anchor: (1152, 320) }
scene 3 -> 1 at frame 2434 position (1040, 248)
target scene=1 area=(1152, 320) event=4 script=4475 mode=5 state=1 player=(1200, 360) pos=(1152, 384) path=2
learned targeted exit AreaKey { scene: 1, anchor: (1152, 320) } event=4 -> AreaKey { scene: 3, anchor: (160, 112) }
learned exit AreaKey { scene: 1, anchor: (1152, 320) } event=4 -> AreaKey { scene: 3, anchor: (160, 112) }
scene 1 -> 3 at frame 2436 position (1408, 1392)
target scene=3 area=(160, 112) event=51 script=4471 mode=5 state=1 player=(1568, 1504) pos=(1616, 1480) path=2
learned targeted exit AreaKey { scene: 3, anchor: (160, 112) } event=51 -> AreaKey { scene: 1, anchor: (1152, 320) }
learned exit AreaKey { scene: 3, anchor: (160, 112) } event=51 -> AreaKey { scene: 1, anchor: (1152, 320) }
scene 3 -> 1 at frame 2438 position (1040, 248)
target scene=1 area=(1152, 320) event=4 script=4475 mode=5 state=1 player=(1200, 360) pos=(1152, 384) path=2
learned targeted exit AreaKey { scene: 1, anchor: (1152, 320) } event=4 -> AreaKey { scene: 3, anchor: (160, 112) }
learned exit AreaKey { scene: 1, anchor: (1152, 320) } event=4 -> AreaKey { scene: 3, anchor: (160, 112) }
scene 1 -> 3 at frame 2440 position (1408, 1392)
target scene=3 area=(160, 112) event=52 script=4631 mode=5 state=1 player=(1568, 1504) pos=(1456, 1400) path=11
learned targeted exit AreaKey { scene: 3, anchor: (160, 112) } event=52 -> AreaKey { scene: 1, anchor: (1184, 1056) }
learned exit AreaKey { scene: 3, anchor: (160, 112) } event=52 -> AreaKey { scene: 1, anchor: (1184, 1056) }
scene 3 -> 1 at frame 2451 position (1088, 992)
target scene=1 area=(1184, 1056) event=13 script=4635 mode=5 state=1 player=(1248, 1104) pos=(1200, 1128) path=2
learned targeted exit AreaKey { scene: 1, anchor: (1184, 1056) } event=13 -> AreaKey { scene: 3, anchor: (160, 112) }
learned exit AreaKey { scene: 1, anchor: (1184, 1056) } event=13 -> AreaKey { scene: 3, anchor: (160, 112) }
scene 1 -> 3 at frame 2453 position (1248, 1312)
target scene=3 area=(160, 112) event=53 script=4639 mode=5 state=1 player=(1408, 1424) pos=(1296, 1320) path=11
learned targeted exit AreaKey { scene: 3, anchor: (160, 112) } event=53 -> AreaKey { scene: 1, anchor: (400, 344) }
learned exit AreaKey { scene: 3, anchor: (160, 112) } event=53 -> AreaKey { scene: 1, anchor: (400, 344) }
scene 3 -> 1 at frame 2464 position (304, 264)
target scene=1 area=(400, 344) event=18 script=4643 mode=5 state=1 player=(464, 376) pos=(416, 400) path=2
learned targeted exit AreaKey { scene: 1, anchor: (400, 344) } event=18 -> AreaKey { scene: 3, anchor: (160, 112) }
learned exit AreaKey { scene: 1, anchor: (400, 344) } event=18 -> AreaKey { scene: 3, anchor: (160, 112) }
scene 1 -> 3 at frame 2466 position (1088, 1232)
target scene=3 area=(160, 112) event=48 script=60 mode=4 state=1 player=(1248, 1344) pos=(1168, 1368) path=7
learned targeted exit AreaKey { scene: 3, anchor: (160, 112) } event=48 -> AreaKey { scene: 3, anchor: (1216, 1408) }
marked destination touch VisitKey { scene: 3, area: (1216, 1408), event_id: 48, trigger_script: 60, trigger_mode: 4, state: 1 }
learned exit AreaKey { scene: 3, anchor: (160, 112) } event=48 -> AreaKey { scene: 3, anchor: (1216, 1408) }
area teleport in scene 3 at frame 2490: (1168, 1368) -> (1248, 1456)
target scene=3 area=(1216, 1408) event=47 script=33 mode=4 state=1 player=(1248, 1456) pos=(1248, 1456) path=0
learned targeted exit AreaKey { scene: 3, anchor: (1216, 1408) } event=47 -> AreaKey { scene: 3, anchor: (1152, 1344) }
marked destination touch VisitKey { scene: 3, area: (1152, 1344), event_id: 47, trigger_script: 33, trigger_mode: 4, state: 1 }
learned exit AreaKey { scene: 3, anchor: (1216, 1408) } event=47 -> AreaKey { scene: 3, anchor: (1152, 1344) }
area teleport in scene 3 at frame 2503: (1248, 1456) -> (1152, 1360)
target scene=3 area=(1152, 1344) event=48 script=60 mode=4 state=1 player=(1152, 1360) pos=(1168, 1368) path=1
learned targeted exit AreaKey { scene: 3, anchor: (1152, 1344) } event=48 -> AreaKey { scene: 3, anchor: (1216, 1408) }
marked destination touch VisitKey { scene: 3, area: (1216, 1408), event_id: 48, trigger_script: 60, trigger_mode: 4, state: 1 }
learned exit AreaKey { scene: 3, anchor: (1152, 1344) } event=48 -> AreaKey { scene: 3, anchor: (1216, 1408) }
area teleport in scene 3 at frame 2521: (1168, 1368) -> (1248, 1456)
target scene=3 area=(1216, 1408) event=47 script=33 mode=4 state=1 player=(1248, 1456) pos=(1248, 1456) path=0
learned targeted exit AreaKey { scene: 3, anchor: (1216, 1408) } event=47 -> AreaKey { scene: 3, anchor: (1152, 1344) }
marked destination touch VisitKey { scene: 3, area: (1152, 1344), event_id: 47, trigger_script: 33, trigger_mode: 4, state: 1 }
learned exit AreaKey { scene: 3, anchor: (1216, 1408) } event=47 -> AreaKey { scene: 3, anchor: (1152, 1344) }
area teleport in scene 3 at frame 2534: (1248, 1456) -> (1152, 1360)
target scene=3 area=(1152, 1344) event=53 script=4639 mode=5 state=1 player=(1152, 1360) pos=(1296, 1320) path=8
learned targeted exit AreaKey { scene: 3, anchor: (1152, 1344) } event=53 -> AreaKey { scene: 1, anchor: (400, 344) }
learned exit AreaKey { scene: 3, anchor: (1152, 1344) } event=53 -> AreaKey { scene: 1, anchor: (400, 344) }
scene 3 -> 1 at frame 2542 position (304, 264)
target scene=1 area=(400, 344) event=18 script=4643 mode=5 state=1 player=(464, 376) pos=(416, 400) path=2
learned targeted exit AreaKey { scene: 1, anchor: (400, 344) } event=18 -> AreaKey { scene: 3, anchor: (160, 112) }
learned exit AreaKey { scene: 1, anchor: (400, 344) } event=18 -> AreaKey { scene: 3, anchor: (160, 112) }
scene 1 -> 3 at frame 2544 position (1088, 1232)
target scene=3 area=(160, 112) event=52 script=4631 mode=5 state=1 player=(1248, 1344) pos=(1456, 1400) path=12
learned targeted exit AreaKey { scene: 3, anchor: (160, 112) } event=52 -> AreaKey { scene: 1, anchor: (1184, 1056) }
learned exit AreaKey { scene: 3, anchor: (160, 112) } event=52 -> AreaKey { scene: 1, anchor: (1184, 1056) }
scene 3 -> 1 at frame 2556 position (1088, 992)
target scene=1 area=(1184, 1056) event=13 script=4635 mode=5 state=1 player=(1248, 1104) pos=(1200, 1128) path=2
learned targeted exit AreaKey { scene: 1, anchor: (1184, 1056) } event=13 -> AreaKey { scene: 3, anchor: (160, 112) }
learned exit AreaKey { scene: 1, anchor: (1184, 1056) } event=13 -> AreaKey { scene: 3, anchor: (160, 112) }
scene 1 -> 3 at frame 2558 position (1248, 1312)
target scene=3 area=(160, 112) event=51 script=4471 mode=5 state=1 player=(1408, 1424) pos=(1616, 1480) path=12
learned targeted exit AreaKey { scene: 3, anchor: (160, 112) } event=51 -> AreaKey { scene: 1, anchor: (1152, 320) }
learned exit AreaKey { scene: 3, anchor: (160, 112) } event=51 -> AreaKey { scene: 1, anchor: (1152, 320) }
scene 3 -> 1 at frame 2570 position (1040, 248)
target scene=1 area=(1152, 320) event=4 script=4475 mode=5 state=1 player=(1200, 360) pos=(1152, 384) path=2
learned targeted exit AreaKey { scene: 1, anchor: (1152, 320) } event=4 -> AreaKey { scene: 3, anchor: (160, 112) }
learned exit AreaKey { scene: 1, anchor: (1152, 320) } event=4 -> AreaKey { scene: 3, anchor: (160, 112) }
scene 1 -> 3 at frame 2572 position (1408, 1392)
target scene=3 area=(160, 112) event=51 script=4471 mode=5 state=1 player=(1568, 1504) pos=(1616, 1480) path=2
learned targeted exit AreaKey { scene: 3, anchor: (160, 112) } event=51 -> AreaKey { scene: 1, anchor: (1152, 320) }
learned exit AreaKey { scene: 3, anchor: (160, 112) } event=51 -> AreaKey { scene: 1, anchor: (1152, 320) }
scene 3 -> 1 at frame 2574 position (1040, 248)
target scene=1 area=(1152, 320) event=4 script=4475 mode=5 state=1 player=(1200, 360) pos=(1152, 384) path=2
learned targeted exit AreaKey { scene: 1, anchor: (1152, 320) } event=4 -> AreaKey { scene: 3, anchor: (160, 112) }
learned exit AreaKey { scene: 1, anchor: (1152, 320) } event=4 -> AreaKey { scene: 3, anchor: (160, 112) }
scene 1 -> 3 at frame 2576 position (1408, 1392)
target scene=3 area=(160, 112) event=52 script=4631 mode=5 state=1 player=(1568, 1504) pos=(1456, 1400) path=11
learned targeted exit AreaKey { scene: 3, anchor: (160, 112) } event=52 -> AreaKey { scene: 1, anchor: (1184, 1056) }
learned exit AreaKey { scene: 3, anchor: (160, 112) } event=52 -> AreaKey { scene: 1, anchor: (1184, 1056) }
scene 3 -> 1 at frame 2587 position (1088, 992)
target scene=1 area=(1184, 1056) event=13 script=4635 mode=5 state=1 player=(1248, 1104) pos=(1200, 1128) path=2
learned targeted exit AreaKey { scene: 1, anchor: (1184, 1056) } event=13 -> AreaKey { scene: 3, anchor: (160, 112) }
learned exit AreaKey { scene: 1, anchor: (1184, 1056) } event=13 -> AreaKey { scene: 3, anchor: (160, 112) }
scene 1 -> 3 at frame 2589 position (1248, 1312)
target scene=3 area=(160, 112) event=53 script=4639 mode=5 state=1 player=(1408, 1424) pos=(1296, 1320) path=11
learned targeted exit AreaKey { scene: 3, anchor: (160, 112) } event=53 -> AreaKey { scene: 1, anchor: (400, 344) }
learned exit AreaKey { scene: 3, anchor: (160, 112) } event=53 -> AreaKey { scene: 1, anchor: (400, 344) }
scene 3 -> 1 at frame 2600 position (304, 264)
target scene=1 area=(400, 344) event=18 script=4643 mode=5 state=1 player=(464, 376) pos=(416, 400) path=2
learned targeted exit AreaKey { scene: 1, anchor: (400, 344) } event=18 -> AreaKey { scene: 3, anchor: (160, 112) }
learned exit AreaKey { scene: 1, anchor: (400, 344) } event=18 -> AreaKey { scene: 3, anchor: (160, 112) }
scene 1 -> 3 at frame 2602 position (1088, 1232)
target scene=3 area=(160, 112) event=48 script=60 mode=4 state=1 player=(1248, 1344) pos=(1168, 1368) path=7
learned targeted exit AreaKey { scene: 3, anchor: (160, 112) } event=48 -> AreaKey { scene: 3, anchor: (1216, 1408) }
marked destination touch VisitKey { scene: 3, area: (1216, 1408), event_id: 48, trigger_script: 60, trigger_mode: 4, state: 1 }
learned exit AreaKey { scene: 3, anchor: (160, 112) } event=48 -> AreaKey { scene: 3, anchor: (1216, 1408) }
area teleport in scene 3 at frame 2626: (1168, 1368) -> (1248, 1456)
target scene=3 area=(1216, 1408) event=47 script=33 mode=4 state=1 player=(1248, 1456) pos=(1248, 1456) path=0
learned targeted exit AreaKey { scene: 3, anchor: (1216, 1408) } event=47 -> AreaKey { scene: 3, anchor: (1152, 1344) }
marked destination touch VisitKey { scene: 3, area: (1152, 1344), event_id: 47, trigger_script: 33, trigger_mode: 4, state: 1 }
learned exit AreaKey { scene: 3, anchor: (1216, 1408) } event=47 -> AreaKey { scene: 3, anchor: (1152, 1344) }
area teleport in scene 3 at frame 2639: (1248, 1456) -> (1152, 1360)
target scene=3 area=(1152, 1344) event=48 script=60 mode=4 state=1 player=(1152, 1360) pos=(1168, 1368) path=1
learned targeted exit AreaKey { scene: 3, anchor: (1152, 1344) } event=48 -> AreaKey { scene: 3, anchor: (1216, 1408) }
marked destination touch VisitKey { scene: 3, area: (1216, 1408), event_id: 48, trigger_script: 60, trigger_mode: 4, state: 1 }
learned exit AreaKey { scene: 3, anchor: (1152, 1344) } event=48 -> AreaKey { scene: 3, anchor: (1216, 1408) }
area teleport in scene 3 at frame 2657: (1168, 1368) -> (1248, 1456)
target scene=3 area=(1216, 1408) event=47 script=33 mode=4 state=1 player=(1248, 1456) pos=(1248, 1456) path=0
learned targeted exit AreaKey { scene: 3, anchor: (1216, 1408) } event=47 -> AreaKey { scene: 3, anchor: (1152, 1344) }
marked destination touch VisitKey { scene: 3, area: (1152, 1344), event_id: 47, trigger_script: 33, trigger_mode: 4, state: 1 }
learned exit AreaKey { scene: 3, anchor: (1216, 1408) } event=47 -> AreaKey { scene: 3, anchor: (1152, 1344) }
area teleport in scene 3 at frame 2670: (1248, 1456) -> (1152, 1360)
target scene=3 area=(1152, 1344) event=53 script=4639 mode=5 state=1 player=(1152, 1360) pos=(1296, 1320) path=8
learned targeted exit AreaKey { scene: 3, anchor: (1152, 1344) } event=53 -> AreaKey { scene: 1, anchor: (400, 344) }
learned exit AreaKey { scene: 3, anchor: (1152, 1344) } event=53 -> AreaKey { scene: 1, anchor: (400, 344) }
scene 3 -> 1 at frame 2678 position (304, 264)
target scene=1 area=(400, 344) event=18 script=4643 mode=5 state=1 player=(464, 376) pos=(416, 400) path=2
learned targeted exit AreaKey { scene: 1, anchor: (400, 344) } event=18 -> AreaKey { scene: 3, anchor: (160, 112) }
learned exit AreaKey { scene: 1, anchor: (400, 344) } event=18 -> AreaKey { scene: 3, anchor: (160, 112) }
scene 1 -> 3 at frame 2680 position (1088, 1232)
target scene=3 area=(160, 112) event=52 script=4631 mode=5 state=1 player=(1248, 1344) pos=(1456, 1400) path=12
learned targeted exit AreaKey { scene: 3, anchor: (160, 112) } event=52 -> AreaKey { scene: 1, anchor: (1184, 1056) }
learned exit AreaKey { scene: 3, anchor: (160, 112) } event=52 -> AreaKey { scene: 1, anchor: (1184, 1056) }
scene 3 -> 1 at frame 2692 position (1088, 992)
target scene=1 area=(1184, 1056) event=13 script=4635 mode=5 state=1 player=(1248, 1104) pos=(1200, 1128) path=2
learned targeted exit AreaKey { scene: 1, anchor: (1184, 1056) } event=13 -> AreaKey { scene: 3, anchor: (160, 112) }
learned exit AreaKey { scene: 1, anchor: (1184, 1056) } event=13 -> AreaKey { scene: 3, anchor: (160, 112) }
scene 1 -> 3 at frame 2694 position (1248, 1312)
target scene=3 area=(160, 112) event=51 script=4471 mode=5 state=1 player=(1408, 1424) pos=(1616, 1480) path=12
learned targeted exit AreaKey { scene: 3, anchor: (160, 112) } event=51 -> AreaKey { scene: 1, anchor: (1152, 320) }
learned exit AreaKey { scene: 3, anchor: (160, 112) } event=51 -> AreaKey { scene: 1, anchor: (1152, 320) }
scene 3 -> 1 at frame 2706 position (1040, 248)
target scene=1 area=(1152, 320) event=4 script=4475 mode=5 state=1 player=(1200, 360) pos=(1152, 384) path=2
learned targeted exit AreaKey { scene: 1, anchor: (1152, 320) } event=4 -> AreaKey { scene: 3, anchor: (160, 112) }
learned exit AreaKey { scene: 1, anchor: (1152, 320) } event=4 -> AreaKey { scene: 3, anchor: (160, 112) }
scene 1 -> 3 at frame 2708 position (1408, 1392)
target scene=3 area=(160, 112) event=51 script=4471 mode=5 state=1 player=(1568, 1504) pos=(1616, 1480) path=2
learned targeted exit AreaKey { scene: 3, anchor: (160, 112) } event=51 -> AreaKey { scene: 1, anchor: (1152, 320) }
learned exit AreaKey { scene: 3, anchor: (160, 112) } event=51 -> AreaKey { scene: 1, anchor: (1152, 320) }
scene 3 -> 1 at frame 2710 position (1040, 248)
target scene=1 area=(1152, 320) event=4 script=4475 mode=5 state=1 player=(1200, 360) pos=(1152, 384) path=2
learned targeted exit AreaKey { scene: 1, anchor: (1152, 320) } event=4 -> AreaKey { scene: 3, anchor: (160, 112) }
learned exit AreaKey { scene: 1, anchor: (1152, 320) } event=4 -> AreaKey { scene: 3, anchor: (160, 112) }
scene 1 -> 3 at frame 2712 position (1408, 1392)
target scene=3 area=(160, 112) event=52 script=4631 mode=5 state=1 player=(1568, 1504) pos=(1456, 1400) path=11
learned targeted exit AreaKey { scene: 3, anchor: (160, 112) } event=52 -> AreaKey { scene: 1, anchor: (1184, 1056) }
learned exit AreaKey { scene: 3, anchor: (160, 112) } event=52 -> AreaKey { scene: 1, anchor: (1184, 1056) }
scene 3 -> 1 at frame 2723 position (1088, 992)
target scene=1 area=(1184, 1056) event=13 script=4635 mode=5 state=1 player=(1248, 1104) pos=(1200, 1128) path=2
learned targeted exit AreaKey { scene: 1, anchor: (1184, 1056) } event=13 -> AreaKey { scene: 3, anchor: (160, 112) }
learned exit AreaKey { scene: 1, anchor: (1184, 1056) } event=13 -> AreaKey { scene: 3, anchor: (160, 112) }
scene 1 -> 3 at frame 2725 position (1248, 1312)
target scene=3 area=(160, 112) event=53 script=4639 mode=5 state=1 player=(1408, 1424) pos=(1296, 1320) path=11
learned targeted exit AreaKey { scene: 3, anchor: (160, 112) } event=53 -> AreaKey { scene: 1, anchor: (400, 344) }
learned exit AreaKey { scene: 3, anchor: (160, 112) } event=53 -> AreaKey { scene: 1, anchor: (400, 344) }
scene 3 -> 1 at frame 2736 position (304, 264)
target scene=1 area=(400, 344) event=18 script=4643 mode=5 state=1 player=(464, 376) pos=(416, 400) path=2
learned targeted exit AreaKey { scene: 1, anchor: (400, 344) } event=18 -> AreaKey { scene: 3, anchor: (160, 112) }
learned exit AreaKey { scene: 1, anchor: (400, 344) } event=18 -> AreaKey { scene: 3, anchor: (160, 112) }
scene 1 -> 3 at frame 2738 position (1088, 1232)
target scene=3 area=(160, 112) event=48 script=60 mode=4 state=1 player=(1248, 1344) pos=(1168, 1368) path=7
learned targeted exit AreaKey { scene: 3, anchor: (160, 112) } event=48 -> AreaKey { scene: 3, anchor: (1216, 1408) }
marked destination touch VisitKey { scene: 3, area: (1216, 1408), event_id: 48, trigger_script: 60, trigger_mode: 4, state: 1 }
learned exit AreaKey { scene: 3, anchor: (160, 112) } event=48 -> AreaKey { scene: 3, anchor: (1216, 1408) }
area teleport in scene 3 at frame 2762: (1168, 1368) -> (1248, 1456)
target scene=3 area=(1216, 1408) event=47 script=33 mode=4 state=1 player=(1248, 1456) pos=(1248, 1456) path=0
learned targeted exit AreaKey { scene: 3, anchor: (1216, 1408) } event=47 -> AreaKey { scene: 3, anchor: (1152, 1344) }
marked destination touch VisitKey { scene: 3, area: (1152, 1344), event_id: 47, trigger_script: 33, trigger_mode: 4, state: 1 }
learned exit AreaKey { scene: 3, anchor: (1216, 1408) } event=47 -> AreaKey { scene: 3, anchor: (1152, 1344) }
area teleport in scene 3 at frame 2775: (1248, 1456) -> (1152, 1360)
target scene=3 area=(1152, 1344) event=48 script=60 mode=4 state=1 player=(1152, 1360) pos=(1168, 1368) path=1
learned targeted exit AreaKey { scene: 3, anchor: (1152, 1344) } event=48 -> AreaKey { scene: 3, anchor: (1216, 1408) }
marked destination touch VisitKey { scene: 3, area: (1216, 1408), event_id: 48, trigger_script: 60, trigger_mode: 4, state: 1 }
learned exit AreaKey { scene: 3, anchor: (1152, 1344) } event=48 -> AreaKey { scene: 3, anchor: (1216, 1408) }
area teleport in scene 3 at frame 2793: (1168, 1368) -> (1248, 1456)
target scene=3 area=(1216, 1408) event=47 script=33 mode=4 state=1 player=(1248, 1456) pos=(1248, 1456) path=0
learned targeted exit AreaKey { scene: 3, anchor: (1216, 1408) } event=47 -> AreaKey { scene: 3, anchor: (1152, 1344) }
marked destination touch VisitKey { scene: 3, area: (1152, 1344), event_id: 47, trigger_script: 33, trigger_mode: 4, state: 1 }
learned exit AreaKey { scene: 3, anchor: (1216, 1408) } event=47 -> AreaKey { scene: 3, anchor: (1152, 1344) }
area teleport in scene 3 at frame 2806: (1248, 1456) -> (1152, 1360)
target scene=3 area=(1152, 1344) event=53 script=4639 mode=5 state=1 player=(1152, 1360) pos=(1296, 1320) path=8
learned targeted exit AreaKey { scene: 3, anchor: (1152, 1344) } event=53 -> AreaKey { scene: 1, anchor: (400, 344) }
learned exit AreaKey { scene: 3, anchor: (1152, 1344) } event=53 -> AreaKey { scene: 1, anchor: (400, 344) }
scene 3 -> 1 at frame 2814 position (304, 264)
target scene=1 area=(400, 344) event=18 script=4643 mode=5 state=1 player=(464, 376) pos=(416, 400) path=2
learned targeted exit AreaKey { scene: 1, anchor: (400, 344) } event=18 -> AreaKey { scene: 3, anchor: (160, 112) }
learned exit AreaKey { scene: 1, anchor: (400, 344) } event=18 -> AreaKey { scene: 3, anchor: (160, 112) }
scene 1 -> 3 at frame 2816 position (1088, 1232)
target scene=3 area=(160, 112) event=52 script=4631 mode=5 state=1 player=(1248, 1344) pos=(1456, 1400) path=12
learned targeted exit AreaKey { scene: 3, anchor: (160, 112) } event=52 -> AreaKey { scene: 1, anchor: (1184, 1056) }
learned exit AreaKey { scene: 3, anchor: (160, 112) } event=52 -> AreaKey { scene: 1, anchor: (1184, 1056) }
scene 3 -> 1 at frame 2828 position (1088, 992)
target scene=1 area=(1184, 1056) event=13 script=4635 mode=5 state=1 player=(1248, 1104) pos=(1200, 1128) path=2
learned targeted exit AreaKey { scene: 1, anchor: (1184, 1056) } event=13 -> AreaKey { scene: 3, anchor: (160, 112) }
learned exit AreaKey { scene: 1, anchor: (1184, 1056) } event=13 -> AreaKey { scene: 3, anchor: (160, 112) }
scene 1 -> 3 at frame 2830 position (1248, 1312)
target scene=3 area=(160, 112) event=51 script=4471 mode=5 state=1 player=(1408, 1424) pos=(1616, 1480) path=12
learned targeted exit AreaKey { scene: 3, anchor: (160, 112) } event=51 -> AreaKey { scene: 1, anchor: (1152, 320) }
learned exit AreaKey { scene: 3, anchor: (160, 112) } event=51 -> AreaKey { scene: 1, anchor: (1152, 320) }
scene 3 -> 1 at frame 2842 position (1040, 248)
target scene=1 area=(1152, 320) event=4 script=4475 mode=5 state=1 player=(1200, 360) pos=(1152, 384) path=2
learned targeted exit AreaKey { scene: 1, anchor: (1152, 320) } event=4 -> AreaKey { scene: 3, anchor: (160, 112) }
learned exit AreaKey { scene: 1, anchor: (1152, 320) } event=4 -> AreaKey { scene: 3, anchor: (160, 112) }
scene 1 -> 3 at frame 2844 position (1408, 1392)
target scene=3 area=(160, 112) event=51 script=4471 mode=5 state=1 player=(1568, 1504) pos=(1616, 1480) path=2
learned targeted exit AreaKey { scene: 3, anchor: (160, 112) } event=51 -> AreaKey { scene: 1, anchor: (1152, 320) }
learned exit AreaKey { scene: 3, anchor: (160, 112) } event=51 -> AreaKey { scene: 1, anchor: (1152, 320) }
scene 3 -> 1 at frame 2846 position (1040, 248)
target scene=1 area=(1152, 320) event=4 script=4475 mode=5 state=1 player=(1200, 360) pos=(1152, 384) path=2
learned targeted exit AreaKey { scene: 1, anchor: (1152, 320) } event=4 -> AreaKey { scene: 3, anchor: (160, 112) }
learned exit AreaKey { scene: 1, anchor: (1152, 320) } event=4 -> AreaKey { scene: 3, anchor: (160, 112) }
scene 1 -> 3 at frame 2848 position (1408, 1392)
target scene=3 area=(160, 112) event=52 script=4631 mode=5 state=1 player=(1568, 1504) pos=(1456, 1400) path=11
learned targeted exit AreaKey { scene: 3, anchor: (160, 112) } event=52 -> AreaKey { scene: 1, anchor: (1184, 1056) }
learned exit AreaKey { scene: 3, anchor: (160, 112) } event=52 -> AreaKey { scene: 1, anchor: (1184, 1056) }
scene 3 -> 1 at frame 2859 position (1088, 992)
target scene=1 area=(1184, 1056) event=13 script=4635 mode=5 state=1 player=(1248, 1104) pos=(1200, 1128) path=2
learned targeted exit AreaKey { scene: 1, anchor: (1184, 1056) } event=13 -> AreaKey { scene: 3, anchor: (160, 112) }
learned exit AreaKey { scene: 1, anchor: (1184, 1056) } event=13 -> AreaKey { scene: 3, anchor: (160, 112) }
scene 1 -> 3 at frame 2861 position (1248, 1312)
target scene=3 area=(160, 112) event=53 script=4639 mode=5 state=1 player=(1408, 1424) pos=(1296, 1320) path=11
learned targeted exit AreaKey { scene: 3, anchor: (160, 112) } event=53 -> AreaKey { scene: 1, anchor: (400, 344) }
learned exit AreaKey { scene: 3, anchor: (160, 112) } event=53 -> AreaKey { scene: 1, anchor: (400, 344) }
scene 3 -> 1 at frame 2872 position (304, 264)
target scene=1 area=(400, 344) event=18 script=4643 mode=5 state=1 player=(464, 376) pos=(416, 400) path=2
learned targeted exit AreaKey { scene: 1, anchor: (400, 344) } event=18 -> AreaKey { scene: 3, anchor: (160, 112) }
learned exit AreaKey { scene: 1, anchor: (400, 344) } event=18 -> AreaKey { scene: 3, anchor: (160, 112) }
scene 1 -> 3 at frame 2874 position (1088, 1232)
target scene=3 area=(160, 112) event=48 script=60 mode=4 state=1 player=(1248, 1344) pos=(1168, 1368) path=7
learned targeted exit AreaKey { scene: 3, anchor: (160, 112) } event=48 -> AreaKey { scene: 3, anchor: (1216, 1408) }
marked destination touch VisitKey { scene: 3, area: (1216, 1408), event_id: 48, trigger_script: 60, trigger_mode: 4, state: 1 }
learned exit AreaKey { scene: 3, anchor: (160, 112) } event=48 -> AreaKey { scene: 3, anchor: (1216, 1408) }
area teleport in scene 3 at frame 2898: (1168, 1368) -> (1248, 1456)
target scene=3 area=(1216, 1408) event=47 script=33 mode=4 state=1 player=(1248, 1456) pos=(1248, 1456) path=0
learned targeted exit AreaKey { scene: 3, anchor: (1216, 1408) } event=47 -> AreaKey { scene: 3, anchor: (1152, 1344) }
marked destination touch VisitKey { scene: 3, area: (1152, 1344), event_id: 47, trigger_script: 33, trigger_mode: 4, state: 1 }
learned exit AreaKey { scene: 3, anchor: (1216, 1408) } event=47 -> AreaKey { scene: 3, anchor: (1152, 1344) }
area teleport in scene 3 at frame 2911: (1248, 1456) -> (1152, 1360)
target scene=3 area=(1152, 1344) event=48 script=60 mode=4 state=1 player=(1152, 1360) pos=(1168, 1368) path=1
learned targeted exit AreaKey { scene: 3, anchor: (1152, 1344) } event=48 -> AreaKey { scene: 3, anchor: (1216, 1408) }
marked destination touch VisitKey { scene: 3, area: (1216, 1408), event_id: 48, trigger_script: 60, trigger_mode: 4, state: 1 }
learned exit AreaKey { scene: 3, anchor: (1152, 1344) } event=48 -> AreaKey { scene: 3, anchor: (1216, 1408) }
area teleport in scene 3 at frame 2929: (1168, 1368) -> (1248, 1456)
target scene=3 area=(1216, 1408) event=47 script=33 mode=4 state=1 player=(1248, 1456) pos=(1248, 1456) path=0
learned targeted exit AreaKey { scene: 3, anchor: (1216, 1408) } event=47 -> AreaKey { scene: 3, anchor: (1152, 1344) }
marked destination touch VisitKey { scene: 3, area: (1152, 1344), event_id: 47, trigger_script: 33, trigger_mode: 4, state: 1 }
learned exit AreaKey { scene: 3, anchor: (1216, 1408) } event=47 -> AreaKey { scene: 3, anchor: (1152, 1344) }
area teleport in scene 3 at frame 2942: (1248, 1456) -> (1152, 1360)
target scene=3 area=(1152, 1344) event=53 script=4639 mode=5 state=1 player=(1152, 1360) pos=(1296, 1320) path=8
learned targeted exit AreaKey { scene: 3, anchor: (1152, 1344) } event=53 -> AreaKey { scene: 1, anchor: (400, 344) }
learned exit AreaKey { scene: 3, anchor: (1152, 1344) } event=53 -> AreaKey { scene: 1, anchor: (400, 344) }
scene 3 -> 1 at frame 2950 position (304, 264)
target scene=1 area=(400, 344) event=18 script=4643 mode=5 state=1 player=(464, 376) pos=(416, 400) path=2
learned targeted exit AreaKey { scene: 1, anchor: (400, 344) } event=18 -> AreaKey { scene: 3, anchor: (160, 112) }
learned exit AreaKey { scene: 1, anchor: (400, 344) } event=18 -> AreaKey { scene: 3, anchor: (160, 112) }
scene 1 -> 3 at frame 2952 position (1088, 1232)
target scene=3 area=(160, 112) event=52 script=4631 mode=5 state=1 player=(1248, 1344) pos=(1456, 1400) path=12
learned targeted exit AreaKey { scene: 3, anchor: (160, 112) } event=52 -> AreaKey { scene: 1, anchor: (1184, 1056) }
learned exit AreaKey { scene: 3, anchor: (160, 112) } event=52 -> AreaKey { scene: 1, anchor: (1184, 1056) }
scene 3 -> 1 at frame 2964 position (1088, 992)
target scene=1 area=(1184, 1056) event=13 script=4635 mode=5 state=1 player=(1248, 1104) pos=(1200, 1128) path=2
learned targeted exit AreaKey { scene: 1, anchor: (1184, 1056) } event=13 -> AreaKey { scene: 3, anchor: (160, 112) }
learned exit AreaKey { scene: 1, anchor: (1184, 1056) } event=13 -> AreaKey { scene: 3, anchor: (160, 112) }
scene 1 -> 3 at frame 2966 position (1248, 1312)
target scene=3 area=(160, 112) event=51 script=4471 mode=5 state=1 player=(1408, 1424) pos=(1616, 1480) path=12
learned targeted exit AreaKey { scene: 3, anchor: (160, 112) } event=51 -> AreaKey { scene: 1, anchor: (1152, 320) }
learned exit AreaKey { scene: 3, anchor: (160, 112) } event=51 -> AreaKey { scene: 1, anchor: (1152, 320) }
scene 3 -> 1 at frame 2978 position (1040, 248)
target scene=1 area=(1152, 320) event=4 script=4475 mode=5 state=1 player=(1200, 360) pos=(1152, 384) path=2
learned targeted exit AreaKey { scene: 1, anchor: (1152, 320) } event=4 -> AreaKey { scene: 3, anchor: (160, 112) }
learned exit AreaKey { scene: 1, anchor: (1152, 320) } event=4 -> AreaKey { scene: 3, anchor: (160, 112) }
scene 1 -> 3 at frame 2980 position (1408, 1392)
target scene=3 area=(160, 112) event=51 script=4471 mode=5 state=1 player=(1568, 1504) pos=(1616, 1480) path=2
learned targeted exit AreaKey { scene: 3, anchor: (160, 112) } event=51 -> AreaKey { scene: 1, anchor: (1152, 320) }
learned exit AreaKey { scene: 3, anchor: (160, 112) } event=51 -> AreaKey { scene: 1, anchor: (1152, 320) }
scene 3 -> 1 at frame 2982 position (1040, 248)
target scene=1 area=(1152, 320) event=4 script=4475 mode=5 state=1 player=(1200, 360) pos=(1152, 384) path=2
learned targeted exit AreaKey { scene: 1, anchor: (1152, 320) } event=4 -> AreaKey { scene: 3, anchor: (160, 112) }
learned exit AreaKey { scene: 1, anchor: (1152, 320) } event=4 -> AreaKey { scene: 3, anchor: (160, 112) }
scene 1 -> 3 at frame 2984 position (1408, 1392)
target scene=3 area=(160, 112) event=52 script=4631 mode=5 state=1 player=(1568, 1504) pos=(1456, 1400) path=11
learned targeted exit AreaKey { scene: 3, anchor: (160, 112) } event=52 -> AreaKey { scene: 1, anchor: (1184, 1056) }
learned exit AreaKey { scene: 3, anchor: (160, 112) } event=52 -> AreaKey { scene: 1, anchor: (1184, 1056) }
scene 3 -> 1 at frame 2995 position (1088, 992)
target scene=1 area=(1184, 1056) event=13 script=4635 mode=5 state=1 player=(1248, 1104) pos=(1200, 1128) path=2
learned targeted exit AreaKey { scene: 1, anchor: (1184, 1056) } event=13 -> AreaKey { scene: 3, anchor: (160, 112) }
learned exit AreaKey { scene: 1, anchor: (1184, 1056) } event=13 -> AreaKey { scene: 3, anchor: (160, 112) }
scene 1 -> 3 at frame 2997 position (1248, 1312)
target scene=3 area=(160, 112) event=53 script=4639 mode=5 state=1 player=(1408, 1424) pos=(1296, 1320) path=11
learned targeted exit AreaKey { scene: 3, anchor: (160, 112) } event=53 -> AreaKey { scene: 1, anchor: (400, 344) }
learned exit AreaKey { scene: 3, anchor: (160, 112) } event=53 -> AreaKey { scene: 1, anchor: (400, 344) }
scene 3 -> 1 at frame 3008 position (304, 264)
target scene=1 area=(400, 344) event=18 script=4643 mode=5 state=1 player=(464, 376) pos=(416, 400) path=2
learned targeted exit AreaKey { scene: 1, anchor: (400, 344) } event=18 -> AreaKey { scene: 3, anchor: (160, 112) }
learned exit AreaKey { scene: 1, anchor: (400, 344) } event=18 -> AreaKey { scene: 3, anchor: (160, 112) }
scene 1 -> 3 at frame 3010 position (1088, 1232)
target scene=3 area=(160, 112) event=48 script=60 mode=4 state=1 player=(1248, 1344) pos=(1168, 1368) path=7
learned targeted exit AreaKey { scene: 3, anchor: (160, 112) } event=48 -> AreaKey { scene: 3, anchor: (1216, 1408) }
marked destination touch VisitKey { scene: 3, area: (1216, 1408), event_id: 48, trigger_script: 60, trigger_mode: 4, state: 1 }
learned exit AreaKey { scene: 3, anchor: (160, 112) } event=48 -> AreaKey { scene: 3, anchor: (1216, 1408) }
area teleport in scene 3 at frame 3034: (1168, 1368) -> (1248, 1456)
target scene=3 area=(1216, 1408) event=47 script=33 mode=4 state=1 player=(1248, 1456) pos=(1248, 1456) path=0
learned targeted exit AreaKey { scene: 3, anchor: (1216, 1408) } event=47 -> AreaKey { scene: 3, anchor: (1152, 1344) }
marked destination touch VisitKey { scene: 3, area: (1152, 1344), event_id: 47, trigger_script: 33, trigger_mode: 4, state: 1 }
learned exit AreaKey { scene: 3, anchor: (1216, 1408) } event=47 -> AreaKey { scene: 3, anchor: (1152, 1344) }
area teleport in scene 3 at frame 3047: (1248, 1456) -> (1152, 1360)
target scene=3 area=(1152, 1344) event=48 script=60 mode=4 state=1 player=(1152, 1360) pos=(1168, 1368) path=1
learned targeted exit AreaKey { scene: 3, anchor: (1152, 1344) } event=48 -> AreaKey { scene: 3, anchor: (1216, 1408) }
marked destination touch VisitKey { scene: 3, area: (1216, 1408), event_id: 48, trigger_script: 60, trigger_mode: 4, state: 1 }
learned exit AreaKey { scene: 3, anchor: (1152, 1344) } event=48 -> AreaKey { scene: 3, anchor: (1216, 1408) }
area teleport in scene 3 at frame 3065: (1168, 1368) -> (1248, 1456)
target scene=3 area=(1216, 1408) event=47 script=33 mode=4 state=1 player=(1248, 1456) pos=(1248, 1456) path=0
learned targeted exit AreaKey { scene: 3, anchor: (1216, 1408) } event=47 -> AreaKey { scene: 3, anchor: (1152, 1344) }
marked destination touch VisitKey { scene: 3, area: (1152, 1344), event_id: 47, trigger_script: 33, trigger_mode: 4, state: 1 }
learned exit AreaKey { scene: 3, anchor: (1216, 1408) } event=47 -> AreaKey { scene: 3, anchor: (1152, 1344) }
area teleport in scene 3 at frame 3078: (1248, 1456) -> (1152, 1360)
target scene=3 area=(1152, 1344) event=53 script=4639 mode=5 state=1 player=(1152, 1360) pos=(1296, 1320) path=8
learned targeted exit AreaKey { scene: 3, anchor: (1152, 1344) } event=53 -> AreaKey { scene: 1, anchor: (400, 344) }
learned exit AreaKey { scene: 3, anchor: (1152, 1344) } event=53 -> AreaKey { scene: 1, anchor: (400, 344) }
scene 3 -> 1 at frame 3086 position (304, 264)
target scene=1 area=(400, 344) event=18 script=4643 mode=5 state=1 player=(464, 376) pos=(416, 400) path=2
learned targeted exit AreaKey { scene: 1, anchor: (400, 344) } event=18 -> AreaKey { scene: 3, anchor: (160, 112) }
learned exit AreaKey { scene: 1, anchor: (400, 344) } event=18 -> AreaKey { scene: 3, anchor: (160, 112) }
scene 1 -> 3 at frame 3088 position (1088, 1232)
target scene=3 area=(160, 112) event=52 script=4631 mode=5 state=1 player=(1248, 1344) pos=(1456, 1400) path=12
learned targeted exit AreaKey { scene: 3, anchor: (160, 112) } event=52 -> AreaKey { scene: 1, anchor: (1184, 1056) }
learned exit AreaKey { scene: 3, anchor: (160, 112) } event=52 -> AreaKey { scene: 1, anchor: (1184, 1056) }
scene 3 -> 1 at frame 3100 position (1088, 992)
target scene=1 area=(1184, 1056) event=13 script=4635 mode=5 state=1 player=(1248, 1104) pos=(1200, 1128) path=2
learned targeted exit AreaKey { scene: 1, anchor: (1184, 1056) } event=13 -> AreaKey { scene: 3, anchor: (160, 112) }
learned exit AreaKey { scene: 1, anchor: (1184, 1056) } event=13 -> AreaKey { scene: 3, anchor: (160, 112) }
scene 1 -> 3 at frame 3102 position (1248, 1312)
target scene=3 area=(160, 112) event=51 script=4471 mode=5 state=1 player=(1408, 1424) pos=(1616, 1480) path=12
learned targeted exit AreaKey { scene: 3, anchor: (160, 112) } event=51 -> AreaKey { scene: 1, anchor: (1152, 320) }
learned exit AreaKey { scene: 3, anchor: (160, 112) } event=51 -> AreaKey { scene: 1, anchor: (1152, 320) }
scene 3 -> 1 at frame 3114 position (1040, 248)
target scene=1 area=(1152, 320) event=4 script=4475 mode=5 state=1 player=(1200, 360) pos=(1152, 384) path=2
learned targeted exit AreaKey { scene: 1, anchor: (1152, 320) } event=4 -> AreaKey { scene: 3, anchor: (160, 112) }
learned exit AreaKey { scene: 1, anchor: (1152, 320) } event=4 -> AreaKey { scene: 3, anchor: (160, 112) }
scene 1 -> 3 at frame 3116 position (1408, 1392)
target scene=3 area=(160, 112) event=51 script=4471 mode=5 state=1 player=(1568, 1504) pos=(1616, 1480) path=2
learned targeted exit AreaKey { scene: 3, anchor: (160, 112) } event=51 -> AreaKey { scene: 1, anchor: (1152, 320) }
learned exit AreaKey { scene: 3, anchor: (160, 112) } event=51 -> AreaKey { scene: 1, anchor: (1152, 320) }
scene 3 -> 1 at frame 3118 position (1040, 248)
target scene=1 area=(1152, 320) event=4 script=4475 mode=5 state=1 player=(1200, 360) pos=(1152, 384) path=2
learned targeted exit AreaKey { scene: 1, anchor: (1152, 320) } event=4 -> AreaKey { scene: 3, anchor: (160, 112) }
learned exit AreaKey { scene: 1, anchor: (1152, 320) } event=4 -> AreaKey { scene: 3, anchor: (160, 112) }
scene 1 -> 3 at frame 3120 position (1408, 1392)
target scene=3 area=(160, 112) event=52 script=4631 mode=5 state=1 player=(1568, 1504) pos=(1456, 1400) path=11
learned targeted exit AreaKey { scene: 3, anchor: (160, 112) } event=52 -> AreaKey { scene: 1, anchor: (1184, 1056) }
learned exit AreaKey { scene: 3, anchor: (160, 112) } event=52 -> AreaKey { scene: 1, anchor: (1184, 1056) }
scene 3 -> 1 at frame 3131 position (1088, 992)
target scene=1 area=(1184, 1056) event=13 script=4635 mode=5 state=1 player=(1248, 1104) pos=(1200, 1128) path=2
learned targeted exit AreaKey { scene: 1, anchor: (1184, 1056) } event=13 -> AreaKey { scene: 3, anchor: (160, 112) }
learned exit AreaKey { scene: 1, anchor: (1184, 1056) } event=13 -> AreaKey { scene: 3, anchor: (160, 112) }
scene 1 -> 3 at frame 3133 position (1248, 1312)
target scene=3 area=(160, 112) event=53 script=4639 mode=5 state=1 player=(1408, 1424) pos=(1296, 1320) path=11
learned targeted exit AreaKey { scene: 3, anchor: (160, 112) } event=53 -> AreaKey { scene: 1, anchor: (400, 344) }
learned exit AreaKey { scene: 3, anchor: (160, 112) } event=53 -> AreaKey { scene: 1, anchor: (400, 344) }
scene 3 -> 1 at frame 3144 position (304, 264)
target scene=1 area=(400, 344) event=18 script=4643 mode=5 state=1 player=(464, 376) pos=(416, 400) path=2
learned targeted exit AreaKey { scene: 1, anchor: (400, 344) } event=18 -> AreaKey { scene: 3, anchor: (160, 112) }
learned exit AreaKey { scene: 1, anchor: (400, 344) } event=18 -> AreaKey { scene: 3, anchor: (160, 112) }
scene 1 -> 3 at frame 3146 position (1088, 1232)
target scene=3 area=(160, 112) event=48 script=60 mode=4 state=1 player=(1248, 1344) pos=(1168, 1368) path=7
learned targeted exit AreaKey { scene: 3, anchor: (160, 112) } event=48 -> AreaKey { scene: 3, anchor: (1216, 1408) }
marked destination touch VisitKey { scene: 3, area: (1216, 1408), event_id: 48, trigger_script: 60, trigger_mode: 4, state: 1 }
learned exit AreaKey { scene: 3, anchor: (160, 112) } event=48 -> AreaKey { scene: 3, anchor: (1216, 1408) }
area teleport in scene 3 at frame 3170: (1168, 1368) -> (1248, 1456)
target scene=3 area=(1216, 1408) event=47 script=33 mode=4 state=1 player=(1248, 1456) pos=(1248, 1456) path=0
learned targeted exit AreaKey { scene: 3, anchor: (1216, 1408) } event=47 -> AreaKey { scene: 3, anchor: (1152, 1344) }
marked destination touch VisitKey { scene: 3, area: (1152, 1344), event_id: 47, trigger_script: 33, trigger_mode: 4, state: 1 }
learned exit AreaKey { scene: 3, anchor: (1216, 1408) } event=47 -> AreaKey { scene: 3, anchor: (1152, 1344) }
area teleport in scene 3 at frame 3183: (1248, 1456) -> (1152, 1360)
target scene=3 area=(1152, 1344) event=48 script=60 mode=4 state=1 player=(1152, 1360) pos=(1168, 1368) path=1
learned targeted exit AreaKey { scene: 3, anchor: (1152, 1344) } event=48 -> AreaKey { scene: 3, anchor: (1216, 1408) }
marked destination touch VisitKey { scene: 3, area: (1216, 1408), event_id: 48, trigger_script: 60, trigger_mode: 4, state: 1 }
learned exit AreaKey { scene: 3, anchor: (1152, 1344) } event=48 -> AreaKey { scene: 3, anchor: (1216, 1408) }
area teleport in scene 3 at frame 3201: (1168, 1368) -> (1248, 1456)
target scene=3 area=(1216, 1408) event=47 script=33 mode=4 state=1 player=(1248, 1456) pos=(1248, 1456) path=0
learned targeted exit AreaKey { scene: 3, anchor: (1216, 1408) } event=47 -> AreaKey { scene: 3, anchor: (1152, 1344) }
marked destination touch VisitKey { scene: 3, area: (1152, 1344), event_id: 47, trigger_script: 33, trigger_mode: 4, state: 1 }
learned exit AreaKey { scene: 3, anchor: (1216, 1408) } event=47 -> AreaKey { scene: 3, anchor: (1152, 1344) }
area teleport in scene 3 at frame 3214: (1248, 1456) -> (1152, 1360)
target scene=3 area=(1152, 1344) event=53 script=4639 mode=5 state=1 player=(1152, 1360) pos=(1296, 1320) path=8
learned targeted exit AreaKey { scene: 3, anchor: (1152, 1344) } event=53 -> AreaKey { scene: 1, anchor: (400, 344) }
learned exit AreaKey { scene: 3, anchor: (1152, 1344) } event=53 -> AreaKey { scene: 1, anchor: (400, 344) }
scene 3 -> 1 at frame 3222 position (304, 264)
target scene=1 area=(400, 344) event=18 script=4643 mode=5 state=1 player=(464, 376) pos=(416, 400) path=2
learned targeted exit AreaKey { scene: 1, anchor: (400, 344) } event=18 -> AreaKey { scene: 3, anchor: (160, 112) }
learned exit AreaKey { scene: 1, anchor: (400, 344) } event=18 -> AreaKey { scene: 3, anchor: (160, 112) }
scene 1 -> 3 at frame 3224 position (1088, 1232)
target scene=3 area=(160, 112) event=52 script=4631 mode=5 state=1 player=(1248, 1344) pos=(1456, 1400) path=12
learned targeted exit AreaKey { scene: 3, anchor: (160, 112) } event=52 -> AreaKey { scene: 1, anchor: (1184, 1056) }
learned exit AreaKey { scene: 3, anchor: (160, 112) } event=52 -> AreaKey { scene: 1, anchor: (1184, 1056) }
scene 3 -> 1 at frame 3236 position (1088, 992)
target scene=1 area=(1184, 1056) event=13 script=4635 mode=5 state=1 player=(1248, 1104) pos=(1200, 1128) path=2
learned targeted exit AreaKey { scene: 1, anchor: (1184, 1056) } event=13 -> AreaKey { scene: 3, anchor: (160, 112) }
learned exit AreaKey { scene: 1, anchor: (1184, 1056) } event=13 -> AreaKey { scene: 3, anchor: (160, 112) }
scene 1 -> 3 at frame 3238 position (1248, 1312)
target scene=3 area=(160, 112) event=51 script=4471 mode=5 state=1 player=(1408, 1424) pos=(1616, 1480) path=12
learned targeted exit AreaKey { scene: 3, anchor: (160, 112) } event=51 -> AreaKey { scene: 1, anchor: (1152, 320) }
learned exit AreaKey { scene: 3, anchor: (160, 112) } event=51 -> AreaKey { scene: 1, anchor: (1152, 320) }
scene 3 -> 1 at frame 3250 position (1040, 248)
target scene=1 area=(1152, 320) event=4 script=4475 mode=5 state=1 player=(1200, 360) pos=(1152, 384) path=2
learned targeted exit AreaKey { scene: 1, anchor: (1152, 320) } event=4 -> AreaKey { scene: 3, anchor: (160, 112) }
learned exit AreaKey { scene: 1, anchor: (1152, 320) } event=4 -> AreaKey { scene: 3, anchor: (160, 112) }
scene 1 -> 3 at frame 3252 position (1408, 1392)
target scene=3 area=(160, 112) event=51 script=4471 mode=5 state=1 player=(1568, 1504) pos=(1616, 1480) path=2
learned targeted exit AreaKey { scene: 3, anchor: (160, 112) } event=51 -> AreaKey { scene: 1, anchor: (1152, 320) }
learned exit AreaKey { scene: 3, anchor: (160, 112) } event=51 -> AreaKey { scene: 1, anchor: (1152, 320) }
scene 3 -> 1 at frame 3254 position (1040, 248)
target scene=1 area=(1152, 320) event=4 script=4475 mode=5 state=1 player=(1200, 360) pos=(1152, 384) path=2
learned targeted exit AreaKey { scene: 1, anchor: (1152, 320) } event=4 -> AreaKey { scene: 3, anchor: (160, 112) }
learned exit AreaKey { scene: 1, anchor: (1152, 320) } event=4 -> AreaKey { scene: 3, anchor: (160, 112) }
scene 1 -> 3 at frame 3256 position (1408, 1392)
target scene=3 area=(160, 112) event=52 script=4631 mode=5 state=1 player=(1568, 1504) pos=(1456, 1400) path=11
learned targeted exit AreaKey { scene: 3, anchor: (160, 112) } event=52 -> AreaKey { scene: 1, anchor: (1184, 1056) }
learned exit AreaKey { scene: 3, anchor: (160, 112) } event=52 -> AreaKey { scene: 1, anchor: (1184, 1056) }
scene 3 -> 1 at frame 3267 position (1088, 992)
target scene=1 area=(1184, 1056) event=13 script=4635 mode=5 state=1 player=(1248, 1104) pos=(1200, 1128) path=2
learned targeted exit AreaKey { scene: 1, anchor: (1184, 1056) } event=13 -> AreaKey { scene: 3, anchor: (160, 112) }
learned exit AreaKey { scene: 1, anchor: (1184, 1056) } event=13 -> AreaKey { scene: 3, anchor: (160, 112) }
scene 1 -> 3 at frame 3269 position (1248, 1312)
target scene=3 area=(160, 112) event=53 script=4639 mode=5 state=1 player=(1408, 1424) pos=(1296, 1320) path=11
learned targeted exit AreaKey { scene: 3, anchor: (160, 112) } event=53 -> AreaKey { scene: 1, anchor: (400, 344) }
learned exit AreaKey { scene: 3, anchor: (160, 112) } event=53 -> AreaKey { scene: 1, anchor: (400, 344) }
scene 3 -> 1 at frame 3280 position (304, 264)
target scene=1 area=(400, 344) event=18 script=4643 mode=5 state=1 player=(464, 376) pos=(416, 400) path=2
learned targeted exit AreaKey { scene: 1, anchor: (400, 344) } event=18 -> AreaKey { scene: 3, anchor: (160, 112) }
learned exit AreaKey { scene: 1, anchor: (400, 344) } event=18 -> AreaKey { scene: 3, anchor: (160, 112) }
scene 1 -> 3 at frame 3282 position (1088, 1232)
target scene=3 area=(160, 112) event=48 script=60 mode=4 state=1 player=(1248, 1344) pos=(1168, 1368) path=7
learned targeted exit AreaKey { scene: 3, anchor: (160, 112) } event=48 -> AreaKey { scene: 3, anchor: (1216, 1408) }
marked destination touch VisitKey { scene: 3, area: (1216, 1408), event_id: 48, trigger_script: 60, trigger_mode: 4, state: 1 }
learned exit AreaKey { scene: 3, anchor: (160, 112) } event=48 -> AreaKey { scene: 3, anchor: (1216, 1408) }
area teleport in scene 3 at frame 3306: (1168, 1368) -> (1248, 1456)
target scene=3 area=(1216, 1408) event=47 script=33 mode=4 state=1 player=(1248, 1456) pos=(1248, 1456) path=0
learned targeted exit AreaKey { scene: 3, anchor: (1216, 1408) } event=47 -> AreaKey { scene: 3, anchor: (1152, 1344) }
marked destination touch VisitKey { scene: 3, area: (1152, 1344), event_id: 47, trigger_script: 33, trigger_mode: 4, state: 1 }
learned exit AreaKey { scene: 3, anchor: (1216, 1408) } event=47 -> AreaKey { scene: 3, anchor: (1152, 1344) }
area teleport in scene 3 at frame 3319: (1248, 1456) -> (1152, 1360)
target scene=3 area=(1152, 1344) event=48 script=60 mode=4 state=1 player=(1152, 1360) pos=(1168, 1368) path=1
learned targeted exit AreaKey { scene: 3, anchor: (1152, 1344) } event=48 -> AreaKey { scene: 3, anchor: (1216, 1408) }
marked destination touch VisitKey { scene: 3, area: (1216, 1408), event_id: 48, trigger_script: 60, trigger_mode: 4, state: 1 }
learned exit AreaKey { scene: 3, anchor: (1152, 1344) } event=48 -> AreaKey { scene: 3, anchor: (1216, 1408) }
area teleport in scene 3 at frame 3337: (1168, 1368) -> (1248, 1456)
target scene=3 area=(1216, 1408) event=47 script=33 mode=4 state=1 player=(1248, 1456) pos=(1248, 1456) path=0
learned targeted exit AreaKey { scene: 3, anchor: (1216, 1408) } event=47 -> AreaKey { scene: 3, anchor: (1152, 1344) }
marked destination touch VisitKey { scene: 3, area: (1152, 1344), event_id: 47, trigger_script: 33, trigger_mode: 4, state: 1 }
learned exit AreaKey { scene: 3, anchor: (1216, 1408) } event=47 -> AreaKey { scene: 3, anchor: (1152, 1344) }
area teleport in scene 3 at frame 3350: (1248, 1456) -> (1152, 1360)
target scene=3 area=(1152, 1344) event=53 script=4639 mode=5 state=1 player=(1152, 1360) pos=(1296, 1320) path=8
learned targeted exit AreaKey { scene: 3, anchor: (1152, 1344) } event=53 -> AreaKey { scene: 1, anchor: (400, 344) }
learned exit AreaKey { scene: 3, anchor: (1152, 1344) } event=53 -> AreaKey { scene: 1, anchor: (400, 344) }
scene 3 -> 1 at frame 3358 position (304, 264)
target scene=1 area=(400, 344) event=18 script=4643 mode=5 state=1 player=(464, 376) pos=(416, 400) path=2
learned targeted exit AreaKey { scene: 1, anchor: (400, 344) } event=18 -> AreaKey { scene: 3, anchor: (160, 112) }
learned exit AreaKey { scene: 1, anchor: (400, 344) } event=18 -> AreaKey { scene: 3, anchor: (160, 112) }
scene 1 -> 3 at frame 3360 position (1088, 1232)
target scene=3 area=(160, 112) event=52 script=4631 mode=5 state=1 player=(1248, 1344) pos=(1456, 1400) path=12
learned targeted exit AreaKey { scene: 3, anchor: (160, 112) } event=52 -> AreaKey { scene: 1, anchor: (1184, 1056) }
learned exit AreaKey { scene: 3, anchor: (160, 112) } event=52 -> AreaKey { scene: 1, anchor: (1184, 1056) }
scene 3 -> 1 at frame 3372 position (1088, 992)
target scene=1 area=(1184, 1056) event=13 script=4635 mode=5 state=1 player=(1248, 1104) pos=(1200, 1128) path=2
learned targeted exit AreaKey { scene: 1, anchor: (1184, 1056) } event=13 -> AreaKey { scene: 3, anchor: (160, 112) }
learned exit AreaKey { scene: 1, anchor: (1184, 1056) } event=13 -> AreaKey { scene: 3, anchor: (160, 112) }
scene 1 -> 3 at frame 3374 position (1248, 1312)
target scene=3 area=(160, 112) event=51 script=4471 mode=5 state=1 player=(1408, 1424) pos=(1616, 1480) path=12
learned targeted exit AreaKey { scene: 3, anchor: (160, 112) } event=51 -> AreaKey { scene: 1, anchor: (1152, 320) }
learned exit AreaKey { scene: 3, anchor: (160, 112) } event=51 -> AreaKey { scene: 1, anchor: (1152, 320) }
scene 3 -> 1 at frame 3386 position (1040, 248)
target scene=1 area=(1152, 320) event=4 script=4475 mode=5 state=1 player=(1200, 360) pos=(1152, 384) path=2
learned targeted exit AreaKey { scene: 1, anchor: (1152, 320) } event=4 -> AreaKey { scene: 3, anchor: (160, 112) }
learned exit AreaKey { scene: 1, anchor: (1152, 320) } event=4 -> AreaKey { scene: 3, anchor: (160, 112) }
scene 1 -> 3 at frame 3388 position (1408, 1392)
target scene=3 area=(160, 112) event=51 script=4471 mode=5 state=1 player=(1568, 1504) pos=(1616, 1480) path=2
learned targeted exit AreaKey { scene: 3, anchor: (160, 112) } event=51 -> AreaKey { scene: 1, anchor: (1152, 320) }
learned exit AreaKey { scene: 3, anchor: (160, 112) } event=51 -> AreaKey { scene: 1, anchor: (1152, 320) }
scene 3 -> 1 at frame 3390 position (1040, 248)
target scene=1 area=(1152, 320) event=4 script=4475 mode=5 state=1 player=(1200, 360) pos=(1152, 384) path=2
learned targeted exit AreaKey { scene: 1, anchor: (1152, 320) } event=4 -> AreaKey { scene: 3, anchor: (160, 112) }
learned exit AreaKey { scene: 1, anchor: (1152, 320) } event=4 -> AreaKey { scene: 3, anchor: (160, 112) }
scene 1 -> 3 at frame 3392 position (1408, 1392)
target scene=3 area=(160, 112) event=52 script=4631 mode=5 state=1 player=(1568, 1504) pos=(1456, 1400) path=11
learned targeted exit AreaKey { scene: 3, anchor: (160, 112) } event=52 -> AreaKey { scene: 1, anchor: (1184, 1056) }
learned exit AreaKey { scene: 3, anchor: (160, 112) } event=52 -> AreaKey { scene: 1, anchor: (1184, 1056) }
scene 3 -> 1 at frame 3403 position (1088, 992)
target scene=1 area=(1184, 1056) event=13 script=4635 mode=5 state=1 player=(1248, 1104) pos=(1200, 1128) path=2
learned targeted exit AreaKey { scene: 1, anchor: (1184, 1056) } event=13 -> AreaKey { scene: 3, anchor: (160, 112) }
learned exit AreaKey { scene: 1, anchor: (1184, 1056) } event=13 -> AreaKey { scene: 3, anchor: (160, 112) }
scene 1 -> 3 at frame 3405 position (1248, 1312)
target scene=3 area=(160, 112) event=53 script=4639 mode=5 state=1 player=(1408, 1424) pos=(1296, 1320) path=11
learned targeted exit AreaKey { scene: 3, anchor: (160, 112) } event=53 -> AreaKey { scene: 1, anchor: (400, 344) }
learned exit AreaKey { scene: 3, anchor: (160, 112) } event=53 -> AreaKey { scene: 1, anchor: (400, 344) }
scene 3 -> 1 at frame 3416 position (304, 264)
target scene=1 area=(400, 344) event=18 script=4643 mode=5 state=1 player=(464, 376) pos=(416, 400) path=2
learned targeted exit AreaKey { scene: 1, anchor: (400, 344) } event=18 -> AreaKey { scene: 3, anchor: (160, 112) }
learned exit AreaKey { scene: 1, anchor: (400, 344) } event=18 -> AreaKey { scene: 3, anchor: (160, 112) }
scene 1 -> 3 at frame 3418 position (1088, 1232)
target scene=3 area=(160, 112) event=48 script=60 mode=4 state=1 player=(1248, 1344) pos=(1168, 1368) path=7
learned targeted exit AreaKey { scene: 3, anchor: (160, 112) } event=48 -> AreaKey { scene: 3, anchor: (1216, 1408) }
marked destination touch VisitKey { scene: 3, area: (1216, 1408), event_id: 48, trigger_script: 60, trigger_mode: 4, state: 1 }
learned exit AreaKey { scene: 3, anchor: (160, 112) } event=48 -> AreaKey { scene: 3, anchor: (1216, 1408) }
area teleport in scene 3 at frame 3442: (1168, 1368) -> (1248, 1456)
target scene=3 area=(1216, 1408) event=47 script=33 mode=4 state=1 player=(1248, 1456) pos=(1248, 1456) path=0
learned targeted exit AreaKey { scene: 3, anchor: (1216, 1408) } event=47 -> AreaKey { scene: 3, anchor: (1152, 1344) }
marked destination touch VisitKey { scene: 3, area: (1152, 1344), event_id: 47, trigger_script: 33, trigger_mode: 4, state: 1 }
learned exit AreaKey { scene: 3, anchor: (1216, 1408) } event=47 -> AreaKey { scene: 3, anchor: (1152, 1344) }
area teleport in scene 3 at frame 3455: (1248, 1456) -> (1152, 1360)
target scene=3 area=(1152, 1344) event=48 script=60 mode=4 state=1 player=(1152, 1360) pos=(1168, 1368) path=1
learned targeted exit AreaKey { scene: 3, anchor: (1152, 1344) } event=48 -> AreaKey { scene: 3, anchor: (1216, 1408) }
marked destination touch VisitKey { scene: 3, area: (1216, 1408), event_id: 48, trigger_script: 60, trigger_mode: 4, state: 1 }
learned exit AreaKey { scene: 3, anchor: (1152, 1344) } event=48 -> AreaKey { scene: 3, anchor: (1216, 1408) }
area teleport in scene 3 at frame 3473: (1168, 1368) -> (1248, 1456)
target scene=3 area=(1216, 1408) event=47 script=33 mode=4 state=1 player=(1248, 1456) pos=(1248, 1456) path=0
learned targeted exit AreaKey { scene: 3, anchor: (1216, 1408) } event=47 -> AreaKey { scene: 3, anchor: (1152, 1344) }
marked destination touch VisitKey { scene: 3, area: (1152, 1344), event_id: 47, trigger_script: 33, trigger_mode: 4, state: 1 }
learned exit AreaKey { scene: 3, anchor: (1216, 1408) } event=47 -> AreaKey { scene: 3, anchor: (1152, 1344) }
area teleport in scene 3 at frame 3486: (1248, 1456) -> (1152, 1360)
target scene=3 area=(1152, 1344) event=53 script=4639 mode=5 state=1 player=(1152, 1360) pos=(1296, 1320) path=8
learned targeted exit AreaKey { scene: 3, anchor: (1152, 1344) } event=53 -> AreaKey { scene: 1, anchor: (400, 344) }
learned exit AreaKey { scene: 3, anchor: (1152, 1344) } event=53 -> AreaKey { scene: 1, anchor: (400, 344) }
scene 3 -> 1 at frame 3494 position (304, 264)
target scene=1 area=(400, 344) event=18 script=4643 mode=5 state=1 player=(464, 376) pos=(416, 400) path=2
learned targeted exit AreaKey { scene: 1, anchor: (400, 344) } event=18 -> AreaKey { scene: 3, anchor: (160, 112) }
learned exit AreaKey { scene: 1, anchor: (400, 344) } event=18 -> AreaKey { scene: 3, anchor: (160, 112) }
scene 1 -> 3 at frame 3496 position (1088, 1232)
target scene=3 area=(160, 112) event=52 script=4631 mode=5 state=1 player=(1248, 1344) pos=(1456, 1400) path=12
learned targeted exit AreaKey { scene: 3, anchor: (160, 112) } event=52 -> AreaKey { scene: 1, anchor: (1184, 1056) }
learned exit AreaKey { scene: 3, anchor: (160, 112) } event=52 -> AreaKey { scene: 1, anchor: (1184, 1056) }
scene 3 -> 1 at frame 3508 position (1088, 992)
target scene=1 area=(1184, 1056) event=13 script=4635 mode=5 state=1 player=(1248, 1104) pos=(1200, 1128) path=2
learned targeted exit AreaKey { scene: 1, anchor: (1184, 1056) } event=13 -> AreaKey { scene: 3, anchor: (160, 112) }
learned exit AreaKey { scene: 1, anchor: (1184, 1056) } event=13 -> AreaKey { scene: 3, anchor: (160, 112) }
scene 1 -> 3 at frame 3510 position (1248, 1312)
target scene=3 area=(160, 112) event=51 script=4471 mode=5 state=1 player=(1408, 1424) pos=(1616, 1480) path=12
learned targeted exit AreaKey { scene: 3, anchor: (160, 112) } event=51 -> AreaKey { scene: 1, anchor: (1152, 320) }
learned exit AreaKey { scene: 3, anchor: (160, 112) } event=51 -> AreaKey { scene: 1, anchor: (1152, 320) }
scene 3 -> 1 at frame 3522 position (1040, 248)
target scene=1 area=(1152, 320) event=4 script=4475 mode=5 state=1 player=(1200, 360) pos=(1152, 384) path=2
learned targeted exit AreaKey { scene: 1, anchor: (1152, 320) } event=4 -> AreaKey { scene: 3, anchor: (160, 112) }
learned exit AreaKey { scene: 1, anchor: (1152, 320) } event=4 -> AreaKey { scene: 3, anchor: (160, 112) }
scene 1 -> 3 at frame 3524 position (1408, 1392)
target scene=3 area=(160, 112) event=51 script=4471 mode=5 state=1 player=(1568, 1504) pos=(1616, 1480) path=2
learned targeted exit AreaKey { scene: 3, anchor: (160, 112) } event=51 -> AreaKey { scene: 1, anchor: (1152, 320) }
learned exit AreaKey { scene: 3, anchor: (160, 112) } event=51 -> AreaKey { scene: 1, anchor: (1152, 320) }
scene 3 -> 1 at frame 3526 position (1040, 248)
target scene=1 area=(1152, 320) event=4 script=4475 mode=5 state=1 player=(1200, 360) pos=(1152, 384) path=2
learned targeted exit AreaKey { scene: 1, anchor: (1152, 320) } event=4 -> AreaKey { scene: 3, anchor: (160, 112) }
learned exit AreaKey { scene: 1, anchor: (1152, 320) } event=4 -> AreaKey { scene: 3, anchor: (160, 112) }
scene 1 -> 3 at frame 3528 position (1408, 1392)
target scene=3 area=(160, 112) event=52 script=4631 mode=5 state=1 player=(1568, 1504) pos=(1456, 1400) path=11
learned targeted exit AreaKey { scene: 3, anchor: (160, 112) } event=52 -> AreaKey { scene: 1, anchor: (1184, 1056) }
learned exit AreaKey { scene: 3, anchor: (160, 112) } event=52 -> AreaKey { scene: 1, anchor: (1184, 1056) }
scene 3 -> 1 at frame 3539 position (1088, 992)
target scene=1 area=(1184, 1056) event=13 script=4635 mode=5 state=1 player=(1248, 1104) pos=(1200, 1128) path=2
learned targeted exit AreaKey { scene: 1, anchor: (1184, 1056) } event=13 -> AreaKey { scene: 3, anchor: (160, 112) }
learned exit AreaKey { scene: 1, anchor: (1184, 1056) } event=13 -> AreaKey { scene: 3, anchor: (160, 112) }
scene 1 -> 3 at frame 3541 position (1248, 1312)
target scene=3 area=(160, 112) event=53 script=4639 mode=5 state=1 player=(1408, 1424) pos=(1296, 1320) path=11
learned targeted exit AreaKey { scene: 3, anchor: (160, 112) } event=53 -> AreaKey { scene: 1, anchor: (400, 344) }
learned exit AreaKey { scene: 3, anchor: (160, 112) } event=53 -> AreaKey { scene: 1, anchor: (400, 344) }
scene 3 -> 1 at frame 3552 position (304, 264)
target scene=1 area=(400, 344) event=18 script=4643 mode=5 state=1 player=(464, 376) pos=(416, 400) path=2
learned targeted exit AreaKey { scene: 1, anchor: (400, 344) } event=18 -> AreaKey { scene: 3, anchor: (160, 112) }
learned exit AreaKey { scene: 1, anchor: (400, 344) } event=18 -> AreaKey { scene: 3, anchor: (160, 112) }
scene 1 -> 3 at frame 3554 position (1088, 1232)
target scene=3 area=(160, 112) event=48 script=60 mode=4 state=1 player=(1248, 1344) pos=(1168, 1368) path=7
learned targeted exit AreaKey { scene: 3, anchor: (160, 112) } event=48 -> AreaKey { scene: 3, anchor: (1216, 1408) }
marked destination touch VisitKey { scene: 3, area: (1216, 1408), event_id: 48, trigger_script: 60, trigger_mode: 4, state: 1 }
learned exit AreaKey { scene: 3, anchor: (160, 112) } event=48 -> AreaKey { scene: 3, anchor: (1216, 1408) }
area teleport in scene 3 at frame 3578: (1168, 1368) -> (1248, 1456)
target scene=3 area=(1216, 1408) event=47 script=33 mode=4 state=1 player=(1248, 1456) pos=(1248, 1456) path=0
learned targeted exit AreaKey { scene: 3, anchor: (1216, 1408) } event=47 -> AreaKey { scene: 3, anchor: (1152, 1344) }
marked destination touch VisitKey { scene: 3, area: (1152, 1344), event_id: 47, trigger_script: 33, trigger_mode: 4, state: 1 }
learned exit AreaKey { scene: 3, anchor: (1216, 1408) } event=47 -> AreaKey { scene: 3, anchor: (1152, 1344) }
area teleport in scene 3 at frame 3591: (1248, 1456) -> (1152, 1360)
target scene=3 area=(1152, 1344) event=48 script=60 mode=4 state=1 player=(1152, 1360) pos=(1168, 1368) path=1
learned targeted exit AreaKey { scene: 3, anchor: (1152, 1344) } event=48 -> AreaKey { scene: 3, anchor: (1216, 1408) }
marked destination touch VisitKey { scene: 3, area: (1216, 1408), event_id: 48, trigger_script: 60, trigger_mode: 4, state: 1 }
learned exit AreaKey { scene: 3, anchor: (1152, 1344) } event=48 -> AreaKey { scene: 3, anchor: (1216, 1408) }
area teleport in scene 3 at frame 3609: (1168, 1368) -> (1248, 1456)
target scene=3 area=(1216, 1408) event=47 script=33 mode=4 state=1 player=(1248, 1456) pos=(1248, 1456) path=0
learned targeted exit AreaKey { scene: 3, anchor: (1216, 1408) } event=47 -> AreaKey { scene: 3, anchor: (1152, 1344) }
marked destination touch VisitKey { scene: 3, area: (1152, 1344), event_id: 47, trigger_script: 33, trigger_mode: 4, state: 1 }
learned exit AreaKey { scene: 3, anchor: (1216, 1408) } event=47 -> AreaKey { scene: 3, anchor: (1152, 1344) }
area teleport in scene 3 at frame 3622: (1248, 1456) -> (1152, 1360)
target scene=3 area=(1152, 1344) event=53 script=4639 mode=5 state=1 player=(1152, 1360) pos=(1296, 1320) path=8
learned targeted exit AreaKey { scene: 3, anchor: (1152, 1344) } event=53 -> AreaKey { scene: 1, anchor: (400, 344) }
learned exit AreaKey { scene: 3, anchor: (1152, 1344) } event=53 -> AreaKey { scene: 1, anchor: (400, 344) }
scene 3 -> 1 at frame 3630 position (304, 264)
target scene=1 area=(400, 344) event=18 script=4643 mode=5 state=1 player=(464, 376) pos=(416, 400) path=2
learned targeted exit AreaKey { scene: 1, anchor: (400, 344) } event=18 -> AreaKey { scene: 3, anchor: (160, 112) }
learned exit AreaKey { scene: 1, anchor: (400, 344) } event=18 -> AreaKey { scene: 3, anchor: (160, 112) }
scene 1 -> 3 at frame 3632 position (1088, 1232)
target scene=3 area=(160, 112) event=52 script=4631 mode=5 state=1 player=(1248, 1344) pos=(1456, 1400) path=12
learned targeted exit AreaKey { scene: 3, anchor: (160, 112) } event=52 -> AreaKey { scene: 1, anchor: (1184, 1056) }
learned exit AreaKey { scene: 3, anchor: (160, 112) } event=52 -> AreaKey { scene: 1, anchor: (1184, 1056) }
scene 3 -> 1 at frame 3644 position (1088, 992)
target scene=1 area=(1184, 1056) event=13 script=4635 mode=5 state=1 player=(1248, 1104) pos=(1200, 1128) path=2
learned targeted exit AreaKey { scene: 1, anchor: (1184, 1056) } event=13 -> AreaKey { scene: 3, anchor: (160, 112) }
learned exit AreaKey { scene: 1, anchor: (1184, 1056) } event=13 -> AreaKey { scene: 3, anchor: (160, 112) }
scene 1 -> 3 at frame 3646 position (1248, 1312)
target scene=3 area=(160, 112) event=51 script=4471 mode=5 state=1 player=(1408, 1424) pos=(1616, 1480) path=12
learned targeted exit AreaKey { scene: 3, anchor: (160, 112) } event=51 -> AreaKey { scene: 1, anchor: (1152, 320) }
learned exit AreaKey { scene: 3, anchor: (160, 112) } event=51 -> AreaKey { scene: 1, anchor: (1152, 320) }
scene 3 -> 1 at frame 3658 position (1040, 248)
target scene=1 area=(1152, 320) event=4 script=4475 mode=5 state=1 player=(1200, 360) pos=(1152, 384) path=2
learned targeted exit AreaKey { scene: 1, anchor: (1152, 320) } event=4 -> AreaKey { scene: 3, anchor: (160, 112) }
learned exit AreaKey { scene: 1, anchor: (1152, 320) } event=4 -> AreaKey { scene: 3, anchor: (160, 112) }
scene 1 -> 3 at frame 3660 position (1408, 1392)
target scene=3 area=(160, 112) event=51 script=4471 mode=5 state=1 player=(1568, 1504) pos=(1616, 1480) path=2
learned targeted exit AreaKey { scene: 3, anchor: (160, 112) } event=51 -> AreaKey { scene: 1, anchor: (1152, 320) }
learned exit AreaKey { scene: 3, anchor: (160, 112) } event=51 -> AreaKey { scene: 1, anchor: (1152, 320) }
scene 3 -> 1 at frame 3662 position (1040, 248)
target scene=1 area=(1152, 320) event=4 script=4475 mode=5 state=1 player=(1200, 360) pos=(1152, 384) path=2
learned targeted exit AreaKey { scene: 1, anchor: (1152, 320) } event=4 -> AreaKey { scene: 3, anchor: (160, 112) }
learned exit AreaKey { scene: 1, anchor: (1152, 320) } event=4 -> AreaKey { scene: 3, anchor: (160, 112) }
scene 1 -> 3 at frame 3664 position (1408, 1392)
target scene=3 area=(160, 112) event=52 script=4631 mode=5 state=1 player=(1568, 1504) pos=(1456, 1400) path=11
learned targeted exit AreaKey { scene: 3, anchor: (160, 112) } event=52 -> AreaKey { scene: 1, anchor: (1184, 1056) }
learned exit AreaKey { scene: 3, anchor: (160, 112) } event=52 -> AreaKey { scene: 1, anchor: (1184, 1056) }
scene 3 -> 1 at frame 3675 position (1088, 992)
target scene=1 area=(1184, 1056) event=13 script=4635 mode=5 state=1 player=(1248, 1104) pos=(1200, 1128) path=2
learned targeted exit AreaKey { scene: 1, anchor: (1184, 1056) } event=13 -> AreaKey { scene: 3, anchor: (160, 112) }
learned exit AreaKey { scene: 1, anchor: (1184, 1056) } event=13 -> AreaKey { scene: 3, anchor: (160, 112) }
scene 1 -> 3 at frame 3677 position (1248, 1312)
target scene=3 area=(160, 112) event=53 script=4639 mode=5 state=1 player=(1408, 1424) pos=(1296, 1320) path=11
learned targeted exit AreaKey { scene: 3, anchor: (160, 112) } event=53 -> AreaKey { scene: 1, anchor: (400, 344) }
learned exit AreaKey { scene: 3, anchor: (160, 112) } event=53 -> AreaKey { scene: 1, anchor: (400, 344) }
scene 3 -> 1 at frame 3688 position (304, 264)
target scene=1 area=(400, 344) event=18 script=4643 mode=5 state=1 player=(464, 376) pos=(416, 400) path=2
learned targeted exit AreaKey { scene: 1, anchor: (400, 344) } event=18 -> AreaKey { scene: 3, anchor: (160, 112) }
learned exit AreaKey { scene: 1, anchor: (400, 344) } event=18 -> AreaKey { scene: 3, anchor: (160, 112) }
scene 1 -> 3 at frame 3690 position (1088, 1232)
target scene=3 area=(160, 112) event=48 script=60 mode=4 state=1 player=(1248, 1344) pos=(1168, 1368) path=7
learned targeted exit AreaKey { scene: 3, anchor: (160, 112) } event=48 -> AreaKey { scene: 3, anchor: (1216, 1408) }
marked destination touch VisitKey { scene: 3, area: (1216, 1408), event_id: 48, trigger_script: 60, trigger_mode: 4, state: 1 }
learned exit AreaKey { scene: 3, anchor: (160, 112) } event=48 -> AreaKey { scene: 3, anchor: (1216, 1408) }
area teleport in scene 3 at frame 3714: (1168, 1368) -> (1248, 1456)
target scene=3 area=(1216, 1408) event=47 script=33 mode=4 state=1 player=(1248, 1456) pos=(1248, 1456) path=0
learned targeted exit AreaKey { scene: 3, anchor: (1216, 1408) } event=47 -> AreaKey { scene: 3, anchor: (1152, 1344) }
marked destination touch VisitKey { scene: 3, area: (1152, 1344), event_id: 47, trigger_script: 33, trigger_mode: 4, state: 1 }
learned exit AreaKey { scene: 3, anchor: (1216, 1408) } event=47 -> AreaKey { scene: 3, anchor: (1152, 1344) }
area teleport in scene 3 at frame 3727: (1248, 1456) -> (1152, 1360)
target scene=3 area=(1152, 1344) event=48 script=60 mode=4 state=1 player=(1152, 1360) pos=(1168, 1368) path=1
learned targeted exit AreaKey { scene: 3, anchor: (1152, 1344) } event=48 -> AreaKey { scene: 3, anchor: (1216, 1408) }
marked destination touch VisitKey { scene: 3, area: (1216, 1408), event_id: 48, trigger_script: 60, trigger_mode: 4, state: 1 }
learned exit AreaKey { scene: 3, anchor: (1152, 1344) } event=48 -> AreaKey { scene: 3, anchor: (1216, 1408) }
area teleport in scene 3 at frame 3745: (1168, 1368) -> (1248, 1456)
target scene=3 area=(1216, 1408) event=47 script=33 mode=4 state=1 player=(1248, 1456) pos=(1248, 1456) path=0
learned targeted exit AreaKey { scene: 3, anchor: (1216, 1408) } event=47 -> AreaKey { scene: 3, anchor: (1152, 1344) }
marked destination touch VisitKey { scene: 3, area: (1152, 1344), event_id: 47, trigger_script: 33, trigger_mode: 4, state: 1 }
learned exit AreaKey { scene: 3, anchor: (1216, 1408) } event=47 -> AreaKey { scene: 3, anchor: (1152, 1344) }
area teleport in scene 3 at frame 3758: (1248, 1456) -> (1152, 1360)
target scene=3 area=(1152, 1344) event=53 script=4639 mode=5 state=1 player=(1152, 1360) pos=(1296, 1320) path=8
learned targeted exit AreaKey { scene: 3, anchor: (1152, 1344) } event=53 -> AreaKey { scene: 1, anchor: (400, 344) }
learned exit AreaKey { scene: 3, anchor: (1152, 1344) } event=53 -> AreaKey { scene: 1, anchor: (400, 344) }
scene 3 -> 1 at frame 3766 position (304, 264)
target scene=1 area=(400, 344) event=18 script=4643 mode=5 state=1 player=(464, 376) pos=(416, 400) path=2
learned targeted exit AreaKey { scene: 1, anchor: (400, 344) } event=18 -> AreaKey { scene: 3, anchor: (160, 112) }
learned exit AreaKey { scene: 1, anchor: (400, 344) } event=18 -> AreaKey { scene: 3, anchor: (160, 112) }
scene 1 -> 3 at frame 3768 position (1088, 1232)
target scene=3 area=(160, 112) event=52 script=4631 mode=5 state=1 player=(1248, 1344) pos=(1456, 1400) path=12
learned targeted exit AreaKey { scene: 3, anchor: (160, 112) } event=52 -> AreaKey { scene: 1, anchor: (1184, 1056) }
learned exit AreaKey { scene: 3, anchor: (160, 112) } event=52 -> AreaKey { scene: 1, anchor: (1184, 1056) }
scene 3 -> 1 at frame 3780 position (1088, 992)
target scene=1 area=(1184, 1056) event=13 script=4635 mode=5 state=1 player=(1248, 1104) pos=(1200, 1128) path=2
learned targeted exit AreaKey { scene: 1, anchor: (1184, 1056) } event=13 -> AreaKey { scene: 3, anchor: (160, 112) }
learned exit AreaKey { scene: 1, anchor: (1184, 1056) } event=13 -> AreaKey { scene: 3, anchor: (160, 112) }
scene 1 -> 3 at frame 3782 position (1248, 1312)
target scene=3 area=(160, 112) event=51 script=4471 mode=5 state=1 player=(1408, 1424) pos=(1616, 1480) path=12
learned targeted exit AreaKey { scene: 3, anchor: (160, 112) } event=51 -> AreaKey { scene: 1, anchor: (1152, 320) }
learned exit AreaKey { scene: 3, anchor: (160, 112) } event=51 -> AreaKey { scene: 1, anchor: (1152, 320) }
scene 3 -> 1 at frame 3794 position (1040, 248)
target scene=1 area=(1152, 320) event=4 script=4475 mode=5 state=1 player=(1200, 360) pos=(1152, 384) path=2
learned targeted exit AreaKey { scene: 1, anchor: (1152, 320) } event=4 -> AreaKey { scene: 3, anchor: (160, 112) }
learned exit AreaKey { scene: 1, anchor: (1152, 320) } event=4 -> AreaKey { scene: 3, anchor: (160, 112) }
scene 1 -> 3 at frame 3796 position (1408, 1392)
target scene=3 area=(160, 112) event=51 script=4471 mode=5 state=1 player=(1568, 1504) pos=(1616, 1480) path=2
learned targeted exit AreaKey { scene: 3, anchor: (160, 112) } event=51 -> AreaKey { scene: 1, anchor: (1152, 320) }
learned exit AreaKey { scene: 3, anchor: (160, 112) } event=51 -> AreaKey { scene: 1, anchor: (1152, 320) }
scene 3 -> 1 at frame 3798 position (1040, 248)
target scene=1 area=(1152, 320) event=4 script=4475 mode=5 state=1 player=(1200, 360) pos=(1152, 384) path=2
learned targeted exit AreaKey { scene: 1, anchor: (1152, 320) } event=4 -> AreaKey { scene: 3, anchor: (160, 112) }
learned exit AreaKey { scene: 1, anchor: (1152, 320) } event=4 -> AreaKey { scene: 3, anchor: (160, 112) }
scene 1 -> 3 at frame 3800 position (1408, 1392)
target scene=3 area=(160, 112) event=52 script=4631 mode=5 state=1 player=(1568, 1504) pos=(1456, 1400) path=11
learned targeted exit AreaKey { scene: 3, anchor: (160, 112) } event=52 -> AreaKey { scene: 1, anchor: (1184, 1056) }
learned exit AreaKey { scene: 3, anchor: (160, 112) } event=52 -> AreaKey { scene: 1, anchor: (1184, 1056) }
scene 3 -> 1 at frame 3811 position (1088, 992)
target scene=1 area=(1184, 1056) event=13 script=4635 mode=5 state=1 player=(1248, 1104) pos=(1200, 1128) path=2
learned targeted exit AreaKey { scene: 1, anchor: (1184, 1056) } event=13 -> AreaKey { scene: 3, anchor: (160, 112) }
learned exit AreaKey { scene: 1, anchor: (1184, 1056) } event=13 -> AreaKey { scene: 3, anchor: (160, 112) }
scene 1 -> 3 at frame 3813 position (1248, 1312)
target scene=3 area=(160, 112) event=53 script=4639 mode=5 state=1 player=(1408, 1424) pos=(1296, 1320) path=11
learned targeted exit AreaKey { scene: 3, anchor: (160, 112) } event=53 -> AreaKey { scene: 1, anchor: (400, 344) }
learned exit AreaKey { scene: 3, anchor: (160, 112) } event=53 -> AreaKey { scene: 1, anchor: (400, 344) }
scene 3 -> 1 at frame 3824 position (304, 264)
target scene=1 area=(400, 344) event=18 script=4643 mode=5 state=1 player=(464, 376) pos=(416, 400) path=2
learned targeted exit AreaKey { scene: 1, anchor: (400, 344) } event=18 -> AreaKey { scene: 3, anchor: (160, 112) }
learned exit AreaKey { scene: 1, anchor: (400, 344) } event=18 -> AreaKey { scene: 3, anchor: (160, 112) }
scene 1 -> 3 at frame 3826 position (1088, 1232)
target scene=3 area=(160, 112) event=48 script=60 mode=4 state=1 player=(1248, 1344) pos=(1168, 1368) path=7
learned targeted exit AreaKey { scene: 3, anchor: (160, 112) } event=48 -> AreaKey { scene: 3, anchor: (1216, 1408) }
marked destination touch VisitKey { scene: 3, area: (1216, 1408), event_id: 48, trigger_script: 60, trigger_mode: 4, state: 1 }
learned exit AreaKey { scene: 3, anchor: (160, 112) } event=48 -> AreaKey { scene: 3, anchor: (1216, 1408) }
area teleport in scene 3 at frame 3850: (1168, 1368) -> (1248, 1456)
target scene=3 area=(1216, 1408) event=47 script=33 mode=4 state=1 player=(1248, 1456) pos=(1248, 1456) path=0
learned targeted exit AreaKey { scene: 3, anchor: (1216, 1408) } event=47 -> AreaKey { scene: 3, anchor: (1152, 1344) }
marked destination touch VisitKey { scene: 3, area: (1152, 1344), event_id: 47, trigger_script: 33, trigger_mode: 4, state: 1 }
learned exit AreaKey { scene: 3, anchor: (1216, 1408) } event=47 -> AreaKey { scene: 3, anchor: (1152, 1344) }
area teleport in scene 3 at frame 3863: (1248, 1456) -> (1152, 1360)
target scene=3 area=(1152, 1344) event=48 script=60 mode=4 state=1 player=(1152, 1360) pos=(1168, 1368) path=1
learned targeted exit AreaKey { scene: 3, anchor: (1152, 1344) } event=48 -> AreaKey { scene: 3, anchor: (1216, 1408) }
marked destination touch VisitKey { scene: 3, area: (1216, 1408), event_id: 48, trigger_script: 60, trigger_mode: 4, state: 1 }
learned exit AreaKey { scene: 3, anchor: (1152, 1344) } event=48 -> AreaKey { scene: 3, anchor: (1216, 1408) }
area teleport in scene 3 at frame 3881: (1168, 1368) -> (1248, 1456)
target scene=3 area=(1216, 1408) event=47 script=33 mode=4 state=1 player=(1248, 1456) pos=(1248, 1456) path=0
learned targeted exit AreaKey { scene: 3, anchor: (1216, 1408) } event=47 -> AreaKey { scene: 3, anchor: (1152, 1344) }
marked destination touch VisitKey { scene: 3, area: (1152, 1344), event_id: 47, trigger_script: 33, trigger_mode: 4, state: 1 }
learned exit AreaKey { scene: 3, anchor: (1216, 1408) } event=47 -> AreaKey { scene: 3, anchor: (1152, 1344) }
area teleport in scene 3 at frame 3894: (1248, 1456) -> (1152, 1360)
target scene=3 area=(1152, 1344) event=53 script=4639 mode=5 state=1 player=(1152, 1360) pos=(1296, 1320) path=8
learned targeted exit AreaKey { scene: 3, anchor: (1152, 1344) } event=53 -> AreaKey { scene: 1, anchor: (400, 344) }
learned exit AreaKey { scene: 3, anchor: (1152, 1344) } event=53 -> AreaKey { scene: 1, anchor: (400, 344) }
scene 3 -> 1 at frame 3902 position (304, 264)
target scene=1 area=(400, 344) event=18 script=4643 mode=5 state=1 player=(464, 376) pos=(416, 400) path=2
learned targeted exit AreaKey { scene: 1, anchor: (400, 344) } event=18 -> AreaKey { scene: 3, anchor: (160, 112) }
learned exit AreaKey { scene: 1, anchor: (400, 344) } event=18 -> AreaKey { scene: 3, anchor: (160, 112) }
scene 1 -> 3 at frame 3904 position (1088, 1232)
target scene=3 area=(160, 112) event=52 script=4631 mode=5 state=1 player=(1248, 1344) pos=(1456, 1400) path=12
learned targeted exit AreaKey { scene: 3, anchor: (160, 112) } event=52 -> AreaKey { scene: 1, anchor: (1184, 1056) }
learned exit AreaKey { scene: 3, anchor: (160, 112) } event=52 -> AreaKey { scene: 1, anchor: (1184, 1056) }
scene 3 -> 1 at frame 3916 position (1088, 992)
target scene=1 area=(1184, 1056) event=13 script=4635 mode=5 state=1 player=(1248, 1104) pos=(1200, 1128) path=2
learned targeted exit AreaKey { scene: 1, anchor: (1184, 1056) } event=13 -> AreaKey { scene: 3, anchor: (160, 112) }
learned exit AreaKey { scene: 1, anchor: (1184, 1056) } event=13 -> AreaKey { scene: 3, anchor: (160, 112) }
scene 1 -> 3 at frame 3918 position (1248, 1312)
target scene=3 area=(160, 112) event=51 script=4471 mode=5 state=1 player=(1408, 1424) pos=(1616, 1480) path=12
learned targeted exit AreaKey { scene: 3, anchor: (160, 112) } event=51 -> AreaKey { scene: 1, anchor: (1152, 320) }
learned exit AreaKey { scene: 3, anchor: (160, 112) } event=51 -> AreaKey { scene: 1, anchor: (1152, 320) }
scene 3 -> 1 at frame 3930 position (1040, 248)
target scene=1 area=(1152, 320) event=4 script=4475 mode=5 state=1 player=(1200, 360) pos=(1152, 384) path=2
learned targeted exit AreaKey { scene: 1, anchor: (1152, 320) } event=4 -> AreaKey { scene: 3, anchor: (160, 112) }
learned exit AreaKey { scene: 1, anchor: (1152, 320) } event=4 -> AreaKey { scene: 3, anchor: (160, 112) }
scene 1 -> 3 at frame 3932 position (1408, 1392)
target scene=3 area=(160, 112) event=51 script=4471 mode=5 state=1 player=(1568, 1504) pos=(1616, 1480) path=2
learned targeted exit AreaKey { scene: 3, anchor: (160, 112) } event=51 -> AreaKey { scene: 1, anchor: (1152, 320) }
learned exit AreaKey { scene: 3, anchor: (160, 112) } event=51 -> AreaKey { scene: 1, anchor: (1152, 320) }
scene 3 -> 1 at frame 3934 position (1040, 248)
target scene=1 area=(1152, 320) event=4 script=4475 mode=5 state=1 player=(1200, 360) pos=(1152, 384) path=2
learned targeted exit AreaKey { scene: 1, anchor: (1152, 320) } event=4 -> AreaKey { scene: 3, anchor: (160, 112) }
learned exit AreaKey { scene: 1, anchor: (1152, 320) } event=4 -> AreaKey { scene: 3, anchor: (160, 112) }
scene 1 -> 3 at frame 3936 position (1408, 1392)
target scene=3 area=(160, 112) event=52 script=4631 mode=5 state=1 player=(1568, 1504) pos=(1456, 1400) path=11
learned targeted exit AreaKey { scene: 3, anchor: (160, 112) } event=52 -> AreaKey { scene: 1, anchor: (1184, 1056) }
learned exit AreaKey { scene: 3, anchor: (160, 112) } event=52 -> AreaKey { scene: 1, anchor: (1184, 1056) }
scene 3 -> 1 at frame 3947 position (1088, 992)
target scene=1 area=(1184, 1056) event=13 script=4635 mode=5 state=1 player=(1248, 1104) pos=(1200, 1128) path=2
learned targeted exit AreaKey { scene: 1, anchor: (1184, 1056) } event=13 -> AreaKey { scene: 3, anchor: (160, 112) }
learned exit AreaKey { scene: 1, anchor: (1184, 1056) } event=13 -> AreaKey { scene: 3, anchor: (160, 112) }
scene 1 -> 3 at frame 3949 position (1248, 1312)
target scene=3 area=(160, 112) event=53 script=4639 mode=5 state=1 player=(1408, 1424) pos=(1296, 1320) path=11
learned targeted exit AreaKey { scene: 3, anchor: (160, 112) } event=53 -> AreaKey { scene: 1, anchor: (400, 344) }
learned exit AreaKey { scene: 3, anchor: (160, 112) } event=53 -> AreaKey { scene: 1, anchor: (400, 344) }
scene 3 -> 1 at frame 3960 position (304, 264)
target scene=1 area=(400, 344) event=18 script=4643 mode=5 state=1 player=(464, 376) pos=(416, 400) path=2
learned targeted exit AreaKey { scene: 1, anchor: (400, 344) } event=18 -> AreaKey { scene: 3, anchor: (160, 112) }
learned exit AreaKey { scene: 1, anchor: (400, 344) } event=18 -> AreaKey { scene: 3, anchor: (160, 112) }
scene 1 -> 3 at frame 3962 position (1088, 1232)
target scene=3 area=(160, 112) event=48 script=60 mode=4 state=1 player=(1248, 1344) pos=(1168, 1368) path=7
learned targeted exit AreaKey { scene: 3, anchor: (160, 112) } event=48 -> AreaKey { scene: 3, anchor: (1216, 1408) }
marked destination touch VisitKey { scene: 3, area: (1216, 1408), event_id: 48, trigger_script: 60, trigger_mode: 4, state: 1 }
learned exit AreaKey { scene: 3, anchor: (160, 112) } event=48 -> AreaKey { scene: 3, anchor: (1216, 1408) }
area teleport in scene 3 at frame 3986: (1168, 1368) -> (1248, 1456)
target scene=3 area=(1216, 1408) event=47 script=33 mode=4 state=1 player=(1248, 1456) pos=(1248, 1456) path=0
learned targeted exit AreaKey { scene: 3, anchor: (1216, 1408) } event=47 -> AreaKey { scene: 3, anchor: (1152, 1344) }
marked destination touch VisitKey { scene: 3, area: (1152, 1344), event_id: 47, trigger_script: 33, trigger_mode: 4, state: 1 }
learned exit AreaKey { scene: 3, anchor: (1216, 1408) } event=47 -> AreaKey { scene: 3, anchor: (1152, 1344) }
area teleport in scene 3 at frame 3999: (1248, 1456) -> (1152, 1360)
target scene=3 area=(1152, 1344) event=48 script=60 mode=4 state=1 player=(1152, 1360) pos=(1168, 1368) path=1
learned targeted exit AreaKey { scene: 3, anchor: (1152, 1344) } event=48 -> AreaKey { scene: 3, anchor: (1216, 1408) }
marked destination touch VisitKey { scene: 3, area: (1216, 1408), event_id: 48, trigger_script: 60, trigger_mode: 4, state: 1 }
learned exit AreaKey { scene: 3, anchor: (1152, 1344) } event=48 -> AreaKey { scene: 3, anchor: (1216, 1408) }
area teleport in scene 3 at frame 4017: (1168, 1368) -> (1248, 1456)
target scene=3 area=(1216, 1408) event=47 script=33 mode=4 state=1 player=(1248, 1456) pos=(1248, 1456) path=0
learned targeted exit AreaKey { scene: 3, anchor: (1216, 1408) } event=47 -> AreaKey { scene: 3, anchor: (1152, 1344) }
marked destination touch VisitKey { scene: 3, area: (1152, 1344), event_id: 47, trigger_script: 33, trigger_mode: 4, state: 1 }
learned exit AreaKey { scene: 3, anchor: (1216, 1408) } event=47 -> AreaKey { scene: 3, anchor: (1152, 1344) }
area teleport in scene 3 at frame 4030: (1248, 1456) -> (1152, 1360)
target scene=3 area=(1152, 1344) event=53 script=4639 mode=5 state=1 player=(1152, 1360) pos=(1296, 1320) path=8
learned targeted exit AreaKey { scene: 3, anchor: (1152, 1344) } event=53 -> AreaKey { scene: 1, anchor: (400, 344) }
learned exit AreaKey { scene: 3, anchor: (1152, 1344) } event=53 -> AreaKey { scene: 1, anchor: (400, 344) }
scene 3 -> 1 at frame 4038 position (304, 264)
target scene=1 area=(400, 344) event=18 script=4643 mode=5 state=1 player=(464, 376) pos=(416, 400) path=2
learned targeted exit AreaKey { scene: 1, anchor: (400, 344) } event=18 -> AreaKey { scene: 3, anchor: (160, 112) }
learned exit AreaKey { scene: 1, anchor: (400, 344) } event=18 -> AreaKey { scene: 3, anchor: (160, 112) }
scene 1 -> 3 at frame 4040 position (1088, 1232)
target scene=3 area=(160, 112) event=52 script=4631 mode=5 state=1 player=(1248, 1344) pos=(1456, 1400) path=12
learned targeted exit AreaKey { scene: 3, anchor: (160, 112) } event=52 -> AreaKey { scene: 1, anchor: (1184, 1056) }
learned exit AreaKey { scene: 3, anchor: (160, 112) } event=52 -> AreaKey { scene: 1, anchor: (1184, 1056) }
scene 3 -> 1 at frame 4052 position (1088, 992)
target scene=1 area=(1184, 1056) event=13 script=4635 mode=5 state=1 player=(1248, 1104) pos=(1200, 1128) path=2
learned targeted exit AreaKey { scene: 1, anchor: (1184, 1056) } event=13 -> AreaKey { scene: 3, anchor: (160, 112) }
learned exit AreaKey { scene: 1, anchor: (1184, 1056) } event=13 -> AreaKey { scene: 3, anchor: (160, 112) }
scene 1 -> 3 at frame 4054 position (1248, 1312)
target scene=3 area=(160, 112) event=51 script=4471 mode=5 state=1 player=(1408, 1424) pos=(1616, 1480) path=12
learned targeted exit AreaKey { scene: 3, anchor: (160, 112) } event=51 -> AreaKey { scene: 1, anchor: (1152, 320) }
learned exit AreaKey { scene: 3, anchor: (160, 112) } event=51 -> AreaKey { scene: 1, anchor: (1152, 320) }
scene 3 -> 1 at frame 4066 position (1040, 248)
target scene=1 area=(1152, 320) event=4 script=4475 mode=5 state=1 player=(1200, 360) pos=(1152, 384) path=2
learned targeted exit AreaKey { scene: 1, anchor: (1152, 320) } event=4 -> AreaKey { scene: 3, anchor: (160, 112) }
learned exit AreaKey { scene: 1, anchor: (1152, 320) } event=4 -> AreaKey { scene: 3, anchor: (160, 112) }
scene 1 -> 3 at frame 4068 position (1408, 1392)
target scene=3 area=(160, 112) event=51 script=4471 mode=5 state=1 player=(1568, 1504) pos=(1616, 1480) path=2
learned targeted exit AreaKey { scene: 3, anchor: (160, 112) } event=51 -> AreaKey { scene: 1, anchor: (1152, 320) }
learned exit AreaKey { scene: 3, anchor: (160, 112) } event=51 -> AreaKey { scene: 1, anchor: (1152, 320) }
scene 3 -> 1 at frame 4070 position (1040, 248)
target scene=1 area=(1152, 320) event=4 script=4475 mode=5 state=1 player=(1200, 360) pos=(1152, 384) path=2
learned targeted exit AreaKey { scene: 1, anchor: (1152, 320) } event=4 -> AreaKey { scene: 3, anchor: (160, 112) }
learned exit AreaKey { scene: 1, anchor: (1152, 320) } event=4 -> AreaKey { scene: 3, anchor: (160, 112) }
scene 1 -> 3 at frame 4072 position (1408, 1392)
target scene=3 area=(160, 112) event=52 script=4631 mode=5 state=1 player=(1568, 1504) pos=(1456, 1400) path=11
learned targeted exit AreaKey { scene: 3, anchor: (160, 112) } event=52 -> AreaKey { scene: 1, anchor: (1184, 1056) }
learned exit AreaKey { scene: 3, anchor: (160, 112) } event=52 -> AreaKey { scene: 1, anchor: (1184, 1056) }
scene 3 -> 1 at frame 4083 position (1088, 992)
target scene=1 area=(1184, 1056) event=13 script=4635 mode=5 state=1 player=(1248, 1104) pos=(1200, 1128) path=2
learned targeted exit AreaKey { scene: 1, anchor: (1184, 1056) } event=13 -> AreaKey { scene: 3, anchor: (160, 112) }
learned exit AreaKey { scene: 1, anchor: (1184, 1056) } event=13 -> AreaKey { scene: 3, anchor: (160, 112) }
scene 1 -> 3 at frame 4085 position (1248, 1312)
target scene=3 area=(160, 112) event=53 script=4639 mode=5 state=1 player=(1408, 1424) pos=(1296, 1320) path=11
learned targeted exit AreaKey { scene: 3, anchor: (160, 112) } event=53 -> AreaKey { scene: 1, anchor: (400, 344) }
learned exit AreaKey { scene: 3, anchor: (160, 112) } event=53 -> AreaKey { scene: 1, anchor: (400, 344) }
scene 3 -> 1 at frame 4096 position (304, 264)
target scene=1 area=(400, 344) event=18 script=4643 mode=5 state=1 player=(464, 376) pos=(416, 400) path=2
learned targeted exit AreaKey { scene: 1, anchor: (400, 344) } event=18 -> AreaKey { scene: 3, anchor: (160, 112) }
learned exit AreaKey { scene: 1, anchor: (400, 344) } event=18 -> AreaKey { scene: 3, anchor: (160, 112) }
scene 1 -> 3 at frame 4098 position (1088, 1232)
target scene=3 area=(160, 112) event=48 script=60 mode=4 state=1 player=(1248, 1344) pos=(1168, 1368) path=7
learned targeted exit AreaKey { scene: 3, anchor: (160, 112) } event=48 -> AreaKey { scene: 3, anchor: (1216, 1408) }
marked destination touch VisitKey { scene: 3, area: (1216, 1408), event_id: 48, trigger_script: 60, trigger_mode: 4, state: 1 }
learned exit AreaKey { scene: 3, anchor: (160, 112) } event=48 -> AreaKey { scene: 3, anchor: (1216, 1408) }
area teleport in scene 3 at frame 4122: (1168, 1368) -> (1248, 1456)
target scene=3 area=(1216, 1408) event=47 script=33 mode=4 state=1 player=(1248, 1456) pos=(1248, 1456) path=0
learned targeted exit AreaKey { scene: 3, anchor: (1216, 1408) } event=47 -> AreaKey { scene: 3, anchor: (1152, 1344) }
marked destination touch VisitKey { scene: 3, area: (1152, 1344), event_id: 47, trigger_script: 33, trigger_mode: 4, state: 1 }
learned exit AreaKey { scene: 3, anchor: (1216, 1408) } event=47 -> AreaKey { scene: 3, anchor: (1152, 1344) }
area teleport in scene 3 at frame 4135: (1248, 1456) -> (1152, 1360)
target scene=3 area=(1152, 1344) event=48 script=60 mode=4 state=1 player=(1152, 1360) pos=(1168, 1368) path=1
learned targeted exit AreaKey { scene: 3, anchor: (1152, 1344) } event=48 -> AreaKey { scene: 3, anchor: (1216, 1408) }
marked destination touch VisitKey { scene: 3, area: (1216, 1408), event_id: 48, trigger_script: 60, trigger_mode: 4, state: 1 }
learned exit AreaKey { scene: 3, anchor: (1152, 1344) } event=48 -> AreaKey { scene: 3, anchor: (1216, 1408) }
area teleport in scene 3 at frame 4153: (1168, 1368) -> (1248, 1456)
target scene=3 area=(1216, 1408) event=47 script=33 mode=4 state=1 player=(1248, 1456) pos=(1248, 1456) path=0
learned targeted exit AreaKey { scene: 3, anchor: (1216, 1408) } event=47 -> AreaKey { scene: 3, anchor: (1152, 1344) }
marked destination touch VisitKey { scene: 3, area: (1152, 1344), event_id: 47, trigger_script: 33, trigger_mode: 4, state: 1 }
learned exit AreaKey { scene: 3, anchor: (1216, 1408) } event=47 -> AreaKey { scene: 3, anchor: (1152, 1344) }
area teleport in scene 3 at frame 4166: (1248, 1456) -> (1152, 1360)
target scene=3 area=(1152, 1344) event=53 script=4639 mode=5 state=1 player=(1152, 1360) pos=(1296, 1320) path=8
learned targeted exit AreaKey { scene: 3, anchor: (1152, 1344) } event=53 -> AreaKey { scene: 1, anchor: (400, 344) }
learned exit AreaKey { scene: 3, anchor: (1152, 1344) } event=53 -> AreaKey { scene: 1, anchor: (400, 344) }
scene 3 -> 1 at frame 4174 position (304, 264)
target scene=1 area=(400, 344) event=18 script=4643 mode=5 state=1 player=(464, 376) pos=(416, 400) path=2
learned targeted exit AreaKey { scene: 1, anchor: (400, 344) } event=18 -> AreaKey { scene: 3, anchor: (160, 112) }
learned exit AreaKey { scene: 1, anchor: (400, 344) } event=18 -> AreaKey { scene: 3, anchor: (160, 112) }
scene 1 -> 3 at frame 4176 position (1088, 1232)
target scene=3 area=(160, 112) event=52 script=4631 mode=5 state=1 player=(1248, 1344) pos=(1456, 1400) path=12
learned targeted exit AreaKey { scene: 3, anchor: (160, 112) } event=52 -> AreaKey { scene: 1, anchor: (1184, 1056) }
learned exit AreaKey { scene: 3, anchor: (160, 112) } event=52 -> AreaKey { scene: 1, anchor: (1184, 1056) }
scene 3 -> 1 at frame 4188 position (1088, 992)
target scene=1 area=(1184, 1056) event=13 script=4635 mode=5 state=1 player=(1248, 1104) pos=(1200, 1128) path=2
learned targeted exit AreaKey { scene: 1, anchor: (1184, 1056) } event=13 -> AreaKey { scene: 3, anchor: (160, 112) }
learned exit AreaKey { scene: 1, anchor: (1184, 1056) } event=13 -> AreaKey { scene: 3, anchor: (160, 112) }
scene 1 -> 3 at frame 4190 position (1248, 1312)
target scene=3 area=(160, 112) event=51 script=4471 mode=5 state=1 player=(1408, 1424) pos=(1616, 1480) path=12
learned targeted exit AreaKey { scene: 3, anchor: (160, 112) } event=51 -> AreaKey { scene: 1, anchor: (1152, 320) }
learned exit AreaKey { scene: 3, anchor: (160, 112) } event=51 -> AreaKey { scene: 1, anchor: (1152, 320) }
scene 3 -> 1 at frame 4202 position (1040, 248)
target scene=1 area=(1152, 320) event=4 script=4475 mode=5 state=1 player=(1200, 360) pos=(1152, 384) path=2
learned targeted exit AreaKey { scene: 1, anchor: (1152, 320) } event=4 -> AreaKey { scene: 3, anchor: (160, 112) }
learned exit AreaKey { scene: 1, anchor: (1152, 320) } event=4 -> AreaKey { scene: 3, anchor: (160, 112) }
scene 1 -> 3 at frame 4204 position (1408, 1392)
target scene=3 area=(160, 112) event=51 script=4471 mode=5 state=1 player=(1568, 1504) pos=(1616, 1480) path=2
learned targeted exit AreaKey { scene: 3, anchor: (160, 112) } event=51 -> AreaKey { scene: 1, anchor: (1152, 320) }
learned exit AreaKey { scene: 3, anchor: (160, 112) } event=51 -> AreaKey { scene: 1, anchor: (1152, 320) }
scene 3 -> 1 at frame 4206 position (1040, 248)
target scene=1 area=(1152, 320) event=4 script=4475 mode=5 state=1 player=(1200, 360) pos=(1152, 384) path=2
learned targeted exit AreaKey { scene: 1, anchor: (1152, 320) } event=4 -> AreaKey { scene: 3, anchor: (160, 112) }
learned exit AreaKey { scene: 1, anchor: (1152, 320) } event=4 -> AreaKey { scene: 3, anchor: (160, 112) }
scene 1 -> 3 at frame 4208 position (1408, 1392)
target scene=3 area=(160, 112) event=52 script=4631 mode=5 state=1 player=(1568, 1504) pos=(1456, 1400) path=11
learned targeted exit AreaKey { scene: 3, anchor: (160, 112) } event=52 -> AreaKey { scene: 1, anchor: (1184, 1056) }
learned exit AreaKey { scene: 3, anchor: (160, 112) } event=52 -> AreaKey { scene: 1, anchor: (1184, 1056) }
scene 3 -> 1 at frame 4219 position (1088, 992)
target scene=1 area=(1184, 1056) event=13 script=4635 mode=5 state=1 player=(1248, 1104) pos=(1200, 1128) path=2
learned targeted exit AreaKey { scene: 1, anchor: (1184, 1056) } event=13 -> AreaKey { scene: 3, anchor: (160, 112) }
learned exit AreaKey { scene: 1, anchor: (1184, 1056) } event=13 -> AreaKey { scene: 3, anchor: (160, 112) }
scene 1 -> 3 at frame 4221 position (1248, 1312)
target scene=3 area=(160, 112) event=53 script=4639 mode=5 state=1 player=(1408, 1424) pos=(1296, 1320) path=11
learned targeted exit AreaKey { scene: 3, anchor: (160, 112) } event=53 -> AreaKey { scene: 1, anchor: (400, 344) }
learned exit AreaKey { scene: 3, anchor: (160, 112) } event=53 -> AreaKey { scene: 1, anchor: (400, 344) }
scene 3 -> 1 at frame 4232 position (304, 264)
target scene=1 area=(400, 344) event=18 script=4643 mode=5 state=1 player=(464, 376) pos=(416, 400) path=2
learned targeted exit AreaKey { scene: 1, anchor: (400, 344) } event=18 -> AreaKey { scene: 3, anchor: (160, 112) }
learned exit AreaKey { scene: 1, anchor: (400, 344) } event=18 -> AreaKey { scene: 3, anchor: (160, 112) }
scene 1 -> 3 at frame 4234 position (1088, 1232)
target scene=3 area=(160, 112) event=48 script=60 mode=4 state=1 player=(1248, 1344) pos=(1168, 1368) path=7
learned targeted exit AreaKey { scene: 3, anchor: (160, 112) } event=48 -> AreaKey { scene: 3, anchor: (1216, 1408) }
marked destination touch VisitKey { scene: 3, area: (1216, 1408), event_id: 48, trigger_script: 60, trigger_mode: 4, state: 1 }
learned exit AreaKey { scene: 3, anchor: (160, 112) } event=48 -> AreaKey { scene: 3, anchor: (1216, 1408) }
area teleport in scene 3 at frame 4258: (1168, 1368) -> (1248, 1456)
target scene=3 area=(1216, 1408) event=47 script=33 mode=4 state=1 player=(1248, 1456) pos=(1248, 1456) path=0
learned targeted exit AreaKey { scene: 3, anchor: (1216, 1408) } event=47 -> AreaKey { scene: 3, anchor: (1152, 1344) }
marked destination touch VisitKey { scene: 3, area: (1152, 1344), event_id: 47, trigger_script: 33, trigger_mode: 4, state: 1 }
learned exit AreaKey { scene: 3, anchor: (1216, 1408) } event=47 -> AreaKey { scene: 3, anchor: (1152, 1344) }
area teleport in scene 3 at frame 4271: (1248, 1456) -> (1152, 1360)
target scene=3 area=(1152, 1344) event=48 script=60 mode=4 state=1 player=(1152, 1360) pos=(1168, 1368) path=1
learned targeted exit AreaKey { scene: 3, anchor: (1152, 1344) } event=48 -> AreaKey { scene: 3, anchor: (1216, 1408) }
marked destination touch VisitKey { scene: 3, area: (1216, 1408), event_id: 48, trigger_script: 60, trigger_mode: 4, state: 1 }
learned exit AreaKey { scene: 3, anchor: (1152, 1344) } event=48 -> AreaKey { scene: 3, anchor: (1216, 1408) }
area teleport in scene 3 at frame 4289: (1168, 1368) -> (1248, 1456)
target scene=3 area=(1216, 1408) event=47 script=33 mode=4 state=1 player=(1248, 1456) pos=(1248, 1456) path=0
learned targeted exit AreaKey { scene: 3, anchor: (1216, 1408) } event=47 -> AreaKey { scene: 3, anchor: (1152, 1344) }
marked destination touch VisitKey { scene: 3, area: (1152, 1344), event_id: 47, trigger_script: 33, trigger_mode: 4, state: 1 }
learned exit AreaKey { scene: 3, anchor: (1216, 1408) } event=47 -> AreaKey { scene: 3, anchor: (1152, 1344) }
area teleport in scene 3 at frame 4302: (1248, 1456) -> (1152, 1360)
target scene=3 area=(1152, 1344) event=53 script=4639 mode=5 state=1 player=(1152, 1360) pos=(1296, 1320) path=8
learned targeted exit AreaKey { scene: 3, anchor: (1152, 1344) } event=53 -> AreaKey { scene: 1, anchor: (400, 344) }
learned exit AreaKey { scene: 3, anchor: (1152, 1344) } event=53 -> AreaKey { scene: 1, anchor: (400, 344) }
scene 3 -> 1 at frame 4310 position (304, 264)
target scene=1 area=(400, 344) event=18 script=4643 mode=5 state=1 player=(464, 376) pos=(416, 400) path=2
learned targeted exit AreaKey { scene: 1, anchor: (400, 344) } event=18 -> AreaKey { scene: 3, anchor: (160, 112) }
learned exit AreaKey { scene: 1, anchor: (400, 344) } event=18 -> AreaKey { scene: 3, anchor: (160, 112) }
scene 1 -> 3 at frame 4312 position (1088, 1232)
target scene=3 area=(160, 112) event=52 script=4631 mode=5 state=1 player=(1248, 1344) pos=(1456, 1400) path=12
learned targeted exit AreaKey { scene: 3, anchor: (160, 112) } event=52 -> AreaKey { scene: 1, anchor: (1184, 1056) }
learned exit AreaKey { scene: 3, anchor: (160, 112) } event=52 -> AreaKey { scene: 1, anchor: (1184, 1056) }
scene 3 -> 1 at frame 4324 position (1088, 992)
target scene=1 area=(1184, 1056) event=13 script=4635 mode=5 state=1 player=(1248, 1104) pos=(1200, 1128) path=2
learned targeted exit AreaKey { scene: 1, anchor: (1184, 1056) } event=13 -> AreaKey { scene: 3, anchor: (160, 112) }
learned exit AreaKey { scene: 1, anchor: (1184, 1056) } event=13 -> AreaKey { scene: 3, anchor: (160, 112) }
scene 1 -> 3 at frame 4326 position (1248, 1312)
target scene=3 area=(160, 112) event=51 script=4471 mode=5 state=1 player=(1408, 1424) pos=(1616, 1480) path=12
learned targeted exit AreaKey { scene: 3, anchor: (160, 112) } event=51 -> AreaKey { scene: 1, anchor: (1152, 320) }
learned exit AreaKey { scene: 3, anchor: (160, 112) } event=51 -> AreaKey { scene: 1, anchor: (1152, 320) }
scene 3 -> 1 at frame 4338 position (1040, 248)
target scene=1 area=(1152, 320) event=4 script=4475 mode=5 state=1 player=(1200, 360) pos=(1152, 384) path=2
learned targeted exit AreaKey { scene: 1, anchor: (1152, 320) } event=4 -> AreaKey { scene: 3, anchor: (160, 112) }
learned exit AreaKey { scene: 1, anchor: (1152, 320) } event=4 -> AreaKey { scene: 3, anchor: (160, 112) }
scene 1 -> 3 at frame 4340 position (1408, 1392)
target scene=3 area=(160, 112) event=51 script=4471 mode=5 state=1 player=(1568, 1504) pos=(1616, 1480) path=2
learned targeted exit AreaKey { scene: 3, anchor: (160, 112) } event=51 -> AreaKey { scene: 1, anchor: (1152, 320) }
learned exit AreaKey { scene: 3, anchor: (160, 112) } event=51 -> AreaKey { scene: 1, anchor: (1152, 320) }
scene 3 -> 1 at frame 4342 position (1040, 248)
target scene=1 area=(1152, 320) event=4 script=4475 mode=5 state=1 player=(1200, 360) pos=(1152, 384) path=2
learned targeted exit AreaKey { scene: 1, anchor: (1152, 320) } event=4 -> AreaKey { scene: 3, anchor: (160, 112) }
learned exit AreaKey { scene: 1, anchor: (1152, 320) } event=4 -> AreaKey { scene: 3, anchor: (160, 112) }
scene 1 -> 3 at frame 4344 position (1408, 1392)
target scene=3 area=(160, 112) event=52 script=4631 mode=5 state=1 player=(1568, 1504) pos=(1456, 1400) path=11
learned targeted exit AreaKey { scene: 3, anchor: (160, 112) } event=52 -> AreaKey { scene: 1, anchor: (1184, 1056) }
learned exit AreaKey { scene: 3, anchor: (160, 112) } event=52 -> AreaKey { scene: 1, anchor: (1184, 1056) }
scene 3 -> 1 at frame 4355 position (1088, 992)
target scene=1 area=(1184, 1056) event=13 script=4635 mode=5 state=1 player=(1248, 1104) pos=(1200, 1128) path=2
learned targeted exit AreaKey { scene: 1, anchor: (1184, 1056) } event=13 -> AreaKey { scene: 3, anchor: (160, 112) }
learned exit AreaKey { scene: 1, anchor: (1184, 1056) } event=13 -> AreaKey { scene: 3, anchor: (160, 112) }
scene 1 -> 3 at frame 4357 position (1248, 1312)
target scene=3 area=(160, 112) event=53 script=4639 mode=5 state=1 player=(1408, 1424) pos=(1296, 1320) path=11
learned targeted exit AreaKey { scene: 3, anchor: (160, 112) } event=53 -> AreaKey { scene: 1, anchor: (400, 344) }
learned exit AreaKey { scene: 3, anchor: (160, 112) } event=53 -> AreaKey { scene: 1, anchor: (400, 344) }
scene 3 -> 1 at frame 4368 position (304, 264)
target scene=1 area=(400, 344) event=18 script=4643 mode=5 state=1 player=(464, 376) pos=(416, 400) path=2
learned targeted exit AreaKey { scene: 1, anchor: (400, 344) } event=18 -> AreaKey { scene: 3, anchor: (160, 112) }
learned exit AreaKey { scene: 1, anchor: (400, 344) } event=18 -> AreaKey { scene: 3, anchor: (160, 112) }
scene 1 -> 3 at frame 4370 position (1088, 1232)
target scene=3 area=(160, 112) event=48 script=60 mode=4 state=1 player=(1248, 1344) pos=(1168, 1368) path=7
learned targeted exit AreaKey { scene: 3, anchor: (160, 112) } event=48 -> AreaKey { scene: 3, anchor: (1216, 1408) }
marked destination touch VisitKey { scene: 3, area: (1216, 1408), event_id: 48, trigger_script: 60, trigger_mode: 4, state: 1 }
learned exit AreaKey { scene: 3, anchor: (160, 112) } event=48 -> AreaKey { scene: 3, anchor: (1216, 1408) }
area teleport in scene 3 at frame 4394: (1168, 1368) -> (1248, 1456)
target scene=3 area=(1216, 1408) event=47 script=33 mode=4 state=1 player=(1248, 1456) pos=(1248, 1456) path=0
learned targeted exit AreaKey { scene: 3, anchor: (1216, 1408) } event=47 -> AreaKey { scene: 3, anchor: (1152, 1344) }
marked destination touch VisitKey { scene: 3, area: (1152, 1344), event_id: 47, trigger_script: 33, trigger_mode: 4, state: 1 }
learned exit AreaKey { scene: 3, anchor: (1216, 1408) } event=47 -> AreaKey { scene: 3, anchor: (1152, 1344) }
area teleport in scene 3 at frame 4407: (1248, 1456) -> (1152, 1360)
target scene=3 area=(1152, 1344) event=48 script=60 mode=4 state=1 player=(1152, 1360) pos=(1168, 1368) path=1
learned targeted exit AreaKey { scene: 3, anchor: (1152, 1344) } event=48 -> AreaKey { scene: 3, anchor: (1216, 1408) }
marked destination touch VisitKey { scene: 3, area: (1216, 1408), event_id: 48, trigger_script: 60, trigger_mode: 4, state: 1 }
learned exit AreaKey { scene: 3, anchor: (1152, 1344) } event=48 -> AreaKey { scene: 3, anchor: (1216, 1408) }
area teleport in scene 3 at frame 4425: (1168, 1368) -> (1248, 1456)
target scene=3 area=(1216, 1408) event=47 script=33 mode=4 state=1 player=(1248, 1456) pos=(1248, 1456) path=0
learned targeted exit AreaKey { scene: 3, anchor: (1216, 1408) } event=47 -> AreaKey { scene: 3, anchor: (1152, 1344) }
marked destination touch VisitKey { scene: 3, area: (1152, 1344), event_id: 47, trigger_script: 33, trigger_mode: 4, state: 1 }
learned exit AreaKey { scene: 3, anchor: (1216, 1408) } event=47 -> AreaKey { scene: 3, anchor: (1152, 1344) }
area teleport in scene 3 at frame 4438: (1248, 1456) -> (1152, 1360)
target scene=3 area=(1152, 1344) event=53 script=4639 mode=5 state=1 player=(1152, 1360) pos=(1296, 1320) path=8
learned targeted exit AreaKey { scene: 3, anchor: (1152, 1344) } event=53 -> AreaKey { scene: 1, anchor: (400, 344) }
learned exit AreaKey { scene: 3, anchor: (1152, 1344) } event=53 -> AreaKey { scene: 1, anchor: (400, 344) }
scene 3 -> 1 at frame 4446 position (304, 264)
target scene=1 area=(400, 344) event=18 script=4643 mode=5 state=1 player=(464, 376) pos=(416, 400) path=2
learned targeted exit AreaKey { scene: 1, anchor: (400, 344) } event=18 -> AreaKey { scene: 3, anchor: (160, 112) }
learned exit AreaKey { scene: 1, anchor: (400, 344) } event=18 -> AreaKey { scene: 3, anchor: (160, 112) }
scene 1 -> 3 at frame 4448 position (1088, 1232)
target scene=3 area=(160, 112) event=52 script=4631 mode=5 state=1 player=(1248, 1344) pos=(1456, 1400) path=12
learned targeted exit AreaKey { scene: 3, anchor: (160, 112) } event=52 -> AreaKey { scene: 1, anchor: (1184, 1056) }
learned exit AreaKey { scene: 3, anchor: (160, 112) } event=52 -> AreaKey { scene: 1, anchor: (1184, 1056) }
scene 3 -> 1 at frame 4460 position (1088, 992)
target scene=1 area=(1184, 1056) event=13 script=4635 mode=5 state=1 player=(1248, 1104) pos=(1200, 1128) path=2
learned targeted exit AreaKey { scene: 1, anchor: (1184, 1056) } event=13 -> AreaKey { scene: 3, anchor: (160, 112) }
learned exit AreaKey { scene: 1, anchor: (1184, 1056) } event=13 -> AreaKey { scene: 3, anchor: (160, 112) }
scene 1 -> 3 at frame 4462 position (1248, 1312)
target scene=3 area=(160, 112) event=51 script=4471 mode=5 state=1 player=(1408, 1424) pos=(1616, 1480) path=12
learned targeted exit AreaKey { scene: 3, anchor: (160, 112) } event=51 -> AreaKey { scene: 1, anchor: (1152, 320) }
learned exit AreaKey { scene: 3, anchor: (160, 112) } event=51 -> AreaKey { scene: 1, anchor: (1152, 320) }
scene 3 -> 1 at frame 4474 position (1040, 248)
target scene=1 area=(1152, 320) event=4 script=4475 mode=5 state=1 player=(1200, 360) pos=(1152, 384) path=2
learned targeted exit AreaKey { scene: 1, anchor: (1152, 320) } event=4 -> AreaKey { scene: 3, anchor: (160, 112) }
learned exit AreaKey { scene: 1, anchor: (1152, 320) } event=4 -> AreaKey { scene: 3, anchor: (160, 112) }
scene 1 -> 3 at frame 4476 position (1408, 1392)
target scene=3 area=(160, 112) event=51 script=4471 mode=5 state=1 player=(1568, 1504) pos=(1616, 1480) path=2
learned targeted exit AreaKey { scene: 3, anchor: (160, 112) } event=51 -> AreaKey { scene: 1, anchor: (1152, 320) }
learned exit AreaKey { scene: 3, anchor: (160, 112) } event=51 -> AreaKey { scene: 1, anchor: (1152, 320) }
scene 3 -> 1 at frame 4478 position (1040, 248)
target scene=1 area=(1152, 320) event=4 script=4475 mode=5 state=1 player=(1200, 360) pos=(1152, 384) path=2
learned targeted exit AreaKey { scene: 1, anchor: (1152, 320) } event=4 -> AreaKey { scene: 3, anchor: (160, 112) }
learned exit AreaKey { scene: 1, anchor: (1152, 320) } event=4 -> AreaKey { scene: 3, anchor: (160, 112) }
scene 1 -> 3 at frame 4480 position (1408, 1392)
target scene=3 area=(160, 112) event=52 script=4631 mode=5 state=1 player=(1568, 1504) pos=(1456, 1400) path=11
learned targeted exit AreaKey { scene: 3, anchor: (160, 112) } event=52 -> AreaKey { scene: 1, anchor: (1184, 1056) }
learned exit AreaKey { scene: 3, anchor: (160, 112) } event=52 -> AreaKey { scene: 1, anchor: (1184, 1056) }
scene 3 -> 1 at frame 4491 position (1088, 992)
target scene=1 area=(1184, 1056) event=13 script=4635 mode=5 state=1 player=(1248, 1104) pos=(1200, 1128) path=2
learned targeted exit AreaKey { scene: 1, anchor: (1184, 1056) } event=13 -> AreaKey { scene: 3, anchor: (160, 112) }
learned exit AreaKey { scene: 1, anchor: (1184, 1056) } event=13 -> AreaKey { scene: 3, anchor: (160, 112) }
scene 1 -> 3 at frame 4493 position (1248, 1312)
target scene=3 area=(160, 112) event=53 script=4639 mode=5 state=1 player=(1408, 1424) pos=(1296, 1320) path=11
learned targeted exit AreaKey { scene: 3, anchor: (160, 112) } event=53 -> AreaKey { scene: 1, anchor: (400, 344) }
learned exit AreaKey { scene: 3, anchor: (160, 112) } event=53 -> AreaKey { scene: 1, anchor: (400, 344) }
scene 3 -> 1 at frame 4504 position (304, 264)
target scene=1 area=(400, 344) event=18 script=4643 mode=5 state=1 player=(464, 376) pos=(416, 400) path=2
learned targeted exit AreaKey { scene: 1, anchor: (400, 344) } event=18 -> AreaKey { scene: 3, anchor: (160, 112) }
learned exit AreaKey { scene: 1, anchor: (400, 344) } event=18 -> AreaKey { scene: 3, anchor: (160, 112) }
scene 1 -> 3 at frame 4506 position (1088, 1232)
target scene=3 area=(160, 112) event=48 script=60 mode=4 state=1 player=(1248, 1344) pos=(1168, 1368) path=7
learned targeted exit AreaKey { scene: 3, anchor: (160, 112) } event=48 -> AreaKey { scene: 3, anchor: (1216, 1408) }
marked destination touch VisitKey { scene: 3, area: (1216, 1408), event_id: 48, trigger_script: 60, trigger_mode: 4, state: 1 }
learned exit AreaKey { scene: 3, anchor: (160, 112) } event=48 -> AreaKey { scene: 3, anchor: (1216, 1408) }
area teleport in scene 3 at frame 4530: (1168, 1368) -> (1248, 1456)
target scene=3 area=(1216, 1408) event=47 script=33 mode=4 state=1 player=(1248, 1456) pos=(1248, 1456) path=0
learned targeted exit AreaKey { scene: 3, anchor: (1216, 1408) } event=47 -> AreaKey { scene: 3, anchor: (1152, 1344) }
marked destination touch VisitKey { scene: 3, area: (1152, 1344), event_id: 47, trigger_script: 33, trigger_mode: 4, state: 1 }
learned exit AreaKey { scene: 3, anchor: (1216, 1408) } event=47 -> AreaKey { scene: 3, anchor: (1152, 1344) }
area teleport in scene 3 at frame 4543: (1248, 1456) -> (1152, 1360)
target scene=3 area=(1152, 1344) event=48 script=60 mode=4 state=1 player=(1152, 1360) pos=(1168, 1368) path=1
learned targeted exit AreaKey { scene: 3, anchor: (1152, 1344) } event=48 -> AreaKey { scene: 3, anchor: (1216, 1408) }
marked destination touch VisitKey { scene: 3, area: (1216, 1408), event_id: 48, trigger_script: 60, trigger_mode: 4, state: 1 }
learned exit AreaKey { scene: 3, anchor: (1152, 1344) } event=48 -> AreaKey { scene: 3, anchor: (1216, 1408) }
area teleport in scene 3 at frame 4561: (1168, 1368) -> (1248, 1456)
target scene=3 area=(1216, 1408) event=47 script=33 mode=4 state=1 player=(1248, 1456) pos=(1248, 1456) path=0
learned targeted exit AreaKey { scene: 3, anchor: (1216, 1408) } event=47 -> AreaKey { scene: 3, anchor: (1152, 1344) }
marked destination touch VisitKey { scene: 3, area: (1152, 1344), event_id: 47, trigger_script: 33, trigger_mode: 4, state: 1 }
learned exit AreaKey { scene: 3, anchor: (1216, 1408) } event=47 -> AreaKey { scene: 3, anchor: (1152, 1344) }
area teleport in scene 3 at frame 4574: (1248, 1456) -> (1152, 1360)
target scene=3 area=(1152, 1344) event=53 script=4639 mode=5 state=1 player=(1152, 1360) pos=(1296, 1320) path=8
learned targeted exit AreaKey { scene: 3, anchor: (1152, 1344) } event=53 -> AreaKey { scene: 1, anchor: (400, 344) }
learned exit AreaKey { scene: 3, anchor: (1152, 1344) } event=53 -> AreaKey { scene: 1, anchor: (400, 344) }
scene 3 -> 1 at frame 4582 position (304, 264)
target scene=1 area=(400, 344) event=18 script=4643 mode=5 state=1 player=(464, 376) pos=(416, 400) path=2
learned targeted exit AreaKey { scene: 1, anchor: (400, 344) } event=18 -> AreaKey { scene: 3, anchor: (160, 112) }
learned exit AreaKey { scene: 1, anchor: (400, 344) } event=18 -> AreaKey { scene: 3, anchor: (160, 112) }
scene 1 -> 3 at frame 4584 position (1088, 1232)
target scene=3 area=(160, 112) event=52 script=4631 mode=5 state=1 player=(1248, 1344) pos=(1456, 1400) path=12
learned targeted exit AreaKey { scene: 3, anchor: (160, 112) } event=52 -> AreaKey { scene: 1, anchor: (1184, 1056) }
learned exit AreaKey { scene: 3, anchor: (160, 112) } event=52 -> AreaKey { scene: 1, anchor: (1184, 1056) }
scene 3 -> 1 at frame 4596 position (1088, 992)
target scene=1 area=(1184, 1056) event=13 script=4635 mode=5 state=1 player=(1248, 1104) pos=(1200, 1128) path=2
learned targeted exit AreaKey { scene: 1, anchor: (1184, 1056) } event=13 -> AreaKey { scene: 3, anchor: (160, 112) }
learned exit AreaKey { scene: 1, anchor: (1184, 1056) } event=13 -> AreaKey { scene: 3, anchor: (160, 112) }
scene 1 -> 3 at frame 4598 position (1248, 1312)
target scene=3 area=(160, 112) event=51 script=4471 mode=5 state=1 player=(1408, 1424) pos=(1616, 1480) path=12
learned targeted exit AreaKey { scene: 3, anchor: (160, 112) } event=51 -> AreaKey { scene: 1, anchor: (1152, 320) }
learned exit AreaKey { scene: 3, anchor: (160, 112) } event=51 -> AreaKey { scene: 1, anchor: (1152, 320) }
scene 3 -> 1 at frame 4610 position (1040, 248)
target scene=1 area=(1152, 320) event=4 script=4475 mode=5 state=1 player=(1200, 360) pos=(1152, 384) path=2
learned targeted exit AreaKey { scene: 1, anchor: (1152, 320) } event=4 -> AreaKey { scene: 3, anchor: (160, 112) }
learned exit AreaKey { scene: 1, anchor: (1152, 320) } event=4 -> AreaKey { scene: 3, anchor: (160, 112) }
scene 1 -> 3 at frame 4612 position (1408, 1392)
target scene=3 area=(160, 112) event=51 script=4471 mode=5 state=1 player=(1568, 1504) pos=(1616, 1480) path=2
learned targeted exit AreaKey { scene: 3, anchor: (160, 112) } event=51 -> AreaKey { scene: 1, anchor: (1152, 320) }
learned exit AreaKey { scene: 3, anchor: (160, 112) } event=51 -> AreaKey { scene: 1, anchor: (1152, 320) }
scene 3 -> 1 at frame 4614 position (1040, 248)
target scene=1 area=(1152, 320) event=4 script=4475 mode=5 state=1 player=(1200, 360) pos=(1152, 384) path=2
learned targeted exit AreaKey { scene: 1, anchor: (1152, 320) } event=4 -> AreaKey { scene: 3, anchor: (160, 112) }
learned exit AreaKey { scene: 1, anchor: (1152, 320) } event=4 -> AreaKey { scene: 3, anchor: (160, 112) }
scene 1 -> 3 at frame 4616 position (1408, 1392)
target scene=3 area=(160, 112) event=52 script=4631 mode=5 state=1 player=(1568, 1504) pos=(1456, 1400) path=11
learned targeted exit AreaKey { scene: 3, anchor: (160, 112) } event=52 -> AreaKey { scene: 1, anchor: (1184, 1056) }
learned exit AreaKey { scene: 3, anchor: (160, 112) } event=52 -> AreaKey { scene: 1, anchor: (1184, 1056) }
scene 3 -> 1 at frame 4627 position (1088, 992)
target scene=1 area=(1184, 1056) event=13 script=4635 mode=5 state=1 player=(1248, 1104) pos=(1200, 1128) path=2
learned targeted exit AreaKey { scene: 1, anchor: (1184, 1056) } event=13 -> AreaKey { scene: 3, anchor: (160, 112) }
learned exit AreaKey { scene: 1, anchor: (1184, 1056) } event=13 -> AreaKey { scene: 3, anchor: (160, 112) }
scene 1 -> 3 at frame 4629 position (1248, 1312)
target scene=3 area=(160, 112) event=53 script=4639 mode=5 state=1 player=(1408, 1424) pos=(1296, 1320) path=11
learned targeted exit AreaKey { scene: 3, anchor: (160, 112) } event=53 -> AreaKey { scene: 1, anchor: (400, 344) }
learned exit AreaKey { scene: 3, anchor: (160, 112) } event=53 -> AreaKey { scene: 1, anchor: (400, 344) }
scene 3 -> 1 at frame 4640 position (304, 264)
target scene=1 area=(400, 344) event=18 script=4643 mode=5 state=1 player=(464, 376) pos=(416, 400) path=2
learned targeted exit AreaKey { scene: 1, anchor: (400, 344) } event=18 -> AreaKey { scene: 3, anchor: (160, 112) }
learned exit AreaKey { scene: 1, anchor: (400, 344) } event=18 -> AreaKey { scene: 3, anchor: (160, 112) }
scene 1 -> 3 at frame 4642 position (1088, 1232)
target scene=3 area=(160, 112) event=48 script=60 mode=4 state=1 player=(1248, 1344) pos=(1168, 1368) path=7
learned targeted exit AreaKey { scene: 3, anchor: (160, 112) } event=48 -> AreaKey { scene: 3, anchor: (1216, 1408) }
marked destination touch VisitKey { scene: 3, area: (1216, 1408), event_id: 48, trigger_script: 60, trigger_mode: 4, state: 1 }
learned exit AreaKey { scene: 3, anchor: (160, 112) } event=48 -> AreaKey { scene: 3, anchor: (1216, 1408) }
area teleport in scene 3 at frame 4666: (1168, 1368) -> (1248, 1456)
target scene=3 area=(1216, 1408) event=47 script=33 mode=4 state=1 player=(1248, 1456) pos=(1248, 1456) path=0
learned targeted exit AreaKey { scene: 3, anchor: (1216, 1408) } event=47 -> AreaKey { scene: 3, anchor: (1152, 1344) }
marked destination touch VisitKey { scene: 3, area: (1152, 1344), event_id: 47, trigger_script: 33, trigger_mode: 4, state: 1 }
learned exit AreaKey { scene: 3, anchor: (1216, 1408) } event=47 -> AreaKey { scene: 3, anchor: (1152, 1344) }
area teleport in scene 3 at frame 4679: (1248, 1456) -> (1152, 1360)
target scene=3 area=(1152, 1344) event=48 script=60 mode=4 state=1 player=(1152, 1360) pos=(1168, 1368) path=1
learned targeted exit AreaKey { scene: 3, anchor: (1152, 1344) } event=48 -> AreaKey { scene: 3, anchor: (1216, 1408) }
marked destination touch VisitKey { scene: 3, area: (1216, 1408), event_id: 48, trigger_script: 60, trigger_mode: 4, state: 1 }
learned exit AreaKey { scene: 3, anchor: (1152, 1344) } event=48 -> AreaKey { scene: 3, anchor: (1216, 1408) }
area teleport in scene 3 at frame 4697: (1168, 1368) -> (1248, 1456)
target scene=3 area=(1216, 1408) event=47 script=33 mode=4 state=1 player=(1248, 1456) pos=(1248, 1456) path=0
learned targeted exit AreaKey { scene: 3, anchor: (1216, 1408) } event=47 -> AreaKey { scene: 3, anchor: (1152, 1344) }
marked destination touch VisitKey { scene: 3, area: (1152, 1344), event_id: 47, trigger_script: 33, trigger_mode: 4, state: 1 }
learned exit AreaKey { scene: 3, anchor: (1216, 1408) } event=47 -> AreaKey { scene: 3, anchor: (1152, 1344) }
area teleport in scene 3 at frame 4710: (1248, 1456) -> (1152, 1360)
target scene=3 area=(1152, 1344) event=53 script=4639 mode=5 state=1 player=(1152, 1360) pos=(1296, 1320) path=8
learned targeted exit AreaKey { scene: 3, anchor: (1152, 1344) } event=53 -> AreaKey { scene: 1, anchor: (400, 344) }
learned exit AreaKey { scene: 3, anchor: (1152, 1344) } event=53 -> AreaKey { scene: 1, anchor: (400, 344) }
scene 3 -> 1 at frame 4718 position (304, 264)
target scene=1 area=(400, 344) event=18 script=4643 mode=5 state=1 player=(464, 376) pos=(416, 400) path=2
learned targeted exit AreaKey { scene: 1, anchor: (400, 344) } event=18 -> AreaKey { scene: 3, anchor: (160, 112) }
learned exit AreaKey { scene: 1, anchor: (400, 344) } event=18 -> AreaKey { scene: 3, anchor: (160, 112) }
scene 1 -> 3 at frame 4720 position (1088, 1232)
target scene=3 area=(160, 112) event=52 script=4631 mode=5 state=1 player=(1248, 1344) pos=(1456, 1400) path=12
learned targeted exit AreaKey { scene: 3, anchor: (160, 112) } event=52 -> AreaKey { scene: 1, anchor: (1184, 1056) }
learned exit AreaKey { scene: 3, anchor: (160, 112) } event=52 -> AreaKey { scene: 1, anchor: (1184, 1056) }
scene 3 -> 1 at frame 4732 position (1088, 992)
target scene=1 area=(1184, 1056) event=13 script=4635 mode=5 state=1 player=(1248, 1104) pos=(1200, 1128) path=2
learned targeted exit AreaKey { scene: 1, anchor: (1184, 1056) } event=13 -> AreaKey { scene: 3, anchor: (160, 112) }
learned exit AreaKey { scene: 1, anchor: (1184, 1056) } event=13 -> AreaKey { scene: 3, anchor: (160, 112) }
scene 1 -> 3 at frame 4734 position (1248, 1312)
target scene=3 area=(160, 112) event=51 script=4471 mode=5 state=1 player=(1408, 1424) pos=(1616, 1480) path=12
learned targeted exit AreaKey { scene: 3, anchor: (160, 112) } event=51 -> AreaKey { scene: 1, anchor: (1152, 320) }
learned exit AreaKey { scene: 3, anchor: (160, 112) } event=51 -> AreaKey { scene: 1, anchor: (1152, 320) }
scene 3 -> 1 at frame 4746 position (1040, 248)
target scene=1 area=(1152, 320) event=4 script=4475 mode=5 state=1 player=(1200, 360) pos=(1152, 384) path=2
learned targeted exit AreaKey { scene: 1, anchor: (1152, 320) } event=4 -> AreaKey { scene: 3, anchor: (160, 112) }
learned exit AreaKey { scene: 1, anchor: (1152, 320) } event=4 -> AreaKey { scene: 3, anchor: (160, 112) }
scene 1 -> 3 at frame 4748 position (1408, 1392)
target scene=3 area=(160, 112) event=51 script=4471 mode=5 state=1 player=(1568, 1504) pos=(1616, 1480) path=2
learned targeted exit AreaKey { scene: 3, anchor: (160, 112) } event=51 -> AreaKey { scene: 1, anchor: (1152, 320) }
learned exit AreaKey { scene: 3, anchor: (160, 112) } event=51 -> AreaKey { scene: 1, anchor: (1152, 320) }
scene 3 -> 1 at frame 4750 position (1040, 248)
target scene=1 area=(1152, 320) event=4 script=4475 mode=5 state=1 player=(1200, 360) pos=(1152, 384) path=2
learned targeted exit AreaKey { scene: 1, anchor: (1152, 320) } event=4 -> AreaKey { scene: 3, anchor: (160, 112) }
learned exit AreaKey { scene: 1, anchor: (1152, 320) } event=4 -> AreaKey { scene: 3, anchor: (160, 112) }
scene 1 -> 3 at frame 4752 position (1408, 1392)
target scene=3 area=(160, 112) event=52 script=4631 mode=5 state=1 player=(1568, 1504) pos=(1456, 1400) path=11
learned targeted exit AreaKey { scene: 3, anchor: (160, 112) } event=52 -> AreaKey { scene: 1, anchor: (1184, 1056) }
learned exit AreaKey { scene: 3, anchor: (160, 112) } event=52 -> AreaKey { scene: 1, anchor: (1184, 1056) }
scene 3 -> 1 at frame 4763 position (1088, 992)
target scene=1 area=(1184, 1056) event=13 script=4635 mode=5 state=1 player=(1248, 1104) pos=(1200, 1128) path=2
learned targeted exit AreaKey { scene: 1, anchor: (1184, 1056) } event=13 -> AreaKey { scene: 3, anchor: (160, 112) }
learned exit AreaKey { scene: 1, anchor: (1184, 1056) } event=13 -> AreaKey { scene: 3, anchor: (160, 112) }
scene 1 -> 3 at frame 4765 position (1248, 1312)
target scene=3 area=(160, 112) event=53 script=4639 mode=5 state=1 player=(1408, 1424) pos=(1296, 1320) path=11
learned targeted exit AreaKey { scene: 3, anchor: (160, 112) } event=53 -> AreaKey { scene: 1, anchor: (400, 344) }
learned exit AreaKey { scene: 3, anchor: (160, 112) } event=53 -> AreaKey { scene: 1, anchor: (400, 344) }
scene 3 -> 1 at frame 4776 position (304, 264)
target scene=1 area=(400, 344) event=18 script=4643 mode=5 state=1 player=(464, 376) pos=(416, 400) path=2
learned targeted exit AreaKey { scene: 1, anchor: (400, 344) } event=18 -> AreaKey { scene: 3, anchor: (160, 112) }
learned exit AreaKey { scene: 1, anchor: (400, 344) } event=18 -> AreaKey { scene: 3, anchor: (160, 112) }
scene 1 -> 3 at frame 4778 position (1088, 1232)
target scene=3 area=(160, 112) event=48 script=60 mode=4 state=1 player=(1248, 1344) pos=(1168, 1368) path=7
learned targeted exit AreaKey { scene: 3, anchor: (160, 112) } event=48 -> AreaKey { scene: 3, anchor: (1216, 1408) }
marked destination touch VisitKey { scene: 3, area: (1216, 1408), event_id: 48, trigger_script: 60, trigger_mode: 4, state: 1 }
learned exit AreaKey { scene: 3, anchor: (160, 112) } event=48 -> AreaKey { scene: 3, anchor: (1216, 1408) }
area teleport in scene 3 at frame 4802: (1168, 1368) -> (1248, 1456)
target scene=3 area=(1216, 1408) event=47 script=33 mode=4 state=1 player=(1248, 1456) pos=(1248, 1456) path=0
learned targeted exit AreaKey { scene: 3, anchor: (1216, 1408) } event=47 -> AreaKey { scene: 3, anchor: (1152, 1344) }
marked destination touch VisitKey { scene: 3, area: (1152, 1344), event_id: 47, trigger_script: 33, trigger_mode: 4, state: 1 }
learned exit AreaKey { scene: 3, anchor: (1216, 1408) } event=47 -> AreaKey { scene: 3, anchor: (1152, 1344) }
area teleport in scene 3 at frame 4815: (1248, 1456) -> (1152, 1360)
target scene=3 area=(1152, 1344) event=48 script=60 mode=4 state=1 player=(1152, 1360) pos=(1168, 1368) path=1
learned targeted exit AreaKey { scene: 3, anchor: (1152, 1344) } event=48 -> AreaKey { scene: 3, anchor: (1216, 1408) }
marked destination touch VisitKey { scene: 3, area: (1216, 1408), event_id: 48, trigger_script: 60, trigger_mode: 4, state: 1 }
learned exit AreaKey { scene: 3, anchor: (1152, 1344) } event=48 -> AreaKey { scene: 3, anchor: (1216, 1408) }
area teleport in scene 3 at frame 4833: (1168, 1368) -> (1248, 1456)
target scene=3 area=(1216, 1408) event=47 script=33 mode=4 state=1 player=(1248, 1456) pos=(1248, 1456) path=0
learned targeted exit AreaKey { scene: 3, anchor: (1216, 1408) } event=47 -> AreaKey { scene: 3, anchor: (1152, 1344) }
marked destination touch VisitKey { scene: 3, area: (1152, 1344), event_id: 47, trigger_script: 33, trigger_mode: 4, state: 1 }
learned exit AreaKey { scene: 3, anchor: (1216, 1408) } event=47 -> AreaKey { scene: 3, anchor: (1152, 1344) }
area teleport in scene 3 at frame 4846: (1248, 1456) -> (1152, 1360)
target scene=3 area=(1152, 1344) event=53 script=4639 mode=5 state=1 player=(1152, 1360) pos=(1296, 1320) path=8
learned targeted exit AreaKey { scene: 3, anchor: (1152, 1344) } event=53 -> AreaKey { scene: 1, anchor: (400, 344) }
learned exit AreaKey { scene: 3, anchor: (1152, 1344) } event=53 -> AreaKey { scene: 1, anchor: (400, 344) }
scene 3 -> 1 at frame 4854 position (304, 264)
target scene=1 area=(400, 344) event=18 script=4643 mode=5 state=1 player=(464, 376) pos=(416, 400) path=2
learned targeted exit AreaKey { scene: 1, anchor: (400, 344) } event=18 -> AreaKey { scene: 3, anchor: (160, 112) }
learned exit AreaKey { scene: 1, anchor: (400, 344) } event=18 -> AreaKey { scene: 3, anchor: (160, 112) }
scene 1 -> 3 at frame 4856 position (1088, 1232)
target scene=3 area=(160, 112) event=52 script=4631 mode=5 state=1 player=(1248, 1344) pos=(1456, 1400) path=12
learned targeted exit AreaKey { scene: 3, anchor: (160, 112) } event=52 -> AreaKey { scene: 1, anchor: (1184, 1056) }
learned exit AreaKey { scene: 3, anchor: (160, 112) } event=52 -> AreaKey { scene: 1, anchor: (1184, 1056) }
scene 3 -> 1 at frame 4868 position (1088, 992)
target scene=1 area=(1184, 1056) event=13 script=4635 mode=5 state=1 player=(1248, 1104) pos=(1200, 1128) path=2
learned targeted exit AreaKey { scene: 1, anchor: (1184, 1056) } event=13 -> AreaKey { scene: 3, anchor: (160, 112) }
learned exit AreaKey { scene: 1, anchor: (1184, 1056) } event=13 -> AreaKey { scene: 3, anchor: (160, 112) }
scene 1 -> 3 at frame 4870 position (1248, 1312)
target scene=3 area=(160, 112) event=51 script=4471 mode=5 state=1 player=(1408, 1424) pos=(1616, 1480) path=12
learned targeted exit AreaKey { scene: 3, anchor: (160, 112) } event=51 -> AreaKey { scene: 1, anchor: (1152, 320) }
learned exit AreaKey { scene: 3, anchor: (160, 112) } event=51 -> AreaKey { scene: 1, anchor: (1152, 320) }
scene 3 -> 1 at frame 4882 position (1040, 248)
target scene=1 area=(1152, 320) event=4 script=4475 mode=5 state=1 player=(1200, 360) pos=(1152, 384) path=2
learned targeted exit AreaKey { scene: 1, anchor: (1152, 320) } event=4 -> AreaKey { scene: 3, anchor: (160, 112) }
learned exit AreaKey { scene: 1, anchor: (1152, 320) } event=4 -> AreaKey { scene: 3, anchor: (160, 112) }
scene 1 -> 3 at frame 4884 position (1408, 1392)
target scene=3 area=(160, 112) event=51 script=4471 mode=5 state=1 player=(1568, 1504) pos=(1616, 1480) path=2
learned targeted exit AreaKey { scene: 3, anchor: (160, 112) } event=51 -> AreaKey { scene: 1, anchor: (1152, 320) }
learned exit AreaKey { scene: 3, anchor: (160, 112) } event=51 -> AreaKey { scene: 1, anchor: (1152, 320) }
scene 3 -> 1 at frame 4886 position (1040, 248)
target scene=1 area=(1152, 320) event=4 script=4475 mode=5 state=1 player=(1200, 360) pos=(1152, 384) path=2
learned targeted exit AreaKey { scene: 1, anchor: (1152, 320) } event=4 -> AreaKey { scene: 3, anchor: (160, 112) }
learned exit AreaKey { scene: 1, anchor: (1152, 320) } event=4 -> AreaKey { scene: 3, anchor: (160, 112) }
scene 1 -> 3 at frame 4888 position (1408, 1392)
target scene=3 area=(160, 112) event=52 script=4631 mode=5 state=1 player=(1568, 1504) pos=(1456, 1400) path=11
learned targeted exit AreaKey { scene: 3, anchor: (160, 112) } event=52 -> AreaKey { scene: 1, anchor: (1184, 1056) }
learned exit AreaKey { scene: 3, anchor: (160, 112) } event=52 -> AreaKey { scene: 1, anchor: (1184, 1056) }
scene 3 -> 1 at frame 4899 position (1088, 992)
target scene=1 area=(1184, 1056) event=13 script=4635 mode=5 state=1 player=(1248, 1104) pos=(1200, 1128) path=2
learned targeted exit AreaKey { scene: 1, anchor: (1184, 1056) } event=13 -> AreaKey { scene: 3, anchor: (160, 112) }
learned exit AreaKey { scene: 1, anchor: (1184, 1056) } event=13 -> AreaKey { scene: 3, anchor: (160, 112) }
scene 1 -> 3 at frame 4901 position (1248, 1312)
target scene=3 area=(160, 112) event=53 script=4639 mode=5 state=1 player=(1408, 1424) pos=(1296, 1320) path=11
learned targeted exit AreaKey { scene: 3, anchor: (160, 112) } event=53 -> AreaKey { scene: 1, anchor: (400, 344) }
learned exit AreaKey { scene: 3, anchor: (160, 112) } event=53 -> AreaKey { scene: 1, anchor: (400, 344) }
scene 3 -> 1 at frame 4912 position (304, 264)
target scene=1 area=(400, 344) event=18 script=4643 mode=5 state=1 player=(464, 376) pos=(416, 400) path=2
learned targeted exit AreaKey { scene: 1, anchor: (400, 344) } event=18 -> AreaKey { scene: 3, anchor: (160, 112) }
learned exit AreaKey { scene: 1, anchor: (400, 344) } event=18 -> AreaKey { scene: 3, anchor: (160, 112) }
scene 1 -> 3 at frame 4914 position (1088, 1232)
target scene=3 area=(160, 112) event=48 script=60 mode=4 state=1 player=(1248, 1344) pos=(1168, 1368) path=7
learned targeted exit AreaKey { scene: 3, anchor: (160, 112) } event=48 -> AreaKey { scene: 3, anchor: (1216, 1408) }
marked destination touch VisitKey { scene: 3, area: (1216, 1408), event_id: 48, trigger_script: 60, trigger_mode: 4, state: 1 }
learned exit AreaKey { scene: 3, anchor: (160, 112) } event=48 -> AreaKey { scene: 3, anchor: (1216, 1408) }
area teleport in scene 3 at frame 4938: (1168, 1368) -> (1248, 1456)
target scene=3 area=(1216, 1408) event=47 script=33 mode=4 state=1 player=(1248, 1456) pos=(1248, 1456) path=0
learned targeted exit AreaKey { scene: 3, anchor: (1216, 1408) } event=47 -> AreaKey { scene: 3, anchor: (1152, 1344) }
marked destination touch VisitKey { scene: 3, area: (1152, 1344), event_id: 47, trigger_script: 33, trigger_mode: 4, state: 1 }
learned exit AreaKey { scene: 3, anchor: (1216, 1408) } event=47 -> AreaKey { scene: 3, anchor: (1152, 1344) }
area teleport in scene 3 at frame 4951: (1248, 1456) -> (1152, 1360)
target scene=3 area=(1152, 1344) event=48 script=60 mode=4 state=1 player=(1152, 1360) pos=(1168, 1368) path=1
learned targeted exit AreaKey { scene: 3, anchor: (1152, 1344) } event=48 -> AreaKey { scene: 3, anchor: (1216, 1408) }
marked destination touch VisitKey { scene: 3, area: (1216, 1408), event_id: 48, trigger_script: 60, trigger_mode: 4, state: 1 }
learned exit AreaKey { scene: 3, anchor: (1152, 1344) } event=48 -> AreaKey { scene: 3, anchor: (1216, 1408) }
area teleport in scene 3 at frame 4969: (1168, 1368) -> (1248, 1456)
target scene=3 area=(1216, 1408) event=47 script=33 mode=4 state=1 player=(1248, 1456) pos=(1248, 1456) path=0
