resuming recordings/autoplay-probe-checkpoint.rpg at scene=156 position=(176, 936)
target scene=156 area=(240, 1160) event=2686 script=887 mode=1 state=2 player=(336, 1048) pos=(448, 1072) path=32
target scene=156 area=(240, 1160) event=2685 script=887 mode=1 state=2 player=(464, 1080) pos=(816, 872) path=245
target scene=156 area=(240, 1160) event=2683 script=887 mode=1 state=2 player=(896, 1120) pos=(992, 704) path=213
target scene=156 area=(240, 1160) event=2684 script=887 mode=1 state=2 player=(432, 1000) pos=(704, 688) path=94
target scene=156 area=(240, 1160) event=2687 script=887 mode=1 state=2 player=(320, 1056) pos=(640, 1504) path=165
target scene=156 area=(240, 1160) event=2690 script=887 mode=1 state=2 player=(656, 1512) pos=(1040, 1784) path=591
target scene=156 area=(240, 1160) event=2688 script=887 mode=1 state=2 player=(288, 1552) pos=(1456, 1432) path=328
target scene=156 area=(240, 1160) event=2689 script=887 mode=1 state=2 player=(1472, 1440) pos=(1344, 1744) path=871
target scene=156 area=(240, 1160) event=2682 script=887 mode=1 state=2 player=(336, 1560) pos=(816, 472) path=289
directing unreachable manual event=2681 script=887 mode=1 state=2
target scene=156 area=(240, 1160) event=2681 script=887 mode=1 state=2 player=(640, 1168) pos=(1408, 592) path=0
target scene=156 area=(240, 1160) event=2680 script=887 mode=1 state=2 player=(640, 1168) pos=(1584, 312) path=292
target scene=156 area=(240, 1160) event=2616 script=26846 mode=5 state=1 player=(704, 1136) pos=(592, 1832) path=496
forcing unreached touch target scene=156 event=2616 script=26846 player=(288, 1552) pos=(592, 1832)
running forced event=2616 script=26846 destination=Some(168)
scene 156 -> 168 at frame 3622 position (304, 744)
target scene=168 area=(160, 112) event=2976 script=1323 mode=1 state=2 player=(464, 856) pos=(752, 584) path=47
target scene=168 area=(160, 112) event=2976 script=887 mode=1 state=2 player=(736, 592) pos=(752, 584) path=0
target scene=168 area=(160, 112) event=2978 script=2001 mode=1 state=2 player=(736, 592) pos=(1408, 576) path=153
target scene=168 area=(160, 112) event=2978 script=887 mode=1 state=2 player=(1392, 568) pos=(1408, 576) path=0
target scene=168 area=(160, 112) event=2977 script=1959 mode=1 state=2 player=(1392, 568) pos=(1808, 696) path=131
learned exit AreaKey { scene: 168, anchor: (160, 112) } event=2955 -> AreaKey { scene: 145, anchor: (192, 1040) }
scene 168 -> 145 at frame 3902 position (304, 1048)
target scene=145 area=(192, 1040) event=2475 script=28338 mode=5 state=1 player=(464, 1160) pos=(1536, 432) path=111
learned targeted exit AreaKey { scene: 145, anchor: (192, 1040) } event=2475 -> AreaKey { scene: 169, anchor: (160, 112) }
learned exit AreaKey { scene: 145, anchor: (192, 1040) } event=2475 -> AreaKey { scene: 169, anchor: (160, 112) }
scene 145 -> 169 at frame 4119 position (1392, 312)
scene 169 -> 170 at frame 4119 position (416, 1376)
scene 170 -> 171 at frame 4162 position (928, 1312)
scene 171 -> 169 at frame 4186 position (720, 904)
scene 169 -> 145 at frame 4202 position (992, 1040)
target scene=145 area=(160, 112) event=2473 script=27000 mode=5 state=1 player=(1152, 1152) pos=(512, 1184) path=38
scene 145 -> 153 at frame 4250 position (1536, 304)
scene 153 -> 152 at frame 4480 position (1520, 296)
target scene=152 area=(192, 1040) event=2561 script=29171 mode=2 state=1 player=(1680, 408) pos=(960, 1056) path=104
scene 152 -> 144 at frame 4584 position (784, 920)
directing unreachable manual event=2470 script=29201 mode=2 state=2
target scene=144 area=(160, 112) event=2470 script=29201 mode=2 state=2 player=(944, 1032) pos=(896, 1152) path=0
directing unreachable manual event=2472 script=29207 mode=2 state=2
target scene=144 area=(160, 112) event=2472 script=29207 mode=2 state=2 player=(944, 1032) pos=(1344, 848) path=0
directing unreachable manual event=2466 script=29189 mode=2 state=2
target scene=144 area=(160, 112) event=2466 script=29189 mode=2 state=2 player=(944, 1032) pos=(496, 712) path=0
directing unreachable manual event=2467 script=29192 mode=2 state=2
target scene=144 area=(160, 112) event=2467 script=29192 mode=2 state=2 player=(944, 1032) pos=(496, 1352) path=0
directing unreachable manual event=2468 script=29195 mode=2 state=2
target scene=144 area=(160, 112) event=2468 script=29195 mode=2 state=2 player=(944, 1032) pos=(880, 520) path=0
directing unreachable manual event=2469 script=29198 mode=2 state=2
target scene=144 area=(160, 112) event=2469 script=29198 mode=2 state=2 player=(944, 1032) pos=(1200, 1624) path=0
directing unreachable manual event=2471 script=29204 mode=2 state=2
target scene=144 area=(160, 112) event=2471 script=29204 mode=2 state=2 player=(944, 1032) pos=(1472, 448) path=0
scene 144 -> 149 at frame 4640 position (784, 920)
scene 149 -> 150 at frame 4710 position (672, 928)
scene 150 -> 151 at frame 4757 position (960, 416)
scene 151 -> 172 at frame 4776 position (1472, 1552)
scene 172 -> 174 at frame 4824 position (320, 256)
directing unreachable manual event=3038 script=32557 mode=1 state=1
target scene=174 area=(160, 112) event=3038 script=32557 mode=1 state=1 player=(480, 368) pos=(672, 400) path=0
directing unreachable manual event=3038 script=32561 mode=1 state=1
target scene=174 area=(160, 112) event=3038 script=32561 mode=1 state=1 player=(480, 368) pos=(672, 400) path=0
directing unreachable manual event=3039 script=32562 mode=1 state=1
target scene=174 area=(160, 112) event=3039 script=32562 mode=1 state=1 player=(480, 368) pos=(560, 456) path=0
directing unreachable manual event=3039 script=32566 mode=1 state=1
target scene=174 area=(160, 112) event=3039 script=32566 mode=1 state=1 player=(480, 368) pos=(560, 456) path=0
directing unreachable manual event=3040 script=32567 mode=1 state=1
target scene=174 area=(160, 112) event=3040 script=32567 mode=1 state=1 player=(480, 368) pos=(496, 488) path=0
directing unreachable manual event=3040 script=32571 mode=1 state=1
target scene=174 area=(160, 112) event=3040 script=32571 mode=1 state=1 player=(480, 368) pos=(496, 488) path=0
directing unreachable manual event=3040 script=32575 mode=1 state=1
target scene=174 area=(160, 112) event=3040 script=32575 mode=1 state=1 player=(480, 368) pos=(496, 488) path=0
target scene=174 area=(160, 112) event=3024 script=32420 mode=2 state=1 player=(480, 368) pos=(512, 512) path=21
scene 174 -> 193 at frame 4955 position (352, 384)
scene 193 -> 194 at frame 4996 position (976, 616)
scene 194 -> 195 at frame 5003 position (1280, 336)
scene 195 -> 196 at frame 5057 position (896, 576)
scene 196 -> 197 at frame 5091 position (736, 912)
scene 197 -> 198 at frame 5109 position (352, 368)
scene 198 -> 199 at frame 5148 position (224, 1632)
scene 199 -> 174 at frame 5148 position (1520, 312)
directing unreachable manual event=3037 script=32552 mode=1 state=1
target scene=174 area=(160, 112) event=3037 script=32552 mode=1 state=1 player=(1680, 424) pos=(848, 440) path=0
directing unreachable manual event=3037 script=32556 mode=1 state=1
target scene=174 area=(160, 112) event=3037 script=32556 mode=1 state=1 player=(1680, 424) pos=(848, 440) path=0
directing unreachable manual event=3036 script=32547 mode=1 state=1
target scene=174 area=(160, 112) event=3036 script=32547 mode=1 state=1 player=(1680, 424) pos=(816, 520) path=0
directing unreachable manual event=3036 script=32551 mode=1 state=1
target scene=174 area=(160, 112) event=3036 script=32551 mode=1 state=1 player=(1680, 424) pos=(816, 520) path=0
directing unreachable manual event=3041 script=32571 mode=1 state=1
target scene=174 area=(160, 112) event=3041 script=32571 mode=1 state=1 player=(1680, 424) pos=(800, 528) path=0
directing unreachable manual event=3041 script=32575 mode=1 state=1
target scene=174 area=(160, 112) event=3041 script=32575 mode=1 state=1 player=(1680, 424) pos=(800, 528) path=0
directing unreachable manual event=3027 script=32423 mode=2 state=1
target scene=174 area=(160, 112) event=3027 script=32423 mode=2 state=1 player=(1680, 424) pos=(624, 456) path=0
target scene=174 area=(160, 112) event=3024 script=32420 mode=2 state=1 player=(1680, 424) pos=(512, 512) path=80
scene 174 -> 177 at frame 5212 position (352, 384)
scene 177 -> 174 at frame 5288 position (1248, 592)
directing unreachable manual event=3030 script=32512 mode=2 state=2
target scene=174 area=(160, 112) event=3030 script=32512 mode=2 state=2 player=(1408, 704) pos=(784, 584) path=0
directing unreachable manual event=3030 script=32518 mode=2 state=2
target scene=174 area=(160, 112) event=3030 script=32518 mode=2 state=2 player=(1408, 704) pos=(784, 584) path=0
directing unreachable manual event=3030 script=32525 mode=2 state=2
target scene=174 area=(160, 112) event=3030 script=32525 mode=2 state=2 player=(1408, 704) pos=(784, 584) path=0
directing unreachable manual event=3030 script=32532 mode=2 state=2
target scene=174 area=(160, 112) event=3030 script=32532 mode=2 state=2 player=(1408, 704) pos=(784, 584) path=0
directing unreachable manual event=3034 script=32542 mode=1 state=1
target scene=174 area=(160, 112) event=3034 script=32542 mode=1 state=1 player=(1408, 704) pos=(608, 576) path=0
directing unreachable manual event=3034 script=32546 mode=1 state=1
target scene=174 area=(160, 112) event=3034 script=32546 mode=1 state=1 player=(1408, 704) pos=(608, 576) path=0
directing unreachable manual event=3035 script=32542 mode=1 state=1
target scene=174 area=(160, 112) event=3035 script=32542 mode=1 state=1 player=(1408, 704) pos=(624, 568) path=0
directing unreachable manual event=3035 script=32546 mode=1 state=1
target scene=174 area=(160, 112) event=3035 script=32546 mode=1 state=1 player=(1408, 704) pos=(624, 568) path=0
target scene=174 area=(160, 112) event=3024 script=32420 mode=2 state=1 player=(1408, 704) pos=(512, 512) path=63
area teleport in scene 174 at frame 5289: (1408, 704) -> (512, 496)
continuing target event=3024 across area (512, 448) path=0
target scene=174 area=(512, 448) event=3023 script=32130 mode=5 state=1 player=(512, 496) pos=(656, 648) path=21
learned targeted exit AreaKey { scene: 174, anchor: (512, 448) } event=3023 -> AreaKey { scene: 176, anchor: (160, 832) }
learned exit AreaKey { scene: 174, anchor: (512, 448) } event=3023 -> AreaKey { scene: 176, anchor: (160, 832) }
scene 174 -> 176 at frame 5310 position (1264, 600)
target scene=176 area=(160, 832) event=3072 script=32576 mode=1 state=1 player=(1424, 712) pos=(1600, 720) path=12
target scene=176 area=(160, 832) event=3072 script=32580 mode=1 state=1 player=(1616, 728) pos=(1600, 720) path=0
target scene=176 area=(160, 832) event=3074 script=32586 mode=1 state=1 player=(1616, 728) pos=(1600, 784) path=6
target scene=176 area=(160, 832) event=3074 script=32590 mode=1 state=1 player=(1616, 776) pos=(1600, 784) path=0
target scene=176 area=(160, 832) event=3075 script=32591 mode=1 state=1 player=(1616, 776) pos=(1648, 792) path=1
target scene=176 area=(160, 832) event=3075 script=32595 mode=1 state=1 player=(1632, 784) pos=(1648, 792) path=0
target scene=176 area=(160, 832) event=3076 script=32596 mode=1 state=1 player=(1632, 784) pos=(1712, 824) path=6
target scene=176 area=(160, 832) event=3073 script=32581 mode=1 state=1 player=(1728, 816) pos=(1680, 856) path=4
target scene=176 area=(160, 832) event=3073 script=32585 mode=1 state=1 player=(1696, 848) pos=(1680, 856) path=0
target scene=176 area=(160, 832) event=3086 script=30385 mode=1 state=2 player=(1696, 848) pos=(1776, 872) path=4
target scene=176 area=(160, 832) event=3086 script=30391 mode=1 state=2 player=(1760, 864) pos=(1776, 872) path=0
target scene=176 area=(160, 832) event=3078 script=32605 mode=1 state=1 player=(1760, 864) pos=(1472, 912) path=17
target scene=176 area=(160, 832) event=3078 script=32609 mode=1 state=1 player=(1488, 920) pos=(1472, 912) path=0
target scene=176 area=(160, 832) event=3077 script=32600 mode=1 state=1 player=(1488, 920) pos=(1376, 912) path=6
target scene=176 area=(160, 832) event=3077 script=32604 mode=1 state=1 player=(1392, 920) pos=(1376, 912) path=0
target scene=176 area=(160, 832) event=3081 script=2567 mode=1 state=2 player=(1392, 920) pos=(1072, 616) path=105
target scene=176 area=(160, 832) event=3079 script=2567 mode=1 state=2 player=(1056, 608) pos=(1040, 584) path=2
target scene=176 area=(160, 832) event=3080 script=2567 mode=1 state=2 player=(1056, 592) pos=(928, 592) path=7
target scene=176 area=(160, 832) event=3082 script=32610 mode=1 state=2 player=(944, 600) pos=(784, 584) path=9
target scene=176 area=(160, 832) event=3083 script=32615 mode=1 state=2 player=(800, 592) pos=(624, 760) path=20
target scene=176 area=(160, 832) event=3084 script=32620 mode=1 state=2 player=(640, 752) pos=(240, 1288) path=84
target scene=176 area=(160, 832) event=3070 script=32110 mode=5 state=1 player=(256, 1280) pos=(320, 912) path=44
learned targeted exit AreaKey { scene: 176, anchor: (160, 832) } event=3070 -> AreaKey { scene: 186, anchor: (160, 112) }
learned exit AreaKey { scene: 176, anchor: (160, 832) } event=3070 -> AreaKey { scene: 186, anchor: (160, 112) }
scene 176 -> 186 at frame 5637 position (1648, 1048)
target scene=186 area=(160, 112) event=3315 script=2490 mode=1 state=2 player=(1808, 1160) pos=(1728, 1056) path=12
target scene=186 area=(160, 112) event=3301 script=30380 mode=1 state=1 player=(1744, 1064) pos=(1376, 1136) path=22
target scene=186 area=(160, 112) event=3301 script=30384 mode=1 state=1 player=(1392, 1144) pos=(1376, 1136) path=0
target scene=186 area=(160, 112) event=3302 script=30380 mode=1 state=1 player=(1392, 1144) pos=(1376, 1216) path=8
target scene=186 area=(160, 112) event=3302 script=30384 mode=1 state=1 player=(1392, 1208) pos=(1376, 1216) path=0
target scene=186 area=(160, 112) event=3313 script=2567 mode=1 state=2 player=(1392, 1208) pos=(1040, 1336) path=25
target scene=186 area=(160, 112) event=3314 script=2525 mode=1 state=2 player=(1056, 1328) pos=(880, 1128) path=34
target scene=186 area=(160, 112) event=3311 script=2546 mode=1 state=2 player=(864, 1136) pos=(368, 1352) path=104
target scene=186 area=(160, 112) event=3312 script=2504 mode=1 state=2 player=(384, 1360) pos=(1296, 1688) path=64
target scene=186 area=(160, 112) event=3299 script=29569 mode=5 state=1 player=(1280, 1680) pos=(1168, 1080) path=73
learned targeted exit AreaKey { scene: 186, anchor: (160, 112) } event=3299 -> AreaKey { scene: 178, anchor: (160, 112) }
learned exit AreaKey { scene: 186, anchor: (160, 112) } event=3299 -> AreaKey { scene: 178, anchor: (160, 112) }
scene 186 -> 178 at frame 5979 position (1504, 1584)
target scene=178 area=(160, 112) event=3102 script=31941 mode=5 state=1 player=(1664, 1696) pos=(1584, 1656) path=4
forcing unreached touch target scene=178 event=3102 script=31941 player=(1616, 1672) pos=(1584, 1656)
running forced event=3102 script=31941 destination=None
target scene=178 area=(160, 112) event=3101 script=29577 mode=5 state=1 player=(1632, 1680) pos=(1728, 1728) path=5
learned targeted exit AreaKey { scene: 178, anchor: (160, 112) } event=3101 -> AreaKey { scene: 186, anchor: (160, 112) }
learned exit AreaKey { scene: 178, anchor: (160, 112) } event=3101 -> AreaKey { scene: 186, anchor: (160, 112) }
scene 178 -> 186 at frame 5993 position (1056, 1008)
target scene=186 area=(160, 112) event=3298 script=30370 mode=5 state=1 player=(1216, 1120) pos=(624, 1128) path=51
learned targeted exit AreaKey { scene: 186, anchor: (160, 112) } event=3298 -> AreaKey { scene: 192, anchor: (160, 112) }
learned exit AreaKey { scene: 186, anchor: (160, 112) } event=3298 -> AreaKey { scene: 192, anchor: (160, 112) }
scene 186 -> 192 at frame 6044 position (1328, 1400)
directing unreachable manual event=3506 script=2497 mode=1 state=1
target scene=192 area=(160, 112) event=3506 script=2497 mode=1 state=1 player=(1488, 1512) pos=(1344, 1088) path=0
target scene=192 area=(160, 112) event=3503 script=2553 mode=1 state=1 player=(1488, 1512) pos=(320, 1504) path=76
marked destination touch VisitKey { scene: 192, area: (1216, 1472), event_id: 3427, trigger_script: 30024, trigger_mode: 5, state: 1 }
learned exit AreaKey { scene: 192, anchor: (160, 112) } event=3427 -> AreaKey { scene: 192, anchor: (1216, 1472) }
area teleport in scene 192 at frame 6079: (1328, 1544) -> (1264, 1496)
continuing target event=3503 across area (1216, 1472) path=74
marked destination touch VisitKey { scene: 192, area: (1344, 1536), event_id: 3428, trigger_script: 30030, trigger_mode: 5, state: 1 }
learned exit AreaKey { scene: 192, anchor: (1216, 1472) } event=3428 -> AreaKey { scene: 192, anchor: (1344, 1536) }
area teleport in scene 192 at frame 6106: (1296, 1480) -> (1360, 1560)
continuing target event=3503 across area (1344, 1536) path=68
learned exit AreaKey { scene: 192, anchor: (1344, 1536) } event=3489 -> AreaKey { scene: 192, anchor: (1216, 1472) }
area teleport in scene 192 at frame 6133: (1328, 1544) -> (1264, 1496)
continuing target event=3503 across area (1216, 1472) path=74
marked destination touch VisitKey { scene: 192, area: (1344, 1536), event_id: 3428, trigger_script: 30030, trigger_mode: 5, state: 1 }
learned exit AreaKey { scene: 192, anchor: (1216, 1472) } event=3428 -> AreaKey { scene: 192, anchor: (1344, 1536) }
area teleport in scene 192 at frame 6160: (1296, 1480) -> (1360, 1560)
continuing target event=3503 across area (1344, 1536) path=68
marked destination touch VisitKey { scene: 192, area: (1216, 1472), event_id: 3427, trigger_script: 30024, trigger_mode: 5, state: 1 }
learned exit AreaKey { scene: 192, anchor: (1344, 1536) } event=3427 -> AreaKey { scene: 192, anchor: (1216, 1472) }
area teleport in scene 192 at frame 6187: (1328, 1544) -> (1264, 1496)
forcing unreachable event=3503 script=2553 after 5 area crossings
deferred event=3503 after 5 unrelated area crossings
running forced event=3503 script=2553 destination=None
directing unreachable manual event=3482 script=30392 mode=1 state=2
target scene=192 area=(1216, 1472) event=3482 script=30392 mode=1 state=2 player=(1264, 1496) pos=(720, 1272) path=0
directing unreachable manual event=3482 script=30409 mode=1 state=2
target scene=192 area=(1216, 1472) event=3482 script=30409 mode=1 state=2 player=(1264, 1496) pos=(720, 1272) path=0
directing unreachable manual event=3482 script=30419 mode=1 state=2
target scene=192 area=(1216, 1472) event=3482 script=30419 mode=1 state=2 player=(1264, 1496) pos=(720, 1272) path=0
target scene=192 area=(1216, 1472) event=3504 script=2567 mode=1 state=1 player=(1264, 1496) pos=(256, 1520) path=78
marked destination touch VisitKey { scene: 192, area: (1344, 1536), event_id: 3428, trigger_script: 30030, trigger_mode: 5, state: 1 }
learned exit AreaKey { scene: 192, anchor: (1216, 1472) } event=3428 -> AreaKey { scene: 192, anchor: (1344, 1536) }
area teleport in scene 192 at frame 6230: (1296, 1480) -> (1360, 1560)
continuing target event=3504 across area (1344, 1536) path=102
learned exit AreaKey { scene: 192, anchor: (1344, 1536) } event=3426 -> AreaKey { scene: 186, anchor: (160, 112) }
scene 192 -> 186 at frame 6239 position (480, 1040)
target scene=186 area=(160, 112) event=3300 script=29477 mode=5 state=1 player=(640, 1152) pos=(224, 1376) path=112
learned targeted exit AreaKey { scene: 186, anchor: (160, 112) } event=3300 -> AreaKey { scene: 187, anchor: (160, 112) }
learned exit AreaKey { scene: 186, anchor: (160, 112) } event=3300 -> AreaKey { scene: 187, anchor: (160, 112) }
scene 186 -> 187 at frame 6351 position (1344, 864)
target scene=187 area=(160, 112) event=3317 script=29485 mode=5 state=1 player=(1504, 976) pos=(352, 1264) path=72
forcing unreached touch target scene=187 event=3317 script=29485 player=(1360, 936) pos=(352, 1264)
running forced event=3317 script=29485 destination=Some(184)
scene 187 -> 184 at frame 6428 position (144, 1304)
target scene=184 area=(160, 112) event=3192 script=2085 mode=1 state=2 player=(304, 1416) pos=(720, 1672) path=181
marked destination touch VisitKey { scene: 184, area: (320, 576), event_id: 3164, trigger_script: 29489, trigger_mode: 5, state: 1 }
learned exit AreaKey { scene: 184, anchor: (160, 112) } event=3164 -> AreaKey { scene: 184, anchor: (320, 576) }
area teleport in scene 184 at frame 6429: (304, 1416) -> (320, 608)
continuing target event=3192 across area (320, 576) path=230
target scene=184 area=(320, 576) event=3192 script=887 mode=1 state=2 player=(736, 1680) pos=(720, 1672) path=0
target scene=184 area=(320, 576) event=3191 script=2121 mode=1 state=2 player=(736, 1680) pos=(800, 1648) path=3
target scene=184 area=(320, 576) event=3191 script=887 mode=1 state=2 player=(784, 1656) pos=(800, 1648) path=0
target scene=184 area=(320, 576) event=3193 script=2097 mode=1 state=2 player=(784, 1656) pos=(448, 1888) path=34
target scene=184 area=(320, 576) event=3193 script=887 mode=1 state=2 player=(464, 1896) pos=(448, 1888) path=0
target scene=184 area=(320, 576) event=3201 script=1761 mode=1 state=2 player=(464, 1896) pos=(560, 1048) path=139
learned exit AreaKey { scene: 184, anchor: (320, 576) } event=3167 -> AreaKey { scene: 184, anchor: (704, 1024) }
area teleport in scene 184 at frame 6872: (736, 1200) -> (752, 1032)
continuing target event=3201 across area (704, 1024) path=11
target scene=184 area=(704, 1024) event=3201 script=887 mode=1 state=2 player=(576, 1056) pos=(560, 1048) path=0
target scene=184 area=(704, 1024) event=3200 script=1221 mode=1 state=2 player=(576, 1056) pos=(592, 1032) path=2
target scene=184 area=(704, 1024) event=3200 script=887 mode=1 state=2 player=(608, 1040) pos=(592, 1032) path=0
target scene=184 area=(704, 1024) event=3199 script=1221 mode=1 state=2 player=(608, 1040) pos=(624, 1016) path=2
target scene=184 area=(704, 1024) event=3199 script=887 mode=1 state=2 player=(640, 1024) pos=(624, 1016) path=0
target scene=184 area=(704, 1024) event=3198 script=1317 mode=1 state=2 player=(640, 1024) pos=(656, 1000) path=2
target scene=184 area=(704, 1024) event=3198 script=887 mode=1 state=2 player=(672, 1008) pos=(656, 1000) path=0
target scene=184 area=(704, 1024) event=3194 script=2025 mode=1 state=2 player=(672, 1008) pos=(688, 984) path=2
target scene=184 area=(704, 1024) event=3194 script=887 mode=1 state=2 player=(704, 992) pos=(688, 984) path=0
target scene=184 area=(704, 1024) event=3195 script=1401 mode=1 state=2 player=(704, 992) pos=(720, 1000) path=0
target scene=184 area=(704, 1024) event=3195 script=887 mode=1 state=2 player=(704, 992) pos=(720, 1000) path=0
target scene=184 area=(704, 1024) event=3166 script=887 mode=1 state=2 player=(704, 992) pos=(768, 1024) path=5
target scene=184 area=(704, 1024) event=3196 script=1791 mode=1 state=2 player=(752, 1016) pos=(816, 1048) path=5
target scene=184 area=(704, 1024) event=3196 script=887 mode=1 state=2 player=(800, 1040) pos=(816, 1048) path=0
target scene=184 area=(704, 1024) event=3197 script=1485 mode=1 state=2 player=(800, 1040) pos=(848, 1064) path=4
target scene=184 area=(704, 1024) event=3197 script=887 mode=1 state=2 player=(832, 1056) pos=(848, 1064) path=0
target scene=184 area=(704, 1024) event=3188 script=1941 mode=1 state=2 player=(832, 1056) pos=(1168, 824) path=200
target scene=184 area=(704, 1024) event=3188 script=887 mode=1 state=2 player=(1184, 832) pos=(1168, 824) path=0
target scene=184 area=(704, 1024) event=3189 script=2049 mode=1 state=2 player=(1184, 832) pos=(1088, 704) path=57
target scene=184 area=(704, 1024) event=3189 script=887 mode=1 state=2 player=(1104, 712) pos=(1088, 704) path=0
target scene=184 area=(704, 1024) event=3187 script=2037 mode=1 state=2 player=(1104, 712) pos=(1056, 224) path=104
target scene=184 area=(704, 1024) event=3187 script=887 mode=1 state=2 player=(1040, 216) pos=(1056, 224) path=0
target scene=184 area=(704, 1024) event=3186 script=2319 mode=1 state=2 player=(1040, 216) pos=(992, 192) path=2
target scene=184 area=(704, 1024) event=3186 script=887 mode=1 state=2 player=(1008, 200) pos=(992, 192) path=0
target scene=184 area=(704, 1024) event=3190 script=2043 mode=1 state=2 player=(1008, 200) pos=(1296, 1352) path=237
target scene=184 area=(704, 1024) event=3190 script=887 mode=1 state=2 player=(560, 728) pos=(1296, 1352) path=173
target scene=184 area=(704, 1024) event=3165 script=29493 mode=5 state=1 player=(1584, 1480) pos=(272, 648) path=154
learned targeted exit AreaKey { scene: 184, anchor: (704, 1024) } event=3165 -> AreaKey { scene: 188, anchor: (240, 1672) }
learned exit AreaKey { scene: 184, anchor: (704, 1024) } event=3165 -> AreaKey { scene: 188, anchor: (240, 1672) }
scene 184 -> 188 at frame 7832 position (1056, 1024)
target scene=188 area=(240, 1672) event=3325 script=2567 mode=1 state=2 player=(1216, 1136) pos=(912, 1144) path=18
area teleport in scene 188 at frame 8012: (1216, 1136) -> (528, 1448)
continuing target event=3325 across area (512, 1408) path=203
target scene=188 area=(512, 1408) event=3323 script=2567 mode=1 state=2 player=(928, 1152) pos=(1776, 1080) path=60
target scene=188 area=(512, 1408) event=3324 script=2490 mode=1 state=2 player=(1792, 1088) pos=(1696, 1520) path=53
target scene=188 area=(512, 1408) event=3321 script=29497 mode=5 state=1 player=(1680, 1512) pos=(1248, 1104) path=96
learned targeted exit AreaKey { scene: 188, anchor: (512, 1408) } event=3321 -> AreaKey { scene: 184, anchor: (160, 112) }
learned exit AreaKey { scene: 188, anchor: (512, 1408) } event=3321 -> AreaKey { scene: 184, anchor: (160, 112) }
scene 188 -> 184 at frame 8424 position (160, 512)
target scene=184 area=(160, 112) event=3177 script=40921 mode=5 state=2 player=(320, 624) pos=(1208, 1228) path=218
forcing unreached touch target scene=184 event=3177 script=40921 player=(1168, 1240) pos=(1216, 1240)
running forced event=3177 script=40921 destination=None
target scene=184 area=(160, 112) event=3174 script=40921 mode=5 state=2 player=(1168, 1240) pos=(1216, 1392) path=37
target scene=184 area=(160, 112) event=3172 script=40917 mode=5 state=2 player=(1184, 1392) pos=(992, 1712) path=38
target scene=184 area=(160, 112) event=3171 script=40893 mode=5 state=2 player=(992, 1696) pos=(860, 1746) path=6
target scene=184 area=(160, 112) event=3170 script=40891 mode=5 state=2 player=(896, 1744) pos=(664, 1800) path=13
target scene=184 area=(160, 112) event=3169 script=40919 mode=5 state=2 player=(688, 1800) pos=(664, 1812) path=1
target scene=184 area=(160, 112) event=3168 script=40889 mode=5 state=2 player=(688, 1800) pos=(516, 1874) path=9
target scene=184 area=(160, 112) event=3184 script=40895 mode=5 state=2 player=(544, 1872) pos=(572, 738) path=186
target scene=184 area=(160, 112) event=3185 script=40891 mode=5 state=2 player=(576, 752) pos=(708, 658) path=10
target scene=184 area=(160, 112) event=3182 script=40897 mode=5 state=2 player=(704, 672) pos=(1240, 932) path=53
target scene=184 area=(160, 112) event=3181 script=40903 mode=5 state=2 player=(1232, 936) pos=(1356, 1050) path=21
target scene=184 area=(160, 112) event=3180 script=40921 mode=5 state=2 player=(1392, 1032) pos=(1400, 1236) path=24
target scene=184 area=(160, 112) event=3179 script=40901 mode=5 state=2 player=(1392, 1224) pos=(1476, 1314) path=10
target scene=184 area=(160, 112) event=3173 script=40895 mode=5 state=2 player=(1456, 1304) pos=(1356, 1594) path=35
target scene=184 area=(160, 112) event=3165 script=29493 mode=5 state=1 player=(1392, 1576) pos=(272, 648) path=166
learned targeted exit AreaKey { scene: 184, anchor: (160, 112) } event=3165 -> AreaKey { scene: 188, anchor: (240, 1672) }
learned exit AreaKey { scene: 184, anchor: (160, 112) } event=3165 -> AreaKey { scene: 188, anchor: (240, 1672) }
scene 184 -> 188 at frame 9321 position (1056, 1024)
target scene=188 area=(240, 1672) event=3321 script=29497 mode=5 state=1 player=(1216, 1136) pos=(1248, 1104) path=2
learned targeted exit AreaKey { scene: 188, anchor: (240, 1672) } event=3321 -> AreaKey { scene: 184, anchor: (160, 112) }
learned exit AreaKey { scene: 188, anchor: (240, 1672) } event=3321 -> AreaKey { scene: 184, anchor: (160, 112) }
scene 188 -> 184 at frame 9323 position (160, 512)
target scene=184 area=(160, 112) event=3164 script=29489 mode=5 state=1 player=(320, 624) pos=(336, 1400) path=304
forcing unreached touch target scene=184 event=3164 script=29489 player=(1040, 1464) pos=(336, 1400)
running forced event=3164 script=29489 destination=Some(187)
scene 184 -> 187 at frame 9632 position (224, 1136)
target scene=187 area=(160, 112) event=3320 script=30998 mode=4 state=1 player=(384, 1248) pos=(1312, 992) path=60
target scene=187 area=(160, 112) event=3320 script=30998 mode=0 state=1 player=(1312, 992) pos=(1312, 992) path=0
target scene=187 area=(160, 112) event=3316 script=29481 mode=5 state=1 player=(1312, 992) pos=(1552, 1000) path=16
learned targeted exit AreaKey { scene: 187, anchor: (160, 112) } event=3316 -> AreaKey { scene: 186, anchor: (160, 112) }
learned exit AreaKey { scene: 187, anchor: (160, 112) } event=3316 -> AreaKey { scene: 186, anchor: (160, 112) }
scene 187 -> 186 at frame 9713 position (64, 1296)
target scene=186 area=(160, 112) event=3297 script=30365 mode=5 state=1 player=(224, 1408) pos=(1824, 1008) path=134
learned targeted exit AreaKey { scene: 186, anchor: (160, 112) } event=3297 -> AreaKey { scene: 179, anchor: (880, 1016) }
learned exit AreaKey { scene: 186, anchor: (160, 112) } event=3297 -> AreaKey { scene: 179, anchor: (880, 1016) }
scene 186 -> 179 at frame 9847 position (1504, 1328)
directing unreachable manual event=3112 script=2539 mode=1 state=2
target scene=179 area=(880, 1016) event=3112 script=2539 mode=1 state=2 player=(1664, 1440) pos=(1488, 872) path=0
directing unreachable manual event=3111 script=2518 mode=1 state=2
target scene=179 area=(880, 1016) event=3111 script=2518 mode=1 state=2 player=(1664, 1440) pos=(1584, 744) path=0
target scene=179 area=(880, 1016) event=3108 script=32118 mode=5 state=1 player=(1664, 1440) pos=(1824, 1072) path=120
learned targeted exit AreaKey { scene: 179, anchor: (880, 1016) } event=3108 -> AreaKey { scene: 202, anchor: (160, 464) }
learned exit AreaKey { scene: 179, anchor: (880, 1016) } event=3108 -> AreaKey { scene: 202, anchor: (160, 464) }
scene 179 -> 202 at frame 9967 position (48, 392)
target scene=202 area=(160, 464) event=3607 script=33295 mode=1 state=2 player=(208, 504) pos=(336, 568) path=7
directing unreachable manual event=3608 script=33295 mode=1 state=2
target scene=202 area=(160, 464) event=3608 script=33295 mode=1 state=2 player=(320, 560) pos=(256, 624) path=0
target scene=202 area=(160, 464) event=3606 script=33295 mode=1 state=2 player=(320, 560) pos=(736, 608) path=25
target scene=202 area=(160, 464) event=3611 script=33295 mode=1 state=2 player=(720, 616) pos=(688, 728) path=13
target scene=202 area=(160, 464) event=3609 script=33295 mode=1 state=2 player=(704, 720) pos=(944, 728) path=14
target scene=202 area=(160, 464) event=3613 script=33295 mode=1 state=2 player=(928, 720) pos=(1104, 744) path=10
target scene=202 area=(160, 464) event=3612 script=33295 mode=1 state=2 player=(1088, 736) pos=(1056, 528) path=25
target scene=202 area=(160, 464) event=3597 script=33276 mode=2 state=2 player=(1072, 536) pos=(1456, 392) path=23
directing unreachable manual event=3604 script=33267 mode=2 state=2
target scene=202 area=(160, 464) event=3604 script=33267 mode=2 state=2 player=(1440, 416) pos=(1498, 413) path=0
target scene=202 area=(160, 464) event=3599 script=33285 mode=2 state=2 player=(1440, 416) pos=(1424, 376) path=2
target scene=202 area=(160, 464) event=3598 script=33281 mode=2 state=2 player=(1472, 400) pos=(1552, 440) path=4
target scene=202 area=(160, 464) event=3600 script=33290 mode=2 state=2 player=(1536, 416) pos=(1584, 456) path=2
directing unreachable manual event=3610 script=33295 mode=1 state=2
target scene=202 area=(160, 464) event=3610 script=33295 mode=1 state=2 player=(1536, 432) pos=(656, 824) path=0
directing unreachable manual event=3605 script=33295 mode=1 state=2
target scene=202 area=(160, 464) event=3605 script=33295 mode=1 state=2 player=(1536, 432) pos=(544, 816) path=0
target scene=202 area=(160, 464) event=3595 script=33043 mode=6 state=1 player=(1536, 432) pos=(1568, 384) path=2
learned targeted exit AreaKey { scene: 202, anchor: (160, 464) } event=3595 -> AreaKey { scene: 206, anchor: (160, 112) }
learned exit AreaKey { scene: 202, anchor: (160, 464) } event=3595 -> AreaKey { scene: 206, anchor: (160, 112) }
scene 202 -> 206 at frame 10094 position (192, 1632)
target scene=206 area=(160, 112) event=3689 script=33499 mode=2 state=2 player=(352, 1744) pos=(336, 1656) path=8
target scene=206 area=(160, 112) event=3690 script=33505 mode=2 state=2 player=(384, 1680) pos=(304, 1672) path=2
directing unreachable manual event=3692 script=33514 mode=2 state=2
target scene=206 area=(160, 112) event=3692 script=33514 mode=2 state=2 player=(352, 1696) pos=(724, 1706) path=0
directing unreachable manual event=3691 script=33509 mode=2 state=2
target scene=206 area=(160, 112) event=3691 script=33509 mode=2 state=2 player=(352, 1696) pos=(892, 1630) path=0
target scene=206 area=(160, 112) event=3694 script=33523 mode=2 state=2 player=(352, 1696) pos=(928, 1616) path=33
target scene=206 area=(160, 112) event=3695 script=33465 mode=2 state=3 player=(880, 1608) pos=(992, 1616) path=4
target scene=206 area=(160, 112) event=3700 script=33469 mode=2 state=2 player=(944, 1624) pos=(960, 1632) path=0
target scene=206 area=(160, 112) event=3696 script=33528 mode=2 state=2 player=(944, 1624) pos=(688, 1336) path=37
target scene=206 area=(160, 112) event=3697 script=33528 mode=2 state=2 player=(816, 1576) pos=(720, 1320) path=33
target scene=206 area=(160, 112) event=3687 script=33455 mode=2 state=3 player=(800, 1440) pos=(1440, 1408) path=87
target scene=206 area=(160, 112) event=3687 script=33459 mode=2 state=3 player=(1600, 1488) pos=(1584, 1480) path=0
directing unreachable manual event=3688 script=33462 mode=2 state=3
target scene=206 area=(160, 112) event=3688 script=33462 mode=2 state=3 player=(1600, 1488) pos=(1764, 1518) path=0
target scene=206 area=(160, 112) event=3693 script=33518 mode=2 state=2 player=(1600, 1488) pos=(1648, 1272) path=26
target scene=206 area=(160, 112) event=3683 script=33298 mode=2 state=2 player=(1664, 1296) pos=(1568, 1024) path=31
target scene=206 area=(160, 112) event=3684 script=33298 mode=2 state=2 player=(1616, 1048) pos=(1552, 1032) path=1
target scene=206 area=(160, 112) event=3698 script=33538 mode=2 state=2 player=(1600, 1056) pos=(416, 960) path=191
target scene=206 area=(160, 112) event=3699 script=33582 mode=3 state=2 player=(400, 984) pos=(416, 672) path=34
target scene=206 area=(160, 112) event=3686 script=33488 mode=2 state=2 player=(368, 712) pos=(544, 352) path=42
target scene=206 area=(160, 112) event=3685 script=33482 mode=2 state=2 player=(592, 376) pos=(608, 320) path=4
target scene=206 area=(160, 112) event=3685 script=33485 mode=2 state=2 player=(656, 344) pos=(608, 320) path=0
target scene=206 area=(160, 112) event=3672 script=33063 mode=5 state=1 player=(656, 344) pos=(464, 280) path=10
learned targeted exit AreaKey { scene: 206, anchor: (160, 112) } event=3672 -> AreaKey { scene: 205, anchor: (160, 112) }
learned exit AreaKey { scene: 206, anchor: (160, 112) } event=3672 -> AreaKey { scene: 205, anchor: (160, 112) }
scene 206 -> 205 at frame 10640 position (1328, 1480)
target scene=205 area=(160, 112) event=3658 script=33938 mode=2 state=2 player=(1488, 1592) pos=(1184, 1200) path=46
target scene=205 area=(160, 112) event=3659 script=33941 mode=2 state=2 player=(1232, 1224) pos=(1136, 1224) path=3
target scene=205 area=(160, 112) event=3665 script=34104 mode=2 state=2 player=(1184, 1248) pos=(1184, 1120) path=47
marked destination touch VisitKey { scene: 205, area: (1088, 1024), event_id: 3653, trigger_script: 33874, trigger_mode: 5, state: 1 }
learned exit AreaKey { scene: 205, anchor: (160, 112) } event=3653 -> AreaKey { scene: 205, anchor: (1088, 1024) }
area teleport in scene 205 at frame 10737: (848, 1288) -> (1104, 1080)
continuing target event=3665 across area (1088, 1024) path=0
target scene=205 area=(1088, 1024) event=3660 script=34075 mode=2 state=2 player=(1104, 1080) pos=(1152, 1056) path=0
target scene=205 area=(1088, 1024) event=3661 script=34080 mode=2 state=2 player=(1104, 1080) pos=(1088, 1040) path=2
target scene=205 area=(1088, 1024) event=3663 script=34091 mode=2 state=2 player=(1072, 1064) pos=(1040, 1048) path=0
target scene=205 area=(1088, 1024) event=3664 script=34096 mode=2 state=2 player=(1072, 1064) pos=(1008, 1064) path=1
target scene=205 area=(1088, 1024) event=3655 script=34608 mode=2 state=2 player=(1056, 1072) pos=(1136, 1032) path=2
target scene=205 area=(1088, 1024) event=3656 script=34608 mode=2 state=2 player=(1088, 1056) pos=(1200, 1064) path=4
target scene=205 area=(1088, 1024) event=3662 script=34085 mode=2 state=2 player=(1152, 1040) pos=(1200, 1080) path=2
target scene=205 area=(1088, 1024) event=3666 script=34109 mode=2 state=2 player=(1184, 1056) pos=(1152, 1136) path=13
target scene=205 area=(1088, 1024) event=3669 script=34725 mode=1 state=2 player=(1168, 1112) pos=(896, 1296) path=148
learned exit AreaKey { scene: 205, anchor: (1088, 1024) } event=3654 -> AreaKey { scene: 206, anchor: (160, 112) }
scene 205 -> 206 at frame 10815 position (960, 1280)
target scene=206 area=(160, 112) event=3676 script=33151 mode=5 state=1 player=(1120, 1392) pos=(976, 1560) path=175
area teleport in scene 206 at frame 10816: (1120, 1392) -> (512, 288)
continuing target event=3676 across area (512, 256) path=177
learned targeted exit AreaKey { scene: 206, anchor: (512, 256) } event=3676 -> AreaKey { scene: 207, anchor: (160, 112) }
learned exit AreaKey { scene: 206, anchor: (512, 256) } event=3676 -> AreaKey { scene: 207, anchor: (160, 112) }
scene 206 -> 207 at frame 10993 position (576, 1648)
target scene=207 area=(160, 112) event=3719 script=34010 mode=3 state=2 player=(736, 1760) pos=(768, 1648) path=9
target scene=207 area=(160, 112) event=3744 script=2748 mode=1 state=1 player=(720, 1688) pos=(480, 1680) path=14
target scene=207 area=(160, 112) event=3743 script=2802 mode=1 state=1 player=(496, 1688) pos=(432, 1704) path=3
target scene=207 area=(160, 112) event=3745 script=2688 mode=1 state=1 player=(448, 1712) pos=(528, 1656) path=6
target scene=207 area=(160, 112) event=3746 script=2760 mode=1 state=1 player=(544, 1664) pos=(560, 1640) path=2
target scene=207 area=(160, 112) event=3717 script=34001 mode=2 state=2 player=(576, 1648) pos=(608, 1248) path=79
learned exit AreaKey { scene: 207, anchor: (160, 112) } event=3709 -> AreaKey { scene: 206, anchor: (160, 112) }
scene 207 -> 206 at frame 11043 position (832, 1472)
target scene=206 area=(160, 112) event=3671 script=33059 mode=5 state=1 player=(992, 1584) pos=(1568, 1728) path=34
learned targeted exit AreaKey { scene: 206, anchor: (160, 112) } event=3671 -> AreaKey { scene: 208, anchor: (160, 112) }
learned exit AreaKey { scene: 206, anchor: (160, 112) } event=3671 -> AreaKey { scene: 208, anchor: (160, 112) }
scene 206 -> 208 at frame 11077 position (368, 360)
target scene=208 area=(160, 112) event=3765 script=33586 mode=2 state=2 player=(528, 472) pos=(720, 408) path=17
target scene=208 area=(160, 112) event=3765 script=33617 mode=2 state=2 player=(768, 432) pos=(720, 408) path=0
target scene=208 area=(160, 112) event=3770 script=33623 mode=2 state=2 player=(768, 432) pos=(880, 616) path=22
target scene=208 area=(160, 112) event=3767 script=33668 mode=2 state=2 player=(832, 608) pos=(1040, 600) path=10
target scene=208 area=(160, 112) event=3766 script=33664 mode=2 state=2 player=(992, 576) pos=(1088, 592) path=3
target scene=208 area=(160, 112) event=3768 script=33672 mode=2 state=2 player=(1040, 568) pos=(1136, 616) path=5
target scene=208 area=(160, 112) event=3769 script=33676 mode=2 state=2 player=(1120, 592) pos=(1120, 624) path=1
target scene=208 area=(160, 112) event=3773 script=33647 mode=2 state=2 player=(1136, 600) pos=(1104, 856) path=29
target scene=208 area=(160, 112) event=3771 script=33638 mode=2 state=2 player=(1152, 832) pos=(1040, 856) path=4
target scene=208 area=(160, 112) event=3772 script=33643 mode=2 state=2 player=(1088, 848) pos=(1024, 880) path=1
target scene=208 area=(160, 112) event=3775 script=33656 mode=2 state=2 player=(1072, 856) pos=(928, 880) path=6
directing unreachable manual event=3774 script=33651 mode=2 state=2
target scene=208 area=(160, 112) event=3774 script=33651 mode=2 state=2 player=(976, 872) pos=(468, 426) path=0
target scene=208 area=(160, 112) event=3763 script=33131 mode=5 state=1 player=(976, 872) pos=(928, 784) path=9
learned targeted exit AreaKey { scene: 208, anchor: (160, 112) } event=3763 -> AreaKey { scene: 209, anchor: (160, 112) }
learned exit AreaKey { scene: 208, anchor: (160, 112) } event=3763 -> AreaKey { scene: 209, anchor: (160, 112) }
scene 208 -> 209 at frame 11191 position (1280, 336)
target scene=209 area=(160, 112) event=3785 script=34060 mode=2 state=2 player=(1440, 448) pos=(1456, 328) path=12
target scene=209 area=(160, 112) event=3786 script=34060 mode=2 state=2 player=(1504, 352) pos=(1424, 312) path=2
target scene=209 area=(160, 112) event=3788 script=2760 mode=1 state=1 player=(1472, 336) pos=(864, 368) path=71
learned exit AreaKey { scene: 209, anchor: (160, 112) } event=3780 -> AreaKey { scene: 208, anchor: (160, 112) }
scene 209 -> 208 at frame 11223 position (800, 704)
target scene=208 area=(160, 112) event=3759 script=33099 mode=5 state=1 player=(960, 816) pos=(1184, 768) path=13
learned targeted exit AreaKey { scene: 208, anchor: (160, 112) } event=3759 -> AreaKey { scene: 209, anchor: (160, 112) }
learned exit AreaKey { scene: 208, anchor: (160, 112) } event=3759 -> AreaKey { scene: 209, anchor: (160, 112) }
scene 208 -> 209 at frame 11236 position (544, 1280)
target scene=209 area=(160, 112) event=3782 script=34041 mode=2 state=2 player=(704, 1392) pos=(912, 1288) path=10
target scene=209 area=(160, 112) event=3781 script=34031 mode=3 state=2 player=(864, 1312) pos=(688, 840) path=54
learned exit AreaKey { scene: 209, anchor: (160, 112) } event=3777 -> AreaKey { scene: 208, anchor: (160, 112) }
scene 209 -> 208 at frame 11287 position (800, 464)
target scene=208 area=(160, 112) event=3760 script=33107 mode=5 state=1 player=(960, 576) pos=(928, 544) path=2
learned targeted exit AreaKey { scene: 208, anchor: (160, 112) } event=3760 -> AreaKey { scene: 209, anchor: (160, 112) }
learned exit AreaKey { scene: 208, anchor: (160, 112) } event=3760 -> AreaKey { scene: 209, anchor: (160, 112) }
scene 208 -> 209 at frame 11289 position (736, 832)
target scene=209 area=(160, 112) event=3781 script=34031 mode=3 state=2 player=(896, 944) pos=(688, 840) path=9
target scene=209 area=(160, 112) event=3784 script=34056 mode=2 state=2 player=(752, 872) pos=(1472, 816) path=42
target scene=209 area=(160, 112) event=3783 script=34047 mode=3 state=2 player=(1424, 792) pos=(1584, 824) path=5
target scene=209 area=(160, 112) event=3788 script=2760 mode=1 state=1 player=(1504, 800) pos=(864, 368) path=55
learned exit AreaKey { scene: 209, anchor: (160, 112) } event=3779 -> AreaKey { scene: 208, anchor: (160, 112) }
scene 209 -> 208 at frame 11386 position (512, 608)
target scene=208 area=(160, 112) event=3762 script=33123 mode=5 state=1 player=(672, 720) pos=(640, 688) path=2
learned targeted exit AreaKey { scene: 208, anchor: (160, 112) } event=3762 -> AreaKey { scene: 209, anchor: (160, 112) }
learned exit AreaKey { scene: 208, anchor: (160, 112) } event=3762 -> AreaKey { scene: 209, anchor: (160, 112) }
scene 208 -> 209 at frame 11388 position (624, 344)
target scene=209 area=(160, 112) event=3787 script=2766 mode=1 state=1 player=(784, 456) pos=(752, 360) path=11
checkpoint iterations=10000 scene=209 position=(768, 368)
target scene=209 area=(160, 112) event=3788 script=2760 mode=1 state=1 player=(768, 368) pos=(864, 368) path=5
target scene=209 area=(160, 112) event=3789 script=2604 mode=1 state=1 player=(848, 360) pos=(576, 352) path=16
target scene=209 area=(160, 112) event=3790 script=2868 mode=1 state=1 player=(592, 360) pos=(480, 400) path=6
target scene=209 area=(160, 112) event=3778 script=33111 mode=5 state=1 player=(496, 408) pos=(1296, 968) path=79
learned exit AreaKey { scene: 209, anchor: (160, 112) } event=3779 -> AreaKey { scene: 208, anchor: (160, 112) }
scene 209 -> 208 at frame 11445 position (512, 608)
target scene=208 area=(160, 112) event=3761 script=33115 mode=5 state=1 player=(672, 720) pos=(768, 960) path=37
learned targeted exit AreaKey { scene: 208, anchor: (160, 112) } event=3761 -> AreaKey { scene: 209, anchor: (160, 112) }
learned exit AreaKey { scene: 208, anchor: (160, 112) } event=3761 -> AreaKey { scene: 209, anchor: (160, 112) }
scene 208 -> 209 at frame 11482 position (1184, 832)
target scene=209 area=(160, 112) event=3778 script=33111 mode=5 state=1 player=(1344, 944) pos=(1296, 968) path=2
learned targeted exit AreaKey { scene: 209, anchor: (160, 112) } event=3778 -> AreaKey { scene: 208, anchor: (160, 112) }
learned exit AreaKey { scene: 209, anchor: (160, 112) } event=3778 -> AreaKey { scene: 208, anchor: (160, 112) }
scene 209 -> 208 at frame 11484 position (576, 880)
target scene=208 area=(160, 112) event=3758 script=33055 mode=5 state=1 player=(736, 992) pos=(496, 456) path=67
learned targeted exit AreaKey { scene: 208, anchor: (160, 112) } event=3758 -> AreaKey { scene: 206, anchor: (160, 112) }
learned exit AreaKey { scene: 208, anchor: (160, 112) } event=3758 -> AreaKey { scene: 206, anchor: (160, 112) }
scene 208 -> 206 at frame 11551 position (1360, 1592)
target scene=206 area=(160, 112) event=3682 script=33203 mode=6 state=1 player=(1520, 1704) pos=(1712, 824) path=107
learned targeted exit AreaKey { scene: 206, anchor: (160, 112) } event=3682 -> AreaKey { scene: 212, anchor: (160, 112) }
learned exit AreaKey { scene: 206, anchor: (160, 112) } event=3682 -> AreaKey { scene: 212, anchor: (160, 112) }
scene 206 -> 212 at frame 11688 position (112, 1496)
target scene=212 area=(160, 112) event=3797 script=33207 mode=5 state=1 player=(272, 1608) pos=(608, 432) path=145
learned targeted exit AreaKey { scene: 212, anchor: (160, 112) } event=3797 -> AreaKey { scene: 200, anchor: (160, 816) }
learned exit AreaKey { scene: 212, anchor: (160, 112) } event=3797 -> AreaKey { scene: 200, anchor: (160, 816) }
scene 212 -> 200 at frame 11833 position (1568, 1184)
target scene=200 area=(160, 816) event=3543 script=34129 mode=2 state=2 player=(1728, 1296) pos=(1584, 1448) path=408
area teleport in scene 200 at frame 12255: (1072, 1528) -> (1600, 1456)
target scene=200 area=(1600, 1408) event=3556 script=40931 mode=5 state=2 player=(1600, 1456) pos=(1664, 1008) path=373
target scene=200 area=(1600, 1408) event=3566 script=40939 mode=5 state=2 player=(1680, 1000) pos=(1696, 800) path=24
target scene=200 area=(1600, 1408) event=3562 script=40933 mode=5 state=2 player=(1680, 808) pos=(1600, 704) path=12
target scene=200 area=(1600, 1408) event=3564 script=40581 mode=5 state=2 player=(1632, 720) pos=(1360, 532) path=51
target scene=200 area=(1600, 1408) event=3570 script=40933 mode=5 state=2 player=(1360, 552) pos=(1328, 360) path=22
target scene=200 area=(1600, 1408) event=3568 script=40933 mode=5 state=2 player=(1328, 376) pos=(1072, 328) path=46
target scene=200 area=(1600, 1408) event=3569 script=40733 mode=5 state=2 player=(1072, 344) pos=(992, 368) path=3
target scene=200 area=(1600, 1408) event=3571 script=40931 mode=5 state=2 player=(1024, 368) pos=(936, 180) path=100
forcing unreached touch target scene=200 event=3571 script=40931 player=(1632, 288) pos=(936, 180)
running forced event=3571 script=40931 destination=None
target scene=200 area=(1600, 1408) event=3572 script=40931 mode=5 state=2 player=(1632, 288) pos=(608, 272) path=63
target scene=200 area=(1600, 1408) event=3576 script=40933 mode=5 state=2 player=(624, 264) pos=(704, 496) path=38
target scene=200 area=(1600, 1408) event=3579 script=40937 mode=5 state=2 player=(688, 488) pos=(304, 888) path=51
target scene=200 area=(1600, 1408) event=3578 script=40931 mode=5 state=2 player=(288, 880) pos=(208, 880) path=4
target scene=200 area=(1600, 1408) event=3583 script=40937 mode=5 state=2 player=(224, 880) pos=(368, 1320) path=54
target scene=200 area=(1600, 1408) event=3592 script=40939 mode=5 state=2 player=(400, 1304) pos=(728, 1316) path=92
target scene=200 area=(1600, 1408) event=3590 script=40939 mode=5 state=2 player=(720, 1320) pos=(800, 1216) path=11
target scene=200 area=(1600, 1408) event=3589 script=40947 mode=5 state=2 player=(816, 1240) pos=(832, 1224) path=1
target scene=200 area=(1600, 1408) event=3577 script=40931 mode=5 state=2 player=(832, 1232) pos=(592, 1040) path=24
target scene=200 area=(1600, 1408) event=3575 script=40937 mode=5 state=2 player=(576, 1040) pos=(560, 504) path=75
target scene=200 area=(1600, 1408) event=3574 script=40933 mode=5 state=2 player=(592, 504) pos=(632, 236) path=32
target scene=200 area=(1600, 1408) event=3573 script=40939 mode=5 state=2 player=(624, 248) pos=(992, 192) path=23
target scene=200 area=(1600, 1408) event=3567 script=40931 mode=5 state=2 player=(992, 208) pos=(1664, 416) path=54
target scene=200 area=(1600, 1408) event=3558 script=40933 mode=5 state=2 player=(1664, 400) pos=(1576, 844) path=57
target scene=200 area=(1600, 1408) event=3559 script=40947 mode=5 state=2 player=(1552, 840) pos=(1584, 872) path=2
target scene=200 area=(1600, 1408) event=3555 script=40933 mode=5 state=2 player=(1584, 856) pos=(1728, 992) path=15
target scene=200 area=(1600, 1408) event=3554 script=40941 mode=5 state=2 player=(1728, 976) pos=(1728, 1008) path=2
target scene=200 area=(1600, 1408) event=3553 script=40581 mode=5 state=2 player=(1728, 992) pos=(1776, 1160) path=19
target scene=200 area=(1600, 1408) event=3587 script=40937 mode=5 state=2 player=(1792, 1136) pos=(1056, 1664) path=370
target scene=200 area=(1600, 1408) event=3585 script=40933 mode=5 state=2 player=(1024, 1664) pos=(952, 1772) path=12
target scene=200 area=(1600, 1408) event=3586 script=40933 mode=5 state=2 player=(960, 1760) pos=(1056, 1808) path=5
target scene=200 area=(1600, 1408) event=3582 script=40939 mode=5 state=2 player=(1024, 1792) pos=(456, 1284) path=70
target scene=200 area=(1600, 1408) event=3581 script=40931 mode=5 state=2 player=(448, 1296) pos=(744, 1324) path=92
target scene=200 area=(1600, 1408) event=3588 script=40931 mode=5 state=2 player=(736, 1328) pos=(832, 1248) path=8
target scene=200 area=(1600, 1408) event=3580 script=40933 mode=5 state=2 player=(832, 1264) pos=(256, 848) path=142
target scene=200 area=(1600, 1408) event=3560 script=40931 mode=5 state=2 player=(256, 832) pos=(1248, 688) path=185
target scene=200 area=(1600, 1408) event=3565 script=40937 mode=5 state=2 player=(1232, 680) pos=(1344, 544) path=15
target scene=200 area=(1600, 1408) event=3557 script=40939 mode=5 state=2 player=(1344, 560) pos=(1552, 856) path=36
target scene=200 area=(1600, 1408) event=3542 script=33211 mode=6 state=1 player=(1520, 840) pos=(1776, 1320) path=57
forcing unreached touch target scene=200 event=3542 script=33211 player=(1744, 1288) pos=(1776, 1320)
running forced event=3542 script=33211 destination=Some(212)
learned exit AreaKey { scene: 200, anchor: (1600, 1408) } event=3542 -> AreaKey { scene: 212, anchor: (160, 112) }
scene 200 -> 212 at frame 14680 position (496, 344)
target scene=212 area=(160, 112) event=3829 script=40731 mode=5 state=2 player=(656, 456) pos=(896, 400) path=36
target scene=212 area=(160, 112) event=3828 script=40937 mode=5 state=2 player=(928, 416) pos=(920, 348) path=7
target scene=212 area=(160, 112) event=3830 script=40933 mode=5 state=2 player=(912, 360) pos=(768, 272) path=9
target scene=212 area=(160, 112) event=3831 script=40931 mode=5 state=2 player=(768, 288) pos=(736, 176) path=84
target scene=212 area=(160, 112) event=3822 script=40945 mode=5 state=2 player=(768, 176) pos=(1312, 352) path=48
target scene=212 area=(160, 112) event=3819 script=40937 mode=5 state=2 player=(1344, 352) pos=(1328, 568) path=43
target scene=212 area=(160, 112) event=3820 script=40943 mode=5 state=2 player=(1360, 568) pos=(1280, 568) path=4
target scene=212 area=(160, 112) event=3817 script=40945 mode=5 state=2 player=(1296, 568) pos=(1648, 744) path=28
target scene=212 area=(160, 112) event=3816 script=40935 mode=5 state=2 player=(1648, 728) pos=(1680, 776) path=4
target scene=212 area=(160, 112) event=3812 script=40931 mode=5 state=2 player=(1680, 760) pos=(1504, 960) path=134
target scene=212 area=(160, 112) event=3811 script=40947 mode=5 state=2 player=(1520, 952) pos=(1408, 1072) path=222
target scene=212 area=(160, 112) event=3805 script=40945 mode=5 state=2 player=(1392, 1080) pos=(1408, 1232) path=17
target scene=212 area=(160, 112) event=3804 script=40947 mode=5 state=2 player=(1424, 1208) pos=(1432, 1228) path=1
target scene=212 area=(160, 112) event=3803 script=41159 mode=5 state=2 player=(1440, 1216) pos=(1600, 1360) path=16
target scene=212 area=(160, 112) event=3809 script=40945 mode=5 state=2 player=(1600, 1344) pos=(1568, 1552) path=27
target scene=212 area=(160, 112) event=3810 script=40937 mode=5 state=2 player=(1552, 1544) pos=(1792, 1552) path=13
target scene=212 area=(160, 112) event=3807 script=40931 mode=5 state=2 player=(1760, 1552) pos=(1808, 1576) path=2
target scene=212 area=(160, 112) event=3806 script=40935 mode=5 state=2 player=(1776, 1560) pos=(1744, 1672) path=12
target scene=212 area=(160, 112) event=3808 script=40931 mode=5 state=2 player=(1744, 1656) pos=(1952, 1408) path=319
target scene=212 area=(160, 112) event=3799 script=40935 mode=5 state=2 player=(1952, 1392) pos=(368, 1288) path=271
forcing unreached touch target scene=212 event=3799 script=40935 player=(1344, 912) pos=(368, 1288)
running forced event=3799 script=40935 destination=None
target scene=212 area=(160, 112) event=3818 script=40933 mode=5 state=2 player=(1344, 912) pos=(1408, 608) path=45
target scene=212 area=(160, 112) event=3826 script=40935 mode=5 state=2 player=(1440, 592) pos=(1248, 400) path=38
target scene=212 area=(160, 112) event=3827 script=40939 mode=5 state=2 player=(1280, 400) pos=(944, 408) path=19
target scene=212 area=(160, 112) event=3836 script=40939 mode=5 state=2 player=(976, 408) pos=(528, 632) path=43
target scene=212 area=(160, 112) event=3834 script=40935 mode=5 state=2 player=(560, 616) pos=(512, 640) path=2
target scene=212 area=(160, 112) event=3835 script=40933 mode=5 state=2 player=(528, 632) pos=(536, 644) path=0
target scene=212 area=(160, 112) event=3833 script=40943 mode=5 state=2 player=(528, 632) pos=(576, 896) path=54
target scene=212 area=(160, 112) event=3832 script=40937 mode=5 state=2 player=(544, 912) pos=(680, 932) path=7
target scene=212 area=(160, 112) event=3802 script=40941 mode=5 state=2 player=(656, 936) pos=(592, 1064) path=18
target scene=212 area=(160, 112) event=3801 script=40937 mode=5 state=2 player=(592, 1048) pos=(496, 1224) path=20
target scene=212 area=(160, 112) event=3800 script=40945 mode=5 state=2 player=(496, 1208) pos=(384, 1216) path=5
target scene=212 area=(160, 112) event=3798 script=33199 mode=6 state=1 player=(416, 1216) pos=(208, 1640) path=50
learned targeted exit AreaKey { scene: 212, anchor: (160, 112) } event=3798 -> AreaKey { scene: 206, anchor: (160, 112) }
learned exit AreaKey { scene: 212, anchor: (160, 112) } event=3798 -> AreaKey { scene: 206, anchor: (160, 112) }
scene 212 -> 206 at frame 16433 position (1504, 752)
target scene=206 area=(160, 112) event=3685 script=34392 mode=2 state=2 player=(1664, 864) pos=(608, 320) path=295
target scene=206 area=(160, 112) event=3686 script=34392 mode=2 state=2 player=(1360, 1320) pos=(544, 352) path=234
target scene=206 area=(160, 112) event=3673 script=33071 mode=6 state=1 player=(592, 376) pos=(512, 912) path=71
learned targeted exit AreaKey { scene: 206, anchor: (160, 112) } event=3673 -> AreaKey { scene: 211, anchor: (432, 1320) }
learned exit AreaKey { scene: 206, anchor: (160, 112) } event=3673 -> AreaKey { scene: 211, anchor: (432, 1320) }
scene 206 -> 211 at frame 17033 position (400, 1160)
target scene=211 area=(432, 1320) event=3794 script=34392 mode=2 state=2 player=(560, 1272) pos=(1232, 760) path=61
target scene=211 area=(432, 1320) event=3795 script=34392 mode=2 state=2 player=(1280, 784) pos=(1312, 800) path=0
target scene=211 area=(432, 1320) event=3796 script=33978 mode=2 state=2 player=(1280, 784) pos=(1264, 760) path=0
target scene=211 area=(432, 1320) event=3793 script=33079 mode=7 state=1 player=(1280, 784) pos=(1376, 704) path=5
learned targeted exit AreaKey { scene: 211, anchor: (432, 1320) } event=3793 -> AreaKey { scene: 203, anchor: (160, 112) }
learned exit AreaKey { scene: 211, anchor: (432, 1320) } event=3793 -> AreaKey { scene: 203, anchor: (160, 112) }
scene 211 -> 203 at frame 17099 position (128, 1280)
target scene=203 area=(160, 112) event=3628 script=34395 mode=2 state=2 player=(288, 1392) pos=(528, 1240) path=16
target scene=203 area=(160, 112) event=3629 script=34400 mode=2 state=2 player=(544, 1264) pos=(624, 1288) path=2
target scene=203 area=(160, 112) event=3634 script=34756 mode=2 state=2 player=(576, 1264) pos=(912, 1240) path=18
target scene=203 area=(160, 112) event=3634 script=34761 mode=2 state=2 player=(864, 1248) pos=(912, 1240) path=0
target scene=203 area=(160, 112) event=3631 script=34416 mode=2 state=2 player=(864, 1248) pos=(880, 1096) path=24
marked destination touch VisitKey { scene: 203, area: (896, 1088), event_id: 3624, trigger_script: 1023, trigger_mode: 5, state: 1 }
learned exit AreaKey { scene: 203, anchor: (160, 112) } event=3624 -> AreaKey { scene: 203, anchor: (896, 1088) }
area teleport in scene 203 at frame 17156: (784, 1256) -> (912, 1144)
continuing target event=3631 across area (896, 1088) path=3
target scene=203 area=(896, 1088) event=3630 script=34410 mode=2 state=2 player=(928, 1120) pos=(752, 1032) path=10
target scene=203 area=(896, 1088) event=3632 script=34438 mode=2 state=2 player=(800, 1056) pos=(896, 912) path=15
marked destination touch VisitKey { scene: 203, area: (896, 960), event_id: 3620, trigger_script: 1032, trigger_mode: 6, state: 1 }
learned exit AreaKey { scene: 203, anchor: (896, 1088) } event=3620 -> AreaKey { scene: 203, anchor: (896, 960) }
area teleport in scene 203 at frame 17180: (816, 1048) -> (912, 968)
continuing target event=3632 across area (896, 960) path=4
target scene=203 area=(896, 960) event=3633 script=34443 mode=2 state=2 player=(992, 896) pos=(992, 960) path=5
local scripted movement AreaKey { scene: 203, anchor: (896, 960) } near event=3619
area teleport in scene 203 at frame 17197: (992, 912) -> (928, 960)
continuing target event=3633 across area (896, 960) path=0
target scene=203 area=(896, 960) event=3633 script=34449 mode=2 state=2 player=(928, 960) pos=(992, 960) path=1
target scene=203 area=(896, 960) event=3641 script=34712 mode=2 state=1 player=(944, 952) pos=(1216, 736) path=24
learned exit AreaKey { scene: 203, anchor: (896, 960) } event=3616 -> AreaKey { scene: 201, anchor: (160, 112) }
scene 203 -> 201 at frame 17349 position (1024, 640)
scene 201 -> 227 at frame 17349 position (736, 720)
target scene=227 area=(160, 112) event=4267 script=35760 mode=6 state=1 player=(896, 832) pos=(896, 1152) path=36
area teleport in scene 227 at frame 17424: (896, 832) -> (1568, 1696)
continuing target event=4267 across area (1536, 1664) path=104
forcing unreached touch target scene=227 event=4267 script=35760 player=(816, 1624) pos=(896, 1152)
running forced event=4267 script=35760 destination=None
scene 227 -> 235 at frame 17696 position (1520, 1608)
target scene=235 area=(160, 864) event=4383 script=35905 mode=2 state=2 player=(1680, 1720) pos=(1728, 1696) path=0
target scene=235 area=(160, 864) event=4383 script=35908 mode=2 state=2 player=(1680, 1720) pos=(1728, 1696) path=0
target scene=235 area=(160, 864) event=4384 script=35895 mode=2 state=2 player=(1680, 1720) pos=(1680, 1672) path=3
directing unreachable manual event=4387 script=35921 mode=2 state=2
target scene=235 area=(160, 864) event=4387 script=35921 mode=2 state=2 player=(1696, 1696) pos=(1192, 1572) path=0
target scene=235 area=(160, 864) event=4386 script=35915 mode=2 state=2 player=(1696, 1696) pos=(1312, 1456) path=27
target scene=235 area=(160, 864) event=4385 script=35911 mode=2 state=2 player=(1360, 1480) pos=(1312, 1392) path=8
target scene=235 area=(160, 864) event=4396 script=35982 mode=2 state=2 player=(1360, 1416) pos=(1072, 1400) path=163
target scene=235 area=(160, 864) event=4391 script=35951 mode=2 state=2 player=(1056, 1376) pos=(880, 1464) path=78
target scene=235 area=(160, 864) event=4390 script=35948 mode=2 state=2 player=(864, 1440) pos=(864, 1488) path=3
target scene=235 area=(160, 864) event=4389 script=35939 mode=2 state=2 player=(912, 1464) pos=(896, 1504) path=2
target scene=235 area=(160, 864) event=4388 script=35927 mode=2 state=2 player=(880, 1480) pos=(1072, 1576) path=15
target scene=235 area=(160, 864) event=4392 script=35956 mode=2 state=2 player=(1024, 1568) pos=(544, 1264) path=37
target scene=235 area=(160, 864) event=4393 script=35970 mode=2 state=2 player=(592, 1288) pos=(496, 1240) path=5
target scene=235 area=(160, 864) event=4394 script=35974 mode=2 state=2 player=(544, 1248) pos=(592, 1176) path=30
target scene=235 area=(160, 864) event=4395 script=35978 mode=2 state=2 player=(640, 1152) pos=(624, 1192) path=2
target scene=235 area=(160, 864) event=4397 script=35988 mode=2 state=2 player=(672, 1168) pos=(320, 1184) path=19
target scene=235 area=(160, 864) event=4398 script=35993 mode=2 state=2 player=(368, 1176) pos=(144, 1256) path=11
target scene=235 area=(160, 864) event=4382 script=35786 mode=5 state=1 player=(192, 1264) pos=(192, 928) path=41
learned targeted exit AreaKey { scene: 235, anchor: (160, 864) } event=4382 -> AreaKey { scene: 229, anchor: (160, 112) }
learned exit AreaKey { scene: 235, anchor: (160, 864) } event=4382 -> AreaKey { scene: 229, anchor: (160, 112) }
scene 235 -> 229 at frame 18140 position (1056, 1392)
target scene=229 area=(160, 112) event=4282 script=36861 mode=2 state=2 player=(1216, 1504) pos=(1200, 904) path=74
target scene=229 area=(160, 112) event=4281 script=36857 mode=2 state=2 player=(1152, 896) pos=(1088, 848) path=3
target scene=229 area=(160, 112) event=4276 script=36843 mode=2 state=2 player=(1136, 872) pos=(1184, 784) path=8
target scene=229 area=(160, 112) event=4277 script=36846 mode=2 state=2 player=(1232, 808) pos=(1280, 832) path=0
target scene=229 area=(160, 112) event=4279 script=36849 mode=2 state=2 player=(1232, 808) pos=(1264, 760) path=3
target scene=229 area=(160, 112) event=4280 script=36853 mode=2 state=2 player=(1280, 784) pos=(1328, 792) path=0
target scene=229 area=(160, 112) event=4294 script=36808 mode=2 state=2 player=(1280, 784) pos=(944, 936) path=18
target scene=229 area=(160, 112) event=4295 script=36811 mode=2 state=2 player=(992, 928) pos=(1040, 984) path=4
target scene=229 area=(160, 112) event=4292 script=36801 mode=2 state=2 player=(1056, 960) pos=(816, 1000) path=12
target scene=229 area=(160, 112) event=4293 script=36805 mode=2 state=2 player=(864, 1024) pos=(912, 1048) path=0
target scene=229 area=(160, 112) event=4273 script=35486 mode=7 state=1 player=(864, 1024) pos=(1328, 744) path=30
learned targeted exit AreaKey { scene: 229, anchor: (160, 112) } event=4273 -> AreaKey { scene: 236, anchor: (224, 1392) }
learned exit AreaKey { scene: 229, anchor: (160, 112) } event=4273 -> AreaKey { scene: 236, anchor: (224, 1392) }
scene 229 -> 236 at frame 18514 position (480, 1488)
target scene=236 area=(224, 1392) event=4439 script=36909 mode=2 state=2 player=(640, 1600) pos=(832, 1472) path=13
target scene=236 area=(224, 1392) event=4440 script=36914 mode=2 state=2 player=(848, 1496) pos=(896, 1504) path=0
target scene=236 area=(224, 1392) event=4437 script=36886 mode=2 state=2 player=(848, 1496) pos=(1008, 1416) path=7
target scene=236 area=(224, 1392) event=4424 script=36928 mode=1 state=2 player=(960, 1440) pos=(1104, 1368) path=10
target scene=236 area=(224, 1392) event=4423 script=36891 mode=2 state=2 player=(1088, 1360) pos=(1120, 1360) path=0
target scene=236 area=(224, 1392) event=4425 script=36928 mode=1 state=2 player=(1088, 1360) pos=(1104, 1288) path=8
target scene=236 area=(224, 1392) event=4426 script=36928 mode=1 state=2 player=(1120, 1296) pos=(1088, 1280) path=3
target scene=236 area=(224, 1392) event=4427 script=36928 mode=1 state=2 player=(1072, 1288) pos=(1040, 1256) path=3
target scene=236 area=(224, 1392) event=4428 script=36928 mode=1 state=2 player=(1056, 1264) pos=(1008, 1240) path=4
target scene=236 area=(224, 1392) event=4429 script=36928 mode=1 state=2 player=(1024, 1248) pos=(992, 1232) path=3
target scene=236 area=(224, 1392) event=4430 script=36928 mode=1 state=2 player=(976, 1240) pos=(944, 1208) path=3
target scene=236 area=(224, 1392) event=4431 script=36928 mode=1 state=2 player=(960, 1216) pos=(880, 1176) path=6
target scene=236 area=(224, 1392) event=4435 script=36895 mode=2 state=2 player=(896, 1184) pos=(816, 1208) path=2
target scene=236 area=(224, 1392) event=4436 script=36900 mode=2 state=2 player=(864, 1200) pos=(784, 1224) path=2
target scene=236 area=(224, 1392) event=4441 script=36920 mode=2 state=2 player=(832, 1200) pos=(688, 1288) path=48
target scene=236 area=(224, 1392) event=4444 script=36878 mode=2 state=2 player=(704, 1312) pos=(896, 1424) path=11
target scene=236 area=(224, 1392) event=4438 script=36905 mode=2 state=2 player=(880, 1400) pos=(1232, 1368) path=19
target scene=236 area=(224, 1392) event=4434 script=36928 mode=1 state=2 player=(1184, 1344) pos=(1280, 1376) path=5
target scene=236 area=(224, 1392) event=4433 script=36928 mode=1 state=2 player=(1264, 1368) pos=(1328, 1400) path=5
target scene=236 area=(224, 1392) event=4432 script=36928 mode=1 state=2 player=(1312, 1392) pos=(1360, 1416) path=4
target scene=236 area=(224, 1392) event=4442 script=36925 mode=2 state=2 player=(1344, 1408) pos=(1376, 1440) path=1
directing unreachable manual event=4443 script=36868 mode=2 state=2
target scene=236 area=(224, 1392) event=4443 script=36868 mode=2 state=2 player=(1328, 1416) pos=(1468, 1506) path=0
target scene=236 area=(224, 1392) event=4404 script=35526 mode=5 state=1 player=(1328, 1416) pos=(1344, 1248) path=19
learned targeted exit AreaKey { scene: 236, anchor: (224, 1392) } event=4404 -> AreaKey { scene: 238, anchor: (160, 112) }
learned exit AreaKey { scene: 236, anchor: (224, 1392) } event=4404 -> AreaKey { scene: 238, anchor: (160, 112) }
scene 236 -> 238 at frame 18690 position (560, 1544)
target scene=238 area=(160, 112) event=4467 script=36964 mode=5 state=1 player=(720, 1656) pos=(880, 1544) path=14
learned targeted exit AreaKey { scene: 238, anchor: (160, 112) } event=4467 -> AreaKey { scene: 230, anchor: (192, 720) }
learned exit AreaKey { scene: 238, anchor: (160, 112) } event=4467 -> AreaKey { scene: 230, anchor: (192, 720) }
scene 238 -> 230 at frame 18708 position (176, 584)
target scene=230 area=(192, 720) event=4301 script=37012 mode=6 state=1 player=(336, 696) pos=(624, 584) path=22
learned targeted exit AreaKey { scene: 230, anchor: (192, 720) } event=4301 -> AreaKey { scene: 241, anchor: (1056, 1680) }
learned exit AreaKey { scene: 230, anchor: (192, 720) } event=4301 -> AreaKey { scene: 241, anchor: (1056, 1680) }
scene 230 -> 241 at frame 18730 position (1152, 1616)
target scene=241 area=(1056, 1680) event=4471 script=37016 mode=5 state=1 player=(1312, 1728) pos=(1360, 1752) path=2
learned targeted exit AreaKey { scene: 241, anchor: (1056, 1680) } event=4471 -> AreaKey { scene: 230, anchor: (192, 720) }
learned exit AreaKey { scene: 241, anchor: (1056, 1680) } event=4471 -> AreaKey { scene: 230, anchor: (192, 720) }
scene 241 -> 230 at frame 18732 position (512, 496)
target scene=230 area=(192, 720) event=4298 script=36981 mode=5 state=1 player=(672, 608) pos=(1040, 696) path=39
learned targeted exit AreaKey { scene: 230, anchor: (192, 720) } event=4298 -> AreaKey { scene: 242, anchor: (240, 1496) }
learned exit AreaKey { scene: 230, anchor: (192, 720) } event=4298 -> AreaKey { scene: 242, anchor: (240, 1496) }
scene 230 -> 242 at frame 18793 position (336, 1352)
target scene=242 area=(240, 1496) event=4478 script=37040 mode=5 state=1 player=(496, 1464) pos=(864, 928) path=65
learned targeted exit AreaKey { scene: 242, anchor: (240, 1496) } event=4478 -> AreaKey { scene: 243, anchor: (160, 288) }
learned exit AreaKey { scene: 242, anchor: (240, 1496) } event=4478 -> AreaKey { scene: 243, anchor: (160, 288) }
scene 242 -> 243 at frame 18858 position (1584, 1560)
target scene=243 area=(160, 288) event=4495 script=1167 mode=1 state=2 player=(1744, 1672) pos=(800, 1232) path=60
target scene=243 area=(160, 288) event=4495 script=887 mode=1 state=2 player=(1424, 1544) pos=(800, 1232) path=44
target scene=243 area=(160, 288) event=4496 script=1173 mode=1 state=2 player=(1424, 1544) pos=(864, 1200) path=42
target scene=243 area=(160, 288) event=4496 script=887 mode=1 state=2 player=(1488, 1512) pos=(864, 1200) path=40
target scene=243 area=(160, 288) event=4498 script=1179 mode=1 state=2 player=(1488, 1512) pos=(256, 1344) path=92
target scene=243 area=(160, 288) event=4498 script=887 mode=1 state=2 player=(1392, 1640) pos=(256, 1344) path=106
target scene=243 area=(160, 288) event=4499 script=1167 mode=1 state=2 player=(1392, 1640) pos=(288, 1296) path=104
target scene=243 area=(160, 288) event=4499 script=887 mode=1 state=2 player=(1376, 1632) pos=(288, 1296) path=103
target scene=243 area=(160, 288) event=4497 script=1149 mode=1 state=2 player=(1376, 1632) pos=(896, 752) path=127
target scene=243 area=(160, 288) event=4497 script=887 mode=1 state=2 player=(1584, 1480) pos=(896, 752) path=120
target scene=243 area=(160, 288) event=4500 script=1191 mode=1 state=2 player=(1584, 1480) pos=(480, 368) path=172
target scene=243 area=(160, 288) event=4500 script=887 mode=1 state=2 player=(1552, 1480) pos=(480, 368) path=170
target scene=243 area=(160, 288) event=4501 script=1161 mode=1 state=2 player=(1552, 1480) pos=(240, 440) path=169
target scene=243 area=(160, 288) event=4501 script=887 mode=1 state=2 player=(1488, 1512) pos=(240, 440) path=165
target scene=243 area=(160, 288) event=4483 script=37056 mode=5 state=1 player=(1488, 1512) pos=(304, 376) path=164
forcing unreached touch target scene=243 event=4483 script=37056 player=(1552, 1480) pos=(304, 376)
running forced event=4483 script=37056 destination=Some(244)
scene 243 -> 244 at frame 20927 position (1536, 1456)
target scene=244 area=(160, 112) event=4517 script=2049 mode=1 state=2 player=(1696, 1568) pos=(1568, 1264) path=67
target scene=244 area=(160, 112) event=4517 script=887 mode=1 state=2 player=(1552, 1272) pos=(1568, 1264) path=0
target scene=244 area=(160, 112) event=4519 script=2007 mode=1 state=2 player=(1552, 1272) pos=(1040, 1032) path=61
target scene=244 area=(160, 112) event=4519 script=887 mode=1 state=2 player=(1056, 1040) pos=(1040, 1032) path=0
target scene=244 area=(160, 112) event=4518 script=2049 mode=1 state=2 player=(1056, 1040) pos=(928, 976) path=9
target scene=244 area=(160, 112) event=4518 script=887 mode=1 state=2 player=(944, 984) pos=(928, 976) path=0
target scene=244 area=(160, 112) event=4521 script=2007 mode=1 state=2 player=(944, 984) pos=(320, 992) path=96
target scene=244 area=(160, 112) event=4521 script=887 mode=1 state=2 player=(336, 1000) pos=(320, 992) path=0
target scene=244 area=(160, 112) event=4520 script=2007 mode=1 state=2 player=(336, 1000) pos=(256, 1024) path=4
target scene=244 area=(160, 112) event=4520 script=887 mode=1 state=2 player=(272, 1032) pos=(256, 1024) path=0
target scene=244 area=(160, 112) event=4516 script=2049 mode=1 state=2 player=(272, 1032) pos=(1120, 1776) path=104
target scene=244 area=(160, 112) event=4516 script=887 mode=1 state=2 player=(1104, 1768) pos=(1120, 1776) path=0
target scene=244 area=(160, 112) event=4504 script=37072 mode=5 state=1 player=(1104, 1768) pos=(992, 752) path=149
learned targeted exit AreaKey { scene: 244, anchor: (160, 112) } event=4504 -> AreaKey { scene: 246, anchor: (560, 872) }
learned exit AreaKey { scene: 244, anchor: (160, 112) } event=4504 -> AreaKey { scene: 246, anchor: (560, 872) }
scene 244 -> 246 at frame 21417 position (960, 992)
target scene=246 area=(560, 872) event=4564 script=37080 mode=2 state=1 player=(1120, 1104) pos=(1504, 640) path=55
target scene=246 area=(560, 872) event=4562 script=37068 mode=5 state=1 player=(1488, 664) pos=(560, 888) path=56
learned targeted exit AreaKey { scene: 246, anchor: (560, 872) } event=4562 -> AreaKey { scene: 244, anchor: (160, 112) }
learned exit AreaKey { scene: 246, anchor: (560, 872) } event=4562 -> AreaKey { scene: 244, anchor: (160, 112) }
scene 246 -> 244 at frame 21528 position (560, 536)
target scene=244 area=(160, 112) event=4503 script=37064 mode=5 state=1 player=(720, 648) pos=(752, 632) path=1
learned targeted exit AreaKey { scene: 244, anchor: (160, 112) } event=4503 -> AreaKey { scene: 246, anchor: (560, 872) }
learned exit AreaKey { scene: 244, anchor: (160, 112) } event=4503 -> AreaKey { scene: 246, anchor: (560, 872) }
scene 244 -> 246 at frame 21529 position (464, 744)
target scene=246 area=(560, 872) event=4563 script=37076 mode=5 state=1 player=(624, 856) pos=(1056, 1136) path=55
learned targeted exit AreaKey { scene: 246, anchor: (560, 872) } event=4563 -> AreaKey { scene: 244, anchor: (160, 112) }
learned exit AreaKey { scene: 246, anchor: (560, 872) } event=4563 -> AreaKey { scene: 244, anchor: (160, 112) }
scene 246 -> 244 at frame 21584 position (800, 656)
target scene=244 area=(160, 112) event=4502 script=37060 mode=5 state=1 player=(960, 768) pos=(1760, 1600) path=213
learned targeted exit AreaKey { scene: 244, anchor: (160, 112) } event=4502 -> AreaKey { scene: 243, anchor: (160, 288) }
learned exit AreaKey { scene: 244, anchor: (160, 112) } event=4502 -> AreaKey { scene: 243, anchor: (160, 288) }
scene 244 -> 243 at frame 21797 position (176, 280)
target scene=243 area=(160, 288) event=4482 script=37044 mode=5 state=1 player=(336, 392) pos=(1808, 1704) path=183
learned targeted exit AreaKey { scene: 243, anchor: (160, 288) } event=4482 -> AreaKey { scene: 242, anchor: (240, 1496) }
learned exit AreaKey { scene: 243, anchor: (160, 288) } event=4482 -> AreaKey { scene: 242, anchor: (240, 1496) }
scene 243 -> 242 at frame 21980 position (752, 840)
target scene=242 area=(240, 1496) event=4479 script=37048 mode=5 state=1 player=(912, 952) pos=(1184, 928) path=15
learned targeted exit AreaKey { scene: 242, anchor: (240, 1496) } event=4479 -> AreaKey { scene: 245, anchor: (256, 1360) }
learned exit AreaKey { scene: 242, anchor: (240, 1496) } event=4479 -> AreaKey { scene: 245, anchor: (256, 1360) }
scene 242 -> 245 at frame 21995 position (816, 1768)
target scene=245 area=(256, 1360) event=4543 script=37157 mode=1 state=2 player=(976, 1880) pos=(560, 1448) path=61
target scene=245 area=(256, 1360) event=4543 script=37157 mode=0 state=1 player=(544, 1456) pos=(560, 1448) path=0
target scene=245 area=(256, 1360) event=4545 script=37162 mode=1 state=2 player=(544, 1456) pos=(1376, 1056) path=71
target scene=245 area=(256, 1360) event=4545 script=37162 mode=0 state=1 player=(1360, 1064) pos=(1376, 1056) path=0
target scene=245 area=(256, 1360) event=4559 script=1851 mode=1 state=2 player=(1360, 1064) pos=(1424, 968) path=11
target scene=245 area=(256, 1360) event=4559 script=887 mode=1 state=2 player=(1440, 976) pos=(1424, 968) path=0
target scene=245 area=(256, 1360) event=4561 script=2007 mode=1 state=2 player=(1440, 976) pos=(1712, 952) path=44
target scene=245 area=(256, 1360) event=4561 script=887 mode=1 state=2 player=(1696, 944) pos=(1712, 952) path=0
target scene=245 area=(256, 1360) event=4547 script=37167 mode=1 state=2 player=(1696, 944) pos=(1136, 840) path=36
target scene=245 area=(256, 1360) event=4547 script=37167 mode=0 state=1 player=(1120, 848) pos=(1136, 840) path=0
target scene=245 area=(256, 1360) event=4558 script=1851 mode=1 state=2 player=(1120, 848) pos=(1280, 768) path=9
target scene=245 area=(256, 1360) event=4558 script=887 mode=1 state=2 player=(1264, 776) pos=(1280, 768) path=0
target scene=245 area=(256, 1360) event=4560 script=1725 mode=1 state=2 player=(1264, 776) pos=(1152, 704) path=8
target scene=245 area=(256, 1360) event=4560 script=887 mode=1 state=2 player=(1168, 712) pos=(1152, 704) path=0
target scene=245 area=(256, 1360) event=4522 script=37052 mode=5 state=1 player=(1168, 712) pos=(912, 1912) path=170
checkpoint iterations=20000 scene=245 position=(672, 1520)
learned targeted exit AreaKey { scene: 245, anchor: (256, 1360) } event=4522 -> AreaKey { scene: 242, anchor: (240, 1496) }
learned exit AreaKey { scene: 245, anchor: (256, 1360) } event=4522 -> AreaKey { scene: 242, anchor: (240, 1496) }
scene 245 -> 242 at frame 22405 position (976, 840)
target scene=242 area=(240, 1496) event=4477 script=37000 mode=5 state=1 player=(1136, 952) pos=(464, 1480) path=64
learned targeted exit AreaKey { scene: 242, anchor: (240, 1496) } event=4477 -> AreaKey { scene: 230, anchor: (192, 720) }
learned exit AreaKey { scene: 242, anchor: (240, 1496) } event=4477 -> AreaKey { scene: 230, anchor: (192, 720) }
scene 242 -> 230 at frame 22469 position (848, 600)
target scene=230 area=(192, 720) event=4300 script=37004 mode=6 state=1 player=(1008, 712) pos=(816, 488) path=50
learned targeted exit AreaKey { scene: 230, anchor: (192, 720) } event=4300 -> AreaKey { scene: 241, anchor: (1056, 1680) }
learned exit AreaKey { scene: 230, anchor: (192, 720) } event=4300 -> AreaKey { scene: 241, anchor: (1056, 1680) }
scene 230 -> 241 at frame 22519 position (1440, 1472)
target scene=241 area=(1056, 1680) event=4470 script=37008 mode=5 state=1 player=(1600, 1584) pos=(1648, 1608) path=2
learned targeted exit AreaKey { scene: 241, anchor: (1056, 1680) } event=4470 -> AreaKey { scene: 230, anchor: (192, 720) }
learned exit AreaKey { scene: 241, anchor: (1056, 1680) } event=4470 -> AreaKey { scene: 230, anchor: (192, 720) }
scene 241 -> 230 at frame 22521 position (704, 400)
target scene=230 area=(192, 720) event=4302 script=37020 mode=6 state=1 player=(864, 512) pos=(1216, 480) path=19
learned targeted exit AreaKey { scene: 230, anchor: (192, 720) } event=4302 -> AreaKey { scene: 241, anchor: (624, 664) }
learned exit AreaKey { scene: 230, anchor: (192, 720) } event=4302 -> AreaKey { scene: 241, anchor: (624, 664) }
scene 230 -> 241 at frame 22540 position (528, 584)
target scene=241 area=(624, 664) event=4472 script=37024 mode=5 state=1 player=(688, 696) pos=(624, 728) path=3
learned targeted exit AreaKey { scene: 241, anchor: (624, 664) } event=4472 -> AreaKey { scene: 230, anchor: (192, 720) }
learned exit AreaKey { scene: 241, anchor: (624, 664) } event=4472 -> AreaKey { scene: 230, anchor: (192, 720) }
scene 241 -> 230 at frame 22543 position (1008, 392)
target scene=230 area=(192, 720) event=4303 script=37028 mode=6 state=1 player=(1168, 504) pos=(1440, 592) path=16
learned targeted exit AreaKey { scene: 230, anchor: (192, 720) } event=4303 -> AreaKey { scene: 241, anchor: (624, 664) }
learned exit AreaKey { scene: 230, anchor: (192, 720) } event=4303 -> AreaKey { scene: 241, anchor: (624, 664) }
scene 230 -> 241 at frame 22559 position (1008, 936)
target scene=241 area=(624, 664) event=4473 script=37036 mode=5 state=1 player=(1168, 1048) pos=(1104, 1080) path=3
learned targeted exit AreaKey { scene: 241, anchor: (624, 664) } event=4473 -> AreaKey { scene: 230, anchor: (192, 720) }
learned exit AreaKey { scene: 241, anchor: (624, 664) } event=4473 -> AreaKey { scene: 230, anchor: (192, 720) }
scene 241 -> 230 at frame 22562 position (1456, 616)
target scene=230 area=(192, 720) event=4304 script=37032 mode=6 state=1 player=(1616, 728) pos=(1664, 704) path=1
learned targeted exit AreaKey { scene: 230, anchor: (192, 720) } event=4304 -> AreaKey { scene: 241, anchor: (624, 664) }
learned exit AreaKey { scene: 230, anchor: (192, 720) } event=4304 -> AreaKey { scene: 241, anchor: (624, 664) }
scene 230 -> 241 at frame 22563 position (1008, 936)
target scene=241 area=(624, 664) event=4473 script=37036 mode=5 state=1 player=(1168, 1048) pos=(1104, 1080) path=3
learned targeted exit AreaKey { scene: 241, anchor: (624, 664) } event=4473 -> AreaKey { scene: 230, anchor: (192, 720) }
learned exit AreaKey { scene: 241, anchor: (624, 664) } event=4473 -> AreaKey { scene: 230, anchor: (192, 720) }
scene 241 -> 230 at frame 22566 position (1456, 616)
target scene=230 area=(192, 720) event=4297 script=36973 mode=5 state=1 player=(1616, 728) pos=(304, 680) path=80
learned targeted exit AreaKey { scene: 230, anchor: (192, 720) } event=4297 -> AreaKey { scene: 238, anchor: (160, 112) }
learned exit AreaKey { scene: 230, anchor: (192, 720) } event=4297 -> AreaKey { scene: 238, anchor: (160, 112) }
scene 230 -> 238 at frame 22650 position (688, 1416)
target scene=238 area=(160, 112) event=4466 script=35530 mode=5 state=1 player=(848, 1528) pos=(672, 1680) path=17
learned targeted exit AreaKey { scene: 238, anchor: (160, 112) } event=4466 -> AreaKey { scene: 236, anchor: (224, 1392) }
learned exit AreaKey { scene: 238, anchor: (160, 112) } event=4466 -> AreaKey { scene: 236, anchor: (224, 1392) }
scene 238 -> 236 at frame 22667 position (1136, 1160)
target scene=236 area=(224, 1392) event=4402 script=35510 mode=5 state=1 player=(1296, 1272) pos=(1696, 1440) path=23
learned targeted exit AreaKey { scene: 236, anchor: (224, 1392) } event=4402 -> AreaKey { scene: 237, anchor: (224, 1472) }
learned exit AreaKey { scene: 236, anchor: (224, 1392) } event=4402 -> AreaKey { scene: 237, anchor: (224, 1472) }
scene 236 -> 237 at frame 22690 position (544, 1584)
target scene=237 area=(224, 1472) event=4448 script=36931 mode=2 state=2 player=(704, 1696) pos=(912, 1336) path=42
target scene=237 area=(224, 1472) event=4449 script=36940 mode=2 state=2 player=(960, 1360) pos=(976, 1368) path=0
target scene=237 area=(224, 1472) event=4450 script=36952 mode=2 state=2 player=(960, 1360) pos=(1568, 1280) path=35
target scene=237 area=(224, 1472) event=4447 script=35534 mode=5 state=1 player=(1520, 1256) pos=(1824, 1456) path=23
learned targeted exit AreaKey { scene: 237, anchor: (224, 1472) } event=4447 -> AreaKey { scene: 228, anchor: (160, 112) }
learned exit AreaKey { scene: 237, anchor: (224, 1472) } event=4447 -> AreaKey { scene: 228, anchor: (160, 112) }
scene 237 -> 228 at frame 22790 position (400, 712)
target scene=228 area=(160, 112) event=4270 script=36238 mode=5 state=2 player=(560, 824) pos=(1424, 1048) path=54
learned targeted exit AreaKey { scene: 228, anchor: (160, 112) } event=4270 -> AreaKey { scene: 234, anchor: (160, 112) }
scene 228 -> 234 at frame 22905 position (1296, 936)
target scene=234 area=(160, 112) event=4380 script=36449 mode=5 state=1 player=(1456, 1048) pos=(1232, 1160) path=13
area teleport in scene 234 at frame 22906: (1456, 1048) -> (1392, 1096)
continuing target event=4380 across area (1344, 1088) path=8
learned targeted exit AreaKey { scene: 234, anchor: (1344, 1088) } event=4380 -> AreaKey { scene: 233, anchor: (160, 112) }
learned exit AreaKey { scene: 234, anchor: (1344, 1088) } event=4380 -> AreaKey { scene: 233, anchor: (160, 112) }
scene 234 -> 233 at frame 23038 position (1056, 1056)
target scene=233 area=(160, 112) event=4355 script=1995 mode=1 state=2 player=(1216, 1168) pos=(496, 1384) path=108
area teleport in scene 233 at frame 23039: (1216, 1168) -> (320, 368)
continuing target event=4355 across area (320, 320) path=126
target scene=233 area=(320, 320) event=4355 script=887 mode=1 state=2 player=(512, 1376) pos=(496, 1384) path=0
target scene=233 area=(320, 320) event=4356 script=1989 mode=1 state=2 player=(512, 1376) pos=(320, 1440) path=11
target scene=233 area=(320, 320) event=4356 script=887 mode=1 state=2 player=(336, 1448) pos=(320, 1440) path=0
target scene=233 area=(320, 320) event=4357 script=2025 mode=1 state=2 player=(336, 1448) pos=(720, 1704) path=159
target scene=233 area=(320, 320) event=4357 script=887 mode=1 state=2 player=(736, 1696) pos=(720, 1704) path=0
target scene=233 area=(320, 320) event=4354 script=2007 mode=1 state=2 player=(736, 1696) pos=(736, 576) path=183
target scene=233 area=(320, 320) event=4354 script=887 mode=1 state=2 player=(752, 584) pos=(736, 576) path=0
target scene=233 area=(320, 320) event=4353 script=2013 mode=1 state=2 player=(752, 584) pos=(1568, 336) path=348
target scene=233 area=(320, 320) event=4353 script=887 mode=1 state=2 player=(608, 688) pos=(1568, 336) path=81
target scene=233 area=(320, 320) event=4349 script=35546 mode=5 state=1 player=(1552, 328) pos=(1808, 1144) path=307
learned targeted exit AreaKey { scene: 233, anchor: (320, 320) } event=4349 -> AreaKey { scene: 231, anchor: (160, 112) }
learned exit AreaKey { scene: 233, anchor: (320, 320) } event=4349 -> AreaKey { scene: 231, anchor: (160, 112) }
scene 233 -> 231 at frame 24268 position (160, 256)
target scene=231 area=(160, 112) event=4323 script=2049 mode=1 state=2 player=(320, 368) pos=(368, 568) path=464
target scene=231 area=(160, 112) event=4323 script=887 mode=1 state=2 player=(384, 576) pos=(368, 568) path=0
target scene=231 area=(160, 112) event=4322 script=2001 mode=1 state=2 player=(384, 576) pos=(1024, 640) path=39
target scene=231 area=(160, 112) event=4322 script=887 mode=1 state=2 player=(1008, 632) pos=(1024, 640) path=0
target scene=231 area=(160, 112) event=4317 script=2019 mode=1 state=2 player=(1008, 632) pos=(1072, 408) path=331
target scene=231 area=(160, 112) event=4317 script=887 mode=1 state=2 player=(1088, 416) pos=(1072, 408) path=0
target scene=231 area=(160, 112) event=4318 script=2025 mode=1 state=2 player=(1088, 416) pos=(1744, 744) path=40
target scene=231 area=(160, 112) event=4318 script=887 mode=1 state=2 player=(1728, 736) pos=(1744, 744) path=0
target scene=231 area=(160, 112) event=4319 script=2007 mode=1 state=2 player=(1728, 736) pos=(1568, 1024) path=107
target scene=231 area=(160, 112) event=4319 script=887 mode=1 state=2 player=(1584, 1032) pos=(1568, 1024) path=0
target scene=231 area=(160, 112) event=4312 script=36677 mode=0 state=1 player=(1584, 1032) pos=(1616, 1048) path=1
target scene=231 area=(160, 112) event=4321 script=2013 mode=1 state=2 player=(1600, 1040) pos=(1072, 1096) path=188
target scene=231 area=(160, 112) event=4321 script=887 mode=1 state=2 player=(1088, 1104) pos=(1072, 1096) path=0
target scene=231 area=(160, 112) event=4324 script=2007 mode=1 state=2 player=(1088, 1104) pos=(544, 944) path=149
target scene=231 area=(160, 112) event=4324 script=887 mode=1 state=2 player=(560, 936) pos=(544, 944) path=0
target scene=231 area=(160, 112) event=4320 script=1983 mode=1 state=2 player=(560, 936) pos=(304, 1592) path=177
target scene=231 area=(160, 112) event=4320 script=887 mode=1 state=2 player=(320, 1584) pos=(304, 1592) path=0
target scene=231 area=(160, 112) event=4341 script=40975 mode=5 state=2 player=(320, 1584) pos=(392, 1612) path=3
target scene=231 area=(160, 112) event=4314 script=36683 mode=6 state=1 player=(368, 1608) pos=(352, 1440) path=239
learned targeted exit AreaKey { scene: 231, anchor: (160, 112) } event=4314 -> AreaKey { scene: 232, anchor: (160, 112) }
learned exit AreaKey { scene: 231, anchor: (160, 112) } event=4314 -> AreaKey { scene: 232, anchor: (160, 112) }
scene 231 -> 232 at frame 26070 position (240, 1272)
area teleport in scene 232 at frame 26105: (400, 1384) -> (528, 1464)
directing unreachable manual event=4348 script=36782 mode=0 state=1
target scene=232 area=(512, 1408) event=4348 script=36782 mode=0 state=1 player=(528, 1464) pos=(530, 1435) path=0
target scene=232 area=(512, 1408) event=4348 script=36782 mode=7 state=1 player=(528, 1464) pos=(530, 1435) path=0
learned targeted exit AreaKey { scene: 232, anchor: (512, 1408) } event=4348 -> AreaKey { scene: 247, anchor: (160, 112) }
learned exit AreaKey { scene: 232, anchor: (512, 1408) } event=4348 -> AreaKey { scene: 247, anchor: (160, 112) }
scene 232 -> 247 at frame 26163 position (1280, 1808)
target scene=247 area=(160, 112) event=4571 script=37176 mode=6 state=1 player=(1440, 1920) pos=(1504, 960) path=116
area teleport in scene 247 at frame 26253: (1440, 1920) -> (976, 728)
continuing target event=4571 across area (960, 704) path=29
learned targeted exit AreaKey { scene: 247, anchor: (960, 704) } event=4571 -> AreaKey { scene: 250, anchor: (160, 112) }
learned exit AreaKey { scene: 247, anchor: (960, 704) } event=4571 -> AreaKey { scene: 250, anchor: (160, 112) }
scene 247 -> 250 at frame 26282 position (48, 72)
target scene=250 area=(160, 112) event=4596 script=37239 mode=7 state=1 player=(208, 184) pos=(1856, 1952) path=215
learned targeted exit AreaKey { scene: 250, anchor: (160, 112) } event=4596 -> AreaKey { scene: 248, anchor: (160, 1056) }
learned exit AreaKey { scene: 250, anchor: (160, 112) } event=4596 -> AreaKey { scene: 248, anchor: (160, 1056) }
scene 250 -> 248 at frame 26497 position (176, 1064)
target scene=248 area=(160, 1056) event=4585 script=38011 mode=2 state=2 player=(336, 1176) pos=(1344, 1168) path=60
target scene=248 area=(160, 1056) event=4585 script=38015 mode=2 state=2 player=(1312, 1152) pos=(1344, 1168) path=0
target scene=248 area=(160, 1056) event=4587 script=37963 mode=2 state=2 player=(1312, 1152) pos=(1152, 736) path=49
target scene=248 area=(160, 1056) event=4587 script=37977 mode=2 state=2 player=(1200, 760) pos=(1152, 736) path=0
target scene=248 area=(160, 1056) event=4586 script=37934 mode=2 state=2 player=(1200, 760) pos=(1072, 744) path=5
target scene=248 area=(160, 1056) event=4586 script=37953 mode=2 state=2 player=(1120, 768) pos=(1072, 744) path=0
target scene=248 area=(160, 1056) event=4581 script=37247 mode=5 state=1 player=(1120, 768) pos=(1264, 600) path=19
learned targeted exit AreaKey { scene: 248, anchor: (160, 1056) } event=4581 -> AreaKey { scene: 251, anchor: (160, 112) }
learned exit AreaKey { scene: 248, anchor: (160, 1056) } event=4581 -> AreaKey { scene: 251, anchor: (160, 112) }
scene 248 -> 251 at frame 26630 position (880, 1560)
target scene=251 area=(160, 112) event=4622 script=37513 mode=2 state=2 player=(1040, 1672) pos=(1040, 1624) path=3
target scene=251 area=(160, 112) event=4622 script=37529 mode=2 state=2 player=(1072, 1656) pos=(1088, 1648) path=0
target scene=251 area=(160, 112) event=4613 script=37192 mode=5 state=1 player=(1072, 1656) pos=(992, 1472) path=21
learned targeted exit AreaKey { scene: 251, anchor: (160, 112) } event=4613 -> AreaKey { scene: 252, anchor: (400, 1160) }
learned exit AreaKey { scene: 251, anchor: (160, 112) } event=4613 -> AreaKey { scene: 252, anchor: (400, 1160) }
scene 251 -> 252 at frame 26667 position (480, 1152)
target scene=252 area=(400, 1160) event=4623 script=37188 mode=5 state=1 player=(640, 1264) pos=(688, 1288) path=2
learned targeted exit AreaKey { scene: 252, anchor: (400, 1160) } event=4623 -> AreaKey { scene: 251, anchor: (160, 112) }
learned exit AreaKey { scene: 252, anchor: (400, 1160) } event=4623 -> AreaKey { scene: 251, anchor: (160, 112) }
scene 252 -> 251 at frame 26669 position (864, 1376)
target scene=251 area=(160, 112) event=4620 script=33 mode=4 state=1 player=(1024, 1488) pos=(1248, 1456) path=16
learned targeted exit AreaKey { scene: 251, anchor: (160, 112) } event=4620 -> AreaKey { scene: 251, anchor: (1152, 1344) }
marked destination touch VisitKey { scene: 251, area: (1152, 1344), event_id: 4620, trigger_script: 33, trigger_mode: 4, state: 1 }
learned exit AreaKey { scene: 251, anchor: (160, 112) } event=4620 -> AreaKey { scene: 251, anchor: (1152, 1344) }
area teleport in scene 251 at frame 26698: (1248, 1456) -> (1152, 1360)
target scene=251 area=(1152, 1344) event=4621 script=60 mode=4 state=1 player=(1152, 1360) pos=(1168, 1368) path=1
learned targeted exit AreaKey { scene: 251, anchor: (1152, 1344) } event=4621 -> AreaKey { scene: 251, anchor: (1216, 1408) }
marked destination touch VisitKey { scene: 251, area: (1216, 1408), event_id: 4621, trigger_script: 60, trigger_mode: 4, state: 1 }
learned exit AreaKey { scene: 251, anchor: (1152, 1344) } event=4621 -> AreaKey { scene: 251, anchor: (1216, 1408) }
area teleport in scene 251 at frame 26712: (1168, 1368) -> (1264, 1464)
target scene=251 area=(1216, 1408) event=4620 script=33 mode=4 state=1 player=(1264, 1464) pos=(1248, 1456) path=1
learned targeted exit AreaKey { scene: 251, anchor: (1216, 1408) } event=4620 -> AreaKey { scene: 251, anchor: (1152, 1344) }
marked destination touch VisitKey { scene: 251, area: (1152, 1344), event_id: 4620, trigger_script: 33, trigger_mode: 4, state: 1 }
learned exit AreaKey { scene: 251, anchor: (1216, 1408) } event=4620 -> AreaKey { scene: 251, anchor: (1152, 1344) }
area teleport in scene 251 at frame 26726: (1248, 1456) -> (1152, 1360)
target scene=251 area=(1152, 1344) event=4615 script=37208 mode=5 state=1 player=(1152, 1360) pos=(1280, 1328) path=7
learned targeted exit AreaKey { scene: 251, anchor: (1152, 1344) } event=4615 -> AreaKey { scene: 252, anchor: (400, 344) }
learned exit AreaKey { scene: 251, anchor: (1152, 1344) } event=4615 -> AreaKey { scene: 252, anchor: (400, 344) }
scene 251 -> 252 at frame 26733 position (304, 264)
target scene=252 area=(400, 344) event=4625 script=37204 mode=5 state=1 player=(464, 376) pos=(416, 400) path=2
learned targeted exit AreaKey { scene: 252, anchor: (400, 344) } event=4625 -> AreaKey { scene: 251, anchor: (160, 112) }
learned exit AreaKey { scene: 252, anchor: (400, 344) } event=4625 -> AreaKey { scene: 251, anchor: (160, 112) }
scene 252 -> 251 at frame 26735 position (1088, 1232)
target scene=251 area=(160, 112) event=4621 script=60 mode=4 state=1 player=(1248, 1344) pos=(1168, 1368) path=7
learned targeted exit AreaKey { scene: 251, anchor: (160, 112) } event=4621 -> AreaKey { scene: 251, anchor: (1216, 1408) }
marked destination touch VisitKey { scene: 251, area: (1216, 1408), event_id: 4621, trigger_script: 60, trigger_mode: 4, state: 1 }
learned exit AreaKey { scene: 251, anchor: (160, 112) } event=4621 -> AreaKey { scene: 251, anchor: (1216, 1408) }
area teleport in scene 251 at frame 26755: (1168, 1368) -> (1264, 1464)
target scene=251 area=(1216, 1408) event=4617 script=37224 mode=5 state=1 player=(1264, 1464) pos=(1312, 1440) path=2
learned targeted exit AreaKey { scene: 251, anchor: (1216, 1408) } event=4617 -> AreaKey { scene: 252, anchor: (1168, 728) }
learned exit AreaKey { scene: 251, anchor: (1216, 1408) } event=4617 -> AreaKey { scene: 252, anchor: (1168, 728) }
scene 251 -> 252 at frame 26757 position (1072, 648)
target scene=252 area=(1168, 728) event=4627 script=37220 mode=5 state=1 player=(1232, 760) pos=(1184, 784) path=2
learned targeted exit AreaKey { scene: 252, anchor: (1168, 728) } event=4627 -> AreaKey { scene: 251, anchor: (160, 112) }
learned exit AreaKey { scene: 252, anchor: (1168, 728) } event=4627 -> AreaKey { scene: 251, anchor: (160, 112) }
scene 252 -> 251 at frame 26759 position (1120, 1344)
target scene=251 area=(160, 112) event=4617 script=37224 mode=5 state=1 player=(1280, 1456) pos=(1312, 1440) path=1
learned targeted exit AreaKey { scene: 251, anchor: (160, 112) } event=4617 -> AreaKey { scene: 252, anchor: (1168, 728) }
learned exit AreaKey { scene: 251, anchor: (160, 112) } event=4617 -> AreaKey { scene: 252, anchor: (1168, 728) }
scene 251 -> 252 at frame 26760 position (1072, 648)
target scene=252 area=(1168, 728) event=4627 script=37220 mode=5 state=1 player=(1232, 760) pos=(1184, 784) path=2
learned targeted exit AreaKey { scene: 252, anchor: (1168, 728) } event=4627 -> AreaKey { scene: 251, anchor: (160, 112) }
learned exit AreaKey { scene: 252, anchor: (1168, 728) } event=4627 -> AreaKey { scene: 251, anchor: (160, 112) }
scene 252 -> 251 at frame 26762 position (1120, 1344)
target scene=251 area=(160, 112) event=4615 script=37208 mode=5 state=1 player=(1280, 1456) pos=(1280, 1328) path=52
learned exit AreaKey { scene: 251, anchor: (160, 112) } event=4614 -> AreaKey { scene: 252, anchor: (512, 784) }
scene 251 -> 252 at frame 26773 position (400, 664)
target scene=252 area=(512, 784) event=4624 script=37196 mode=5 state=1 player=(560, 776) pos=(512, 800) path=2
learned targeted exit AreaKey { scene: 252, anchor: (512, 784) } event=4624 -> AreaKey { scene: 251, anchor: (160, 112) }
learned exit AreaKey { scene: 252, anchor: (512, 784) } event=4624 -> AreaKey { scene: 251, anchor: (160, 112) }
scene 252 -> 251 at frame 26775 position (1296, 1432)
target scene=251 area=(160, 112) event=4616 script=37216 mode=5 state=1 player=(1456, 1544) pos=(1600, 1488) path=85
learned exit AreaKey { scene: 251, anchor: (160, 112) } event=4619 -> AreaKey { scene: 248, anchor: (160, 1056) }
scene 251 -> 248 at frame 26802 position (1072, 504)
target scene=248 area=(160, 1056) event=4582 script=37255 mode=5 state=1 player=(1232, 616) pos=(1280, 960) path=46
learned targeted exit AreaKey { scene: 248, anchor: (160, 1056) } event=4582 -> AreaKey { scene: 253, anchor: (544, 1536) }
learned exit AreaKey { scene: 248, anchor: (160, 1056) } event=4582 -> AreaKey { scene: 253, anchor: (544, 1536) }
scene 248 -> 253 at frame 26848 position (528, 1528)
target scene=253 area=(544, 1536) event=4632 script=37987 mode=2 state=2 player=(688, 1640) pos=(928, 1408) path=30
target scene=253 area=(544, 1536) event=4633 script=37991 mode=2 state=1 player=(880, 1400) pos=(960, 1408) path=2
directing unreachable manual event=4634 script=37996 mode=2 state=2
target scene=253 area=(544, 1536) event=4634 script=37996 mode=2 state=2 player=(912, 1384) pos=(448, 992) path=0
directing unreachable manual event=4634 script=38001 mode=2 state=2
target scene=253 area=(544, 1536) event=4634 script=38001 mode=2 state=2 player=(912, 1384) pos=(448, 992) path=0
directing unreachable manual event=4634 script=38006 mode=2 state=2
target scene=253 area=(544, 1536) event=4634 script=38006 mode=2 state=2 player=(912, 1384) pos=(448, 992) path=0
target scene=253 area=(544, 1536) event=4629 script=37259 mode=5 state=1 player=(912, 1384) pos=(640, 1664) path=33
learned targeted exit AreaKey { scene: 253, anchor: (544, 1536) } event=4629 -> AreaKey { scene: 248, anchor: (160, 1056) }
learned exit AreaKey { scene: 253, anchor: (544, 1536) } event=4629 -> AreaKey { scene: 248, anchor: (160, 1056) }
scene 253 -> 248 at frame 26913 position (1088, 864)
target scene=248 area=(160, 1056) event=4579 script=37279 mode=6 state=1 player=(1248, 976) pos=(1712, 1128) path=29
learned targeted exit AreaKey { scene: 248, anchor: (160, 1056) } event=4579 -> AreaKey { scene: 254, anchor: (160, 1648) }
learned exit AreaKey { scene: 248, anchor: (160, 1056) } event=4579 -> AreaKey { scene: 254, anchor: (160, 1648) }
scene 248 -> 254 at frame 26942 position (80, 1528)
target scene=254 area=(160, 1648) event=4640 script=38020 mode=2 state=2 player=(240, 1640) pos=(1056, 1424) path=48
target scene=254 area=(160, 1648) event=4640 script=38024 mode=2 state=2 player=(1008, 1400) pos=(1056, 1424) path=0
target scene=254 area=(160, 1648) event=4637 script=37295 mode=5 state=1 player=(1008, 1400) pos=(672, 1232) path=25
learned targeted exit AreaKey { scene: 254, anchor: (160, 1648) } event=4637 -> AreaKey { scene: 256, anchor: (608, 544) }
learned exit AreaKey { scene: 254, anchor: (160, 1648) } event=4637 -> AreaKey { scene: 256, anchor: (608, 544) }
scene 254 -> 256 at frame 27015 position (528, 488)
target scene=256 area=(608, 544) event=4648 script=37904 mode=2 state=2 player=(688, 600) pos=(880, 568) path=9
target scene=256 area=(608, 544) event=4647 script=37299 mode=5 state=1 player=(832, 544) pos=(640, 624) path=10
learned targeted exit AreaKey { scene: 256, anchor: (608, 544) } event=4647 -> AreaKey { scene: 254, anchor: (160, 1648) }
learned exit AreaKey { scene: 256, anchor: (608, 544) } event=4647 -> AreaKey { scene: 254, anchor: (160, 1648) }
scene 256 -> 254 at frame 27034 position (480, 1136)
target scene=254 area=(160, 1648) event=4636 script=37303 mode=5 state=1 player=(640, 1248) pos=(416, 1328) path=29
learned targeted exit AreaKey { scene: 254, anchor: (160, 1648) } event=4636 -> AreaKey { scene: 257, anchor: (560, 808) }
learned exit AreaKey { scene: 254, anchor: (160, 1648) } event=4636 -> AreaKey { scene: 257, anchor: (560, 808) }
scene 254 -> 257 at frame 27063 position (512, 768)
target scene=257 area=(560, 808) event=4650 script=37894 mode=2 state=2 player=(672, 880) pos=(880, 776) path=10
target scene=257 area=(560, 808) event=4650 script=37899 mode=2 state=2 player=(832, 800) pos=(880, 776) path=0
target scene=257 area=(560, 808) event=4649 script=37307 mode=5 state=1 player=(832, 800) pos=(624, 904) path=12
learned targeted exit AreaKey { scene: 257, anchor: (560, 808) } event=4649 -> AreaKey { scene: 254, anchor: (160, 1648) }
learned exit AreaKey { scene: 257, anchor: (560, 808) } event=4649 -> AreaKey { scene: 254, anchor: (160, 1648) }
scene 257 -> 254 at frame 27085 position (224, 1232)
target scene=254 area=(160, 1648) event=4638 script=37287 mode=5 state=1 player=(384, 1344) pos=(640, 1680) path=47
learned targeted exit AreaKey { scene: 254, anchor: (160, 1648) } event=4638 -> AreaKey { scene: 255, anchor: (160, 112) }
learned exit AreaKey { scene: 254, anchor: (160, 1648) } event=4638 -> AreaKey { scene: 255, anchor: (160, 112) }
scene 254 -> 255 at frame 27132 position (448, 1088)
target scene=255 area=(160, 112) event=4646 script=37291 mode=5 state=1 player=(608, 1200) pos=(560, 1224) path=2
learned targeted exit AreaKey { scene: 255, anchor: (160, 112) } event=4646 -> AreaKey { scene: 254, anchor: (160, 1648) }
learned exit AreaKey { scene: 255, anchor: (160, 112) } event=4646 -> AreaKey { scene: 254, anchor: (160, 1648) }
scene 255 -> 254 at frame 27134 position (432, 1592)
target scene=254 area=(160, 1648) event=4635 script=37283 mode=6 state=1 player=(592, 1704) pos=(192, 1680) path=21
learned targeted exit AreaKey { scene: 254, anchor: (160, 1648) } event=4635 -> AreaKey { scene: 248, anchor: (160, 1056) }
learned exit AreaKey { scene: 254, anchor: (160, 1648) } event=4635 -> AreaKey { scene: 248, anchor: (160, 1056) }
scene 254 -> 248 at frame 27155 position (1488, 1048)
target scene=248 area=(160, 1056) event=4584 script=37271 mode=5 state=1 player=(1648, 1160) pos=(1520, 1368) path=29
learned targeted exit AreaKey { scene: 248, anchor: (160, 1056) } event=4584 -> AreaKey { scene: 253, anchor: (160, 112) }
learned exit AreaKey { scene: 248, anchor: (160, 1056) } event=4584 -> AreaKey { scene: 253, anchor: (160, 112) }
scene 248 -> 253 at frame 27184 position (512, 384)
target scene=253 area=(160, 112) event=4631 script=37275 mode=5 state=1 player=(672, 496) pos=(624, 520) path=2
learned targeted exit AreaKey { scene: 253, anchor: (160, 112) } event=4631 -> AreaKey { scene: 248, anchor: (160, 1056) }
learned exit AreaKey { scene: 253, anchor: (160, 112) } event=4631 -> AreaKey { scene: 248, anchor: (160, 1056) }
scene 253 -> 248 at frame 27186 position (1328, 1272)
target scene=248 area=(160, 1056) event=4583 script=37263 mode=5 state=1 player=(1488, 1384) pos=(960, 1136) path=32
learned targeted exit AreaKey { scene: 248, anchor: (160, 1056) } event=4583 -> AreaKey { scene: 253, anchor: (352, 1024) }
learned exit AreaKey { scene: 248, anchor: (160, 1056) } event=4583 -> AreaKey { scene: 253, anchor: (352, 1024) }
scene 248 -> 253 at frame 27218 position (464, 952)
target scene=253 area=(352, 1024) event=4630 script=37267 mode=5 state=1 player=(624, 1064) pos=(672, 1088) path=2
learned targeted exit AreaKey { scene: 253, anchor: (352, 1024) } event=4630 -> AreaKey { scene: 248, anchor: (160, 1056) }
learned exit AreaKey { scene: 253, anchor: (352, 1024) } event=4630 -> AreaKey { scene: 248, anchor: (160, 1056) }
scene 253 -> 248 at frame 27220 position (832, 1040)
target scene=248 area=(160, 1056) event=4580 script=37243 mode=5 state=1 player=(992, 1152) pos=(304, 1160) path=41
learned targeted exit AreaKey { scene: 248, anchor: (160, 1056) } event=4580 -> AreaKey { scene: 250, anchor: (160, 112) }
learned exit AreaKey { scene: 248, anchor: (160, 1056) } event=4580 -> AreaKey { scene: 250, anchor: (160, 112) }
scene 248 -> 250 at frame 27261 position (1616, 1784)
target scene=250 area=(160, 112) event=4598 script=40152 mode=5 state=1 player=(1776, 1896) pos=(1744, 1496) path=48
target scene=250 area=(160, 112) event=4603 script=40161 mode=5 state=1 player=(1744, 1512) pos=(1424, 1080) path=52
target scene=250 area=(160, 112) event=4604 script=40188 mode=5 state=1 player=(1424, 1096) pos=(1392, 840) path=30
target scene=250 area=(160, 112) event=4602 script=40158 mode=5 state=1 player=(1392, 856) pos=(1696, 928) path=18
target scene=250 area=(160, 112) event=4611 script=40167 mode=5 state=1 player=(1680, 920) pos=(1648, 664) path=30
target scene=250 area=(160, 112) event=4610 script=40176 mode=5 state=1 player=(1648, 680) pos=(1840, 568) path=12
target scene=250 area=(160, 112) event=4605 script=40199 mode=5 state=1 player=(1840, 584) pos=(1184, 704) path=39
target scene=250 area=(160, 112) event=4606 script=40176 mode=5 state=1 player=(1216, 704) pos=(816, 888) path=25
target scene=250 area=(160, 112) event=4601 script=40167 mode=5 state=1 player=(816, 872) pos=(912, 1176) path=36
target scene=250 area=(160, 112) event=4600 script=40146 mode=5 state=1 player=(912, 1160) pos=(576, 1456) path=44
target scene=250 area=(160, 112) event=4599 script=40185 mode=5 state=1 player=(592, 1464) pos=(768, 1728) path=33
target scene=250 area=(160, 112) event=4609 script=40173 mode=5 state=1 player=(736, 1728) pos=(1296, 280) path=179
target scene=250 area=(160, 112) event=4595 script=37172 mode=7 state=1 player=(1296, 296) pos=(160, 144) path=65
learned targeted exit AreaKey { scene: 250, anchor: (160, 112) } event=4595 -> AreaKey { scene: 247, anchor: (160, 112) }
learned exit AreaKey { scene: 250, anchor: (160, 112) } event=4595 -> AreaKey { scene: 247, anchor: (160, 112) }
scene 250 -> 247 at frame 27932 position (1264, 824)
target scene=247 area=(160, 112) event=4572 script=37180 mode=5 state=1 player=(1424, 936) pos=(1072, 680) path=30
learned targeted exit AreaKey { scene: 247, anchor: (160, 112) } event=4572 -> AreaKey { scene: 249, anchor: (320, 448) }
learned exit AreaKey { scene: 247, anchor: (160, 112) } event=4572 -> AreaKey { scene: 249, anchor: (320, 448) }
scene 247 -> 249 at frame 27962 position (304, 392)
target scene=249 area=(320, 448) event=4592 script=37393 mode=2 state=2 player=(464, 504) pos=(528, 472) path=1
target scene=249 area=(320, 448) event=4589 script=37456 mode=2 state=2 player=(512, 480) pos=(848, 360) path=18
target scene=249 area=(320, 448) event=4589 script=37482 mode=2 state=2 player=(768, 384) pos=(848, 360) path=2
target scene=249 area=(320, 448) event=4591 script=37451 mode=2 state=2 player=(800, 368) pos=(832, 352) path=0
target scene=249 area=(320, 448) event=4588 script=37184 mode=5 state=1 player=(800, 368) pos=(416, 528) path=22
learned targeted exit AreaKey { scene: 249, anchor: (320, 448) } event=4588 -> AreaKey { scene: 247, anchor: (160, 112) }
learned exit AreaKey { scene: 249, anchor: (320, 448) } event=4588 -> AreaKey { scene: 247, anchor: (160, 112) }
scene 249 -> 247 at frame 28036 position (864, 592)
target scene=247 area=(160, 112) event=4571 script=37176 mode=6 state=1 player=(1024, 704) pos=(1504, 960) path=29
learned targeted exit AreaKey { scene: 247, anchor: (160, 112) } event=4571 -> AreaKey { scene: 250, anchor: (160, 112) }
learned exit AreaKey { scene: 247, anchor: (160, 112) } event=4571 -> AreaKey { scene: 250, anchor: (160, 112) }
scene 247 -> 250 at frame 28065 position (48, 72)
target scene=250 area=(160, 112) event=4607 script=40179 mode=5 state=1 player=(208, 184) pos=(528, 536) path=42
target scene=250 area=(160, 112) event=4595 script=37172 mode=7 state=1 player=(528, 520) pos=(160, 144) path=41
learned targeted exit AreaKey { scene: 250, anchor: (160, 112) } event=4595 -> AreaKey { scene: 247, anchor: (160, 112) }
learned exit AreaKey { scene: 250, anchor: (160, 112) } event=4595 -> AreaKey { scene: 247, anchor: (160, 112) }
scene 250 -> 247 at frame 28153 position (1264, 824)
target scene=247 area=(160, 112) event=4572 script=37180 mode=5 state=1 player=(1424, 936) pos=(1072, 680) path=30
learned targeted exit AreaKey { scene: 247, anchor: (160, 112) } event=4572 -> AreaKey { scene: 249, anchor: (320, 448) }
learned exit AreaKey { scene: 247, anchor: (160, 112) } event=4572 -> AreaKey { scene: 249, anchor: (320, 448) }
scene 247 -> 249 at frame 28183 position (304, 392)
target scene=249 area=(320, 448) event=4588 script=37184 mode=5 state=1 player=(464, 504) pos=(416, 528) path=2
learned targeted exit AreaKey { scene: 249, anchor: (320, 448) } event=4588 -> AreaKey { scene: 247, anchor: (160, 112) }
learned exit AreaKey { scene: 249, anchor: (320, 448) } event=4588 -> AreaKey { scene: 247, anchor: (160, 112) }
scene 249 -> 247 at frame 28185 position (864, 592)
target scene=247 area=(160, 112) event=4572 script=37180 mode=5 state=1 player=(1024, 704) pos=(1072, 680) path=2
learned targeted exit AreaKey { scene: 247, anchor: (160, 112) } event=4572 -> AreaKey { scene: 249, anchor: (320, 448) }
learned exit AreaKey { scene: 247, anchor: (160, 112) } event=4572 -> AreaKey { scene: 249, anchor: (320, 448) }
scene 247 -> 249 at frame 28187 position (304, 392)
target scene=249 area=(320, 448) event=4588 script=37184 mode=5 state=1 player=(464, 504) pos=(416, 528) path=2
learned targeted exit AreaKey { scene: 249, anchor: (320, 448) } event=4588 -> AreaKey { scene: 247, anchor: (160, 112) }
learned exit AreaKey { scene: 249, anchor: (320, 448) } event=4588 -> AreaKey { scene: 247, anchor: (160, 112) }
scene 249 -> 247 at frame 28189 position (864, 592)
target scene=247 area=(160, 112) event=4572 script=37180 mode=5 state=1 player=(1024, 704) pos=(1072, 680) path=2
learned targeted exit AreaKey { scene: 247, anchor: (160, 112) } event=4572 -> AreaKey { scene: 249, anchor: (320, 448) }
learned exit AreaKey { scene: 247, anchor: (160, 112) } event=4572 -> AreaKey { scene: 249, anchor: (320, 448) }
scene 247 -> 249 at frame 28191 position (304, 392)
target scene=249 area=(320, 448) event=4588 script=37184 mode=5 state=1 player=(464, 504) pos=(416, 528) path=2
learned targeted exit AreaKey { scene: 249, anchor: (320, 448) } event=4588 -> AreaKey { scene: 247, anchor: (160, 112) }
learned exit AreaKey { scene: 249, anchor: (320, 448) } event=4588 -> AreaKey { scene: 247, anchor: (160, 112) }
scene 249 -> 247 at frame 28193 position (864, 592)
target scene=247 area=(160, 112) event=4571 script=37176 mode=6 state=1 player=(1024, 704) pos=(1504, 960) path=29
learned targeted exit AreaKey { scene: 247, anchor: (160, 112) } event=4571 -> AreaKey { scene: 250, anchor: (160, 112) }
learned exit AreaKey { scene: 247, anchor: (160, 112) } event=4571 -> AreaKey { scene: 250, anchor: (160, 112) }
scene 247 -> 250 at frame 28222 position (48, 72)
target scene=250 area=(160, 112) event=4596 script=37239 mode=7 state=1 player=(208, 184) pos=(1856, 1952) path=215
learned targeted exit AreaKey { scene: 250, anchor: (160, 112) } event=4596 -> AreaKey { scene: 248, anchor: (160, 1056) }
learned exit AreaKey { scene: 250, anchor: (160, 112) } event=4596 -> AreaKey { scene: 248, anchor: (160, 1056) }
scene 250 -> 248 at frame 28437 position (176, 1064)
target scene=248 area=(160, 1056) event=4583 script=37263 mode=5 state=1 player=(336, 1176) pos=(960, 1136) path=41
learned targeted exit AreaKey { scene: 248, anchor: (160, 1056) } event=4583 -> AreaKey { scene: 253, anchor: (352, 1024) }
learned exit AreaKey { scene: 248, anchor: (160, 1056) } event=4583 -> AreaKey { scene: 253, anchor: (352, 1024) }
scene 248 -> 253 at frame 28478 position (464, 952)
target scene=253 area=(352, 1024) event=4630 script=37267 mode=5 state=1 player=(624, 1064) pos=(672, 1088) path=2
learned targeted exit AreaKey { scene: 253, anchor: (352, 1024) } event=4630 -> AreaKey { scene: 248, anchor: (160, 1056) }
learned exit AreaKey { scene: 253, anchor: (352, 1024) } event=4630 -> AreaKey { scene: 248, anchor: (160, 1056) }
scene 253 -> 248 at frame 28480 position (832, 1040)
target scene=248 area=(160, 1056) event=4582 script=37255 mode=5 state=1 player=(992, 1152) pos=(1280, 960) path=22
learned targeted exit AreaKey { scene: 248, anchor: (160, 1056) } event=4582 -> AreaKey { scene: 253, anchor: (544, 1536) }
learned exit AreaKey { scene: 248, anchor: (160, 1056) } event=4582 -> AreaKey { scene: 253, anchor: (544, 1536) }
scene 248 -> 253 at frame 28502 position (528, 1528)
target scene=253 area=(544, 1536) event=4629 script=37259 mode=5 state=1 player=(688, 1640) pos=(640, 1664) path=2
learned targeted exit AreaKey { scene: 253, anchor: (544, 1536) } event=4629 -> AreaKey { scene: 248, anchor: (160, 1056) }
learned exit AreaKey { scene: 253, anchor: (544, 1536) } event=4629 -> AreaKey { scene: 248, anchor: (160, 1056) }
scene 253 -> 248 at frame 28504 position (1088, 864)
target scene=248 area=(160, 1056) event=4584 script=37271 mode=5 state=1 player=(1248, 976) pos=(1520, 1368) path=52
learned targeted exit AreaKey { scene: 248, anchor: (160, 1056) } event=4584 -> AreaKey { scene: 253, anchor: (160, 112) }
learned exit AreaKey { scene: 248, anchor: (160, 1056) } event=4584 -> AreaKey { scene: 253, anchor: (160, 112) }
scene 248 -> 253 at frame 28556 position (512, 384)
target scene=253 area=(160, 112) event=4630 script=37267 mode=5 state=1 player=(672, 496) pos=(672, 1088) path=110
learned targeted exit AreaKey { scene: 253, anchor: (160, 112) } event=4630 -> AreaKey { scene: 248, anchor: (160, 1056) }
learned exit AreaKey { scene: 253, anchor: (160, 112) } event=4630 -> AreaKey { scene: 248, anchor: (160, 1056) }
scene 253 -> 248 at frame 28666 position (832, 1040)
target scene=248 area=(160, 1056) event=4583 script=37263 mode=5 state=1 player=(992, 1152) pos=(960, 1136) path=1
learned targeted exit AreaKey { scene: 248, anchor: (160, 1056) } event=4583 -> AreaKey { scene: 253, anchor: (352, 1024) }
learned exit AreaKey { scene: 248, anchor: (160, 1056) } event=4583 -> AreaKey { scene: 253, anchor: (352, 1024) }
scene 248 -> 253 at frame 28667 position (464, 952)
target scene=253 area=(352, 1024) event=4630 script=37267 mode=5 state=1 player=(624, 1064) pos=(672, 1088) path=2
learned targeted exit AreaKey { scene: 253, anchor: (352, 1024) } event=4630 -> AreaKey { scene: 248, anchor: (160, 1056) }
learned exit AreaKey { scene: 253, anchor: (352, 1024) } event=4630 -> AreaKey { scene: 248, anchor: (160, 1056) }
scene 253 -> 248 at frame 28669 position (832, 1040)
target scene=248 area=(160, 1056) event=4582 script=37255 mode=5 state=1 player=(992, 1152) pos=(1280, 960) path=22
learned targeted exit AreaKey { scene: 248, anchor: (160, 1056) } event=4582 -> AreaKey { scene: 253, anchor: (544, 1536) }
learned exit AreaKey { scene: 248, anchor: (160, 1056) } event=4582 -> AreaKey { scene: 253, anchor: (544, 1536) }
scene 248 -> 253 at frame 28691 position (528, 1528)
target scene=253 area=(544, 1536) event=4629 script=37259 mode=5 state=1 player=(688, 1640) pos=(640, 1664) path=2
learned targeted exit AreaKey { scene: 253, anchor: (544, 1536) } event=4629 -> AreaKey { scene: 248, anchor: (160, 1056) }
learned exit AreaKey { scene: 253, anchor: (544, 1536) } event=4629 -> AreaKey { scene: 248, anchor: (160, 1056) }
scene 253 -> 248 at frame 28693 position (1088, 864)
target scene=248 area=(160, 1056) event=4584 script=37271 mode=5 state=1 player=(1248, 976) pos=(1520, 1368) path=52
learned targeted exit AreaKey { scene: 248, anchor: (160, 1056) } event=4584 -> AreaKey { scene: 253, anchor: (160, 112) }
learned exit AreaKey { scene: 248, anchor: (160, 1056) } event=4584 -> AreaKey { scene: 253, anchor: (160, 112) }
scene 248 -> 253 at frame 28745 position (512, 384)
target scene=253 area=(160, 112) event=4629 script=37259 mode=5 state=1 player=(672, 496) pos=(640, 1664) path=182
learned targeted exit AreaKey { scene: 253, anchor: (160, 112) } event=4629 -> AreaKey { scene: 248, anchor: (160, 1056) }
learned exit AreaKey { scene: 253, anchor: (160, 112) } event=4629 -> AreaKey { scene: 248, anchor: (160, 1056) }
scene 253 -> 248 at frame 28927 position (1088, 864)
target scene=248 area=(160, 1056) event=4582 script=37255 mode=5 state=1 player=(1248, 976) pos=(1280, 960) path=1
learned targeted exit AreaKey { scene: 248, anchor: (160, 1056) } event=4582 -> AreaKey { scene: 253, anchor: (544, 1536) }
learned exit AreaKey { scene: 248, anchor: (160, 1056) } event=4582 -> AreaKey { scene: 253, anchor: (544, 1536) }
scene 248 -> 253 at frame 28928 position (528, 1528)
target scene=253 area=(544, 1536) event=4629 script=37259 mode=5 state=1 player=(688, 1640) pos=(640, 1664) path=2
learned targeted exit AreaKey { scene: 253, anchor: (544, 1536) } event=4629 -> AreaKey { scene: 248, anchor: (160, 1056) }
learned exit AreaKey { scene: 253, anchor: (544, 1536) } event=4629 -> AreaKey { scene: 248, anchor: (160, 1056) }
scene 253 -> 248 at frame 28930 position (1088, 864)
target scene=248 area=(160, 1056) event=4583 script=37263 mode=5 state=1 player=(1248, 976) pos=(960, 1136) path=23
learned targeted exit AreaKey { scene: 248, anchor: (160, 1056) } event=4583 -> AreaKey { scene: 253, anchor: (352, 1024) }
learned exit AreaKey { scene: 248, anchor: (160, 1056) } event=4583 -> AreaKey { scene: 253, anchor: (352, 1024) }
scene 248 -> 253 at frame 28953 position (464, 952)
target scene=253 area=(352, 1024) event=4630 script=37267 mode=5 state=1 player=(624, 1064) pos=(672, 1088) path=2
learned targeted exit AreaKey { scene: 253, anchor: (352, 1024) } event=4630 -> AreaKey { scene: 248, anchor: (160, 1056) }
learned exit AreaKey { scene: 253, anchor: (352, 1024) } event=4630 -> AreaKey { scene: 248, anchor: (160, 1056) }
scene 253 -> 248 at frame 28955 position (832, 1040)
target scene=248 area=(160, 1056) event=4584 script=37271 mode=5 state=1 player=(992, 1152) pos=(1520, 1368) path=32
learned targeted exit AreaKey { scene: 248, anchor: (160, 1056) } event=4584 -> AreaKey { scene: 253, anchor: (160, 112) }
learned exit AreaKey { scene: 248, anchor: (160, 1056) } event=4584 -> AreaKey { scene: 253, anchor: (160, 112) }
scene 248 -> 253 at frame 28987 position (512, 384)
target scene=253 area=(160, 112) event=4631 script=37275 mode=5 state=1 player=(672, 496) pos=(624, 520) path=2
learned targeted exit AreaKey { scene: 253, anchor: (160, 112) } event=4631 -> AreaKey { scene: 248, anchor: (160, 1056) }
learned exit AreaKey { scene: 253, anchor: (160, 112) } event=4631 -> AreaKey { scene: 248, anchor: (160, 1056) }
scene 253 -> 248 at frame 28989 position (1328, 1272)
target scene=248 area=(160, 1056) event=4584 script=37271 mode=5 state=1 player=(1488, 1384) pos=(1520, 1368) path=1
learned targeted exit AreaKey { scene: 248, anchor: (160, 1056) } event=4584 -> AreaKey { scene: 253, anchor: (160, 112) }
learned exit AreaKey { scene: 248, anchor: (160, 1056) } event=4584 -> AreaKey { scene: 253, anchor: (160, 112) }
scene 248 -> 253 at frame 28990 position (512, 384)
target scene=253 area=(160, 112) event=4631 script=37275 mode=5 state=1 player=(672, 496) pos=(624, 520) path=2
learned targeted exit AreaKey { scene: 253, anchor: (160, 112) } event=4631 -> AreaKey { scene: 248, anchor: (160, 1056) }
learned exit AreaKey { scene: 253, anchor: (160, 112) } event=4631 -> AreaKey { scene: 248, anchor: (160, 1056) }
scene 253 -> 248 at frame 28992 position (1328, 1272)
target scene=248 area=(160, 1056) event=4579 script=37279 mode=6 state=1 player=(1488, 1384) pos=(1712, 1128) path=28
learned targeted exit AreaKey { scene: 248, anchor: (160, 1056) } event=4579 -> AreaKey { scene: 254, anchor: (160, 1648) }
learned exit AreaKey { scene: 248, anchor: (160, 1056) } event=4579 -> AreaKey { scene: 254, anchor: (160, 1648) }
scene 248 -> 254 at frame 29020 position (80, 1528)
target scene=254 area=(160, 1648) event=4638 script=37287 mode=5 state=1 player=(240, 1640) pos=(640, 1680) path=24
learned targeted exit AreaKey { scene: 254, anchor: (160, 1648) } event=4638 -> AreaKey { scene: 255, anchor: (160, 112) }
learned exit AreaKey { scene: 254, anchor: (160, 1648) } event=4638 -> AreaKey { scene: 255, anchor: (160, 112) }
scene 254 -> 255 at frame 29044 position (448, 1088)
target scene=255 area=(160, 112) event=4646 script=37291 mode=5 state=1 player=(608, 1200) pos=(560, 1224) path=2
learned targeted exit AreaKey { scene: 255, anchor: (160, 112) } event=4646 -> AreaKey { scene: 254, anchor: (160, 1648) }
learned exit AreaKey { scene: 255, anchor: (160, 112) } event=4646 -> AreaKey { scene: 254, anchor: (160, 1648) }
scene 255 -> 254 at frame 29046 position (432, 1592)
target scene=254 area=(160, 1648) event=4636 script=37303 mode=5 state=1 player=(592, 1704) pos=(416, 1328) path=45
learned targeted exit AreaKey { scene: 254, anchor: (160, 1648) } event=4636 -> AreaKey { scene: 257, anchor: (560, 808) }
learned exit AreaKey { scene: 254, anchor: (160, 1648) } event=4636 -> AreaKey { scene: 257, anchor: (560, 808) }
scene 254 -> 257 at frame 29091 position (512, 768)
target scene=257 area=(560, 808) event=4649 script=37307 mode=5 state=1 player=(672, 880) pos=(624, 904) path=2
learned targeted exit AreaKey { scene: 257, anchor: (560, 808) } event=4649 -> AreaKey { scene: 254, anchor: (160, 1648) }
learned exit AreaKey { scene: 257, anchor: (560, 808) } event=4649 -> AreaKey { scene: 254, anchor: (160, 1648) }
scene 257 -> 254 at frame 29093 position (224, 1232)
target scene=254 area=(160, 1648) event=4637 script=37295 mode=5 state=1 player=(384, 1344) pos=(672, 1232) path=29
learned targeted exit AreaKey { scene: 254, anchor: (160, 1648) } event=4637 -> AreaKey { scene: 256, anchor: (608, 544) }
learned exit AreaKey { scene: 254, anchor: (160, 1648) } event=4637 -> AreaKey { scene: 256, anchor: (608, 544) }
scene 254 -> 256 at frame 29122 position (528, 488)
target scene=256 area=(608, 544) event=4647 script=37299 mode=5 state=1 player=(688, 600) pos=(640, 624) path=2
learned targeted exit AreaKey { scene: 256, anchor: (608, 544) } event=4647 -> AreaKey { scene: 254, anchor: (160, 1648) }
learned exit AreaKey { scene: 256, anchor: (608, 544) } event=4647 -> AreaKey { scene: 254, anchor: (160, 1648) }
scene 256 -> 254 at frame 29124 position (480, 1136)
target scene=254 area=(160, 1648) event=4637 script=37295 mode=5 state=1 player=(640, 1248) pos=(672, 1232) path=1
learned targeted exit AreaKey { scene: 254, anchor: (160, 1648) } event=4637 -> AreaKey { scene: 256, anchor: (608, 544) }
learned exit AreaKey { scene: 254, anchor: (160, 1648) } event=4637 -> AreaKey { scene: 256, anchor: (608, 544) }
scene 254 -> 256 at frame 29125 position (528, 488)
target scene=256 area=(608, 544) event=4647 script=37299 mode=5 state=1 player=(688, 600) pos=(640, 624) path=2
learned targeted exit AreaKey { scene: 256, anchor: (608, 544) } event=4647 -> AreaKey { scene: 254, anchor: (160, 1648) }
learned exit AreaKey { scene: 256, anchor: (608, 544) } event=4647 -> AreaKey { scene: 254, anchor: (160, 1648) }
scene 256 -> 254 at frame 29127 position (480, 1136)
target scene=254 area=(160, 1648) event=4636 script=37303 mode=5 state=1 player=(640, 1248) pos=(416, 1328) path=29
learned targeted exit AreaKey { scene: 254, anchor: (160, 1648) } event=4636 -> AreaKey { scene: 257, anchor: (560, 808) }
learned exit AreaKey { scene: 254, anchor: (160, 1648) } event=4636 -> AreaKey { scene: 257, anchor: (560, 808) }
scene 254 -> 257 at frame 29156 position (512, 768)
target scene=257 area=(560, 808) event=4649 script=37307 mode=5 state=1 player=(672, 880) pos=(624, 904) path=2
learned targeted exit AreaKey { scene: 257, anchor: (560, 808) } event=4649 -> AreaKey { scene: 254, anchor: (160, 1648) }
learned exit AreaKey { scene: 257, anchor: (560, 808) } event=4649 -> AreaKey { scene: 254, anchor: (160, 1648) }
scene 257 -> 254 at frame 29158 position (224, 1232)
target scene=254 area=(160, 1648) event=4638 script=37287 mode=5 state=1 player=(384, 1344) pos=(640, 1680) path=47
learned targeted exit AreaKey { scene: 254, anchor: (160, 1648) } event=4638 -> AreaKey { scene: 255, anchor: (160, 112) }
learned exit AreaKey { scene: 254, anchor: (160, 1648) } event=4638 -> AreaKey { scene: 255, anchor: (160, 112) }
scene 254 -> 255 at frame 29205 position (448, 1088)
target scene=255 area=(160, 112) event=4646 script=37291 mode=5 state=1 player=(608, 1200) pos=(560, 1224) path=2
learned targeted exit AreaKey { scene: 255, anchor: (160, 112) } event=4646 -> AreaKey { scene: 254, anchor: (160, 1648) }
learned exit AreaKey { scene: 255, anchor: (160, 112) } event=4646 -> AreaKey { scene: 254, anchor: (160, 1648) }
scene 255 -> 254 at frame 29207 position (432, 1592)
target scene=254 area=(160, 1648) event=4638 script=37287 mode=5 state=1 player=(592, 1704) pos=(640, 1680) path=2
learned targeted exit AreaKey { scene: 254, anchor: (160, 1648) } event=4638 -> AreaKey { scene: 255, anchor: (160, 112) }
learned exit AreaKey { scene: 254, anchor: (160, 1648) } event=4638 -> AreaKey { scene: 255, anchor: (160, 112) }
scene 254 -> 255 at frame 29209 position (448, 1088)
target scene=255 area=(160, 112) event=4646 script=37291 mode=5 state=1 player=(608, 1200) pos=(560, 1224) path=2
learned targeted exit AreaKey { scene: 255, anchor: (160, 112) } event=4646 -> AreaKey { scene: 254, anchor: (160, 1648) }
learned exit AreaKey { scene: 255, anchor: (160, 112) } event=4646 -> AreaKey { scene: 254, anchor: (160, 1648) }
scene 255 -> 254 at frame 29211 position (432, 1592)
target scene=254 area=(160, 1648) event=4636 script=37303 mode=5 state=1 player=(592, 1704) pos=(416, 1328) path=45
learned targeted exit AreaKey { scene: 254, anchor: (160, 1648) } event=4636 -> AreaKey { scene: 257, anchor: (560, 808) }
learned exit AreaKey { scene: 254, anchor: (160, 1648) } event=4636 -> AreaKey { scene: 257, anchor: (560, 808) }
scene 254 -> 257 at frame 29256 position (512, 768)
target scene=257 area=(560, 808) event=4649 script=37307 mode=5 state=1 player=(672, 880) pos=(624, 904) path=2
learned targeted exit AreaKey { scene: 257, anchor: (560, 808) } event=4649 -> AreaKey { scene: 254, anchor: (160, 1648) }
learned exit AreaKey { scene: 257, anchor: (560, 808) } event=4649 -> AreaKey { scene: 254, anchor: (160, 1648) }
scene 257 -> 254 at frame 29258 position (224, 1232)
target scene=254 area=(160, 1648) event=4637 script=37295 mode=5 state=1 player=(384, 1344) pos=(672, 1232) path=29
learned targeted exit AreaKey { scene: 254, anchor: (160, 1648) } event=4637 -> AreaKey { scene: 256, anchor: (608, 544) }
learned exit AreaKey { scene: 254, anchor: (160, 1648) } event=4637 -> AreaKey { scene: 256, anchor: (608, 544) }
scene 254 -> 256 at frame 29287 position (528, 488)
target scene=256 area=(608, 544) event=4647 script=37299 mode=5 state=1 player=(688, 600) pos=(640, 624) path=2
learned targeted exit AreaKey { scene: 256, anchor: (608, 544) } event=4647 -> AreaKey { scene: 254, anchor: (160, 1648) }
learned exit AreaKey { scene: 256, anchor: (608, 544) } event=4647 -> AreaKey { scene: 254, anchor: (160, 1648) }
scene 256 -> 254 at frame 29289 position (480, 1136)
target scene=254 area=(160, 1648) event=4637 script=37295 mode=5 state=1 player=(640, 1248) pos=(672, 1232) path=1
learned targeted exit AreaKey { scene: 254, anchor: (160, 1648) } event=4637 -> AreaKey { scene: 256, anchor: (608, 544) }
learned exit AreaKey { scene: 254, anchor: (160, 1648) } event=4637 -> AreaKey { scene: 256, anchor: (608, 544) }
scene 254 -> 256 at frame 29290 position (528, 488)
target scene=256 area=(608, 544) event=4647 script=37299 mode=5 state=1 player=(688, 600) pos=(640, 624) path=2
learned targeted exit AreaKey { scene: 256, anchor: (608, 544) } event=4647 -> AreaKey { scene: 254, anchor: (160, 1648) }
learned exit AreaKey { scene: 256, anchor: (608, 544) } event=4647 -> AreaKey { scene: 254, anchor: (160, 1648) }
scene 256 -> 254 at frame 29292 position (480, 1136)
target scene=254 area=(160, 1648) event=4636 script=37303 mode=5 state=1 player=(640, 1248) pos=(416, 1328) path=29
learned targeted exit AreaKey { scene: 254, anchor: (160, 1648) } event=4636 -> AreaKey { scene: 257, anchor: (560, 808) }
learned exit AreaKey { scene: 254, anchor: (160, 1648) } event=4636 -> AreaKey { scene: 257, anchor: (560, 808) }
scene 254 -> 257 at frame 29321 position (512, 768)
target scene=257 area=(560, 808) event=4649 script=37307 mode=5 state=1 player=(672, 880) pos=(624, 904) path=2
learned targeted exit AreaKey { scene: 257, anchor: (560, 808) } event=4649 -> AreaKey { scene: 254, anchor: (160, 1648) }
learned exit AreaKey { scene: 257, anchor: (560, 808) } event=4649 -> AreaKey { scene: 254, anchor: (160, 1648) }
scene 257 -> 254 at frame 29323 position (224, 1232)
target scene=254 area=(160, 1648) event=4638 script=37287 mode=5 state=1 player=(384, 1344) pos=(640, 1680) path=47
learned targeted exit AreaKey { scene: 254, anchor: (160, 1648) } event=4638 -> AreaKey { scene: 255, anchor: (160, 112) }
learned exit AreaKey { scene: 254, anchor: (160, 1648) } event=4638 -> AreaKey { scene: 255, anchor: (160, 112) }
scene 254 -> 255 at frame 29370 position (448, 1088)
target scene=255 area=(160, 112) event=4646 script=37291 mode=5 state=1 player=(608, 1200) pos=(560, 1224) path=2
learned targeted exit AreaKey { scene: 255, anchor: (160, 112) } event=4646 -> AreaKey { scene: 254, anchor: (160, 1648) }
learned exit AreaKey { scene: 255, anchor: (160, 112) } event=4646 -> AreaKey { scene: 254, anchor: (160, 1648) }
scene 255 -> 254 at frame 29372 position (432, 1592)
target scene=254 area=(160, 1648) event=4638 script=37287 mode=5 state=1 player=(592, 1704) pos=(640, 1680) path=2
learned targeted exit AreaKey { scene: 254, anchor: (160, 1648) } event=4638 -> AreaKey { scene: 255, anchor: (160, 112) }
learned exit AreaKey { scene: 254, anchor: (160, 1648) } event=4638 -> AreaKey { scene: 255, anchor: (160, 112) }
scene 254 -> 255 at frame 29374 position (448, 1088)
target scene=255 area=(160, 112) event=4646 script=37291 mode=5 state=1 player=(608, 1200) pos=(560, 1224) path=2
learned targeted exit AreaKey { scene: 255, anchor: (160, 112) } event=4646 -> AreaKey { scene: 254, anchor: (160, 1648) }
learned exit AreaKey { scene: 255, anchor: (160, 112) } event=4646 -> AreaKey { scene: 254, anchor: (160, 1648) }
scene 255 -> 254 at frame 29376 position (432, 1592)
target scene=254 area=(160, 1648) event=4636 script=37303 mode=5 state=1 player=(592, 1704) pos=(416, 1328) path=45
learned targeted exit AreaKey { scene: 254, anchor: (160, 1648) } event=4636 -> AreaKey { scene: 257, anchor: (560, 808) }
learned exit AreaKey { scene: 254, anchor: (160, 1648) } event=4636 -> AreaKey { scene: 257, anchor: (560, 808) }
scene 254 -> 257 at frame 29421 position (512, 768)
target scene=257 area=(560, 808) event=4649 script=37307 mode=5 state=1 player=(672, 880) pos=(624, 904) path=2
learned targeted exit AreaKey { scene: 257, anchor: (560, 808) } event=4649 -> AreaKey { scene: 254, anchor: (160, 1648) }
learned exit AreaKey { scene: 257, anchor: (560, 808) } event=4649 -> AreaKey { scene: 254, anchor: (160, 1648) }
scene 257 -> 254 at frame 29423 position (224, 1232)
target scene=254 area=(160, 1648) event=4637 script=37295 mode=5 state=1 player=(384, 1344) pos=(672, 1232) path=29
learned targeted exit AreaKey { scene: 254, anchor: (160, 1648) } event=4637 -> AreaKey { scene: 256, anchor: (608, 544) }
learned exit AreaKey { scene: 254, anchor: (160, 1648) } event=4637 -> AreaKey { scene: 256, anchor: (608, 544) }
scene 254 -> 256 at frame 29452 position (528, 488)
target scene=256 area=(608, 544) event=4647 script=37299 mode=5 state=1 player=(688, 600) pos=(640, 624) path=2
learned targeted exit AreaKey { scene: 256, anchor: (608, 544) } event=4647 -> AreaKey { scene: 254, anchor: (160, 1648) }
learned exit AreaKey { scene: 256, anchor: (608, 544) } event=4647 -> AreaKey { scene: 254, anchor: (160, 1648) }
scene 256 -> 254 at frame 29454 position (480, 1136)
target scene=254 area=(160, 1648) event=4637 script=37295 mode=5 state=1 player=(640, 1248) pos=(672, 1232) path=1
learned targeted exit AreaKey { scene: 254, anchor: (160, 1648) } event=4637 -> AreaKey { scene: 256, anchor: (608, 544) }
learned exit AreaKey { scene: 254, anchor: (160, 1648) } event=4637 -> AreaKey { scene: 256, anchor: (608, 544) }
scene 254 -> 256 at frame 29455 position (528, 488)
target scene=256 area=(608, 544) event=4647 script=37299 mode=5 state=1 player=(688, 600) pos=(640, 624) path=2
learned targeted exit AreaKey { scene: 256, anchor: (608, 544) } event=4647 -> AreaKey { scene: 254, anchor: (160, 1648) }
learned exit AreaKey { scene: 256, anchor: (608, 544) } event=4647 -> AreaKey { scene: 254, anchor: (160, 1648) }
scene 256 -> 254 at frame 29457 position (480, 1136)
target scene=254 area=(160, 1648) event=4636 script=37303 mode=5 state=1 player=(640, 1248) pos=(416, 1328) path=29
learned targeted exit AreaKey { scene: 254, anchor: (160, 1648) } event=4636 -> AreaKey { scene: 257, anchor: (560, 808) }
learned exit AreaKey { scene: 254, anchor: (160, 1648) } event=4636 -> AreaKey { scene: 257, anchor: (560, 808) }
scene 254 -> 257 at frame 29486 position (512, 768)
target scene=257 area=(560, 808) event=4649 script=37307 mode=5 state=1 player=(672, 880) pos=(624, 904) path=2
learned targeted exit AreaKey { scene: 257, anchor: (560, 808) } event=4649 -> AreaKey { scene: 254, anchor: (160, 1648) }
learned exit AreaKey { scene: 257, anchor: (560, 808) } event=4649 -> AreaKey { scene: 254, anchor: (160, 1648) }
scene 257 -> 254 at frame 29488 position (224, 1232)
target scene=254 area=(160, 1648) event=4638 script=37287 mode=5 state=1 player=(384, 1344) pos=(640, 1680) path=47
learned targeted exit AreaKey { scene: 254, anchor: (160, 1648) } event=4638 -> AreaKey { scene: 255, anchor: (160, 112) }
learned exit AreaKey { scene: 254, anchor: (160, 1648) } event=4638 -> AreaKey { scene: 255, anchor: (160, 112) }
scene 254 -> 255 at frame 29535 position (448, 1088)
target scene=255 area=(160, 112) event=4646 script=37291 mode=5 state=1 player=(608, 1200) pos=(560, 1224) path=2
learned targeted exit AreaKey { scene: 255, anchor: (160, 112) } event=4646 -> AreaKey { scene: 254, anchor: (160, 1648) }
learned exit AreaKey { scene: 255, anchor: (160, 112) } event=4646 -> AreaKey { scene: 254, anchor: (160, 1648) }
scene 255 -> 254 at frame 29537 position (432, 1592)
target scene=254 area=(160, 1648) event=4638 script=37287 mode=5 state=1 player=(592, 1704) pos=(640, 1680) path=2
learned targeted exit AreaKey { scene: 254, anchor: (160, 1648) } event=4638 -> AreaKey { scene: 255, anchor: (160, 112) }
learned exit AreaKey { scene: 254, anchor: (160, 1648) } event=4638 -> AreaKey { scene: 255, anchor: (160, 112) }
scene 254 -> 255 at frame 29539 position (448, 1088)
target scene=255 area=(160, 112) event=4646 script=37291 mode=5 state=1 player=(608, 1200) pos=(560, 1224) path=2
learned targeted exit AreaKey { scene: 255, anchor: (160, 112) } event=4646 -> AreaKey { scene: 254, anchor: (160, 1648) }
learned exit AreaKey { scene: 255, anchor: (160, 112) } event=4646 -> AreaKey { scene: 254, anchor: (160, 1648) }
scene 255 -> 254 at frame 29541 position (432, 1592)
target scene=254 area=(160, 1648) event=4636 script=37303 mode=5 state=1 player=(592, 1704) pos=(416, 1328) path=45
learned targeted exit AreaKey { scene: 254, anchor: (160, 1648) } event=4636 -> AreaKey { scene: 257, anchor: (560, 808) }
learned exit AreaKey { scene: 254, anchor: (160, 1648) } event=4636 -> AreaKey { scene: 257, anchor: (560, 808) }
scene 254 -> 257 at frame 29586 position (512, 768)
target scene=257 area=(560, 808) event=4649 script=37307 mode=5 state=1 player=(672, 880) pos=(624, 904) path=2
learned targeted exit AreaKey { scene: 257, anchor: (560, 808) } event=4649 -> AreaKey { scene: 254, anchor: (160, 1648) }
learned exit AreaKey { scene: 257, anchor: (560, 808) } event=4649 -> AreaKey { scene: 254, anchor: (160, 1648) }
scene 257 -> 254 at frame 29588 position (224, 1232)
target scene=254 area=(160, 1648) event=4637 script=37295 mode=5 state=1 player=(384, 1344) pos=(672, 1232) path=29
learned targeted exit AreaKey { scene: 254, anchor: (160, 1648) } event=4637 -> AreaKey { scene: 256, anchor: (608, 544) }
learned exit AreaKey { scene: 254, anchor: (160, 1648) } event=4637 -> AreaKey { scene: 256, anchor: (608, 544) }
scene 254 -> 256 at frame 29617 position (528, 488)
target scene=256 area=(608, 544) event=4647 script=37299 mode=5 state=1 player=(688, 600) pos=(640, 624) path=2
learned targeted exit AreaKey { scene: 256, anchor: (608, 544) } event=4647 -> AreaKey { scene: 254, anchor: (160, 1648) }
learned exit AreaKey { scene: 256, anchor: (608, 544) } event=4647 -> AreaKey { scene: 254, anchor: (160, 1648) }
scene 256 -> 254 at frame 29619 position (480, 1136)
target scene=254 area=(160, 1648) event=4637 script=37295 mode=5 state=1 player=(640, 1248) pos=(672, 1232) path=1
learned targeted exit AreaKey { scene: 254, anchor: (160, 1648) } event=4637 -> AreaKey { scene: 256, anchor: (608, 544) }
learned exit AreaKey { scene: 254, anchor: (160, 1648) } event=4637 -> AreaKey { scene: 256, anchor: (608, 544) }
scene 254 -> 256 at frame 29620 position (528, 488)
target scene=256 area=(608, 544) event=4647 script=37299 mode=5 state=1 player=(688, 600) pos=(640, 624) path=2
learned targeted exit AreaKey { scene: 256, anchor: (608, 544) } event=4647 -> AreaKey { scene: 254, anchor: (160, 1648) }
learned exit AreaKey { scene: 256, anchor: (608, 544) } event=4647 -> AreaKey { scene: 254, anchor: (160, 1648) }
scene 256 -> 254 at frame 29622 position (480, 1136)
target scene=254 area=(160, 1648) event=4636 script=37303 mode=5 state=1 player=(640, 1248) pos=(416, 1328) path=29
learned targeted exit AreaKey { scene: 254, anchor: (160, 1648) } event=4636 -> AreaKey { scene: 257, anchor: (560, 808) }
learned exit AreaKey { scene: 254, anchor: (160, 1648) } event=4636 -> AreaKey { scene: 257, anchor: (560, 808) }
scene 254 -> 257 at frame 29651 position (512, 768)
target scene=257 area=(560, 808) event=4649 script=37307 mode=5 state=1 player=(672, 880) pos=(624, 904) path=2
learned targeted exit AreaKey { scene: 257, anchor: (560, 808) } event=4649 -> AreaKey { scene: 254, anchor: (160, 1648) }
learned exit AreaKey { scene: 257, anchor: (560, 808) } event=4649 -> AreaKey { scene: 254, anchor: (160, 1648) }
scene 257 -> 254 at frame 29653 position (224, 1232)
target scene=254 area=(160, 1648) event=4638 script=37287 mode=5 state=1 player=(384, 1344) pos=(640, 1680) path=47
learned targeted exit AreaKey { scene: 254, anchor: (160, 1648) } event=4638 -> AreaKey { scene: 255, anchor: (160, 112) }
learned exit AreaKey { scene: 254, anchor: (160, 1648) } event=4638 -> AreaKey { scene: 255, anchor: (160, 112) }
scene 254 -> 255 at frame 29700 position (448, 1088)
target scene=255 area=(160, 112) event=4646 script=37291 mode=5 state=1 player=(608, 1200) pos=(560, 1224) path=2
learned targeted exit AreaKey { scene: 255, anchor: (160, 112) } event=4646 -> AreaKey { scene: 254, anchor: (160, 1648) }
learned exit AreaKey { scene: 255, anchor: (160, 112) } event=4646 -> AreaKey { scene: 254, anchor: (160, 1648) }
scene 255 -> 254 at frame 29702 position (432, 1592)
target scene=254 area=(160, 1648) event=4638 script=37287 mode=5 state=1 player=(592, 1704) pos=(640, 1680) path=2
learned targeted exit AreaKey { scene: 254, anchor: (160, 1648) } event=4638 -> AreaKey { scene: 255, anchor: (160, 112) }
learned exit AreaKey { scene: 254, anchor: (160, 1648) } event=4638 -> AreaKey { scene: 255, anchor: (160, 112) }
scene 254 -> 255 at frame 29704 position (448, 1088)
target scene=255 area=(160, 112) event=4646 script=37291 mode=5 state=1 player=(608, 1200) pos=(560, 1224) path=2
learned targeted exit AreaKey { scene: 255, anchor: (160, 112) } event=4646 -> AreaKey { scene: 254, anchor: (160, 1648) }
learned exit AreaKey { scene: 255, anchor: (160, 112) } event=4646 -> AreaKey { scene: 254, anchor: (160, 1648) }
scene 255 -> 254 at frame 29706 position (432, 1592)
target scene=254 area=(160, 1648) event=4636 script=37303 mode=5 state=1 player=(592, 1704) pos=(416, 1328) path=45
learned targeted exit AreaKey { scene: 254, anchor: (160, 1648) } event=4636 -> AreaKey { scene: 257, anchor: (560, 808) }
learned exit AreaKey { scene: 254, anchor: (160, 1648) } event=4636 -> AreaKey { scene: 257, anchor: (560, 808) }
scene 254 -> 257 at frame 29751 position (512, 768)
target scene=257 area=(560, 808) event=4649 script=37307 mode=5 state=1 player=(672, 880) pos=(624, 904) path=2
learned targeted exit AreaKey { scene: 257, anchor: (560, 808) } event=4649 -> AreaKey { scene: 254, anchor: (160, 1648) }
learned exit AreaKey { scene: 257, anchor: (560, 808) } event=4649 -> AreaKey { scene: 254, anchor: (160, 1648) }
scene 257 -> 254 at frame 29753 position (224, 1232)
target scene=254 area=(160, 1648) event=4637 script=37295 mode=5 state=1 player=(384, 1344) pos=(672, 1232) path=29
learned targeted exit AreaKey { scene: 254, anchor: (160, 1648) } event=4637 -> AreaKey { scene: 256, anchor: (608, 544) }
learned exit AreaKey { scene: 254, anchor: (160, 1648) } event=4637 -> AreaKey { scene: 256, anchor: (608, 544) }
scene 254 -> 256 at frame 29782 position (528, 488)
target scene=256 area=(608, 544) event=4647 script=37299 mode=5 state=1 player=(688, 600) pos=(640, 624) path=2
learned targeted exit AreaKey { scene: 256, anchor: (608, 544) } event=4647 -> AreaKey { scene: 254, anchor: (160, 1648) }
learned exit AreaKey { scene: 256, anchor: (608, 544) } event=4647 -> AreaKey { scene: 254, anchor: (160, 1648) }
scene 256 -> 254 at frame 29784 position (480, 1136)
target scene=254 area=(160, 1648) event=4637 script=37295 mode=5 state=1 player=(640, 1248) pos=(672, 1232) path=1
learned targeted exit AreaKey { scene: 254, anchor: (160, 1648) } event=4637 -> AreaKey { scene: 256, anchor: (608, 544) }
learned exit AreaKey { scene: 254, anchor: (160, 1648) } event=4637 -> AreaKey { scene: 256, anchor: (608, 544) }
scene 254 -> 256 at frame 29785 position (528, 488)
target scene=256 area=(608, 544) event=4647 script=37299 mode=5 state=1 player=(688, 600) pos=(640, 624) path=2
learned targeted exit AreaKey { scene: 256, anchor: (608, 544) } event=4647 -> AreaKey { scene: 254, anchor: (160, 1648) }
learned exit AreaKey { scene: 256, anchor: (608, 544) } event=4647 -> AreaKey { scene: 254, anchor: (160, 1648) }
scene 256 -> 254 at frame 29787 position (480, 1136)
target scene=254 area=(160, 1648) event=4636 script=37303 mode=5 state=1 player=(640, 1248) pos=(416, 1328) path=29
learned targeted exit AreaKey { scene: 254, anchor: (160, 1648) } event=4636 -> AreaKey { scene: 257, anchor: (560, 808) }
learned exit AreaKey { scene: 254, anchor: (160, 1648) } event=4636 -> AreaKey { scene: 257, anchor: (560, 808) }
scene 254 -> 257 at frame 29816 position (512, 768)
target scene=257 area=(560, 808) event=4649 script=37307 mode=5 state=1 player=(672, 880) pos=(624, 904) path=2
learned targeted exit AreaKey { scene: 257, anchor: (560, 808) } event=4649 -> AreaKey { scene: 254, anchor: (160, 1648) }
learned exit AreaKey { scene: 257, anchor: (560, 808) } event=4649 -> AreaKey { scene: 254, anchor: (160, 1648) }
scene 257 -> 254 at frame 29818 position (224, 1232)
target scene=254 area=(160, 1648) event=4638 script=37287 mode=5 state=1 player=(384, 1344) pos=(640, 1680) path=47
learned targeted exit AreaKey { scene: 254, anchor: (160, 1648) } event=4638 -> AreaKey { scene: 255, anchor: (160, 112) }
learned exit AreaKey { scene: 254, anchor: (160, 1648) } event=4638 -> AreaKey { scene: 255, anchor: (160, 112) }
scene 254 -> 255 at frame 29865 position (448, 1088)
target scene=255 area=(160, 112) event=4646 script=37291 mode=5 state=1 player=(608, 1200) pos=(560, 1224) path=2
learned targeted exit AreaKey { scene: 255, anchor: (160, 112) } event=4646 -> AreaKey { scene: 254, anchor: (160, 1648) }
learned exit AreaKey { scene: 255, anchor: (160, 112) } event=4646 -> AreaKey { scene: 254, anchor: (160, 1648) }
scene 255 -> 254 at frame 29867 position (432, 1592)
target scene=254 area=(160, 1648) event=4638 script=37287 mode=5 state=1 player=(592, 1704) pos=(640, 1680) path=2
learned targeted exit AreaKey { scene: 254, anchor: (160, 1648) } event=4638 -> AreaKey { scene: 255, anchor: (160, 112) }
learned exit AreaKey { scene: 254, anchor: (160, 1648) } event=4638 -> AreaKey { scene: 255, anchor: (160, 112) }
scene 254 -> 255 at frame 29869 position (448, 1088)
target scene=255 area=(160, 112) event=4646 script=37291 mode=5 state=1 player=(608, 1200) pos=(560, 1224) path=2
learned targeted exit AreaKey { scene: 255, anchor: (160, 112) } event=4646 -> AreaKey { scene: 254, anchor: (160, 1648) }
learned exit AreaKey { scene: 255, anchor: (160, 112) } event=4646 -> AreaKey { scene: 254, anchor: (160, 1648) }
scene 255 -> 254 at frame 29871 position (432, 1592)
target scene=254 area=(160, 1648) event=4636 script=37303 mode=5 state=1 player=(592, 1704) pos=(416, 1328) path=45
learned targeted exit AreaKey { scene: 254, anchor: (160, 1648) } event=4636 -> AreaKey { scene: 257, anchor: (560, 808) }
learned exit AreaKey { scene: 254, anchor: (160, 1648) } event=4636 -> AreaKey { scene: 257, anchor: (560, 808) }
scene 254 -> 257 at frame 29916 position (512, 768)
target scene=257 area=(560, 808) event=4649 script=37307 mode=5 state=1 player=(672, 880) pos=(624, 904) path=2
learned targeted exit AreaKey { scene: 257, anchor: (560, 808) } event=4649 -> AreaKey { scene: 254, anchor: (160, 1648) }
learned exit AreaKey { scene: 257, anchor: (560, 808) } event=4649 -> AreaKey { scene: 254, anchor: (160, 1648) }
scene 257 -> 254 at frame 29918 position (224, 1232)
target scene=254 area=(160, 1648) event=4637 script=37295 mode=5 state=1 player=(384, 1344) pos=(672, 1232) path=29
learned targeted exit AreaKey { scene: 254, anchor: (160, 1648) } event=4637 -> AreaKey { scene: 256, anchor: (608, 544) }
learned exit AreaKey { scene: 254, anchor: (160, 1648) } event=4637 -> AreaKey { scene: 256, anchor: (608, 544) }
scene 254 -> 256 at frame 29947 position (528, 488)
target scene=256 area=(608, 544) event=4647 script=37299 mode=5 state=1 player=(688, 600) pos=(640, 624) path=2
learned targeted exit AreaKey { scene: 256, anchor: (608, 544) } event=4647 -> AreaKey { scene: 254, anchor: (160, 1648) }
learned exit AreaKey { scene: 256, anchor: (608, 544) } event=4647 -> AreaKey { scene: 254, anchor: (160, 1648) }
scene 256 -> 254 at frame 29949 position (480, 1136)
target scene=254 area=(160, 1648) event=4637 script=37295 mode=5 state=1 player=(640, 1248) pos=(672, 1232) path=1
learned targeted exit AreaKey { scene: 254, anchor: (160, 1648) } event=4637 -> AreaKey { scene: 256, anchor: (608, 544) }
learned exit AreaKey { scene: 254, anchor: (160, 1648) } event=4637 -> AreaKey { scene: 256, anchor: (608, 544) }
scene 254 -> 256 at frame 29950 position (528, 488)
target scene=256 area=(608, 544) event=4647 script=37299 mode=5 state=1 player=(688, 600) pos=(640, 624) path=2
learned targeted exit AreaKey { scene: 256, anchor: (608, 544) } event=4647 -> AreaKey { scene: 254, anchor: (160, 1648) }
learned exit AreaKey { scene: 256, anchor: (608, 544) } event=4647 -> AreaKey { scene: 254, anchor: (160, 1648) }
scene 256 -> 254 at frame 29952 position (480, 1136)
target scene=254 area=(160, 1648) event=4636 script=37303 mode=5 state=1 player=(640, 1248) pos=(416, 1328) path=29
learned targeted exit AreaKey { scene: 254, anchor: (160, 1648) } event=4636 -> AreaKey { scene: 257, anchor: (560, 808) }
learned exit AreaKey { scene: 254, anchor: (160, 1648) } event=4636 -> AreaKey { scene: 257, anchor: (560, 808) }
scene 254 -> 257 at frame 29981 position (512, 768)
target scene=257 area=(560, 808) event=4649 script=37307 mode=5 state=1 player=(672, 880) pos=(624, 904) path=2
learned targeted exit AreaKey { scene: 257, anchor: (560, 808) } event=4649 -> AreaKey { scene: 254, anchor: (160, 1648) }
learned exit AreaKey { scene: 257, anchor: (560, 808) } event=4649 -> AreaKey { scene: 254, anchor: (160, 1648) }
scene 257 -> 254 at frame 29983 position (224, 1232)
target scene=254 area=(160, 1648) event=4638 script=37287 mode=5 state=1 player=(384, 1344) pos=(640, 1680) path=47
learned targeted exit AreaKey { scene: 254, anchor: (160, 1648) } event=4638 -> AreaKey { scene: 255, anchor: (160, 112) }
learned exit AreaKey { scene: 254, anchor: (160, 1648) } event=4638 -> AreaKey { scene: 255, anchor: (160, 112) }
scene 254 -> 255 at frame 30030 position (448, 1088)
target scene=255 area=(160, 112) event=4646 script=37291 mode=5 state=1 player=(608, 1200) pos=(560, 1224) path=2
learned targeted exit AreaKey { scene: 255, anchor: (160, 112) } event=4646 -> AreaKey { scene: 254, anchor: (160, 1648) }
learned exit AreaKey { scene: 255, anchor: (160, 112) } event=4646 -> AreaKey { scene: 254, anchor: (160, 1648) }
scene 255 -> 254 at frame 30032 position (432, 1592)
target scene=254 area=(160, 1648) event=4638 script=37287 mode=5 state=1 player=(592, 1704) pos=(640, 1680) path=2
learned targeted exit AreaKey { scene: 254, anchor: (160, 1648) } event=4638 -> AreaKey { scene: 255, anchor: (160, 112) }
learned exit AreaKey { scene: 254, anchor: (160, 1648) } event=4638 -> AreaKey { scene: 255, anchor: (160, 112) }
scene 254 -> 255 at frame 30034 position (448, 1088)
target scene=255 area=(160, 112) event=4646 script=37291 mode=5 state=1 player=(608, 1200) pos=(560, 1224) path=2
learned targeted exit AreaKey { scene: 255, anchor: (160, 112) } event=4646 -> AreaKey { scene: 254, anchor: (160, 1648) }
learned exit AreaKey { scene: 255, anchor: (160, 112) } event=4646 -> AreaKey { scene: 254, anchor: (160, 1648) }
scene 255 -> 254 at frame 30036 position (432, 1592)
target scene=254 area=(160, 1648) event=4636 script=37303 mode=5 state=1 player=(592, 1704) pos=(416, 1328) path=45
learned targeted exit AreaKey { scene: 254, anchor: (160, 1648) } event=4636 -> AreaKey { scene: 257, anchor: (560, 808) }
learned exit AreaKey { scene: 254, anchor: (160, 1648) } event=4636 -> AreaKey { scene: 257, anchor: (560, 808) }
scene 254 -> 257 at frame 30081 position (512, 768)
target scene=257 area=(560, 808) event=4649 script=37307 mode=5 state=1 player=(672, 880) pos=(624, 904) path=2
learned targeted exit AreaKey { scene: 257, anchor: (560, 808) } event=4649 -> AreaKey { scene: 254, anchor: (160, 1648) }
learned exit AreaKey { scene: 257, anchor: (560, 808) } event=4649 -> AreaKey { scene: 254, anchor: (160, 1648) }
scene 257 -> 254 at frame 30083 position (224, 1232)
target scene=254 area=(160, 1648) event=4637 script=37295 mode=5 state=1 player=(384, 1344) pos=(672, 1232) path=29
learned targeted exit AreaKey { scene: 254, anchor: (160, 1648) } event=4637 -> AreaKey { scene: 256, anchor: (608, 544) }
learned exit AreaKey { scene: 254, anchor: (160, 1648) } event=4637 -> AreaKey { scene: 256, anchor: (608, 544) }
scene 254 -> 256 at frame 30112 position (528, 488)
target scene=256 area=(608, 544) event=4647 script=37299 mode=5 state=1 player=(688, 600) pos=(640, 624) path=2
learned targeted exit AreaKey { scene: 256, anchor: (608, 544) } event=4647 -> AreaKey { scene: 254, anchor: (160, 1648) }
learned exit AreaKey { scene: 256, anchor: (608, 544) } event=4647 -> AreaKey { scene: 254, anchor: (160, 1648) }
scene 256 -> 254 at frame 30114 position (480, 1136)
target scene=254 area=(160, 1648) event=4637 script=37295 mode=5 state=1 player=(640, 1248) pos=(672, 1232) path=1
learned targeted exit AreaKey { scene: 254, anchor: (160, 1648) } event=4637 -> AreaKey { scene: 256, anchor: (608, 544) }
learned exit AreaKey { scene: 254, anchor: (160, 1648) } event=4637 -> AreaKey { scene: 256, anchor: (608, 544) }
scene 254 -> 256 at frame 30115 position (528, 488)
target scene=256 area=(608, 544) event=4647 script=37299 mode=5 state=1 player=(688, 600) pos=(640, 624) path=2
learned targeted exit AreaKey { scene: 256, anchor: (608, 544) } event=4647 -> AreaKey { scene: 254, anchor: (160, 1648) }
learned exit AreaKey { scene: 256, anchor: (608, 544) } event=4647 -> AreaKey { scene: 254, anchor: (160, 1648) }
scene 256 -> 254 at frame 30117 position (480, 1136)
target scene=254 area=(160, 1648) event=4636 script=37303 mode=5 state=1 player=(640, 1248) pos=(416, 1328) path=29
learned targeted exit AreaKey { scene: 254, anchor: (160, 1648) } event=4636 -> AreaKey { scene: 257, anchor: (560, 808) }
learned exit AreaKey { scene: 254, anchor: (160, 1648) } event=4636 -> AreaKey { scene: 257, anchor: (560, 808) }
scene 254 -> 257 at frame 30146 position (512, 768)
target scene=257 area=(560, 808) event=4649 script=37307 mode=5 state=1 player=(672, 880) pos=(624, 904) path=2
learned targeted exit AreaKey { scene: 257, anchor: (560, 808) } event=4649 -> AreaKey { scene: 254, anchor: (160, 1648) }
learned exit AreaKey { scene: 257, anchor: (560, 808) } event=4649 -> AreaKey { scene: 254, anchor: (160, 1648) }
scene 257 -> 254 at frame 30148 position (224, 1232)
target scene=254 area=(160, 1648) event=4638 script=37287 mode=5 state=1 player=(384, 1344) pos=(640, 1680) path=47
learned targeted exit AreaKey { scene: 254, anchor: (160, 1648) } event=4638 -> AreaKey { scene: 255, anchor: (160, 112) }
learned exit AreaKey { scene: 254, anchor: (160, 1648) } event=4638 -> AreaKey { scene: 255, anchor: (160, 112) }
scene 254 -> 255 at frame 30195 position (448, 1088)
target scene=255 area=(160, 112) event=4646 script=37291 mode=5 state=1 player=(608, 1200) pos=(560, 1224) path=2
learned targeted exit AreaKey { scene: 255, anchor: (160, 112) } event=4646 -> AreaKey { scene: 254, anchor: (160, 1648) }
learned exit AreaKey { scene: 255, anchor: (160, 112) } event=4646 -> AreaKey { scene: 254, anchor: (160, 1648) }
scene 255 -> 254 at frame 30197 position (432, 1592)
target scene=254 area=(160, 1648) event=4638 script=37287 mode=5 state=1 player=(592, 1704) pos=(640, 1680) path=2
learned targeted exit AreaKey { scene: 254, anchor: (160, 1648) } event=4638 -> AreaKey { scene: 255, anchor: (160, 112) }
learned exit AreaKey { scene: 254, anchor: (160, 1648) } event=4638 -> AreaKey { scene: 255, anchor: (160, 112) }
scene 254 -> 255 at frame 30199 position (448, 1088)
target scene=255 area=(160, 112) event=4646 script=37291 mode=5 state=1 player=(608, 1200) pos=(560, 1224) path=2
learned targeted exit AreaKey { scene: 255, anchor: (160, 112) } event=4646 -> AreaKey { scene: 254, anchor: (160, 1648) }
learned exit AreaKey { scene: 255, anchor: (160, 112) } event=4646 -> AreaKey { scene: 254, anchor: (160, 1648) }
scene 255 -> 254 at frame 30201 position (432, 1592)
target scene=254 area=(160, 1648) event=4636 script=37303 mode=5 state=1 player=(592, 1704) pos=(416, 1328) path=45
learned targeted exit AreaKey { scene: 254, anchor: (160, 1648) } event=4636 -> AreaKey { scene: 257, anchor: (560, 808) }
learned exit AreaKey { scene: 254, anchor: (160, 1648) } event=4636 -> AreaKey { scene: 257, anchor: (560, 808) }
scene 254 -> 257 at frame 30246 position (512, 768)
target scene=257 area=(560, 808) event=4649 script=37307 mode=5 state=1 player=(672, 880) pos=(624, 904) path=2
learned targeted exit AreaKey { scene: 257, anchor: (560, 808) } event=4649 -> AreaKey { scene: 254, anchor: (160, 1648) }
learned exit AreaKey { scene: 257, anchor: (560, 808) } event=4649 -> AreaKey { scene: 254, anchor: (160, 1648) }
scene 257 -> 254 at frame 30248 position (224, 1232)
target scene=254 area=(160, 1648) event=4637 script=37295 mode=5 state=1 player=(384, 1344) pos=(672, 1232) path=29
learned targeted exit AreaKey { scene: 254, anchor: (160, 1648) } event=4637 -> AreaKey { scene: 256, anchor: (608, 544) }
learned exit AreaKey { scene: 254, anchor: (160, 1648) } event=4637 -> AreaKey { scene: 256, anchor: (608, 544) }
scene 254 -> 256 at frame 30277 position (528, 488)
target scene=256 area=(608, 544) event=4647 script=37299 mode=5 state=1 player=(688, 600) pos=(640, 624) path=2
learned targeted exit AreaKey { scene: 256, anchor: (608, 544) } event=4647 -> AreaKey { scene: 254, anchor: (160, 1648) }
learned exit AreaKey { scene: 256, anchor: (608, 544) } event=4647 -> AreaKey { scene: 254, anchor: (160, 1648) }
scene 256 -> 254 at frame 30279 position (480, 1136)
target scene=254 area=(160, 1648) event=4637 script=37295 mode=5 state=1 player=(640, 1248) pos=(672, 1232) path=1
learned targeted exit AreaKey { scene: 254, anchor: (160, 1648) } event=4637 -> AreaKey { scene: 256, anchor: (608, 544) }
learned exit AreaKey { scene: 254, anchor: (160, 1648) } event=4637 -> AreaKey { scene: 256, anchor: (608, 544) }
scene 254 -> 256 at frame 30280 position (528, 488)
target scene=256 area=(608, 544) event=4647 script=37299 mode=5 state=1 player=(688, 600) pos=(640, 624) path=2
learned targeted exit AreaKey { scene: 256, anchor: (608, 544) } event=4647 -> AreaKey { scene: 254, anchor: (160, 1648) }
learned exit AreaKey { scene: 256, anchor: (608, 544) } event=4647 -> AreaKey { scene: 254, anchor: (160, 1648) }
scene 256 -> 254 at frame 30282 position (480, 1136)
target scene=254 area=(160, 1648) event=4636 script=37303 mode=5 state=1 player=(640, 1248) pos=(416, 1328) path=29
learned targeted exit AreaKey { scene: 254, anchor: (160, 1648) } event=4636 -> AreaKey { scene: 257, anchor: (560, 808) }
learned exit AreaKey { scene: 254, anchor: (160, 1648) } event=4636 -> AreaKey { scene: 257, anchor: (560, 808) }
scene 254 -> 257 at frame 30311 position (512, 768)
target scene=257 area=(560, 808) event=4649 script=37307 mode=5 state=1 player=(672, 880) pos=(624, 904) path=2
learned targeted exit AreaKey { scene: 257, anchor: (560, 808) } event=4649 -> AreaKey { scene: 254, anchor: (160, 1648) }
learned exit AreaKey { scene: 257, anchor: (560, 808) } event=4649 -> AreaKey { scene: 254, anchor: (160, 1648) }
scene 257 -> 254 at frame 30313 position (224, 1232)
target scene=254 area=(160, 1648) event=4638 script=37287 mode=5 state=1 player=(384, 1344) pos=(640, 1680) path=47
learned targeted exit AreaKey { scene: 254, anchor: (160, 1648) } event=4638 -> AreaKey { scene: 255, anchor: (160, 112) }
learned exit AreaKey { scene: 254, anchor: (160, 1648) } event=4638 -> AreaKey { scene: 255, anchor: (160, 112) }
scene 254 -> 255 at frame 30360 position (448, 1088)
target scene=255 area=(160, 112) event=4646 script=37291 mode=5 state=1 player=(608, 1200) pos=(560, 1224) path=2
learned targeted exit AreaKey { scene: 255, anchor: (160, 112) } event=4646 -> AreaKey { scene: 254, anchor: (160, 1648) }
learned exit AreaKey { scene: 255, anchor: (160, 112) } event=4646 -> AreaKey { scene: 254, anchor: (160, 1648) }
scene 255 -> 254 at frame 30362 position (432, 1592)
target scene=254 area=(160, 1648) event=4638 script=37287 mode=5 state=1 player=(592, 1704) pos=(640, 1680) path=2
learned targeted exit AreaKey { scene: 254, anchor: (160, 1648) } event=4638 -> AreaKey { scene: 255, anchor: (160, 112) }
learned exit AreaKey { scene: 254, anchor: (160, 1648) } event=4638 -> AreaKey { scene: 255, anchor: (160, 112) }
scene 254 -> 255 at frame 30364 position (448, 1088)
target scene=255 area=(160, 112) event=4646 script=37291 mode=5 state=1 player=(608, 1200) pos=(560, 1224) path=2
learned targeted exit AreaKey { scene: 255, anchor: (160, 112) } event=4646 -> AreaKey { scene: 254, anchor: (160, 1648) }
learned exit AreaKey { scene: 255, anchor: (160, 112) } event=4646 -> AreaKey { scene: 254, anchor: (160, 1648) }
scene 255 -> 254 at frame 30366 position (432, 1592)
target scene=254 area=(160, 1648) event=4635 script=37283 mode=6 state=1 player=(592, 1704) pos=(192, 1680) path=21
learned targeted exit AreaKey { scene: 254, anchor: (160, 1648) } event=4635 -> AreaKey { scene: 248, anchor: (160, 1056) }
learned exit AreaKey { scene: 254, anchor: (160, 1648) } event=4635 -> AreaKey { scene: 248, anchor: (160, 1056) }
scene 254 -> 248 at frame 30387 position (1488, 1048)
target scene=248 area=(160, 1056) event=4582 script=37255 mode=5 state=1 player=(1648, 1160) pos=(1280, 960) path=29
learned targeted exit AreaKey { scene: 248, anchor: (160, 1056) } event=4582 -> AreaKey { scene: 253, anchor: (544, 1536) }
learned exit AreaKey { scene: 248, anchor: (160, 1056) } event=4582 -> AreaKey { scene: 253, anchor: (544, 1536) }
scene 248 -> 253 at frame 30416 position (528, 1528)
target scene=253 area=(544, 1536) event=4629 script=37259 mode=5 state=1 player=(688, 1640) pos=(640, 1664) path=2
learned targeted exit AreaKey { scene: 253, anchor: (544, 1536) } event=4629 -> AreaKey { scene: 248, anchor: (160, 1056) }
learned exit AreaKey { scene: 253, anchor: (544, 1536) } event=4629 -> AreaKey { scene: 248, anchor: (160, 1056) }
scene 253 -> 248 at frame 30418 position (1088, 864)
target scene=248 area=(160, 1056) event=4583 script=37263 mode=5 state=1 player=(1248, 976) pos=(960, 1136) path=23
learned targeted exit AreaKey { scene: 248, anchor: (160, 1056) } event=4583 -> AreaKey { scene: 253, anchor: (352, 1024) }
learned exit AreaKey { scene: 248, anchor: (160, 1056) } event=4583 -> AreaKey { scene: 253, anchor: (352, 1024) }
scene 248 -> 253 at frame 30441 position (464, 952)
target scene=253 area=(352, 1024) event=4630 script=37267 mode=5 state=1 player=(624, 1064) pos=(672, 1088) path=2
learned targeted exit AreaKey { scene: 253, anchor: (352, 1024) } event=4630 -> AreaKey { scene: 248, anchor: (160, 1056) }
learned exit AreaKey { scene: 253, anchor: (352, 1024) } event=4630 -> AreaKey { scene: 248, anchor: (160, 1056) }
scene 253 -> 248 at frame 30443 position (832, 1040)
target scene=248 area=(160, 1056) event=4580 script=37243 mode=5 state=1 player=(992, 1152) pos=(304, 1160) path=41
learned targeted exit AreaKey { scene: 248, anchor: (160, 1056) } event=4580 -> AreaKey { scene: 250, anchor: (160, 112) }
learned exit AreaKey { scene: 248, anchor: (160, 1056) } event=4580 -> AreaKey { scene: 250, anchor: (160, 112) }
scene 248 -> 250 at frame 30484 position (1616, 1784)
target scene=250 area=(160, 112) event=4595 script=37172 mode=7 state=1 player=(1776, 1896) pos=(160, 144) path=213
learned targeted exit AreaKey { scene: 250, anchor: (160, 112) } event=4595 -> AreaKey { scene: 247, anchor: (160, 112) }
learned exit AreaKey { scene: 250, anchor: (160, 112) } event=4595 -> AreaKey { scene: 247, anchor: (160, 112) }
scene 250 -> 247 at frame 30697 position (1264, 824)
target scene=247 area=(160, 112) event=4572 script=37180 mode=5 state=1 player=(1424, 936) pos=(1072, 680) path=30
learned targeted exit AreaKey { scene: 247, anchor: (160, 112) } event=4572 -> AreaKey { scene: 249, anchor: (320, 448) }
learned exit AreaKey { scene: 247, anchor: (160, 112) } event=4572 -> AreaKey { scene: 249, anchor: (320, 448) }
scene 247 -> 249 at frame 30727 position (304, 392)
target scene=249 area=(320, 448) event=4588 script=37184 mode=5 state=1 player=(464, 504) pos=(416, 528) path=2
learned targeted exit AreaKey { scene: 249, anchor: (320, 448) } event=4588 -> AreaKey { scene: 247, anchor: (160, 112) }
learned exit AreaKey { scene: 249, anchor: (320, 448) } event=4588 -> AreaKey { scene: 247, anchor: (160, 112) }
scene 249 -> 247 at frame 30729 position (864, 592)
target scene=247 area=(160, 112) event=4572 script=37180 mode=5 state=1 player=(1024, 704) pos=(1072, 680) path=2
learned targeted exit AreaKey { scene: 247, anchor: (160, 112) } event=4572 -> AreaKey { scene: 249, anchor: (320, 448) }
learned exit AreaKey { scene: 247, anchor: (160, 112) } event=4572 -> AreaKey { scene: 249, anchor: (320, 448) }
scene 247 -> 249 at frame 30731 position (304, 392)
target scene=249 area=(320, 448) event=4588 script=37184 mode=5 state=1 player=(464, 504) pos=(416, 528) path=2
learned targeted exit AreaKey { scene: 249, anchor: (320, 448) } event=4588 -> AreaKey { scene: 247, anchor: (160, 112) }
learned exit AreaKey { scene: 249, anchor: (320, 448) } event=4588 -> AreaKey { scene: 247, anchor: (160, 112) }
scene 249 -> 247 at frame 30733 position (864, 592)
target scene=247 area=(160, 112) event=4571 script=37176 mode=6 state=1 player=(1024, 704) pos=(1504, 960) path=29
learned targeted exit AreaKey { scene: 247, anchor: (160, 112) } event=4571 -> AreaKey { scene: 250, anchor: (160, 112) }
learned exit AreaKey { scene: 247, anchor: (160, 112) } event=4571 -> AreaKey { scene: 250, anchor: (160, 112) }
scene 247 -> 250 at frame 30762 position (48, 72)
target scene=250 area=(160, 112) event=4595 script=37172 mode=7 state=1 player=(208, 184) pos=(160, 144) path=1
learned targeted exit AreaKey { scene: 250, anchor: (160, 112) } event=4595 -> AreaKey { scene: 247, anchor: (160, 112) }
learned exit AreaKey { scene: 250, anchor: (160, 112) } event=4595 -> AreaKey { scene: 247, anchor: (160, 112) }
scene 250 -> 247 at frame 30763 position (1264, 824)
target scene=247 area=(160, 112) event=4571 script=37176 mode=6 state=1 player=(1424, 936) pos=(1504, 960) path=2
learned targeted exit AreaKey { scene: 247, anchor: (160, 112) } event=4571 -> AreaKey { scene: 250, anchor: (160, 112) }
learned exit AreaKey { scene: 247, anchor: (160, 112) } event=4571 -> AreaKey { scene: 250, anchor: (160, 112) }
scene 247 -> 250 at frame 30765 position (48, 72)
target scene=250 area=(160, 112) event=4595 script=37172 mode=7 state=1 player=(208, 184) pos=(160, 144) path=1
learned targeted exit AreaKey { scene: 250, anchor: (160, 112) } event=4595 -> AreaKey { scene: 247, anchor: (160, 112) }
learned exit AreaKey { scene: 250, anchor: (160, 112) } event=4595 -> AreaKey { scene: 247, anchor: (160, 112) }
scene 250 -> 247 at frame 30766 position (1264, 824)
target scene=247 area=(160, 112) event=4572 script=37180 mode=5 state=1 player=(1424, 936) pos=(1072, 680) path=30
learned targeted exit AreaKey { scene: 247, anchor: (160, 112) } event=4572 -> AreaKey { scene: 249, anchor: (320, 448) }
learned exit AreaKey { scene: 247, anchor: (160, 112) } event=4572 -> AreaKey { scene: 249, anchor: (320, 448) }
scene 247 -> 249 at frame 30796 position (304, 392)
target scene=249 area=(320, 448) event=4588 script=37184 mode=5 state=1 player=(464, 504) pos=(416, 528) path=2
learned targeted exit AreaKey { scene: 249, anchor: (320, 448) } event=4588 -> AreaKey { scene: 247, anchor: (160, 112) }
learned exit AreaKey { scene: 249, anchor: (320, 448) } event=4588 -> AreaKey { scene: 247, anchor: (160, 112) }
scene 249 -> 247 at frame 30798 position (864, 592)
target scene=247 area=(160, 112) event=4572 script=37180 mode=5 state=1 player=(1024, 704) pos=(1072, 680) path=2
learned targeted exit AreaKey { scene: 247, anchor: (160, 112) } event=4572 -> AreaKey { scene: 249, anchor: (320, 448) }
learned exit AreaKey { scene: 247, anchor: (160, 112) } event=4572 -> AreaKey { scene: 249, anchor: (320, 448) }
scene 247 -> 249 at frame 30800 position (304, 392)
target scene=249 area=(320, 448) event=4588 script=37184 mode=5 state=1 player=(464, 504) pos=(416, 528) path=2
learned targeted exit AreaKey { scene: 249, anchor: (320, 448) } event=4588 -> AreaKey { scene: 247, anchor: (160, 112) }
learned exit AreaKey { scene: 249, anchor: (320, 448) } event=4588 -> AreaKey { scene: 247, anchor: (160, 112) }
scene 249 -> 247 at frame 30802 position (864, 592)
target scene=247 area=(160, 112) event=4571 script=37176 mode=6 state=1 player=(1024, 704) pos=(1504, 960) path=29
learned targeted exit AreaKey { scene: 247, anchor: (160, 112) } event=4571 -> AreaKey { scene: 250, anchor: (160, 112) }
learned exit AreaKey { scene: 247, anchor: (160, 112) } event=4571 -> AreaKey { scene: 250, anchor: (160, 112) }
scene 247 -> 250 at frame 30831 position (48, 72)
target scene=250 area=(160, 112) event=4595 script=37172 mode=7 state=1 player=(208, 184) pos=(160, 144) path=1
learned targeted exit AreaKey { scene: 250, anchor: (160, 112) } event=4595 -> AreaKey { scene: 247, anchor: (160, 112) }
learned exit AreaKey { scene: 250, anchor: (160, 112) } event=4595 -> AreaKey { scene: 247, anchor: (160, 112) }
scene 250 -> 247 at frame 30832 position (1264, 824)
target scene=247 area=(160, 112) event=4571 script=37176 mode=6 state=1 player=(1424, 936) pos=(1504, 960) path=2
learned targeted exit AreaKey { scene: 247, anchor: (160, 112) } event=4571 -> AreaKey { scene: 250, anchor: (160, 112) }
learned exit AreaKey { scene: 247, anchor: (160, 112) } event=4571 -> AreaKey { scene: 250, anchor: (160, 112) }
scene 247 -> 250 at frame 30834 position (48, 72)
target scene=250 area=(160, 112) event=4595 script=37172 mode=7 state=1 player=(208, 184) pos=(160, 144) path=1
learned targeted exit AreaKey { scene: 250, anchor: (160, 112) } event=4595 -> AreaKey { scene: 247, anchor: (160, 112) }
learned exit AreaKey { scene: 250, anchor: (160, 112) } event=4595 -> AreaKey { scene: 247, anchor: (160, 112) }
scene 250 -> 247 at frame 30835 position (1264, 824)
target scene=247 area=(160, 112) event=4572 script=37180 mode=5 state=1 player=(1424, 936) pos=(1072, 680) path=30
learned targeted exit AreaKey { scene: 247, anchor: (160, 112) } event=4572 -> AreaKey { scene: 249, anchor: (320, 448) }
learned exit AreaKey { scene: 247, anchor: (160, 112) } event=4572 -> AreaKey { scene: 249, anchor: (320, 448) }
scene 247 -> 249 at frame 30865 position (304, 392)
target scene=249 area=(320, 448) event=4588 script=37184 mode=5 state=1 player=(464, 504) pos=(416, 528) path=2
learned targeted exit AreaKey { scene: 249, anchor: (320, 448) } event=4588 -> AreaKey { scene: 247, anchor: (160, 112) }
learned exit AreaKey { scene: 249, anchor: (320, 448) } event=4588 -> AreaKey { scene: 247, anchor: (160, 112) }
scene 249 -> 247 at frame 30867 position (864, 592)
target scene=247 area=(160, 112) event=4572 script=37180 mode=5 state=1 player=(1024, 704) pos=(1072, 680) path=2
learned targeted exit AreaKey { scene: 247, anchor: (160, 112) } event=4572 -> AreaKey { scene: 249, anchor: (320, 448) }
learned exit AreaKey { scene: 247, anchor: (160, 112) } event=4572 -> AreaKey { scene: 249, anchor: (320, 448) }
scene 247 -> 249 at frame 30869 position (304, 392)
target scene=249 area=(320, 448) event=4588 script=37184 mode=5 state=1 player=(464, 504) pos=(416, 528) path=2
learned targeted exit AreaKey { scene: 249, anchor: (320, 448) } event=4588 -> AreaKey { scene: 247, anchor: (160, 112) }
learned exit AreaKey { scene: 249, anchor: (320, 448) } event=4588 -> AreaKey { scene: 247, anchor: (160, 112) }
scene 249 -> 247 at frame 30871 position (864, 592)
target scene=247 area=(160, 112) event=4571 script=37176 mode=6 state=1 player=(1024, 704) pos=(1504, 960) path=29
learned targeted exit AreaKey { scene: 247, anchor: (160, 112) } event=4571 -> AreaKey { scene: 250, anchor: (160, 112) }
learned exit AreaKey { scene: 247, anchor: (160, 112) } event=4571 -> AreaKey { scene: 250, anchor: (160, 112) }
scene 247 -> 250 at frame 30900 position (48, 72)
target scene=250 area=(160, 112) event=4595 script=37172 mode=7 state=1 player=(208, 184) pos=(160, 144) path=1
learned targeted exit AreaKey { scene: 250, anchor: (160, 112) } event=4595 -> AreaKey { scene: 247, anchor: (160, 112) }
learned exit AreaKey { scene: 250, anchor: (160, 112) } event=4595 -> AreaKey { scene: 247, anchor: (160, 112) }
scene 250 -> 247 at frame 30901 position (1264, 824)
target scene=247 area=(160, 112) event=4571 script=37176 mode=6 state=1 player=(1424, 936) pos=(1504, 960) path=2
learned targeted exit AreaKey { scene: 247, anchor: (160, 112) } event=4571 -> AreaKey { scene: 250, anchor: (160, 112) }
learned exit AreaKey { scene: 247, anchor: (160, 112) } event=4571 -> AreaKey { scene: 250, anchor: (160, 112) }
scene 247 -> 250 at frame 30903 position (48, 72)
target scene=250 area=(160, 112) event=4595 script=37172 mode=7 state=1 player=(208, 184) pos=(160, 144) path=1
learned targeted exit AreaKey { scene: 250, anchor: (160, 112) } event=4595 -> AreaKey { scene: 247, anchor: (160, 112) }
learned exit AreaKey { scene: 250, anchor: (160, 112) } event=4595 -> AreaKey { scene: 247, anchor: (160, 112) }
scene 250 -> 247 at frame 30904 position (1264, 824)
target scene=247 area=(160, 112) event=4572 script=37180 mode=5 state=1 player=(1424, 936) pos=(1072, 680) path=30
learned targeted exit AreaKey { scene: 247, anchor: (160, 112) } event=4572 -> AreaKey { scene: 249, anchor: (320, 448) }
learned exit AreaKey { scene: 247, anchor: (160, 112) } event=4572 -> AreaKey { scene: 249, anchor: (320, 448) }
scene 247 -> 249 at frame 30934 position (304, 392)
target scene=249 area=(320, 448) event=4588 script=37184 mode=5 state=1 player=(464, 504) pos=(416, 528) path=2
learned targeted exit AreaKey { scene: 249, anchor: (320, 448) } event=4588 -> AreaKey { scene: 247, anchor: (160, 112) }
learned exit AreaKey { scene: 249, anchor: (320, 448) } event=4588 -> AreaKey { scene: 247, anchor: (160, 112) }
scene 249 -> 247 at frame 30936 position (864, 592)
target scene=247 area=(160, 112) event=4572 script=37180 mode=5 state=1 player=(1024, 704) pos=(1072, 680) path=2
learned targeted exit AreaKey { scene: 247, anchor: (160, 112) } event=4572 -> AreaKey { scene: 249, anchor: (320, 448) }
learned exit AreaKey { scene: 247, anchor: (160, 112) } event=4572 -> AreaKey { scene: 249, anchor: (320, 448) }
scene 247 -> 249 at frame 30938 position (304, 392)
target scene=249 area=(320, 448) event=4588 script=37184 mode=5 state=1 player=(464, 504) pos=(416, 528) path=2
learned targeted exit AreaKey { scene: 249, anchor: (320, 448) } event=4588 -> AreaKey { scene: 247, anchor: (160, 112) }
learned exit AreaKey { scene: 249, anchor: (320, 448) } event=4588 -> AreaKey { scene: 247, anchor: (160, 112) }
scene 249 -> 247 at frame 30940 position (864, 592)
target scene=247 area=(160, 112) event=4571 script=37176 mode=6 state=1 player=(1024, 704) pos=(1504, 960) path=29
learned targeted exit AreaKey { scene: 247, anchor: (160, 112) } event=4571 -> AreaKey { scene: 250, anchor: (160, 112) }
learned exit AreaKey { scene: 247, anchor: (160, 112) } event=4571 -> AreaKey { scene: 250, anchor: (160, 112) }
scene 247 -> 250 at frame 30969 position (48, 72)
target scene=250 area=(160, 112) event=4596 script=37239 mode=7 state=1 player=(208, 184) pos=(1856, 1952) path=215
learned targeted exit AreaKey { scene: 250, anchor: (160, 112) } event=4596 -> AreaKey { scene: 248, anchor: (160, 1056) }
learned exit AreaKey { scene: 250, anchor: (160, 112) } event=4596 -> AreaKey { scene: 248, anchor: (160, 1056) }
scene 250 -> 248 at frame 31184 position (176, 1064)
target scene=248 area=(160, 1056) event=4583 script=37263 mode=5 state=1 player=(336, 1176) pos=(960, 1136) path=41
learned targeted exit AreaKey { scene: 248, anchor: (160, 1056) } event=4583 -> AreaKey { scene: 253, anchor: (352, 1024) }
learned exit AreaKey { scene: 248, anchor: (160, 1056) } event=4583 -> AreaKey { scene: 253, anchor: (352, 1024) }
scene 248 -> 253 at frame 31225 position (464, 952)
target scene=253 area=(352, 1024) event=4630 script=37267 mode=5 state=1 player=(624, 1064) pos=(672, 1088) path=2
learned targeted exit AreaKey { scene: 253, anchor: (352, 1024) } event=4630 -> AreaKey { scene: 248, anchor: (160, 1056) }
learned exit AreaKey { scene: 253, anchor: (352, 1024) } event=4630 -> AreaKey { scene: 248, anchor: (160, 1056) }
scene 253 -> 248 at frame 31227 position (832, 1040)
target scene=248 area=(160, 1056) event=4582 script=37255 mode=5 state=1 player=(992, 1152) pos=(1280, 960) path=22
learned targeted exit AreaKey { scene: 248, anchor: (160, 1056) } event=4582 -> AreaKey { scene: 253, anchor: (544, 1536) }
learned exit AreaKey { scene: 248, anchor: (160, 1056) } event=4582 -> AreaKey { scene: 253, anchor: (544, 1536) }
scene 248 -> 253 at frame 31249 position (528, 1528)
target scene=253 area=(544, 1536) event=4629 script=37259 mode=5 state=1 player=(688, 1640) pos=(640, 1664) path=2
learned targeted exit AreaKey { scene: 253, anchor: (544, 1536) } event=4629 -> AreaKey { scene: 248, anchor: (160, 1056) }
learned exit AreaKey { scene: 253, anchor: (544, 1536) } event=4629 -> AreaKey { scene: 248, anchor: (160, 1056) }
scene 253 -> 248 at frame 31251 position (1088, 864)
target scene=248 area=(160, 1056) event=4584 script=37271 mode=5 state=1 player=(1248, 976) pos=(1520, 1368) path=52
learned targeted exit AreaKey { scene: 248, anchor: (160, 1056) } event=4584 -> AreaKey { scene: 253, anchor: (160, 112) }
learned exit AreaKey { scene: 248, anchor: (160, 1056) } event=4584 -> AreaKey { scene: 253, anchor: (160, 112) }
scene 248 -> 253 at frame 31303 position (512, 384)
target scene=253 area=(160, 112) event=4631 script=37275 mode=5 state=1 player=(672, 496) pos=(624, 520) path=2
learned targeted exit AreaKey { scene: 253, anchor: (160, 112) } event=4631 -> AreaKey { scene: 248, anchor: (160, 1056) }
learned exit AreaKey { scene: 253, anchor: (160, 112) } event=4631 -> AreaKey { scene: 248, anchor: (160, 1056) }
scene 253 -> 248 at frame 31305 position (1328, 1272)
target scene=248 area=(160, 1056) event=4584 script=37271 mode=5 state=1 player=(1488, 1384) pos=(1520, 1368) path=1
learned targeted exit AreaKey { scene: 248, anchor: (160, 1056) } event=4584 -> AreaKey { scene: 253, anchor: (160, 112) }
learned exit AreaKey { scene: 248, anchor: (160, 1056) } event=4584 -> AreaKey { scene: 253, anchor: (160, 112) }
scene 248 -> 253 at frame 31306 position (512, 384)
target scene=253 area=(160, 112) event=4631 script=37275 mode=5 state=1 player=(672, 496) pos=(624, 520) path=2
learned targeted exit AreaKey { scene: 253, anchor: (160, 112) } event=4631 -> AreaKey { scene: 248, anchor: (160, 1056) }
learned exit AreaKey { scene: 253, anchor: (160, 112) } event=4631 -> AreaKey { scene: 248, anchor: (160, 1056) }
scene 253 -> 248 at frame 31308 position (1328, 1272)
target scene=248 area=(160, 1056) event=4583 script=37263 mode=5 state=1 player=(1488, 1384) pos=(960, 1136) path=32
learned targeted exit AreaKey { scene: 248, anchor: (160, 1056) } event=4583 -> AreaKey { scene: 253, anchor: (352, 1024) }
learned exit AreaKey { scene: 248, anchor: (160, 1056) } event=4583 -> AreaKey { scene: 253, anchor: (352, 1024) }
scene 248 -> 253 at frame 31340 position (464, 952)
target scene=253 area=(352, 1024) event=4630 script=37267 mode=5 state=1 player=(624, 1064) pos=(672, 1088) path=2
learned targeted exit AreaKey { scene: 253, anchor: (352, 1024) } event=4630 -> AreaKey { scene: 248, anchor: (160, 1056) }
learned exit AreaKey { scene: 253, anchor: (352, 1024) } event=4630 -> AreaKey { scene: 248, anchor: (160, 1056) }
scene 253 -> 248 at frame 31342 position (832, 1040)
target scene=248 area=(160, 1056) event=4582 script=37255 mode=5 state=1 player=(992, 1152) pos=(1280, 960) path=22
learned targeted exit AreaKey { scene: 248, anchor: (160, 1056) } event=4582 -> AreaKey { scene: 253, anchor: (544, 1536) }
learned exit AreaKey { scene: 248, anchor: (160, 1056) } event=4582 -> AreaKey { scene: 253, anchor: (544, 1536) }
scene 248 -> 253 at frame 31364 position (528, 1528)
target scene=253 area=(544, 1536) event=4629 script=37259 mode=5 state=1 player=(688, 1640) pos=(640, 1664) path=2
learned targeted exit AreaKey { scene: 253, anchor: (544, 1536) } event=4629 -> AreaKey { scene: 248, anchor: (160, 1056) }
learned exit AreaKey { scene: 253, anchor: (544, 1536) } event=4629 -> AreaKey { scene: 248, anchor: (160, 1056) }
scene 253 -> 248 at frame 31366 position (1088, 864)
target scene=248 area=(160, 1056) event=4581 script=37247 mode=5 state=1 player=(1248, 976) pos=(1264, 600) path=45
learned targeted exit AreaKey { scene: 248, anchor: (160, 1056) } event=4581 -> AreaKey { scene: 251, anchor: (160, 112) }
learned exit AreaKey { scene: 248, anchor: (160, 1056) } event=4581 -> AreaKey { scene: 251, anchor: (160, 112) }
scene 248 -> 251 at frame 31411 position (880, 1560)
target scene=251 area=(160, 112) event=4615 script=37208 mode=5 state=1 player=(1040, 1672) pos=(1280, 1328) path=66
learned exit AreaKey { scene: 251, anchor: (160, 112) } event=4619 -> AreaKey { scene: 248, anchor: (160, 1056) }
scene 251 -> 248 at frame 31413 position (1072, 504)
target scene=248 area=(160, 1056) event=4581 script=37247 mode=5 state=1 player=(1232, 616) pos=(1264, 600) path=1
learned targeted exit AreaKey { scene: 248, anchor: (160, 1056) } event=4581 -> AreaKey { scene: 251, anchor: (160, 112) }
learned exit AreaKey { scene: 248, anchor: (160, 1056) } event=4581 -> AreaKey { scene: 251, anchor: (160, 112) }
scene 248 -> 251 at frame 31414 position (880, 1560)
target scene=251 area=(160, 112) event=4615 script=37208 mode=5 state=1 player=(1040, 1672) pos=(1280, 1328) path=66
learned exit AreaKey { scene: 251, anchor: (160, 112) } event=4619 -> AreaKey { scene: 248, anchor: (160, 1056) }
scene 251 -> 248 at frame 31416 position (1072, 504)
target scene=248 area=(160, 1056) event=4582 script=37255 mode=5 state=1 player=(1232, 616) pos=(1280, 960) path=46
learned targeted exit AreaKey { scene: 248, anchor: (160, 1056) } event=4582 -> AreaKey { scene: 253, anchor: (544, 1536) }
learned exit AreaKey { scene: 248, anchor: (160, 1056) } event=4582 -> AreaKey { scene: 253, anchor: (544, 1536) }
scene 248 -> 253 at frame 31462 position (528, 1528)
target scene=253 area=(544, 1536) event=4629 script=37259 mode=5 state=1 player=(688, 1640) pos=(640, 1664) path=2
learned targeted exit AreaKey { scene: 253, anchor: (544, 1536) } event=4629 -> AreaKey { scene: 248, anchor: (160, 1056) }
learned exit AreaKey { scene: 253, anchor: (544, 1536) } event=4629 -> AreaKey { scene: 248, anchor: (160, 1056) }
scene 253 -> 248 at frame 31464 position (1088, 864)
target scene=248 area=(160, 1056) event=4583 script=37263 mode=5 state=1 player=(1248, 976) pos=(960, 1136) path=23
learned targeted exit AreaKey { scene: 248, anchor: (160, 1056) } event=4583 -> AreaKey { scene: 253, anchor: (352, 1024) }
learned exit AreaKey { scene: 248, anchor: (160, 1056) } event=4583 -> AreaKey { scene: 253, anchor: (352, 1024) }
scene 248 -> 253 at frame 31487 position (464, 952)
target scene=253 area=(352, 1024) event=4630 script=37267 mode=5 state=1 player=(624, 1064) pos=(672, 1088) path=2
learned targeted exit AreaKey { scene: 253, anchor: (352, 1024) } event=4630 -> AreaKey { scene: 248, anchor: (160, 1056) }
learned exit AreaKey { scene: 253, anchor: (352, 1024) } event=4630 -> AreaKey { scene: 248, anchor: (160, 1056) }
scene 253 -> 248 at frame 31489 position (832, 1040)
target scene=248 area=(160, 1056) event=4584 script=37271 mode=5 state=1 player=(992, 1152) pos=(1520, 1368) path=32
learned targeted exit AreaKey { scene: 248, anchor: (160, 1056) } event=4584 -> AreaKey { scene: 253, anchor: (160, 112) }
learned exit AreaKey { scene: 248, anchor: (160, 1056) } event=4584 -> AreaKey { scene: 253, anchor: (160, 112) }
scene 248 -> 253 at frame 31521 position (512, 384)
target scene=253 area=(160, 112) event=4631 script=37275 mode=5 state=1 player=(672, 496) pos=(624, 520) path=2
learned targeted exit AreaKey { scene: 253, anchor: (160, 112) } event=4631 -> AreaKey { scene: 248, anchor: (160, 1056) }
learned exit AreaKey { scene: 253, anchor: (160, 112) } event=4631 -> AreaKey { scene: 248, anchor: (160, 1056) }
scene 253 -> 248 at frame 31523 position (1328, 1272)
target scene=248 area=(160, 1056) event=4584 script=37271 mode=5 state=1 player=(1488, 1384) pos=(1520, 1368) path=1
learned targeted exit AreaKey { scene: 248, anchor: (160, 1056) } event=4584 -> AreaKey { scene: 253, anchor: (160, 112) }
learned exit AreaKey { scene: 248, anchor: (160, 1056) } event=4584 -> AreaKey { scene: 253, anchor: (160, 112) }
scene 248 -> 253 at frame 31524 position (512, 384)
target scene=253 area=(160, 112) event=4631 script=37275 mode=5 state=1 player=(672, 496) pos=(624, 520) path=2
learned targeted exit AreaKey { scene: 253, anchor: (160, 112) } event=4631 -> AreaKey { scene: 248, anchor: (160, 1056) }
learned exit AreaKey { scene: 253, anchor: (160, 112) } event=4631 -> AreaKey { scene: 248, anchor: (160, 1056) }
scene 253 -> 248 at frame 31526 position (1328, 1272)
target scene=248 area=(160, 1056) event=4583 script=37263 mode=5 state=1 player=(1488, 1384) pos=(960, 1136) path=32
learned targeted exit AreaKey { scene: 248, anchor: (160, 1056) } event=4583 -> AreaKey { scene: 253, anchor: (352, 1024) }
learned exit AreaKey { scene: 248, anchor: (160, 1056) } event=4583 -> AreaKey { scene: 253, anchor: (352, 1024) }
scene 248 -> 253 at frame 31558 position (464, 952)
target scene=253 area=(352, 1024) event=4630 script=37267 mode=5 state=1 player=(624, 1064) pos=(672, 1088) path=2
learned targeted exit AreaKey { scene: 253, anchor: (352, 1024) } event=4630 -> AreaKey { scene: 248, anchor: (160, 1056) }
learned exit AreaKey { scene: 253, anchor: (352, 1024) } event=4630 -> AreaKey { scene: 248, anchor: (160, 1056) }
scene 253 -> 248 at frame 31560 position (832, 1040)
target scene=248 area=(160, 1056) event=4582 script=37255 mode=5 state=1 player=(992, 1152) pos=(1280, 960) path=22
learned targeted exit AreaKey { scene: 248, anchor: (160, 1056) } event=4582 -> AreaKey { scene: 253, anchor: (544, 1536) }
learned exit AreaKey { scene: 248, anchor: (160, 1056) } event=4582 -> AreaKey { scene: 253, anchor: (544, 1536) }
scene 248 -> 253 at frame 31582 position (528, 1528)
target scene=253 area=(544, 1536) event=4629 script=37259 mode=5 state=1 player=(688, 1640) pos=(640, 1664) path=2
learned targeted exit AreaKey { scene: 253, anchor: (544, 1536) } event=4629 -> AreaKey { scene: 248, anchor: (160, 1056) }
learned exit AreaKey { scene: 253, anchor: (544, 1536) } event=4629 -> AreaKey { scene: 248, anchor: (160, 1056) }
scene 253 -> 248 at frame 31584 position (1088, 864)
target scene=248 area=(160, 1056) event=4581 script=37247 mode=5 state=1 player=(1248, 976) pos=(1264, 600) path=45
learned targeted exit AreaKey { scene: 248, anchor: (160, 1056) } event=4581 -> AreaKey { scene: 251, anchor: (160, 112) }
learned exit AreaKey { scene: 248, anchor: (160, 1056) } event=4581 -> AreaKey { scene: 251, anchor: (160, 112) }
scene 248 -> 251 at frame 31629 position (880, 1560)
target scene=251 area=(160, 112) event=4615 script=37208 mode=5 state=1 player=(1040, 1672) pos=(1280, 1328) path=66
learned exit AreaKey { scene: 251, anchor: (160, 112) } event=4619 -> AreaKey { scene: 248, anchor: (160, 1056) }
scene 251 -> 248 at frame 31631 position (1072, 504)
target scene=248 area=(160, 1056) event=4581 script=37247 mode=5 state=1 player=(1232, 616) pos=(1264, 600) path=1
learned targeted exit AreaKey { scene: 248, anchor: (160, 1056) } event=4581 -> AreaKey { scene: 251, anchor: (160, 112) }
learned exit AreaKey { scene: 248, anchor: (160, 1056) } event=4581 -> AreaKey { scene: 251, anchor: (160, 112) }
scene 248 -> 251 at frame 31632 position (880, 1560)
target scene=251 area=(160, 112) event=4615 script=37208 mode=5 state=1 player=(1040, 1672) pos=(1280, 1328) path=66
queued unreachable event=4615 script=37208 after 5 scene-transition interruptions
learned exit AreaKey { scene: 251, anchor: (160, 112) } event=4619 -> AreaKey { scene: 248, anchor: (160, 1056) }
scene 251 -> 248 at frame 31634 position (1072, 504)
target scene=248 area=(160, 1056) event=4582 script=37255 mode=5 state=1 player=(1232, 616) pos=(1280, 960) path=46
learned targeted exit AreaKey { scene: 248, anchor: (160, 1056) } event=4582 -> AreaKey { scene: 253, anchor: (544, 1536) }
learned exit AreaKey { scene: 248, anchor: (160, 1056) } event=4582 -> AreaKey { scene: 253, anchor: (544, 1536) }
scene 248 -> 253 at frame 31680 position (528, 1528)
target scene=253 area=(544, 1536) event=4629 script=37259 mode=5 state=1 player=(688, 1640) pos=(640, 1664) path=2
learned targeted exit AreaKey { scene: 253, anchor: (544, 1536) } event=4629 -> AreaKey { scene: 248, anchor: (160, 1056) }
learned exit AreaKey { scene: 253, anchor: (544, 1536) } event=4629 -> AreaKey { scene: 248, anchor: (160, 1056) }
scene 253 -> 248 at frame 31682 position (1088, 864)
target scene=248 area=(160, 1056) event=4583 script=37263 mode=5 state=1 player=(1248, 976) pos=(960, 1136) path=23
learned targeted exit AreaKey { scene: 248, anchor: (160, 1056) } event=4583 -> AreaKey { scene: 253, anchor: (352, 1024) }
learned exit AreaKey { scene: 248, anchor: (160, 1056) } event=4583 -> AreaKey { scene: 253, anchor: (352, 1024) }
scene 248 -> 253 at frame 31705 position (464, 952)
target scene=253 area=(352, 1024) event=4630 script=37267 mode=5 state=1 player=(624, 1064) pos=(672, 1088) path=2
learned targeted exit AreaKey { scene: 253, anchor: (352, 1024) } event=4630 -> AreaKey { scene: 248, anchor: (160, 1056) }
learned exit AreaKey { scene: 253, anchor: (352, 1024) } event=4630 -> AreaKey { scene: 248, anchor: (160, 1056) }
scene 253 -> 248 at frame 31707 position (832, 1040)
target scene=248 area=(160, 1056) event=4584 script=37271 mode=5 state=1 player=(992, 1152) pos=(1520, 1368) path=32
learned targeted exit AreaKey { scene: 248, anchor: (160, 1056) } event=4584 -> AreaKey { scene: 253, anchor: (160, 112) }
learned exit AreaKey { scene: 248, anchor: (160, 1056) } event=4584 -> AreaKey { scene: 253, anchor: (160, 112) }
scene 248 -> 253 at frame 31739 position (512, 384)
target scene=253 area=(160, 112) event=4631 script=37275 mode=5 state=1 player=(672, 496) pos=(624, 520) path=2
learned targeted exit AreaKey { scene: 253, anchor: (160, 112) } event=4631 -> AreaKey { scene: 248, anchor: (160, 1056) }
learned exit AreaKey { scene: 253, anchor: (160, 112) } event=4631 -> AreaKey { scene: 248, anchor: (160, 1056) }
scene 253 -> 248 at frame 31741 position (1328, 1272)
target scene=248 area=(160, 1056) event=4584 script=37271 mode=5 state=1 player=(1488, 1384) pos=(1520, 1368) path=1
learned targeted exit AreaKey { scene: 248, anchor: (160, 1056) } event=4584 -> AreaKey { scene: 253, anchor: (160, 112) }
learned exit AreaKey { scene: 248, anchor: (160, 1056) } event=4584 -> AreaKey { scene: 253, anchor: (160, 112) }
scene 248 -> 253 at frame 31742 position (512, 384)
target scene=253 area=(160, 112) event=4631 script=37275 mode=5 state=1 player=(672, 496) pos=(624, 520) path=2
learned targeted exit AreaKey { scene: 253, anchor: (160, 112) } event=4631 -> AreaKey { scene: 248, anchor: (160, 1056) }
learned exit AreaKey { scene: 253, anchor: (160, 112) } event=4631 -> AreaKey { scene: 248, anchor: (160, 1056) }
scene 253 -> 248 at frame 31744 position (1328, 1272)
target scene=248 area=(160, 1056) event=4583 script=37263 mode=5 state=1 player=(1488, 1384) pos=(960, 1136) path=32
learned targeted exit AreaKey { scene: 248, anchor: (160, 1056) } event=4583 -> AreaKey { scene: 253, anchor: (352, 1024) }
learned exit AreaKey { scene: 248, anchor: (160, 1056) } event=4583 -> AreaKey { scene: 253, anchor: (352, 1024) }
scene 248 -> 253 at frame 31776 position (464, 952)
target scene=253 area=(352, 1024) event=4630 script=37267 mode=5 state=1 player=(624, 1064) pos=(672, 1088) path=2
learned targeted exit AreaKey { scene: 253, anchor: (352, 1024) } event=4630 -> AreaKey { scene: 248, anchor: (160, 1056) }
learned exit AreaKey { scene: 253, anchor: (352, 1024) } event=4630 -> AreaKey { scene: 248, anchor: (160, 1056) }
scene 253 -> 248 at frame 31778 position (832, 1040)
target scene=248 area=(160, 1056) event=4582 script=37255 mode=5 state=1 player=(992, 1152) pos=(1280, 960) path=22
learned targeted exit AreaKey { scene: 248, anchor: (160, 1056) } event=4582 -> AreaKey { scene: 253, anchor: (544, 1536) }
learned exit AreaKey { scene: 248, anchor: (160, 1056) } event=4582 -> AreaKey { scene: 253, anchor: (544, 1536) }
scene 248 -> 253 at frame 31800 position (528, 1528)
target scene=253 area=(544, 1536) event=4629 script=37259 mode=5 state=1 player=(688, 1640) pos=(640, 1664) path=2
learned targeted exit AreaKey { scene: 253, anchor: (544, 1536) } event=4629 -> AreaKey { scene: 248, anchor: (160, 1056) }
learned exit AreaKey { scene: 253, anchor: (544, 1536) } event=4629 -> AreaKey { scene: 248, anchor: (160, 1056) }
scene 253 -> 248 at frame 31802 position (1088, 864)
target scene=248 area=(160, 1056) event=4581 script=37247 mode=5 state=1 player=(1248, 976) pos=(1264, 600) path=45
learned targeted exit AreaKey { scene: 248, anchor: (160, 1056) } event=4581 -> AreaKey { scene: 251, anchor: (160, 112) }
learned exit AreaKey { scene: 248, anchor: (160, 1056) } event=4581 -> AreaKey { scene: 251, anchor: (160, 112) }
scene 248 -> 251 at frame 31847 position (880, 1560)
running forced event=4615 script=37208 destination=Some(252)
scene 251 -> 252 at frame 31847 position (304, 264)
target scene=252 area=(400, 344) event=4625 script=37204 mode=5 state=1 player=(464, 376) pos=(416, 400) path=2
learned targeted exit AreaKey { scene: 252, anchor: (400, 344) } event=4625 -> AreaKey { scene: 251, anchor: (160, 112) }
learned exit AreaKey { scene: 252, anchor: (400, 344) } event=4625 -> AreaKey { scene: 251, anchor: (160, 112) }
scene 252 -> 251 at frame 31849 position (1088, 1232)
target scene=251 area=(160, 112) event=4618 script=37232 mode=5 state=1 player=(1248, 1344) pos=(1440, 1408) path=11
learned targeted exit AreaKey { scene: 251, anchor: (160, 112) } event=4618 -> AreaKey { scene: 252, anchor: (1184, 1056) }
learned exit AreaKey { scene: 251, anchor: (160, 112) } event=4618 -> AreaKey { scene: 252, anchor: (1184, 1056) }
scene 251 -> 252 at frame 31860 position (1088, 992)
target scene=252 area=(1184, 1056) event=4628 script=37228 mode=5 state=1 player=(1248, 1104) pos=(1200, 1128) path=2
learned targeted exit AreaKey { scene: 252, anchor: (1184, 1056) } event=4628 -> AreaKey { scene: 251, anchor: (160, 112) }
learned exit AreaKey { scene: 252, anchor: (1184, 1056) } event=4628 -> AreaKey { scene: 251, anchor: (160, 112) }
scene 252 -> 251 at frame 31862 position (1248, 1312)
target scene=251 area=(160, 112) event=4616 script=37216 mode=5 state=1 player=(1408, 1424) pos=(1600, 1488) path=11
learned targeted exit AreaKey { scene: 251, anchor: (160, 112) } event=4616 -> AreaKey { scene: 252, anchor: (1152, 320) }
learned exit AreaKey { scene: 251, anchor: (160, 112) } event=4616 -> AreaKey { scene: 252, anchor: (1152, 320) }
scene 251 -> 252 at frame 31873 position (1040, 248)
target scene=252 area=(1152, 320) event=4626 script=37212 mode=5 state=1 player=(1200, 360) pos=(1152, 384) path=2
learned targeted exit AreaKey { scene: 252, anchor: (1152, 320) } event=4626 -> AreaKey { scene: 251, anchor: (160, 112) }
learned exit AreaKey { scene: 252, anchor: (1152, 320) } event=4626 -> AreaKey { scene: 251, anchor: (160, 112) }
scene 252 -> 251 at frame 31875 position (1408, 1392)
target scene=251 area=(160, 112) event=4616 script=37216 mode=5 state=1 player=(1568, 1504) pos=(1600, 1488) path=1
learned targeted exit AreaKey { scene: 251, anchor: (160, 112) } event=4616 -> AreaKey { scene: 252, anchor: (1152, 320) }
learned exit AreaKey { scene: 251, anchor: (160, 112) } event=4616 -> AreaKey { scene: 252, anchor: (1152, 320) }
scene 251 -> 252 at frame 31876 position (1040, 248)
target scene=252 area=(1152, 320) event=4626 script=37212 mode=5 state=1 player=(1200, 360) pos=(1152, 384) path=2
learned targeted exit AreaKey { scene: 252, anchor: (1152, 320) } event=4626 -> AreaKey { scene: 251, anchor: (160, 112) }
learned exit AreaKey { scene: 252, anchor: (1152, 320) } event=4626 -> AreaKey { scene: 251, anchor: (160, 112) }
scene 252 -> 251 at frame 31878 position (1408, 1392)
target scene=251 area=(160, 112) event=4618 script=37232 mode=5 state=1 player=(1568, 1504) pos=(1440, 1408) path=10
learned targeted exit AreaKey { scene: 251, anchor: (160, 112) } event=4618 -> AreaKey { scene: 252, anchor: (1184, 1056) }
learned exit AreaKey { scene: 251, anchor: (160, 112) } event=4618 -> AreaKey { scene: 252, anchor: (1184, 1056) }
scene 251 -> 252 at frame 31888 position (1088, 992)
target scene=252 area=(1184, 1056) event=4628 script=37228 mode=5 state=1 player=(1248, 1104) pos=(1200, 1128) path=2
learned targeted exit AreaKey { scene: 252, anchor: (1184, 1056) } event=4628 -> AreaKey { scene: 251, anchor: (160, 112) }
learned exit AreaKey { scene: 252, anchor: (1184, 1056) } event=4628 -> AreaKey { scene: 251, anchor: (160, 112) }
scene 252 -> 251 at frame 31890 position (1248, 1312)
target scene=251 area=(160, 112) event=4614 script=37200 mode=5 state=1 player=(1408, 1424) pos=(1488, 1528) path=49
learned exit AreaKey { scene: 251, anchor: (160, 112) } event=4615 -> AreaKey { scene: 252, anchor: (400, 344) }
scene 251 -> 252 at frame 31900 position (304, 264)
target scene=252 area=(400, 344) event=4625 script=37204 mode=5 state=1 player=(464, 376) pos=(416, 400) path=2
learned targeted exit AreaKey { scene: 252, anchor: (400, 344) } event=4625 -> AreaKey { scene: 251, anchor: (160, 112) }
learned exit AreaKey { scene: 252, anchor: (400, 344) } event=4625 -> AreaKey { scene: 251, anchor: (160, 112) }
scene 252 -> 251 at frame 31902 position (1088, 1232)
target scene=251 area=(160, 112) event=4621 script=60 mode=4 state=1 player=(1248, 1344) pos=(1168, 1368) path=7
learned targeted exit AreaKey { scene: 251, anchor: (160, 112) } event=4621 -> AreaKey { scene: 251, anchor: (1216, 1408) }
marked destination touch VisitKey { scene: 251, area: (1216, 1408), event_id: 4621, trigger_script: 60, trigger_mode: 4, state: 1 }
learned exit AreaKey { scene: 251, anchor: (160, 112) } event=4621 -> AreaKey { scene: 251, anchor: (1216, 1408) }
area teleport in scene 251 at frame 31922: (1168, 1368) -> (1264, 1464)
target scene=251 area=(1216, 1408) event=4613 script=37192 mode=5 state=1 player=(1264, 1464) pos=(992, 1472) path=15
learned targeted exit AreaKey { scene: 251, anchor: (1216, 1408) } event=4613 -> AreaKey { scene: 252, anchor: (400, 1160) }
learned exit AreaKey { scene: 251, anchor: (1216, 1408) } event=4613 -> AreaKey { scene: 252, anchor: (400, 1160) }
scene 251 -> 252 at frame 31937 position (480, 1152)
target scene=252 area=(400, 1160) event=4623 script=37188 mode=5 state=1 player=(640, 1264) pos=(688, 1288) path=2
learned targeted exit AreaKey { scene: 252, anchor: (400, 1160) } event=4623 -> AreaKey { scene: 251, anchor: (160, 112) }
learned exit AreaKey { scene: 252, anchor: (400, 1160) } event=4623 -> AreaKey { scene: 251, anchor: (160, 112) }
scene 252 -> 251 at frame 31939 position (864, 1376)
target scene=251 area=(160, 112) event=4614 script=37200 mode=5 state=1 player=(1024, 1488) pos=(1488, 1528) path=27
learned targeted exit AreaKey { scene: 251, anchor: (160, 112) } event=4614 -> AreaKey { scene: 252, anchor: (512, 784) }
learned exit AreaKey { scene: 251, anchor: (160, 112) } event=4614 -> AreaKey { scene: 252, anchor: (512, 784) }
scene 251 -> 252 at frame 31966 position (400, 664)
target scene=252 area=(512, 784) event=4624 script=37196 mode=5 state=1 player=(560, 776) pos=(512, 800) path=2
learned targeted exit AreaKey { scene: 252, anchor: (512, 784) } event=4624 -> AreaKey { scene: 251, anchor: (160, 112) }
learned exit AreaKey { scene: 252, anchor: (512, 784) } event=4624 -> AreaKey { scene: 251, anchor: (160, 112) }
scene 252 -> 251 at frame 31968 position (1296, 1432)
target scene=251 area=(160, 112) event=4614 script=37200 mode=5 state=1 player=(1456, 1544) pos=(1488, 1528) path=1
learned targeted exit AreaKey { scene: 251, anchor: (160, 112) } event=4614 -> AreaKey { scene: 252, anchor: (512, 784) }
learned exit AreaKey { scene: 251, anchor: (160, 112) } event=4614 -> AreaKey { scene: 252, anchor: (512, 784) }
scene 251 -> 252 at frame 31969 position (400, 664)
target scene=252 area=(512, 784) event=4624 script=37196 mode=5 state=1 player=(560, 776) pos=(512, 800) path=2
learned targeted exit AreaKey { scene: 252, anchor: (512, 784) } event=4624 -> AreaKey { scene: 251, anchor: (160, 112) }
learned exit AreaKey { scene: 252, anchor: (512, 784) } event=4624 -> AreaKey { scene: 251, anchor: (160, 112) }
scene 252 -> 251 at frame 31971 position (1296, 1432)
target scene=251 area=(160, 112) event=4617 script=37224 mode=5 state=1 player=(1456, 1544) pos=(1312, 1440) path=11
learned targeted exit AreaKey { scene: 251, anchor: (160, 112) } event=4617 -> AreaKey { scene: 252, anchor: (1168, 728) }
learned exit AreaKey { scene: 251, anchor: (160, 112) } event=4617 -> AreaKey { scene: 252, anchor: (1168, 728) }
scene 251 -> 252 at frame 31982 position (1072, 648)
target scene=252 area=(1168, 728) event=4627 script=37220 mode=5 state=1 player=(1232, 760) pos=(1184, 784) path=2
learned targeted exit AreaKey { scene: 252, anchor: (1168, 728) } event=4627 -> AreaKey { scene: 251, anchor: (160, 112) }
learned exit AreaKey { scene: 252, anchor: (1168, 728) } event=4627 -> AreaKey { scene: 251, anchor: (160, 112) }
scene 252 -> 251 at frame 31984 position (1120, 1344)
target scene=251 area=(160, 112) event=4620 script=33 mode=4 state=1 player=(1280, 1456) pos=(1248, 1456) path=2
learned targeted exit AreaKey { scene: 251, anchor: (160, 112) } event=4620 -> AreaKey { scene: 251, anchor: (1152, 1344) }
marked destination touch VisitKey { scene: 251, area: (1152, 1344), event_id: 4620, trigger_script: 33, trigger_mode: 4, state: 1 }
learned exit AreaKey { scene: 251, anchor: (160, 112) } event=4620 -> AreaKey { scene: 251, anchor: (1152, 1344) }
area teleport in scene 251 at frame 31999: (1248, 1456) -> (1152, 1360)
target scene=251 area=(1152, 1344) event=4617 script=37224 mode=5 state=1 player=(1152, 1360) pos=(1312, 1440) path=58
learned exit AreaKey { scene: 251, anchor: (1152, 1344) } event=4618 -> AreaKey { scene: 252, anchor: (1184, 1056) }
scene 251 -> 252 at frame 32016 position (1088, 992)
target scene=252 area=(1184, 1056) event=4628 script=37228 mode=5 state=1 player=(1248, 1104) pos=(1200, 1128) path=2
learned targeted exit AreaKey { scene: 252, anchor: (1184, 1056) } event=4628 -> AreaKey { scene: 251, anchor: (160, 112) }
learned exit AreaKey { scene: 252, anchor: (1184, 1056) } event=4628 -> AreaKey { scene: 251, anchor: (160, 112) }
scene 252 -> 251 at frame 32018 position (1248, 1312)
target scene=251 area=(160, 112) event=4616 script=37216 mode=5 state=1 player=(1408, 1424) pos=(1600, 1488) path=11
learned targeted exit AreaKey { scene: 251, anchor: (160, 112) } event=4616 -> AreaKey { scene: 252, anchor: (1152, 320) }
learned exit AreaKey { scene: 251, anchor: (160, 112) } event=4616 -> AreaKey { scene: 252, anchor: (1152, 320) }
scene 251 -> 252 at frame 32029 position (1040, 248)
target scene=252 area=(1152, 320) event=4626 script=37212 mode=5 state=1 player=(1200, 360) pos=(1152, 384) path=2
learned targeted exit AreaKey { scene: 252, anchor: (1152, 320) } event=4626 -> AreaKey { scene: 251, anchor: (160, 112) }
learned exit AreaKey { scene: 252, anchor: (1152, 320) } event=4626 -> AreaKey { scene: 251, anchor: (160, 112) }
scene 252 -> 251 at frame 32031 position (1408, 1392)
target scene=251 area=(160, 112) event=4616 script=37216 mode=5 state=1 player=(1568, 1504) pos=(1600, 1488) path=1
learned targeted exit AreaKey { scene: 251, anchor: (160, 112) } event=4616 -> AreaKey { scene: 252, anchor: (1152, 320) }
learned exit AreaKey { scene: 251, anchor: (160, 112) } event=4616 -> AreaKey { scene: 252, anchor: (1152, 320) }
scene 251 -> 252 at frame 32032 position (1040, 248)
target scene=252 area=(1152, 320) event=4626 script=37212 mode=5 state=1 player=(1200, 360) pos=(1152, 384) path=2
learned targeted exit AreaKey { scene: 252, anchor: (1152, 320) } event=4626 -> AreaKey { scene: 251, anchor: (160, 112) }
learned exit AreaKey { scene: 252, anchor: (1152, 320) } event=4626 -> AreaKey { scene: 251, anchor: (160, 112) }
scene 252 -> 251 at frame 32034 position (1408, 1392)
target scene=251 area=(160, 112) event=4618 script=37232 mode=5 state=1 player=(1568, 1504) pos=(1440, 1408) path=10
learned targeted exit AreaKey { scene: 251, anchor: (160, 112) } event=4618 -> AreaKey { scene: 252, anchor: (1184, 1056) }
learned exit AreaKey { scene: 251, anchor: (160, 112) } event=4618 -> AreaKey { scene: 252, anchor: (1184, 1056) }
scene 251 -> 252 at frame 32044 position (1088, 992)
target scene=252 area=(1184, 1056) event=4628 script=37228 mode=5 state=1 player=(1248, 1104) pos=(1200, 1128) path=2
learned targeted exit AreaKey { scene: 252, anchor: (1184, 1056) } event=4628 -> AreaKey { scene: 251, anchor: (160, 112) }
learned exit AreaKey { scene: 252, anchor: (1184, 1056) } event=4628 -> AreaKey { scene: 251, anchor: (160, 112) }
scene 252 -> 251 at frame 32046 position (1248, 1312)
target scene=251 area=(160, 112) event=4615 script=37208 mode=5 state=1 player=(1408, 1424) pos=(1280, 1328) path=10
learned targeted exit AreaKey { scene: 251, anchor: (160, 112) } event=4615 -> AreaKey { scene: 252, anchor: (400, 344) }
learned exit AreaKey { scene: 251, anchor: (160, 112) } event=4615 -> AreaKey { scene: 252, anchor: (400, 344) }
scene 251 -> 252 at frame 32056 position (304, 264)
target scene=252 area=(400, 344) event=4625 script=37204 mode=5 state=1 player=(464, 376) pos=(416, 400) path=2
learned targeted exit AreaKey { scene: 252, anchor: (400, 344) } event=4625 -> AreaKey { scene: 251, anchor: (160, 112) }
learned exit AreaKey { scene: 252, anchor: (400, 344) } event=4625 -> AreaKey { scene: 251, anchor: (160, 112) }
scene 252 -> 251 at frame 32058 position (1088, 1232)
target scene=251 area=(160, 112) event=4621 script=60 mode=4 state=1 player=(1248, 1344) pos=(1168, 1368) path=7
learned targeted exit AreaKey { scene: 251, anchor: (160, 112) } event=4621 -> AreaKey { scene: 251, anchor: (1216, 1408) }
marked destination touch VisitKey { scene: 251, area: (1216, 1408), event_id: 4621, trigger_script: 60, trigger_mode: 4, state: 1 }
learned exit AreaKey { scene: 251, anchor: (160, 112) } event=4621 -> AreaKey { scene: 251, anchor: (1216, 1408) }
area teleport in scene 251 at frame 32078: (1168, 1368) -> (1264, 1464)
target scene=251 area=(1216, 1408) event=4615 script=37208 mode=5 state=1 player=(1264, 1464) pos=(1280, 1328) path=53
queued unreachable event=4615 script=37208 after 6 scene-transition interruptions
learned exit AreaKey { scene: 251, anchor: (1216, 1408) } event=4614 -> AreaKey { scene: 252, anchor: (512, 784) }
scene 251 -> 252 at frame 32090 position (400, 664)
target scene=252 area=(512, 784) event=4624 script=37196 mode=5 state=1 player=(560, 776) pos=(512, 800) path=2
learned targeted exit AreaKey { scene: 252, anchor: (512, 784) } event=4624 -> AreaKey { scene: 251, anchor: (160, 112) }
learned exit AreaKey { scene: 252, anchor: (512, 784) } event=4624 -> AreaKey { scene: 251, anchor: (160, 112) }
scene 252 -> 251 at frame 32092 position (1296, 1432)
running forced event=4615 script=37208 destination=Some(252)
learned exit AreaKey { scene: 251, anchor: (160, 112) } event=4614 -> AreaKey { scene: 252, anchor: (400, 344) }
scene 251 -> 252 at frame 32092 position (304, 264)
target scene=252 area=(400, 344) event=4625 script=37204 mode=5 state=1 player=(464, 376) pos=(416, 400) path=2
learned targeted exit AreaKey { scene: 252, anchor: (400, 344) } event=4625 -> AreaKey { scene: 251, anchor: (160, 112) }
learned exit AreaKey { scene: 252, anchor: (400, 344) } event=4625 -> AreaKey { scene: 251, anchor: (160, 112) }
scene 252 -> 251 at frame 32094 position (1088, 1232)
target scene=251 area=(160, 112) event=4621 script=60 mode=4 state=1 player=(1248, 1344) pos=(1168, 1368) path=7
learned targeted exit AreaKey { scene: 251, anchor: (160, 112) } event=4621 -> AreaKey { scene: 251, anchor: (1216, 1408) }
marked destination touch VisitKey { scene: 251, area: (1216, 1408), event_id: 4621, trigger_script: 60, trigger_mode: 4, state: 1 }
learned exit AreaKey { scene: 251, anchor: (160, 112) } event=4621 -> AreaKey { scene: 251, anchor: (1216, 1408) }
area teleport in scene 251 at frame 32114: (1168, 1368) -> (1264, 1464)
target scene=251 area=(1216, 1408) event=4618 script=37232 mode=5 state=1 player=(1264, 1464) pos=(1440, 1408) path=97
learned exit AreaKey { scene: 251, anchor: (1216, 1408) } event=4619 -> AreaKey { scene: 248, anchor: (160, 1056) }
scene 251 -> 248 at frame 32143 position (1072, 504)
target scene=248 area=(160, 1056) event=4582 script=37255 mode=5 state=1 player=(1232, 616) pos=(1280, 960) path=46
learned targeted exit AreaKey { scene: 248, anchor: (160, 1056) } event=4582 -> AreaKey { scene: 253, anchor: (544, 1536) }
learned exit AreaKey { scene: 248, anchor: (160, 1056) } event=4582 -> AreaKey { scene: 253, anchor: (544, 1536) }
scene 248 -> 253 at frame 32189 position (528, 1528)
target scene=253 area=(544, 1536) event=4629 script=37259 mode=5 state=1 player=(688, 1640) pos=(640, 1664) path=2
learned targeted exit AreaKey { scene: 253, anchor: (544, 1536) } event=4629 -> AreaKey { scene: 248, anchor: (160, 1056) }
learned exit AreaKey { scene: 253, anchor: (544, 1536) } event=4629 -> AreaKey { scene: 248, anchor: (160, 1056) }
scene 253 -> 248 at frame 32191 position (1088, 864)
target scene=248 area=(160, 1056) event=4583 script=37263 mode=5 state=1 player=(1248, 976) pos=(960, 1136) path=23
learned targeted exit AreaKey { scene: 248, anchor: (160, 1056) } event=4583 -> AreaKey { scene: 253, anchor: (352, 1024) }
learned exit AreaKey { scene: 248, anchor: (160, 1056) } event=4583 -> AreaKey { scene: 253, anchor: (352, 1024) }
scene 248 -> 253 at frame 32214 position (464, 952)
target scene=253 area=(352, 1024) event=4630 script=37267 mode=5 state=1 player=(624, 1064) pos=(672, 1088) path=2
learned targeted exit AreaKey { scene: 253, anchor: (352, 1024) } event=4630 -> AreaKey { scene: 248, anchor: (160, 1056) }
learned exit AreaKey { scene: 253, anchor: (352, 1024) } event=4630 -> AreaKey { scene: 248, anchor: (160, 1056) }
scene 253 -> 248 at frame 32216 position (832, 1040)
target scene=248 area=(160, 1056) event=4584 script=37271 mode=5 state=1 player=(992, 1152) pos=(1520, 1368) path=32
learned targeted exit AreaKey { scene: 248, anchor: (160, 1056) } event=4584 -> AreaKey { scene: 253, anchor: (160, 112) }
learned exit AreaKey { scene: 248, anchor: (160, 1056) } event=4584 -> AreaKey { scene: 253, anchor: (160, 112) }
scene 248 -> 253 at frame 32248 position (512, 384)
target scene=253 area=(160, 112) event=4631 script=37275 mode=5 state=1 player=(672, 496) pos=(624, 520) path=2
learned targeted exit AreaKey { scene: 253, anchor: (160, 112) } event=4631 -> AreaKey { scene: 248, anchor: (160, 1056) }
learned exit AreaKey { scene: 253, anchor: (160, 112) } event=4631 -> AreaKey { scene: 248, anchor: (160, 1056) }
scene 253 -> 248 at frame 32250 position (1328, 1272)
target scene=248 area=(160, 1056) event=4584 script=37271 mode=5 state=1 player=(1488, 1384) pos=(1520, 1368) path=1
learned targeted exit AreaKey { scene: 248, anchor: (160, 1056) } event=4584 -> AreaKey { scene: 253, anchor: (160, 112) }
learned exit AreaKey { scene: 248, anchor: (160, 1056) } event=4584 -> AreaKey { scene: 253, anchor: (160, 112) }
scene 248 -> 253 at frame 32251 position (512, 384)
target scene=253 area=(160, 112) event=4631 script=37275 mode=5 state=1 player=(672, 496) pos=(624, 520) path=2
learned targeted exit AreaKey { scene: 253, anchor: (160, 112) } event=4631 -> AreaKey { scene: 248, anchor: (160, 1056) }
learned exit AreaKey { scene: 253, anchor: (160, 112) } event=4631 -> AreaKey { scene: 248, anchor: (160, 1056) }
scene 253 -> 248 at frame 32253 position (1328, 1272)
target scene=248 area=(160, 1056) event=4583 script=37263 mode=5 state=1 player=(1488, 1384) pos=(960, 1136) path=32
learned targeted exit AreaKey { scene: 248, anchor: (160, 1056) } event=4583 -> AreaKey { scene: 253, anchor: (352, 1024) }
learned exit AreaKey { scene: 248, anchor: (160, 1056) } event=4583 -> AreaKey { scene: 253, anchor: (352, 1024) }
scene 248 -> 253 at frame 32285 position (464, 952)
target scene=253 area=(352, 1024) event=4630 script=37267 mode=5 state=1 player=(624, 1064) pos=(672, 1088) path=2
learned targeted exit AreaKey { scene: 253, anchor: (352, 1024) } event=4630 -> AreaKey { scene: 248, anchor: (160, 1056) }
learned exit AreaKey { scene: 253, anchor: (352, 1024) } event=4630 -> AreaKey { scene: 248, anchor: (160, 1056) }
scene 253 -> 248 at frame 32287 position (832, 1040)
target scene=248 area=(160, 1056) event=4582 script=37255 mode=5 state=1 player=(992, 1152) pos=(1280, 960) path=22
learned targeted exit AreaKey { scene: 248, anchor: (160, 1056) } event=4582 -> AreaKey { scene: 253, anchor: (544, 1536) }
learned exit AreaKey { scene: 248, anchor: (160, 1056) } event=4582 -> AreaKey { scene: 253, anchor: (544, 1536) }
scene 248 -> 253 at frame 32309 position (528, 1528)
target scene=253 area=(544, 1536) event=4629 script=37259 mode=5 state=1 player=(688, 1640) pos=(640, 1664) path=2
learned targeted exit AreaKey { scene: 253, anchor: (544, 1536) } event=4629 -> AreaKey { scene: 248, anchor: (160, 1056) }
learned exit AreaKey { scene: 253, anchor: (544, 1536) } event=4629 -> AreaKey { scene: 248, anchor: (160, 1056) }
scene 253 -> 248 at frame 32311 position (1088, 864)
target scene=248 area=(160, 1056) event=4580 script=37243 mode=5 state=1 player=(1248, 976) pos=(304, 1160) path=57
learned targeted exit AreaKey { scene: 248, anchor: (160, 1056) } event=4580 -> AreaKey { scene: 250, anchor: (160, 112) }
learned exit AreaKey { scene: 248, anchor: (160, 1056) } event=4580 -> AreaKey { scene: 250, anchor: (160, 112) }
scene 248 -> 250 at frame 32368 position (1616, 1784)
target scene=250 area=(160, 112) event=4595 script=37172 mode=7 state=1 player=(1776, 1896) pos=(160, 144) path=213
