   Compiling rustpal v0.1.0 (/Users/mlv/orca/workspaces/Legend-of-Sword-and-Fairy/gorgonian)
    Finished `release` profile [optimized] target(s) in 1.41s
     Running `target/release/examples/fullgame_autoplay`
resuming recordings/autoplay-probe-checkpoint.rpg at scene=3 position=(1408, 1392)
target scene=3 area=(160, 112) event=75 script=8149 mode=1 state=1 player=(1568, 1504) pos=(1440, 1424) path=9
target scene=3 area=(160, 112) event=74 script=8149 mode=1 state=1 player=(1424, 1432) pos=(1424, 1416) path=1
target scene=3 area=(160, 112) event=71 script=8146 mode=1 state=1 player=(1440, 1424) pos=(1296, 1448) path=42
learned exit AreaKey { scene: 3, anchor: (160, 112) } event=52 -> AreaKey { scene: 1, anchor: (1184, 1056) }
scene 3 -> 1 at frame 12 position (1088, 992)
target scene=1 area=(1184, 1056) event=13 script=4635 mode=5 state=1 player=(1248, 1104) pos=(1200, 1128) path=2
learned targeted exit AreaKey { scene: 1, anchor: (1184, 1056) } event=13 -> AreaKey { scene: 3, anchor: (160, 112) }
learned exit AreaKey { scene: 1, anchor: (1184, 1056) } event=13 -> AreaKey { scene: 3, anchor: (160, 112) }
scene 1 -> 3 at frame 14 position (1248, 1312)
target scene=3 area=(160, 112) event=71 script=8146 mode=1 state=1 player=(1408, 1424) pos=(1296, 1448) path=44
learned exit AreaKey { scene: 3, anchor: (160, 112) } event=51 -> AreaKey { scene: 1, anchor: (1152, 320) }
scene 3 -> 1 at frame 26 position (1040, 248)
target scene=1 area=(1152, 320) event=10 script=4510 mode=2 state=1 player=(1200, 360) pos=(1376, 272) path=8
target scene=1 area=(1152, 320) event=10 script=4520 mode=4 state=1 player=(1328, 296) pos=(1376, 272) path=3
learned targeted exit AreaKey { scene: 1, anchor: (1152, 320) } event=10 -> AreaKey { scene: 1, anchor: (640, 576) }
learned exit AreaKey { scene: 1, anchor: (1152, 320) } event=10 -> AreaKey { scene: 1, anchor: (640, 576) }
area teleport in scene 1 at frame 43: (1376, 272) -> (656, 616)
target scene=1 area=(640, 576) event=8 script=4549 mode=1 state=1 player=(656, 616) pos=(640, 608) path=0
marked destination touch VisitKey { scene: 1, area: (1344, 256), event_id: 2, trigger_script: 69, trigger_mode: 4, state: 1 }
learned exit AreaKey { scene: 1, anchor: (640, 576) } event=2 -> AreaKey { scene: 1, anchor: (1344, 256) }
area teleport in scene 1 at frame 73: (656, 616) -> (1344, 288)
target scene=1 area=(1344, 256) event=10 script=4510 mode=2 state=1 player=(1344, 288) pos=(1376, 272) path=0
target scene=1 area=(1344, 256) event=10 script=4520 mode=4 state=1 player=(1344, 288) pos=(1376, 272) path=2
learned targeted exit AreaKey { scene: 1, anchor: (1344, 256) } event=10 -> AreaKey { scene: 1, anchor: (640, 576) }
learned exit AreaKey { scene: 1, anchor: (1344, 256) } event=10 -> AreaKey { scene: 1, anchor: (640, 576) }
area teleport in scene 1 at frame 81: (1376, 272) -> (656, 616)
target scene=1 area=(640, 576) event=2 script=69 mode=4 state=1 player=(656, 616) pos=(672, 624) path=1
learned targeted exit AreaKey { scene: 1, anchor: (640, 576) } event=2 -> AreaKey { scene: 1, anchor: (704, 640) }
marked destination touch VisitKey { scene: 1, area: (704, 640), event_id: 2, trigger_script: 69, trigger_mode: 4, state: 1 }
learned exit AreaKey { scene: 1, anchor: (640, 576) } event=2 -> AreaKey { scene: 1, anchor: (704, 640) }
area teleport in scene 1 at frame 91: (672, 624) -> (736, 688)
target scene=1 area=(704, 640) event=3 script=42 mode=5 state=1 player=(736, 688) pos=(720, 664) path=1
learned targeted exit AreaKey { scene: 1, anchor: (704, 640) } event=3 -> AreaKey { scene: 1, anchor: (640, 576) }
marked destination touch VisitKey { scene: 1, area: (640, 576), event_id: 3, trigger_script: 42, trigger_mode: 5, state: 1 }
learned exit AreaKey { scene: 1, anchor: (704, 640) } event=3 -> AreaKey { scene: 1, anchor: (640, 576) }
area teleport in scene 1 at frame 101: (720, 680) -> (656, 616)
target scene=1 area=(640, 576) event=2 script=69 mode=4 state=1 player=(656, 616) pos=(672, 624) path=1
learned targeted exit AreaKey { scene: 1, anchor: (640, 576) } event=2 -> AreaKey { scene: 1, anchor: (704, 640) }
marked destination touch VisitKey { scene: 1, area: (704, 640), event_id: 2, trigger_script: 69, trigger_mode: 4, state: 1 }
learned exit AreaKey { scene: 1, anchor: (640, 576) } event=2 -> AreaKey { scene: 1, anchor: (704, 640) }
area teleport in scene 1 at frame 111: (672, 624) -> (736, 688)
target scene=1 area=(704, 640) event=1 script=4667 mode=5 state=1 player=(736, 688) pos=(512, 800) path=13
learned targeted exit AreaKey { scene: 1, anchor: (704, 640) } event=1 -> AreaKey { scene: 3, anchor: (160, 112) }
learned exit AreaKey { scene: 1, anchor: (704, 640) } event=1 -> AreaKey { scene: 3, anchor: (160, 112) }
scene 1 -> 3 at frame 124 position (1280, 1424)
target scene=3 area=(160, 112) event=72 script=8146 mode=1 state=1 player=(1440, 1536) pos=(1312, 1456) path=9
target scene=3 area=(160, 112) event=71 script=8146 mode=1 state=1 player=(1248, 1456) pos=(1296, 1448) path=2
learned targeted exit AreaKey { scene: 3, anchor: (160, 112) } event=71 -> AreaKey { scene: 3, anchor: (1152, 1344) }
marked destination touch VisitKey { scene: 3, area: (1152, 1344), event_id: 47, trigger_script: 33, trigger_mode: 4, state: 1 }
learned exit AreaKey { scene: 3, anchor: (160, 112) } event=47 -> AreaKey { scene: 3, anchor: (1152, 1344) }
area teleport in scene 3 at frame 150: (1248, 1456) -> (1168, 1368)
target scene=3 area=(1152, 1344) event=71 script=8146 mode=1 state=1 player=(1168, 1368) pos=(1296, 1448) path=61
marked destination touch VisitKey { scene: 3, area: (1216, 1408), event_id: 48, trigger_script: 60, trigger_mode: 4, state: 1 }
learned exit AreaKey { scene: 3, anchor: (1152, 1344) } event=48 -> AreaKey { scene: 3, anchor: (1216, 1408) }
area teleport in scene 3 at frame 167: (1168, 1368) -> (1248, 1456)
continuing target event=71 across area (1216, 1408) path=0
target scene=3 area=(1216, 1408) event=72 script=8146 mode=1 state=1 player=(1248, 1456) pos=(1312, 1456) path=3
learned targeted exit AreaKey { scene: 3, anchor: (1216, 1408) } event=72 -> AreaKey { scene: 3, anchor: (1152, 1344) }
marked destination touch VisitKey { scene: 3, area: (1152, 1344), event_id: 47, trigger_script: 33, trigger_mode: 4, state: 1 }
learned exit AreaKey { scene: 3, anchor: (1216, 1408) } event=47 -> AreaKey { scene: 3, anchor: (1152, 1344) }
area teleport in scene 3 at frame 180: (1248, 1456) -> (1168, 1368)
target scene=3 area=(1152, 1344) event=71 script=8146 mode=1 state=1 player=(1168, 1368) pos=(1296, 1448) path=61
marked destination touch VisitKey { scene: 3, area: (1216, 1408), event_id: 48, trigger_script: 60, trigger_mode: 4, state: 1 }
learned exit AreaKey { scene: 3, anchor: (1152, 1344) } event=48 -> AreaKey { scene: 3, anchor: (1216, 1408) }
area teleport in scene 3 at frame 197: (1168, 1368) -> (1248, 1456)
continuing target event=71 across area (1216, 1408) path=0
target scene=3 area=(1216, 1408) event=74 script=8149 mode=1 state=1 player=(1248, 1456) pos=(1424, 1416) path=46
marked destination touch VisitKey { scene: 3, area: (1152, 1344), event_id: 47, trigger_script: 33, trigger_mode: 4, state: 1 }
learned exit AreaKey { scene: 3, anchor: (1216, 1408) } event=47 -> AreaKey { scene: 3, anchor: (1152, 1344) }
area teleport in scene 3 at frame 210: (1248, 1456) -> (1168, 1368)
continuing target event=74 across area (1152, 1344) path=17
marked destination touch VisitKey { scene: 3, area: (1216, 1408), event_id: 48, trigger_script: 60, trigger_mode: 4, state: 1 }
learned exit AreaKey { scene: 3, anchor: (1152, 1344) } event=48 -> AreaKey { scene: 3, anchor: (1216, 1408) }
area teleport in scene 3 at frame 227: (1168, 1368) -> (1248, 1456)
continuing target event=74 across area (1216, 1408) path=46
marked destination touch VisitKey { scene: 3, area: (1152, 1344), event_id: 47, trigger_script: 33, trigger_mode: 4, state: 1 }
learned exit AreaKey { scene: 3, anchor: (1216, 1408) } event=47 -> AreaKey { scene: 3, anchor: (1152, 1344) }
area teleport in scene 3 at frame 240: (1248, 1456) -> (1168, 1368)
continuing target event=74 across area (1152, 1344) path=17
marked destination touch VisitKey { scene: 3, area: (1216, 1408), event_id: 48, trigger_script: 60, trigger_mode: 4, state: 1 }
learned exit AreaKey { scene: 3, anchor: (1152, 1344) } event=48 -> AreaKey { scene: 3, anchor: (1216, 1408) }
area teleport in scene 3 at frame 257: (1168, 1368) -> (1248, 1456)
continuing target event=74 across area (1216, 1408) path=46
marked destination touch VisitKey { scene: 3, area: (1152, 1344), event_id: 47, trigger_script: 33, trigger_mode: 4, state: 1 }
learned exit AreaKey { scene: 3, anchor: (1216, 1408) } event=47 -> AreaKey { scene: 3, anchor: (1152, 1344) }
area teleport in scene 3 at frame 270: (1248, 1456) -> (1168, 1368)
deferred event=74 after 5 unrelated area crossings
target scene=3 area=(1152, 1344) event=71 script=8146 mode=1 state=1 player=(1168, 1368) pos=(1296, 1448) path=61
marked destination touch VisitKey { scene: 3, area: (1216, 1408), event_id: 48, trigger_script: 60, trigger_mode: 4, state: 1 }
learned exit AreaKey { scene: 3, anchor: (1152, 1344) } event=48 -> AreaKey { scene: 3, anchor: (1216, 1408) }
area teleport in scene 3 at frame 287: (1168, 1368) -> (1248, 1456)
continuing target event=71 across area (1216, 1408) path=0
target scene=3 area=(1216, 1408) event=75 script=8149 mode=1 state=1 player=(1248, 1456) pos=(1440, 1424) path=45
marked destination touch VisitKey { scene: 3, area: (1152, 1344), event_id: 47, trigger_script: 33, trigger_mode: 4, state: 1 }
learned exit AreaKey { scene: 3, anchor: (1216, 1408) } event=47 -> AreaKey { scene: 3, anchor: (1152, 1344) }
area teleport in scene 3 at frame 300: (1248, 1456) -> (1168, 1368)
continuing target event=75 across area (1152, 1344) path=18
marked destination touch VisitKey { scene: 3, area: (1216, 1408), event_id: 48, trigger_script: 60, trigger_mode: 4, state: 1 }
learned exit AreaKey { scene: 3, anchor: (1152, 1344) } event=48 -> AreaKey { scene: 3, anchor: (1216, 1408) }
area teleport in scene 3 at frame 317: (1168, 1368) -> (1248, 1456)
continuing target event=75 across area (1216, 1408) path=45
marked destination touch VisitKey { scene: 3, area: (1152, 1344), event_id: 47, trigger_script: 33, trigger_mode: 4, state: 1 }
learned exit AreaKey { scene: 3, anchor: (1216, 1408) } event=47 -> AreaKey { scene: 3, anchor: (1152, 1344) }
area teleport in scene 3 at frame 330: (1248, 1456) -> (1168, 1368)
continuing target event=75 across area (1152, 1344) path=18
marked destination touch VisitKey { scene: 3, area: (1216, 1408), event_id: 48, trigger_script: 60, trigger_mode: 4, state: 1 }
learned exit AreaKey { scene: 3, anchor: (1152, 1344) } event=48 -> AreaKey { scene: 3, anchor: (1216, 1408) }
area teleport in scene 3 at frame 347: (1168, 1368) -> (1248, 1456)
continuing target event=75 across area (1216, 1408) path=45
marked destination touch VisitKey { scene: 3, area: (1152, 1344), event_id: 47, trigger_script: 33, trigger_mode: 4, state: 1 }
learned exit AreaKey { scene: 3, anchor: (1216, 1408) } event=47 -> AreaKey { scene: 3, anchor: (1152, 1344) }
area teleport in scene 3 at frame 360: (1248, 1456) -> (1168, 1368)
deferred event=75 after 5 unrelated area crossings
target scene=3 area=(1152, 1344) event=71 script=8146 mode=1 state=1 player=(1168, 1368) pos=(1296, 1448) path=61
marked destination touch VisitKey { scene: 3, area: (1216, 1408), event_id: 48, trigger_script: 60, trigger_mode: 4, state: 1 }
learned exit AreaKey { scene: 3, anchor: (1152, 1344) } event=48 -> AreaKey { scene: 3, anchor: (1216, 1408) }
area teleport in scene 3 at frame 377: (1168, 1368) -> (1248, 1456)
continuing target event=71 across area (1216, 1408) path=0
target scene=3 area=(1216, 1408) event=49 script=6226 mode=5 state=1 player=(1248, 1456) pos=(1280, 1472) path=1
learned targeted exit AreaKey { scene: 3, anchor: (1216, 1408) } event=49 -> AreaKey { scene: 3, anchor: (1152, 1344) }
marked destination touch VisitKey { scene: 3, area: (1152, 1344), event_id: 49, trigger_script: 6226, trigger_mode: 5, state: 1 }
learned exit AreaKey { scene: 3, anchor: (1216, 1408) } event=49 -> AreaKey { scene: 3, anchor: (1152, 1344) }
area teleport in scene 3 at frame 390: (1248, 1456) -> (1168, 1368)
target scene=3 area=(1152, 1344) event=71 script=8146 mode=1 state=1 player=(1168, 1368) pos=(1296, 1448) path=61
marked destination touch VisitKey { scene: 3, area: (1216, 1408), event_id: 48, trigger_script: 60, trigger_mode: 4, state: 1 }
learned exit AreaKey { scene: 3, anchor: (1152, 1344) } event=48 -> AreaKey { scene: 3, anchor: (1216, 1408) }
area teleport in scene 3 at frame 407: (1168, 1368) -> (1248, 1456)
continuing target event=71 across area (1216, 1408) path=0
target scene=3 area=(1216, 1408) event=50 script=4463 mode=5 state=1 player=(1248, 1456) pos=(1328, 1448) path=3
learned targeted exit AreaKey { scene: 3, anchor: (1216, 1408) } event=50 -> AreaKey { scene: 3, anchor: (1152, 1344) }
marked destination touch VisitKey { scene: 3, area: (1152, 1344), event_id: 47, trigger_script: 33, trigger_mode: 4, state: 1 }
learned exit AreaKey { scene: 3, anchor: (1216, 1408) } event=47 -> AreaKey { scene: 3, anchor: (1152, 1344) }
area teleport in scene 3 at frame 420: (1248, 1456) -> (1168, 1368)
target scene=3 area=(1152, 1344) event=71 script=8146 mode=1 state=1 player=(1168, 1368) pos=(1296, 1448) path=61
marked destination touch VisitKey { scene: 3, area: (1216, 1408), event_id: 48, trigger_script: 60, trigger_mode: 4, state: 1 }
learned exit AreaKey { scene: 3, anchor: (1152, 1344) } event=48 -> AreaKey { scene: 3, anchor: (1216, 1408) }
area teleport in scene 3 at frame 437: (1168, 1368) -> (1248, 1456)
continuing target event=71 across area (1216, 1408) path=0
target scene=3 area=(1216, 1408) event=54 script=4647 mode=5 state=1 player=(1248, 1456) pos=(992, 1472) path=16
marked destination touch VisitKey { scene: 3, area: (1152, 1344), event_id: 47, trigger_script: 33, trigger_mode: 4, state: 1 }
learned exit AreaKey { scene: 3, anchor: (1216, 1408) } event=47 -> AreaKey { scene: 3, anchor: (1152, 1344) }
area teleport in scene 3 at frame 450: (1248, 1456) -> (1168, 1368)
continuing target event=54 across area (1152, 1344) path=79
marked destination touch VisitKey { scene: 3, area: (1216, 1408), event_id: 48, trigger_script: 60, trigger_mode: 4, state: 1 }
learned exit AreaKey { scene: 3, anchor: (1152, 1344) } event=48 -> AreaKey { scene: 3, anchor: (1216, 1408) }
area teleport in scene 3 at frame 467: (1168, 1368) -> (1248, 1456)
continuing target event=54 across area (1216, 1408) path=16
marked destination touch VisitKey { scene: 3, area: (1152, 1344), event_id: 47, trigger_script: 33, trigger_mode: 4, state: 1 }
learned exit AreaKey { scene: 3, anchor: (1216, 1408) } event=47 -> AreaKey { scene: 3, anchor: (1152, 1344) }
area teleport in scene 3 at frame 480: (1248, 1456) -> (1168, 1368)
continuing target event=54 across area (1152, 1344) path=79
marked destination touch VisitKey { scene: 3, area: (1216, 1408), event_id: 48, trigger_script: 60, trigger_mode: 4, state: 1 }
learned exit AreaKey { scene: 3, anchor: (1152, 1344) } event=48 -> AreaKey { scene: 3, anchor: (1216, 1408) }
area teleport in scene 3 at frame 497: (1168, 1368) -> (1248, 1456)
continuing target event=54 across area (1216, 1408) path=16
marked destination touch VisitKey { scene: 3, area: (1152, 1344), event_id: 47, trigger_script: 33, trigger_mode: 4, state: 1 }
learned exit AreaKey { scene: 3, anchor: (1216, 1408) } event=47 -> AreaKey { scene: 3, anchor: (1152, 1344) }
area teleport in scene 3 at frame 510: (1248, 1456) -> (1168, 1368)
deferred event=54 after 5 unrelated area crossings
target scene=3 area=(1152, 1344) event=71 script=8146 mode=1 state=1 player=(1168, 1368) pos=(1296, 1448) path=61
marked destination touch VisitKey { scene: 3, area: (1216, 1408), event_id: 48, trigger_script: 60, trigger_mode: 4, state: 1 }
learned exit AreaKey { scene: 3, anchor: (1152, 1344) } event=48 -> AreaKey { scene: 3, anchor: (1216, 1408) }
area teleport in scene 3 at frame 527: (1168, 1368) -> (1248, 1456)
continuing target event=71 across area (1216, 1408) path=0
target scene=3 area=(1216, 1408) event=52 script=4631 mode=5 state=1 player=(1248, 1456) pos=(1456, 1400) path=43
marked destination touch VisitKey { scene: 3, area: (1152, 1344), event_id: 47, trigger_script: 33, trigger_mode: 4, state: 1 }
learned exit AreaKey { scene: 3, anchor: (1216, 1408) } event=47 -> AreaKey { scene: 3, anchor: (1152, 1344) }
area teleport in scene 3 at frame 540: (1248, 1456) -> (1168, 1368)
continuing target event=52 across area (1152, 1344) path=19
marked destination touch VisitKey { scene: 3, area: (1216, 1408), event_id: 48, trigger_script: 60, trigger_mode: 4, state: 1 }
learned exit AreaKey { scene: 3, anchor: (1152, 1344) } event=48 -> AreaKey { scene: 3, anchor: (1216, 1408) }
area teleport in scene 3 at frame 557: (1168, 1368) -> (1248, 1456)
continuing target event=52 across area (1216, 1408) path=43
marked destination touch VisitKey { scene: 3, area: (1152, 1344), event_id: 47, trigger_script: 33, trigger_mode: 4, state: 1 }
learned exit AreaKey { scene: 3, anchor: (1216, 1408) } event=47 -> AreaKey { scene: 3, anchor: (1152, 1344) }
area teleport in scene 3 at frame 570: (1248, 1456) -> (1168, 1368)
continuing target event=52 across area (1152, 1344) path=19
marked destination touch VisitKey { scene: 3, area: (1216, 1408), event_id: 48, trigger_script: 60, trigger_mode: 4, state: 1 }
learned exit AreaKey { scene: 3, anchor: (1152, 1344) } event=48 -> AreaKey { scene: 3, anchor: (1216, 1408) }
area teleport in scene 3 at frame 587: (1168, 1368) -> (1248, 1456)
continuing target event=52 across area (1216, 1408) path=43
marked destination touch VisitKey { scene: 3, area: (1152, 1344), event_id: 47, trigger_script: 33, trigger_mode: 4, state: 1 }
learned exit AreaKey { scene: 3, anchor: (1216, 1408) } event=47 -> AreaKey { scene: 3, anchor: (1152, 1344) }
area teleport in scene 3 at frame 600: (1248, 1456) -> (1168, 1368)
deferred event=52 after 5 unrelated area crossings
target scene=3 area=(1152, 1344) event=71 script=8146 mode=1 state=1 player=(1168, 1368) pos=(1296, 1448) path=61
marked destination touch VisitKey { scene: 3, area: (1216, 1408), event_id: 48, trigger_script: 60, trigger_mode: 4, state: 1 }
learned exit AreaKey { scene: 3, anchor: (1152, 1344) } event=48 -> AreaKey { scene: 3, anchor: (1216, 1408) }
area teleport in scene 3 at frame 617: (1168, 1368) -> (1248, 1456)
continuing target event=71 across area (1216, 1408) path=0
target scene=3 area=(1216, 1408) event=53 script=4639 mode=5 state=1 player=(1248, 1456) pos=(1296, 1320) path=53
marked destination touch VisitKey { scene: 3, area: (1152, 1344), event_id: 47, trigger_script: 33, trigger_mode: 4, state: 1 }
learned exit AreaKey { scene: 3, anchor: (1216, 1408) } event=47 -> AreaKey { scene: 3, anchor: (1152, 1344) }
area teleport in scene 3 at frame 630: (1248, 1456) -> (1168, 1368)
continuing target event=53 across area (1152, 1344) path=9
marked destination touch VisitKey { scene: 3, area: (1216, 1408), event_id: 48, trigger_script: 60, trigger_mode: 4, state: 1 }
learned exit AreaKey { scene: 3, anchor: (1152, 1344) } event=48 -> AreaKey { scene: 3, anchor: (1216, 1408) }
area teleport in scene 3 at frame 647: (1168, 1368) -> (1248, 1456)
continuing target event=53 across area (1216, 1408) path=53
marked destination touch VisitKey { scene: 3, area: (1152, 1344), event_id: 47, trigger_script: 33, trigger_mode: 4, state: 1 }
learned exit AreaKey { scene: 3, anchor: (1216, 1408) } event=47 -> AreaKey { scene: 3, anchor: (1152, 1344) }
area teleport in scene 3 at frame 660: (1248, 1456) -> (1168, 1368)
continuing target event=53 across area (1152, 1344) path=9
marked destination touch VisitKey { scene: 3, area: (1216, 1408), event_id: 48, trigger_script: 60, trigger_mode: 4, state: 1 }
learned exit AreaKey { scene: 3, anchor: (1152, 1344) } event=48 -> AreaKey { scene: 3, anchor: (1216, 1408) }
area teleport in scene 3 at frame 677: (1168, 1368) -> (1248, 1456)
continuing target event=53 across area (1216, 1408) path=53
marked destination touch VisitKey { scene: 3, area: (1152, 1344), event_id: 47, trigger_script: 33, trigger_mode: 4, state: 1 }
learned exit AreaKey { scene: 3, anchor: (1216, 1408) } event=47 -> AreaKey { scene: 3, anchor: (1152, 1344) }
area teleport in scene 3 at frame 690: (1248, 1456) -> (1168, 1368)
deferred event=53 after 5 unrelated area crossings
target scene=3 area=(1152, 1344) event=71 script=8146 mode=1 state=1 player=(1168, 1368) pos=(1296, 1448) path=61
marked destination touch VisitKey { scene: 3, area: (1216, 1408), event_id: 48, trigger_script: 60, trigger_mode: 4, state: 1 }
learned exit AreaKey { scene: 3, anchor: (1152, 1344) } event=48 -> AreaKey { scene: 3, anchor: (1216, 1408) }
area teleport in scene 3 at frame 707: (1168, 1368) -> (1248, 1456)
continuing target event=71 across area (1216, 1408) path=0
target scene=3 area=(1216, 1408) event=46 script=4659 mode=5 state=1 player=(1248, 1456) pos=(1472, 1520) path=13
marked destination touch VisitKey { scene: 3, area: (1152, 1344), event_id: 47, trigger_script: 33, trigger_mode: 4, state: 1 }
learned exit AreaKey { scene: 3, anchor: (1216, 1408) } event=47 -> AreaKey { scene: 3, anchor: (1152, 1344) }
area teleport in scene 3 at frame 720: (1248, 1456) -> (1168, 1368)
continuing target event=46 across area (1152, 1344) path=49
marked destination touch VisitKey { scene: 3, area: (1216, 1408), event_id: 48, trigger_script: 60, trigger_mode: 4, state: 1 }
learned exit AreaKey { scene: 3, anchor: (1152, 1344) } event=48 -> AreaKey { scene: 3, anchor: (1216, 1408) }
area teleport in scene 3 at frame 737: (1168, 1368) -> (1248, 1456)
continuing target event=46 across area (1216, 1408) path=13
marked destination touch VisitKey { scene: 3, area: (1152, 1344), event_id: 47, trigger_script: 33, trigger_mode: 4, state: 1 }
learned exit AreaKey { scene: 3, anchor: (1216, 1408) } event=47 -> AreaKey { scene: 3, anchor: (1152, 1344) }
area teleport in scene 3 at frame 750: (1248, 1456) -> (1168, 1368)
continuing target event=46 across area (1152, 1344) path=49
marked destination touch VisitKey { scene: 3, area: (1216, 1408), event_id: 48, trigger_script: 60, trigger_mode: 4, state: 1 }
learned exit AreaKey { scene: 3, anchor: (1152, 1344) } event=48 -> AreaKey { scene: 3, anchor: (1216, 1408) }
area teleport in scene 3 at frame 767: (1168, 1368) -> (1248, 1456)
continuing target event=46 across area (1216, 1408) path=13
marked destination touch VisitKey { scene: 3, area: (1152, 1344), event_id: 47, trigger_script: 33, trigger_mode: 4, state: 1 }
learned exit AreaKey { scene: 3, anchor: (1216, 1408) } event=47 -> AreaKey { scene: 3, anchor: (1152, 1344) }
area teleport in scene 3 at frame 780: (1248, 1456) -> (1168, 1368)
deferred event=46 after 5 unrelated area crossings
target scene=3 area=(1152, 1344) event=71 script=8146 mode=1 state=1 player=(1168, 1368) pos=(1296, 1448) path=61
marked destination touch VisitKey { scene: 3, area: (1216, 1408), event_id: 48, trigger_script: 60, trigger_mode: 4, state: 1 }
learned exit AreaKey { scene: 3, anchor: (1152, 1344) } event=48 -> AreaKey { scene: 3, anchor: (1216, 1408) }
area teleport in scene 3 at frame 797: (1168, 1368) -> (1248, 1456)
continuing target event=71 across area (1216, 1408) path=0
target scene=3 area=(1216, 1408) event=51 script=4471 mode=5 state=1 player=(1248, 1456) pos=(1616, 1480) path=33
marked destination touch VisitKey { scene: 3, area: (1152, 1344), event_id: 47, trigger_script: 33, trigger_mode: 4, state: 1 }
learned exit AreaKey { scene: 3, anchor: (1216, 1408) } event=47 -> AreaKey { scene: 3, anchor: (1152, 1344) }
area teleport in scene 3 at frame 810: (1248, 1456) -> (1168, 1368)
continuing target event=51 across area (1152, 1344) path=29
marked destination touch VisitKey { scene: 3, area: (1216, 1408), event_id: 48, trigger_script: 60, trigger_mode: 4, state: 1 }
learned exit AreaKey { scene: 3, anchor: (1152, 1344) } event=48 -> AreaKey { scene: 3, anchor: (1216, 1408) }
area teleport in scene 3 at frame 827: (1168, 1368) -> (1248, 1456)
continuing target event=51 across area (1216, 1408) path=33
marked destination touch VisitKey { scene: 3, area: (1152, 1344), event_id: 47, trigger_script: 33, trigger_mode: 4, state: 1 }
learned exit AreaKey { scene: 3, anchor: (1216, 1408) } event=47 -> AreaKey { scene: 3, anchor: (1152, 1344) }
area teleport in scene 3 at frame 840: (1248, 1456) -> (1168, 1368)
continuing target event=51 across area (1152, 1344) path=29
marked destination touch VisitKey { scene: 3, area: (1216, 1408), event_id: 48, trigger_script: 60, trigger_mode: 4, state: 1 }
learned exit AreaKey { scene: 3, anchor: (1152, 1344) } event=48 -> AreaKey { scene: 3, anchor: (1216, 1408) }
area teleport in scene 3 at frame 857: (1168, 1368) -> (1248, 1456)
continuing target event=51 across area (1216, 1408) path=33
marked destination touch VisitKey { scene: 3, area: (1152, 1344), event_id: 47, trigger_script: 33, trigger_mode: 4, state: 1 }
learned exit AreaKey { scene: 3, anchor: (1216, 1408) } event=47 -> AreaKey { scene: 3, anchor: (1152, 1344) }
area teleport in scene 3 at frame 870: (1248, 1456) -> (1168, 1368)
deferred event=51 after 5 unrelated area crossings
target scene=3 area=(1152, 1344) event=71 script=8146 mode=1 state=1 player=(1168, 1368) pos=(1296, 1448) path=61
marked destination touch VisitKey { scene: 3, area: (1216, 1408), event_id: 48, trigger_script: 60, trigger_mode: 4, state: 1 }
learned exit AreaKey { scene: 3, anchor: (1152, 1344) } event=48 -> AreaKey { scene: 3, anchor: (1216, 1408) }
area teleport in scene 3 at frame 887: (1168, 1368) -> (1248, 1456)
continuing target event=71 across area (1216, 1408) path=0
target scene=3 area=(1216, 1408) event=45 script=6065 mode=6 state=1 player=(1248, 1456) pos=(976, 1704) path=28
marked destination touch VisitKey { scene: 3, area: (1152, 1344), event_id: 47, trigger_script: 33, trigger_mode: 4, state: 1 }
learned exit AreaKey { scene: 3, anchor: (1216, 1408) } event=47 -> AreaKey { scene: 3, anchor: (1152, 1344) }
area teleport in scene 3 at frame 900: (1248, 1456) -> (1168, 1368)
continuing target event=45 across area (1152, 1344) path=70
marked destination touch VisitKey { scene: 3, area: (1216, 1408), event_id: 48, trigger_script: 60, trigger_mode: 4, state: 1 }
learned exit AreaKey { scene: 3, anchor: (1152, 1344) } event=48 -> AreaKey { scene: 3, anchor: (1216, 1408) }
area teleport in scene 3 at frame 917: (1168, 1368) -> (1248, 1456)
continuing target event=45 across area (1216, 1408) path=28
marked destination touch VisitKey { scene: 3, area: (1152, 1344), event_id: 47, trigger_script: 33, trigger_mode: 4, state: 1 }
learned exit AreaKey { scene: 3, anchor: (1216, 1408) } event=47 -> AreaKey { scene: 3, anchor: (1152, 1344) }
area teleport in scene 3 at frame 930: (1248, 1456) -> (1168, 1368)
continuing target event=45 across area (1152, 1344) path=70
marked destination touch VisitKey { scene: 3, area: (1216, 1408), event_id: 48, trigger_script: 60, trigger_mode: 4, state: 1 }
learned exit AreaKey { scene: 3, anchor: (1152, 1344) } event=48 -> AreaKey { scene: 3, anchor: (1216, 1408) }
area teleport in scene 3 at frame 947: (1168, 1368) -> (1248, 1456)
continuing target event=45 across area (1216, 1408) path=28
marked destination touch VisitKey { scene: 3, area: (1152, 1344), event_id: 47, trigger_script: 33, trigger_mode: 4, state: 1 }
learned exit AreaKey { scene: 3, anchor: (1216, 1408) } event=47 -> AreaKey { scene: 3, anchor: (1152, 1344) }
area teleport in scene 3 at frame 960: (1248, 1456) -> (1168, 1368)
deferred event=45 after 5 unrelated area crossings
target scene=3 area=(1152, 1344) event=71 script=8146 mode=1 state=1 player=(1168, 1368) pos=(1296, 1448) path=61
marked destination touch VisitKey { scene: 3, area: (1216, 1408), event_id: 48, trigger_script: 60, trigger_mode: 4, state: 1 }
learned exit AreaKey { scene: 3, anchor: (1152, 1344) } event=48 -> AreaKey { scene: 3, anchor: (1216, 1408) }
area teleport in scene 3 at frame 977: (1168, 1368) -> (1248, 1456)
continuing target event=71 across area (1216, 1408) path=0
target scene=3 area=(1216, 1408) event=47 script=33 mode=4 state=1 player=(1248, 1456) pos=(1248, 1456) path=0
learned targeted exit AreaKey { scene: 3, anchor: (1216, 1408) } event=47 -> AreaKey { scene: 3, anchor: (1152, 1344) }
marked destination touch VisitKey { scene: 3, area: (1152, 1344), event_id: 47, trigger_script: 33, trigger_mode: 4, state: 1 }
learned exit AreaKey { scene: 3, anchor: (1216, 1408) } event=47 -> AreaKey { scene: 3, anchor: (1152, 1344) }
area teleport in scene 3 at frame 990: (1248, 1456) -> (1152, 1360)
target scene=3 area=(1152, 1344) event=71 script=8146 mode=1 state=1 player=(1152, 1360) pos=(1296, 1448) path=60
learned exit AreaKey { scene: 3, anchor: (1152, 1344) } event=53 -> AreaKey { scene: 1, anchor: (400, 344) }
scene 3 -> 1 at frame 998 position (304, 264)
target scene=1 area=(400, 344) event=18 script=4643 mode=5 state=1 player=(464, 376) pos=(416, 400) path=2
learned targeted exit AreaKey { scene: 1, anchor: (400, 344) } event=18 -> AreaKey { scene: 3, anchor: (160, 112) }
learned exit AreaKey { scene: 1, anchor: (400, 344) } event=18 -> AreaKey { scene: 3, anchor: (160, 112) }
scene 1 -> 3 at frame 1000 position (1088, 1232)
target scene=3 area=(160, 112) event=48 script=60 mode=4 state=1 player=(1248, 1344) pos=(1168, 1368) path=7
learned targeted exit AreaKey { scene: 3, anchor: (160, 112) } event=48 -> AreaKey { scene: 3, anchor: (1216, 1408) }
marked destination touch VisitKey { scene: 3, area: (1216, 1408), event_id: 48, trigger_script: 60, trigger_mode: 4, state: 1 }
learned exit AreaKey { scene: 3, anchor: (160, 112) } event=48 -> AreaKey { scene: 3, anchor: (1216, 1408) }
area teleport in scene 3 at frame 1024: (1168, 1368) -> (1248, 1456)
target scene=3 area=(1216, 1408) event=47 script=33 mode=4 state=1 player=(1248, 1456) pos=(1248, 1456) path=0
learned targeted exit AreaKey { scene: 3, anchor: (1216, 1408) } event=47 -> AreaKey { scene: 3, anchor: (1152, 1344) }
marked destination touch VisitKey { scene: 3, area: (1152, 1344), event_id: 47, trigger_script: 33, trigger_mode: 4, state: 1 }
learned exit AreaKey { scene: 3, anchor: (1216, 1408) } event=47 -> AreaKey { scene: 3, anchor: (1152, 1344) }
area teleport in scene 3 at frame 1037: (1248, 1456) -> (1152, 1360)
target scene=3 area=(1152, 1344) event=71 script=8146 mode=1 state=1 player=(1152, 1360) pos=(1296, 1448) path=60
learned exit AreaKey { scene: 3, anchor: (1152, 1344) } event=52 -> AreaKey { scene: 1, anchor: (1184, 1056) }
scene 3 -> 1 at frame 1055 position (1088, 992)
target scene=1 area=(1184, 1056) event=13 script=4635 mode=5 state=1 player=(1248, 1104) pos=(1200, 1128) path=2
learned targeted exit AreaKey { scene: 1, anchor: (1184, 1056) } event=13 -> AreaKey { scene: 3, anchor: (160, 112) }
learned exit AreaKey { scene: 1, anchor: (1184, 1056) } event=13 -> AreaKey { scene: 3, anchor: (160, 112) }
scene 1 -> 3 at frame 1057 position (1248, 1312)
target scene=3 area=(160, 112) event=50 script=4463 mode=5 state=1 player=(1408, 1424) pos=(1328, 1448) path=63
learned exit AreaKey { scene: 3, anchor: (160, 112) } event=53 -> AreaKey { scene: 1, anchor: (400, 344) }
scene 3 -> 1 at frame 1068 position (304, 264)
target scene=1 area=(400, 344) event=18 script=4643 mode=5 state=1 player=(464, 376) pos=(416, 400) path=2
learned targeted exit AreaKey { scene: 1, anchor: (400, 344) } event=18 -> AreaKey { scene: 3, anchor: (160, 112) }
learned exit AreaKey { scene: 1, anchor: (400, 344) } event=18 -> AreaKey { scene: 3, anchor: (160, 112) }
scene 1 -> 3 at frame 1070 position (1088, 1232)
target scene=3 area=(160, 112) event=49 script=6226 mode=5 state=1 player=(1248, 1344) pos=(1280, 1472) path=54
learned exit AreaKey { scene: 3, anchor: (160, 112) } event=53 -> AreaKey { scene: 1, anchor: (400, 344) }
scene 3 -> 1 at frame 1072 position (304, 264)
target scene=1 area=(400, 344) event=18 script=4643 mode=5 state=1 player=(464, 376) pos=(416, 400) path=2
learned targeted exit AreaKey { scene: 1, anchor: (400, 344) } event=18 -> AreaKey { scene: 3, anchor: (160, 112) }
learned exit AreaKey { scene: 1, anchor: (400, 344) } event=18 -> AreaKey { scene: 3, anchor: (160, 112) }
scene 1 -> 3 at frame 1074 position (1088, 1232)
target scene=3 area=(160, 112) event=49 script=6226 mode=5 state=1 player=(1248, 1344) pos=(1280, 1472) path=54
learned exit AreaKey { scene: 3, anchor: (160, 112) } event=53 -> AreaKey { scene: 1, anchor: (400, 344) }
scene 3 -> 1 at frame 1076 position (304, 264)
target scene=1 area=(400, 344) event=18 script=4643 mode=5 state=1 player=(464, 376) pos=(416, 400) path=2
learned targeted exit AreaKey { scene: 1, anchor: (400, 344) } event=18 -> AreaKey { scene: 3, anchor: (160, 112) }
learned exit AreaKey { scene: 1, anchor: (400, 344) } event=18 -> AreaKey { scene: 3, anchor: (160, 112) }
scene 1 -> 3 at frame 1078 position (1088, 1232)
target scene=3 area=(160, 112) event=49 script=6226 mode=5 state=1 player=(1248, 1344) pos=(1280, 1472) path=54
learned exit AreaKey { scene: 3, anchor: (160, 112) } event=53 -> AreaKey { scene: 1, anchor: (400, 344) }
scene 3 -> 1 at frame 1080 position (304, 264)
target scene=1 area=(400, 344) event=18 script=4643 mode=5 state=1 player=(464, 376) pos=(416, 400) path=2
learned targeted exit AreaKey { scene: 1, anchor: (400, 344) } event=18 -> AreaKey { scene: 3, anchor: (160, 112) }
learned exit AreaKey { scene: 1, anchor: (400, 344) } event=18 -> AreaKey { scene: 3, anchor: (160, 112) }
scene 1 -> 3 at frame 1082 position (1088, 1232)
target scene=3 area=(160, 112) event=49 script=6226 mode=5 state=1 player=(1248, 1344) pos=(1280, 1472) path=54
learned exit AreaKey { scene: 3, anchor: (160, 112) } event=53 -> AreaKey { scene: 1, anchor: (400, 344) }
scene 3 -> 1 at frame 1084 position (304, 264)
target scene=1 area=(400, 344) event=18 script=4643 mode=5 state=1 player=(464, 376) pos=(416, 400) path=2
learned targeted exit AreaKey { scene: 1, anchor: (400, 344) } event=18 -> AreaKey { scene: 3, anchor: (160, 112) }
learned exit AreaKey { scene: 1, anchor: (400, 344) } event=18 -> AreaKey { scene: 3, anchor: (160, 112) }
scene 1 -> 3 at frame 1086 position (1088, 1232)
target scene=3 area=(160, 112) event=49 script=6226 mode=5 state=1 player=(1248, 1344) pos=(1280, 1472) path=54
learned exit AreaKey { scene: 3, anchor: (160, 112) } event=53 -> AreaKey { scene: 1, anchor: (400, 344) }
scene 3 -> 1 at frame 1088 position (304, 264)
target scene=1 area=(400, 344) event=18 script=4643 mode=5 state=1 player=(464, 376) pos=(416, 400) path=2
learned targeted exit AreaKey { scene: 1, anchor: (400, 344) } event=18 -> AreaKey { scene: 3, anchor: (160, 112) }
learned exit AreaKey { scene: 1, anchor: (400, 344) } event=18 -> AreaKey { scene: 3, anchor: (160, 112) }
scene 1 -> 3 at frame 1090 position (1088, 1232)
target scene=3 area=(160, 112) event=49 script=6226 mode=5 state=1 player=(1248, 1344) pos=(1280, 1472) path=54
learned exit AreaKey { scene: 3, anchor: (160, 112) } event=53 -> AreaKey { scene: 1, anchor: (400, 344) }
scene 3 -> 1 at frame 1092 position (304, 264)
target scene=1 area=(400, 344) event=18 script=4643 mode=5 state=1 player=(464, 376) pos=(416, 400) path=2
learned targeted exit AreaKey { scene: 1, anchor: (400, 344) } event=18 -> AreaKey { scene: 3, anchor: (160, 112) }
learned exit AreaKey { scene: 1, anchor: (400, 344) } event=18 -> AreaKey { scene: 3, anchor: (160, 112) }
scene 1 -> 3 at frame 1094 position (1088, 1232)
target scene=3 area=(160, 112) event=49 script=6226 mode=5 state=1 player=(1248, 1344) pos=(1280, 1472) path=54
learned exit AreaKey { scene: 3, anchor: (160, 112) } event=53 -> AreaKey { scene: 1, anchor: (400, 344) }
scene 3 -> 1 at frame 1096 position (304, 264)
target scene=1 area=(400, 344) event=18 script=4643 mode=5 state=1 player=(464, 376) pos=(416, 400) path=2
learned targeted exit AreaKey { scene: 1, anchor: (400, 344) } event=18 -> AreaKey { scene: 3, anchor: (160, 112) }
learned exit AreaKey { scene: 1, anchor: (400, 344) } event=18 -> AreaKey { scene: 3, anchor: (160, 112) }
scene 1 -> 3 at frame 1098 position (1088, 1232)
target scene=3 area=(160, 112) event=49 script=6226 mode=5 state=1 player=(1248, 1344) pos=(1280, 1472) path=54
learned exit AreaKey { scene: 3, anchor: (160, 112) } event=53 -> AreaKey { scene: 1, anchor: (400, 344) }
scene 3 -> 1 at frame 1100 position (304, 264)
target scene=1 area=(400, 344) event=18 script=4643 mode=5 state=1 player=(464, 376) pos=(416, 400) path=2
learned targeted exit AreaKey { scene: 1, anchor: (400, 344) } event=18 -> AreaKey { scene: 3, anchor: (160, 112) }
learned exit AreaKey { scene: 1, anchor: (400, 344) } event=18 -> AreaKey { scene: 3, anchor: (160, 112) }
scene 1 -> 3 at frame 1102 position (1088, 1232)
target scene=3 area=(160, 112) event=49 script=6226 mode=5 state=1 player=(1248, 1344) pos=(1280, 1472) path=54
learned exit AreaKey { scene: 3, anchor: (160, 112) } event=53 -> AreaKey { scene: 1, anchor: (400, 344) }
scene 3 -> 1 at frame 1104 position (304, 264)
target scene=1 area=(400, 344) event=18 script=4643 mode=5 state=1 player=(464, 376) pos=(416, 400) path=2
learned targeted exit AreaKey { scene: 1, anchor: (400, 344) } event=18 -> AreaKey { scene: 3, anchor: (160, 112) }
learned exit AreaKey { scene: 1, anchor: (400, 344) } event=18 -> AreaKey { scene: 3, anchor: (160, 112) }
scene 1 -> 3 at frame 1106 position (1088, 1232)
target scene=3 area=(160, 112) event=49 script=6226 mode=5 state=1 player=(1248, 1344) pos=(1280, 1472) path=54
learned exit AreaKey { scene: 3, anchor: (160, 112) } event=53 -> AreaKey { scene: 1, anchor: (400, 344) }
scene 3 -> 1 at frame 1108 position (304, 264)
target scene=1 area=(400, 344) event=18 script=4643 mode=5 state=1 player=(464, 376) pos=(416, 400) path=2
learned targeted exit AreaKey { scene: 1, anchor: (400, 344) } event=18 -> AreaKey { scene: 3, anchor: (160, 112) }
learned exit AreaKey { scene: 1, anchor: (400, 344) } event=18 -> AreaKey { scene: 3, anchor: (160, 112) }
scene 1 -> 3 at frame 1110 position (1088, 1232)
target scene=3 area=(160, 112) event=49 script=6226 mode=5 state=1 player=(1248, 1344) pos=(1280, 1472) path=54
learned exit AreaKey { scene: 3, anchor: (160, 112) } event=53 -> AreaKey { scene: 1, anchor: (400, 344) }
scene 3 -> 1 at frame 1112 position (304, 264)
target scene=1 area=(400, 344) event=18 script=4643 mode=5 state=1 player=(464, 376) pos=(416, 400) path=2
learned targeted exit AreaKey { scene: 1, anchor: (400, 344) } event=18 -> AreaKey { scene: 3, anchor: (160, 112) }
learned exit AreaKey { scene: 1, anchor: (400, 344) } event=18 -> AreaKey { scene: 3, anchor: (160, 112) }
scene 1 -> 3 at frame 1114 position (1088, 1232)
target scene=3 area=(160, 112) event=49 script=6226 mode=5 state=1 player=(1248, 1344) pos=(1280, 1472) path=54
learned exit AreaKey { scene: 3, anchor: (160, 112) } event=53 -> AreaKey { scene: 1, anchor: (400, 344) }
scene 3 -> 1 at frame 1116 position (304, 264)
target scene=1 area=(400, 344) event=18 script=4643 mode=5 state=1 player=(464, 376) pos=(416, 400) path=2
learned targeted exit AreaKey { scene: 1, anchor: (400, 344) } event=18 -> AreaKey { scene: 3, anchor: (160, 112) }
learned exit AreaKey { scene: 1, anchor: (400, 344) } event=18 -> AreaKey { scene: 3, anchor: (160, 112) }
scene 1 -> 3 at frame 1118 position (1088, 1232)
target scene=3 area=(160, 112) event=49 script=6226 mode=5 state=1 player=(1248, 1344) pos=(1280, 1472) path=54
learned exit AreaKey { scene: 3, anchor: (160, 112) } event=53 -> AreaKey { scene: 1, anchor: (400, 344) }
scene 3 -> 1 at frame 1120 position (304, 264)
target scene=1 area=(400, 344) event=18 script=4643 mode=5 state=1 player=(464, 376) pos=(416, 400) path=2
learned targeted exit AreaKey { scene: 1, anchor: (400, 344) } event=18 -> AreaKey { scene: 3, anchor: (160, 112) }
learned exit AreaKey { scene: 1, anchor: (400, 344) } event=18 -> AreaKey { scene: 3, anchor: (160, 112) }
scene 1 -> 3 at frame 1122 position (1088, 1232)
target scene=3 area=(160, 112) event=49 script=6226 mode=5 state=1 player=(1248, 1344) pos=(1280, 1472) path=54
learned exit AreaKey { scene: 3, anchor: (160, 112) } event=53 -> AreaKey { scene: 1, anchor: (400, 344) }
scene 3 -> 1 at frame 1124 position (304, 264)
target scene=1 area=(400, 344) event=18 script=4643 mode=5 state=1 player=(464, 376) pos=(416, 400) path=2
learned targeted exit AreaKey { scene: 1, anchor: (400, 344) } event=18 -> AreaKey { scene: 3, anchor: (160, 112) }
learned exit AreaKey { scene: 1, anchor: (400, 344) } event=18 -> AreaKey { scene: 3, anchor: (160, 112) }
scene 1 -> 3 at frame 1126 position (1088, 1232)
target scene=3 area=(160, 112) event=49 script=6226 mode=5 state=1 player=(1248, 1344) pos=(1280, 1472) path=54
learned exit AreaKey { scene: 3, anchor: (160, 112) } event=53 -> AreaKey { scene: 1, anchor: (400, 344) }
scene 3 -> 1 at frame 1128 position (304, 264)
target scene=1 area=(400, 344) event=18 script=4643 mode=5 state=1 player=(464, 376) pos=(416, 400) path=2
learned targeted exit AreaKey { scene: 1, anchor: (400, 344) } event=18 -> AreaKey { scene: 3, anchor: (160, 112) }
learned exit AreaKey { scene: 1, anchor: (400, 344) } event=18 -> AreaKey { scene: 3, anchor: (160, 112) }
scene 1 -> 3 at frame 1130 position (1088, 1232)
target scene=3 area=(160, 112) event=49 script=6226 mode=5 state=1 player=(1248, 1344) pos=(1280, 1472) path=54
learned exit AreaKey { scene: 3, anchor: (160, 112) } event=53 -> AreaKey { scene: 1, anchor: (400, 344) }
scene 3 -> 1 at frame 1132 position (304, 264)
target scene=1 area=(400, 344) event=18 script=4643 mode=5 state=1 player=(464, 376) pos=(416, 400) path=2
learned targeted exit AreaKey { scene: 1, anchor: (400, 344) } event=18 -> AreaKey { scene: 3, anchor: (160, 112) }
learned exit AreaKey { scene: 1, anchor: (400, 344) } event=18 -> AreaKey { scene: 3, anchor: (160, 112) }
scene 1 -> 3 at frame 1134 position (1088, 1232)
target scene=3 area=(160, 112) event=49 script=6226 mode=5 state=1 player=(1248, 1344) pos=(1280, 1472) path=54
learned exit AreaKey { scene: 3, anchor: (160, 112) } event=53 -> AreaKey { scene: 1, anchor: (400, 344) }
scene 3 -> 1 at frame 1136 position (304, 264)
target scene=1 area=(400, 344) event=18 script=4643 mode=5 state=1 player=(464, 376) pos=(416, 400) path=2
learned targeted exit AreaKey { scene: 1, anchor: (400, 344) } event=18 -> AreaKey { scene: 3, anchor: (160, 112) }
learned exit AreaKey { scene: 1, anchor: (400, 344) } event=18 -> AreaKey { scene: 3, anchor: (160, 112) }
scene 1 -> 3 at frame 1138 position (1088, 1232)
target scene=3 area=(160, 112) event=49 script=6226 mode=5 state=1 player=(1248, 1344) pos=(1280, 1472) path=54
learned exit AreaKey { scene: 3, anchor: (160, 112) } event=53 -> AreaKey { scene: 1, anchor: (400, 344) }
scene 3 -> 1 at frame 1140 position (304, 264)
target scene=1 area=(400, 344) event=18 script=4643 mode=5 state=1 player=(464, 376) pos=(416, 400) path=2
learned targeted exit AreaKey { scene: 1, anchor: (400, 344) } event=18 -> AreaKey { scene: 3, anchor: (160, 112) }
learned exit AreaKey { scene: 1, anchor: (400, 344) } event=18 -> AreaKey { scene: 3, anchor: (160, 112) }
scene 1 -> 3 at frame 1142 position (1088, 1232)
target scene=3 area=(160, 112) event=49 script=6226 mode=5 state=1 player=(1248, 1344) pos=(1280, 1472) path=54
learned exit AreaKey { scene: 3, anchor: (160, 112) } event=53 -> AreaKey { scene: 1, anchor: (400, 344) }
scene 3 -> 1 at frame 1144 position (304, 264)
target scene=1 area=(400, 344) event=18 script=4643 mode=5 state=1 player=(464, 376) pos=(416, 400) path=2
learned targeted exit AreaKey { scene: 1, anchor: (400, 344) } event=18 -> AreaKey { scene: 3, anchor: (160, 112) }
learned exit AreaKey { scene: 1, anchor: (400, 344) } event=18 -> AreaKey { scene: 3, anchor: (160, 112) }
scene 1 -> 3 at frame 1146 position (1088, 1232)
target scene=3 area=(160, 112) event=49 script=6226 mode=5 state=1 player=(1248, 1344) pos=(1280, 1472) path=54
learned exit AreaKey { scene: 3, anchor: (160, 112) } event=53 -> AreaKey { scene: 1, anchor: (400, 344) }
scene 3 -> 1 at frame 1148 position (304, 264)
target scene=1 area=(400, 344) event=18 script=4643 mode=5 state=1 player=(464, 376) pos=(416, 400) path=2
learned targeted exit AreaKey { scene: 1, anchor: (400, 344) } event=18 -> AreaKey { scene: 3, anchor: (160, 112) }
learned exit AreaKey { scene: 1, anchor: (400, 344) } event=18 -> AreaKey { scene: 3, anchor: (160, 112) }
scene 1 -> 3 at frame 1150 position (1088, 1232)
target scene=3 area=(160, 112) event=49 script=6226 mode=5 state=1 player=(1248, 1344) pos=(1280, 1472) path=54
learned exit AreaKey { scene: 3, anchor: (160, 112) } event=53 -> AreaKey { scene: 1, anchor: (400, 344) }
scene 3 -> 1 at frame 1152 position (304, 264)
target scene=1 area=(400, 344) event=18 script=4643 mode=5 state=1 player=(464, 376) pos=(416, 400) path=2
learned targeted exit AreaKey { scene: 1, anchor: (400, 344) } event=18 -> AreaKey { scene: 3, anchor: (160, 112) }
learned exit AreaKey { scene: 1, anchor: (400, 344) } event=18 -> AreaKey { scene: 3, anchor: (160, 112) }
scene 1 -> 3 at frame 1154 position (1088, 1232)
target scene=3 area=(160, 112) event=49 script=6226 mode=5 state=1 player=(1248, 1344) pos=(1280, 1472) path=54
learned exit AreaKey { scene: 3, anchor: (160, 112) } event=53 -> AreaKey { scene: 1, anchor: (400, 344) }
scene 3 -> 1 at frame 1156 position (304, 264)
target scene=1 area=(400, 344) event=18 script=4643 mode=5 state=1 player=(464, 376) pos=(416, 400) path=2
learned targeted exit AreaKey { scene: 1, anchor: (400, 344) } event=18 -> AreaKey { scene: 3, anchor: (160, 112) }
learned exit AreaKey { scene: 1, anchor: (400, 344) } event=18 -> AreaKey { scene: 3, anchor: (160, 112) }
scene 1 -> 3 at frame 1158 position (1088, 1232)
target scene=3 area=(160, 112) event=49 script=6226 mode=5 state=1 player=(1248, 1344) pos=(1280, 1472) path=54
learned exit AreaKey { scene: 3, anchor: (160, 112) } event=53 -> AreaKey { scene: 1, anchor: (400, 344) }
scene 3 -> 1 at frame 1160 position (304, 264)
target scene=1 area=(400, 344) event=18 script=4643 mode=5 state=1 player=(464, 376) pos=(416, 400) path=2
learned targeted exit AreaKey { scene: 1, anchor: (400, 344) } event=18 -> AreaKey { scene: 3, anchor: (160, 112) }
learned exit AreaKey { scene: 1, anchor: (400, 344) } event=18 -> AreaKey { scene: 3, anchor: (160, 112) }
scene 1 -> 3 at frame 1162 position (1088, 1232)
target scene=3 area=(160, 112) event=49 script=6226 mode=5 state=1 player=(1248, 1344) pos=(1280, 1472) path=54
learned exit AreaKey { scene: 3, anchor: (160, 112) } event=53 -> AreaKey { scene: 1, anchor: (400, 344) }
scene 3 -> 1 at frame 1164 position (304, 264)
target scene=1 area=(400, 344) event=18 script=4643 mode=5 state=1 player=(464, 376) pos=(416, 400) path=2
learned targeted exit AreaKey { scene: 1, anchor: (400, 344) } event=18 -> AreaKey { scene: 3, anchor: (160, 112) }
learned exit AreaKey { scene: 1, anchor: (400, 344) } event=18 -> AreaKey { scene: 3, anchor: (160, 112) }
scene 1 -> 3 at frame 1166 position (1088, 1232)
target scene=3 area=(160, 112) event=49 script=6226 mode=5 state=1 player=(1248, 1344) pos=(1280, 1472) path=54
learned exit AreaKey { scene: 3, anchor: (160, 112) } event=53 -> AreaKey { scene: 1, anchor: (400, 344) }
scene 3 -> 1 at frame 1168 position (304, 264)
target scene=1 area=(400, 344) event=18 script=4643 mode=5 state=1 player=(464, 376) pos=(416, 400) path=2
learned targeted exit AreaKey { scene: 1, anchor: (400, 344) } event=18 -> AreaKey { scene: 3, anchor: (160, 112) }
learned exit AreaKey { scene: 1, anchor: (400, 344) } event=18 -> AreaKey { scene: 3, anchor: (160, 112) }
scene 1 -> 3 at frame 1170 position (1088, 1232)
target scene=3 area=(160, 112) event=49 script=6226 mode=5 state=1 player=(1248, 1344) pos=(1280, 1472) path=54
learned exit AreaKey { scene: 3, anchor: (160, 112) } event=53 -> AreaKey { scene: 1, anchor: (400, 344) }
scene 3 -> 1 at frame 1172 position (304, 264)
target scene=1 area=(400, 344) event=18 script=4643 mode=5 state=1 player=(464, 376) pos=(416, 400) path=2
learned targeted exit AreaKey { scene: 1, anchor: (400, 344) } event=18 -> AreaKey { scene: 3, anchor: (160, 112) }
learned exit AreaKey { scene: 1, anchor: (400, 344) } event=18 -> AreaKey { scene: 3, anchor: (160, 112) }
scene 1 -> 3 at frame 1174 position (1088, 1232)
target scene=3 area=(160, 112) event=49 script=6226 mode=5 state=1 player=(1248, 1344) pos=(1280, 1472) path=54
learned exit AreaKey { scene: 3, anchor: (160, 112) } event=53 -> AreaKey { scene: 1, anchor: (400, 344) }
scene 3 -> 1 at frame 1176 position (304, 264)
target scene=1 area=(400, 344) event=18 script=4643 mode=5 state=1 player=(464, 376) pos=(416, 400) path=2
learned targeted exit AreaKey { scene: 1, anchor: (400, 344) } event=18 -> AreaKey { scene: 3, anchor: (160, 112) }
learned exit AreaKey { scene: 1, anchor: (400, 344) } event=18 -> AreaKey { scene: 3, anchor: (160, 112) }
scene 1 -> 3 at frame 1178 position (1088, 1232)
target scene=3 area=(160, 112) event=49 script=6226 mode=5 state=1 player=(1248, 1344) pos=(1280, 1472) path=54
learned exit AreaKey { scene: 3, anchor: (160, 112) } event=53 -> AreaKey { scene: 1, anchor: (400, 344) }
scene 3 -> 1 at frame 1180 position (304, 264)
target scene=1 area=(400, 344) event=18 script=4643 mode=5 state=1 player=(464, 376) pos=(416, 400) path=2
learned targeted exit AreaKey { scene: 1, anchor: (400, 344) } event=18 -> AreaKey { scene: 3, anchor: (160, 112) }
learned exit AreaKey { scene: 1, anchor: (400, 344) } event=18 -> AreaKey { scene: 3, anchor: (160, 112) }
scene 1 -> 3 at frame 1182 position (1088, 1232)
target scene=3 area=(160, 112) event=49 script=6226 mode=5 state=1 player=(1248, 1344) pos=(1280, 1472) path=54
learned exit AreaKey { scene: 3, anchor: (160, 112) } event=53 -> AreaKey { scene: 1, anchor: (400, 344) }
scene 3 -> 1 at frame 1184 position (304, 264)
target scene=1 area=(400, 344) event=18 script=4643 mode=5 state=1 player=(464, 376) pos=(416, 400) path=2
learned targeted exit AreaKey { scene: 1, anchor: (400, 344) } event=18 -> AreaKey { scene: 3, anchor: (160, 112) }
learned exit AreaKey { scene: 1, anchor: (400, 344) } event=18 -> AreaKey { scene: 3, anchor: (160, 112) }
scene 1 -> 3 at frame 1186 position (1088, 1232)
target scene=3 area=(160, 112) event=49 script=6226 mode=5 state=1 player=(1248, 1344) pos=(1280, 1472) path=54
learned exit AreaKey { scene: 3, anchor: (160, 112) } event=53 -> AreaKey { scene: 1, anchor: (400, 344) }
scene 3 -> 1 at frame 1188 position (304, 264)
target scene=1 area=(400, 344) event=18 script=4643 mode=5 state=1 player=(464, 376) pos=(416, 400) path=2
learned targeted exit AreaKey { scene: 1, anchor: (400, 344) } event=18 -> AreaKey { scene: 3, anchor: (160, 112) }
learned exit AreaKey { scene: 1, anchor: (400, 344) } event=18 -> AreaKey { scene: 3, anchor: (160, 112) }
scene 1 -> 3 at frame 1190 position (1088, 1232)
target scene=3 area=(160, 112) event=49 script=6226 mode=5 state=1 player=(1248, 1344) pos=(1280, 1472) path=54
learned exit AreaKey { scene: 3, anchor: (160, 112) } event=53 -> AreaKey { scene: 1, anchor: (400, 344) }
scene 3 -> 1 at frame 1192 position (304, 264)
target scene=1 area=(400, 344) event=18 script=4643 mode=5 state=1 player=(464, 376) pos=(416, 400) path=2
learned targeted exit AreaKey { scene: 1, anchor: (400, 344) } event=18 -> AreaKey { scene: 3, anchor: (160, 112) }
learned exit AreaKey { scene: 1, anchor: (400, 344) } event=18 -> AreaKey { scene: 3, anchor: (160, 112) }
scene 1 -> 3 at frame 1194 position (1088, 1232)
target scene=3 area=(160, 112) event=49 script=6226 mode=5 state=1 player=(1248, 1344) pos=(1280, 1472) path=54
learned exit AreaKey { scene: 3, anchor: (160, 112) } event=53 -> AreaKey { scene: 1, anchor: (400, 344) }
scene 3 -> 1 at frame 1196 position (304, 264)
target scene=1 area=(400, 344) event=18 script=4643 mode=5 state=1 player=(464, 376) pos=(416, 400) path=2
learned targeted exit AreaKey { scene: 1, anchor: (400, 344) } event=18 -> AreaKey { scene: 3, anchor: (160, 112) }
learned exit AreaKey { scene: 1, anchor: (400, 344) } event=18 -> AreaKey { scene: 3, anchor: (160, 112) }
scene 1 -> 3 at frame 1198 position (1088, 1232)
target scene=3 area=(160, 112) event=49 script=6226 mode=5 state=1 player=(1248, 1344) pos=(1280, 1472) path=54
learned exit AreaKey { scene: 3, anchor: (160, 112) } event=53 -> AreaKey { scene: 1, anchor: (400, 344) }
scene 3 -> 1 at frame 1200 position (304, 264)
target scene=1 area=(400, 344) event=18 script=4643 mode=5 state=1 player=(464, 376) pos=(416, 400) path=2
learned targeted exit AreaKey { scene: 1, anchor: (400, 344) } event=18 -> AreaKey { scene: 3, anchor: (160, 112) }
learned exit AreaKey { scene: 1, anchor: (400, 344) } event=18 -> AreaKey { scene: 3, anchor: (160, 112) }
scene 1 -> 3 at frame 1202 position (1088, 1232)
target scene=3 area=(160, 112) event=49 script=6226 mode=5 state=1 player=(1248, 1344) pos=(1280, 1472) path=54
learned exit AreaKey { scene: 3, anchor: (160, 112) } event=53 -> AreaKey { scene: 1, anchor: (400, 344) }
scene 3 -> 1 at frame 1204 position (304, 264)
target scene=1 area=(400, 344) event=18 script=4643 mode=5 state=1 player=(464, 376) pos=(416, 400) path=2
learned targeted exit AreaKey { scene: 1, anchor: (400, 344) } event=18 -> AreaKey { scene: 3, anchor: (160, 112) }
learned exit AreaKey { scene: 1, anchor: (400, 344) } event=18 -> AreaKey { scene: 3, anchor: (160, 112) }
scene 1 -> 3 at frame 1206 position (1088, 1232)
target scene=3 area=(160, 112) event=49 script=6226 mode=5 state=1 player=(1248, 1344) pos=(1280, 1472) path=54
learned exit AreaKey { scene: 3, anchor: (160, 112) } event=53 -> AreaKey { scene: 1, anchor: (400, 344) }
scene 3 -> 1 at frame 1208 position (304, 264)
target scene=1 area=(400, 344) event=18 script=4643 mode=5 state=1 player=(464, 376) pos=(416, 400) path=2
learned targeted exit AreaKey { scene: 1, anchor: (400, 344) } event=18 -> AreaKey { scene: 3, anchor: (160, 112) }
learned exit AreaKey { scene: 1, anchor: (400, 344) } event=18 -> AreaKey { scene: 3, anchor: (160, 112) }
scene 1 -> 3 at frame 1210 position (1088, 1232)
target scene=3 area=(160, 112) event=49 script=6226 mode=5 state=1 player=(1248, 1344) pos=(1280, 1472) path=54
learned exit AreaKey { scene: 3, anchor: (160, 112) } event=53 -> AreaKey { scene: 1, anchor: (400, 344) }
scene 3 -> 1 at frame 1212 position (304, 264)
target scene=1 area=(400, 344) event=18 script=4643 mode=5 state=1 player=(464, 376) pos=(416, 400) path=2
learned targeted exit AreaKey { scene: 1, anchor: (400, 344) } event=18 -> AreaKey { scene: 3, anchor: (160, 112) }
learned exit AreaKey { scene: 1, anchor: (400, 344) } event=18 -> AreaKey { scene: 3, anchor: (160, 112) }
scene 1 -> 3 at frame 1214 position (1088, 1232)
target scene=3 area=(160, 112) event=49 script=6226 mode=5 state=1 player=(1248, 1344) pos=(1280, 1472) path=54
learned exit AreaKey { scene: 3, anchor: (160, 112) } event=53 -> AreaKey { scene: 1, anchor: (400, 344) }
scene 3 -> 1 at frame 1216 position (304, 264)
target scene=1 area=(400, 344) event=18 script=4643 mode=5 state=1 player=(464, 376) pos=(416, 400) path=2
learned targeted exit AreaKey { scene: 1, anchor: (400, 344) } event=18 -> AreaKey { scene: 3, anchor: (160, 112) }
learned exit AreaKey { scene: 1, anchor: (400, 344) } event=18 -> AreaKey { scene: 3, anchor: (160, 112) }
scene 1 -> 3 at frame 1218 position (1088, 1232)
target scene=3 area=(160, 112) event=49 script=6226 mode=5 state=1 player=(1248, 1344) pos=(1280, 1472) path=54
learned exit AreaKey { scene: 3, anchor: (160, 112) } event=53 -> AreaKey { scene: 1, anchor: (400, 344) }
scene 3 -> 1 at frame 1220 position (304, 264)
target scene=1 area=(400, 344) event=18 script=4643 mode=5 state=1 player=(464, 376) pos=(416, 400) path=2
learned targeted exit AreaKey { scene: 1, anchor: (400, 344) } event=18 -> AreaKey { scene: 3, anchor: (160, 112) }
learned exit AreaKey { scene: 1, anchor: (400, 344) } event=18 -> AreaKey { scene: 3, anchor: (160, 112) }
scene 1 -> 3 at frame 1222 position (1088, 1232)
target scene=3 area=(160, 112) event=49 script=6226 mode=5 state=1 player=(1248, 1344) pos=(1280, 1472) path=54
learned exit AreaKey { scene: 3, anchor: (160, 112) } event=53 -> AreaKey { scene: 1, anchor: (400, 344) }
scene 3 -> 1 at frame 1224 position (304, 264)
target scene=1 area=(400, 344) event=18 script=4643 mode=5 state=1 player=(464, 376) pos=(416, 400) path=2
learned targeted exit AreaKey { scene: 1, anchor: (400, 344) } event=18 -> AreaKey { scene: 3, anchor: (160, 112) }
learned exit AreaKey { scene: 1, anchor: (400, 344) } event=18 -> AreaKey { scene: 3, anchor: (160, 112) }
scene 1 -> 3 at frame 1226 position (1088, 1232)
target scene=3 area=(160, 112) event=49 script=6226 mode=5 state=1 player=(1248, 1344) pos=(1280, 1472) path=54
learned exit AreaKey { scene: 3, anchor: (160, 112) } event=53 -> AreaKey { scene: 1, anchor: (400, 344) }
scene 3 -> 1 at frame 1228 position (304, 264)
target scene=1 area=(400, 344) event=18 script=4643 mode=5 state=1 player=(464, 376) pos=(416, 400) path=2
learned targeted exit AreaKey { scene: 1, anchor: (400, 344) } event=18 -> AreaKey { scene: 3, anchor: (160, 112) }
learned exit AreaKey { scene: 1, anchor: (400, 344) } event=18 -> AreaKey { scene: 3, anchor: (160, 112) }
scene 1 -> 3 at frame 1230 position (1088, 1232)
target scene=3 area=(160, 112) event=49 script=6226 mode=5 state=1 player=(1248, 1344) pos=(1280, 1472) path=54
learned exit AreaKey { scene: 3, anchor: (160, 112) } event=53 -> AreaKey { scene: 1, anchor: (400, 344) }
scene 3 -> 1 at frame 1232 position (304, 264)
target scene=1 area=(400, 344) event=18 script=4643 mode=5 state=1 player=(464, 376) pos=(416, 400) path=2
learned targeted exit AreaKey { scene: 1, anchor: (400, 344) } event=18 -> AreaKey { scene: 3, anchor: (160, 112) }
learned exit AreaKey { scene: 1, anchor: (400, 344) } event=18 -> AreaKey { scene: 3, anchor: (160, 112) }
scene 1 -> 3 at frame 1234 position (1088, 1232)
target scene=3 area=(160, 112) event=49 script=6226 mode=5 state=1 player=(1248, 1344) pos=(1280, 1472) path=54
learned exit AreaKey { scene: 3, anchor: (160, 112) } event=53 -> AreaKey { scene: 1, anchor: (400, 344) }
scene 3 -> 1 at frame 1236 position (304, 264)
target scene=1 area=(400, 344) event=18 script=4643 mode=5 state=1 player=(464, 376) pos=(416, 400) path=2
learned targeted exit AreaKey { scene: 1, anchor: (400, 344) } event=18 -> AreaKey { scene: 3, anchor: (160, 112) }
learned exit AreaKey { scene: 1, anchor: (400, 344) } event=18 -> AreaKey { scene: 3, anchor: (160, 112) }
scene 1 -> 3 at frame 1238 position (1088, 1232)
target scene=3 area=(160, 112) event=49 script=6226 mode=5 state=1 player=(1248, 1344) pos=(1280, 1472) path=54
learned exit AreaKey { scene: 3, anchor: (160, 112) } event=53 -> AreaKey { scene: 1, anchor: (400, 344) }
scene 3 -> 1 at frame 1240 position (304, 264)
target scene=1 area=(400, 344) event=18 script=4643 mode=5 state=1 player=(464, 376) pos=(416, 400) path=2
learned targeted exit AreaKey { scene: 1, anchor: (400, 344) } event=18 -> AreaKey { scene: 3, anchor: (160, 112) }
learned exit AreaKey { scene: 1, anchor: (400, 344) } event=18 -> AreaKey { scene: 3, anchor: (160, 112) }
scene 1 -> 3 at frame 1242 position (1088, 1232)
target scene=3 area=(160, 112) event=49 script=6226 mode=5 state=1 player=(1248, 1344) pos=(1280, 1472) path=54
learned exit AreaKey { scene: 3, anchor: (160, 112) } event=53 -> AreaKey { scene: 1, anchor: (400, 344) }
scene 3 -> 1 at frame 1244 position (304, 264)
target scene=1 area=(400, 344) event=18 script=4643 mode=5 state=1 player=(464, 376) pos=(416, 400) path=2
learned targeted exit AreaKey { scene: 1, anchor: (400, 344) } event=18 -> AreaKey { scene: 3, anchor: (160, 112) }
learned exit AreaKey { scene: 1, anchor: (400, 344) } event=18 -> AreaKey { scene: 3, anchor: (160, 112) }
scene 1 -> 3 at frame 1246 position (1088, 1232)
target scene=3 area=(160, 112) event=49 script=6226 mode=5 state=1 player=(1248, 1344) pos=(1280, 1472) path=54
learned exit AreaKey { scene: 3, anchor: (160, 112) } event=53 -> AreaKey { scene: 1, anchor: (400, 344) }
scene 3 -> 1 at frame 1248 position (304, 264)
target scene=1 area=(400, 344) event=18 script=4643 mode=5 state=1 player=(464, 376) pos=(416, 400) path=2
learned targeted exit AreaKey { scene: 1, anchor: (400, 344) } event=18 -> AreaKey { scene: 3, anchor: (160, 112) }
learned exit AreaKey { scene: 1, anchor: (400, 344) } event=18 -> AreaKey { scene: 3, anchor: (160, 112) }
scene 1 -> 3 at frame 1250 position (1088, 1232)
target scene=3 area=(160, 112) event=49 script=6226 mode=5 state=1 player=(1248, 1344) pos=(1280, 1472) path=54
learned exit AreaKey { scene: 3, anchor: (160, 112) } event=53 -> AreaKey { scene: 1, anchor: (400, 344) }
scene 3 -> 1 at frame 1252 position (304, 264)
target scene=1 area=(400, 344) event=18 script=4643 mode=5 state=1 player=(464, 376) pos=(416, 400) path=2
learned targeted exit AreaKey { scene: 1, anchor: (400, 344) } event=18 -> AreaKey { scene: 3, anchor: (160, 112) }
learned exit AreaKey { scene: 1, anchor: (400, 344) } event=18 -> AreaKey { scene: 3, anchor: (160, 112) }
scene 1 -> 3 at frame 1254 position (1088, 1232)
target scene=3 area=(160, 112) event=49 script=6226 mode=5 state=1 player=(1248, 1344) pos=(1280, 1472) path=54
learned exit AreaKey { scene: 3, anchor: (160, 112) } event=53 -> AreaKey { scene: 1, anchor: (400, 344) }
scene 3 -> 1 at frame 1256 position (304, 264)
target scene=1 area=(400, 344) event=18 script=4643 mode=5 state=1 player=(464, 376) pos=(416, 400) path=2
learned targeted exit AreaKey { scene: 1, anchor: (400, 344) } event=18 -> AreaKey { scene: 3, anchor: (160, 112) }
learned exit AreaKey { scene: 1, anchor: (400, 344) } event=18 -> AreaKey { scene: 3, anchor: (160, 112) }
scene 1 -> 3 at frame 1258 position (1088, 1232)
target scene=3 area=(160, 112) event=49 script=6226 mode=5 state=1 player=(1248, 1344) pos=(1280, 1472) path=54
learned exit AreaKey { scene: 3, anchor: (160, 112) } event=53 -> AreaKey { scene: 1, anchor: (400, 344) }
scene 3 -> 1 at frame 1260 position (304, 264)
target scene=1 area=(400, 344) event=18 script=4643 mode=5 state=1 player=(464, 376) pos=(416, 400) path=2
learned targeted exit AreaKey { scene: 1, anchor: (400, 344) } event=18 -> AreaKey { scene: 3, anchor: (160, 112) }
learned exit AreaKey { scene: 1, anchor: (400, 344) } event=18 -> AreaKey { scene: 3, anchor: (160, 112) }
scene 1 -> 3 at frame 1262 position (1088, 1232)
target scene=3 area=(160, 112) event=49 script=6226 mode=5 state=1 player=(1248, 1344) pos=(1280, 1472) path=54
learned exit AreaKey { scene: 3, anchor: (160, 112) } event=53 -> AreaKey { scene: 1, anchor: (400, 344) }
scene 3 -> 1 at frame 1264 position (304, 264)
target scene=1 area=(400, 344) event=18 script=4643 mode=5 state=1 player=(464, 376) pos=(416, 400) path=2
learned targeted exit AreaKey { scene: 1, anchor: (400, 344) } event=18 -> AreaKey { scene: 3, anchor: (160, 112) }
learned exit AreaKey { scene: 1, anchor: (400, 344) } event=18 -> AreaKey { scene: 3, anchor: (160, 112) }
scene 1 -> 3 at frame 1266 position (1088, 1232)
target scene=3 area=(160, 112) event=49 script=6226 mode=5 state=1 player=(1248, 1344) pos=(1280, 1472) path=54
learned exit AreaKey { scene: 3, anchor: (160, 112) } event=53 -> AreaKey { scene: 1, anchor: (400, 344) }
scene 3 -> 1 at frame 1268 position (304, 264)
target scene=1 area=(400, 344) event=18 script=4643 mode=5 state=1 player=(464, 376) pos=(416, 400) path=2
learned targeted exit AreaKey { scene: 1, anchor: (400, 344) } event=18 -> AreaKey { scene: 3, anchor: (160, 112) }
learned exit AreaKey { scene: 1, anchor: (400, 344) } event=18 -> AreaKey { scene: 3, anchor: (160, 112) }
scene 1 -> 3 at frame 1270 position (1088, 1232)
target scene=3 area=(160, 112) event=49 script=6226 mode=5 state=1 player=(1248, 1344) pos=(1280, 1472) path=54
learned exit AreaKey { scene: 3, anchor: (160, 112) } event=53 -> AreaKey { scene: 1, anchor: (400, 344) }
scene 3 -> 1 at frame 1272 position (304, 264)
target scene=1 area=(400, 344) event=18 script=4643 mode=5 state=1 player=(464, 376) pos=(416, 400) path=2
learned targeted exit AreaKey { scene: 1, anchor: (400, 344) } event=18 -> AreaKey { scene: 3, anchor: (160, 112) }
learned exit AreaKey { scene: 1, anchor: (400, 344) } event=18 -> AreaKey { scene: 3, anchor: (160, 112) }
scene 1 -> 3 at frame 1274 position (1088, 1232)
target scene=3 area=(160, 112) event=49 script=6226 mode=5 state=1 player=(1248, 1344) pos=(1280, 1472) path=54
learned exit AreaKey { scene: 3, anchor: (160, 112) } event=53 -> AreaKey { scene: 1, anchor: (400, 344) }
scene 3 -> 1 at frame 1276 position (304, 264)
target scene=1 area=(400, 344) event=18 script=4643 mode=5 state=1 player=(464, 376) pos=(416, 400) path=2
learned targeted exit AreaKey { scene: 1, anchor: (400, 344) } event=18 -> AreaKey { scene: 3, anchor: (160, 112) }
learned exit AreaKey { scene: 1, anchor: (400, 344) } event=18 -> AreaKey { scene: 3, anchor: (160, 112) }
scene 1 -> 3 at frame 1278 position (1088, 1232)
target scene=3 area=(160, 112) event=49 script=6226 mode=5 state=1 player=(1248, 1344) pos=(1280, 1472) path=54
learned exit AreaKey { scene: 3, anchor: (160, 112) } event=53 -> AreaKey { scene: 1, anchor: (400, 344) }
scene 3 -> 1 at frame 1280 position (304, 264)
target scene=1 area=(400, 344) event=18 script=4643 mode=5 state=1 player=(464, 376) pos=(416, 400) path=2
learned targeted exit AreaKey { scene: 1, anchor: (400, 344) } event=18 -> AreaKey { scene: 3, anchor: (160, 112) }
learned exit AreaKey { scene: 1, anchor: (400, 344) } event=18 -> AreaKey { scene: 3, anchor: (160, 112) }
scene 1 -> 3 at frame 1282 position (1088, 1232)
target scene=3 area=(160, 112) event=49 script=6226 mode=5 state=1 player=(1248, 1344) pos=(1280, 1472) path=54
learned exit AreaKey { scene: 3, anchor: (160, 112) } event=53 -> AreaKey { scene: 1, anchor: (400, 344) }
scene 3 -> 1 at frame 1284 position (304, 264)
target scene=1 area=(400, 344) event=18 script=4643 mode=5 state=1 player=(464, 376) pos=(416, 400) path=2
learned targeted exit AreaKey { scene: 1, anchor: (400, 344) } event=18 -> AreaKey { scene: 3, anchor: (160, 112) }
learned exit AreaKey { scene: 1, anchor: (400, 344) } event=18 -> AreaKey { scene: 3, anchor: (160, 112) }
scene 1 -> 3 at frame 1286 position (1088, 1232)
target scene=3 area=(160, 112) event=49 script=6226 mode=5 state=1 player=(1248, 1344) pos=(1280, 1472) path=54
learned exit AreaKey { scene: 3, anchor: (160, 112) } event=53 -> AreaKey { scene: 1, anchor: (400, 344) }
scene 3 -> 1 at frame 1288 position (304, 264)
target scene=1 area=(400, 344) event=18 script=4643 mode=5 state=1 player=(464, 376) pos=(416, 400) path=2
learned targeted exit AreaKey { scene: 1, anchor: (400, 344) } event=18 -> AreaKey { scene: 3, anchor: (160, 112) }
learned exit AreaKey { scene: 1, anchor: (400, 344) } event=18 -> AreaKey { scene: 3, anchor: (160, 112) }
scene 1 -> 3 at frame 1290 position (1088, 1232)
target scene=3 area=(160, 112) event=49 script=6226 mode=5 state=1 player=(1248, 1344) pos=(1280, 1472) path=54
learned exit AreaKey { scene: 3, anchor: (160, 112) } event=53 -> AreaKey { scene: 1, anchor: (400, 344) }
scene 3 -> 1 at frame 1292 position (304, 264)
target scene=1 area=(400, 344) event=18 script=4643 mode=5 state=1 player=(464, 376) pos=(416, 400) path=2
learned targeted exit AreaKey { scene: 1, anchor: (400, 344) } event=18 -> AreaKey { scene: 3, anchor: (160, 112) }
learned exit AreaKey { scene: 1, anchor: (400, 344) } event=18 -> AreaKey { scene: 3, anchor: (160, 112) }
scene 1 -> 3 at frame 1294 position (1088, 1232)
target scene=3 area=(160, 112) event=49 script=6226 mode=5 state=1 player=(1248, 1344) pos=(1280, 1472) path=54
learned exit AreaKey { scene: 3, anchor: (160, 112) } event=53 -> AreaKey { scene: 1, anchor: (400, 344) }
scene 3 -> 1 at frame 1296 position (304, 264)
target scene=1 area=(400, 344) event=18 script=4643 mode=5 state=1 player=(464, 376) pos=(416, 400) path=2
learned targeted exit AreaKey { scene: 1, anchor: (400, 344) } event=18 -> AreaKey { scene: 3, anchor: (160, 112) }
learned exit AreaKey { scene: 1, anchor: (400, 344) } event=18 -> AreaKey { scene: 3, anchor: (160, 112) }
scene 1 -> 3 at frame 1298 position (1088, 1232)
target scene=3 area=(160, 112) event=49 script=6226 mode=5 state=1 player=(1248, 1344) pos=(1280, 1472) path=54
learned exit AreaKey { scene: 3, anchor: (160, 112) } event=53 -> AreaKey { scene: 1, anchor: (400, 344) }
scene 3 -> 1 at frame 1300 position (304, 264)
target scene=1 area=(400, 344) event=18 script=4643 mode=5 state=1 player=(464, 376) pos=(416, 400) path=2
learned targeted exit AreaKey { scene: 1, anchor: (400, 344) } event=18 -> AreaKey { scene: 3, anchor: (160, 112) }
learned exit AreaKey { scene: 1, anchor: (400, 344) } event=18 -> AreaKey { scene: 3, anchor: (160, 112) }
scene 1 -> 3 at frame 1302 position (1088, 1232)
target scene=3 area=(160, 112) event=49 script=6226 mode=5 state=1 player=(1248, 1344) pos=(1280, 1472) path=54
learned exit AreaKey { scene: 3, anchor: (160, 112) } event=53 -> AreaKey { scene: 1, anchor: (400, 344) }
scene 3 -> 1 at frame 1304 position (304, 264)
target scene=1 area=(400, 344) event=18 script=4643 mode=5 state=1 player=(464, 376) pos=(416, 400) path=2
learned targeted exit AreaKey { scene: 1, anchor: (400, 344) } event=18 -> AreaKey { scene: 3, anchor: (160, 112) }
learned exit AreaKey { scene: 1, anchor: (400, 344) } event=18 -> AreaKey { scene: 3, anchor: (160, 112) }
scene 1 -> 3 at frame 1306 position (1088, 1232)
target scene=3 area=(160, 112) event=49 script=6226 mode=5 state=1 player=(1248, 1344) pos=(1280, 1472) path=54
learned exit AreaKey { scene: 3, anchor: (160, 112) } event=53 -> AreaKey { scene: 1, anchor: (400, 344) }
scene 3 -> 1 at frame 1308 position (304, 264)
target scene=1 area=(400, 344) event=18 script=4643 mode=5 state=1 player=(464, 376) pos=(416, 400) path=2
learned targeted exit AreaKey { scene: 1, anchor: (400, 344) } event=18 -> AreaKey { scene: 3, anchor: (160, 112) }
learned exit AreaKey { scene: 1, anchor: (400, 344) } event=18 -> AreaKey { scene: 3, anchor: (160, 112) }
scene 1 -> 3 at frame 1310 position (1088, 1232)
target scene=3 area=(160, 112) event=49 script=6226 mode=5 state=1 player=(1248, 1344) pos=(1280, 1472) path=54
learned exit AreaKey { scene: 3, anchor: (160, 112) } event=53 -> AreaKey { scene: 1, anchor: (400, 344) }
scene 3 -> 1 at frame 1312 position (304, 264)
target scene=1 area=(400, 344) event=18 script=4643 mode=5 state=1 player=(464, 376) pos=(416, 400) path=2
learned targeted exit AreaKey { scene: 1, anchor: (400, 344) } event=18 -> AreaKey { scene: 3, anchor: (160, 112) }
learned exit AreaKey { scene: 1, anchor: (400, 344) } event=18 -> AreaKey { scene: 3, anchor: (160, 112) }
scene 1 -> 3 at frame 1314 position (1088, 1232)
target scene=3 area=(160, 112) event=49 script=6226 mode=5 state=1 player=(1248, 1344) pos=(1280, 1472) path=54
learned exit AreaKey { scene: 3, anchor: (160, 112) } event=53 -> AreaKey { scene: 1, anchor: (400, 344) }
scene 3 -> 1 at frame 1316 position (304, 264)
target scene=1 area=(400, 344) event=18 script=4643 mode=5 state=1 player=(464, 376) pos=(416, 400) path=2
learned targeted exit AreaKey { scene: 1, anchor: (400, 344) } event=18 -> AreaKey { scene: 3, anchor: (160, 112) }
learned exit AreaKey { scene: 1, anchor: (400, 344) } event=18 -> AreaKey { scene: 3, anchor: (160, 112) }
scene 1 -> 3 at frame 1318 position (1088, 1232)
target scene=3 area=(160, 112) event=49 script=6226 mode=5 state=1 player=(1248, 1344) pos=(1280, 1472) path=54
learned exit AreaKey { scene: 3, anchor: (160, 112) } event=53 -> AreaKey { scene: 1, anchor: (400, 344) }
scene 3 -> 1 at frame 1320 position (304, 264)
target scene=1 area=(400, 344) event=18 script=4643 mode=5 state=1 player=(464, 376) pos=(416, 400) path=2
learned targeted exit AreaKey { scene: 1, anchor: (400, 344) } event=18 -> AreaKey { scene: 3, anchor: (160, 112) }
learned exit AreaKey { scene: 1, anchor: (400, 344) } event=18 -> AreaKey { scene: 3, anchor: (160, 112) }
scene 1 -> 3 at frame 1322 position (1088, 1232)
target scene=3 area=(160, 112) event=49 script=6226 mode=5 state=1 player=(1248, 1344) pos=(1280, 1472) path=54
learned exit AreaKey { scene: 3, anchor: (160, 112) } event=53 -> AreaKey { scene: 1, anchor: (400, 344) }
scene 3 -> 1 at frame 1324 position (304, 264)
target scene=1 area=(400, 344) event=18 script=4643 mode=5 state=1 player=(464, 376) pos=(416, 400) path=2
learned targeted exit AreaKey { scene: 1, anchor: (400, 344) } event=18 -> AreaKey { scene: 3, anchor: (160, 112) }
learned exit AreaKey { scene: 1, anchor: (400, 344) } event=18 -> AreaKey { scene: 3, anchor: (160, 112) }
scene 1 -> 3 at frame 1326 position (1088, 1232)
target scene=3 area=(160, 112) event=49 script=6226 mode=5 state=1 player=(1248, 1344) pos=(1280, 1472) path=54
learned exit AreaKey { scene: 3, anchor: (160, 112) } event=53 -> AreaKey { scene: 1, anchor: (400, 344) }
scene 3 -> 1 at frame 1328 position (304, 264)
target scene=1 area=(400, 344) event=18 script=4643 mode=5 state=1 player=(464, 376) pos=(416, 400) path=2
learned targeted exit AreaKey { scene: 1, anchor: (400, 344) } event=18 -> AreaKey { scene: 3, anchor: (160, 112) }
learned exit AreaKey { scene: 1, anchor: (400, 344) } event=18 -> AreaKey { scene: 3, anchor: (160, 112) }
scene 1 -> 3 at frame 1330 position (1088, 1232)
target scene=3 area=(160, 112) event=49 script=6226 mode=5 state=1 player=(1248, 1344) pos=(1280, 1472) path=54
learned exit AreaKey { scene: 3, anchor: (160, 112) } event=53 -> AreaKey { scene: 1, anchor: (400, 344) }
scene 3 -> 1 at frame 1332 position (304, 264)
target scene=1 area=(400, 344) event=18 script=4643 mode=5 state=1 player=(464, 376) pos=(416, 400) path=2
learned targeted exit AreaKey { scene: 1, anchor: (400, 344) } event=18 -> AreaKey { scene: 3, anchor: (160, 112) }
learned exit AreaKey { scene: 1, anchor: (400, 344) } event=18 -> AreaKey { scene: 3, anchor: (160, 112) }
scene 1 -> 3 at frame 1334 position (1088, 1232)
target scene=3 area=(160, 112) event=49 script=6226 mode=5 state=1 player=(1248, 1344) pos=(1280, 1472) path=54
learned exit AreaKey { scene: 3, anchor: (160, 112) } event=53 -> AreaKey { scene: 1, anchor: (400, 344) }
scene 3 -> 1 at frame 1336 position (304, 264)
target scene=1 area=(400, 344) event=18 script=4643 mode=5 state=1 player=(464, 376) pos=(416, 400) path=2
learned targeted exit AreaKey { scene: 1, anchor: (400, 344) } event=18 -> AreaKey { scene: 3, anchor: (160, 112) }
learned exit AreaKey { scene: 1, anchor: (400, 344) } event=18 -> AreaKey { scene: 3, anchor: (160, 112) }
scene 1 -> 3 at frame 1338 position (1088, 1232)
target scene=3 area=(160, 112) event=49 script=6226 mode=5 state=1 player=(1248, 1344) pos=(1280, 1472) path=54
learned exit AreaKey { scene: 3, anchor: (160, 112) } event=53 -> AreaKey { scene: 1, anchor: (400, 344) }
scene 3 -> 1 at frame 1340 position (304, 264)
target scene=1 area=(400, 344) event=18 script=4643 mode=5 state=1 player=(464, 376) pos=(416, 400) path=2
learned targeted exit AreaKey { scene: 1, anchor: (400, 344) } event=18 -> AreaKey { scene: 3, anchor: (160, 112) }
learned exit AreaKey { scene: 1, anchor: (400, 344) } event=18 -> AreaKey { scene: 3, anchor: (160, 112) }
scene 1 -> 3 at frame 1342 position (1088, 1232)
target scene=3 area=(160, 112) event=49 script=6226 mode=5 state=1 player=(1248, 1344) pos=(1280, 1472) path=54
learned exit AreaKey { scene: 3, anchor: (160, 112) } event=53 -> AreaKey { scene: 1, anchor: (400, 344) }
scene 3 -> 1 at frame 1344 position (304, 264)
target scene=1 area=(400, 344) event=18 script=4643 mode=5 state=1 player=(464, 376) pos=(416, 400) path=2
learned targeted exit AreaKey { scene: 1, anchor: (400, 344) } event=18 -> AreaKey { scene: 3, anchor: (160, 112) }
learned exit AreaKey { scene: 1, anchor: (400, 344) } event=18 -> AreaKey { scene: 3, anchor: (160, 112) }
scene 1 -> 3 at frame 1346 position (1088, 1232)
target scene=3 area=(160, 112) event=49 script=6226 mode=5 state=1 player=(1248, 1344) pos=(1280, 1472) path=54
learned exit AreaKey { scene: 3, anchor: (160, 112) } event=53 -> AreaKey { scene: 1, anchor: (400, 344) }
scene 3 -> 1 at frame 1348 position (304, 264)
target scene=1 area=(400, 344) event=18 script=4643 mode=5 state=1 player=(464, 376) pos=(416, 400) path=2
learned targeted exit AreaKey { scene: 1, anchor: (400, 344) } event=18 -> AreaKey { scene: 3, anchor: (160, 112) }
learned exit AreaKey { scene: 1, anchor: (400, 344) } event=18 -> AreaKey { scene: 3, anchor: (160, 112) }
scene 1 -> 3 at frame 1350 position (1088, 1232)
target scene=3 area=(160, 112) event=49 script=6226 mode=5 state=1 player=(1248, 1344) pos=(1280, 1472) path=54
learned exit AreaKey { scene: 3, anchor: (160, 112) } event=53 -> AreaKey { scene: 1, anchor: (400, 344) }
scene 3 -> 1 at frame 1352 position (304, 264)
target scene=1 area=(400, 344) event=18 script=4643 mode=5 state=1 player=(464, 376) pos=(416, 400) path=2
learned targeted exit AreaKey { scene: 1, anchor: (400, 344) } event=18 -> AreaKey { scene: 3, anchor: (160, 112) }
learned exit AreaKey { scene: 1, anchor: (400, 344) } event=18 -> AreaKey { scene: 3, anchor: (160, 112) }
scene 1 -> 3 at frame 1354 position (1088, 1232)
target scene=3 area=(160, 112) event=49 script=6226 mode=5 state=1 player=(1248, 1344) pos=(1280, 1472) path=54
learned exit AreaKey { scene: 3, anchor: (160, 112) } event=53 -> AreaKey { scene: 1, anchor: (400, 344) }
scene 3 -> 1 at frame 1356 position (304, 264)
target scene=1 area=(400, 344) event=18 script=4643 mode=5 state=1 player=(464, 376) pos=(416, 400) path=2
learned targeted exit AreaKey { scene: 1, anchor: (400, 344) } event=18 -> AreaKey { scene: 3, anchor: (160, 112) }
learned exit AreaKey { scene: 1, anchor: (400, 344) } event=18 -> AreaKey { scene: 3, anchor: (160, 112) }
scene 1 -> 3 at frame 1358 position (1088, 1232)
target scene=3 area=(160, 112) event=49 script=6226 mode=5 state=1 player=(1248, 1344) pos=(1280, 1472) path=54
learned exit AreaKey { scene: 3, anchor: (160, 112) } event=53 -> AreaKey { scene: 1, anchor: (400, 344) }
scene 3 -> 1 at frame 1360 position (304, 264)
target scene=1 area=(400, 344) event=18 script=4643 mode=5 state=1 player=(464, 376) pos=(416, 400) path=2
learned targeted exit AreaKey { scene: 1, anchor: (400, 344) } event=18 -> AreaKey { scene: 3, anchor: (160, 112) }
learned exit AreaKey { scene: 1, anchor: (400, 344) } event=18 -> AreaKey { scene: 3, anchor: (160, 112) }
scene 1 -> 3 at frame 1362 position (1088, 1232)
target scene=3 area=(160, 112) event=49 script=6226 mode=5 state=1 player=(1248, 1344) pos=(1280, 1472) path=54
learned exit AreaKey { scene: 3, anchor: (160, 112) } event=53 -> AreaKey { scene: 1, anchor: (400, 344) }
scene 3 -> 1 at frame 1364 position (304, 264)
target scene=1 area=(400, 344) event=18 script=4643 mode=5 state=1 player=(464, 376) pos=(416, 400) path=2
learned targeted exit AreaKey { scene: 1, anchor: (400, 344) } event=18 -> AreaKey { scene: 3, anchor: (160, 112) }
learned exit AreaKey { scene: 1, anchor: (400, 344) } event=18 -> AreaKey { scene: 3, anchor: (160, 112) }
scene 1 -> 3 at frame 1366 position (1088, 1232)
target scene=3 area=(160, 112) event=49 script=6226 mode=5 state=1 player=(1248, 1344) pos=(1280, 1472) path=54
learned exit AreaKey { scene: 3, anchor: (160, 112) } event=53 -> AreaKey { scene: 1, anchor: (400, 344) }
scene 3 -> 1 at frame 1368 position (304, 264)
target scene=1 area=(400, 344) event=18 script=4643 mode=5 state=1 player=(464, 376) pos=(416, 400) path=2
learned targeted exit AreaKey { scene: 1, anchor: (400, 344) } event=18 -> AreaKey { scene: 3, anchor: (160, 112) }
learned exit AreaKey { scene: 1, anchor: (400, 344) } event=18 -> AreaKey { scene: 3, anchor: (160, 112) }
scene 1 -> 3 at frame 1370 position (1088, 1232)
target scene=3 area=(160, 112) event=49 script=6226 mode=5 state=1 player=(1248, 1344) pos=(1280, 1472) path=54
learned exit AreaKey { scene: 3, anchor: (160, 112) } event=53 -> AreaKey { scene: 1, anchor: (400, 344) }
scene 3 -> 1 at frame 1372 position (304, 264)
target scene=1 area=(400, 344) event=18 script=4643 mode=5 state=1 player=(464, 376) pos=(416, 400) path=2
learned targeted exit AreaKey { scene: 1, anchor: (400, 344) } event=18 -> AreaKey { scene: 3, anchor: (160, 112) }
learned exit AreaKey { scene: 1, anchor: (400, 344) } event=18 -> AreaKey { scene: 3, anchor: (160, 112) }
scene 1 -> 3 at frame 1374 position (1088, 1232)
target scene=3 area=(160, 112) event=49 script=6226 mode=5 state=1 player=(1248, 1344) pos=(1280, 1472) path=54
learned exit AreaKey { scene: 3, anchor: (160, 112) } event=53 -> AreaKey { scene: 1, anchor: (400, 344) }
scene 3 -> 1 at frame 1376 position (304, 264)
target scene=1 area=(400, 344) event=18 script=4643 mode=5 state=1 player=(464, 376) pos=(416, 400) path=2
learned targeted exit AreaKey { scene: 1, anchor: (400, 344) } event=18 -> AreaKey { scene: 3, anchor: (160, 112) }
learned exit AreaKey { scene: 1, anchor: (400, 344) } event=18 -> AreaKey { scene: 3, anchor: (160, 112) }
scene 1 -> 3 at frame 1378 position (1088, 1232)
target scene=3 area=(160, 112) event=49 script=6226 mode=5 state=1 player=(1248, 1344) pos=(1280, 1472) path=54
learned exit AreaKey { scene: 3, anchor: (160, 112) } event=53 -> AreaKey { scene: 1, anchor: (400, 344) }
scene 3 -> 1 at frame 1380 position (304, 264)
target scene=1 area=(400, 344) event=18 script=4643 mode=5 state=1 player=(464, 376) pos=(416, 400) path=2
learned targeted exit AreaKey { scene: 1, anchor: (400, 344) } event=18 -> AreaKey { scene: 3, anchor: (160, 112) }
learned exit AreaKey { scene: 1, anchor: (400, 344) } event=18 -> AreaKey { scene: 3, anchor: (160, 112) }
scene 1 -> 3 at frame 1382 position (1088, 1232)
target scene=3 area=(160, 112) event=49 script=6226 mode=5 state=1 player=(1248, 1344) pos=(1280, 1472) path=54
learned exit AreaKey { scene: 3, anchor: (160, 112) } event=53 -> AreaKey { scene: 1, anchor: (400, 344) }
scene 3 -> 1 at frame 1384 position (304, 264)
target scene=1 area=(400, 344) event=18 script=4643 mode=5 state=1 player=(464, 376) pos=(416, 400) path=2
learned targeted exit AreaKey { scene: 1, anchor: (400, 344) } event=18 -> AreaKey { scene: 3, anchor: (160, 112) }
learned exit AreaKey { scene: 1, anchor: (400, 344) } event=18 -> AreaKey { scene: 3, anchor: (160, 112) }
scene 1 -> 3 at frame 1386 position (1088, 1232)
target scene=3 area=(160, 112) event=49 script=6226 mode=5 state=1 player=(1248, 1344) pos=(1280, 1472) path=54
learned exit AreaKey { scene: 3, anchor: (160, 112) } event=53 -> AreaKey { scene: 1, anchor: (400, 344) }
scene 3 -> 1 at frame 1388 position (304, 264)
target scene=1 area=(400, 344) event=18 script=4643 mode=5 state=1 player=(464, 376) pos=(416, 400) path=2
learned targeted exit AreaKey { scene: 1, anchor: (400, 344) } event=18 -> AreaKey { scene: 3, anchor: (160, 112) }
learned exit AreaKey { scene: 1, anchor: (400, 344) } event=18 -> AreaKey { scene: 3, anchor: (160, 112) }
scene 1 -> 3 at frame 1390 position (1088, 1232)
target scene=3 area=(160, 112) event=49 script=6226 mode=5 state=1 player=(1248, 1344) pos=(1280, 1472) path=54
learned exit AreaKey { scene: 3, anchor: (160, 112) } event=53 -> AreaKey { scene: 1, anchor: (400, 344) }
scene 3 -> 1 at frame 1392 position (304, 264)
target scene=1 area=(400, 344) event=18 script=4643 mode=5 state=1 player=(464, 376) pos=(416, 400) path=2
learned targeted exit AreaKey { scene: 1, anchor: (400, 344) } event=18 -> AreaKey { scene: 3, anchor: (160, 112) }
learned exit AreaKey { scene: 1, anchor: (400, 344) } event=18 -> AreaKey { scene: 3, anchor: (160, 112) }
scene 1 -> 3 at frame 1394 position (1088, 1232)
target scene=3 area=(160, 112) event=49 script=6226 mode=5 state=1 player=(1248, 1344) pos=(1280, 1472) path=54
learned exit AreaKey { scene: 3, anchor: (160, 112) } event=53 -> AreaKey { scene: 1, anchor: (400, 344) }
scene 3 -> 1 at frame 1396 position (304, 264)
target scene=1 area=(400, 344) event=18 script=4643 mode=5 state=1 player=(464, 376) pos=(416, 400) path=2
learned targeted exit AreaKey { scene: 1, anchor: (400, 344) } event=18 -> AreaKey { scene: 3, anchor: (160, 112) }
learned exit AreaKey { scene: 1, anchor: (400, 344) } event=18 -> AreaKey { scene: 3, anchor: (160, 112) }
scene 1 -> 3 at frame 1398 position (1088, 1232)
target scene=3 area=(160, 112) event=49 script=6226 mode=5 state=1 player=(1248, 1344) pos=(1280, 1472) path=54
learned exit AreaKey { scene: 3, anchor: (160, 112) } event=53 -> AreaKey { scene: 1, anchor: (400, 344) }
scene 3 -> 1 at frame 1400 position (304, 264)
target scene=1 area=(400, 344) event=18 script=4643 mode=5 state=1 player=(464, 376) pos=(416, 400) path=2
learned targeted exit AreaKey { scene: 1, anchor: (400, 344) } event=18 -> AreaKey { scene: 3, anchor: (160, 112) }
learned exit AreaKey { scene: 1, anchor: (400, 344) } event=18 -> AreaKey { scene: 3, anchor: (160, 112) }
scene 1 -> 3 at frame 1402 position (1088, 1232)
target scene=3 area=(160, 112) event=49 script=6226 mode=5 state=1 player=(1248, 1344) pos=(1280, 1472) path=54
learned exit AreaKey { scene: 3, anchor: (160, 112) } event=53 -> AreaKey { scene: 1, anchor: (400, 344) }
scene 3 -> 1 at frame 1404 position (304, 264)
target scene=1 area=(400, 344) event=18 script=4643 mode=5 state=1 player=(464, 376) pos=(416, 400) path=2
learned targeted exit AreaKey { scene: 1, anchor: (400, 344) } event=18 -> AreaKey { scene: 3, anchor: (160, 112) }
learned exit AreaKey { scene: 1, anchor: (400, 344) } event=18 -> AreaKey { scene: 3, anchor: (160, 112) }
scene 1 -> 3 at frame 1406 position (1088, 1232)
target scene=3 area=(160, 112) event=49 script=6226 mode=5 state=1 player=(1248, 1344) pos=(1280, 1472) path=54
learned exit AreaKey { scene: 3, anchor: (160, 112) } event=53 -> AreaKey { scene: 1, anchor: (400, 344) }
scene 3 -> 1 at frame 1408 position (304, 264)
target scene=1 area=(400, 344) event=18 script=4643 mode=5 state=1 player=(464, 376) pos=(416, 400) path=2
learned targeted exit AreaKey { scene: 1, anchor: (400, 344) } event=18 -> AreaKey { scene: 3, anchor: (160, 112) }
learned exit AreaKey { scene: 1, anchor: (400, 344) } event=18 -> AreaKey { scene: 3, anchor: (160, 112) }
scene 1 -> 3 at frame 1410 position (1088, 1232)
target scene=3 area=(160, 112) event=49 script=6226 mode=5 state=1 player=(1248, 1344) pos=(1280, 1472) path=54
learned exit AreaKey { scene: 3, anchor: (160, 112) } event=53 -> AreaKey { scene: 1, anchor: (400, 344) }
scene 3 -> 1 at frame 1412 position (304, 264)
target scene=1 area=(400, 344) event=18 script=4643 mode=5 state=1 player=(464, 376) pos=(416, 400) path=2
learned targeted exit AreaKey { scene: 1, anchor: (400, 344) } event=18 -> AreaKey { scene: 3, anchor: (160, 112) }
learned exit AreaKey { scene: 1, anchor: (400, 344) } event=18 -> AreaKey { scene: 3, anchor: (160, 112) }
scene 1 -> 3 at frame 1414 position (1088, 1232)
target scene=3 area=(160, 112) event=49 script=6226 mode=5 state=1 player=(1248, 1344) pos=(1280, 1472) path=54
learned exit AreaKey { scene: 3, anchor: (160, 112) } event=53 -> AreaKey { scene: 1, anchor: (400, 344) }
scene 3 -> 1 at frame 1416 position (304, 264)
target scene=1 area=(400, 344) event=18 script=4643 mode=5 state=1 player=(464, 376) pos=(416, 400) path=2
learned targeted exit AreaKey { scene: 1, anchor: (400, 344) } event=18 -> AreaKey { scene: 3, anchor: (160, 112) }
learned exit AreaKey { scene: 1, anchor: (400, 344) } event=18 -> AreaKey { scene: 3, anchor: (160, 112) }
scene 1 -> 3 at frame 1418 position (1088, 1232)
target scene=3 area=(160, 112) event=49 script=6226 mode=5 state=1 player=(1248, 1344) pos=(1280, 1472) path=54
learned exit AreaKey { scene: 3, anchor: (160, 112) } event=53 -> AreaKey { scene: 1, anchor: (400, 344) }
scene 3 -> 1 at frame 1420 position (304, 264)
target scene=1 area=(400, 344) event=18 script=4643 mode=5 state=1 player=(464, 376) pos=(416, 400) path=2
learned targeted exit AreaKey { scene: 1, anchor: (400, 344) } event=18 -> AreaKey { scene: 3, anchor: (160, 112) }
learned exit AreaKey { scene: 1, anchor: (400, 344) } event=18 -> AreaKey { scene: 3, anchor: (160, 112) }
scene 1 -> 3 at frame 1422 position (1088, 1232)
target scene=3 area=(160, 112) event=49 script=6226 mode=5 state=1 player=(1248, 1344) pos=(1280, 1472) path=54
learned exit AreaKey { scene: 3, anchor: (160, 112) } event=53 -> AreaKey { scene: 1, anchor: (400, 344) }
scene 3 -> 1 at frame 1424 position (304, 264)
target scene=1 area=(400, 344) event=18 script=4643 mode=5 state=1 player=(464, 376) pos=(416, 400) path=2
learned targeted exit AreaKey { scene: 1, anchor: (400, 344) } event=18 -> AreaKey { scene: 3, anchor: (160, 112) }
learned exit AreaKey { scene: 1, anchor: (400, 344) } event=18 -> AreaKey { scene: 3, anchor: (160, 112) }
scene 1 -> 3 at frame 1426 position (1088, 1232)
target scene=3 area=(160, 112) event=49 script=6226 mode=5 state=1 player=(1248, 1344) pos=(1280, 1472) path=54
learned exit AreaKey { scene: 3, anchor: (160, 112) } event=53 -> AreaKey { scene: 1, anchor: (400, 344) }
scene 3 -> 1 at frame 1428 position (304, 264)
target scene=1 area=(400, 344) event=18 script=4643 mode=5 state=1 player=(464, 376) pos=(416, 400) path=2
learned targeted exit AreaKey { scene: 1, anchor: (400, 344) } event=18 -> AreaKey { scene: 3, anchor: (160, 112) }
learned exit AreaKey { scene: 1, anchor: (400, 344) } event=18 -> AreaKey { scene: 3, anchor: (160, 112) }
scene 1 -> 3 at frame 1430 position (1088, 1232)
target scene=3 area=(160, 112) event=49 script=6226 mode=5 state=1 player=(1248, 1344) pos=(1280, 1472) path=54
learned exit AreaKey { scene: 3, anchor: (160, 112) } event=53 -> AreaKey { scene: 1, anchor: (400, 344) }
scene 3 -> 1 at frame 1432 position (304, 264)
target scene=1 area=(400, 344) event=18 script=4643 mode=5 state=1 player=(464, 376) pos=(416, 400) path=2
learned targeted exit AreaKey { scene: 1, anchor: (400, 344) } event=18 -> AreaKey { scene: 3, anchor: (160, 112) }
learned exit AreaKey { scene: 1, anchor: (400, 344) } event=18 -> AreaKey { scene: 3, anchor: (160, 112) }
scene 1 -> 3 at frame 1434 position (1088, 1232)
target scene=3 area=(160, 112) event=49 script=6226 mode=5 state=1 player=(1248, 1344) pos=(1280, 1472) path=54
learned exit AreaKey { scene: 3, anchor: (160, 112) } event=53 -> AreaKey { scene: 1, anchor: (400, 344) }
scene 3 -> 1 at frame 1436 position (304, 264)
target scene=1 area=(400, 344) event=18 script=4643 mode=5 state=1 player=(464, 376) pos=(416, 400) path=2
learned targeted exit AreaKey { scene: 1, anchor: (400, 344) } event=18 -> AreaKey { scene: 3, anchor: (160, 112) }
learned exit AreaKey { scene: 1, anchor: (400, 344) } event=18 -> AreaKey { scene: 3, anchor: (160, 112) }
scene 1 -> 3 at frame 1438 position (1088, 1232)
target scene=3 area=(160, 112) event=49 script=6226 mode=5 state=1 player=(1248, 1344) pos=(1280, 1472) path=54
learned exit AreaKey { scene: 3, anchor: (160, 112) } event=53 -> AreaKey { scene: 1, anchor: (400, 344) }
scene 3 -> 1 at frame 1440 position (304, 264)
target scene=1 area=(400, 344) event=18 script=4643 mode=5 state=1 player=(464, 376) pos=(416, 400) path=2
learned targeted exit AreaKey { scene: 1, anchor: (400, 344) } event=18 -> AreaKey { scene: 3, anchor: (160, 112) }
learned exit AreaKey { scene: 1, anchor: (400, 344) } event=18 -> AreaKey { scene: 3, anchor: (160, 112) }
scene 1 -> 3 at frame 1442 position (1088, 1232)
target scene=3 area=(160, 112) event=49 script=6226 mode=5 state=1 player=(1248, 1344) pos=(1280, 1472) path=54
learned exit AreaKey { scene: 3, anchor: (160, 112) } event=53 -> AreaKey { scene: 1, anchor: (400, 344) }
scene 3 -> 1 at frame 1444 position (304, 264)
target scene=1 area=(400, 344) event=18 script=4643 mode=5 state=1 player=(464, 376) pos=(416, 400) path=2
learned targeted exit AreaKey { scene: 1, anchor: (400, 344) } event=18 -> AreaKey { scene: 3, anchor: (160, 112) }
learned exit AreaKey { scene: 1, anchor: (400, 344) } event=18 -> AreaKey { scene: 3, anchor: (160, 112) }
scene 1 -> 3 at frame 1446 position (1088, 1232)
target scene=3 area=(160, 112) event=49 script=6226 mode=5 state=1 player=(1248, 1344) pos=(1280, 1472) path=54
learned exit AreaKey { scene: 3, anchor: (160, 112) } event=53 -> AreaKey { scene: 1, anchor: (400, 344) }
scene 3 -> 1 at frame 1448 position (304, 264)
target scene=1 area=(400, 344) event=18 script=4643 mode=5 state=1 player=(464, 376) pos=(416, 400) path=2
learned targeted exit AreaKey { scene: 1, anchor: (400, 344) } event=18 -> AreaKey { scene: 3, anchor: (160, 112) }
learned exit AreaKey { scene: 1, anchor: (400, 344) } event=18 -> AreaKey { scene: 3, anchor: (160, 112) }
scene 1 -> 3 at frame 1450 position (1088, 1232)
target scene=3 area=(160, 112) event=49 script=6226 mode=5 state=1 player=(1248, 1344) pos=(1280, 1472) path=54
learned exit AreaKey { scene: 3, anchor: (160, 112) } event=53 -> AreaKey { scene: 1, anchor: (400, 344) }
scene 3 -> 1 at frame 1452 position (304, 264)
target scene=1 area=(400, 344) event=18 script=4643 mode=5 state=1 player=(464, 376) pos=(416, 400) path=2
learned targeted exit AreaKey { scene: 1, anchor: (400, 344) } event=18 -> AreaKey { scene: 3, anchor: (160, 112) }
learned exit AreaKey { scene: 1, anchor: (400, 344) } event=18 -> AreaKey { scene: 3, anchor: (160, 112) }
scene 1 -> 3 at frame 1454 position (1088, 1232)
target scene=3 area=(160, 112) event=49 script=6226 mode=5 state=1 player=(1248, 1344) pos=(1280, 1472) path=54
learned exit AreaKey { scene: 3, anchor: (160, 112) } event=53 -> AreaKey { scene: 1, anchor: (400, 344) }
scene 3 -> 1 at frame 1456 position (304, 264)
target scene=1 area=(400, 344) event=18 script=4643 mode=5 state=1 player=(464, 376) pos=(416, 400) path=2
learned targeted exit AreaKey { scene: 1, anchor: (400, 344) } event=18 -> AreaKey { scene: 3, anchor: (160, 112) }
learned exit AreaKey { scene: 1, anchor: (400, 344) } event=18 -> AreaKey { scene: 3, anchor: (160, 112) }
scene 1 -> 3 at frame 1458 position (1088, 1232)
target scene=3 area=(160, 112) event=49 script=6226 mode=5 state=1 player=(1248, 1344) pos=(1280, 1472) path=54
learned exit AreaKey { scene: 3, anchor: (160, 112) } event=53 -> AreaKey { scene: 1, anchor: (400, 344) }
scene 3 -> 1 at frame 1460 position (304, 264)
target scene=1 area=(400, 344) event=18 script=4643 mode=5 state=1 player=(464, 376) pos=(416, 400) path=2
learned targeted exit AreaKey { scene: 1, anchor: (400, 344) } event=18 -> AreaKey { scene: 3, anchor: (160, 112) }
learned exit AreaKey { scene: 1, anchor: (400, 344) } event=18 -> AreaKey { scene: 3, anchor: (160, 112) }
scene 1 -> 3 at frame 1462 position (1088, 1232)
target scene=3 area=(160, 112) event=49 script=6226 mode=5 state=1 player=(1248, 1344) pos=(1280, 1472) path=54
learned exit AreaKey { scene: 3, anchor: (160, 112) } event=53 -> AreaKey { scene: 1, anchor: (400, 344) }
scene 3 -> 1 at frame 1464 position (304, 264)
target scene=1 area=(400, 344) event=18 script=4643 mode=5 state=1 player=(464, 376) pos=(416, 400) path=2
learned targeted exit AreaKey { scene: 1, anchor: (400, 344) } event=18 -> AreaKey { scene: 3, anchor: (160, 112) }
learned exit AreaKey { scene: 1, anchor: (400, 344) } event=18 -> AreaKey { scene: 3, anchor: (160, 112) }
scene 1 -> 3 at frame 1466 position (1088, 1232)
target scene=3 area=(160, 112) event=49 script=6226 mode=5 state=1 player=(1248, 1344) pos=(1280, 1472) path=54
learned exit AreaKey { scene: 3, anchor: (160, 112) } event=53 -> AreaKey { scene: 1, anchor: (400, 344) }
scene 3 -> 1 at frame 1468 position (304, 264)
target scene=1 area=(400, 344) event=18 script=4643 mode=5 state=1 player=(464, 376) pos=(416, 400) path=2
learned targeted exit AreaKey { scene: 1, anchor: (400, 344) } event=18 -> AreaKey { scene: 3, anchor: (160, 112) }
learned exit AreaKey { scene: 1, anchor: (400, 344) } event=18 -> AreaKey { scene: 3, anchor: (160, 112) }
scene 1 -> 3 at frame 1470 position (1088, 1232)
target scene=3 area=(160, 112) event=49 script=6226 mode=5 state=1 player=(1248, 1344) pos=(1280, 1472) path=54
learned exit AreaKey { scene: 3, anchor: (160, 112) } event=53 -> AreaKey { scene: 1, anchor: (400, 344) }
scene 3 -> 1 at frame 1472 position (304, 264)
target scene=1 area=(400, 344) event=18 script=4643 mode=5 state=1 player=(464, 376) pos=(416, 400) path=2
learned targeted exit AreaKey { scene: 1, anchor: (400, 344) } event=18 -> AreaKey { scene: 3, anchor: (160, 112) }
learned exit AreaKey { scene: 1, anchor: (400, 344) } event=18 -> AreaKey { scene: 3, anchor: (160, 112) }
scene 1 -> 3 at frame 1474 position (1088, 1232)
target scene=3 area=(160, 112) event=49 script=6226 mode=5 state=1 player=(1248, 1344) pos=(1280, 1472) path=54
learned exit AreaKey { scene: 3, anchor: (160, 112) } event=53 -> AreaKey { scene: 1, anchor: (400, 344) }
scene 3 -> 1 at frame 1476 position (304, 264)
target scene=1 area=(400, 344) event=18 script=4643 mode=5 state=1 player=(464, 376) pos=(416, 400) path=2
learned targeted exit AreaKey { scene: 1, anchor: (400, 344) } event=18 -> AreaKey { scene: 3, anchor: (160, 112) }
learned exit AreaKey { scene: 1, anchor: (400, 344) } event=18 -> AreaKey { scene: 3, anchor: (160, 112) }
scene 1 -> 3 at frame 1478 position (1088, 1232)
target scene=3 area=(160, 112) event=49 script=6226 mode=5 state=1 player=(1248, 1344) pos=(1280, 1472) path=54
learned exit AreaKey { scene: 3, anchor: (160, 112) } event=53 -> AreaKey { scene: 1, anchor: (400, 344) }
scene 3 -> 1 at frame 1480 position (304, 264)
target scene=1 area=(400, 344) event=18 script=4643 mode=5 state=1 player=(464, 376) pos=(416, 400) path=2
learned targeted exit AreaKey { scene: 1, anchor: (400, 344) } event=18 -> AreaKey { scene: 3, anchor: (160, 112) }
learned exit AreaKey { scene: 1, anchor: (400, 344) } event=18 -> AreaKey { scene: 3, anchor: (160, 112) }
scene 1 -> 3 at frame 1482 position (1088, 1232)
target scene=3 area=(160, 112) event=49 script=6226 mode=5 state=1 player=(1248, 1344) pos=(1280, 1472) path=54
learned exit AreaKey { scene: 3, anchor: (160, 112) } event=53 -> AreaKey { scene: 1, anchor: (400, 344) }
scene 3 -> 1 at frame 1484 position (304, 264)
target scene=1 area=(400, 344) event=18 script=4643 mode=5 state=1 player=(464, 376) pos=(416, 400) path=2
learned targeted exit AreaKey { scene: 1, anchor: (400, 344) } event=18 -> AreaKey { scene: 3, anchor: (160, 112) }
learned exit AreaKey { scene: 1, anchor: (400, 344) } event=18 -> AreaKey { scene: 3, anchor: (160, 112) }
scene 1 -> 3 at frame 1486 position (1088, 1232)
target scene=3 area=(160, 112) event=49 script=6226 mode=5 state=1 player=(1248, 1344) pos=(1280, 1472) path=54
learned exit AreaKey { scene: 3, anchor: (160, 112) } event=53 -> AreaKey { scene: 1, anchor: (400, 344) }
scene 3 -> 1 at frame 1488 position (304, 264)
target scene=1 area=(400, 344) event=18 script=4643 mode=5 state=1 player=(464, 376) pos=(416, 400) path=2
learned targeted exit AreaKey { scene: 1, anchor: (400, 344) } event=18 -> AreaKey { scene: 3, anchor: (160, 112) }
learned exit AreaKey { scene: 1, anchor: (400, 344) } event=18 -> AreaKey { scene: 3, anchor: (160, 112) }
scene 1 -> 3 at frame 1490 position (1088, 1232)
target scene=3 area=(160, 112) event=49 script=6226 mode=5 state=1 player=(1248, 1344) pos=(1280, 1472) path=54
learned exit AreaKey { scene: 3, anchor: (160, 112) } event=53 -> AreaKey { scene: 1, anchor: (400, 344) }
scene 3 -> 1 at frame 1492 position (304, 264)
target scene=1 area=(400, 344) event=18 script=4643 mode=5 state=1 player=(464, 376) pos=(416, 400) path=2
learned targeted exit AreaKey { scene: 1, anchor: (400, 344) } event=18 -> AreaKey { scene: 3, anchor: (160, 112) }
learned exit AreaKey { scene: 1, anchor: (400, 344) } event=18 -> AreaKey { scene: 3, anchor: (160, 112) }
scene 1 -> 3 at frame 1494 position (1088, 1232)
target scene=3 area=(160, 112) event=49 script=6226 mode=5 state=1 player=(1248, 1344) pos=(1280, 1472) path=54
learned exit AreaKey { scene: 3, anchor: (160, 112) } event=53 -> AreaKey { scene: 1, anchor: (400, 344) }
scene 3 -> 1 at frame 1496 position (304, 264)
target scene=1 area=(400, 344) event=18 script=4643 mode=5 state=1 player=(464, 376) pos=(416, 400) path=2
learned targeted exit AreaKey { scene: 1, anchor: (400, 344) } event=18 -> AreaKey { scene: 3, anchor: (160, 112) }
learned exit AreaKey { scene: 1, anchor: (400, 344) } event=18 -> AreaKey { scene: 3, anchor: (160, 112) }
scene 1 -> 3 at frame 1498 position (1088, 1232)
target scene=3 area=(160, 112) event=49 script=6226 mode=5 state=1 player=(1248, 1344) pos=(1280, 1472) path=54
learned exit AreaKey { scene: 3, anchor: (160, 112) } event=53 -> AreaKey { scene: 1, anchor: (400, 344) }
scene 3 -> 1 at frame 1500 position (304, 264)
target scene=1 area=(400, 344) event=18 script=4643 mode=5 state=1 player=(464, 376) pos=(416, 400) path=2
learned targeted exit AreaKey { scene: 1, anchor: (400, 344) } event=18 -> AreaKey { scene: 3, anchor: (160, 112) }
learned exit AreaKey { scene: 1, anchor: (400, 344) } event=18 -> AreaKey { scene: 3, anchor: (160, 112) }
scene 1 -> 3 at frame 1502 position (1088, 1232)
target scene=3 area=(160, 112) event=49 script=6226 mode=5 state=1 player=(1248, 1344) pos=(1280, 1472) path=54
learned exit AreaKey { scene: 3, anchor: (160, 112) } event=53 -> AreaKey { scene: 1, anchor: (400, 344) }
scene 3 -> 1 at frame 1504 position (304, 264)
target scene=1 area=(400, 344) event=18 script=4643 mode=5 state=1 player=(464, 376) pos=(416, 400) path=2
learned targeted exit AreaKey { scene: 1, anchor: (400, 344) } event=18 -> AreaKey { scene: 3, anchor: (160, 112) }
learned exit AreaKey { scene: 1, anchor: (400, 344) } event=18 -> AreaKey { scene: 3, anchor: (160, 112) }
scene 1 -> 3 at frame 1506 position (1088, 1232)
target scene=3 area=(160, 112) event=49 script=6226 mode=5 state=1 player=(1248, 1344) pos=(1280, 1472) path=54
learned exit AreaKey { scene: 3, anchor: (160, 112) } event=53 -> AreaKey { scene: 1, anchor: (400, 344) }
scene 3 -> 1 at frame 1508 position (304, 264)
target scene=1 area=(400, 344) event=18 script=4643 mode=5 state=1 player=(464, 376) pos=(416, 400) path=2
learned targeted exit AreaKey { scene: 1, anchor: (400, 344) } event=18 -> AreaKey { scene: 3, anchor: (160, 112) }
learned exit AreaKey { scene: 1, anchor: (400, 344) } event=18 -> AreaKey { scene: 3, anchor: (160, 112) }
scene 1 -> 3 at frame 1510 position (1088, 1232)
target scene=3 area=(160, 112) event=49 script=6226 mode=5 state=1 player=(1248, 1344) pos=(1280, 1472) path=54
learned exit AreaKey { scene: 3, anchor: (160, 112) } event=53 -> AreaKey { scene: 1, anchor: (400, 344) }
scene 3 -> 1 at frame 1512 position (304, 264)
target scene=1 area=(400, 344) event=18 script=4643 mode=5 state=1 player=(464, 376) pos=(416, 400) path=2
learned targeted exit AreaKey { scene: 1, anchor: (400, 344) } event=18 -> AreaKey { scene: 3, anchor: (160, 112) }
learned exit AreaKey { scene: 1, anchor: (400, 344) } event=18 -> AreaKey { scene: 3, anchor: (160, 112) }
scene 1 -> 3 at frame 1514 position (1088, 1232)
target scene=3 area=(160, 112) event=49 script=6226 mode=5 state=1 player=(1248, 1344) pos=(1280, 1472) path=54
learned exit AreaKey { scene: 3, anchor: (160, 112) } event=53 -> AreaKey { scene: 1, anchor: (400, 344) }
scene 3 -> 1 at frame 1516 position (304, 264)
target scene=1 area=(400, 344) event=18 script=4643 mode=5 state=1 player=(464, 376) pos=(416, 400) path=2
learned targeted exit AreaKey { scene: 1, anchor: (400, 344) } event=18 -> AreaKey { scene: 3, anchor: (160, 112) }
learned exit AreaKey { scene: 1, anchor: (400, 344) } event=18 -> AreaKey { scene: 3, anchor: (160, 112) }
scene 1 -> 3 at frame 1518 position (1088, 1232)
target scene=3 area=(160, 112) event=49 script=6226 mode=5 state=1 player=(1248, 1344) pos=(1280, 1472) path=54
learned exit AreaKey { scene: 3, anchor: (160, 112) } event=53 -> AreaKey { scene: 1, anchor: (400, 344) }
scene 3 -> 1 at frame 1520 position (304, 264)
target scene=1 area=(400, 344) event=18 script=4643 mode=5 state=1 player=(464, 376) pos=(416, 400) path=2
learned targeted exit AreaKey { scene: 1, anchor: (400, 344) } event=18 -> AreaKey { scene: 3, anchor: (160, 112) }
learned exit AreaKey { scene: 1, anchor: (400, 344) } event=18 -> AreaKey { scene: 3, anchor: (160, 112) }
scene 1 -> 3 at frame 1522 position (1088, 1232)
target scene=3 area=(160, 112) event=49 script=6226 mode=5 state=1 player=(1248, 1344) pos=(1280, 1472) path=54
learned exit AreaKey { scene: 3, anchor: (160, 112) } event=53 -> AreaKey { scene: 1, anchor: (400, 344) }
scene 3 -> 1 at frame 1524 position (304, 264)
target scene=1 area=(400, 344) event=18 script=4643 mode=5 state=1 player=(464, 376) pos=(416, 400) path=2
learned targeted exit AreaKey { scene: 1, anchor: (400, 344) } event=18 -> AreaKey { scene: 3, anchor: (160, 112) }
learned exit AreaKey { scene: 1, anchor: (400, 344) } event=18 -> AreaKey { scene: 3, anchor: (160, 112) }
scene 1 -> 3 at frame 1526 position (1088, 1232)
target scene=3 area=(160, 112) event=49 script=6226 mode=5 state=1 player=(1248, 1344) pos=(1280, 1472) path=54
learned exit AreaKey { scene: 3, anchor: (160, 112) } event=53 -> AreaKey { scene: 1, anchor: (400, 344) }
scene 3 -> 1 at frame 1528 position (304, 264)
target scene=1 area=(400, 344) event=18 script=4643 mode=5 state=1 player=(464, 376) pos=(416, 400) path=2
learned targeted exit AreaKey { scene: 1, anchor: (400, 344) } event=18 -> AreaKey { scene: 3, anchor: (160, 112) }
learned exit AreaKey { scene: 1, anchor: (400, 344) } event=18 -> AreaKey { scene: 3, anchor: (160, 112) }
scene 1 -> 3 at frame 1530 position (1088, 1232)
target scene=3 area=(160, 112) event=49 script=6226 mode=5 state=1 player=(1248, 1344) pos=(1280, 1472) path=54
learned exit AreaKey { scene: 3, anchor: (160, 112) } event=53 -> AreaKey { scene: 1, anchor: (400, 344) }
scene 3 -> 1 at frame 1532 position (304, 264)
target scene=1 area=(400, 344) event=18 script=4643 mode=5 state=1 player=(464, 376) pos=(416, 400) path=2
learned targeted exit AreaKey { scene: 1, anchor: (400, 344) } event=18 -> AreaKey { scene: 3, anchor: (160, 112) }
learned exit AreaKey { scene: 1, anchor: (400, 344) } event=18 -> AreaKey { scene: 3, anchor: (160, 112) }
scene 1 -> 3 at frame 1534 position (1088, 1232)
target scene=3 area=(160, 112) event=49 script=6226 mode=5 state=1 player=(1248, 1344) pos=(1280, 1472) path=54
learned exit AreaKey { scene: 3, anchor: (160, 112) } event=53 -> AreaKey { scene: 1, anchor: (400, 344) }
scene 3 -> 1 at frame 1536 position (304, 264)
target scene=1 area=(400, 344) event=18 script=4643 mode=5 state=1 player=(464, 376) pos=(416, 400) path=2
learned targeted exit AreaKey { scene: 1, anchor: (400, 344) } event=18 -> AreaKey { scene: 3, anchor: (160, 112) }
learned exit AreaKey { scene: 1, anchor: (400, 344) } event=18 -> AreaKey { scene: 3, anchor: (160, 112) }
scene 1 -> 3 at frame 1538 position (1088, 1232)
target scene=3 area=(160, 112) event=49 script=6226 mode=5 state=1 player=(1248, 1344) pos=(1280, 1472) path=54
learned exit AreaKey { scene: 3, anchor: (160, 112) } event=53 -> AreaKey { scene: 1, anchor: (400, 344) }
scene 3 -> 1 at frame 1540 position (304, 264)
target scene=1 area=(400, 344) event=18 script=4643 mode=5 state=1 player=(464, 376) pos=(416, 400) path=2
learned targeted exit AreaKey { scene: 1, anchor: (400, 344) } event=18 -> AreaKey { scene: 3, anchor: (160, 112) }
learned exit AreaKey { scene: 1, anchor: (400, 344) } event=18 -> AreaKey { scene: 3, anchor: (160, 112) }
scene 1 -> 3 at frame 1542 position (1088, 1232)
target scene=3 area=(160, 112) event=49 script=6226 mode=5 state=1 player=(1248, 1344) pos=(1280, 1472) path=54
learned exit AreaKey { scene: 3, anchor: (160, 112) } event=53 -> AreaKey { scene: 1, anchor: (400, 344) }
scene 3 -> 1 at frame 1544 position (304, 264)
target scene=1 area=(400, 344) event=18 script=4643 mode=5 state=1 player=(464, 376) pos=(416, 400) path=2
learned targeted exit AreaKey { scene: 1, anchor: (400, 344) } event=18 -> AreaKey { scene: 3, anchor: (160, 112) }
learned exit AreaKey { scene: 1, anchor: (400, 344) } event=18 -> AreaKey { scene: 3, anchor: (160, 112) }
scene 1 -> 3 at frame 1546 position (1088, 1232)
target scene=3 area=(160, 112) event=49 script=6226 mode=5 state=1 player=(1248, 1344) pos=(1280, 1472) path=54
learned exit AreaKey { scene: 3, anchor: (160, 112) } event=53 -> AreaKey { scene: 1, anchor: (400, 344) }
scene 3 -> 1 at frame 1548 position (304, 264)
target scene=1 area=(400, 344) event=18 script=4643 mode=5 state=1 player=(464, 376) pos=(416, 400) path=2
learned targeted exit AreaKey { scene: 1, anchor: (400, 344) } event=18 -> AreaKey { scene: 3, anchor: (160, 112) }
learned exit AreaKey { scene: 1, anchor: (400, 344) } event=18 -> AreaKey { scene: 3, anchor: (160, 112) }
scene 1 -> 3 at frame 1550 position (1088, 1232)
target scene=3 area=(160, 112) event=49 script=6226 mode=5 state=1 player=(1248, 1344) pos=(1280, 1472) path=54
learned exit AreaKey { scene: 3, anchor: (160, 112) } event=53 -> AreaKey { scene: 1, anchor: (400, 344) }
scene 3 -> 1 at frame 1552 position (304, 264)
target scene=1 area=(400, 344) event=18 script=4643 mode=5 state=1 player=(464, 376) pos=(416, 400) path=2
learned targeted exit AreaKey { scene: 1, anchor: (400, 344) } event=18 -> AreaKey { scene: 3, anchor: (160, 112) }
learned exit AreaKey { scene: 1, anchor: (400, 344) } event=18 -> AreaKey { scene: 3, anchor: (160, 112) }
scene 1 -> 3 at frame 1554 position (1088, 1232)
target scene=3 area=(160, 112) event=49 script=6226 mode=5 state=1 player=(1248, 1344) pos=(1280, 1472) path=54
learned exit AreaKey { scene: 3, anchor: (160, 112) } event=53 -> AreaKey { scene: 1, anchor: (400, 344) }
scene 3 -> 1 at frame 1556 position (304, 264)
target scene=1 area=(400, 344) event=18 script=4643 mode=5 state=1 player=(464, 376) pos=(416, 400) path=2
learned targeted exit AreaKey { scene: 1, anchor: (400, 344) } event=18 -> AreaKey { scene: 3, anchor: (160, 112) }
learned exit AreaKey { scene: 1, anchor: (400, 344) } event=18 -> AreaKey { scene: 3, anchor: (160, 112) }
scene 1 -> 3 at frame 1558 position (1088, 1232)
target scene=3 area=(160, 112) event=49 script=6226 mode=5 state=1 player=(1248, 1344) pos=(1280, 1472) path=54
learned exit AreaKey { scene: 3, anchor: (160, 112) } event=53 -> AreaKey { scene: 1, anchor: (400, 344) }
scene 3 -> 1 at frame 1560 position (304, 264)
target scene=1 area=(400, 344) event=18 script=4643 mode=5 state=1 player=(464, 376) pos=(416, 400) path=2
learned targeted exit AreaKey { scene: 1, anchor: (400, 344) } event=18 -> AreaKey { scene: 3, anchor: (160, 112) }
learned exit AreaKey { scene: 1, anchor: (400, 344) } event=18 -> AreaKey { scene: 3, anchor: (160, 112) }
scene 1 -> 3 at frame 1562 position (1088, 1232)
target scene=3 area=(160, 112) event=49 script=6226 mode=5 state=1 player=(1248, 1344) pos=(1280, 1472) path=54
learned exit AreaKey { scene: 3, anchor: (160, 112) } event=53 -> AreaKey { scene: 1, anchor: (400, 344) }
scene 3 -> 1 at frame 1564 position (304, 264)
target scene=1 area=(400, 344) event=18 script=4643 mode=5 state=1 player=(464, 376) pos=(416, 400) path=2
learned targeted exit AreaKey { scene: 1, anchor: (400, 344) } event=18 -> AreaKey { scene: 3, anchor: (160, 112) }
learned exit AreaKey { scene: 1, anchor: (400, 344) } event=18 -> AreaKey { scene: 3, anchor: (160, 112) }
scene 1 -> 3 at frame 1566 position (1088, 1232)
target scene=3 area=(160, 112) event=49 script=6226 mode=5 state=1 player=(1248, 1344) pos=(1280, 1472) path=54
learned exit AreaKey { scene: 3, anchor: (160, 112) } event=53 -> AreaKey { scene: 1, anchor: (400, 344) }
scene 3 -> 1 at frame 1568 position (304, 264)
target scene=1 area=(400, 344) event=18 script=4643 mode=5 state=1 player=(464, 376) pos=(416, 400) path=2
learned targeted exit AreaKey { scene: 1, anchor: (400, 344) } event=18 -> AreaKey { scene: 3, anchor: (160, 112) }
learned exit AreaKey { scene: 1, anchor: (400, 344) } event=18 -> AreaKey { scene: 3, anchor: (160, 112) }
scene 1 -> 3 at frame 1570 position (1088, 1232)
target scene=3 area=(160, 112) event=49 script=6226 mode=5 state=1 player=(1248, 1344) pos=(1280, 1472) path=54
learned exit AreaKey { scene: 3, anchor: (160, 112) } event=53 -> AreaKey { scene: 1, anchor: (400, 344) }
scene 3 -> 1 at frame 1572 position (304, 264)
target scene=1 area=(400, 344) event=18 script=4643 mode=5 state=1 player=(464, 376) pos=(416, 400) path=2
learned targeted exit AreaKey { scene: 1, anchor: (400, 344) } event=18 -> AreaKey { scene: 3, anchor: (160, 112) }
learned exit AreaKey { scene: 1, anchor: (400, 344) } event=18 -> AreaKey { scene: 3, anchor: (160, 112) }
scene 1 -> 3 at frame 1574 position (1088, 1232)
target scene=3 area=(160, 112) event=49 script=6226 mode=5 state=1 player=(1248, 1344) pos=(1280, 1472) path=54
learned exit AreaKey { scene: 3, anchor: (160, 112) } event=53 -> AreaKey { scene: 1, anchor: (400, 344) }
scene 3 -> 1 at frame 1576 position (304, 264)
target scene=1 area=(400, 344) event=18 script=4643 mode=5 state=1 player=(464, 376) pos=(416, 400) path=2
learned targeted exit AreaKey { scene: 1, anchor: (400, 344) } event=18 -> AreaKey { scene: 3, anchor: (160, 112) }
learned exit AreaKey { scene: 1, anchor: (400, 344) } event=18 -> AreaKey { scene: 3, anchor: (160, 112) }
scene 1 -> 3 at frame 1578 position (1088, 1232)
target scene=3 area=(160, 112) event=49 script=6226 mode=5 state=1 player=(1248, 1344) pos=(1280, 1472) path=54
learned exit AreaKey { scene: 3, anchor: (160, 112) } event=53 -> AreaKey { scene: 1, anchor: (400, 344) }
scene 3 -> 1 at frame 1580 position (304, 264)
target scene=1 area=(400, 344) event=18 script=4643 mode=5 state=1 player=(464, 376) pos=(416, 400) path=2
learned targeted exit AreaKey { scene: 1, anchor: (400, 344) } event=18 -> AreaKey { scene: 3, anchor: (160, 112) }
learned exit AreaKey { scene: 1, anchor: (400, 344) } event=18 -> AreaKey { scene: 3, anchor: (160, 112) }
scene 1 -> 3 at frame 1582 position (1088, 1232)
target scene=3 area=(160, 112) event=49 script=6226 mode=5 state=1 player=(1248, 1344) pos=(1280, 1472) path=54
learned exit AreaKey { scene: 3, anchor: (160, 112) } event=53 -> AreaKey { scene: 1, anchor: (400, 344) }
scene 3 -> 1 at frame 1584 position (304, 264)
target scene=1 area=(400, 344) event=18 script=4643 mode=5 state=1 player=(464, 376) pos=(416, 400) path=2
learned targeted exit AreaKey { scene: 1, anchor: (400, 344) } event=18 -> AreaKey { scene: 3, anchor: (160, 112) }
learned exit AreaKey { scene: 1, anchor: (400, 344) } event=18 -> AreaKey { scene: 3, anchor: (160, 112) }
scene 1 -> 3 at frame 1586 position (1088, 1232)
target scene=3 area=(160, 112) event=49 script=6226 mode=5 state=1 player=(1248, 1344) pos=(1280, 1472) path=54
learned exit AreaKey { scene: 3, anchor: (160, 112) } event=53 -> AreaKey { scene: 1, anchor: (400, 344) }
scene 3 -> 1 at frame 1588 position (304, 264)
target scene=1 area=(400, 344) event=18 script=4643 mode=5 state=1 player=(464, 376) pos=(416, 400) path=2
learned targeted exit AreaKey { scene: 1, anchor: (400, 344) } event=18 -> AreaKey { scene: 3, anchor: (160, 112) }
learned exit AreaKey { scene: 1, anchor: (400, 344) } event=18 -> AreaKey { scene: 3, anchor: (160, 112) }
scene 1 -> 3 at frame 1590 position (1088, 1232)
target scene=3 area=(160, 112) event=49 script=6226 mode=5 state=1 player=(1248, 1344) pos=(1280, 1472) path=54
learned exit AreaKey { scene: 3, anchor: (160, 112) } event=53 -> AreaKey { scene: 1, anchor: (400, 344) }
scene 3 -> 1 at frame 1592 position (304, 264)
target scene=1 area=(400, 344) event=18 script=4643 mode=5 state=1 player=(464, 376) pos=(416, 400) path=2
learned targeted exit AreaKey { scene: 1, anchor: (400, 344) } event=18 -> AreaKey { scene: 3, anchor: (160, 112) }
learned exit AreaKey { scene: 1, anchor: (400, 344) } event=18 -> AreaKey { scene: 3, anchor: (160, 112) }
scene 1 -> 3 at frame 1594 position (1088, 1232)
target scene=3 area=(160, 112) event=49 script=6226 mode=5 state=1 player=(1248, 1344) pos=(1280, 1472) path=54
learned exit AreaKey { scene: 3, anchor: (160, 112) } event=53 -> AreaKey { scene: 1, anchor: (400, 344) }
scene 3 -> 1 at frame 1596 position (304, 264)
target scene=1 area=(400, 344) event=18 script=4643 mode=5 state=1 player=(464, 376) pos=(416, 400) path=2
learned targeted exit AreaKey { scene: 1, anchor: (400, 344) } event=18 -> AreaKey { scene: 3, anchor: (160, 112) }
learned exit AreaKey { scene: 1, anchor: (400, 344) } event=18 -> AreaKey { scene: 3, anchor: (160, 112) }
scene 1 -> 3 at frame 1598 position (1088, 1232)
target scene=3 area=(160, 112) event=49 script=6226 mode=5 state=1 player=(1248, 1344) pos=(1280, 1472) path=54
learned exit AreaKey { scene: 3, anchor: (160, 112) } event=53 -> AreaKey { scene: 1, anchor: (400, 344) }
scene 3 -> 1 at frame 1600 position (304, 264)
target scene=1 area=(400, 344) event=18 script=4643 mode=5 state=1 player=(464, 376) pos=(416, 400) path=2
learned targeted exit AreaKey { scene: 1, anchor: (400, 344) } event=18 -> AreaKey { scene: 3, anchor: (160, 112) }
learned exit AreaKey { scene: 1, anchor: (400, 344) } event=18 -> AreaKey { scene: 3, anchor: (160, 112) }
scene 1 -> 3 at frame 1602 position (1088, 1232)
target scene=3 area=(160, 112) event=49 script=6226 mode=5 state=1 player=(1248, 1344) pos=(1280, 1472) path=54
learned exit AreaKey { scene: 3, anchor: (160, 112) } event=53 -> AreaKey { scene: 1, anchor: (400, 344) }
scene 3 -> 1 at frame 1604 position (304, 264)
target scene=1 area=(400, 344) event=18 script=4643 mode=5 state=1 player=(464, 376) pos=(416, 400) path=2
learned targeted exit AreaKey { scene: 1, anchor: (400, 344) } event=18 -> AreaKey { scene: 3, anchor: (160, 112) }
learned exit AreaKey { scene: 1, anchor: (400, 344) } event=18 -> AreaKey { scene: 3, anchor: (160, 112) }
scene 1 -> 3 at frame 1606 position (1088, 1232)
target scene=3 area=(160, 112) event=49 script=6226 mode=5 state=1 player=(1248, 1344) pos=(1280, 1472) path=54
learned exit AreaKey { scene: 3, anchor: (160, 112) } event=53 -> AreaKey { scene: 1, anchor: (400, 344) }
scene 3 -> 1 at frame 1608 position (304, 264)
target scene=1 area=(400, 344) event=18 script=4643 mode=5 state=1 player=(464, 376) pos=(416, 400) path=2
learned targeted exit AreaKey { scene: 1, anchor: (400, 344) } event=18 -> AreaKey { scene: 3, anchor: (160, 112) }
learned exit AreaKey { scene: 1, anchor: (400, 344) } event=18 -> AreaKey { scene: 3, anchor: (160, 112) }
scene 1 -> 3 at frame 1610 position (1088, 1232)
target scene=3 area=(160, 112) event=49 script=6226 mode=5 state=1 player=(1248, 1344) pos=(1280, 1472) path=54
learned exit AreaKey { scene: 3, anchor: (160, 112) } event=53 -> AreaKey { scene: 1, anchor: (400, 344) }
scene 3 -> 1 at frame 1612 position (304, 264)
target scene=1 area=(400, 344) event=18 script=4643 mode=5 state=1 player=(464, 376) pos=(416, 400) path=2
learned targeted exit AreaKey { scene: 1, anchor: (400, 344) } event=18 -> AreaKey { scene: 3, anchor: (160, 112) }
learned exit AreaKey { scene: 1, anchor: (400, 344) } event=18 -> AreaKey { scene: 3, anchor: (160, 112) }
scene 1 -> 3 at frame 1614 position (1088, 1232)
target scene=3 area=(160, 112) event=49 script=6226 mode=5 state=1 player=(1248, 1344) pos=(1280, 1472) path=54
learned exit AreaKey { scene: 3, anchor: (160, 112) } event=53 -> AreaKey { scene: 1, anchor: (400, 344) }
scene 3 -> 1 at frame 1616 position (304, 264)
target scene=1 area=(400, 344) event=18 script=4643 mode=5 state=1 player=(464, 376) pos=(416, 400) path=2
learned targeted exit AreaKey { scene: 1, anchor: (400, 344) } event=18 -> AreaKey { scene: 3, anchor: (160, 112) }
learned exit AreaKey { scene: 1, anchor: (400, 344) } event=18 -> AreaKey { scene: 3, anchor: (160, 112) }
scene 1 -> 3 at frame 1618 position (1088, 1232)
target scene=3 area=(160, 112) event=49 script=6226 mode=5 state=1 player=(1248, 1344) pos=(1280, 1472) path=54
learned exit AreaKey { scene: 3, anchor: (160, 112) } event=53 -> AreaKey { scene: 1, anchor: (400, 344) }
scene 3 -> 1 at frame 1620 position (304, 264)
target scene=1 area=(400, 344) event=18 script=4643 mode=5 state=1 player=(464, 376) pos=(416, 400) path=2
learned targeted exit AreaKey { scene: 1, anchor: (400, 344) } event=18 -> AreaKey { scene: 3, anchor: (160, 112) }
learned exit AreaKey { scene: 1, anchor: (400, 344) } event=18 -> AreaKey { scene: 3, anchor: (160, 112) }
scene 1 -> 3 at frame 1622 position (1088, 1232)
target scene=3 area=(160, 112) event=49 script=6226 mode=5 state=1 player=(1248, 1344) pos=(1280, 1472) path=54
learned exit AreaKey { scene: 3, anchor: (160, 112) } event=53 -> AreaKey { scene: 1, anchor: (400, 344) }
scene 3 -> 1 at frame 1624 position (304, 264)
target scene=1 area=(400, 344) event=18 script=4643 mode=5 state=1 player=(464, 376) pos=(416, 400) path=2
learned targeted exit AreaKey { scene: 1, anchor: (400, 344) } event=18 -> AreaKey { scene: 3, anchor: (160, 112) }
learned exit AreaKey { scene: 1, anchor: (400, 344) } event=18 -> AreaKey { scene: 3, anchor: (160, 112) }
scene 1 -> 3 at frame 1626 position (1088, 1232)
target scene=3 area=(160, 112) event=49 script=6226 mode=5 state=1 player=(1248, 1344) pos=(1280, 1472) path=54
learned exit AreaKey { scene: 3, anchor: (160, 112) } event=53 -> AreaKey { scene: 1, anchor: (400, 344) }
scene 3 -> 1 at frame 1628 position (304, 264)
target scene=1 area=(400, 344) event=18 script=4643 mode=5 state=1 player=(464, 376) pos=(416, 400) path=2
learned targeted exit AreaKey { scene: 1, anchor: (400, 344) } event=18 -> AreaKey { scene: 3, anchor: (160, 112) }
learned exit AreaKey { scene: 1, anchor: (400, 344) } event=18 -> AreaKey { scene: 3, anchor: (160, 112) }
scene 1 -> 3 at frame 1630 position (1088, 1232)
target scene=3 area=(160, 112) event=49 script=6226 mode=5 state=1 player=(1248, 1344) pos=(1280, 1472) path=54
learned exit AreaKey { scene: 3, anchor: (160, 112) } event=53 -> AreaKey { scene: 1, anchor: (400, 344) }
scene 3 -> 1 at frame 1632 position (304, 264)
target scene=1 area=(400, 344) event=18 script=4643 mode=5 state=1 player=(464, 376) pos=(416, 400) path=2
learned targeted exit AreaKey { scene: 1, anchor: (400, 344) } event=18 -> AreaKey { scene: 3, anchor: (160, 112) }
learned exit AreaKey { scene: 1, anchor: (400, 344) } event=18 -> AreaKey { scene: 3, anchor: (160, 112) }
scene 1 -> 3 at frame 1634 position (1088, 1232)
target scene=3 area=(160, 112) event=49 script=6226 mode=5 state=1 player=(1248, 1344) pos=(1280, 1472) path=54
learned exit AreaKey { scene: 3, anchor: (160, 112) } event=53 -> AreaKey { scene: 1, anchor: (400, 344) }
scene 3 -> 1 at frame 1636 position (304, 264)
target scene=1 area=(400, 344) event=18 script=4643 mode=5 state=1 player=(464, 376) pos=(416, 400) path=2
learned targeted exit AreaKey { scene: 1, anchor: (400, 344) } event=18 -> AreaKey { scene: 3, anchor: (160, 112) }
learned exit AreaKey { scene: 1, anchor: (400, 344) } event=18 -> AreaKey { scene: 3, anchor: (160, 112) }
scene 1 -> 3 at frame 1638 position (1088, 1232)
target scene=3 area=(160, 112) event=49 script=6226 mode=5 state=1 player=(1248, 1344) pos=(1280, 1472) path=54
learned exit AreaKey { scene: 3, anchor: (160, 112) } event=53 -> AreaKey { scene: 1, anchor: (400, 344) }
scene 3 -> 1 at frame 1640 position (304, 264)
target scene=1 area=(400, 344) event=18 script=4643 mode=5 state=1 player=(464, 376) pos=(416, 400) path=2
learned targeted exit AreaKey { scene: 1, anchor: (400, 344) } event=18 -> AreaKey { scene: 3, anchor: (160, 112) }
learned exit AreaKey { scene: 1, anchor: (400, 344) } event=18 -> AreaKey { scene: 3, anchor: (160, 112) }
scene 1 -> 3 at frame 1642 position (1088, 1232)
target scene=3 area=(160, 112) event=49 script=6226 mode=5 state=1 player=(1248, 1344) pos=(1280, 1472) path=54
learned exit AreaKey { scene: 3, anchor: (160, 112) } event=53 -> AreaKey { scene: 1, anchor: (400, 344) }
scene 3 -> 1 at frame 1644 position (304, 264)
target scene=1 area=(400, 344) event=18 script=4643 mode=5 state=1 player=(464, 376) pos=(416, 400) path=2
learned targeted exit AreaKey { scene: 1, anchor: (400, 344) } event=18 -> AreaKey { scene: 3, anchor: (160, 112) }
learned exit AreaKey { scene: 1, anchor: (400, 344) } event=18 -> AreaKey { scene: 3, anchor: (160, 112) }
scene 1 -> 3 at frame 1646 position (1088, 1232)
target scene=3 area=(160, 112) event=49 script=6226 mode=5 state=1 player=(1248, 1344) pos=(1280, 1472) path=54
learned exit AreaKey { scene: 3, anchor: (160, 112) } event=53 -> AreaKey { scene: 1, anchor: (400, 344) }
scene 3 -> 1 at frame 1648 position (304, 264)
target scene=1 area=(400, 344) event=18 script=4643 mode=5 state=1 player=(464, 376) pos=(416, 400) path=2
learned targeted exit AreaKey { scene: 1, anchor: (400, 344) } event=18 -> AreaKey { scene: 3, anchor: (160, 112) }
learned exit AreaKey { scene: 1, anchor: (400, 344) } event=18 -> AreaKey { scene: 3, anchor: (160, 112) }
scene 1 -> 3 at frame 1650 position (1088, 1232)
target scene=3 area=(160, 112) event=49 script=6226 mode=5 state=1 player=(1248, 1344) pos=(1280, 1472) path=54
learned exit AreaKey { scene: 3, anchor: (160, 112) } event=53 -> AreaKey { scene: 1, anchor: (400, 344) }
scene 3 -> 1 at frame 1652 position (304, 264)
target scene=1 area=(400, 344) event=18 script=4643 mode=5 state=1 player=(464, 376) pos=(416, 400) path=2
learned targeted exit AreaKey { scene: 1, anchor: (400, 344) } event=18 -> AreaKey { scene: 3, anchor: (160, 112) }
learned exit AreaKey { scene: 1, anchor: (400, 344) } event=18 -> AreaKey { scene: 3, anchor: (160, 112) }
scene 1 -> 3 at frame 1654 position (1088, 1232)
target scene=3 area=(160, 112) event=49 script=6226 mode=5 state=1 player=(1248, 1344) pos=(1280, 1472) path=54
learned exit AreaKey { scene: 3, anchor: (160, 112) } event=53 -> AreaKey { scene: 1, anchor: (400, 344) }
scene 3 -> 1 at frame 1656 position (304, 264)
target scene=1 area=(400, 344) event=18 script=4643 mode=5 state=1 player=(464, 376) pos=(416, 400) path=2
learned targeted exit AreaKey { scene: 1, anchor: (400, 344) } event=18 -> AreaKey { scene: 3, anchor: (160, 112) }
learned exit AreaKey { scene: 1, anchor: (400, 344) } event=18 -> AreaKey { scene: 3, anchor: (160, 112) }
scene 1 -> 3 at frame 1658 position (1088, 1232)
target scene=3 area=(160, 112) event=49 script=6226 mode=5 state=1 player=(1248, 1344) pos=(1280, 1472) path=54
learned exit AreaKey { scene: 3, anchor: (160, 112) } event=53 -> AreaKey { scene: 1, anchor: (400, 344) }
scene 3 -> 1 at frame 1660 position (304, 264)
target scene=1 area=(400, 344) event=18 script=4643 mode=5 state=1 player=(464, 376) pos=(416, 400) path=2
learned targeted exit AreaKey { scene: 1, anchor: (400, 344) } event=18 -> AreaKey { scene: 3, anchor: (160, 112) }
learned exit AreaKey { scene: 1, anchor: (400, 344) } event=18 -> AreaKey { scene: 3, anchor: (160, 112) }
scene 1 -> 3 at frame 1662 position (1088, 1232)
target scene=3 area=(160, 112) event=49 script=6226 mode=5 state=1 player=(1248, 1344) pos=(1280, 1472) path=54
learned exit AreaKey { scene: 3, anchor: (160, 112) } event=53 -> AreaKey { scene: 1, anchor: (400, 344) }
scene 3 -> 1 at frame 1664 position (304, 264)
target scene=1 area=(400, 344) event=18 script=4643 mode=5 state=1 player=(464, 376) pos=(416, 400) path=2
learned targeted exit AreaKey { scene: 1, anchor: (400, 344) } event=18 -> AreaKey { scene: 3, anchor: (160, 112) }
learned exit AreaKey { scene: 1, anchor: (400, 344) } event=18 -> AreaKey { scene: 3, anchor: (160, 112) }
scene 1 -> 3 at frame 1666 position (1088, 1232)
target scene=3 area=(160, 112) event=49 script=6226 mode=5 state=1 player=(1248, 1344) pos=(1280, 1472) path=54
learned exit AreaKey { scene: 3, anchor: (160, 112) } event=53 -> AreaKey { scene: 1, anchor: (400, 344) }
scene 3 -> 1 at frame 1668 position (304, 264)
target scene=1 area=(400, 344) event=18 script=4643 mode=5 state=1 player=(464, 376) pos=(416, 400) path=2
learned targeted exit AreaKey { scene: 1, anchor: (400, 344) } event=18 -> AreaKey { scene: 3, anchor: (160, 112) }
learned exit AreaKey { scene: 1, anchor: (400, 344) } event=18 -> AreaKey { scene: 3, anchor: (160, 112) }
scene 1 -> 3 at frame 1670 position (1088, 1232)
target scene=3 area=(160, 112) event=49 script=6226 mode=5 state=1 player=(1248, 1344) pos=(1280, 1472) path=54
learned exit AreaKey { scene: 3, anchor: (160, 112) } event=53 -> AreaKey { scene: 1, anchor: (400, 344) }
scene 3 -> 1 at frame 1672 position (304, 264)
target scene=1 area=(400, 344) event=18 script=4643 mode=5 state=1 player=(464, 376) pos=(416, 400) path=2
learned targeted exit AreaKey { scene: 1, anchor: (400, 344) } event=18 -> AreaKey { scene: 3, anchor: (160, 112) }
learned exit AreaKey { scene: 1, anchor: (400, 344) } event=18 -> AreaKey { scene: 3, anchor: (160, 112) }
scene 1 -> 3 at frame 1674 position (1088, 1232)
target scene=3 area=(160, 112) event=49 script=6226 mode=5 state=1 player=(1248, 1344) pos=(1280, 1472) path=54
learned exit AreaKey { scene: 3, anchor: (160, 112) } event=53 -> AreaKey { scene: 1, anchor: (400, 344) }
scene 3 -> 1 at frame 1676 position (304, 264)
target scene=1 area=(400, 344) event=18 script=4643 mode=5 state=1 player=(464, 376) pos=(416, 400) path=2
learned targeted exit AreaKey { scene: 1, anchor: (400, 344) } event=18 -> AreaKey { scene: 3, anchor: (160, 112) }
learned exit AreaKey { scene: 1, anchor: (400, 344) } event=18 -> AreaKey { scene: 3, anchor: (160, 112) }
scene 1 -> 3 at frame 1678 position (1088, 1232)
target scene=3 area=(160, 112) event=49 script=6226 mode=5 state=1 player=(1248, 1344) pos=(1280, 1472) path=54
learned exit AreaKey { scene: 3, anchor: (160, 112) } event=53 -> AreaKey { scene: 1, anchor: (400, 344) }
scene 3 -> 1 at frame 1680 position (304, 264)
target scene=1 area=(400, 344) event=18 script=4643 mode=5 state=1 player=(464, 376) pos=(416, 400) path=2
learned targeted exit AreaKey { scene: 1, anchor: (400, 344) } event=18 -> AreaKey { scene: 3, anchor: (160, 112) }
learned exit AreaKey { scene: 1, anchor: (400, 344) } event=18 -> AreaKey { scene: 3, anchor: (160, 112) }
scene 1 -> 3 at frame 1682 position (1088, 1232)
target scene=3 area=(160, 112) event=49 script=6226 mode=5 state=1 player=(1248, 1344) pos=(1280, 1472) path=54
learned exit AreaKey { scene: 3, anchor: (160, 112) } event=53 -> AreaKey { scene: 1, anchor: (400, 344) }
scene 3 -> 1 at frame 1684 position (304, 264)
target scene=1 area=(400, 344) event=18 script=4643 mode=5 state=1 player=(464, 376) pos=(416, 400) path=2
learned targeted exit AreaKey { scene: 1, anchor: (400, 344) } event=18 -> AreaKey { scene: 3, anchor: (160, 112) }
learned exit AreaKey { scene: 1, anchor: (400, 344) } event=18 -> AreaKey { scene: 3, anchor: (160, 112) }
scene 1 -> 3 at frame 1686 position (1088, 1232)
target scene=3 area=(160, 112) event=49 script=6226 mode=5 state=1 player=(1248, 1344) pos=(1280, 1472) path=54
learned exit AreaKey { scene: 3, anchor: (160, 112) } event=53 -> AreaKey { scene: 1, anchor: (400, 344) }
scene 3 -> 1 at frame 1688 position (304, 264)
target scene=1 area=(400, 344) event=18 script=4643 mode=5 state=1 player=(464, 376) pos=(416, 400) path=2
learned targeted exit AreaKey { scene: 1, anchor: (400, 344) } event=18 -> AreaKey { scene: 3, anchor: (160, 112) }
learned exit AreaKey { scene: 1, anchor: (400, 344) } event=18 -> AreaKey { scene: 3, anchor: (160, 112) }
scene 1 -> 3 at frame 1690 position (1088, 1232)
target scene=3 area=(160, 112) event=49 script=6226 mode=5 state=1 player=(1248, 1344) pos=(1280, 1472) path=54
learned exit AreaKey { scene: 3, anchor: (160, 112) } event=53 -> AreaKey { scene: 1, anchor: (400, 344) }
scene 3 -> 1 at frame 1692 position (304, 264)
target scene=1 area=(400, 344) event=18 script=4643 mode=5 state=1 player=(464, 376) pos=(416, 400) path=2
learned targeted exit AreaKey { scene: 1, anchor: (400, 344) } event=18 -> AreaKey { scene: 3, anchor: (160, 112) }
learned exit AreaKey { scene: 1, anchor: (400, 344) } event=18 -> AreaKey { scene: 3, anchor: (160, 112) }
scene 1 -> 3 at frame 1694 position (1088, 1232)
target scene=3 area=(160, 112) event=49 script=6226 mode=5 state=1 player=(1248, 1344) pos=(1280, 1472) path=54
learned exit AreaKey { scene: 3, anchor: (160, 112) } event=53 -> AreaKey { scene: 1, anchor: (400, 344) }
scene 3 -> 1 at frame 1696 position (304, 264)
target scene=1 area=(400, 344) event=18 script=4643 mode=5 state=1 player=(464, 376) pos=(416, 400) path=2
learned targeted exit AreaKey { scene: 1, anchor: (400, 344) } event=18 -> AreaKey { scene: 3, anchor: (160, 112) }
learned exit AreaKey { scene: 1, anchor: (400, 344) } event=18 -> AreaKey { scene: 3, anchor: (160, 112) }
scene 1 -> 3 at frame 1698 position (1088, 1232)
target scene=3 area=(160, 112) event=49 script=6226 mode=5 state=1 player=(1248, 1344) pos=(1280, 1472) path=54
learned exit AreaKey { scene: 3, anchor: (160, 112) } event=53 -> AreaKey { scene: 1, anchor: (400, 344) }
scene 3 -> 1 at frame 1700 position (304, 264)
target scene=1 area=(400, 344) event=18 script=4643 mode=5 state=1 player=(464, 376) pos=(416, 400) path=2
learned targeted exit AreaKey { scene: 1, anchor: (400, 344) } event=18 -> AreaKey { scene: 3, anchor: (160, 112) }
learned exit AreaKey { scene: 1, anchor: (400, 344) } event=18 -> AreaKey { scene: 3, anchor: (160, 112) }
scene 1 -> 3 at frame 1702 position (1088, 1232)
target scene=3 area=(160, 112) event=49 script=6226 mode=5 state=1 player=(1248, 1344) pos=(1280, 1472) path=54
learned exit AreaKey { scene: 3, anchor: (160, 112) } event=53 -> AreaKey { scene: 1, anchor: (400, 344) }
scene 3 -> 1 at frame 1704 position (304, 264)
target scene=1 area=(400, 344) event=18 script=4643 mode=5 state=1 player=(464, 376) pos=(416, 400) path=2
learned targeted exit AreaKey { scene: 1, anchor: (400, 344) } event=18 -> AreaKey { scene: 3, anchor: (160, 112) }
learned exit AreaKey { scene: 1, anchor: (400, 344) } event=18 -> AreaKey { scene: 3, anchor: (160, 112) }
scene 1 -> 3 at frame 1706 position (1088, 1232)
target scene=3 area=(160, 112) event=49 script=6226 mode=5 state=1 player=(1248, 1344) pos=(1280, 1472) path=54
learned exit AreaKey { scene: 3, anchor: (160, 112) } event=53 -> AreaKey { scene: 1, anchor: (400, 344) }
scene 3 -> 1 at frame 1708 position (304, 264)
target scene=1 area=(400, 344) event=18 script=4643 mode=5 state=1 player=(464, 376) pos=(416, 400) path=2
learned targeted exit AreaKey { scene: 1, anchor: (400, 344) } event=18 -> AreaKey { scene: 3, anchor: (160, 112) }
learned exit AreaKey { scene: 1, anchor: (400, 344) } event=18 -> AreaKey { scene: 3, anchor: (160, 112) }
scene 1 -> 3 at frame 1710 position (1088, 1232)
target scene=3 area=(160, 112) event=49 script=6226 mode=5 state=1 player=(1248, 1344) pos=(1280, 1472) path=54
learned exit AreaKey { scene: 3, anchor: (160, 112) } event=53 -> AreaKey { scene: 1, anchor: (400, 344) }
scene 3 -> 1 at frame 1712 position (304, 264)
target scene=1 area=(400, 344) event=18 script=4643 mode=5 state=1 player=(464, 376) pos=(416, 400) path=2
learned targeted exit AreaKey { scene: 1, anchor: (400, 344) } event=18 -> AreaKey { scene: 3, anchor: (160, 112) }
learned exit AreaKey { scene: 1, anchor: (400, 344) } event=18 -> AreaKey { scene: 3, anchor: (160, 112) }
scene 1 -> 3 at frame 1714 position (1088, 1232)
target scene=3 area=(160, 112) event=49 script=6226 mode=5 state=1 player=(1248, 1344) pos=(1280, 1472) path=54
learned exit AreaKey { scene: 3, anchor: (160, 112) } event=53 -> AreaKey { scene: 1, anchor: (400, 344) }
scene 3 -> 1 at frame 1716 position (304, 264)
target scene=1 area=(400, 344) event=18 script=4643 mode=5 state=1 player=(464, 376) pos=(416, 400) path=2
learned targeted exit AreaKey { scene: 1, anchor: (400, 344) } event=18 -> AreaKey { scene: 3, anchor: (160, 112) }
learned exit AreaKey { scene: 1, anchor: (400, 344) } event=18 -> AreaKey { scene: 3, anchor: (160, 112) }
scene 1 -> 3 at frame 1718 position (1088, 1232)
target scene=3 area=(160, 112) event=49 script=6226 mode=5 state=1 player=(1248, 1344) pos=(1280, 1472) path=54
learned exit AreaKey { scene: 3, anchor: (160, 112) } event=53 -> AreaKey { scene: 1, anchor: (400, 344) }
scene 3 -> 1 at frame 1720 position (304, 264)
target scene=1 area=(400, 344) event=18 script=4643 mode=5 state=1 player=(464, 376) pos=(416, 400) path=2
learned targeted exit AreaKey { scene: 1, anchor: (400, 344) } event=18 -> AreaKey { scene: 3, anchor: (160, 112) }
learned exit AreaKey { scene: 1, anchor: (400, 344) } event=18 -> AreaKey { scene: 3, anchor: (160, 112) }
scene 1 -> 3 at frame 1722 position (1088, 1232)
target scene=3 area=(160, 112) event=49 script=6226 mode=5 state=1 player=(1248, 1344) pos=(1280, 1472) path=54
learned exit AreaKey { scene: 3, anchor: (160, 112) } event=53 -> AreaKey { scene: 1, anchor: (400, 344) }
scene 3 -> 1 at frame 1724 position (304, 264)
target scene=1 area=(400, 344) event=18 script=4643 mode=5 state=1 player=(464, 376) pos=(416, 400) path=2
learned targeted exit AreaKey { scene: 1, anchor: (400, 344) } event=18 -> AreaKey { scene: 3, anchor: (160, 112) }
learned exit AreaKey { scene: 1, anchor: (400, 344) } event=18 -> AreaKey { scene: 3, anchor: (160, 112) }
scene 1 -> 3 at frame 1726 position (1088, 1232)
target scene=3 area=(160, 112) event=49 script=6226 mode=5 state=1 player=(1248, 1344) pos=(1280, 1472) path=54
learned exit AreaKey { scene: 3, anchor: (160, 112) } event=53 -> AreaKey { scene: 1, anchor: (400, 344) }
scene 3 -> 1 at frame 1728 position (304, 264)
target scene=1 area=(400, 344) event=18 script=4643 mode=5 state=1 player=(464, 376) pos=(416, 400) path=2
learned targeted exit AreaKey { scene: 1, anchor: (400, 344) } event=18 -> AreaKey { scene: 3, anchor: (160, 112) }
learned exit AreaKey { scene: 1, anchor: (400, 344) } event=18 -> AreaKey { scene: 3, anchor: (160, 112) }
scene 1 -> 3 at frame 1730 position (1088, 1232)
target scene=3 area=(160, 112) event=49 script=6226 mode=5 state=1 player=(1248, 1344) pos=(1280, 1472) path=54
learned exit AreaKey { scene: 3, anchor: (160, 112) } event=53 -> AreaKey { scene: 1, anchor: (400, 344) }
scene 3 -> 1 at frame 1732 position (304, 264)
target scene=1 area=(400, 344) event=18 script=4643 mode=5 state=1 player=(464, 376) pos=(416, 400) path=2
learned targeted exit AreaKey { scene: 1, anchor: (400, 344) } event=18 -> AreaKey { scene: 3, anchor: (160, 112) }
learned exit AreaKey { scene: 1, anchor: (400, 344) } event=18 -> AreaKey { scene: 3, anchor: (160, 112) }
scene 1 -> 3 at frame 1734 position (1088, 1232)
target scene=3 area=(160, 112) event=49 script=6226 mode=5 state=1 player=(1248, 1344) pos=(1280, 1472) path=54
learned exit AreaKey { scene: 3, anchor: (160, 112) } event=53 -> AreaKey { scene: 1, anchor: (400, 344) }
scene 3 -> 1 at frame 1736 position (304, 264)
target scene=1 area=(400, 344) event=18 script=4643 mode=5 state=1 player=(464, 376) pos=(416, 400) path=2
learned targeted exit AreaKey { scene: 1, anchor: (400, 344) } event=18 -> AreaKey { scene: 3, anchor: (160, 112) }
learned exit AreaKey { scene: 1, anchor: (400, 344) } event=18 -> AreaKey { scene: 3, anchor: (160, 112) }
scene 1 -> 3 at frame 1738 position (1088, 1232)
target scene=3 area=(160, 112) event=49 script=6226 mode=5 state=1 player=(1248, 1344) pos=(1280, 1472) path=54
learned exit AreaKey { scene: 3, anchor: (160, 112) } event=53 -> AreaKey { scene: 1, anchor: (400, 344) }
scene 3 -> 1 at frame 1740 position (304, 264)
target scene=1 area=(400, 344) event=18 script=4643 mode=5 state=1 player=(464, 376) pos=(416, 400) path=2
learned targeted exit AreaKey { scene: 1, anchor: (400, 344) } event=18 -> AreaKey { scene: 3, anchor: (160, 112) }
learned exit AreaKey { scene: 1, anchor: (400, 344) } event=18 -> AreaKey { scene: 3, anchor: (160, 112) }
scene 1 -> 3 at frame 1742 position (1088, 1232)
target scene=3 area=(160, 112) event=49 script=6226 mode=5 state=1 player=(1248, 1344) pos=(1280, 1472) path=54
learned exit AreaKey { scene: 3, anchor: (160, 112) } event=53 -> AreaKey { scene: 1, anchor: (400, 344) }
scene 3 -> 1 at frame 1744 position (304, 264)
target scene=1 area=(400, 344) event=18 script=4643 mode=5 state=1 player=(464, 376) pos=(416, 400) path=2
learned targeted exit AreaKey { scene: 1, anchor: (400, 344) } event=18 -> AreaKey { scene: 3, anchor: (160, 112) }
learned exit AreaKey { scene: 1, anchor: (400, 344) } event=18 -> AreaKey { scene: 3, anchor: (160, 112) }
scene 1 -> 3 at frame 1746 position (1088, 1232)
target scene=3 area=(160, 112) event=49 script=6226 mode=5 state=1 player=(1248, 1344) pos=(1280, 1472) path=54
learned exit AreaKey { scene: 3, anchor: (160, 112) } event=53 -> AreaKey { scene: 1, anchor: (400, 344) }
scene 3 -> 1 at frame 1748 position (304, 264)
target scene=1 area=(400, 344) event=18 script=4643 mode=5 state=1 player=(464, 376) pos=(416, 400) path=2
learned targeted exit AreaKey { scene: 1, anchor: (400, 344) } event=18 -> AreaKey { scene: 3, anchor: (160, 112) }
learned exit AreaKey { scene: 1, anchor: (400, 344) } event=18 -> AreaKey { scene: 3, anchor: (160, 112) }
scene 1 -> 3 at frame 1750 position (1088, 1232)
target scene=3 area=(160, 112) event=49 script=6226 mode=5 state=1 player=(1248, 1344) pos=(1280, 1472) path=54
learned exit AreaKey { scene: 3, anchor: (160, 112) } event=53 -> AreaKey { scene: 1, anchor: (400, 344) }
scene 3 -> 1 at frame 1752 position (304, 264)
target scene=1 area=(400, 344) event=18 script=4643 mode=5 state=1 player=(464, 376) pos=(416, 400) path=2
learned targeted exit AreaKey { scene: 1, anchor: (400, 344) } event=18 -> AreaKey { scene: 3, anchor: (160, 112) }
learned exit AreaKey { scene: 1, anchor: (400, 344) } event=18 -> AreaKey { scene: 3, anchor: (160, 112) }
scene 1 -> 3 at frame 1754 position (1088, 1232)
target scene=3 area=(160, 112) event=49 script=6226 mode=5 state=1 player=(1248, 1344) pos=(1280, 1472) path=54
learned exit AreaKey { scene: 3, anchor: (160, 112) } event=53 -> AreaKey { scene: 1, anchor: (400, 344) }
scene 3 -> 1 at frame 1756 position (304, 264)
target scene=1 area=(400, 344) event=18 script=4643 mode=5 state=1 player=(464, 376) pos=(416, 400) path=2
learned targeted exit AreaKey { scene: 1, anchor: (400, 344) } event=18 -> AreaKey { scene: 3, anchor: (160, 112) }
learned exit AreaKey { scene: 1, anchor: (400, 344) } event=18 -> AreaKey { scene: 3, anchor: (160, 112) }
scene 1 -> 3 at frame 1758 position (1088, 1232)
target scene=3 area=(160, 112) event=49 script=6226 mode=5 state=1 player=(1248, 1344) pos=(1280, 1472) path=54
learned exit AreaKey { scene: 3, anchor: (160, 112) } event=53 -> AreaKey { scene: 1, anchor: (400, 344) }
scene 3 -> 1 at frame 1760 position (304, 264)
target scene=1 area=(400, 344) event=18 script=4643 mode=5 state=1 player=(464, 376) pos=(416, 400) path=2
learned targeted exit AreaKey { scene: 1, anchor: (400, 344) } event=18 -> AreaKey { scene: 3, anchor: (160, 112) }
learned exit AreaKey { scene: 1, anchor: (400, 344) } event=18 -> AreaKey { scene: 3, anchor: (160, 112) }
scene 1 -> 3 at frame 1762 position (1088, 1232)
target scene=3 area=(160, 112) event=49 script=6226 mode=5 state=1 player=(1248, 1344) pos=(1280, 1472) path=54
learned exit AreaKey { scene: 3, anchor: (160, 112) } event=53 -> AreaKey { scene: 1, anchor: (400, 344) }
scene 3 -> 1 at frame 1764 position (304, 264)
target scene=1 area=(400, 344) event=18 script=4643 mode=5 state=1 player=(464, 376) pos=(416, 400) path=2
learned targeted exit AreaKey { scene: 1, anchor: (400, 344) } event=18 -> AreaKey { scene: 3, anchor: (160, 112) }
learned exit AreaKey { scene: 1, anchor: (400, 344) } event=18 -> AreaKey { scene: 3, anchor: (160, 112) }
scene 1 -> 3 at frame 1766 position (1088, 1232)
target scene=3 area=(160, 112) event=49 script=6226 mode=5 state=1 player=(1248, 1344) pos=(1280, 1472) path=54
learned exit AreaKey { scene: 3, anchor: (160, 112) } event=53 -> AreaKey { scene: 1, anchor: (400, 344) }
scene 3 -> 1 at frame 1768 position (304, 264)
target scene=1 area=(400, 344) event=18 script=4643 mode=5 state=1 player=(464, 376) pos=(416, 400) path=2
learned targeted exit AreaKey { scene: 1, anchor: (400, 344) } event=18 -> AreaKey { scene: 3, anchor: (160, 112) }
learned exit AreaKey { scene: 1, anchor: (400, 344) } event=18 -> AreaKey { scene: 3, anchor: (160, 112) }
scene 1 -> 3 at frame 1770 position (1088, 1232)
target scene=3 area=(160, 112) event=49 script=6226 mode=5 state=1 player=(1248, 1344) pos=(1280, 1472) path=54
learned exit AreaKey { scene: 3, anchor: (160, 112) } event=53 -> AreaKey { scene: 1, anchor: (400, 344) }
scene 3 -> 1 at frame 1772 position (304, 264)
target scene=1 area=(400, 344) event=18 script=4643 mode=5 state=1 player=(464, 376) pos=(416, 400) path=2
learned targeted exit AreaKey { scene: 1, anchor: (400, 344) } event=18 -> AreaKey { scene: 3, anchor: (160, 112) }
learned exit AreaKey { scene: 1, anchor: (400, 344) } event=18 -> AreaKey { scene: 3, anchor: (160, 112) }
scene 1 -> 3 at frame 1774 position (1088, 1232)
target scene=3 area=(160, 112) event=49 script=6226 mode=5 state=1 player=(1248, 1344) pos=(1280, 1472) path=54
learned exit AreaKey { scene: 3, anchor: (160, 112) } event=53 -> AreaKey { scene: 1, anchor: (400, 344) }
scene 3 -> 1 at frame 1776 position (304, 264)
target scene=1 area=(400, 344) event=18 script=4643 mode=5 state=1 player=(464, 376) pos=(416, 400) path=2
learned targeted exit AreaKey { scene: 1, anchor: (400, 344) } event=18 -> AreaKey { scene: 3, anchor: (160, 112) }
learned exit AreaKey { scene: 1, anchor: (400, 344) } event=18 -> AreaKey { scene: 3, anchor: (160, 112) }
scene 1 -> 3 at frame 1778 position (1088, 1232)
target scene=3 area=(160, 112) event=49 script=6226 mode=5 state=1 player=(1248, 1344) pos=(1280, 1472) path=54
learned exit AreaKey { scene: 3, anchor: (160, 112) } event=53 -> AreaKey { scene: 1, anchor: (400, 344) }
scene 3 -> 1 at frame 1780 position (304, 264)
target scene=1 area=(400, 344) event=18 script=4643 mode=5 state=1 player=(464, 376) pos=(416, 400) path=2
learned targeted exit AreaKey { scene: 1, anchor: (400, 344) } event=18 -> AreaKey { scene: 3, anchor: (160, 112) }
learned exit AreaKey { scene: 1, anchor: (400, 344) } event=18 -> AreaKey { scene: 3, anchor: (160, 112) }
scene 1 -> 3 at frame 1782 position (1088, 1232)
target scene=3 area=(160, 112) event=49 script=6226 mode=5 state=1 player=(1248, 1344) pos=(1280, 1472) path=54
learned exit AreaKey { scene: 3, anchor: (160, 112) } event=53 -> AreaKey { scene: 1, anchor: (400, 344) }
scene 3 -> 1 at frame 1784 position (304, 264)
target scene=1 area=(400, 344) event=18 script=4643 mode=5 state=1 player=(464, 376) pos=(416, 400) path=2
learned targeted exit AreaKey { scene: 1, anchor: (400, 344) } event=18 -> AreaKey { scene: 3, anchor: (160, 112) }
learned exit AreaKey { scene: 1, anchor: (400, 344) } event=18 -> AreaKey { scene: 3, anchor: (160, 112) }
scene 1 -> 3 at frame 1786 position (1088, 1232)
target scene=3 area=(160, 112) event=49 script=6226 mode=5 state=1 player=(1248, 1344) pos=(1280, 1472) path=54
learned exit AreaKey { scene: 3, anchor: (160, 112) } event=53 -> AreaKey { scene: 1, anchor: (400, 344) }
scene 3 -> 1 at frame 1788 position (304, 264)
target scene=1 area=(400, 344) event=18 script=4643 mode=5 state=1 player=(464, 376) pos=(416, 400) path=2
learned targeted exit AreaKey { scene: 1, anchor: (400, 344) } event=18 -> AreaKey { scene: 3, anchor: (160, 112) }
learned exit AreaKey { scene: 1, anchor: (400, 344) } event=18 -> AreaKey { scene: 3, anchor: (160, 112) }
scene 1 -> 3 at frame 1790 position (1088, 1232)
target scene=3 area=(160, 112) event=49 script=6226 mode=5 state=1 player=(1248, 1344) pos=(1280, 1472) path=54
learned exit AreaKey { scene: 3, anchor: (160, 112) } event=53 -> AreaKey { scene: 1, anchor: (400, 344) }
scene 3 -> 1 at frame 1792 position (304, 264)
target scene=1 area=(400, 344) event=18 script=4643 mode=5 state=1 player=(464, 376) pos=(416, 400) path=2
learned targeted exit AreaKey { scene: 1, anchor: (400, 344) } event=18 -> AreaKey { scene: 3, anchor: (160, 112) }
learned exit AreaKey { scene: 1, anchor: (400, 344) } event=18 -> AreaKey { scene: 3, anchor: (160, 112) }
scene 1 -> 3 at frame 1794 position (1088, 1232)
target scene=3 area=(160, 112) event=49 script=6226 mode=5 state=1 player=(1248, 1344) pos=(1280, 1472) path=54
learned exit AreaKey { scene: 3, anchor: (160, 112) } event=53 -> AreaKey { scene: 1, anchor: (400, 344) }
scene 3 -> 1 at frame 1796 position (304, 264)
target scene=1 area=(400, 344) event=18 script=4643 mode=5 state=1 player=(464, 376) pos=(416, 400) path=2
learned targeted exit AreaKey { scene: 1, anchor: (400, 344) } event=18 -> AreaKey { scene: 3, anchor: (160, 112) }
learned exit AreaKey { scene: 1, anchor: (400, 344) } event=18 -> AreaKey { scene: 3, anchor: (160, 112) }
scene 1 -> 3 at frame 1798 position (1088, 1232)
target scene=3 area=(160, 112) event=49 script=6226 mode=5 state=1 player=(1248, 1344) pos=(1280, 1472) path=54
learned exit AreaKey { scene: 3, anchor: (160, 112) } event=53 -> AreaKey { scene: 1, anchor: (400, 344) }
scene 3 -> 1 at frame 1800 position (304, 264)
target scene=1 area=(400, 344) event=18 script=4643 mode=5 state=1 player=(464, 376) pos=(416, 400) path=2
learned targeted exit AreaKey { scene: 1, anchor: (400, 344) } event=18 -> AreaKey { scene: 3, anchor: (160, 112) }
learned exit AreaKey { scene: 1, anchor: (400, 344) } event=18 -> AreaKey { scene: 3, anchor: (160, 112) }
scene 1 -> 3 at frame 1802 position (1088, 1232)
target scene=3 area=(160, 112) event=49 script=6226 mode=5 state=1 player=(1248, 1344) pos=(1280, 1472) path=54
learned exit AreaKey { scene: 3, anchor: (160, 112) } event=53 -> AreaKey { scene: 1, anchor: (400, 344) }
scene 3 -> 1 at frame 1804 position (304, 264)
target scene=1 area=(400, 344) event=18 script=4643 mode=5 state=1 player=(464, 376) pos=(416, 400) path=2
learned targeted exit AreaKey { scene: 1, anchor: (400, 344) } event=18 -> AreaKey { scene: 3, anchor: (160, 112) }
learned exit AreaKey { scene: 1, anchor: (400, 344) } event=18 -> AreaKey { scene: 3, anchor: (160, 112) }
scene 1 -> 3 at frame 1806 position (1088, 1232)
target scene=3 area=(160, 112) event=49 script=6226 mode=5 state=1 player=(1248, 1344) pos=(1280, 1472) path=54
learned exit AreaKey { scene: 3, anchor: (160, 112) } event=53 -> AreaKey { scene: 1, anchor: (400, 344) }
scene 3 -> 1 at frame 1808 position (304, 264)
target scene=1 area=(400, 344) event=18 script=4643 mode=5 state=1 player=(464, 376) pos=(416, 400) path=2
learned targeted exit AreaKey { scene: 1, anchor: (400, 344) } event=18 -> AreaKey { scene: 3, anchor: (160, 112) }
learned exit AreaKey { scene: 1, anchor: (400, 344) } event=18 -> AreaKey { scene: 3, anchor: (160, 112) }
scene 1 -> 3 at frame 1810 position (1088, 1232)
target scene=3 area=(160, 112) event=49 script=6226 mode=5 state=1 player=(1248, 1344) pos=(1280, 1472) path=54
learned exit AreaKey { scene: 3, anchor: (160, 112) } event=53 -> AreaKey { scene: 1, anchor: (400, 344) }
scene 3 -> 1 at frame 1812 position (304, 264)
target scene=1 area=(400, 344) event=18 script=4643 mode=5 state=1 player=(464, 376) pos=(416, 400) path=2
learned targeted exit AreaKey { scene: 1, anchor: (400, 344) } event=18 -> AreaKey { scene: 3, anchor: (160, 112) }
learned exit AreaKey { scene: 1, anchor: (400, 344) } event=18 -> AreaKey { scene: 3, anchor: (160, 112) }
scene 1 -> 3 at frame 1814 position (1088, 1232)
target scene=3 area=(160, 112) event=49 script=6226 mode=5 state=1 player=(1248, 1344) pos=(1280, 1472) path=54
learned exit AreaKey { scene: 3, anchor: (160, 112) } event=53 -> AreaKey { scene: 1, anchor: (400, 344) }
scene 3 -> 1 at frame 1816 position (304, 264)
target scene=1 area=(400, 344) event=18 script=4643 mode=5 state=1 player=(464, 376) pos=(416, 400) path=2
learned targeted exit AreaKey { scene: 1, anchor: (400, 344) } event=18 -> AreaKey { scene: 3, anchor: (160, 112) }
learned exit AreaKey { scene: 1, anchor: (400, 344) } event=18 -> AreaKey { scene: 3, anchor: (160, 112) }
scene 1 -> 3 at frame 1818 position (1088, 1232)
target scene=3 area=(160, 112) event=49 script=6226 mode=5 state=1 player=(1248, 1344) pos=(1280, 1472) path=54
learned exit AreaKey { scene: 3, anchor: (160, 112) } event=53 -> AreaKey { scene: 1, anchor: (400, 344) }
scene 3 -> 1 at frame 1820 position (304, 264)
target scene=1 area=(400, 344) event=18 script=4643 mode=5 state=1 player=(464, 376) pos=(416, 400) path=2
learned targeted exit AreaKey { scene: 1, anchor: (400, 344) } event=18 -> AreaKey { scene: 3, anchor: (160, 112) }
learned exit AreaKey { scene: 1, anchor: (400, 344) } event=18 -> AreaKey { scene: 3, anchor: (160, 112) }
scene 1 -> 3 at frame 1822 position (1088, 1232)
target scene=3 area=(160, 112) event=49 script=6226 mode=5 state=1 player=(1248, 1344) pos=(1280, 1472) path=54
learned exit AreaKey { scene: 3, anchor: (160, 112) } event=53 -> AreaKey { scene: 1, anchor: (400, 344) }
scene 3 -> 1 at frame 1824 position (304, 264)
target scene=1 area=(400, 344) event=18 script=4643 mode=5 state=1 player=(464, 376) pos=(416, 400) path=2
learned targeted exit AreaKey { scene: 1, anchor: (400, 344) } event=18 -> AreaKey { scene: 3, anchor: (160, 112) }
learned exit AreaKey { scene: 1, anchor: (400, 344) } event=18 -> AreaKey { scene: 3, anchor: (160, 112) }
scene 1 -> 3 at frame 1826 position (1088, 1232)
target scene=3 area=(160, 112) event=49 script=6226 mode=5 state=1 player=(1248, 1344) pos=(1280, 1472) path=54
learned exit AreaKey { scene: 3, anchor: (160, 112) } event=53 -> AreaKey { scene: 1, anchor: (400, 344) }
scene 3 -> 1 at frame 1828 position (304, 264)
target scene=1 area=(400, 344) event=18 script=4643 mode=5 state=1 player=(464, 376) pos=(416, 400) path=2
learned targeted exit AreaKey { scene: 1, anchor: (400, 344) } event=18 -> AreaKey { scene: 3, anchor: (160, 112) }
learned exit AreaKey { scene: 1, anchor: (400, 344) } event=18 -> AreaKey { scene: 3, anchor: (160, 112) }
scene 1 -> 3 at frame 1830 position (1088, 1232)
target scene=3 area=(160, 112) event=49 script=6226 mode=5 state=1 player=(1248, 1344) pos=(1280, 1472) path=54
learned exit AreaKey { scene: 3, anchor: (160, 112) } event=53 -> AreaKey { scene: 1, anchor: (400, 344) }
scene 3 -> 1 at frame 1832 position (304, 264)
target scene=1 area=(400, 344) event=18 script=4643 mode=5 state=1 player=(464, 376) pos=(416, 400) path=2
learned targeted exit AreaKey { scene: 1, anchor: (400, 344) } event=18 -> AreaKey { scene: 3, anchor: (160, 112) }
learned exit AreaKey { scene: 1, anchor: (400, 344) } event=18 -> AreaKey { scene: 3, anchor: (160, 112) }
scene 1 -> 3 at frame 1834 position (1088, 1232)
target scene=3 area=(160, 112) event=49 script=6226 mode=5 state=1 player=(1248, 1344) pos=(1280, 1472) path=54
learned exit AreaKey { scene: 3, anchor: (160, 112) } event=53 -> AreaKey { scene: 1, anchor: (400, 344) }
scene 3 -> 1 at frame 1836 position (304, 264)
target scene=1 area=(400, 344) event=18 script=4643 mode=5 state=1 player=(464, 376) pos=(416, 400) path=2
learned targeted exit AreaKey { scene: 1, anchor: (400, 344) } event=18 -> AreaKey { scene: 3, anchor: (160, 112) }
learned exit AreaKey { scene: 1, anchor: (400, 344) } event=18 -> AreaKey { scene: 3, anchor: (160, 112) }
scene 1 -> 3 at frame 1838 position (1088, 1232)
target scene=3 area=(160, 112) event=49 script=6226 mode=5 state=1 player=(1248, 1344) pos=(1280, 1472) path=54
learned exit AreaKey { scene: 3, anchor: (160, 112) } event=53 -> AreaKey { scene: 1, anchor: (400, 344) }
scene 3 -> 1 at frame 1840 position (304, 264)
target scene=1 area=(400, 344) event=18 script=4643 mode=5 state=1 player=(464, 376) pos=(416, 400) path=2
learned targeted exit AreaKey { scene: 1, anchor: (400, 344) } event=18 -> AreaKey { scene: 3, anchor: (160, 112) }
learned exit AreaKey { scene: 1, anchor: (400, 344) } event=18 -> AreaKey { scene: 3, anchor: (160, 112) }
scene 1 -> 3 at frame 1842 position (1088, 1232)
target scene=3 area=(160, 112) event=49 script=6226 mode=5 state=1 player=(1248, 1344) pos=(1280, 1472) path=54
learned exit AreaKey { scene: 3, anchor: (160, 112) } event=53 -> AreaKey { scene: 1, anchor: (400, 344) }
scene 3 -> 1 at frame 1844 position (304, 264)
target scene=1 area=(400, 344) event=18 script=4643 mode=5 state=1 player=(464, 376) pos=(416, 400) path=2
learned targeted exit AreaKey { scene: 1, anchor: (400, 344) } event=18 -> AreaKey { scene: 3, anchor: (160, 112) }
learned exit AreaKey { scene: 1, anchor: (400, 344) } event=18 -> AreaKey { scene: 3, anchor: (160, 112) }
scene 1 -> 3 at frame 1846 position (1088, 1232)
target scene=3 area=(160, 112) event=49 script=6226 mode=5 state=1 player=(1248, 1344) pos=(1280, 1472) path=54
learned exit AreaKey { scene: 3, anchor: (160, 112) } event=53 -> AreaKey { scene: 1, anchor: (400, 344) }
scene 3 -> 1 at frame 1848 position (304, 264)
target scene=1 area=(400, 344) event=18 script=4643 mode=5 state=1 player=(464, 376) pos=(416, 400) path=2
learned targeted exit AreaKey { scene: 1, anchor: (400, 344) } event=18 -> AreaKey { scene: 3, anchor: (160, 112) }
learned exit AreaKey { scene: 1, anchor: (400, 344) } event=18 -> AreaKey { scene: 3, anchor: (160, 112) }
scene 1 -> 3 at frame 1850 position (1088, 1232)
target scene=3 area=(160, 112) event=49 script=6226 mode=5 state=1 player=(1248, 1344) pos=(1280, 1472) path=54
learned exit AreaKey { scene: 3, anchor: (160, 112) } event=53 -> AreaKey { scene: 1, anchor: (400, 344) }
scene 3 -> 1 at frame 1852 position (304, 264)
target scene=1 area=(400, 344) event=18 script=4643 mode=5 state=1 player=(464, 376) pos=(416, 400) path=2
learned targeted exit AreaKey { scene: 1, anchor: (400, 344) } event=18 -> AreaKey { scene: 3, anchor: (160, 112) }
learned exit AreaKey { scene: 1, anchor: (400, 344) } event=18 -> AreaKey { scene: 3, anchor: (160, 112) }
scene 1 -> 3 at frame 1854 position (1088, 1232)
target scene=3 area=(160, 112) event=49 script=6226 mode=5 state=1 player=(1248, 1344) pos=(1280, 1472) path=54
learned exit AreaKey { scene: 3, anchor: (160, 112) } event=53 -> AreaKey { scene: 1, anchor: (400, 344) }
scene 3 -> 1 at frame 1856 position (304, 264)
target scene=1 area=(400, 344) event=18 script=4643 mode=5 state=1 player=(464, 376) pos=(416, 400) path=2
learned targeted exit AreaKey { scene: 1, anchor: (400, 344) } event=18 -> AreaKey { scene: 3, anchor: (160, 112) }
learned exit AreaKey { scene: 1, anchor: (400, 344) } event=18 -> AreaKey { scene: 3, anchor: (160, 112) }
scene 1 -> 3 at frame 1858 position (1088, 1232)
target scene=3 area=(160, 112) event=49 script=6226 mode=5 state=1 player=(1248, 1344) pos=(1280, 1472) path=54
learned exit AreaKey { scene: 3, anchor: (160, 112) } event=53 -> AreaKey { scene: 1, anchor: (400, 344) }
scene 3 -> 1 at frame 1860 position (304, 264)
target scene=1 area=(400, 344) event=18 script=4643 mode=5 state=1 player=(464, 376) pos=(416, 400) path=2
learned targeted exit AreaKey { scene: 1, anchor: (400, 344) } event=18 -> AreaKey { scene: 3, anchor: (160, 112) }
learned exit AreaKey { scene: 1, anchor: (400, 344) } event=18 -> AreaKey { scene: 3, anchor: (160, 112) }
scene 1 -> 3 at frame 1862 position (1088, 1232)
target scene=3 area=(160, 112) event=49 script=6226 mode=5 state=1 player=(1248, 1344) pos=(1280, 1472) path=54
learned exit AreaKey { scene: 3, anchor: (160, 112) } event=53 -> AreaKey { scene: 1, anchor: (400, 344) }
scene 3 -> 1 at frame 1864 position (304, 264)
target scene=1 area=(400, 344) event=18 script=4643 mode=5 state=1 player=(464, 376) pos=(416, 400) path=2
learned targeted exit AreaKey { scene: 1, anchor: (400, 344) } event=18 -> AreaKey { scene: 3, anchor: (160, 112) }
learned exit AreaKey { scene: 1, anchor: (400, 344) } event=18 -> AreaKey { scene: 3, anchor: (160, 112) }
scene 1 -> 3 at frame 1866 position (1088, 1232)
target scene=3 area=(160, 112) event=49 script=6226 mode=5 state=1 player=(1248, 1344) pos=(1280, 1472) path=54
learned exit AreaKey { scene: 3, anchor: (160, 112) } event=53 -> AreaKey { scene: 1, anchor: (400, 344) }
scene 3 -> 1 at frame 1868 position (304, 264)
target scene=1 area=(400, 344) event=18 script=4643 mode=5 state=1 player=(464, 376) pos=(416, 400) path=2
learned targeted exit AreaKey { scene: 1, anchor: (400, 344) } event=18 -> AreaKey { scene: 3, anchor: (160, 112) }
learned exit AreaKey { scene: 1, anchor: (400, 344) } event=18 -> AreaKey { scene: 3, anchor: (160, 112) }
scene 1 -> 3 at frame 1870 position (1088, 1232)
target scene=3 area=(160, 112) event=49 script=6226 mode=5 state=1 player=(1248, 1344) pos=(1280, 1472) path=54
learned exit AreaKey { scene: 3, anchor: (160, 112) } event=53 -> AreaKey { scene: 1, anchor: (400, 344) }
scene 3 -> 1 at frame 1872 position (304, 264)
target scene=1 area=(400, 344) event=18 script=4643 mode=5 state=1 player=(464, 376) pos=(416, 400) path=2
learned targeted exit AreaKey { scene: 1, anchor: (400, 344) } event=18 -> AreaKey { scene: 3, anchor: (160, 112) }
learned exit AreaKey { scene: 1, anchor: (400, 344) } event=18 -> AreaKey { scene: 3, anchor: (160, 112) }
scene 1 -> 3 at frame 1874 position (1088, 1232)
target scene=3 area=(160, 112) event=49 script=6226 mode=5 state=1 player=(1248, 1344) pos=(1280, 1472) path=54
learned exit AreaKey { scene: 3, anchor: (160, 112) } event=53 -> AreaKey { scene: 1, anchor: (400, 344) }
scene 3 -> 1 at frame 1876 position (304, 264)
target scene=1 area=(400, 344) event=18 script=4643 mode=5 state=1 player=(464, 376) pos=(416, 400) path=2
learned targeted exit AreaKey { scene: 1, anchor: (400, 344) } event=18 -> AreaKey { scene: 3, anchor: (160, 112) }
learned exit AreaKey { scene: 1, anchor: (400, 344) } event=18 -> AreaKey { scene: 3, anchor: (160, 112) }
scene 1 -> 3 at frame 1878 position (1088, 1232)
target scene=3 area=(160, 112) event=49 script=6226 mode=5 state=1 player=(1248, 1344) pos=(1280, 1472) path=54
learned exit AreaKey { scene: 3, anchor: (160, 112) } event=53 -> AreaKey { scene: 1, anchor: (400, 344) }
scene 3 -> 1 at frame 1880 position (304, 264)
target scene=1 area=(400, 344) event=18 script=4643 mode=5 state=1 player=(464, 376) pos=(416, 400) path=2
learned targeted exit AreaKey { scene: 1, anchor: (400, 344) } event=18 -> AreaKey { scene: 3, anchor: (160, 112) }
learned exit AreaKey { scene: 1, anchor: (400, 344) } event=18 -> AreaKey { scene: 3, anchor: (160, 112) }
scene 1 -> 3 at frame 1882 position (1088, 1232)
target scene=3 area=(160, 112) event=49 script=6226 mode=5 state=1 player=(1248, 1344) pos=(1280, 1472) path=54
learned exit AreaKey { scene: 3, anchor: (160, 112) } event=53 -> AreaKey { scene: 1, anchor: (400, 344) }
scene 3 -> 1 at frame 1884 position (304, 264)
target scene=1 area=(400, 344) event=18 script=4643 mode=5 state=1 player=(464, 376) pos=(416, 400) path=2
learned targeted exit AreaKey { scene: 1, anchor: (400, 344) } event=18 -> AreaKey { scene: 3, anchor: (160, 112) }
learned exit AreaKey { scene: 1, anchor: (400, 344) } event=18 -> AreaKey { scene: 3, anchor: (160, 112) }
scene 1 -> 3 at frame 1886 position (1088, 1232)
target scene=3 area=(160, 112) event=49 script=6226 mode=5 state=1 player=(1248, 1344) pos=(1280, 1472) path=54
learned exit AreaKey { scene: 3, anchor: (160, 112) } event=53 -> AreaKey { scene: 1, anchor: (400, 344) }
scene 3 -> 1 at frame 1888 position (304, 264)
target scene=1 area=(400, 344) event=18 script=4643 mode=5 state=1 player=(464, 376) pos=(416, 400) path=2
learned targeted exit AreaKey { scene: 1, anchor: (400, 344) } event=18 -> AreaKey { scene: 3, anchor: (160, 112) }
learned exit AreaKey { scene: 1, anchor: (400, 344) } event=18 -> AreaKey { scene: 3, anchor: (160, 112) }
scene 1 -> 3 at frame 1890 position (1088, 1232)
target scene=3 area=(160, 112) event=49 script=6226 mode=5 state=1 player=(1248, 1344) pos=(1280, 1472) path=54
learned exit AreaKey { scene: 3, anchor: (160, 112) } event=53 -> AreaKey { scene: 1, anchor: (400, 344) }
scene 3 -> 1 at frame 1892 position (304, 264)
target scene=1 area=(400, 344) event=18 script=4643 mode=5 state=1 player=(464, 376) pos=(416, 400) path=2
learned targeted exit AreaKey { scene: 1, anchor: (400, 344) } event=18 -> AreaKey { scene: 3, anchor: (160, 112) }
learned exit AreaKey { scene: 1, anchor: (400, 344) } event=18 -> AreaKey { scene: 3, anchor: (160, 112) }
scene 1 -> 3 at frame 1894 position (1088, 1232)
target scene=3 area=(160, 112) event=49 script=6226 mode=5 state=1 player=(1248, 1344) pos=(1280, 1472) path=54
learned exit AreaKey { scene: 3, anchor: (160, 112) } event=53 -> AreaKey { scene: 1, anchor: (400, 344) }
scene 3 -> 1 at frame 1896 position (304, 264)
target scene=1 area=(400, 344) event=18 script=4643 mode=5 state=1 player=(464, 376) pos=(416, 400) path=2
learned targeted exit AreaKey { scene: 1, anchor: (400, 344) } event=18 -> AreaKey { scene: 3, anchor: (160, 112) }
learned exit AreaKey { scene: 1, anchor: (400, 344) } event=18 -> AreaKey { scene: 3, anchor: (160, 112) }
scene 1 -> 3 at frame 1898 position (1088, 1232)
target scene=3 area=(160, 112) event=49 script=6226 mode=5 state=1 player=(1248, 1344) pos=(1280, 1472) path=54
learned exit AreaKey { scene: 3, anchor: (160, 112) } event=53 -> AreaKey { scene: 1, anchor: (400, 344) }
scene 3 -> 1 at frame 1900 position (304, 264)
target scene=1 area=(400, 344) event=18 script=4643 mode=5 state=1 player=(464, 376) pos=(416, 400) path=2
learned targeted exit AreaKey { scene: 1, anchor: (400, 344) } event=18 -> AreaKey { scene: 3, anchor: (160, 112) }
learned exit AreaKey { scene: 1, anchor: (400, 344) } event=18 -> AreaKey { scene: 3, anchor: (160, 112) }
scene 1 -> 3 at frame 1902 position (1088, 1232)
target scene=3 area=(160, 112) event=49 script=6226 mode=5 state=1 player=(1248, 1344) pos=(1280, 1472) path=54
learned exit AreaKey { scene: 3, anchor: (160, 112) } event=53 -> AreaKey { scene: 1, anchor: (400, 344) }
scene 3 -> 1 at frame 1904 position (304, 264)
target scene=1 area=(400, 344) event=18 script=4643 mode=5 state=1 player=(464, 376) pos=(416, 400) path=2
learned targeted exit AreaKey { scene: 1, anchor: (400, 344) } event=18 -> AreaKey { scene: 3, anchor: (160, 112) }
learned exit AreaKey { scene: 1, anchor: (400, 344) } event=18 -> AreaKey { scene: 3, anchor: (160, 112) }
scene 1 -> 3 at frame 1906 position (1088, 1232)
target scene=3 area=(160, 112) event=49 script=6226 mode=5 state=1 player=(1248, 1344) pos=(1280, 1472) path=54
learned exit AreaKey { scene: 3, anchor: (160, 112) } event=53 -> AreaKey { scene: 1, anchor: (400, 344) }
scene 3 -> 1 at frame 1908 position (304, 264)
target scene=1 area=(400, 344) event=18 script=4643 mode=5 state=1 player=(464, 376) pos=(416, 400) path=2
learned targeted exit AreaKey { scene: 1, anchor: (400, 344) } event=18 -> AreaKey { scene: 3, anchor: (160, 112) }
learned exit AreaKey { scene: 1, anchor: (400, 344) } event=18 -> AreaKey { scene: 3, anchor: (160, 112) }
scene 1 -> 3 at frame 1910 position (1088, 1232)
target scene=3 area=(160, 112) event=49 script=6226 mode=5 state=1 player=(1248, 1344) pos=(1280, 1472) path=54
learned exit AreaKey { scene: 3, anchor: (160, 112) } event=53 -> AreaKey { scene: 1, anchor: (400, 344) }
scene 3 -> 1 at frame 1912 position (304, 264)
target scene=1 area=(400, 344) event=18 script=4643 mode=5 state=1 player=(464, 376) pos=(416, 400) path=2
learned targeted exit AreaKey { scene: 1, anchor: (400, 344) } event=18 -> AreaKey { scene: 3, anchor: (160, 112) }
learned exit AreaKey { scene: 1, anchor: (400, 344) } event=18 -> AreaKey { scene: 3, anchor: (160, 112) }
scene 1 -> 3 at frame 1914 position (1088, 1232)
target scene=3 area=(160, 112) event=49 script=6226 mode=5 state=1 player=(1248, 1344) pos=(1280, 1472) path=54
learned exit AreaKey { scene: 3, anchor: (160, 112) } event=53 -> AreaKey { scene: 1, anchor: (400, 344) }
scene 3 -> 1 at frame 1916 position (304, 264)
target scene=1 area=(400, 344) event=18 script=4643 mode=5 state=1 player=(464, 376) pos=(416, 400) path=2
learned targeted exit AreaKey { scene: 1, anchor: (400, 344) } event=18 -> AreaKey { scene: 3, anchor: (160, 112) }
learned exit AreaKey { scene: 1, anchor: (400, 344) } event=18 -> AreaKey { scene: 3, anchor: (160, 112) }
scene 1 -> 3 at frame 1918 position (1088, 1232)
target scene=3 area=(160, 112) event=49 script=6226 mode=5 state=1 player=(1248, 1344) pos=(1280, 1472) path=54
learned exit AreaKey { scene: 3, anchor: (160, 112) } event=53 -> AreaKey { scene: 1, anchor: (400, 344) }
scene 3 -> 1 at frame 1920 position (304, 264)
target scene=1 area=(400, 344) event=18 script=4643 mode=5 state=1 player=(464, 376) pos=(416, 400) path=2
learned targeted exit AreaKey { scene: 1, anchor: (400, 344) } event=18 -> AreaKey { scene: 3, anchor: (160, 112) }
learned exit AreaKey { scene: 1, anchor: (400, 344) } event=18 -> AreaKey { scene: 3, anchor: (160, 112) }
scene 1 -> 3 at frame 1922 position (1088, 1232)
target scene=3 area=(160, 112) event=49 script=6226 mode=5 state=1 player=(1248, 1344) pos=(1280, 1472) path=54
learned exit AreaKey { scene: 3, anchor: (160, 112) } event=53 -> AreaKey { scene: 1, anchor: (400, 344) }
scene 3 -> 1 at frame 1924 position (304, 264)
target scene=1 area=(400, 344) event=18 script=4643 mode=5 state=1 player=(464, 376) pos=(416, 400) path=2
learned targeted exit AreaKey { scene: 1, anchor: (400, 344) } event=18 -> AreaKey { scene: 3, anchor: (160, 112) }
learned exit AreaKey { scene: 1, anchor: (400, 344) } event=18 -> AreaKey { scene: 3, anchor: (160, 112) }
scene 1 -> 3 at frame 1926 position (1088, 1232)
target scene=3 area=(160, 112) event=49 script=6226 mode=5 state=1 player=(1248, 1344) pos=(1280, 1472) path=54
learned exit AreaKey { scene: 3, anchor: (160, 112) } event=53 -> AreaKey { scene: 1, anchor: (400, 344) }
scene 3 -> 1 at frame 1928 position (304, 264)
target scene=1 area=(400, 344) event=18 script=4643 mode=5 state=1 player=(464, 376) pos=(416, 400) path=2
learned targeted exit AreaKey { scene: 1, anchor: (400, 344) } event=18 -> AreaKey { scene: 3, anchor: (160, 112) }
learned exit AreaKey { scene: 1, anchor: (400, 344) } event=18 -> AreaKey { scene: 3, anchor: (160, 112) }
scene 1 -> 3 at frame 1930 position (1088, 1232)
target scene=3 area=(160, 112) event=49 script=6226 mode=5 state=1 player=(1248, 1344) pos=(1280, 1472) path=54
learned exit AreaKey { scene: 3, anchor: (160, 112) } event=53 -> AreaKey { scene: 1, anchor: (400, 344) }
scene 3 -> 1 at frame 1932 position (304, 264)
target scene=1 area=(400, 344) event=18 script=4643 mode=5 state=1 player=(464, 376) pos=(416, 400) path=2
learned targeted exit AreaKey { scene: 1, anchor: (400, 344) } event=18 -> AreaKey { scene: 3, anchor: (160, 112) }
learned exit AreaKey { scene: 1, anchor: (400, 344) } event=18 -> AreaKey { scene: 3, anchor: (160, 112) }
scene 1 -> 3 at frame 1934 position (1088, 1232)
target scene=3 area=(160, 112) event=49 script=6226 mode=5 state=1 player=(1248, 1344) pos=(1280, 1472) path=54
learned exit AreaKey { scene: 3, anchor: (160, 112) } event=53 -> AreaKey { scene: 1, anchor: (400, 344) }
scene 3 -> 1 at frame 1936 position (304, 264)
target scene=1 area=(400, 344) event=18 script=4643 mode=5 state=1 player=(464, 376) pos=(416, 400) path=2
learned targeted exit AreaKey { scene: 1, anchor: (400, 344) } event=18 -> AreaKey { scene: 3, anchor: (160, 112) }
learned exit AreaKey { scene: 1, anchor: (400, 344) } event=18 -> AreaKey { scene: 3, anchor: (160, 112) }
scene 1 -> 3 at frame 1938 position (1088, 1232)
target scene=3 area=(160, 112) event=49 script=6226 mode=5 state=1 player=(1248, 1344) pos=(1280, 1472) path=54
learned exit AreaKey { scene: 3, anchor: (160, 112) } event=53 -> AreaKey { scene: 1, anchor: (400, 344) }
scene 3 -> 1 at frame 1940 position (304, 264)
target scene=1 area=(400, 344) event=18 script=4643 mode=5 state=1 player=(464, 376) pos=(416, 400) path=2
learned targeted exit AreaKey { scene: 1, anchor: (400, 344) } event=18 -> AreaKey { scene: 3, anchor: (160, 112) }
learned exit AreaKey { scene: 1, anchor: (400, 344) } event=18 -> AreaKey { scene: 3, anchor: (160, 112) }
scene 1 -> 3 at frame 1942 position (1088, 1232)
target scene=3 area=(160, 112) event=49 script=6226 mode=5 state=1 player=(1248, 1344) pos=(1280, 1472) path=54
learned exit AreaKey { scene: 3, anchor: (160, 112) } event=53 -> AreaKey { scene: 1, anchor: (400, 344) }
scene 3 -> 1 at frame 1944 position (304, 264)
target scene=1 area=(400, 344) event=18 script=4643 mode=5 state=1 player=(464, 376) pos=(416, 400) path=2
learned targeted exit AreaKey { scene: 1, anchor: (400, 344) } event=18 -> AreaKey { scene: 3, anchor: (160, 112) }
learned exit AreaKey { scene: 1, anchor: (400, 344) } event=18 -> AreaKey { scene: 3, anchor: (160, 112) }
scene 1 -> 3 at frame 1946 position (1088, 1232)
target scene=3 area=(160, 112) event=49 script=6226 mode=5 state=1 player=(1248, 1344) pos=(1280, 1472) path=54
learned exit AreaKey { scene: 3, anchor: (160, 112) } event=53 -> AreaKey { scene: 1, anchor: (400, 344) }
scene 3 -> 1 at frame 1948 position (304, 264)
target scene=1 area=(400, 344) event=18 script=4643 mode=5 state=1 player=(464, 376) pos=(416, 400) path=2
learned targeted exit AreaKey { scene: 1, anchor: (400, 344) } event=18 -> AreaKey { scene: 3, anchor: (160, 112) }
learned exit AreaKey { scene: 1, anchor: (400, 344) } event=18 -> AreaKey { scene: 3, anchor: (160, 112) }
scene 1 -> 3 at frame 1950 position (1088, 1232)
target scene=3 area=(160, 112) event=49 script=6226 mode=5 state=1 player=(1248, 1344) pos=(1280, 1472) path=54
learned exit AreaKey { scene: 3, anchor: (160, 112) } event=53 -> AreaKey { scene: 1, anchor: (400, 344) }
scene 3 -> 1 at frame 1952 position (304, 264)
target scene=1 area=(400, 344) event=18 script=4643 mode=5 state=1 player=(464, 376) pos=(416, 400) path=2
learned targeted exit AreaKey { scene: 1, anchor: (400, 344) } event=18 -> AreaKey { scene: 3, anchor: (160, 112) }
learned exit AreaKey { scene: 1, anchor: (400, 344) } event=18 -> AreaKey { scene: 3, anchor: (160, 112) }
scene 1 -> 3 at frame 1954 position (1088, 1232)
target scene=3 area=(160, 112) event=49 script=6226 mode=5 state=1 player=(1248, 1344) pos=(1280, 1472) path=54
learned exit AreaKey { scene: 3, anchor: (160, 112) } event=53 -> AreaKey { scene: 1, anchor: (400, 344) }
scene 3 -> 1 at frame 1956 position (304, 264)
target scene=1 area=(400, 344) event=18 script=4643 mode=5 state=1 player=(464, 376) pos=(416, 400) path=2
learned targeted exit AreaKey { scene: 1, anchor: (400, 344) } event=18 -> AreaKey { scene: 3, anchor: (160, 112) }
learned exit AreaKey { scene: 1, anchor: (400, 344) } event=18 -> AreaKey { scene: 3, anchor: (160, 112) }
scene 1 -> 3 at frame 1958 position (1088, 1232)
target scene=3 area=(160, 112) event=49 script=6226 mode=5 state=1 player=(1248, 1344) pos=(1280, 1472) path=54
learned exit AreaKey { scene: 3, anchor: (160, 112) } event=53 -> AreaKey { scene: 1, anchor: (400, 344) }
scene 3 -> 1 at frame 1960 position (304, 264)
target scene=1 area=(400, 344) event=18 script=4643 mode=5 state=1 player=(464, 376) pos=(416, 400) path=2
learned targeted exit AreaKey { scene: 1, anchor: (400, 344) } event=18 -> AreaKey { scene: 3, anchor: (160, 112) }
learned exit AreaKey { scene: 1, anchor: (400, 344) } event=18 -> AreaKey { scene: 3, anchor: (160, 112) }
scene 1 -> 3 at frame 1962 position (1088, 1232)
target scene=3 area=(160, 112) event=49 script=6226 mode=5 state=1 player=(1248, 1344) pos=(1280, 1472) path=54
learned exit AreaKey { scene: 3, anchor: (160, 112) } event=53 -> AreaKey { scene: 1, anchor: (400, 344) }
scene 3 -> 1 at frame 1964 position (304, 264)
target scene=1 area=(400, 344) event=18 script=4643 mode=5 state=1 player=(464, 376) pos=(416, 400) path=2
learned targeted exit AreaKey { scene: 1, anchor: (400, 344) } event=18 -> AreaKey { scene: 3, anchor: (160, 112) }
learned exit AreaKey { scene: 1, anchor: (400, 344) } event=18 -> AreaKey { scene: 3, anchor: (160, 112) }
scene 1 -> 3 at frame 1966 position (1088, 1232)
target scene=3 area=(160, 112) event=49 script=6226 mode=5 state=1 player=(1248, 1344) pos=(1280, 1472) path=54
learned exit AreaKey { scene: 3, anchor: (160, 112) } event=53 -> AreaKey { scene: 1, anchor: (400, 344) }
scene 3 -> 1 at frame 1968 position (304, 264)
target scene=1 area=(400, 344) event=18 script=4643 mode=5 state=1 player=(464, 376) pos=(416, 400) path=2
learned targeted exit AreaKey { scene: 1, anchor: (400, 344) } event=18 -> AreaKey { scene: 3, anchor: (160, 112) }
learned exit AreaKey { scene: 1, anchor: (400, 344) } event=18 -> AreaKey { scene: 3, anchor: (160, 112) }
scene 1 -> 3 at frame 1970 position (1088, 1232)
target scene=3 area=(160, 112) event=49 script=6226 mode=5 state=1 player=(1248, 1344) pos=(1280, 1472) path=54
learned exit AreaKey { scene: 3, anchor: (160, 112) } event=53 -> AreaKey { scene: 1, anchor: (400, 344) }
scene 3 -> 1 at frame 1972 position (304, 264)
target scene=1 area=(400, 344) event=18 script=4643 mode=5 state=1 player=(464, 376) pos=(416, 400) path=2
learned targeted exit AreaKey { scene: 1, anchor: (400, 344) } event=18 -> AreaKey { scene: 3, anchor: (160, 112) }
learned exit AreaKey { scene: 1, anchor: (400, 344) } event=18 -> AreaKey { scene: 3, anchor: (160, 112) }
scene 1 -> 3 at frame 1974 position (1088, 1232)
target scene=3 area=(160, 112) event=49 script=6226 mode=5 state=1 player=(1248, 1344) pos=(1280, 1472) path=54
learned exit AreaKey { scene: 3, anchor: (160, 112) } event=53 -> AreaKey { scene: 1, anchor: (400, 344) }
scene 3 -> 1 at frame 1976 position (304, 264)
target scene=1 area=(400, 344) event=18 script=4643 mode=5 state=1 player=(464, 376) pos=(416, 400) path=2
learned targeted exit AreaKey { scene: 1, anchor: (400, 344) } event=18 -> AreaKey { scene: 3, anchor: (160, 112) }
learned exit AreaKey { scene: 1, anchor: (400, 344) } event=18 -> AreaKey { scene: 3, anchor: (160, 112) }
scene 1 -> 3 at frame 1978 position (1088, 1232)
target scene=3 area=(160, 112) event=49 script=6226 mode=5 state=1 player=(1248, 1344) pos=(1280, 1472) path=54
learned exit AreaKey { scene: 3, anchor: (160, 112) } event=53 -> AreaKey { scene: 1, anchor: (400, 344) }
scene 3 -> 1 at frame 1980 position (304, 264)
target scene=1 area=(400, 344) event=18 script=4643 mode=5 state=1 player=(464, 376) pos=(416, 400) path=2
learned targeted exit AreaKey { scene: 1, anchor: (400, 344) } event=18 -> AreaKey { scene: 3, anchor: (160, 112) }
learned exit AreaKey { scene: 1, anchor: (400, 344) } event=18 -> AreaKey { scene: 3, anchor: (160, 112) }
scene 1 -> 3 at frame 1982 position (1088, 1232)
target scene=3 area=(160, 112) event=49 script=6226 mode=5 state=1 player=(1248, 1344) pos=(1280, 1472) path=54
learned exit AreaKey { scene: 3, anchor: (160, 112) } event=53 -> AreaKey { scene: 1, anchor: (400, 344) }
scene 3 -> 1 at frame 1984 position (304, 264)
target scene=1 area=(400, 344) event=18 script=4643 mode=5 state=1 player=(464, 376) pos=(416, 400) path=2
learned targeted exit AreaKey { scene: 1, anchor: (400, 344) } event=18 -> AreaKey { scene: 3, anchor: (160, 112) }
learned exit AreaKey { scene: 1, anchor: (400, 344) } event=18 -> AreaKey { scene: 3, anchor: (160, 112) }
scene 1 -> 3 at frame 1986 position (1088, 1232)
target scene=3 area=(160, 112) event=49 script=6226 mode=5 state=1 player=(1248, 1344) pos=(1280, 1472) path=54
learned exit AreaKey { scene: 3, anchor: (160, 112) } event=53 -> AreaKey { scene: 1, anchor: (400, 344) }
scene 3 -> 1 at frame 1988 position (304, 264)
target scene=1 area=(400, 344) event=18 script=4643 mode=5 state=1 player=(464, 376) pos=(416, 400) path=2
learned targeted exit AreaKey { scene: 1, anchor: (400, 344) } event=18 -> AreaKey { scene: 3, anchor: (160, 112) }
learned exit AreaKey { scene: 1, anchor: (400, 344) } event=18 -> AreaKey { scene: 3, anchor: (160, 112) }
scene 1 -> 3 at frame 1990 position (1088, 1232)
target scene=3 area=(160, 112) event=49 script=6226 mode=5 state=1 player=(1248, 1344) pos=(1280, 1472) path=54
learned exit AreaKey { scene: 3, anchor: (160, 112) } event=53 -> AreaKey { scene: 1, anchor: (400, 344) }
scene 3 -> 1 at frame 1992 position (304, 264)
target scene=1 area=(400, 344) event=18 script=4643 mode=5 state=1 player=(464, 376) pos=(416, 400) path=2
learned targeted exit AreaKey { scene: 1, anchor: (400, 344) } event=18 -> AreaKey { scene: 3, anchor: (160, 112) }
learned exit AreaKey { scene: 1, anchor: (400, 344) } event=18 -> AreaKey { scene: 3, anchor: (160, 112) }
scene 1 -> 3 at frame 1994 position (1088, 1232)
target scene=3 area=(160, 112) event=49 script=6226 mode=5 state=1 player=(1248, 1344) pos=(1280, 1472) path=54
learned exit AreaKey { scene: 3, anchor: (160, 112) } event=53 -> AreaKey { scene: 1, anchor: (400, 344) }
scene 3 -> 1 at frame 1996 position (304, 264)
target scene=1 area=(400, 344) event=18 script=4643 mode=5 state=1 player=(464, 376) pos=(416, 400) path=2
learned targeted exit AreaKey { scene: 1, anchor: (400, 344) } event=18 -> AreaKey { scene: 3, anchor: (160, 112) }
learned exit AreaKey { scene: 1, anchor: (400, 344) } event=18 -> AreaKey { scene: 3, anchor: (160, 112) }
scene 1 -> 3 at frame 1998 position (1088, 1232)
target scene=3 area=(160, 112) event=49 script=6226 mode=5 state=1 player=(1248, 1344) pos=(1280, 1472) path=54
learned exit AreaKey { scene: 3, anchor: (160, 112) } event=53 -> AreaKey { scene: 1, anchor: (400, 344) }
scene 3 -> 1 at frame 2000 position (304, 264)
target scene=1 area=(400, 344) event=18 script=4643 mode=5 state=1 player=(464, 376) pos=(416, 400) path=2
learned targeted exit AreaKey { scene: 1, anchor: (400, 344) } event=18 -> AreaKey { scene: 3, anchor: (160, 112) }
learned exit AreaKey { scene: 1, anchor: (400, 344) } event=18 -> AreaKey { scene: 3, anchor: (160, 112) }
scene 1 -> 3 at frame 2002 position (1088, 1232)
target scene=3 area=(160, 112) event=49 script=6226 mode=5 state=1 player=(1248, 1344) pos=(1280, 1472) path=54
learned exit AreaKey { scene: 3, anchor: (160, 112) } event=53 -> AreaKey { scene: 1, anchor: (400, 344) }
scene 3 -> 1 at frame 2004 position (304, 264)
target scene=1 area=(400, 344) event=18 script=4643 mode=5 state=1 player=(464, 376) pos=(416, 400) path=2
learned targeted exit AreaKey { scene: 1, anchor: (400, 344) } event=18 -> AreaKey { scene: 3, anchor: (160, 112) }
learned exit AreaKey { scene: 1, anchor: (400, 344) } event=18 -> AreaKey { scene: 3, anchor: (160, 112) }
scene 1 -> 3 at frame 2006 position (1088, 1232)
target scene=3 area=(160, 112) event=49 script=6226 mode=5 state=1 player=(1248, 1344) pos=(1280, 1472) path=54
learned exit AreaKey { scene: 3, anchor: (160, 112) } event=53 -> AreaKey { scene: 1, anchor: (400, 344) }
scene 3 -> 1 at frame 2008 position (304, 264)
target scene=1 area=(400, 344) event=18 script=4643 mode=5 state=1 player=(464, 376) pos=(416, 400) path=2
learned targeted exit AreaKey { scene: 1, anchor: (400, 344) } event=18 -> AreaKey { scene: 3, anchor: (160, 112) }
learned exit AreaKey { scene: 1, anchor: (400, 344) } event=18 -> AreaKey { scene: 3, anchor: (160, 112) }
scene 1 -> 3 at frame 2010 position (1088, 1232)
target scene=3 area=(160, 112) event=49 script=6226 mode=5 state=1 player=(1248, 1344) pos=(1280, 1472) path=54
learned exit AreaKey { scene: 3, anchor: (160, 112) } event=53 -> AreaKey { scene: 1, anchor: (400, 344) }
scene 3 -> 1 at frame 2012 position (304, 264)
target scene=1 area=(400, 344) event=18 script=4643 mode=5 state=1 player=(464, 376) pos=(416, 400) path=2
learned targeted exit AreaKey { scene: 1, anchor: (400, 344) } event=18 -> AreaKey { scene: 3, anchor: (160, 112) }
learned exit AreaKey { scene: 1, anchor: (400, 344) } event=18 -> AreaKey { scene: 3, anchor: (160, 112) }
scene 1 -> 3 at frame 2014 position (1088, 1232)
target scene=3 area=(160, 112) event=49 script=6226 mode=5 state=1 player=(1248, 1344) pos=(1280, 1472) path=54
learned exit AreaKey { scene: 3, anchor: (160, 112) } event=53 -> AreaKey { scene: 1, anchor: (400, 344) }
scene 3 -> 1 at frame 2016 position (304, 264)
target scene=1 area=(400, 344) event=18 script=4643 mode=5 state=1 player=(464, 376) pos=(416, 400) path=2
learned targeted exit AreaKey { scene: 1, anchor: (400, 344) } event=18 -> AreaKey { scene: 3, anchor: (160, 112) }
learned exit AreaKey { scene: 1, anchor: (400, 344) } event=18 -> AreaKey { scene: 3, anchor: (160, 112) }
scene 1 -> 3 at frame 2018 position (1088, 1232)
target scene=3 area=(160, 112) event=49 script=6226 mode=5 state=1 player=(1248, 1344) pos=(1280, 1472) path=54
learned exit AreaKey { scene: 3, anchor: (160, 112) } event=53 -> AreaKey { scene: 1, anchor: (400, 344) }
scene 3 -> 1 at frame 2020 position (304, 264)
target scene=1 area=(400, 344) event=18 script=4643 mode=5 state=1 player=(464, 376) pos=(416, 400) path=2
learned targeted exit AreaKey { scene: 1, anchor: (400, 344) } event=18 -> AreaKey { scene: 3, anchor: (160, 112) }
learned exit AreaKey { scene: 1, anchor: (400, 344) } event=18 -> AreaKey { scene: 3, anchor: (160, 112) }
scene 1 -> 3 at frame 2022 position (1088, 1232)
target scene=3 area=(160, 112) event=49 script=6226 mode=5 state=1 player=(1248, 1344) pos=(1280, 1472) path=54
learned exit AreaKey { scene: 3, anchor: (160, 112) } event=53 -> AreaKey { scene: 1, anchor: (400, 344) }
scene 3 -> 1 at frame 2024 position (304, 264)
target scene=1 area=(400, 344) event=18 script=4643 mode=5 state=1 player=(464, 376) pos=(416, 400) path=2
learned targeted exit AreaKey { scene: 1, anchor: (400, 344) } event=18 -> AreaKey { scene: 3, anchor: (160, 112) }
learned exit AreaKey { scene: 1, anchor: (400, 344) } event=18 -> AreaKey { scene: 3, anchor: (160, 112) }
scene 1 -> 3 at frame 2026 position (1088, 1232)
target scene=3 area=(160, 112) event=49 script=6226 mode=5 state=1 player=(1248, 1344) pos=(1280, 1472) path=54
learned exit AreaKey { scene: 3, anchor: (160, 112) } event=53 -> AreaKey { scene: 1, anchor: (400, 344) }
scene 3 -> 1 at frame 2028 position (304, 264)
target scene=1 area=(400, 344) event=18 script=4643 mode=5 state=1 player=(464, 376) pos=(416, 400) path=2
learned targeted exit AreaKey { scene: 1, anchor: (400, 344) } event=18 -> AreaKey { scene: 3, anchor: (160, 112) }
learned exit AreaKey { scene: 1, anchor: (400, 344) } event=18 -> AreaKey { scene: 3, anchor: (160, 112) }
scene 1 -> 3 at frame 2030 position (1088, 1232)
target scene=3 area=(160, 112) event=49 script=6226 mode=5 state=1 player=(1248, 1344) pos=(1280, 1472) path=54
learned exit AreaKey { scene: 3, anchor: (160, 112) } event=53 -> AreaKey { scene: 1, anchor: (400, 344) }
scene 3 -> 1 at frame 2032 position (304, 264)
target scene=1 area=(400, 344) event=18 script=4643 mode=5 state=1 player=(464, 376) pos=(416, 400) path=2
learned targeted exit AreaKey { scene: 1, anchor: (400, 344) } event=18 -> AreaKey { scene: 3, anchor: (160, 112) }
learned exit AreaKey { scene: 1, anchor: (400, 344) } event=18 -> AreaKey { scene: 3, anchor: (160, 112) }
scene 1 -> 3 at frame 2034 position (1088, 1232)
target scene=3 area=(160, 112) event=49 script=6226 mode=5 state=1 player=(1248, 1344) pos=(1280, 1472) path=54
learned exit AreaKey { scene: 3, anchor: (160, 112) } event=53 -> AreaKey { scene: 1, anchor: (400, 344) }
scene 3 -> 1 at frame 2036 position (304, 264)
target scene=1 area=(400, 344) event=18 script=4643 mode=5 state=1 player=(464, 376) pos=(416, 400) path=2
learned targeted exit AreaKey { scene: 1, anchor: (400, 344) } event=18 -> AreaKey { scene: 3, anchor: (160, 112) }
learned exit AreaKey { scene: 1, anchor: (400, 344) } event=18 -> AreaKey { scene: 3, anchor: (160, 112) }
scene 1 -> 3 at frame 2038 position (1088, 1232)
target scene=3 area=(160, 112) event=49 script=6226 mode=5 state=1 player=(1248, 1344) pos=(1280, 1472) path=54
learned exit AreaKey { scene: 3, anchor: (160, 112) } event=53 -> AreaKey { scene: 1, anchor: (400, 344) }
scene 3 -> 1 at frame 2040 position (304, 264)
target scene=1 area=(400, 344) event=18 script=4643 mode=5 state=1 player=(464, 376) pos=(416, 400) path=2
learned targeted exit AreaKey { scene: 1, anchor: (400, 344) } event=18 -> AreaKey { scene: 3, anchor: (160, 112) }
learned exit AreaKey { scene: 1, anchor: (400, 344) } event=18 -> AreaKey { scene: 3, anchor: (160, 112) }
scene 1 -> 3 at frame 2042 position (1088, 1232)
target scene=3 area=(160, 112) event=49 script=6226 mode=5 state=1 player=(1248, 1344) pos=(1280, 1472) path=54
learned exit AreaKey { scene: 3, anchor: (160, 112) } event=53 -> AreaKey { scene: 1, anchor: (400, 344) }
scene 3 -> 1 at frame 2044 position (304, 264)
target scene=1 area=(400, 344) event=18 script=4643 mode=5 state=1 player=(464, 376) pos=(416, 400) path=2
learned targeted exit AreaKey { scene: 1, anchor: (400, 344) } event=18 -> AreaKey { scene: 3, anchor: (160, 112) }
learned exit AreaKey { scene: 1, anchor: (400, 344) } event=18 -> AreaKey { scene: 3, anchor: (160, 112) }
scene 1 -> 3 at frame 2046 position (1088, 1232)
target scene=3 area=(160, 112) event=49 script=6226 mode=5 state=1 player=(1248, 1344) pos=(1280, 1472) path=54
learned exit AreaKey { scene: 3, anchor: (160, 112) } event=53 -> AreaKey { scene: 1, anchor: (400, 344) }
scene 3 -> 1 at frame 2048 position (304, 264)
target scene=1 area=(400, 344) event=18 script=4643 mode=5 state=1 player=(464, 376) pos=(416, 400) path=2
learned targeted exit AreaKey { scene: 1, anchor: (400, 344) } event=18 -> AreaKey { scene: 3, anchor: (160, 112) }
learned exit AreaKey { scene: 1, anchor: (400, 344) } event=18 -> AreaKey { scene: 3, anchor: (160, 112) }
scene 1 -> 3 at frame 2050 position (1088, 1232)
target scene=3 area=(160, 112) event=49 script=6226 mode=5 state=1 player=(1248, 1344) pos=(1280, 1472) path=54
learned exit AreaKey { scene: 3, anchor: (160, 112) } event=53 -> AreaKey { scene: 1, anchor: (400, 344) }
scene 3 -> 1 at frame 2052 position (304, 264)
target scene=1 area=(400, 344) event=18 script=4643 mode=5 state=1 player=(464, 376) pos=(416, 400) path=2
learned targeted exit AreaKey { scene: 1, anchor: (400, 344) } event=18 -> AreaKey { scene: 3, anchor: (160, 112) }
learned exit AreaKey { scene: 1, anchor: (400, 344) } event=18 -> AreaKey { scene: 3, anchor: (160, 112) }
scene 1 -> 3 at frame 2054 position (1088, 1232)
target scene=3 area=(160, 112) event=49 script=6226 mode=5 state=1 player=(1248, 1344) pos=(1280, 1472) path=54
learned exit AreaKey { scene: 3, anchor: (160, 112) } event=53 -> AreaKey { scene: 1, anchor: (400, 344) }
scene 3 -> 1 at frame 2056 position (304, 264)
target scene=1 area=(400, 344) event=18 script=4643 mode=5 state=1 player=(464, 376) pos=(416, 400) path=2
learned targeted exit AreaKey { scene: 1, anchor: (400, 344) } event=18 -> AreaKey { scene: 3, anchor: (160, 112) }
learned exit AreaKey { scene: 1, anchor: (400, 344) } event=18 -> AreaKey { scene: 3, anchor: (160, 112) }
scene 1 -> 3 at frame 2058 position (1088, 1232)
target scene=3 area=(160, 112) event=49 script=6226 mode=5 state=1 player=(1248, 1344) pos=(1280, 1472) path=54
learned exit AreaKey { scene: 3, anchor: (160, 112) } event=53 -> AreaKey { scene: 1, anchor: (400, 344) }
scene 3 -> 1 at frame 2060 position (304, 264)
target scene=1 area=(400, 344) event=18 script=4643 mode=5 state=1 player=(464, 376) pos=(416, 400) path=2
learned targeted exit AreaKey { scene: 1, anchor: (400, 344) } event=18 -> AreaKey { scene: 3, anchor: (160, 112) }
learned exit AreaKey { scene: 1, anchor: (400, 344) } event=18 -> AreaKey { scene: 3, anchor: (160, 112) }
scene 1 -> 3 at frame 2062 position (1088, 1232)
target scene=3 area=(160, 112) event=49 script=6226 mode=5 state=1 player=(1248, 1344) pos=(1280, 1472) path=54
learned exit AreaKey { scene: 3, anchor: (160, 112) } event=53 -> AreaKey { scene: 1, anchor: (400, 344) }
scene 3 -> 1 at frame 2064 position (304, 264)
target scene=1 area=(400, 344) event=18 script=4643 mode=5 state=1 player=(464, 376) pos=(416, 400) path=2
learned targeted exit AreaKey { scene: 1, anchor: (400, 344) } event=18 -> AreaKey { scene: 3, anchor: (160, 112) }
learned exit AreaKey { scene: 1, anchor: (400, 344) } event=18 -> AreaKey { scene: 3, anchor: (160, 112) }
scene 1 -> 3 at frame 2066 position (1088, 1232)
target scene=3 area=(160, 112) event=49 script=6226 mode=5 state=1 player=(1248, 1344) pos=(1280, 1472) path=54
learned exit AreaKey { scene: 3, anchor: (160, 112) } event=53 -> AreaKey { scene: 1, anchor: (400, 344) }
scene 3 -> 1 at frame 2068 position (304, 264)
target scene=1 area=(400, 344) event=18 script=4643 mode=5 state=1 player=(464, 376) pos=(416, 400) path=2
learned targeted exit AreaKey { scene: 1, anchor: (400, 344) } event=18 -> AreaKey { scene: 3, anchor: (160, 112) }
learned exit AreaKey { scene: 1, anchor: (400, 344) } event=18 -> AreaKey { scene: 3, anchor: (160, 112) }
scene 1 -> 3 at frame 2070 position (1088, 1232)
target scene=3 area=(160, 112) event=49 script=6226 mode=5 state=1 player=(1248, 1344) pos=(1280, 1472) path=54
learned exit AreaKey { scene: 3, anchor: (160, 112) } event=53 -> AreaKey { scene: 1, anchor: (400, 344) }
scene 3 -> 1 at frame 2072 position (304, 264)
target scene=1 area=(400, 344) event=18 script=4643 mode=5 state=1 player=(464, 376) pos=(416, 400) path=2
learned targeted exit AreaKey { scene: 1, anchor: (400, 344) } event=18 -> AreaKey { scene: 3, anchor: (160, 112) }
learned exit AreaKey { scene: 1, anchor: (400, 344) } event=18 -> AreaKey { scene: 3, anchor: (160, 112) }
scene 1 -> 3 at frame 2074 position (1088, 1232)
target scene=3 area=(160, 112) event=49 script=6226 mode=5 state=1 player=(1248, 1344) pos=(1280, 1472) path=54
learned exit AreaKey { scene: 3, anchor: (160, 112) } event=53 -> AreaKey { scene: 1, anchor: (400, 344) }
scene 3 -> 1 at frame 2076 position (304, 264)
target scene=1 area=(400, 344) event=18 script=4643 mode=5 state=1 player=(464, 376) pos=(416, 400) path=2
learned targeted exit AreaKey { scene: 1, anchor: (400, 344) } event=18 -> AreaKey { scene: 3, anchor: (160, 112) }
learned exit AreaKey { scene: 1, anchor: (400, 344) } event=18 -> AreaKey { scene: 3, anchor: (160, 112) }
scene 1 -> 3 at frame 2078 position (1088, 1232)
target scene=3 area=(160, 112) event=49 script=6226 mode=5 state=1 player=(1248, 1344) pos=(1280, 1472) path=54
learned exit AreaKey { scene: 3, anchor: (160, 112) } event=53 -> AreaKey { scene: 1, anchor: (400, 344) }
scene 3 -> 1 at frame 2080 position (304, 264)
target scene=1 area=(400, 344) event=18 script=4643 mode=5 state=1 player=(464, 376) pos=(416, 400) path=2
learned targeted exit AreaKey { scene: 1, anchor: (400, 344) } event=18 -> AreaKey { scene: 3, anchor: (160, 112) }
learned exit AreaKey { scene: 1, anchor: (400, 344) } event=18 -> AreaKey { scene: 3, anchor: (160, 112) }
scene 1 -> 3 at frame 2082 position (1088, 1232)
target scene=3 area=(160, 112) event=49 script=6226 mode=5 state=1 player=(1248, 1344) pos=(1280, 1472) path=54
learned exit AreaKey { scene: 3, anchor: (160, 112) } event=53 -> AreaKey { scene: 1, anchor: (400, 344) }
scene 3 -> 1 at frame 2084 position (304, 264)
target scene=1 area=(400, 344) event=18 script=4643 mode=5 state=1 player=(464, 376) pos=(416, 400) path=2
learned targeted exit AreaKey { scene: 1, anchor: (400, 344) } event=18 -> AreaKey { scene: 3, anchor: (160, 112) }
learned exit AreaKey { scene: 1, anchor: (400, 344) } event=18 -> AreaKey { scene: 3, anchor: (160, 112) }
scene 1 -> 3 at frame 2086 position (1088, 1232)
target scene=3 area=(160, 112) event=49 script=6226 mode=5 state=1 player=(1248, 1344) pos=(1280, 1472) path=54
learned exit AreaKey { scene: 3, anchor: (160, 112) } event=53 -> AreaKey { scene: 1, anchor: (400, 344) }
scene 3 -> 1 at frame 2088 position (304, 264)
target scene=1 area=(400, 344) event=18 script=4643 mode=5 state=1 player=(464, 376) pos=(416, 400) path=2
learned targeted exit AreaKey { scene: 1, anchor: (400, 344) } event=18 -> AreaKey { scene: 3, anchor: (160, 112) }
learned exit AreaKey { scene: 1, anchor: (400, 344) } event=18 -> AreaKey { scene: 3, anchor: (160, 112) }
scene 1 -> 3 at frame 2090 position (1088, 1232)
target scene=3 area=(160, 112) event=49 script=6226 mode=5 state=1 player=(1248, 1344) pos=(1280, 1472) path=54
learned exit AreaKey { scene: 3, anchor: (160, 112) } event=53 -> AreaKey { scene: 1, anchor: (400, 344) }
scene 3 -> 1 at frame 2092 position (304, 264)
target scene=1 area=(400, 344) event=18 script=4643 mode=5 state=1 player=(464, 376) pos=(416, 400) path=2
learned targeted exit AreaKey { scene: 1, anchor: (400, 344) } event=18 -> AreaKey { scene: 3, anchor: (160, 112) }
learned exit AreaKey { scene: 1, anchor: (400, 344) } event=18 -> AreaKey { scene: 3, anchor: (160, 112) }
scene 1 -> 3 at frame 2094 position (1088, 1232)
target scene=3 area=(160, 112) event=49 script=6226 mode=5 state=1 player=(1248, 1344) pos=(1280, 1472) path=54
learned exit AreaKey { scene: 3, anchor: (160, 112) } event=53 -> AreaKey { scene: 1, anchor: (400, 344) }
scene 3 -> 1 at frame 2096 position (304, 264)
target scene=1 area=(400, 344) event=18 script=4643 mode=5 state=1 player=(464, 376) pos=(416, 400) path=2
learned targeted exit AreaKey { scene: 1, anchor: (400, 344) } event=18 -> AreaKey { scene: 3, anchor: (160, 112) }
learned exit AreaKey { scene: 1, anchor: (400, 344) } event=18 -> AreaKey { scene: 3, anchor: (160, 112) }
scene 1 -> 3 at frame 2098 position (1088, 1232)
target scene=3 area=(160, 112) event=49 script=6226 mode=5 state=1 player=(1248, 1344) pos=(1280, 1472) path=54
learned exit AreaKey { scene: 3, anchor: (160, 112) } event=53 -> AreaKey { scene: 1, anchor: (400, 344) }
scene 3 -> 1 at frame 2100 position (304, 264)
target scene=1 area=(400, 344) event=18 script=4643 mode=5 state=1 player=(464, 376) pos=(416, 400) path=2
learned targeted exit AreaKey { scene: 1, anchor: (400, 344) } event=18 -> AreaKey { scene: 3, anchor: (160, 112) }
learned exit AreaKey { scene: 1, anchor: (400, 344) } event=18 -> AreaKey { scene: 3, anchor: (160, 112) }
scene 1 -> 3 at frame 2102 position (1088, 1232)
target scene=3 area=(160, 112) event=49 script=6226 mode=5 state=1 player=(1248, 1344) pos=(1280, 1472) path=54
learned exit AreaKey { scene: 3, anchor: (160, 112) } event=53 -> AreaKey { scene: 1, anchor: (400, 344) }
scene 3 -> 1 at frame 2104 position (304, 264)
target scene=1 area=(400, 344) event=18 script=4643 mode=5 state=1 player=(464, 376) pos=(416, 400) path=2
learned targeted exit AreaKey { scene: 1, anchor: (400, 344) } event=18 -> AreaKey { scene: 3, anchor: (160, 112) }
learned exit AreaKey { scene: 1, anchor: (400, 344) } event=18 -> AreaKey { scene: 3, anchor: (160, 112) }
scene 1 -> 3 at frame 2106 position (1088, 1232)
target scene=3 area=(160, 112) event=49 script=6226 mode=5 state=1 player=(1248, 1344) pos=(1280, 1472) path=54
learned exit AreaKey { scene: 3, anchor: (160, 112) } event=53 -> AreaKey { scene: 1, anchor: (400, 344) }
scene 3 -> 1 at frame 2108 position (304, 264)
target scene=1 area=(400, 344) event=18 script=4643 mode=5 state=1 player=(464, 376) pos=(416, 400) path=2
learned targeted exit AreaKey { scene: 1, anchor: (400, 344) } event=18 -> AreaKey { scene: 3, anchor: (160, 112) }
learned exit AreaKey { scene: 1, anchor: (400, 344) } event=18 -> AreaKey { scene: 3, anchor: (160, 112) }
scene 1 -> 3 at frame 2110 position (1088, 1232)
target scene=3 area=(160, 112) event=49 script=6226 mode=5 state=1 player=(1248, 1344) pos=(1280, 1472) path=54
learned exit AreaKey { scene: 3, anchor: (160, 112) } event=53 -> AreaKey { scene: 1, anchor: (400, 344) }
scene 3 -> 1 at frame 2112 position (304, 264)
target scene=1 area=(400, 344) event=18 script=4643 mode=5 state=1 player=(464, 376) pos=(416, 400) path=2
learned targeted exit AreaKey { scene: 1, anchor: (400, 344) } event=18 -> AreaKey { scene: 3, anchor: (160, 112) }
learned exit AreaKey { scene: 1, anchor: (400, 344) } event=18 -> AreaKey { scene: 3, anchor: (160, 112) }
scene 1 -> 3 at frame 2114 position (1088, 1232)
target scene=3 area=(160, 112) event=49 script=6226 mode=5 state=1 player=(1248, 1344) pos=(1280, 1472) path=54
learned exit AreaKey { scene: 3, anchor: (160, 112) } event=53 -> AreaKey { scene: 1, anchor: (400, 344) }
scene 3 -> 1 at frame 2116 position (304, 264)
target scene=1 area=(400, 344) event=18 script=4643 mode=5 state=1 player=(464, 376) pos=(416, 400) path=2
learned targeted exit AreaKey { scene: 1, anchor: (400, 344) } event=18 -> AreaKey { scene: 3, anchor: (160, 112) }
learned exit AreaKey { scene: 1, anchor: (400, 344) } event=18 -> AreaKey { scene: 3, anchor: (160, 112) }
scene 1 -> 3 at frame 2118 position (1088, 1232)
target scene=3 area=(160, 112) event=49 script=6226 mode=5 state=1 player=(1248, 1344) pos=(1280, 1472) path=54
learned exit AreaKey { scene: 3, anchor: (160, 112) } event=53 -> AreaKey { scene: 1, anchor: (400, 344) }
scene 3 -> 1 at frame 2120 position (304, 264)
target scene=1 area=(400, 344) event=18 script=4643 mode=5 state=1 player=(464, 376) pos=(416, 400) path=2
learned targeted exit AreaKey { scene: 1, anchor: (400, 344) } event=18 -> AreaKey { scene: 3, anchor: (160, 112) }
learned exit AreaKey { scene: 1, anchor: (400, 344) } event=18 -> AreaKey { scene: 3, anchor: (160, 112) }
scene 1 -> 3 at frame 2122 position (1088, 1232)
target scene=3 area=(160, 112) event=49 script=6226 mode=5 state=1 player=(1248, 1344) pos=(1280, 1472) path=54
learned exit AreaKey { scene: 3, anchor: (160, 112) } event=53 -> AreaKey { scene: 1, anchor: (400, 344) }
scene 3 -> 1 at frame 2124 position (304, 264)
target scene=1 area=(400, 344) event=18 script=4643 mode=5 state=1 player=(464, 376) pos=(416, 400) path=2
learned targeted exit AreaKey { scene: 1, anchor: (400, 344) } event=18 -> AreaKey { scene: 3, anchor: (160, 112) }
learned exit AreaKey { scene: 1, anchor: (400, 344) } event=18 -> AreaKey { scene: 3, anchor: (160, 112) }
scene 1 -> 3 at frame 2126 position (1088, 1232)
target scene=3 area=(160, 112) event=49 script=6226 mode=5 state=1 player=(1248, 1344) pos=(1280, 1472) path=54
learned exit AreaKey { scene: 3, anchor: (160, 112) } event=53 -> AreaKey { scene: 1, anchor: (400, 344) }
scene 3 -> 1 at frame 2128 position (304, 264)
target scene=1 area=(400, 344) event=18 script=4643 mode=5 state=1 player=(464, 376) pos=(416, 400) path=2
learned targeted exit AreaKey { scene: 1, anchor: (400, 344) } event=18 -> AreaKey { scene: 3, anchor: (160, 112) }
learned exit AreaKey { scene: 1, anchor: (400, 344) } event=18 -> AreaKey { scene: 3, anchor: (160, 112) }
scene 1 -> 3 at frame 2130 position (1088, 1232)
target scene=3 area=(160, 112) event=49 script=6226 mode=5 state=1 player=(1248, 1344) pos=(1280, 1472) path=54
learned exit AreaKey { scene: 3, anchor: (160, 112) } event=53 -> AreaKey { scene: 1, anchor: (400, 344) }
scene 3 -> 1 at frame 2132 position (304, 264)
target scene=1 area=(400, 344) event=18 script=4643 mode=5 state=1 player=(464, 376) pos=(416, 400) path=2
learned targeted exit AreaKey { scene: 1, anchor: (400, 344) } event=18 -> AreaKey { scene: 3, anchor: (160, 112) }
learned exit AreaKey { scene: 1, anchor: (400, 344) } event=18 -> AreaKey { scene: 3, anchor: (160, 112) }
scene 1 -> 3 at frame 2134 position (1088, 1232)
target scene=3 area=(160, 112) event=49 script=6226 mode=5 state=1 player=(1248, 1344) pos=(1280, 1472) path=54
learned exit AreaKey { scene: 3, anchor: (160, 112) } event=53 -> AreaKey { scene: 1, anchor: (400, 344) }
scene 3 -> 1 at frame 2136 position (304, 264)
target scene=1 area=(400, 344) event=18 script=4643 mode=5 state=1 player=(464, 376) pos=(416, 400) path=2
learned targeted exit AreaKey { scene: 1, anchor: (400, 344) } event=18 -> AreaKey { scene: 3, anchor: (160, 112) }
learned exit AreaKey { scene: 1, anchor: (400, 344) } event=18 -> AreaKey { scene: 3, anchor: (160, 112) }
scene 1 -> 3 at frame 2138 position (1088, 1232)
target scene=3 area=(160, 112) event=49 script=6226 mode=5 state=1 player=(1248, 1344) pos=(1280, 1472) path=54
learned exit AreaKey { scene: 3, anchor: (160, 112) } event=53 -> AreaKey { scene: 1, anchor: (400, 344) }
scene 3 -> 1 at frame 2140 position (304, 264)
target scene=1 area=(400, 344) event=18 script=4643 mode=5 state=1 player=(464, 376) pos=(416, 400) path=2
learned targeted exit AreaKey { scene: 1, anchor: (400, 344) } event=18 -> AreaKey { scene: 3, anchor: (160, 112) }
learned exit AreaKey { scene: 1, anchor: (400, 344) } event=18 -> AreaKey { scene: 3, anchor: (160, 112) }
scene 1 -> 3 at frame 2142 position (1088, 1232)
target scene=3 area=(160, 112) event=49 script=6226 mode=5 state=1 player=(1248, 1344) pos=(1280, 1472) path=54
learned exit AreaKey { scene: 3, anchor: (160, 112) } event=53 -> AreaKey { scene: 1, anchor: (400, 344) }
scene 3 -> 1 at frame 2144 position (304, 264)
target scene=1 area=(400, 344) event=18 script=4643 mode=5 state=1 player=(464, 376) pos=(416, 400) path=2
learned targeted exit AreaKey { scene: 1, anchor: (400, 344) } event=18 -> AreaKey { scene: 3, anchor: (160, 112) }
learned exit AreaKey { scene: 1, anchor: (400, 344) } event=18 -> AreaKey { scene: 3, anchor: (160, 112) }
scene 1 -> 3 at frame 2146 position (1088, 1232)
target scene=3 area=(160, 112) event=49 script=6226 mode=5 state=1 player=(1248, 1344) pos=(1280, 1472) path=54
learned exit AreaKey { scene: 3, anchor: (160, 112) } event=53 -> AreaKey { scene: 1, anchor: (400, 344) }
scene 3 -> 1 at frame 2148 position (304, 264)
target scene=1 area=(400, 344) event=18 script=4643 mode=5 state=1 player=(464, 376) pos=(416, 400) path=2
learned targeted exit AreaKey { scene: 1, anchor: (400, 344) } event=18 -> AreaKey { scene: 3, anchor: (160, 112) }
learned exit AreaKey { scene: 1, anchor: (400, 344) } event=18 -> AreaKey { scene: 3, anchor: (160, 112) }
scene 1 -> 3 at frame 2150 position (1088, 1232)
target scene=3 area=(160, 112) event=49 script=6226 mode=5 state=1 player=(1248, 1344) pos=(1280, 1472) path=54
learned exit AreaKey { scene: 3, anchor: (160, 112) } event=53 -> AreaKey { scene: 1, anchor: (400, 344) }
scene 3 -> 1 at frame 2152 position (304, 264)
target scene=1 area=(400, 344) event=18 script=4643 mode=5 state=1 player=(464, 376) pos=(416, 400) path=2
learned targeted exit AreaKey { scene: 1, anchor: (400, 344) } event=18 -> AreaKey { scene: 3, anchor: (160, 112) }
learned exit AreaKey { scene: 1, anchor: (400, 344) } event=18 -> AreaKey { scene: 3, anchor: (160, 112) }
scene 1 -> 3 at frame 2154 position (1088, 1232)
target scene=3 area=(160, 112) event=49 script=6226 mode=5 state=1 player=(1248, 1344) pos=(1280, 1472) path=54
learned exit AreaKey { scene: 3, anchor: (160, 112) } event=53 -> AreaKey { scene: 1, anchor: (400, 344) }
scene 3 -> 1 at frame 2156 position (304, 264)
target scene=1 area=(400, 344) event=18 script=4643 mode=5 state=1 player=(464, 376) pos=(416, 400) path=2
learned targeted exit AreaKey { scene: 1, anchor: (400, 344) } event=18 -> AreaKey { scene: 3, anchor: (160, 112) }
learned exit AreaKey { scene: 1, anchor: (400, 344) } event=18 -> AreaKey { scene: 3, anchor: (160, 112) }
scene 1 -> 3 at frame 2158 position (1088, 1232)
target scene=3 area=(160, 112) event=49 script=6226 mode=5 state=1 player=(1248, 1344) pos=(1280, 1472) path=54
learned exit AreaKey { scene: 3, anchor: (160, 112) } event=53 -> AreaKey { scene: 1, anchor: (400, 344) }
scene 3 -> 1 at frame 2160 position (304, 264)
target scene=1 area=(400, 344) event=18 script=4643 mode=5 state=1 player=(464, 376) pos=(416, 400) path=2
learned targeted exit AreaKey { scene: 1, anchor: (400, 344) } event=18 -> AreaKey { scene: 3, anchor: (160, 112) }
learned exit AreaKey { scene: 1, anchor: (400, 344) } event=18 -> AreaKey { scene: 3, anchor: (160, 112) }
scene 1 -> 3 at frame 2162 position (1088, 1232)
target scene=3 area=(160, 112) event=49 script=6226 mode=5 state=1 player=(1248, 1344) pos=(1280, 1472) path=54
learned exit AreaKey { scene: 3, anchor: (160, 112) } event=53 -> AreaKey { scene: 1, anchor: (400, 344) }
scene 3 -> 1 at frame 2164 position (304, 264)
target scene=1 area=(400, 344) event=18 script=4643 mode=5 state=1 player=(464, 376) pos=(416, 400) path=2
learned targeted exit AreaKey { scene: 1, anchor: (400, 344) } event=18 -> AreaKey { scene: 3, anchor: (160, 112) }
learned exit AreaKey { scene: 1, anchor: (400, 344) } event=18 -> AreaKey { scene: 3, anchor: (160, 112) }
scene 1 -> 3 at frame 2166 position (1088, 1232)
target scene=3 area=(160, 112) event=49 script=6226 mode=5 state=1 player=(1248, 1344) pos=(1280, 1472) path=54
learned exit AreaKey { scene: 3, anchor: (160, 112) } event=53 -> AreaKey { scene: 1, anchor: (400, 344) }
scene 3 -> 1 at frame 2168 position (304, 264)
target scene=1 area=(400, 344) event=18 script=4643 mode=5 state=1 player=(464, 376) pos=(416, 400) path=2
learned targeted exit AreaKey { scene: 1, anchor: (400, 344) } event=18 -> AreaKey { scene: 3, anchor: (160, 112) }
learned exit AreaKey { scene: 1, anchor: (400, 344) } event=18 -> AreaKey { scene: 3, anchor: (160, 112) }
scene 1 -> 3 at frame 2170 position (1088, 1232)
target scene=3 area=(160, 112) event=49 script=6226 mode=5 state=1 player=(1248, 1344) pos=(1280, 1472) path=54
learned exit AreaKey { scene: 3, anchor: (160, 112) } event=53 -> AreaKey { scene: 1, anchor: (400, 344) }
scene 3 -> 1 at frame 2172 position (304, 264)
target scene=1 area=(400, 344) event=18 script=4643 mode=5 state=1 player=(464, 376) pos=(416, 400) path=2
learned targeted exit AreaKey { scene: 1, anchor: (400, 344) } event=18 -> AreaKey { scene: 3, anchor: (160, 112) }
learned exit AreaKey { scene: 1, anchor: (400, 344) } event=18 -> AreaKey { scene: 3, anchor: (160, 112) }
scene 1 -> 3 at frame 2174 position (1088, 1232)
target scene=3 area=(160, 112) event=49 script=6226 mode=5 state=1 player=(1248, 1344) pos=(1280, 1472) path=54
learned exit AreaKey { scene: 3, anchor: (160, 112) } event=53 -> AreaKey { scene: 1, anchor: (400, 344) }
scene 3 -> 1 at frame 2176 position (304, 264)
target scene=1 area=(400, 344) event=18 script=4643 mode=5 state=1 player=(464, 376) pos=(416, 400) path=2
learned targeted exit AreaKey { scene: 1, anchor: (400, 344) } event=18 -> AreaKey { scene: 3, anchor: (160, 112) }
learned exit AreaKey { scene: 1, anchor: (400, 344) } event=18 -> AreaKey { scene: 3, anchor: (160, 112) }
scene 1 -> 3 at frame 2178 position (1088, 1232)
target scene=3 area=(160, 112) event=49 script=6226 mode=5 state=1 player=(1248, 1344) pos=(1280, 1472) path=54
learned exit AreaKey { scene: 3, anchor: (160, 112) } event=53 -> AreaKey { scene: 1, anchor: (400, 344) }
scene 3 -> 1 at frame 2180 position (304, 264)
target scene=1 area=(400, 344) event=18 script=4643 mode=5 state=1 player=(464, 376) pos=(416, 400) path=2
learned targeted exit AreaKey { scene: 1, anchor: (400, 344) } event=18 -> AreaKey { scene: 3, anchor: (160, 112) }
learned exit AreaKey { scene: 1, anchor: (400, 344) } event=18 -> AreaKey { scene: 3, anchor: (160, 112) }
scene 1 -> 3 at frame 2182 position (1088, 1232)
target scene=3 area=(160, 112) event=49 script=6226 mode=5 state=1 player=(1248, 1344) pos=(1280, 1472) path=54
learned exit AreaKey { scene: 3, anchor: (160, 112) } event=53 -> AreaKey { scene: 1, anchor: (400, 344) }
scene 3 -> 1 at frame 2184 position (304, 264)
target scene=1 area=(400, 344) event=18 script=4643 mode=5 state=1 player=(464, 376) pos=(416, 400) path=2
learned targeted exit AreaKey { scene: 1, anchor: (400, 344) } event=18 -> AreaKey { scene: 3, anchor: (160, 112) }
learned exit AreaKey { scene: 1, anchor: (400, 344) } event=18 -> AreaKey { scene: 3, anchor: (160, 112) }
scene 1 -> 3 at frame 2186 position (1088, 1232)
target scene=3 area=(160, 112) event=49 script=6226 mode=5 state=1 player=(1248, 1344) pos=(1280, 1472) path=54
learned exit AreaKey { scene: 3, anchor: (160, 112) } event=53 -> AreaKey { scene: 1, anchor: (400, 344) }
scene 3 -> 1 at frame 2188 position (304, 264)
target scene=1 area=(400, 344) event=18 script=4643 mode=5 state=1 player=(464, 376) pos=(416, 400) path=2
learned targeted exit AreaKey { scene: 1, anchor: (400, 344) } event=18 -> AreaKey { scene: 3, anchor: (160, 112) }
learned exit AreaKey { scene: 1, anchor: (400, 344) } event=18 -> AreaKey { scene: 3, anchor: (160, 112) }
scene 1 -> 3 at frame 2190 position (1088, 1232)
target scene=3 area=(160, 112) event=49 script=6226 mode=5 state=1 player=(1248, 1344) pos=(1280, 1472) path=54
learned exit AreaKey { scene: 3, anchor: (160, 112) } event=53 -> AreaKey { scene: 1, anchor: (400, 344) }
scene 3 -> 1 at frame 2192 position (304, 264)
target scene=1 area=(400, 344) event=18 script=4643 mode=5 state=1 player=(464, 376) pos=(416, 400) path=2
learned targeted exit AreaKey { scene: 1, anchor: (400, 344) } event=18 -> AreaKey { scene: 3, anchor: (160, 112) }
learned exit AreaKey { scene: 1, anchor: (400, 344) } event=18 -> AreaKey { scene: 3, anchor: (160, 112) }
scene 1 -> 3 at frame 2194 position (1088, 1232)
target scene=3 area=(160, 112) event=49 script=6226 mode=5 state=1 player=(1248, 1344) pos=(1280, 1472) path=54
learned exit AreaKey { scene: 3, anchor: (160, 112) } event=53 -> AreaKey { scene: 1, anchor: (400, 344) }
scene 3 -> 1 at frame 2196 position (304, 264)
target scene=1 area=(400, 344) event=18 script=4643 mode=5 state=1 player=(464, 376) pos=(416, 400) path=2
learned targeted exit AreaKey { scene: 1, anchor: (400, 344) } event=18 -> AreaKey { scene: 3, anchor: (160, 112) }
learned exit AreaKey { scene: 1, anchor: (400, 344) } event=18 -> AreaKey { scene: 3, anchor: (160, 112) }
scene 1 -> 3 at frame 2198 position (1088, 1232)
target scene=3 area=(160, 112) event=49 script=6226 mode=5 state=1 player=(1248, 1344) pos=(1280, 1472) path=54
learned exit AreaKey { scene: 3, anchor: (160, 112) } event=53 -> AreaKey { scene: 1, anchor: (400, 344) }
scene 3 -> 1 at frame 2200 position (304, 264)
target scene=1 area=(400, 344) event=18 script=4643 mode=5 state=1 player=(464, 376) pos=(416, 400) path=2
learned targeted exit AreaKey { scene: 1, anchor: (400, 344) } event=18 -> AreaKey { scene: 3, anchor: (160, 112) }
learned exit AreaKey { scene: 1, anchor: (400, 344) } event=18 -> AreaKey { scene: 3, anchor: (160, 112) }
scene 1 -> 3 at frame 2202 position (1088, 1232)
target scene=3 area=(160, 112) event=49 script=6226 mode=5 state=1 player=(1248, 1344) pos=(1280, 1472) path=54
learned exit AreaKey { scene: 3, anchor: (160, 112) } event=53 -> AreaKey { scene: 1, anchor: (400, 344) }
scene 3 -> 1 at frame 2204 position (304, 264)
target scene=1 area=(400, 344) event=18 script=4643 mode=5 state=1 player=(464, 376) pos=(416, 400) path=2
learned targeted exit AreaKey { scene: 1, anchor: (400, 344) } event=18 -> AreaKey { scene: 3, anchor: (160, 112) }
learned exit AreaKey { scene: 1, anchor: (400, 344) } event=18 -> AreaKey { scene: 3, anchor: (160, 112) }
scene 1 -> 3 at frame 2206 position (1088, 1232)
target scene=3 area=(160, 112) event=49 script=6226 mode=5 state=1 player=(1248, 1344) pos=(1280, 1472) path=54
learned exit AreaKey { scene: 3, anchor: (160, 112) } event=53 -> AreaKey { scene: 1, anchor: (400, 344) }
scene 3 -> 1 at frame 2208 position (304, 264)
target scene=1 area=(400, 344) event=18 script=4643 mode=5 state=1 player=(464, 376) pos=(416, 400) path=2
learned targeted exit AreaKey { scene: 1, anchor: (400, 344) } event=18 -> AreaKey { scene: 3, anchor: (160, 112) }
learned exit AreaKey { scene: 1, anchor: (400, 344) } event=18 -> AreaKey { scene: 3, anchor: (160, 112) }
scene 1 -> 3 at frame 2210 position (1088, 1232)
target scene=3 area=(160, 112) event=49 script=6226 mode=5 state=1 player=(1248, 1344) pos=(1280, 1472) path=54
learned exit AreaKey { scene: 3, anchor: (160, 112) } event=53 -> AreaKey { scene: 1, anchor: (400, 344) }
scene 3 -> 1 at frame 2212 position (304, 264)
target scene=1 area=(400, 344) event=18 script=4643 mode=5 state=1 player=(464, 376) pos=(416, 400) path=2
learned targeted exit AreaKey { scene: 1, anchor: (400, 344) } event=18 -> AreaKey { scene: 3, anchor: (160, 112) }
learned exit AreaKey { scene: 1, anchor: (400, 344) } event=18 -> AreaKey { scene: 3, anchor: (160, 112) }
scene 1 -> 3 at frame 2214 position (1088, 1232)
target scene=3 area=(160, 112) event=49 script=6226 mode=5 state=1 player=(1248, 1344) pos=(1280, 1472) path=54
learned exit AreaKey { scene: 3, anchor: (160, 112) } event=53 -> AreaKey { scene: 1, anchor: (400, 344) }
scene 3 -> 1 at frame 2216 position (304, 264)
target scene=1 area=(400, 344) event=18 script=4643 mode=5 state=1 player=(464, 376) pos=(416, 400) path=2
learned targeted exit AreaKey { scene: 1, anchor: (400, 344) } event=18 -> AreaKey { scene: 3, anchor: (160, 112) }
learned exit AreaKey { scene: 1, anchor: (400, 344) } event=18 -> AreaKey { scene: 3, anchor: (160, 112) }
scene 1 -> 3 at frame 2218 position (1088, 1232)
target scene=3 area=(160, 112) event=49 script=6226 mode=5 state=1 player=(1248, 1344) pos=(1280, 1472) path=54
learned exit AreaKey { scene: 3, anchor: (160, 112) } event=53 -> AreaKey { scene: 1, anchor: (400, 344) }
scene 3 -> 1 at frame 2220 position (304, 264)
target scene=1 area=(400, 344) event=18 script=4643 mode=5 state=1 player=(464, 376) pos=(416, 400) path=2
learned targeted exit AreaKey { scene: 1, anchor: (400, 344) } event=18 -> AreaKey { scene: 3, anchor: (160, 112) }
learned exit AreaKey { scene: 1, anchor: (400, 344) } event=18 -> AreaKey { scene: 3, anchor: (160, 112) }
scene 1 -> 3 at frame 2222 position (1088, 1232)
target scene=3 area=(160, 112) event=49 script=6226 mode=5 state=1 player=(1248, 1344) pos=(1280, 1472) path=54
learned exit AreaKey { scene: 3, anchor: (160, 112) } event=53 -> AreaKey { scene: 1, anchor: (400, 344) }
scene 3 -> 1 at frame 2224 position (304, 264)
target scene=1 area=(400, 344) event=18 script=4643 mode=5 state=1 player=(464, 376) pos=(416, 400) path=2
learned targeted exit AreaKey { scene: 1, anchor: (400, 344) } event=18 -> AreaKey { scene: 3, anchor: (160, 112) }
learned exit AreaKey { scene: 1, anchor: (400, 344) } event=18 -> AreaKey { scene: 3, anchor: (160, 112) }
scene 1 -> 3 at frame 2226 position (1088, 1232)
target scene=3 area=(160, 112) event=49 script=6226 mode=5 state=1 player=(1248, 1344) pos=(1280, 1472) path=54
learned exit AreaKey { scene: 3, anchor: (160, 112) } event=53 -> AreaKey { scene: 1, anchor: (400, 344) }
scene 3 -> 1 at frame 2228 position (304, 264)
target scene=1 area=(400, 344) event=18 script=4643 mode=5 state=1 player=(464, 376) pos=(416, 400) path=2
learned targeted exit AreaKey { scene: 1, anchor: (400, 344) } event=18 -> AreaKey { scene: 3, anchor: (160, 112) }
learned exit AreaKey { scene: 1, anchor: (400, 344) } event=18 -> AreaKey { scene: 3, anchor: (160, 112) }
scene 1 -> 3 at frame 2230 position (1088, 1232)
target scene=3 area=(160, 112) event=49 script=6226 mode=5 state=1 player=(1248, 1344) pos=(1280, 1472) path=54
learned exit AreaKey { scene: 3, anchor: (160, 112) } event=53 -> AreaKey { scene: 1, anchor: (400, 344) }
scene 3 -> 1 at frame 2232 position (304, 264)
target scene=1 area=(400, 344) event=18 script=4643 mode=5 state=1 player=(464, 376) pos=(416, 400) path=2
learned targeted exit AreaKey { scene: 1, anchor: (400, 344) } event=18 -> AreaKey { scene: 3, anchor: (160, 112) }
learned exit AreaKey { scene: 1, anchor: (400, 344) } event=18 -> AreaKey { scene: 3, anchor: (160, 112) }
scene 1 -> 3 at frame 2234 position (1088, 1232)
target scene=3 area=(160, 112) event=49 script=6226 mode=5 state=1 player=(1248, 1344) pos=(1280, 1472) path=54
learned exit AreaKey { scene: 3, anchor: (160, 112) } event=53 -> AreaKey { scene: 1, anchor: (400, 344) }
scene 3 -> 1 at frame 2236 position (304, 264)
target scene=1 area=(400, 344) event=18 script=4643 mode=5 state=1 player=(464, 376) pos=(416, 400) path=2
learned targeted exit AreaKey { scene: 1, anchor: (400, 344) } event=18 -> AreaKey { scene: 3, anchor: (160, 112) }
learned exit AreaKey { scene: 1, anchor: (400, 344) } event=18 -> AreaKey { scene: 3, anchor: (160, 112) }
scene 1 -> 3 at frame 2238 position (1088, 1232)
target scene=3 area=(160, 112) event=49 script=6226 mode=5 state=1 player=(1248, 1344) pos=(1280, 1472) path=54
learned exit AreaKey { scene: 3, anchor: (160, 112) } event=53 -> AreaKey { scene: 1, anchor: (400, 344) }
scene 3 -> 1 at frame 2240 position (304, 264)
target scene=1 area=(400, 344) event=18 script=4643 mode=5 state=1 player=(464, 376) pos=(416, 400) path=2
learned targeted exit AreaKey { scene: 1, anchor: (400, 344) } event=18 -> AreaKey { scene: 3, anchor: (160, 112) }
learned exit AreaKey { scene: 1, anchor: (400, 344) } event=18 -> AreaKey { scene: 3, anchor: (160, 112) }
scene 1 -> 3 at frame 2242 position (1088, 1232)
target scene=3 area=(160, 112) event=49 script=6226 mode=5 state=1 player=(1248, 1344) pos=(1280, 1472) path=54
learned exit AreaKey { scene: 3, anchor: (160, 112) } event=53 -> AreaKey { scene: 1, anchor: (400, 344) }
scene 3 -> 1 at frame 2244 position (304, 264)
target scene=1 area=(400, 344) event=18 script=4643 mode=5 state=1 player=(464, 376) pos=(416, 400) path=2
learned targeted exit AreaKey { scene: 1, anchor: (400, 344) } event=18 -> AreaKey { scene: 3, anchor: (160, 112) }
learned exit AreaKey { scene: 1, anchor: (400, 344) } event=18 -> AreaKey { scene: 3, anchor: (160, 112) }
scene 1 -> 3 at frame 2246 position (1088, 1232)
target scene=3 area=(160, 112) event=49 script=6226 mode=5 state=1 player=(1248, 1344) pos=(1280, 1472) path=54
learned exit AreaKey { scene: 3, anchor: (160, 112) } event=53 -> AreaKey { scene: 1, anchor: (400, 344) }
scene 3 -> 1 at frame 2248 position (304, 264)
target scene=1 area=(400, 344) event=18 script=4643 mode=5 state=1 player=(464, 376) pos=(416, 400) path=2
learned targeted exit AreaKey { scene: 1, anchor: (400, 344) } event=18 -> AreaKey { scene: 3, anchor: (160, 112) }
learned exit AreaKey { scene: 1, anchor: (400, 344) } event=18 -> AreaKey { scene: 3, anchor: (160, 112) }
scene 1 -> 3 at frame 2250 position (1088, 1232)
target scene=3 area=(160, 112) event=49 script=6226 mode=5 state=1 player=(1248, 1344) pos=(1280, 1472) path=54
learned exit AreaKey { scene: 3, anchor: (160, 112) } event=53 -> AreaKey { scene: 1, anchor: (400, 344) }
scene 3 -> 1 at frame 2252 position (304, 264)
target scene=1 area=(400, 344) event=18 script=4643 mode=5 state=1 player=(464, 376) pos=(416, 400) path=2
learned targeted exit AreaKey { scene: 1, anchor: (400, 344) } event=18 -> AreaKey { scene: 3, anchor: (160, 112) }
learned exit AreaKey { scene: 1, anchor: (400, 344) } event=18 -> AreaKey { scene: 3, anchor: (160, 112) }
scene 1 -> 3 at frame 2254 position (1088, 1232)
target scene=3 area=(160, 112) event=49 script=6226 mode=5 state=1 player=(1248, 1344) pos=(1280, 1472) path=54
learned exit AreaKey { scene: 3, anchor: (160, 112) } event=53 -> AreaKey { scene: 1, anchor: (400, 344) }
scene 3 -> 1 at frame 2256 position (304, 264)
target scene=1 area=(400, 344) event=18 script=4643 mode=5 state=1 player=(464, 376) pos=(416, 400) path=2
learned targeted exit AreaKey { scene: 1, anchor: (400, 344) } event=18 -> AreaKey { scene: 3, anchor: (160, 112) }
learned exit AreaKey { scene: 1, anchor: (400, 344) } event=18 -> AreaKey { scene: 3, anchor: (160, 112) }
scene 1 -> 3 at frame 2258 position (1088, 1232)
target scene=3 area=(160, 112) event=49 script=6226 mode=5 state=1 player=(1248, 1344) pos=(1280, 1472) path=54
learned exit AreaKey { scene: 3, anchor: (160, 112) } event=53 -> AreaKey { scene: 1, anchor: (400, 344) }
scene 3 -> 1 at frame 2260 position (304, 264)
target scene=1 area=(400, 344) event=18 script=4643 mode=5 state=1 player=(464, 376) pos=(416, 400) path=2
learned targeted exit AreaKey { scene: 1, anchor: (400, 344) } event=18 -> AreaKey { scene: 3, anchor: (160, 112) }
learned exit AreaKey { scene: 1, anchor: (400, 344) } event=18 -> AreaKey { scene: 3, anchor: (160, 112) }
scene 1 -> 3 at frame 2262 position (1088, 1232)
target scene=3 area=(160, 112) event=49 script=6226 mode=5 state=1 player=(1248, 1344) pos=(1280, 1472) path=54
learned exit AreaKey { scene: 3, anchor: (160, 112) } event=53 -> AreaKey { scene: 1, anchor: (400, 344) }
scene 3 -> 1 at frame 2264 position (304, 264)
target scene=1 area=(400, 344) event=18 script=4643 mode=5 state=1 player=(464, 376) pos=(416, 400) path=2
learned targeted exit AreaKey { scene: 1, anchor: (400, 344) } event=18 -> AreaKey { scene: 3, anchor: (160, 112) }
learned exit AreaKey { scene: 1, anchor: (400, 344) } event=18 -> AreaKey { scene: 3, anchor: (160, 112) }
scene 1 -> 3 at frame 2266 position (1088, 1232)
target scene=3 area=(160, 112) event=49 script=6226 mode=5 state=1 player=(1248, 1344) pos=(1280, 1472) path=54
learned exit AreaKey { scene: 3, anchor: (160, 112) } event=53 -> AreaKey { scene: 1, anchor: (400, 344) }
scene 3 -> 1 at frame 2268 position (304, 264)
target scene=1 area=(400, 344) event=18 script=4643 mode=5 state=1 player=(464, 376) pos=(416, 400) path=2
learned targeted exit AreaKey { scene: 1, anchor: (400, 344) } event=18 -> AreaKey { scene: 3, anchor: (160, 112) }
learned exit AreaKey { scene: 1, anchor: (400, 344) } event=18 -> AreaKey { scene: 3, anchor: (160, 112) }
scene 1 -> 3 at frame 2270 position (1088, 1232)
target scene=3 area=(160, 112) event=49 script=6226 mode=5 state=1 player=(1248, 1344) pos=(1280, 1472) path=54
learned exit AreaKey { scene: 3, anchor: (160, 112) } event=53 -> AreaKey { scene: 1, anchor: (400, 344) }
scene 3 -> 1 at frame 2272 position (304, 264)
target scene=1 area=(400, 344) event=18 script=4643 mode=5 state=1 player=(464, 376) pos=(416, 400) path=2
learned targeted exit AreaKey { scene: 1, anchor: (400, 344) } event=18 -> AreaKey { scene: 3, anchor: (160, 112) }
learned exit AreaKey { scene: 1, anchor: (400, 344) } event=18 -> AreaKey { scene: 3, anchor: (160, 112) }
scene 1 -> 3 at frame 2274 position (1088, 1232)
target scene=3 area=(160, 112) event=49 script=6226 mode=5 state=1 player=(1248, 1344) pos=(1280, 1472) path=54
learned exit AreaKey { scene: 3, anchor: (160, 112) } event=53 -> AreaKey { scene: 1, anchor: (400, 344) }
scene 3 -> 1 at frame 2276 position (304, 264)
target scene=1 area=(400, 344) event=18 script=4643 mode=5 state=1 player=(464, 376) pos=(416, 400) path=2
learned targeted exit AreaKey { scene: 1, anchor: (400, 344) } event=18 -> AreaKey { scene: 3, anchor: (160, 112) }
learned exit AreaKey { scene: 1, anchor: (400, 344) } event=18 -> AreaKey { scene: 3, anchor: (160, 112) }
scene 1 -> 3 at frame 2278 position (1088, 1232)
target scene=3 area=(160, 112) event=49 script=6226 mode=5 state=1 player=(1248, 1344) pos=(1280, 1472) path=54
learned exit AreaKey { scene: 3, anchor: (160, 112) } event=53 -> AreaKey { scene: 1, anchor: (400, 344) }
scene 3 -> 1 at frame 2280 position (304, 264)
target scene=1 area=(400, 344) event=18 script=4643 mode=5 state=1 player=(464, 376) pos=(416, 400) path=2
learned targeted exit AreaKey { scene: 1, anchor: (400, 344) } event=18 -> AreaKey { scene: 3, anchor: (160, 112) }
learned exit AreaKey { scene: 1, anchor: (400, 344) } event=18 -> AreaKey { scene: 3, anchor: (160, 112) }
scene 1 -> 3 at frame 2282 position (1088, 1232)
target scene=3 area=(160, 112) event=49 script=6226 mode=5 state=1 player=(1248, 1344) pos=(1280, 1472) path=54
learned exit AreaKey { scene: 3, anchor: (160, 112) } event=53 -> AreaKey { scene: 1, anchor: (400, 344) }
scene 3 -> 1 at frame 2284 position (304, 264)
target scene=1 area=(400, 344) event=18 script=4643 mode=5 state=1 player=(464, 376) pos=(416, 400) path=2
learned targeted exit AreaKey { scene: 1, anchor: (400, 344) } event=18 -> AreaKey { scene: 3, anchor: (160, 112) }
learned exit AreaKey { scene: 1, anchor: (400, 344) } event=18 -> AreaKey { scene: 3, anchor: (160, 112) }
scene 1 -> 3 at frame 2286 position (1088, 1232)
target scene=3 area=(160, 112) event=49 script=6226 mode=5 state=1 player=(1248, 1344) pos=(1280, 1472) path=54
learned exit AreaKey { scene: 3, anchor: (160, 112) } event=53 -> AreaKey { scene: 1, anchor: (400, 344) }
scene 3 -> 1 at frame 2288 position (304, 264)
target scene=1 area=(400, 344) event=18 script=4643 mode=5 state=1 player=(464, 376) pos=(416, 400) path=2
learned targeted exit AreaKey { scene: 1, anchor: (400, 344) } event=18 -> AreaKey { scene: 3, anchor: (160, 112) }
learned exit AreaKey { scene: 1, anchor: (400, 344) } event=18 -> AreaKey { scene: 3, anchor: (160, 112) }
scene 1 -> 3 at frame 2290 position (1088, 1232)
target scene=3 area=(160, 112) event=49 script=6226 mode=5 state=1 player=(1248, 1344) pos=(1280, 1472) path=54
learned exit AreaKey { scene: 3, anchor: (160, 112) } event=53 -> AreaKey { scene: 1, anchor: (400, 344) }
scene 3 -> 1 at frame 2292 position (304, 264)
target scene=1 area=(400, 344) event=18 script=4643 mode=5 state=1 player=(464, 376) pos=(416, 400) path=2
learned targeted exit AreaKey { scene: 1, anchor: (400, 344) } event=18 -> AreaKey { scene: 3, anchor: (160, 112) }
learned exit AreaKey { scene: 1, anchor: (400, 344) } event=18 -> AreaKey { scene: 3, anchor: (160, 112) }
scene 1 -> 3 at frame 2294 position (1088, 1232)
target scene=3 area=(160, 112) event=49 script=6226 mode=5 state=1 player=(1248, 1344) pos=(1280, 1472) path=54
learned exit AreaKey { scene: 3, anchor: (160, 112) } event=53 -> AreaKey { scene: 1, anchor: (400, 344) }
scene 3 -> 1 at frame 2296 position (304, 264)
target scene=1 area=(400, 344) event=18 script=4643 mode=5 state=1 player=(464, 376) pos=(416, 400) path=2
learned targeted exit AreaKey { scene: 1, anchor: (400, 344) } event=18 -> AreaKey { scene: 3, anchor: (160, 112) }
learned exit AreaKey { scene: 1, anchor: (400, 344) } event=18 -> AreaKey { scene: 3, anchor: (160, 112) }
scene 1 -> 3 at frame 2298 position (1088, 1232)
target scene=3 area=(160, 112) event=49 script=6226 mode=5 state=1 player=(1248, 1344) pos=(1280, 1472) path=54
learned exit AreaKey { scene: 3, anchor: (160, 112) } event=53 -> AreaKey { scene: 1, anchor: (400, 344) }
scene 3 -> 1 at frame 2300 position (304, 264)
target scene=1 area=(400, 344) event=18 script=4643 mode=5 state=1 player=(464, 376) pos=(416, 400) path=2
learned targeted exit AreaKey { scene: 1, anchor: (400, 344) } event=18 -> AreaKey { scene: 3, anchor: (160, 112) }
learned exit AreaKey { scene: 1, anchor: (400, 344) } event=18 -> AreaKey { scene: 3, anchor: (160, 112) }
scene 1 -> 3 at frame 2302 position (1088, 1232)
target scene=3 area=(160, 112) event=49 script=6226 mode=5 state=1 player=(1248, 1344) pos=(1280, 1472) path=54
learned exit AreaKey { scene: 3, anchor: (160, 112) } event=53 -> AreaKey { scene: 1, anchor: (400, 344) }
scene 3 -> 1 at frame 2304 position (304, 264)
target scene=1 area=(400, 344) event=18 script=4643 mode=5 state=1 player=(464, 376) pos=(416, 400) path=2
learned targeted exit AreaKey { scene: 1, anchor: (400, 344) } event=18 -> AreaKey { scene: 3, anchor: (160, 112) }
learned exit AreaKey { scene: 1, anchor: (400, 344) } event=18 -> AreaKey { scene: 3, anchor: (160, 112) }
scene 1 -> 3 at frame 2306 position (1088, 1232)
target scene=3 area=(160, 112) event=49 script=6226 mode=5 state=1 player=(1248, 1344) pos=(1280, 1472) path=54
learned exit AreaKey { scene: 3, anchor: (160, 112) } event=53 -> AreaKey { scene: 1, anchor: (400, 344) }
scene 3 -> 1 at frame 2308 position (304, 264)
target scene=1 area=(400, 344) event=18 script=4643 mode=5 state=1 player=(464, 376) pos=(416, 400) path=2
learned targeted exit AreaKey { scene: 1, anchor: (400, 344) } event=18 -> AreaKey { scene: 3, anchor: (160, 112) }
learned exit AreaKey { scene: 1, anchor: (400, 344) } event=18 -> AreaKey { scene: 3, anchor: (160, 112) }
scene 1 -> 3 at frame 2310 position (1088, 1232)
target scene=3 area=(160, 112) event=49 script=6226 mode=5 state=1 player=(1248, 1344) pos=(1280, 1472) path=54
learned exit AreaKey { scene: 3, anchor: (160, 112) } event=53 -> AreaKey { scene: 1, anchor: (400, 344) }
scene 3 -> 1 at frame 2312 position (304, 264)
target scene=1 area=(400, 344) event=18 script=4643 mode=5 state=1 player=(464, 376) pos=(416, 400) path=2
learned targeted exit AreaKey { scene: 1, anchor: (400, 344) } event=18 -> AreaKey { scene: 3, anchor: (160, 112) }
learned exit AreaKey { scene: 1, anchor: (400, 344) } event=18 -> AreaKey { scene: 3, anchor: (160, 112) }
scene 1 -> 3 at frame 2314 position (1088, 1232)
target scene=3 area=(160, 112) event=49 script=6226 mode=5 state=1 player=(1248, 1344) pos=(1280, 1472) path=54
learned exit AreaKey { scene: 3, anchor: (160, 112) } event=53 -> AreaKey { scene: 1, anchor: (400, 344) }
scene 3 -> 1 at frame 2316 position (304, 264)
target scene=1 area=(400, 344) event=18 script=4643 mode=5 state=1 player=(464, 376) pos=(416, 400) path=2
learned targeted exit AreaKey { scene: 1, anchor: (400, 344) } event=18 -> AreaKey { scene: 3, anchor: (160, 112) }
learned exit AreaKey { scene: 1, anchor: (400, 344) } event=18 -> AreaKey { scene: 3, anchor: (160, 112) }
scene 1 -> 3 at frame 2318 position (1088, 1232)
target scene=3 area=(160, 112) event=49 script=6226 mode=5 state=1 player=(1248, 1344) pos=(1280, 1472) path=54
learned exit AreaKey { scene: 3, anchor: (160, 112) } event=53 -> AreaKey { scene: 1, anchor: (400, 344) }
scene 3 -> 1 at frame 2320 position (304, 264)
target scene=1 area=(400, 344) event=18 script=4643 mode=5 state=1 player=(464, 376) pos=(416, 400) path=2
learned targeted exit AreaKey { scene: 1, anchor: (400, 344) } event=18 -> AreaKey { scene: 3, anchor: (160, 112) }
learned exit AreaKey { scene: 1, anchor: (400, 344) } event=18 -> AreaKey { scene: 3, anchor: (160, 112) }
scene 1 -> 3 at frame 2322 position (1088, 1232)
target scene=3 area=(160, 112) event=49 script=6226 mode=5 state=1 player=(1248, 1344) pos=(1280, 1472) path=54
learned exit AreaKey { scene: 3, anchor: (160, 112) } event=53 -> AreaKey { scene: 1, anchor: (400, 344) }
scene 3 -> 1 at frame 2324 position (304, 264)
target scene=1 area=(400, 344) event=18 script=4643 mode=5 state=1 player=(464, 376) pos=(416, 400) path=2
learned targeted exit AreaKey { scene: 1, anchor: (400, 344) } event=18 -> AreaKey { scene: 3, anchor: (160, 112) }
learned exit AreaKey { scene: 1, anchor: (400, 344) } event=18 -> AreaKey { scene: 3, anchor: (160, 112) }
scene 1 -> 3 at frame 2326 position (1088, 1232)
target scene=3 area=(160, 112) event=49 script=6226 mode=5 state=1 player=(1248, 1344) pos=(1280, 1472) path=54
learned exit AreaKey { scene: 3, anchor: (160, 112) } event=53 -> AreaKey { scene: 1, anchor: (400, 344) }
scene 3 -> 1 at frame 2328 position (304, 264)
target scene=1 area=(400, 344) event=18 script=4643 mode=5 state=1 player=(464, 376) pos=(416, 400) path=2
learned targeted exit AreaKey { scene: 1, anchor: (400, 344) } event=18 -> AreaKey { scene: 3, anchor: (160, 112) }
learned exit AreaKey { scene: 1, anchor: (400, 344) } event=18 -> AreaKey { scene: 3, anchor: (160, 112) }
scene 1 -> 3 at frame 2330 position (1088, 1232)
target scene=3 area=(160, 112) event=49 script=6226 mode=5 state=1 player=(1248, 1344) pos=(1280, 1472) path=54
learned exit AreaKey { scene: 3, anchor: (160, 112) } event=53 -> AreaKey { scene: 1, anchor: (400, 344) }
scene 3 -> 1 at frame 2332 position (304, 264)
target scene=1 area=(400, 344) event=18 script=4643 mode=5 state=1 player=(464, 376) pos=(416, 400) path=2
learned targeted exit AreaKey { scene: 1, anchor: (400, 344) } event=18 -> AreaKey { scene: 3, anchor: (160, 112) }
learned exit AreaKey { scene: 1, anchor: (400, 344) } event=18 -> AreaKey { scene: 3, anchor: (160, 112) }
scene 1 -> 3 at frame 2334 position (1088, 1232)
target scene=3 area=(160, 112) event=49 script=6226 mode=5 state=1 player=(1248, 1344) pos=(1280, 1472) path=54
learned exit AreaKey { scene: 3, anchor: (160, 112) } event=53 -> AreaKey { scene: 1, anchor: (400, 344) }
scene 3 -> 1 at frame 2336 position (304, 264)
target scene=1 area=(400, 344) event=18 script=4643 mode=5 state=1 player=(464, 376) pos=(416, 400) path=2
learned targeted exit AreaKey { scene: 1, anchor: (400, 344) } event=18 -> AreaKey { scene: 3, anchor: (160, 112) }
learned exit AreaKey { scene: 1, anchor: (400, 344) } event=18 -> AreaKey { scene: 3, anchor: (160, 112) }
scene 1 -> 3 at frame 2338 position (1088, 1232)
target scene=3 area=(160, 112) event=49 script=6226 mode=5 state=1 player=(1248, 1344) pos=(1280, 1472) path=54
learned exit AreaKey { scene: 3, anchor: (160, 112) } event=53 -> AreaKey { scene: 1, anchor: (400, 344) }
scene 3 -> 1 at frame 2340 position (304, 264)
target scene=1 area=(400, 344) event=18 script=4643 mode=5 state=1 player=(464, 376) pos=(416, 400) path=2
learned targeted exit AreaKey { scene: 1, anchor: (400, 344) } event=18 -> AreaKey { scene: 3, anchor: (160, 112) }
learned exit AreaKey { scene: 1, anchor: (400, 344) } event=18 -> AreaKey { scene: 3, anchor: (160, 112) }
scene 1 -> 3 at frame 2342 position (1088, 1232)
target scene=3 area=(160, 112) event=49 script=6226 mode=5 state=1 player=(1248, 1344) pos=(1280, 1472) path=54
learned exit AreaKey { scene: 3, anchor: (160, 112) } event=53 -> AreaKey { scene: 1, anchor: (400, 344) }
scene 3 -> 1 at frame 2344 position (304, 264)
target scene=1 area=(400, 344) event=18 script=4643 mode=5 state=1 player=(464, 376) pos=(416, 400) path=2
learned targeted exit AreaKey { scene: 1, anchor: (400, 344) } event=18 -> AreaKey { scene: 3, anchor: (160, 112) }
learned exit AreaKey { scene: 1, anchor: (400, 344) } event=18 -> AreaKey { scene: 3, anchor: (160, 112) }
scene 1 -> 3 at frame 2346 position (1088, 1232)
target scene=3 area=(160, 112) event=49 script=6226 mode=5 state=1 player=(1248, 1344) pos=(1280, 1472) path=54
learned exit AreaKey { scene: 3, anchor: (160, 112) } event=53 -> AreaKey { scene: 1, anchor: (400, 344) }
scene 3 -> 1 at frame 2348 position (304, 264)
target scene=1 area=(400, 344) event=18 script=4643 mode=5 state=1 player=(464, 376) pos=(416, 400) path=2
learned targeted exit AreaKey { scene: 1, anchor: (400, 344) } event=18 -> AreaKey { scene: 3, anchor: (160, 112) }
learned exit AreaKey { scene: 1, anchor: (400, 344) } event=18 -> AreaKey { scene: 3, anchor: (160, 112) }
scene 1 -> 3 at frame 2350 position (1088, 1232)
target scene=3 area=(160, 112) event=49 script=6226 mode=5 state=1 player=(1248, 1344) pos=(1280, 1472) path=54
learned exit AreaKey { scene: 3, anchor: (160, 112) } event=53 -> AreaKey { scene: 1, anchor: (400, 344) }
scene 3 -> 1 at frame 2352 position (304, 264)
target scene=1 area=(400, 344) event=18 script=4643 mode=5 state=1 player=(464, 376) pos=(416, 400) path=2
learned targeted exit AreaKey { scene: 1, anchor: (400, 344) } event=18 -> AreaKey { scene: 3, anchor: (160, 112) }
learned exit AreaKey { scene: 1, anchor: (400, 344) } event=18 -> AreaKey { scene: 3, anchor: (160, 112) }
scene 1 -> 3 at frame 2354 position (1088, 1232)
target scene=3 area=(160, 112) event=49 script=6226 mode=5 state=1 player=(1248, 1344) pos=(1280, 1472) path=54
learned exit AreaKey { scene: 3, anchor: (160, 112) } event=53 -> AreaKey { scene: 1, anchor: (400, 344) }
scene 3 -> 1 at frame 2356 position (304, 264)
target scene=1 area=(400, 344) event=18 script=4643 mode=5 state=1 player=(464, 376) pos=(416, 400) path=2
learned targeted exit AreaKey { scene: 1, anchor: (400, 344) } event=18 -> AreaKey { scene: 3, anchor: (160, 112) }
learned exit AreaKey { scene: 1, anchor: (400, 344) } event=18 -> AreaKey { scene: 3, anchor: (160, 112) }
scene 1 -> 3 at frame 2358 position (1088, 1232)
target scene=3 area=(160, 112) event=49 script=6226 mode=5 state=1 player=(1248, 1344) pos=(1280, 1472) path=54
learned exit AreaKey { scene: 3, anchor: (160, 112) } event=53 -> AreaKey { scene: 1, anchor: (400, 344) }
scene 3 -> 1 at frame 2360 position (304, 264)
target scene=1 area=(400, 344) event=18 script=4643 mode=5 state=1 player=(464, 376) pos=(416, 400) path=2
learned targeted exit AreaKey { scene: 1, anchor: (400, 344) } event=18 -> AreaKey { scene: 3, anchor: (160, 112) }
learned exit AreaKey { scene: 1, anchor: (400, 344) } event=18 -> AreaKey { scene: 3, anchor: (160, 112) }
scene 1 -> 3 at frame 2362 position (1088, 1232)
target scene=3 area=(160, 112) event=49 script=6226 mode=5 state=1 player=(1248, 1344) pos=(1280, 1472) path=54
learned exit AreaKey { scene: 3, anchor: (160, 112) } event=53 -> AreaKey { scene: 1, anchor: (400, 344) }
scene 3 -> 1 at frame 2364 position (304, 264)
target scene=1 area=(400, 344) event=18 script=4643 mode=5 state=1 player=(464, 376) pos=(416, 400) path=2
learned targeted exit AreaKey { scene: 1, anchor: (400, 344) } event=18 -> AreaKey { scene: 3, anchor: (160, 112) }
learned exit AreaKey { scene: 1, anchor: (400, 344) } event=18 -> AreaKey { scene: 3, anchor: (160, 112) }
scene 1 -> 3 at frame 2366 position (1088, 1232)
target scene=3 area=(160, 112) event=49 script=6226 mode=5 state=1 player=(1248, 1344) pos=(1280, 1472) path=54
learned exit AreaKey { scene: 3, anchor: (160, 112) } event=53 -> AreaKey { scene: 1, anchor: (400, 344) }
scene 3 -> 1 at frame 2368 position (304, 264)
target scene=1 area=(400, 344) event=18 script=4643 mode=5 state=1 player=(464, 376) pos=(416, 400) path=2
learned targeted exit AreaKey { scene: 1, anchor: (400, 344) } event=18 -> AreaKey { scene: 3, anchor: (160, 112) }
learned exit AreaKey { scene: 1, anchor: (400, 344) } event=18 -> AreaKey { scene: 3, anchor: (160, 112) }
scene 1 -> 3 at frame 2370 position (1088, 1232)
target scene=3 area=(160, 112) event=49 script=6226 mode=5 state=1 player=(1248, 1344) pos=(1280, 1472) path=54
learned exit AreaKey { scene: 3, anchor: (160, 112) } event=53 -> AreaKey { scene: 1, anchor: (400, 344) }
scene 3 -> 1 at frame 2372 position (304, 264)
target scene=1 area=(400, 344) event=18 script=4643 mode=5 state=1 player=(464, 376) pos=(416, 400) path=2
learned targeted exit AreaKey { scene: 1, anchor: (400, 344) } event=18 -> AreaKey { scene: 3, anchor: (160, 112) }
learned exit AreaKey { scene: 1, anchor: (400, 344) } event=18 -> AreaKey { scene: 3, anchor: (160, 112) }
scene 1 -> 3 at frame 2374 position (1088, 1232)
target scene=3 area=(160, 112) event=49 script=6226 mode=5 state=1 player=(1248, 1344) pos=(1280, 1472) path=54
learned exit AreaKey { scene: 3, anchor: (160, 112) } event=53 -> AreaKey { scene: 1, anchor: (400, 344) }
scene 3 -> 1 at frame 2376 position (304, 264)
target scene=1 area=(400, 344) event=18 script=4643 mode=5 state=1 player=(464, 376) pos=(416, 400) path=2
learned targeted exit AreaKey { scene: 1, anchor: (400, 344) } event=18 -> AreaKey { scene: 3, anchor: (160, 112) }
learned exit AreaKey { scene: 1, anchor: (400, 344) } event=18 -> AreaKey { scene: 3, anchor: (160, 112) }
scene 1 -> 3 at frame 2378 position (1088, 1232)
target scene=3 area=(160, 112) event=49 script=6226 mode=5 state=1 player=(1248, 1344) pos=(1280, 1472) path=54
learned exit AreaKey { scene: 3, anchor: (160, 112) } event=53 -> AreaKey { scene: 1, anchor: (400, 344) }
scene 3 -> 1 at frame 2380 position (304, 264)
target scene=1 area=(400, 344) event=18 script=4643 mode=5 state=1 player=(464, 376) pos=(416, 400) path=2
learned targeted exit AreaKey { scene: 1, anchor: (400, 344) } event=18 -> AreaKey { scene: 3, anchor: (160, 112) }
learned exit AreaKey { scene: 1, anchor: (400, 344) } event=18 -> AreaKey { scene: 3, anchor: (160, 112) }
scene 1 -> 3 at frame 2382 position (1088, 1232)
target scene=3 area=(160, 112) event=49 script=6226 mode=5 state=1 player=(1248, 1344) pos=(1280, 1472) path=54
learned exit AreaKey { scene: 3, anchor: (160, 112) } event=53 -> AreaKey { scene: 1, anchor: (400, 344) }
scene 3 -> 1 at frame 2384 position (304, 264)
target scene=1 area=(400, 344) event=18 script=4643 mode=5 state=1 player=(464, 376) pos=(416, 400) path=2
learned targeted exit AreaKey { scene: 1, anchor: (400, 344) } event=18 -> AreaKey { scene: 3, anchor: (160, 112) }
learned exit AreaKey { scene: 1, anchor: (400, 344) } event=18 -> AreaKey { scene: 3, anchor: (160, 112) }
scene 1 -> 3 at frame 2386 position (1088, 1232)
target scene=3 area=(160, 112) event=49 script=6226 mode=5 state=1 player=(1248, 1344) pos=(1280, 1472) path=54
learned exit AreaKey { scene: 3, anchor: (160, 112) } event=53 -> AreaKey { scene: 1, anchor: (400, 344) }
scene 3 -> 1 at frame 2388 position (304, 264)
target scene=1 area=(400, 344) event=18 script=4643 mode=5 state=1 player=(464, 376) pos=(416, 400) path=2
learned targeted exit AreaKey { scene: 1, anchor: (400, 344) } event=18 -> AreaKey { scene: 3, anchor: (160, 112) }
learned exit AreaKey { scene: 1, anchor: (400, 344) } event=18 -> AreaKey { scene: 3, anchor: (160, 112) }
scene 1 -> 3 at frame 2390 position (1088, 1232)
target scene=3 area=(160, 112) event=49 script=6226 mode=5 state=1 player=(1248, 1344) pos=(1280, 1472) path=54
learned exit AreaKey { scene: 3, anchor: (160, 112) } event=53 -> AreaKey { scene: 1, anchor: (400, 344) }
scene 3 -> 1 at frame 2392 position (304, 264)
target scene=1 area=(400, 344) event=18 script=4643 mode=5 state=1 player=(464, 376) pos=(416, 400) path=2
learned targeted exit AreaKey { scene: 1, anchor: (400, 344) } event=18 -> AreaKey { scene: 3, anchor: (160, 112) }
learned exit AreaKey { scene: 1, anchor: (400, 344) } event=18 -> AreaKey { scene: 3, anchor: (160, 112) }
scene 1 -> 3 at frame 2394 position (1088, 1232)
target scene=3 area=(160, 112) event=49 script=6226 mode=5 state=1 player=(1248, 1344) pos=(1280, 1472) path=54
learned exit AreaKey { scene: 3, anchor: (160, 112) } event=53 -> AreaKey { scene: 1, anchor: (400, 344) }
scene 3 -> 1 at frame 2396 position (304, 264)
target scene=1 area=(400, 344) event=18 script=4643 mode=5 state=1 player=(464, 376) pos=(416, 400) path=2
learned targeted exit AreaKey { scene: 1, anchor: (400, 344) } event=18 -> AreaKey { scene: 3, anchor: (160, 112) }
learned exit AreaKey { scene: 1, anchor: (400, 344) } event=18 -> AreaKey { scene: 3, anchor: (160, 112) }
scene 1 -> 3 at frame 2398 position (1088, 1232)
target scene=3 area=(160, 112) event=49 script=6226 mode=5 state=1 player=(1248, 1344) pos=(1280, 1472) path=54
learned exit AreaKey { scene: 3, anchor: (160, 112) } event=53 -> AreaKey { scene: 1, anchor: (400, 344) }
scene 3 -> 1 at frame 2400 position (304, 264)
target scene=1 area=(400, 344) event=18 script=4643 mode=5 state=1 player=(464, 376) pos=(416, 400) path=2
learned targeted exit AreaKey { scene: 1, anchor: (400, 344) } event=18 -> AreaKey { scene: 3, anchor: (160, 112) }
learned exit AreaKey { scene: 1, anchor: (400, 344) } event=18 -> AreaKey { scene: 3, anchor: (160, 112) }
scene 1 -> 3 at frame 2402 position (1088, 1232)
target scene=3 area=(160, 112) event=49 script=6226 mode=5 state=1 player=(1248, 1344) pos=(1280, 1472) path=54
learned exit AreaKey { scene: 3, anchor: (160, 112) } event=53 -> AreaKey { scene: 1, anchor: (400, 344) }
scene 3 -> 1 at frame 2404 position (304, 264)
target scene=1 area=(400, 344) event=18 script=4643 mode=5 state=1 player=(464, 376) pos=(416, 400) path=2
learned targeted exit AreaKey { scene: 1, anchor: (400, 344) } event=18 -> AreaKey { scene: 3, anchor: (160, 112) }
learned exit AreaKey { scene: 1, anchor: (400, 344) } event=18 -> AreaKey { scene: 3, anchor: (160, 112) }
scene 1 -> 3 at frame 2406 position (1088, 1232)
target scene=3 area=(160, 112) event=49 script=6226 mode=5 state=1 player=(1248, 1344) pos=(1280, 1472) path=54
learned exit AreaKey { scene: 3, anchor: (160, 112) } event=53 -> AreaKey { scene: 1, anchor: (400, 344) }
scene 3 -> 1 at frame 2408 position (304, 264)
target scene=1 area=(400, 344) event=18 script=4643 mode=5 state=1 player=(464, 376) pos=(416, 400) path=2
learned targeted exit AreaKey { scene: 1, anchor: (400, 344) } event=18 -> AreaKey { scene: 3, anchor: (160, 112) }
learned exit AreaKey { scene: 1, anchor: (400, 344) } event=18 -> AreaKey { scene: 3, anchor: (160, 112) }
scene 1 -> 3 at frame 2410 position (1088, 1232)
target scene=3 area=(160, 112) event=49 script=6226 mode=5 state=1 player=(1248, 1344) pos=(1280, 1472) path=54
learned exit AreaKey { scene: 3, anchor: (160, 112) } event=53 -> AreaKey { scene: 1, anchor: (400, 344) }
scene 3 -> 1 at frame 2412 position (304, 264)
target scene=1 area=(400, 344) event=18 script=4643 mode=5 state=1 player=(464, 376) pos=(416, 400) path=2
learned targeted exit AreaKey { scene: 1, anchor: (400, 344) } event=18 -> AreaKey { scene: 3, anchor: (160, 112) }
learned exit AreaKey { scene: 1, anchor: (400, 344) } event=18 -> AreaKey { scene: 3, anchor: (160, 112) }
scene 1 -> 3 at frame 2414 position (1088, 1232)
target scene=3 area=(160, 112) event=49 script=6226 mode=5 state=1 player=(1248, 1344) pos=(1280, 1472) path=54
learned exit AreaKey { scene: 3, anchor: (160, 112) } event=53 -> AreaKey { scene: 1, anchor: (400, 344) }
scene 3 -> 1 at frame 2416 position (304, 264)
target scene=1 area=(400, 344) event=18 script=4643 mode=5 state=1 player=(464, 376) pos=(416, 400) path=2
learned targeted exit AreaKey { scene: 1, anchor: (400, 344) } event=18 -> AreaKey { scene: 3, anchor: (160, 112) }
learned exit AreaKey { scene: 1, anchor: (400, 344) } event=18 -> AreaKey { scene: 3, anchor: (160, 112) }
scene 1 -> 3 at frame 2418 position (1088, 1232)
target scene=3 area=(160, 112) event=49 script=6226 mode=5 state=1 player=(1248, 1344) pos=(1280, 1472) path=54
learned exit AreaKey { scene: 3, anchor: (160, 112) } event=53 -> AreaKey { scene: 1, anchor: (400, 344) }
scene 3 -> 1 at frame 2420 position (304, 264)
target scene=1 area=(400, 344) event=18 script=4643 mode=5 state=1 player=(464, 376) pos=(416, 400) path=2
learned targeted exit AreaKey { scene: 1, anchor: (400, 344) } event=18 -> AreaKey { scene: 3, anchor: (160, 112) }
learned exit AreaKey { scene: 1, anchor: (400, 344) } event=18 -> AreaKey { scene: 3, anchor: (160, 112) }
scene 1 -> 3 at frame 2422 position (1088, 1232)
target scene=3 area=(160, 112) event=49 script=6226 mode=5 state=1 player=(1248, 1344) pos=(1280, 1472) path=54
learned exit AreaKey { scene: 3, anchor: (160, 112) } event=53 -> AreaKey { scene: 1, anchor: (400, 344) }
scene 3 -> 1 at frame 2424 position (304, 264)
target scene=1 area=(400, 344) event=18 script=4643 mode=5 state=1 player=(464, 376) pos=(416, 400) path=2
learned targeted exit AreaKey { scene: 1, anchor: (400, 344) } event=18 -> AreaKey { scene: 3, anchor: (160, 112) }
learned exit AreaKey { scene: 1, anchor: (400, 344) } event=18 -> AreaKey { scene: 3, anchor: (160, 112) }
scene 1 -> 3 at frame 2426 position (1088, 1232)
target scene=3 area=(160, 112) event=49 script=6226 mode=5 state=1 player=(1248, 1344) pos=(1280, 1472) path=54
learned exit AreaKey { scene: 3, anchor: (160, 112) } event=53 -> AreaKey { scene: 1, anchor: (400, 344) }
scene 3 -> 1 at frame 2428 position (304, 264)
target scene=1 area=(400, 344) event=18 script=4643 mode=5 state=1 player=(464, 376) pos=(416, 400) path=2
learned targeted exit AreaKey { scene: 1, anchor: (400, 344) } event=18 -> AreaKey { scene: 3, anchor: (160, 112) }
learned exit AreaKey { scene: 1, anchor: (400, 344) } event=18 -> AreaKey { scene: 3, anchor: (160, 112) }
scene 1 -> 3 at frame 2430 position (1088, 1232)
target scene=3 area=(160, 112) event=49 script=6226 mode=5 state=1 player=(1248, 1344) pos=(1280, 1472) path=54
learned exit AreaKey { scene: 3, anchor: (160, 112) } event=53 -> AreaKey { scene: 1, anchor: (400, 344) }
scene 3 -> 1 at frame 2432 position (304, 264)
target scene=1 area=(400, 344) event=18 script=4643 mode=5 state=1 player=(464, 376) pos=(416, 400) path=2
learned targeted exit AreaKey { scene: 1, anchor: (400, 344) } event=18 -> AreaKey { scene: 3, anchor: (160, 112) }
learned exit AreaKey { scene: 1, anchor: (400, 344) } event=18 -> AreaKey { scene: 3, anchor: (160, 112) }
scene 1 -> 3 at frame 2434 position (1088, 1232)
target scene=3 area=(160, 112) event=49 script=6226 mode=5 state=1 player=(1248, 1344) pos=(1280, 1472) path=54
learned exit AreaKey { scene: 3, anchor: (160, 112) } event=53 -> AreaKey { scene: 1, anchor: (400, 344) }
scene 3 -> 1 at frame 2436 position (304, 264)
target scene=1 area=(400, 344) event=18 script=4643 mode=5 state=1 player=(464, 376) pos=(416, 400) path=2
learned targeted exit AreaKey { scene: 1, anchor: (400, 344) } event=18 -> AreaKey { scene: 3, anchor: (160, 112) }
learned exit AreaKey { scene: 1, anchor: (400, 344) } event=18 -> AreaKey { scene: 3, anchor: (160, 112) }
scene 1 -> 3 at frame 2438 position (1088, 1232)
target scene=3 area=(160, 112) event=49 script=6226 mode=5 state=1 player=(1248, 1344) pos=(1280, 1472) path=54
learned exit AreaKey { scene: 3, anchor: (160, 112) } event=53 -> AreaKey { scene: 1, anchor: (400, 344) }
scene 3 -> 1 at frame 2440 position (304, 264)
target scene=1 area=(400, 344) event=18 script=4643 mode=5 state=1 player=(464, 376) pos=(416, 400) path=2
learned targeted exit AreaKey { scene: 1, anchor: (400, 344) } event=18 -> AreaKey { scene: 3, anchor: (160, 112) }
learned exit AreaKey { scene: 1, anchor: (400, 344) } event=18 -> AreaKey { scene: 3, anchor: (160, 112) }
scene 1 -> 3 at frame 2442 position (1088, 1232)
target scene=3 area=(160, 112) event=49 script=6226 mode=5 state=1 player=(1248, 1344) pos=(1280, 1472) path=54
learned exit AreaKey { scene: 3, anchor: (160, 112) } event=53 -> AreaKey { scene: 1, anchor: (400, 344) }
scene 3 -> 1 at frame 2444 position (304, 264)
target scene=1 area=(400, 344) event=18 script=4643 mode=5 state=1 player=(464, 376) pos=(416, 400) path=2
learned targeted exit AreaKey { scene: 1, anchor: (400, 344) } event=18 -> AreaKey { scene: 3, anchor: (160, 112) }
learned exit AreaKey { scene: 1, anchor: (400, 344) } event=18 -> AreaKey { scene: 3, anchor: (160, 112) }
scene 1 -> 3 at frame 2446 position (1088, 1232)
target scene=3 area=(160, 112) event=49 script=6226 mode=5 state=1 player=(1248, 1344) pos=(1280, 1472) path=54
learned exit AreaKey { scene: 3, anchor: (160, 112) } event=53 -> AreaKey { scene: 1, anchor: (400, 344) }
scene 3 -> 1 at frame 2448 position (304, 264)
target scene=1 area=(400, 344) event=18 script=4643 mode=5 state=1 player=(464, 376) pos=(416, 400) path=2
learned targeted exit AreaKey { scene: 1, anchor: (400, 344) } event=18 -> AreaKey { scene: 3, anchor: (160, 112) }
learned exit AreaKey { scene: 1, anchor: (400, 344) } event=18 -> AreaKey { scene: 3, anchor: (160, 112) }
scene 1 -> 3 at frame 2450 position (1088, 1232)
target scene=3 area=(160, 112) event=49 script=6226 mode=5 state=1 player=(1248, 1344) pos=(1280, 1472) path=54
learned exit AreaKey { scene: 3, anchor: (160, 112) } event=53 -> AreaKey { scene: 1, anchor: (400, 344) }
scene 3 -> 1 at frame 2452 position (304, 264)
target scene=1 area=(400, 344) event=18 script=4643 mode=5 state=1 player=(464, 376) pos=(416, 400) path=2
learned targeted exit AreaKey { scene: 1, anchor: (400, 344) } event=18 -> AreaKey { scene: 3, anchor: (160, 112) }
learned exit AreaKey { scene: 1, anchor: (400, 344) } event=18 -> AreaKey { scene: 3, anchor: (160, 112) }
scene 1 -> 3 at frame 2454 position (1088, 1232)
target scene=3 area=(160, 112) event=49 script=6226 mode=5 state=1 player=(1248, 1344) pos=(1280, 1472) path=54
learned exit AreaKey { scene: 3, anchor: (160, 112) } event=53 -> AreaKey { scene: 1, anchor: (400, 344) }
scene 3 -> 1 at frame 2456 position (304, 264)
target scene=1 area=(400, 344) event=18 script=4643 mode=5 state=1 player=(464, 376) pos=(416, 400) path=2
learned targeted exit AreaKey { scene: 1, anchor: (400, 344) } event=18 -> AreaKey { scene: 3, anchor: (160, 112) }
learned exit AreaKey { scene: 1, anchor: (400, 344) } event=18 -> AreaKey { scene: 3, anchor: (160, 112) }
scene 1 -> 3 at frame 2458 position (1088, 1232)
target scene=3 area=(160, 112) event=49 script=6226 mode=5 state=1 player=(1248, 1344) pos=(1280, 1472) path=54
learned exit AreaKey { scene: 3, anchor: (160, 112) } event=53 -> AreaKey { scene: 1, anchor: (400, 344) }
scene 3 -> 1 at frame 2460 position (304, 264)
target scene=1 area=(400, 344) event=18 script=4643 mode=5 state=1 player=(464, 376) pos=(416, 400) path=2
learned targeted exit AreaKey { scene: 1, anchor: (400, 344) } event=18 -> AreaKey { scene: 3, anchor: (160, 112) }
learned exit AreaKey { scene: 1, anchor: (400, 344) } event=18 -> AreaKey { scene: 3, anchor: (160, 112) }
scene 1 -> 3 at frame 2462 position (1088, 1232)
target scene=3 area=(160, 112) event=49 script=6226 mode=5 state=1 player=(1248, 1344) pos=(1280, 1472) path=54
learned exit AreaKey { scene: 3, anchor: (160, 112) } event=53 -> AreaKey { scene: 1, anchor: (400, 344) }
scene 3 -> 1 at frame 2464 position (304, 264)
target scene=1 area=(400, 344) event=18 script=4643 mode=5 state=1 player=(464, 376) pos=(416, 400) path=2
learned targeted exit AreaKey { scene: 1, anchor: (400, 344) } event=18 -> AreaKey { scene: 3, anchor: (160, 112) }
learned exit AreaKey { scene: 1, anchor: (400, 344) } event=18 -> AreaKey { scene: 3, anchor: (160, 112) }
scene 1 -> 3 at frame 2466 position (1088, 1232)
target scene=3 area=(160, 112) event=49 script=6226 mode=5 state=1 player=(1248, 1344) pos=(1280, 1472) path=54
learned exit AreaKey { scene: 3, anchor: (160, 112) } event=53 -> AreaKey { scene: 1, anchor: (400, 344) }
scene 3 -> 1 at frame 2468 position (304, 264)
target scene=1 area=(400, 344) event=18 script=4643 mode=5 state=1 player=(464, 376) pos=(416, 400) path=2
learned targeted exit AreaKey { scene: 1, anchor: (400, 344) } event=18 -> AreaKey { scene: 3, anchor: (160, 112) }
learned exit AreaKey { scene: 1, anchor: (400, 344) } event=18 -> AreaKey { scene: 3, anchor: (160, 112) }
scene 1 -> 3 at frame 2470 position (1088, 1232)
target scene=3 area=(160, 112) event=49 script=6226 mode=5 state=1 player=(1248, 1344) pos=(1280, 1472) path=54
learned exit AreaKey { scene: 3, anchor: (160, 112) } event=53 -> AreaKey { scene: 1, anchor: (400, 344) }
scene 3 -> 1 at frame 2472 position (304, 264)
target scene=1 area=(400, 344) event=18 script=4643 mode=5 state=1 player=(464, 376) pos=(416, 400) path=2
learned targeted exit AreaKey { scene: 1, anchor: (400, 344) } event=18 -> AreaKey { scene: 3, anchor: (160, 112) }
learned exit AreaKey { scene: 1, anchor: (400, 344) } event=18 -> AreaKey { scene: 3, anchor: (160, 112) }
scene 1 -> 3 at frame 2474 position (1088, 1232)
target scene=3 area=(160, 112) event=49 script=6226 mode=5 state=1 player=(1248, 1344) pos=(1280, 1472) path=54
learned exit AreaKey { scene: 3, anchor: (160, 112) } event=53 -> AreaKey { scene: 1, anchor: (400, 344) }
scene 3 -> 1 at frame 2476 position (304, 264)
target scene=1 area=(400, 344) event=18 script=4643 mode=5 state=1 player=(464, 376) pos=(416, 400) path=2
learned targeted exit AreaKey { scene: 1, anchor: (400, 344) } event=18 -> AreaKey { scene: 3, anchor: (160, 112) }
learned exit AreaKey { scene: 1, anchor: (400, 344) } event=18 -> AreaKey { scene: 3, anchor: (160, 112) }
scene 1 -> 3 at frame 2478 position (1088, 1232)
target scene=3 area=(160, 112) event=49 script=6226 mode=5 state=1 player=(1248, 1344) pos=(1280, 1472) path=54
learned exit AreaKey { scene: 3, anchor: (160, 112) } event=53 -> AreaKey { scene: 1, anchor: (400, 344) }
scene 3 -> 1 at frame 2480 position (304, 264)
target scene=1 area=(400, 344) event=18 script=4643 mode=5 state=1 player=(464, 376) pos=(416, 400) path=2
learned targeted exit AreaKey { scene: 1, anchor: (400, 344) } event=18 -> AreaKey { scene: 3, anchor: (160, 112) }
learned exit AreaKey { scene: 1, anchor: (400, 344) } event=18 -> AreaKey { scene: 3, anchor: (160, 112) }
scene 1 -> 3 at frame 2482 position (1088, 1232)
target scene=3 area=(160, 112) event=49 script=6226 mode=5 state=1 player=(1248, 1344) pos=(1280, 1472) path=54
learned exit AreaKey { scene: 3, anchor: (160, 112) } event=53 -> AreaKey { scene: 1, anchor: (400, 344) }
scene 3 -> 1 at frame 2484 position (304, 264)
target scene=1 area=(400, 344) event=18 script=4643 mode=5 state=1 player=(464, 376) pos=(416, 400) path=2
learned targeted exit AreaKey { scene: 1, anchor: (400, 344) } event=18 -> AreaKey { scene: 3, anchor: (160, 112) }
learned exit AreaKey { scene: 1, anchor: (400, 344) } event=18 -> AreaKey { scene: 3, anchor: (160, 112) }
scene 1 -> 3 at frame 2486 position (1088, 1232)
target scene=3 area=(160, 112) event=49 script=6226 mode=5 state=1 player=(1248, 1344) pos=(1280, 1472) path=54
learned exit AreaKey { scene: 3, anchor: (160, 112) } event=53 -> AreaKey { scene: 1, anchor: (400, 344) }
scene 3 -> 1 at frame 2488 position (304, 264)
target scene=1 area=(400, 344) event=18 script=4643 mode=5 state=1 player=(464, 376) pos=(416, 400) path=2
learned targeted exit AreaKey { scene: 1, anchor: (400, 344) } event=18 -> AreaKey { scene: 3, anchor: (160, 112) }
learned exit AreaKey { scene: 1, anchor: (400, 344) } event=18 -> AreaKey { scene: 3, anchor: (160, 112) }
scene 1 -> 3 at frame 2490 position (1088, 1232)
target scene=3 area=(160, 112) event=49 script=6226 mode=5 state=1 player=(1248, 1344) pos=(1280, 1472) path=54
learned exit AreaKey { scene: 3, anchor: (160, 112) } event=53 -> AreaKey { scene: 1, anchor: (400, 344) }
scene 3 -> 1 at frame 2492 position (304, 264)
target scene=1 area=(400, 344) event=18 script=4643 mode=5 state=1 player=(464, 376) pos=(416, 400) path=2
learned targeted exit AreaKey { scene: 1, anchor: (400, 344) } event=18 -> AreaKey { scene: 3, anchor: (160, 112) }
learned exit AreaKey { scene: 1, anchor: (400, 344) } event=18 -> AreaKey { scene: 3, anchor: (160, 112) }
scene 1 -> 3 at frame 2494 position (1088, 1232)
target scene=3 area=(160, 112) event=49 script=6226 mode=5 state=1 player=(1248, 1344) pos=(1280, 1472) path=54
learned exit AreaKey { scene: 3, anchor: (160, 112) } event=53 -> AreaKey { scene: 1, anchor: (400, 344) }
scene 3 -> 1 at frame 2496 position (304, 264)
target scene=1 area=(400, 344) event=18 script=4643 mode=5 state=1 player=(464, 376) pos=(416, 400) path=2
learned targeted exit AreaKey { scene: 1, anchor: (400, 344) } event=18 -> AreaKey { scene: 3, anchor: (160, 112) }
learned exit AreaKey { scene: 1, anchor: (400, 344) } event=18 -> AreaKey { scene: 3, anchor: (160, 112) }
scene 1 -> 3 at frame 2498 position (1088, 1232)
target scene=3 area=(160, 112) event=49 script=6226 mode=5 state=1 player=(1248, 1344) pos=(1280, 1472) path=54
learned exit AreaKey { scene: 3, anchor: (160, 112) } event=53 -> AreaKey { scene: 1, anchor: (400, 344) }
scene 3 -> 1 at frame 2500 position (304, 264)
target scene=1 area=(400, 344) event=18 script=4643 mode=5 state=1 player=(464, 376) pos=(416, 400) path=2
learned targeted exit AreaKey { scene: 1, anchor: (400, 344) } event=18 -> AreaKey { scene: 3, anchor: (160, 112) }
learned exit AreaKey { scene: 1, anchor: (400, 344) } event=18 -> AreaKey { scene: 3, anchor: (160, 112) }
scene 1 -> 3 at frame 2502 position (1088, 1232)
target scene=3 area=(160, 112) event=49 script=6226 mode=5 state=1 player=(1248, 1344) pos=(1280, 1472) path=54
learned exit AreaKey { scene: 3, anchor: (160, 112) } event=53 -> AreaKey { scene: 1, anchor: (400, 344) }
scene 3 -> 1 at frame 2504 position (304, 264)
target scene=1 area=(400, 344) event=18 script=4643 mode=5 state=1 player=(464, 376) pos=(416, 400) path=2
learned targeted exit AreaKey { scene: 1, anchor: (400, 344) } event=18 -> AreaKey { scene: 3, anchor: (160, 112) }
learned exit AreaKey { scene: 1, anchor: (400, 344) } event=18 -> AreaKey { scene: 3, anchor: (160, 112) }
scene 1 -> 3 at frame 2506 position (1088, 1232)
target scene=3 area=(160, 112) event=49 script=6226 mode=5 state=1 player=(1248, 1344) pos=(1280, 1472) path=54
learned exit AreaKey { scene: 3, anchor: (160, 112) } event=53 -> AreaKey { scene: 1, anchor: (400, 344) }
scene 3 -> 1 at frame 2508 position (304, 264)
target scene=1 area=(400, 344) event=18 script=4643 mode=5 state=1 player=(464, 376) pos=(416, 400) path=2
learned targeted exit AreaKey { scene: 1, anchor: (400, 344) } event=18 -> AreaKey { scene: 3, anchor: (160, 112) }
learned exit AreaKey { scene: 1, anchor: (400, 344) } event=18 -> AreaKey { scene: 3, anchor: (160, 112) }
scene 1 -> 3 at frame 2510 position (1088, 1232)
target scene=3 area=(160, 112) event=49 script=6226 mode=5 state=1 player=(1248, 1344) pos=(1280, 1472) path=54
learned exit AreaKey { scene: 3, anchor: (160, 112) } event=53 -> AreaKey { scene: 1, anchor: (400, 344) }
scene 3 -> 1 at frame 2512 position (304, 264)
target scene=1 area=(400, 344) event=18 script=4643 mode=5 state=1 player=(464, 376) pos=(416, 400) path=2
learned targeted exit AreaKey { scene: 1, anchor: (400, 344) } event=18 -> AreaKey { scene: 3, anchor: (160, 112) }
learned exit AreaKey { scene: 1, anchor: (400, 344) } event=18 -> AreaKey { scene: 3, anchor: (160, 112) }
scene 1 -> 3 at frame 2514 position (1088, 1232)
target scene=3 area=(160, 112) event=49 script=6226 mode=5 state=1 player=(1248, 1344) pos=(1280, 1472) path=54
learned exit AreaKey { scene: 3, anchor: (160, 112) } event=53 -> AreaKey { scene: 1, anchor: (400, 344) }
scene 3 -> 1 at frame 2516 position (304, 264)
target scene=1 area=(400, 344) event=18 script=4643 mode=5 state=1 player=(464, 376) pos=(416, 400) path=2
learned targeted exit AreaKey { scene: 1, anchor: (400, 344) } event=18 -> AreaKey { scene: 3, anchor: (160, 112) }
learned exit AreaKey { scene: 1, anchor: (400, 344) } event=18 -> AreaKey { scene: 3, anchor: (160, 112) }
scene 1 -> 3 at frame 2518 position (1088, 1232)
target scene=3 area=(160, 112) event=49 script=6226 mode=5 state=1 player=(1248, 1344) pos=(1280, 1472) path=54
learned exit AreaKey { scene: 3, anchor: (160, 112) } event=53 -> AreaKey { scene: 1, anchor: (400, 344) }
scene 3 -> 1 at frame 2520 position (304, 264)
target scene=1 area=(400, 344) event=18 script=4643 mode=5 state=1 player=(464, 376) pos=(416, 400) path=2
learned targeted exit AreaKey { scene: 1, anchor: (400, 344) } event=18 -> AreaKey { scene: 3, anchor: (160, 112) }
learned exit AreaKey { scene: 1, anchor: (400, 344) } event=18 -> AreaKey { scene: 3, anchor: (160, 112) }
scene 1 -> 3 at frame 2522 position (1088, 1232)
target scene=3 area=(160, 112) event=49 script=6226 mode=5 state=1 player=(1248, 1344) pos=(1280, 1472) path=54
learned exit AreaKey { scene: 3, anchor: (160, 112) } event=53 -> AreaKey { scene: 1, anchor: (400, 344) }
scene 3 -> 1 at frame 2524 position (304, 264)
target scene=1 area=(400, 344) event=18 script=4643 mode=5 state=1 player=(464, 376) pos=(416, 400) path=2
learned targeted exit AreaKey { scene: 1, anchor: (400, 344) } event=18 -> AreaKey { scene: 3, anchor: (160, 112) }
learned exit AreaKey { scene: 1, anchor: (400, 344) } event=18 -> AreaKey { scene: 3, anchor: (160, 112) }
scene 1 -> 3 at frame 2526 position (1088, 1232)
target scene=3 area=(160, 112) event=49 script=6226 mode=5 state=1 player=(1248, 1344) pos=(1280, 1472) path=54
learned exit AreaKey { scene: 3, anchor: (160, 112) } event=53 -> AreaKey { scene: 1, anchor: (400, 344) }
scene 3 -> 1 at frame 2528 position (304, 264)
target scene=1 area=(400, 344) event=18 script=4643 mode=5 state=1 player=(464, 376) pos=(416, 400) path=2
learned targeted exit AreaKey { scene: 1, anchor: (400, 344) } event=18 -> AreaKey { scene: 3, anchor: (160, 112) }
learned exit AreaKey { scene: 1, anchor: (400, 344) } event=18 -> AreaKey { scene: 3, anchor: (160, 112) }
scene 1 -> 3 at frame 2530 position (1088, 1232)
target scene=3 area=(160, 112) event=49 script=6226 mode=5 state=1 player=(1248, 1344) pos=(1280, 1472) path=54
learned exit AreaKey { scene: 3, anchor: (160, 112) } event=53 -> AreaKey { scene: 1, anchor: (400, 344) }
scene 3 -> 1 at frame 2532 position (304, 264)
target scene=1 area=(400, 344) event=18 script=4643 mode=5 state=1 player=(464, 376) pos=(416, 400) path=2
learned targeted exit AreaKey { scene: 1, anchor: (400, 344) } event=18 -> AreaKey { scene: 3, anchor: (160, 112) }
learned exit AreaKey { scene: 1, anchor: (400, 344) } event=18 -> AreaKey { scene: 3, anchor: (160, 112) }
scene 1 -> 3 at frame 2534 position (1088, 1232)
target scene=3 area=(160, 112) event=49 script=6226 mode=5 state=1 player=(1248, 1344) pos=(1280, 1472) path=54
learned exit AreaKey { scene: 3, anchor: (160, 112) } event=53 -> AreaKey { scene: 1, anchor: (400, 344) }
scene 3 -> 1 at frame 2536 position (304, 264)
target scene=1 area=(400, 344) event=18 script=4643 mode=5 state=1 player=(464, 376) pos=(416, 400) path=2
learned targeted exit AreaKey { scene: 1, anchor: (400, 344) } event=18 -> AreaKey { scene: 3, anchor: (160, 112) }
learned exit AreaKey { scene: 1, anchor: (400, 344) } event=18 -> AreaKey { scene: 3, anchor: (160, 112) }
scene 1 -> 3 at frame 2538 position (1088, 1232)
target scene=3 area=(160, 112) event=49 script=6226 mode=5 state=1 player=(1248, 1344) pos=(1280, 1472) path=54
learned exit AreaKey { scene: 3, anchor: (160, 112) } event=53 -> AreaKey { scene: 1, anchor: (400, 344) }
scene 3 -> 1 at frame 2540 position (304, 264)
target scene=1 area=(400, 344) event=18 script=4643 mode=5 state=1 player=(464, 376) pos=(416, 400) path=2
learned targeted exit AreaKey { scene: 1, anchor: (400, 344) } event=18 -> AreaKey { scene: 3, anchor: (160, 112) }
learned exit AreaKey { scene: 1, anchor: (400, 344) } event=18 -> AreaKey { scene: 3, anchor: (160, 112) }
scene 1 -> 3 at frame 2542 position (1088, 1232)
target scene=3 area=(160, 112) event=49 script=6226 mode=5 state=1 player=(1248, 1344) pos=(1280, 1472) path=54
learned exit AreaKey { scene: 3, anchor: (160, 112) } event=53 -> AreaKey { scene: 1, anchor: (400, 344) }
scene 3 -> 1 at frame 2544 position (304, 264)
target scene=1 area=(400, 344) event=18 script=4643 mode=5 state=1 player=(464, 376) pos=(416, 400) path=2
learned targeted exit AreaKey { scene: 1, anchor: (400, 344) } event=18 -> AreaKey { scene: 3, anchor: (160, 112) }
learned exit AreaKey { scene: 1, anchor: (400, 344) } event=18 -> AreaKey { scene: 3, anchor: (160, 112) }
scene 1 -> 3 at frame 2546 position (1088, 1232)
target scene=3 area=(160, 112) event=49 script=6226 mode=5 state=1 player=(1248, 1344) pos=(1280, 1472) path=54
learned exit AreaKey { scene: 3, anchor: (160, 112) } event=53 -> AreaKey { scene: 1, anchor: (400, 344) }
scene 3 -> 1 at frame 2548 position (304, 264)
target scene=1 area=(400, 344) event=18 script=4643 mode=5 state=1 player=(464, 376) pos=(416, 400) path=2
learned targeted exit AreaKey { scene: 1, anchor: (400, 344) } event=18 -> AreaKey { scene: 3, anchor: (160, 112) }
learned exit AreaKey { scene: 1, anchor: (400, 344) } event=18 -> AreaKey { scene: 3, anchor: (160, 112) }
scene 1 -> 3 at frame 2550 position (1088, 1232)
target scene=3 area=(160, 112) event=49 script=6226 mode=5 state=1 player=(1248, 1344) pos=(1280, 1472) path=54
learned exit AreaKey { scene: 3, anchor: (160, 112) } event=53 -> AreaKey { scene: 1, anchor: (400, 344) }
scene 3 -> 1 at frame 2552 position (304, 264)
target scene=1 area=(400, 344) event=18 script=4643 mode=5 state=1 player=(464, 376) pos=(416, 400) path=2
learned targeted exit AreaKey { scene: 1, anchor: (400, 344) } event=18 -> AreaKey { scene: 3, anchor: (160, 112) }
learned exit AreaKey { scene: 1, anchor: (400, 344) } event=18 -> AreaKey { scene: 3, anchor: (160, 112) }
scene 1 -> 3 at frame 2554 position (1088, 1232)
target scene=3 area=(160, 112) event=49 script=6226 mode=5 state=1 player=(1248, 1344) pos=(1280, 1472) path=54
learned exit AreaKey { scene: 3, anchor: (160, 112) } event=53 -> AreaKey { scene: 1, anchor: (400, 344) }
scene 3 -> 1 at frame 2556 position (304, 264)
target scene=1 area=(400, 344) event=18 script=4643 mode=5 state=1 player=(464, 376) pos=(416, 400) path=2
learned targeted exit AreaKey { scene: 1, anchor: (400, 344) } event=18 -> AreaKey { scene: 3, anchor: (160, 112) }
learned exit AreaKey { scene: 1, anchor: (400, 344) } event=18 -> AreaKey { scene: 3, anchor: (160, 112) }
scene 1 -> 3 at frame 2558 position (1088, 1232)
target scene=3 area=(160, 112) event=49 script=6226 mode=5 state=1 player=(1248, 1344) pos=(1280, 1472) path=54
learned exit AreaKey { scene: 3, anchor: (160, 112) } event=53 -> AreaKey { scene: 1, anchor: (400, 344) }
scene 3 -> 1 at frame 2560 position (304, 264)
target scene=1 area=(400, 344) event=18 script=4643 mode=5 state=1 player=(464, 376) pos=(416, 400) path=2
learned targeted exit AreaKey { scene: 1, anchor: (400, 344) } event=18 -> AreaKey { scene: 3, anchor: (160, 112) }
learned exit AreaKey { scene: 1, anchor: (400, 344) } event=18 -> AreaKey { scene: 3, anchor: (160, 112) }
scene 1 -> 3 at frame 2562 position (1088, 1232)
target scene=3 area=(160, 112) event=49 script=6226 mode=5 state=1 player=(1248, 1344) pos=(1280, 1472) path=54
learned exit AreaKey { scene: 3, anchor: (160, 112) } event=53 -> AreaKey { scene: 1, anchor: (400, 344) }
scene 3 -> 1 at frame 2564 position (304, 264)
target scene=1 area=(400, 344) event=18 script=4643 mode=5 state=1 player=(464, 376) pos=(416, 400) path=2
learned targeted exit AreaKey { scene: 1, anchor: (400, 344) } event=18 -> AreaKey { scene: 3, anchor: (160, 112) }
learned exit AreaKey { scene: 1, anchor: (400, 344) } event=18 -> AreaKey { scene: 3, anchor: (160, 112) }
scene 1 -> 3 at frame 2566 position (1088, 1232)
target scene=3 area=(160, 112) event=49 script=6226 mode=5 state=1 player=(1248, 1344) pos=(1280, 1472) path=54
learned exit AreaKey { scene: 3, anchor: (160, 112) } event=53 -> AreaKey { scene: 1, anchor: (400, 344) }
scene 3 -> 1 at frame 2568 position (304, 264)
target scene=1 area=(400, 344) event=18 script=4643 mode=5 state=1 player=(464, 376) pos=(416, 400) path=2
learned targeted exit AreaKey { scene: 1, anchor: (400, 344) } event=18 -> AreaKey { scene: 3, anchor: (160, 112) }
learned exit AreaKey { scene: 1, anchor: (400, 344) } event=18 -> AreaKey { scene: 3, anchor: (160, 112) }
scene 1 -> 3 at frame 2570 position (1088, 1232)
target scene=3 area=(160, 112) event=49 script=6226 mode=5 state=1 player=(1248, 1344) pos=(1280, 1472) path=54
learned exit AreaKey { scene: 3, anchor: (160, 112) } event=53 -> AreaKey { scene: 1, anchor: (400, 344) }
scene 3 -> 1 at frame 2572 position (304, 264)
target scene=1 area=(400, 344) event=18 script=4643 mode=5 state=1 player=(464, 376) pos=(416, 400) path=2
learned targeted exit AreaKey { scene: 1, anchor: (400, 344) } event=18 -> AreaKey { scene: 3, anchor: (160, 112) }
learned exit AreaKey { scene: 1, anchor: (400, 344) } event=18 -> AreaKey { scene: 3, anchor: (160, 112) }
scene 1 -> 3 at frame 2574 position (1088, 1232)
target scene=3 area=(160, 112) event=49 script=6226 mode=5 state=1 player=(1248, 1344) pos=(1280, 1472) path=54
learned exit AreaKey { scene: 3, anchor: (160, 112) } event=53 -> AreaKey { scene: 1, anchor: (400, 344) }
scene 3 -> 1 at frame 2576 position (304, 264)
target scene=1 area=(400, 344) event=18 script=4643 mode=5 state=1 player=(464, 376) pos=(416, 400) path=2
learned targeted exit AreaKey { scene: 1, anchor: (400, 344) } event=18 -> AreaKey { scene: 3, anchor: (160, 112) }
learned exit AreaKey { scene: 1, anchor: (400, 344) } event=18 -> AreaKey { scene: 3, anchor: (160, 112) }
scene 1 -> 3 at frame 2578 position (1088, 1232)
target scene=3 area=(160, 112) event=49 script=6226 mode=5 state=1 player=(1248, 1344) pos=(1280, 1472) path=54
learned exit AreaKey { scene: 3, anchor: (160, 112) } event=53 -> AreaKey { scene: 1, anchor: (400, 344) }
scene 3 -> 1 at frame 2580 position (304, 264)
target scene=1 area=(400, 344) event=18 script=4643 mode=5 state=1 player=(464, 376) pos=(416, 400) path=2
learned targeted exit AreaKey { scene: 1, anchor: (400, 344) } event=18 -> AreaKey { scene: 3, anchor: (160, 112) }
learned exit AreaKey { scene: 1, anchor: (400, 344) } event=18 -> AreaKey { scene: 3, anchor: (160, 112) }
scene 1 -> 3 at frame 2582 position (1088, 1232)
target scene=3 area=(160, 112) event=49 script=6226 mode=5 state=1 player=(1248, 1344) pos=(1280, 1472) path=54
learned exit AreaKey { scene: 3, anchor: (160, 112) } event=53 -> AreaKey { scene: 1, anchor: (400, 344) }
scene 3 -> 1 at frame 2584 position (304, 264)
target scene=1 area=(400, 344) event=18 script=4643 mode=5 state=1 player=(464, 376) pos=(416, 400) path=2
learned targeted exit AreaKey { scene: 1, anchor: (400, 344) } event=18 -> AreaKey { scene: 3, anchor: (160, 112) }
learned exit AreaKey { scene: 1, anchor: (400, 344) } event=18 -> AreaKey { scene: 3, anchor: (160, 112) }
scene 1 -> 3 at frame 2586 position (1088, 1232)
target scene=3 area=(160, 112) event=49 script=6226 mode=5 state=1 player=(1248, 1344) pos=(1280, 1472) path=54
learned exit AreaKey { scene: 3, anchor: (160, 112) } event=53 -> AreaKey { scene: 1, anchor: (400, 344) }
scene 3 -> 1 at frame 2588 position (304, 264)
target scene=1 area=(400, 344) event=18 script=4643 mode=5 state=1 player=(464, 376) pos=(416, 400) path=2
learned targeted exit AreaKey { scene: 1, anchor: (400, 344) } event=18 -> AreaKey { scene: 3, anchor: (160, 112) }
learned exit AreaKey { scene: 1, anchor: (400, 344) } event=18 -> AreaKey { scene: 3, anchor: (160, 112) }
scene 1 -> 3 at frame 2590 position (1088, 1232)
target scene=3 area=(160, 112) event=49 script=6226 mode=5 state=1 player=(1248, 1344) pos=(1280, 1472) path=54
learned exit AreaKey { scene: 3, anchor: (160, 112) } event=53 -> AreaKey { scene: 1, anchor: (400, 344) }
scene 3 -> 1 at frame 2592 position (304, 264)
target scene=1 area=(400, 344) event=18 script=4643 mode=5 state=1 player=(464, 376) pos=(416, 400) path=2
learned targeted exit AreaKey { scene: 1, anchor: (400, 344) } event=18 -> AreaKey { scene: 3, anchor: (160, 112) }
learned exit AreaKey { scene: 1, anchor: (400, 344) } event=18 -> AreaKey { scene: 3, anchor: (160, 112) }
scene 1 -> 3 at frame 2594 position (1088, 1232)
target scene=3 area=(160, 112) event=49 script=6226 mode=5 state=1 player=(1248, 1344) pos=(1280, 1472) path=54
learned exit AreaKey { scene: 3, anchor: (160, 112) } event=53 -> AreaKey { scene: 1, anchor: (400, 344) }
scene 3 -> 1 at frame 2596 position (304, 264)
target scene=1 area=(400, 344) event=18 script=4643 mode=5 state=1 player=(464, 376) pos=(416, 400) path=2
learned targeted exit AreaKey { scene: 1, anchor: (400, 344) } event=18 -> AreaKey { scene: 3, anchor: (160, 112) }
learned exit AreaKey { scene: 1, anchor: (400, 344) } event=18 -> AreaKey { scene: 3, anchor: (160, 112) }
scene 1 -> 3 at frame 2598 position (1088, 1232)
target scene=3 area=(160, 112) event=49 script=6226 mode=5 state=1 player=(1248, 1344) pos=(1280, 1472) path=54
learned exit AreaKey { scene: 3, anchor: (160, 112) } event=53 -> AreaKey { scene: 1, anchor: (400, 344) }
scene 3 -> 1 at frame 2600 position (304, 264)
target scene=1 area=(400, 344) event=18 script=4643 mode=5 state=1 player=(464, 376) pos=(416, 400) path=2
learned targeted exit AreaKey { scene: 1, anchor: (400, 344) } event=18 -> AreaKey { scene: 3, anchor: (160, 112) }
learned exit AreaKey { scene: 1, anchor: (400, 344) } event=18 -> AreaKey { scene: 3, anchor: (160, 112) }
scene 1 -> 3 at frame 2602 position (1088, 1232)
target scene=3 area=(160, 112) event=49 script=6226 mode=5 state=1 player=(1248, 1344) pos=(1280, 1472) path=54
learned exit AreaKey { scene: 3, anchor: (160, 112) } event=53 -> AreaKey { scene: 1, anchor: (400, 344) }
scene 3 -> 1 at frame 2604 position (304, 264)
target scene=1 area=(400, 344) event=18 script=4643 mode=5 state=1 player=(464, 376) pos=(416, 400) path=2
learned targeted exit AreaKey { scene: 1, anchor: (400, 344) } event=18 -> AreaKey { scene: 3, anchor: (160, 112) }
learned exit AreaKey { scene: 1, anchor: (400, 344) } event=18 -> AreaKey { scene: 3, anchor: (160, 112) }
scene 1 -> 3 at frame 2606 position (1088, 1232)
target scene=3 area=(160, 112) event=49 script=6226 mode=5 state=1 player=(1248, 1344) pos=(1280, 1472) path=54
learned exit AreaKey { scene: 3, anchor: (160, 112) } event=53 -> AreaKey { scene: 1, anchor: (400, 344) }
scene 3 -> 1 at frame 2608 position (304, 264)
target scene=1 area=(400, 344) event=18 script=4643 mode=5 state=1 player=(464, 376) pos=(416, 400) path=2
learned targeted exit AreaKey { scene: 1, anchor: (400, 344) } event=18 -> AreaKey { scene: 3, anchor: (160, 112) }
learned exit AreaKey { scene: 1, anchor: (400, 344) } event=18 -> AreaKey { scene: 3, anchor: (160, 112) }
scene 1 -> 3 at frame 2610 position (1088, 1232)
target scene=3 area=(160, 112) event=49 script=6226 mode=5 state=1 player=(1248, 1344) pos=(1280, 1472) path=54
learned exit AreaKey { scene: 3, anchor: (160, 112) } event=53 -> AreaKey { scene: 1, anchor: (400, 344) }
scene 3 -> 1 at frame 2612 position (304, 264)
target scene=1 area=(400, 344) event=18 script=4643 mode=5 state=1 player=(464, 376) pos=(416, 400) path=2
learned targeted exit AreaKey { scene: 1, anchor: (400, 344) } event=18 -> AreaKey { scene: 3, anchor: (160, 112) }
learned exit AreaKey { scene: 1, anchor: (400, 344) } event=18 -> AreaKey { scene: 3, anchor: (160, 112) }
scene 1 -> 3 at frame 2614 position (1088, 1232)
target scene=3 area=(160, 112) event=49 script=6226 mode=5 state=1 player=(1248, 1344) pos=(1280, 1472) path=54
learned exit AreaKey { scene: 3, anchor: (160, 112) } event=53 -> AreaKey { scene: 1, anchor: (400, 344) }
scene 3 -> 1 at frame 2616 position (304, 264)
target scene=1 area=(400, 344) event=18 script=4643 mode=5 state=1 player=(464, 376) pos=(416, 400) path=2
learned targeted exit AreaKey { scene: 1, anchor: (400, 344) } event=18 -> AreaKey { scene: 3, anchor: (160, 112) }
learned exit AreaKey { scene: 1, anchor: (400, 344) } event=18 -> AreaKey { scene: 3, anchor: (160, 112) }
scene 1 -> 3 at frame 2618 position (1088, 1232)
target scene=3 area=(160, 112) event=49 script=6226 mode=5 state=1 player=(1248, 1344) pos=(1280, 1472) path=54
learned exit AreaKey { scene: 3, anchor: (160, 112) } event=53 -> AreaKey { scene: 1, anchor: (400, 344) }
scene 3 -> 1 at frame 2620 position (304, 264)
target scene=1 area=(400, 344) event=18 script=4643 mode=5 state=1 player=(464, 376) pos=(416, 400) path=2
learned targeted exit AreaKey { scene: 1, anchor: (400, 344) } event=18 -> AreaKey { scene: 3, anchor: (160, 112) }
learned exit AreaKey { scene: 1, anchor: (400, 344) } event=18 -> AreaKey { scene: 3, anchor: (160, 112) }
scene 1 -> 3 at frame 2622 position (1088, 1232)
target scene=3 area=(160, 112) event=49 script=6226 mode=5 state=1 player=(1248, 1344) pos=(1280, 1472) path=54
learned exit AreaKey { scene: 3, anchor: (160, 112) } event=53 -> AreaKey { scene: 1, anchor: (400, 344) }
scene 3 -> 1 at frame 2624 position (304, 264)
target scene=1 area=(400, 344) event=18 script=4643 mode=5 state=1 player=(464, 376) pos=(416, 400) path=2
learned targeted exit AreaKey { scene: 1, anchor: (400, 344) } event=18 -> AreaKey { scene: 3, anchor: (160, 112) }
learned exit AreaKey { scene: 1, anchor: (400, 344) } event=18 -> AreaKey { scene: 3, anchor: (160, 112) }
scene 1 -> 3 at frame 2626 position (1088, 1232)
target scene=3 area=(160, 112) event=49 script=6226 mode=5 state=1 player=(1248, 1344) pos=(1280, 1472) path=54
learned exit AreaKey { scene: 3, anchor: (160, 112) } event=53 -> AreaKey { scene: 1, anchor: (400, 344) }
scene 3 -> 1 at frame 2628 position (304, 264)
target scene=1 area=(400, 344) event=18 script=4643 mode=5 state=1 player=(464, 376) pos=(416, 400) path=2
learned targeted exit AreaKey { scene: 1, anchor: (400, 344) } event=18 -> AreaKey { scene: 3, anchor: (160, 112) }
learned exit AreaKey { scene: 1, anchor: (400, 344) } event=18 -> AreaKey { scene: 3, anchor: (160, 112) }
scene 1 -> 3 at frame 2630 position (1088, 1232)
target scene=3 area=(160, 112) event=49 script=6226 mode=5 state=1 player=(1248, 1344) pos=(1280, 1472) path=54
learned exit AreaKey { scene: 3, anchor: (160, 112) } event=53 -> AreaKey { scene: 1, anchor: (400, 344) }
scene 3 -> 1 at frame 2632 position (304, 264)
target scene=1 area=(400, 344) event=18 script=4643 mode=5 state=1 player=(464, 376) pos=(416, 400) path=2
learned targeted exit AreaKey { scene: 1, anchor: (400, 344) } event=18 -> AreaKey { scene: 3, anchor: (160, 112) }
learned exit AreaKey { scene: 1, anchor: (400, 344) } event=18 -> AreaKey { scene: 3, anchor: (160, 112) }
scene 1 -> 3 at frame 2634 position (1088, 1232)
target scene=3 area=(160, 112) event=49 script=6226 mode=5 state=1 player=(1248, 1344) pos=(1280, 1472) path=54
learned exit AreaKey { scene: 3, anchor: (160, 112) } event=53 -> AreaKey { scene: 1, anchor: (400, 344) }
scene 3 -> 1 at frame 2636 position (304, 264)
target scene=1 area=(400, 344) event=18 script=4643 mode=5 state=1 player=(464, 376) pos=(416, 400) path=2
learned targeted exit AreaKey { scene: 1, anchor: (400, 344) } event=18 -> AreaKey { scene: 3, anchor: (160, 112) }
learned exit AreaKey { scene: 1, anchor: (400, 344) } event=18 -> AreaKey { scene: 3, anchor: (160, 112) }
scene 1 -> 3 at frame 2638 position (1088, 1232)
target scene=3 area=(160, 112) event=49 script=6226 mode=5 state=1 player=(1248, 1344) pos=(1280, 1472) path=54
learned exit AreaKey { scene: 3, anchor: (160, 112) } event=53 -> AreaKey { scene: 1, anchor: (400, 344) }
scene 3 -> 1 at frame 2640 position (304, 264)
target scene=1 area=(400, 344) event=18 script=4643 mode=5 state=1 player=(464, 376) pos=(416, 400) path=2
learned targeted exit AreaKey { scene: 1, anchor: (400, 344) } event=18 -> AreaKey { scene: 3, anchor: (160, 112) }
learned exit AreaKey { scene: 1, anchor: (400, 344) } event=18 -> AreaKey { scene: 3, anchor: (160, 112) }
scene 1 -> 3 at frame 2642 position (1088, 1232)
target scene=3 area=(160, 112) event=49 script=6226 mode=5 state=1 player=(1248, 1344) pos=(1280, 1472) path=54
learned exit AreaKey { scene: 3, anchor: (160, 112) } event=53 -> AreaKey { scene: 1, anchor: (400, 344) }
scene 3 -> 1 at frame 2644 position (304, 264)
target scene=1 area=(400, 344) event=18 script=4643 mode=5 state=1 player=(464, 376) pos=(416, 400) path=2
learned targeted exit AreaKey { scene: 1, anchor: (400, 344) } event=18 -> AreaKey { scene: 3, anchor: (160, 112) }
learned exit AreaKey { scene: 1, anchor: (400, 344) } event=18 -> AreaKey { scene: 3, anchor: (160, 112) }
scene 1 -> 3 at frame 2646 position (1088, 1232)
target scene=3 area=(160, 112) event=49 script=6226 mode=5 state=1 player=(1248, 1344) pos=(1280, 1472) path=54
learned exit AreaKey { scene: 3, anchor: (160, 112) } event=53 -> AreaKey { scene: 1, anchor: (400, 344) }
scene 3 -> 1 at frame 2648 position (304, 264)
target scene=1 area=(400, 344) event=18 script=4643 mode=5 state=1 player=(464, 376) pos=(416, 400) path=2
learned targeted exit AreaKey { scene: 1, anchor: (400, 344) } event=18 -> AreaKey { scene: 3, anchor: (160, 112) }
learned exit AreaKey { scene: 1, anchor: (400, 344) } event=18 -> AreaKey { scene: 3, anchor: (160, 112) }
scene 1 -> 3 at frame 2650 position (1088, 1232)
target scene=3 area=(160, 112) event=49 script=6226 mode=5 state=1 player=(1248, 1344) pos=(1280, 1472) path=54
learned exit AreaKey { scene: 3, anchor: (160, 112) } event=53 -> AreaKey { scene: 1, anchor: (400, 344) }
scene 3 -> 1 at frame 2652 position (304, 264)
target scene=1 area=(400, 344) event=18 script=4643 mode=5 state=1 player=(464, 376) pos=(416, 400) path=2
learned targeted exit AreaKey { scene: 1, anchor: (400, 344) } event=18 -> AreaKey { scene: 3, anchor: (160, 112) }
learned exit AreaKey { scene: 1, anchor: (400, 344) } event=18 -> AreaKey { scene: 3, anchor: (160, 112) }
scene 1 -> 3 at frame 2654 position (1088, 1232)
target scene=3 area=(160, 112) event=49 script=6226 mode=5 state=1 player=(1248, 1344) pos=(1280, 1472) path=54
learned exit AreaKey { scene: 3, anchor: (160, 112) } event=53 -> AreaKey { scene: 1, anchor: (400, 344) }
scene 3 -> 1 at frame 2656 position (304, 264)
target scene=1 area=(400, 344) event=18 script=4643 mode=5 state=1 player=(464, 376) pos=(416, 400) path=2
learned targeted exit AreaKey { scene: 1, anchor: (400, 344) } event=18 -> AreaKey { scene: 3, anchor: (160, 112) }
learned exit AreaKey { scene: 1, anchor: (400, 344) } event=18 -> AreaKey { scene: 3, anchor: (160, 112) }
scene 1 -> 3 at frame 2658 position (1088, 1232)
target scene=3 area=(160, 112) event=49 script=6226 mode=5 state=1 player=(1248, 1344) pos=(1280, 1472) path=54
learned exit AreaKey { scene: 3, anchor: (160, 112) } event=53 -> AreaKey { scene: 1, anchor: (400, 344) }
scene 3 -> 1 at frame 2660 position (304, 264)
target scene=1 area=(400, 344) event=18 script=4643 mode=5 state=1 player=(464, 376) pos=(416, 400) path=2
learned targeted exit AreaKey { scene: 1, anchor: (400, 344) } event=18 -> AreaKey { scene: 3, anchor: (160, 112) }
learned exit AreaKey { scene: 1, anchor: (400, 344) } event=18 -> AreaKey { scene: 3, anchor: (160, 112) }
scene 1 -> 3 at frame 2662 position (1088, 1232)
target scene=3 area=(160, 112) event=49 script=6226 mode=5 state=1 player=(1248, 1344) pos=(1280, 1472) path=54
learned exit AreaKey { scene: 3, anchor: (160, 112) } event=53 -> AreaKey { scene: 1, anchor: (400, 344) }
scene 3 -> 1 at frame 2664 position (304, 264)
target scene=1 area=(400, 344) event=18 script=4643 mode=5 state=1 player=(464, 376) pos=(416, 400) path=2
learned targeted exit AreaKey { scene: 1, anchor: (400, 344) } event=18 -> AreaKey { scene: 3, anchor: (160, 112) }
learned exit AreaKey { scene: 1, anchor: (400, 344) } event=18 -> AreaKey { scene: 3, anchor: (160, 112) }
scene 1 -> 3 at frame 2666 position (1088, 1232)
target scene=3 area=(160, 112) event=49 script=6226 mode=5 state=1 player=(1248, 1344) pos=(1280, 1472) path=54
learned exit AreaKey { scene: 3, anchor: (160, 112) } event=53 -> AreaKey { scene: 1, anchor: (400, 344) }
scene 3 -> 1 at frame 2668 position (304, 264)
target scene=1 area=(400, 344) event=18 script=4643 mode=5 state=1 player=(464, 376) pos=(416, 400) path=2
learned targeted exit AreaKey { scene: 1, anchor: (400, 344) } event=18 -> AreaKey { scene: 3, anchor: (160, 112) }
learned exit AreaKey { scene: 1, anchor: (400, 344) } event=18 -> AreaKey { scene: 3, anchor: (160, 112) }
scene 1 -> 3 at frame 2670 position (1088, 1232)
target scene=3 area=(160, 112) event=49 script=6226 mode=5 state=1 player=(1248, 1344) pos=(1280, 1472) path=54
learned exit AreaKey { scene: 3, anchor: (160, 112) } event=53 -> AreaKey { scene: 1, anchor: (400, 344) }
scene 3 -> 1 at frame 2672 position (304, 264)
target scene=1 area=(400, 344) event=18 script=4643 mode=5 state=1 player=(464, 376) pos=(416, 400) path=2
learned targeted exit AreaKey { scene: 1, anchor: (400, 344) } event=18 -> AreaKey { scene: 3, anchor: (160, 112) }
learned exit AreaKey { scene: 1, anchor: (400, 344) } event=18 -> AreaKey { scene: 3, anchor: (160, 112) }
scene 1 -> 3 at frame 2674 position (1088, 1232)
target scene=3 area=(160, 112) event=49 script=6226 mode=5 state=1 player=(1248, 1344) pos=(1280, 1472) path=54
learned exit AreaKey { scene: 3, anchor: (160, 112) } event=53 -> AreaKey { scene: 1, anchor: (400, 344) }
scene 3 -> 1 at frame 2676 position (304, 264)
target scene=1 area=(400, 344) event=18 script=4643 mode=5 state=1 player=(464, 376) pos=(416, 400) path=2
learned targeted exit AreaKey { scene: 1, anchor: (400, 344) } event=18 -> AreaKey { scene: 3, anchor: (160, 112) }
learned exit AreaKey { scene: 1, anchor: (400, 344) } event=18 -> AreaKey { scene: 3, anchor: (160, 112) }
scene 1 -> 3 at frame 2678 position (1088, 1232)
target scene=3 area=(160, 112) event=49 script=6226 mode=5 state=1 player=(1248, 1344) pos=(1280, 1472) path=54
learned exit AreaKey { scene: 3, anchor: (160, 112) } event=53 -> AreaKey { scene: 1, anchor: (400, 344) }
scene 3 -> 1 at frame 2680 position (304, 264)
target scene=1 area=(400, 344) event=18 script=4643 mode=5 state=1 player=(464, 376) pos=(416, 400) path=2
learned targeted exit AreaKey { scene: 1, anchor: (400, 344) } event=18 -> AreaKey { scene: 3, anchor: (160, 112) }
learned exit AreaKey { scene: 1, anchor: (400, 344) } event=18 -> AreaKey { scene: 3, anchor: (160, 112) }
scene 1 -> 3 at frame 2682 position (1088, 1232)
target scene=3 area=(160, 112) event=49 script=6226 mode=5 state=1 player=(1248, 1344) pos=(1280, 1472) path=54
learned exit AreaKey { scene: 3, anchor: (160, 112) } event=53 -> AreaKey { scene: 1, anchor: (400, 344) }
scene 3 -> 1 at frame 2684 position (304, 264)
target scene=1 area=(400, 344) event=18 script=4643 mode=5 state=1 player=(464, 376) pos=(416, 400) path=2
learned targeted exit AreaKey { scene: 1, anchor: (400, 344) } event=18 -> AreaKey { scene: 3, anchor: (160, 112) }
learned exit AreaKey { scene: 1, anchor: (400, 344) } event=18 -> AreaKey { scene: 3, anchor: (160, 112) }
scene 1 -> 3 at frame 2686 position (1088, 1232)
target scene=3 area=(160, 112) event=49 script=6226 mode=5 state=1 player=(1248, 1344) pos=(1280, 1472) path=54
learned exit AreaKey { scene: 3, anchor: (160, 112) } event=53 -> AreaKey { scene: 1, anchor: (400, 344) }
scene 3 -> 1 at frame 2688 position (304, 264)
target scene=1 area=(400, 344) event=18 script=4643 mode=5 state=1 player=(464, 376) pos=(416, 400) path=2
learned targeted exit AreaKey { scene: 1, anchor: (400, 344) } event=18 -> AreaKey { scene: 3, anchor: (160, 112) }
learned exit AreaKey { scene: 1, anchor: (400, 344) } event=18 -> AreaKey { scene: 3, anchor: (160, 112) }
scene 1 -> 3 at frame 2690 position (1088, 1232)
target scene=3 area=(160, 112) event=49 script=6226 mode=5 state=1 player=(1248, 1344) pos=(1280, 1472) path=54
learned exit AreaKey { scene: 3, anchor: (160, 112) } event=53 -> AreaKey { scene: 1, anchor: (400, 344) }
scene 3 -> 1 at frame 2692 position (304, 264)
target scene=1 area=(400, 344) event=18 script=4643 mode=5 state=1 player=(464, 376) pos=(416, 400) path=2
learned targeted exit AreaKey { scene: 1, anchor: (400, 344) } event=18 -> AreaKey { scene: 3, anchor: (160, 112) }
learned exit AreaKey { scene: 1, anchor: (400, 344) } event=18 -> AreaKey { scene: 3, anchor: (160, 112) }
scene 1 -> 3 at frame 2694 position (1088, 1232)
target scene=3 area=(160, 112) event=49 script=6226 mode=5 state=1 player=(1248, 1344) pos=(1280, 1472) path=54
learned exit AreaKey { scene: 3, anchor: (160, 112) } event=53 -> AreaKey { scene: 1, anchor: (400, 344) }
scene 3 -> 1 at frame 2696 position (304, 264)
target scene=1 area=(400, 344) event=18 script=4643 mode=5 state=1 player=(464, 376) pos=(416, 400) path=2
learned targeted exit AreaKey { scene: 1, anchor: (400, 344) } event=18 -> AreaKey { scene: 3, anchor: (160, 112) }
learned exit AreaKey { scene: 1, anchor: (400, 344) } event=18 -> AreaKey { scene: 3, anchor: (160, 112) }
scene 1 -> 3 at frame 2698 position (1088, 1232)
target scene=3 area=(160, 112) event=49 script=6226 mode=5 state=1 player=(1248, 1344) pos=(1280, 1472) path=54
learned exit AreaKey { scene: 3, anchor: (160, 112) } event=53 -> AreaKey { scene: 1, anchor: (400, 344) }
scene 3 -> 1 at frame 2700 position (304, 264)
target scene=1 area=(400, 344) event=18 script=4643 mode=5 state=1 player=(464, 376) pos=(416, 400) path=2
learned targeted exit AreaKey { scene: 1, anchor: (400, 344) } event=18 -> AreaKey { scene: 3, anchor: (160, 112) }
learned exit AreaKey { scene: 1, anchor: (400, 344) } event=18 -> AreaKey { scene: 3, anchor: (160, 112) }
scene 1 -> 3 at frame 2702 position (1088, 1232)
target scene=3 area=(160, 112) event=49 script=6226 mode=5 state=1 player=(1248, 1344) pos=(1280, 1472) path=54
learned exit AreaKey { scene: 3, anchor: (160, 112) } event=53 -> AreaKey { scene: 1, anchor: (400, 344) }
scene 3 -> 1 at frame 2704 position (304, 264)
target scene=1 area=(400, 344) event=18 script=4643 mode=5 state=1 player=(464, 376) pos=(416, 400) path=2
learned targeted exit AreaKey { scene: 1, anchor: (400, 344) } event=18 -> AreaKey { scene: 3, anchor: (160, 112) }
learned exit AreaKey { scene: 1, anchor: (400, 344) } event=18 -> AreaKey { scene: 3, anchor: (160, 112) }
scene 1 -> 3 at frame 2706 position (1088, 1232)
target scene=3 area=(160, 112) event=49 script=6226 mode=5 state=1 player=(1248, 1344) pos=(1280, 1472) path=54
learned exit AreaKey { scene: 3, anchor: (160, 112) } event=53 -> AreaKey { scene: 1, anchor: (400, 344) }
scene 3 -> 1 at frame 2708 position (304, 264)
target scene=1 area=(400, 344) event=18 script=4643 mode=5 state=1 player=(464, 376) pos=(416, 400) path=2
learned targeted exit AreaKey { scene: 1, anchor: (400, 344) } event=18 -> AreaKey { scene: 3, anchor: (160, 112) }
learned exit AreaKey { scene: 1, anchor: (400, 344) } event=18 -> AreaKey { scene: 3, anchor: (160, 112) }
scene 1 -> 3 at frame 2710 position (1088, 1232)
target scene=3 area=(160, 112) event=49 script=6226 mode=5 state=1 player=(1248, 1344) pos=(1280, 1472) path=54
learned exit AreaKey { scene: 3, anchor: (160, 112) } event=53 -> AreaKey { scene: 1, anchor: (400, 344) }
scene 3 -> 1 at frame 2712 position (304, 264)
target scene=1 area=(400, 344) event=18 script=4643 mode=5 state=1 player=(464, 376) pos=(416, 400) path=2
learned targeted exit AreaKey { scene: 1, anchor: (400, 344) } event=18 -> AreaKey { scene: 3, anchor: (160, 112) }
learned exit AreaKey { scene: 1, anchor: (400, 344) } event=18 -> AreaKey { scene: 3, anchor: (160, 112) }
scene 1 -> 3 at frame 2714 position (1088, 1232)
target scene=3 area=(160, 112) event=49 script=6226 mode=5 state=1 player=(1248, 1344) pos=(1280, 1472) path=54
learned exit AreaKey { scene: 3, anchor: (160, 112) } event=53 -> AreaKey { scene: 1, anchor: (400, 344) }
scene 3 -> 1 at frame 2716 position (304, 264)
target scene=1 area=(400, 344) event=18 script=4643 mode=5 state=1 player=(464, 376) pos=(416, 400) path=2
learned targeted exit AreaKey { scene: 1, anchor: (400, 344) } event=18 -> AreaKey { scene: 3, anchor: (160, 112) }
learned exit AreaKey { scene: 1, anchor: (400, 344) } event=18 -> AreaKey { scene: 3, anchor: (160, 112) }
scene 1 -> 3 at frame 2718 position (1088, 1232)
target scene=3 area=(160, 112) event=49 script=6226 mode=5 state=1 player=(1248, 1344) pos=(1280, 1472) path=54
learned exit AreaKey { scene: 3, anchor: (160, 112) } event=53 -> AreaKey { scene: 1, anchor: (400, 344) }
scene 3 -> 1 at frame 2720 position (304, 264)
target scene=1 area=(400, 344) event=18 script=4643 mode=5 state=1 player=(464, 376) pos=(416, 400) path=2
learned targeted exit AreaKey { scene: 1, anchor: (400, 344) } event=18 -> AreaKey { scene: 3, anchor: (160, 112) }
learned exit AreaKey { scene: 1, anchor: (400, 344) } event=18 -> AreaKey { scene: 3, anchor: (160, 112) }
scene 1 -> 3 at frame 2722 position (1088, 1232)
target scene=3 area=(160, 112) event=49 script=6226 mode=5 state=1 player=(1248, 1344) pos=(1280, 1472) path=54
learned exit AreaKey { scene: 3, anchor: (160, 112) } event=53 -> AreaKey { scene: 1, anchor: (400, 344) }
scene 3 -> 1 at frame 2724 position (304, 264)
target scene=1 area=(400, 344) event=18 script=4643 mode=5 state=1 player=(464, 376) pos=(416, 400) path=2
learned targeted exit AreaKey { scene: 1, anchor: (400, 344) } event=18 -> AreaKey { scene: 3, anchor: (160, 112) }
learned exit AreaKey { scene: 1, anchor: (400, 344) } event=18 -> AreaKey { scene: 3, anchor: (160, 112) }
scene 1 -> 3 at frame 2726 position (1088, 1232)
target scene=3 area=(160, 112) event=49 script=6226 mode=5 state=1 player=(1248, 1344) pos=(1280, 1472) path=54
learned exit AreaKey { scene: 3, anchor: (160, 112) } event=53 -> AreaKey { scene: 1, anchor: (400, 344) }
scene 3 -> 1 at frame 2728 position (304, 264)
target scene=1 area=(400, 344) event=18 script=4643 mode=5 state=1 player=(464, 376) pos=(416, 400) path=2
learned targeted exit AreaKey { scene: 1, anchor: (400, 344) } event=18 -> AreaKey { scene: 3, anchor: (160, 112) }
learned exit AreaKey { scene: 1, anchor: (400, 344) } event=18 -> AreaKey { scene: 3, anchor: (160, 112) }
scene 1 -> 3 at frame 2730 position (1088, 1232)
target scene=3 area=(160, 112) event=49 script=6226 mode=5 state=1 player=(1248, 1344) pos=(1280, 1472) path=54
learned exit AreaKey { scene: 3, anchor: (160, 112) } event=53 -> AreaKey { scene: 1, anchor: (400, 344) }
scene 3 -> 1 at frame 2732 position (304, 264)
target scene=1 area=(400, 344) event=18 script=4643 mode=5 state=1 player=(464, 376) pos=(416, 400) path=2
learned targeted exit AreaKey { scene: 1, anchor: (400, 344) } event=18 -> AreaKey { scene: 3, anchor: (160, 112) }
learned exit AreaKey { scene: 1, anchor: (400, 344) } event=18 -> AreaKey { scene: 3, anchor: (160, 112) }
scene 1 -> 3 at frame 2734 position (1088, 1232)
target scene=3 area=(160, 112) event=49 script=6226 mode=5 state=1 player=(1248, 1344) pos=(1280, 1472) path=54
learned exit AreaKey { scene: 3, anchor: (160, 112) } event=53 -> AreaKey { scene: 1, anchor: (400, 344) }
scene 3 -> 1 at frame 2736 position (304, 264)
target scene=1 area=(400, 344) event=18 script=4643 mode=5 state=1 player=(464, 376) pos=(416, 400) path=2
learned targeted exit AreaKey { scene: 1, anchor: (400, 344) } event=18 -> AreaKey { scene: 3, anchor: (160, 112) }
learned exit AreaKey { scene: 1, anchor: (400, 344) } event=18 -> AreaKey { scene: 3, anchor: (160, 112) }
scene 1 -> 3 at frame 2738 position (1088, 1232)
target scene=3 area=(160, 112) event=49 script=6226 mode=5 state=1 player=(1248, 1344) pos=(1280, 1472) path=54
learned exit AreaKey { scene: 3, anchor: (160, 112) } event=53 -> AreaKey { scene: 1, anchor: (400, 344) }
scene 3 -> 1 at frame 2740 position (304, 264)
target scene=1 area=(400, 344) event=18 script=4643 mode=5 state=1 player=(464, 376) pos=(416, 400) path=2
learned targeted exit AreaKey { scene: 1, anchor: (400, 344) } event=18 -> AreaKey { scene: 3, anchor: (160, 112) }
learned exit AreaKey { scene: 1, anchor: (400, 344) } event=18 -> AreaKey { scene: 3, anchor: (160, 112) }
scene 1 -> 3 at frame 2742 position (1088, 1232)
target scene=3 area=(160, 112) event=49 script=6226 mode=5 state=1 player=(1248, 1344) pos=(1280, 1472) path=54
learned exit AreaKey { scene: 3, anchor: (160, 112) } event=53 -> AreaKey { scene: 1, anchor: (400, 344) }
scene 3 -> 1 at frame 2744 position (304, 264)
target scene=1 area=(400, 344) event=18 script=4643 mode=5 state=1 player=(464, 376) pos=(416, 400) path=2
learned targeted exit AreaKey { scene: 1, anchor: (400, 344) } event=18 -> AreaKey { scene: 3, anchor: (160, 112) }
learned exit AreaKey { scene: 1, anchor: (400, 344) } event=18 -> AreaKey { scene: 3, anchor: (160, 112) }
scene 1 -> 3 at frame 2746 position (1088, 1232)
target scene=3 area=(160, 112) event=49 script=6226 mode=5 state=1 player=(1248, 1344) pos=(1280, 1472) path=54
learned exit AreaKey { scene: 3, anchor: (160, 112) } event=53 -> AreaKey { scene: 1, anchor: (400, 344) }
scene 3 -> 1 at frame 2748 position (304, 264)
target scene=1 area=(400, 344) event=18 script=4643 mode=5 state=1 player=(464, 376) pos=(416, 400) path=2
learned targeted exit AreaKey { scene: 1, anchor: (400, 344) } event=18 -> AreaKey { scene: 3, anchor: (160, 112) }
learned exit AreaKey { scene: 1, anchor: (400, 344) } event=18 -> AreaKey { scene: 3, anchor: (160, 112) }
scene 1 -> 3 at frame 2750 position (1088, 1232)
target scene=3 area=(160, 112) event=49 script=6226 mode=5 state=1 player=(1248, 1344) pos=(1280, 1472) path=54
learned exit AreaKey { scene: 3, anchor: (160, 112) } event=53 -> AreaKey { scene: 1, anchor: (400, 344) }
scene 3 -> 1 at frame 2752 position (304, 264)
target scene=1 area=(400, 344) event=18 script=4643 mode=5 state=1 player=(464, 376) pos=(416, 400) path=2
learned targeted exit AreaKey { scene: 1, anchor: (400, 344) } event=18 -> AreaKey { scene: 3, anchor: (160, 112) }
learned exit AreaKey { scene: 1, anchor: (400, 344) } event=18 -> AreaKey { scene: 3, anchor: (160, 112) }
scene 1 -> 3 at frame 2754 position (1088, 1232)
target scene=3 area=(160, 112) event=49 script=6226 mode=5 state=1 player=(1248, 1344) pos=(1280, 1472) path=54
learned exit AreaKey { scene: 3, anchor: (160, 112) } event=53 -> AreaKey { scene: 1, anchor: (400, 344) }
scene 3 -> 1 at frame 2756 position (304, 264)
target scene=1 area=(400, 344) event=18 script=4643 mode=5 state=1 player=(464, 376) pos=(416, 400) path=2
learned targeted exit AreaKey { scene: 1, anchor: (400, 344) } event=18 -> AreaKey { scene: 3, anchor: (160, 112) }
learned exit AreaKey { scene: 1, anchor: (400, 344) } event=18 -> AreaKey { scene: 3, anchor: (160, 112) }
scene 1 -> 3 at frame 2758 position (1088, 1232)
target scene=3 area=(160, 112) event=49 script=6226 mode=5 state=1 player=(1248, 1344) pos=(1280, 1472) path=54
learned exit AreaKey { scene: 3, anchor: (160, 112) } event=53 -> AreaKey { scene: 1, anchor: (400, 344) }
scene 3 -> 1 at frame 2760 position (304, 264)
target scene=1 area=(400, 344) event=18 script=4643 mode=5 state=1 player=(464, 376) pos=(416, 400) path=2
learned targeted exit AreaKey { scene: 1, anchor: (400, 344) } event=18 -> AreaKey { scene: 3, anchor: (160, 112) }
learned exit AreaKey { scene: 1, anchor: (400, 344) } event=18 -> AreaKey { scene: 3, anchor: (160, 112) }
scene 1 -> 3 at frame 2762 position (1088, 1232)
target scene=3 area=(160, 112) event=49 script=6226 mode=5 state=1 player=(1248, 1344) pos=(1280, 1472) path=54
learned exit AreaKey { scene: 3, anchor: (160, 112) } event=53 -> AreaKey { scene: 1, anchor: (400, 344) }
scene 3 -> 1 at frame 2764 position (304, 264)
target scene=1 area=(400, 344) event=18 script=4643 mode=5 state=1 player=(464, 376) pos=(416, 400) path=2
learned targeted exit AreaKey { scene: 1, anchor: (400, 344) } event=18 -> AreaKey { scene: 3, anchor: (160, 112) }
learned exit AreaKey { scene: 1, anchor: (400, 344) } event=18 -> AreaKey { scene: 3, anchor: (160, 112) }
scene 1 -> 3 at frame 2766 position (1088, 1232)
target scene=3 area=(160, 112) event=49 script=6226 mode=5 state=1 player=(1248, 1344) pos=(1280, 1472) path=54
learned exit AreaKey { scene: 3, anchor: (160, 112) } event=53 -> AreaKey { scene: 1, anchor: (400, 344) }
scene 3 -> 1 at frame 2768 position (304, 264)
target scene=1 area=(400, 344) event=18 script=4643 mode=5 state=1 player=(464, 376) pos=(416, 400) path=2
learned targeted exit AreaKey { scene: 1, anchor: (400, 344) } event=18 -> AreaKey { scene: 3, anchor: (160, 112) }
learned exit AreaKey { scene: 1, anchor: (400, 344) } event=18 -> AreaKey { scene: 3, anchor: (160, 112) }
scene 1 -> 3 at frame 2770 position (1088, 1232)
target scene=3 area=(160, 112) event=49 script=6226 mode=5 state=1 player=(1248, 1344) pos=(1280, 1472) path=54
learned exit AreaKey { scene: 3, anchor: (160, 112) } event=53 -> AreaKey { scene: 1, anchor: (400, 344) }
scene 3 -> 1 at frame 2772 position (304, 264)
target scene=1 area=(400, 344) event=18 script=4643 mode=5 state=1 player=(464, 376) pos=(416, 400) path=2
learned targeted exit AreaKey { scene: 1, anchor: (400, 344) } event=18 -> AreaKey { scene: 3, anchor: (160, 112) }
learned exit AreaKey { scene: 1, anchor: (400, 344) } event=18 -> AreaKey { scene: 3, anchor: (160, 112) }
scene 1 -> 3 at frame 2774 position (1088, 1232)
target scene=3 area=(160, 112) event=49 script=6226 mode=5 state=1 player=(1248, 1344) pos=(1280, 1472) path=54
learned exit AreaKey { scene: 3, anchor: (160, 112) } event=53 -> AreaKey { scene: 1, anchor: (400, 344) }
scene 3 -> 1 at frame 2776 position (304, 264)
target scene=1 area=(400, 344) event=18 script=4643 mode=5 state=1 player=(464, 376) pos=(416, 400) path=2
learned targeted exit AreaKey { scene: 1, anchor: (400, 344) } event=18 -> AreaKey { scene: 3, anchor: (160, 112) }
learned exit AreaKey { scene: 1, anchor: (400, 344) } event=18 -> AreaKey { scene: 3, anchor: (160, 112) }
scene 1 -> 3 at frame 2778 position (1088, 1232)
target scene=3 area=(160, 112) event=49 script=6226 mode=5 state=1 player=(1248, 1344) pos=(1280, 1472) path=54
learned exit AreaKey { scene: 3, anchor: (160, 112) } event=53 -> AreaKey { scene: 1, anchor: (400, 344) }
scene 3 -> 1 at frame 2780 position (304, 264)
target scene=1 area=(400, 344) event=18 script=4643 mode=5 state=1 player=(464, 376) pos=(416, 400) path=2
learned targeted exit AreaKey { scene: 1, anchor: (400, 344) } event=18 -> AreaKey { scene: 3, anchor: (160, 112) }
learned exit AreaKey { scene: 1, anchor: (400, 344) } event=18 -> AreaKey { scene: 3, anchor: (160, 112) }
scene 1 -> 3 at frame 2782 position (1088, 1232)
target scene=3 area=(160, 112) event=49 script=6226 mode=5 state=1 player=(1248, 1344) pos=(1280, 1472) path=54
learned exit AreaKey { scene: 3, anchor: (160, 112) } event=53 -> AreaKey { scene: 1, anchor: (400, 344) }
scene 3 -> 1 at frame 2784 position (304, 264)
target scene=1 area=(400, 344) event=18 script=4643 mode=5 state=1 player=(464, 376) pos=(416, 400) path=2
learned targeted exit AreaKey { scene: 1, anchor: (400, 344) } event=18 -> AreaKey { scene: 3, anchor: (160, 112) }
learned exit AreaKey { scene: 1, anchor: (400, 344) } event=18 -> AreaKey { scene: 3, anchor: (160, 112) }
scene 1 -> 3 at frame 2786 position (1088, 1232)
target scene=3 area=(160, 112) event=49 script=6226 mode=5 state=1 player=(1248, 1344) pos=(1280, 1472) path=54
learned exit AreaKey { scene: 3, anchor: (160, 112) } event=53 -> AreaKey { scene: 1, anchor: (400, 344) }
scene 3 -> 1 at frame 2788 position (304, 264)
target scene=1 area=(400, 344) event=18 script=4643 mode=5 state=1 player=(464, 376) pos=(416, 400) path=2
learned targeted exit AreaKey { scene: 1, anchor: (400, 344) } event=18 -> AreaKey { scene: 3, anchor: (160, 112) }
learned exit AreaKey { scene: 1, anchor: (400, 344) } event=18 -> AreaKey { scene: 3, anchor: (160, 112) }
scene 1 -> 3 at frame 2790 position (1088, 1232)
target scene=3 area=(160, 112) event=49 script=6226 mode=5 state=1 player=(1248, 1344) pos=(1280, 1472) path=54
learned exit AreaKey { scene: 3, anchor: (160, 112) } event=53 -> AreaKey { scene: 1, anchor: (400, 344) }
scene 3 -> 1 at frame 2792 position (304, 264)
target scene=1 area=(400, 344) event=18 script=4643 mode=5 state=1 player=(464, 376) pos=(416, 400) path=2
learned targeted exit AreaKey { scene: 1, anchor: (400, 344) } event=18 -> AreaKey { scene: 3, anchor: (160, 112) }
learned exit AreaKey { scene: 1, anchor: (400, 344) } event=18 -> AreaKey { scene: 3, anchor: (160, 112) }
scene 1 -> 3 at frame 2794 position (1088, 1232)
target scene=3 area=(160, 112) event=49 script=6226 mode=5 state=1 player=(1248, 1344) pos=(1280, 1472) path=54
learned exit AreaKey { scene: 3, anchor: (160, 112) } event=53 -> AreaKey { scene: 1, anchor: (400, 344) }
scene 3 -> 1 at frame 2796 position (304, 264)
target scene=1 area=(400, 344) event=18 script=4643 mode=5 state=1 player=(464, 376) pos=(416, 400) path=2
learned targeted exit AreaKey { scene: 1, anchor: (400, 344) } event=18 -> AreaKey { scene: 3, anchor: (160, 112) }
learned exit AreaKey { scene: 1, anchor: (400, 344) } event=18 -> AreaKey { scene: 3, anchor: (160, 112) }
scene 1 -> 3 at frame 2798 position (1088, 1232)
target scene=3 area=(160, 112) event=49 script=6226 mode=5 state=1 player=(1248, 1344) pos=(1280, 1472) path=54
learned exit AreaKey { scene: 3, anchor: (160, 112) } event=53 -> AreaKey { scene: 1, anchor: (400, 344) }
scene 3 -> 1 at frame 2800 position (304, 264)
target scene=1 area=(400, 344) event=18 script=4643 mode=5 state=1 player=(464, 376) pos=(416, 400) path=2
learned targeted exit AreaKey { scene: 1, anchor: (400, 344) } event=18 -> AreaKey { scene: 3, anchor: (160, 112) }
learned exit AreaKey { scene: 1, anchor: (400, 344) } event=18 -> AreaKey { scene: 3, anchor: (160, 112) }
scene 1 -> 3 at frame 2802 position (1088, 1232)
target scene=3 area=(160, 112) event=49 script=6226 mode=5 state=1 player=(1248, 1344) pos=(1280, 1472) path=54
learned exit AreaKey { scene: 3, anchor: (160, 112) } event=53 -> AreaKey { scene: 1, anchor: (400, 344) }
scene 3 -> 1 at frame 2804 position (304, 264)
target scene=1 area=(400, 344) event=18 script=4643 mode=5 state=1 player=(464, 376) pos=(416, 400) path=2
learned targeted exit AreaKey { scene: 1, anchor: (400, 344) } event=18 -> AreaKey { scene: 3, anchor: (160, 112) }
learned exit AreaKey { scene: 1, anchor: (400, 344) } event=18 -> AreaKey { scene: 3, anchor: (160, 112) }
scene 1 -> 3 at frame 2806 position (1088, 1232)
target scene=3 area=(160, 112) event=49 script=6226 mode=5 state=1 player=(1248, 1344) pos=(1280, 1472) path=54
learned exit AreaKey { scene: 3, anchor: (160, 112) } event=53 -> AreaKey { scene: 1, anchor: (400, 344) }
scene 3 -> 1 at frame 2808 position (304, 264)
target scene=1 area=(400, 344) event=18 script=4643 mode=5 state=1 player=(464, 376) pos=(416, 400) path=2
learned targeted exit AreaKey { scene: 1, anchor: (400, 344) } event=18 -> AreaKey { scene: 3, anchor: (160, 112) }
learned exit AreaKey { scene: 1, anchor: (400, 344) } event=18 -> AreaKey { scene: 3, anchor: (160, 112) }
scene 1 -> 3 at frame 2810 position (1088, 1232)
target scene=3 area=(160, 112) event=49 script=6226 mode=5 state=1 player=(1248, 1344) pos=(1280, 1472) path=54
learned exit AreaKey { scene: 3, anchor: (160, 112) } event=53 -> AreaKey { scene: 1, anchor: (400, 344) }
scene 3 -> 1 at frame 2812 position (304, 264)
target scene=1 area=(400, 344) event=18 script=4643 mode=5 state=1 player=(464, 376) pos=(416, 400) path=2
learned targeted exit AreaKey { scene: 1, anchor: (400, 344) } event=18 -> AreaKey { scene: 3, anchor: (160, 112) }
learned exit AreaKey { scene: 1, anchor: (400, 344) } event=18 -> AreaKey { scene: 3, anchor: (160, 112) }
scene 1 -> 3 at frame 2814 position (1088, 1232)
target scene=3 area=(160, 112) event=49 script=6226 mode=5 state=1 player=(1248, 1344) pos=(1280, 1472) path=54
learned exit AreaKey { scene: 3, anchor: (160, 112) } event=53 -> AreaKey { scene: 1, anchor: (400, 344) }
scene 3 -> 1 at frame 2816 position (304, 264)
target scene=1 area=(400, 344) event=18 script=4643 mode=5 state=1 player=(464, 376) pos=(416, 400) path=2
learned targeted exit AreaKey { scene: 1, anchor: (400, 344) } event=18 -> AreaKey { scene: 3, anchor: (160, 112) }
learned exit AreaKey { scene: 1, anchor: (400, 344) } event=18 -> AreaKey { scene: 3, anchor: (160, 112) }
scene 1 -> 3 at frame 2818 position (1088, 1232)
target scene=3 area=(160, 112) event=49 script=6226 mode=5 state=1 player=(1248, 1344) pos=(1280, 1472) path=54
learned exit AreaKey { scene: 3, anchor: (160, 112) } event=53 -> AreaKey { scene: 1, anchor: (400, 344) }
scene 3 -> 1 at frame 2820 position (304, 264)
target scene=1 area=(400, 344) event=18 script=4643 mode=5 state=1 player=(464, 376) pos=(416, 400) path=2
learned targeted exit AreaKey { scene: 1, anchor: (400, 344) } event=18 -> AreaKey { scene: 3, anchor: (160, 112) }
learned exit AreaKey { scene: 1, anchor: (400, 344) } event=18 -> AreaKey { scene: 3, anchor: (160, 112) }
scene 1 -> 3 at frame 2822 position (1088, 1232)
target scene=3 area=(160, 112) event=49 script=6226 mode=5 state=1 player=(1248, 1344) pos=(1280, 1472) path=54
learned exit AreaKey { scene: 3, anchor: (160, 112) } event=53 -> AreaKey { scene: 1, anchor: (400, 344) }
scene 3 -> 1 at frame 2824 position (304, 264)
target scene=1 area=(400, 344) event=18 script=4643 mode=5 state=1 player=(464, 376) pos=(416, 400) path=2
learned targeted exit AreaKey { scene: 1, anchor: (400, 344) } event=18 -> AreaKey { scene: 3, anchor: (160, 112) }
learned exit AreaKey { scene: 1, anchor: (400, 344) } event=18 -> AreaKey { scene: 3, anchor: (160, 112) }
scene 1 -> 3 at frame 2826 position (1088, 1232)
target scene=3 area=(160, 112) event=49 script=6226 mode=5 state=1 player=(1248, 1344) pos=(1280, 1472) path=54
learned exit AreaKey { scene: 3, anchor: (160, 112) } event=53 -> AreaKey { scene: 1, anchor: (400, 344) }
scene 3 -> 1 at frame 2828 position (304, 264)
target scene=1 area=(400, 344) event=18 script=4643 mode=5 state=1 player=(464, 376) pos=(416, 400) path=2
learned targeted exit AreaKey { scene: 1, anchor: (400, 344) } event=18 -> AreaKey { scene: 3, anchor: (160, 112) }
learned exit AreaKey { scene: 1, anchor: (400, 344) } event=18 -> AreaKey { scene: 3, anchor: (160, 112) }
scene 1 -> 3 at frame 2830 position (1088, 1232)
target scene=3 area=(160, 112) event=49 script=6226 mode=5 state=1 player=(1248, 1344) pos=(1280, 1472) path=54
learned exit AreaKey { scene: 3, anchor: (160, 112) } event=53 -> AreaKey { scene: 1, anchor: (400, 344) }
scene 3 -> 1 at frame 2832 position (304, 264)
target scene=1 area=(400, 344) event=18 script=4643 mode=5 state=1 player=(464, 376) pos=(416, 400) path=2
learned targeted exit AreaKey { scene: 1, anchor: (400, 344) } event=18 -> AreaKey { scene: 3, anchor: (160, 112) }
learned exit AreaKey { scene: 1, anchor: (400, 344) } event=18 -> AreaKey { scene: 3, anchor: (160, 112) }
scene 1 -> 3 at frame 2834 position (1088, 1232)
target scene=3 area=(160, 112) event=49 script=6226 mode=5 state=1 player=(1248, 1344) pos=(1280, 1472) path=54
learned exit AreaKey { scene: 3, anchor: (160, 112) } event=53 -> AreaKey { scene: 1, anchor: (400, 344) }
scene 3 -> 1 at frame 2836 position (304, 264)
target scene=1 area=(400, 344) event=18 script=4643 mode=5 state=1 player=(464, 376) pos=(416, 400) path=2
learned targeted exit AreaKey { scene: 1, anchor: (400, 344) } event=18 -> AreaKey { scene: 3, anchor: (160, 112) }
learned exit AreaKey { scene: 1, anchor: (400, 344) } event=18 -> AreaKey { scene: 3, anchor: (160, 112) }
scene 1 -> 3 at frame 2838 position (1088, 1232)
target scene=3 area=(160, 112) event=49 script=6226 mode=5 state=1 player=(1248, 1344) pos=(1280, 1472) path=54
learned exit AreaKey { scene: 3, anchor: (160, 112) } event=53 -> AreaKey { scene: 1, anchor: (400, 344) }
scene 3 -> 1 at frame 2840 position (304, 264)
target scene=1 area=(400, 344) event=18 script=4643 mode=5 state=1 player=(464, 376) pos=(416, 400) path=2
learned targeted exit AreaKey { scene: 1, anchor: (400, 344) } event=18 -> AreaKey { scene: 3, anchor: (160, 112) }
learned exit AreaKey { scene: 1, anchor: (400, 344) } event=18 -> AreaKey { scene: 3, anchor: (160, 112) }
scene 1 -> 3 at frame 2842 position (1088, 1232)
target scene=3 area=(160, 112) event=49 script=6226 mode=5 state=1 player=(1248, 1344) pos=(1280, 1472) path=54
learned exit AreaKey { scene: 3, anchor: (160, 112) } event=53 -> AreaKey { scene: 1, anchor: (400, 344) }
scene 3 -> 1 at frame 2844 position (304, 264)
target scene=1 area=(400, 344) event=18 script=4643 mode=5 state=1 player=(464, 376) pos=(416, 400) path=2
learned targeted exit AreaKey { scene: 1, anchor: (400, 344) } event=18 -> AreaKey { scene: 3, anchor: (160, 112) }
learned exit AreaKey { scene: 1, anchor: (400, 344) } event=18 -> AreaKey { scene: 3, anchor: (160, 112) }
scene 1 -> 3 at frame 2846 position (1088, 1232)
target scene=3 area=(160, 112) event=49 script=6226 mode=5 state=1 player=(1248, 1344) pos=(1280, 1472) path=54
learned exit AreaKey { scene: 3, anchor: (160, 112) } event=53 -> AreaKey { scene: 1, anchor: (400, 344) }
scene 3 -> 1 at frame 2848 position (304, 264)
target scene=1 area=(400, 344) event=18 script=4643 mode=5 state=1 player=(464, 376) pos=(416, 400) path=2
learned targeted exit AreaKey { scene: 1, anchor: (400, 344) } event=18 -> AreaKey { scene: 3, anchor: (160, 112) }
learned exit AreaKey { scene: 1, anchor: (400, 344) } event=18 -> AreaKey { scene: 3, anchor: (160, 112) }
scene 1 -> 3 at frame 2850 position (1088, 1232)
target scene=3 area=(160, 112) event=49 script=6226 mode=5 state=1 player=(1248, 1344) pos=(1280, 1472) path=54
learned exit AreaKey { scene: 3, anchor: (160, 112) } event=53 -> AreaKey { scene: 1, anchor: (400, 344) }
scene 3 -> 1 at frame 2852 position (304, 264)
target scene=1 area=(400, 344) event=18 script=4643 mode=5 state=1 player=(464, 376) pos=(416, 400) path=2
learned targeted exit AreaKey { scene: 1, anchor: (400, 344) } event=18 -> AreaKey { scene: 3, anchor: (160, 112) }
learned exit AreaKey { scene: 1, anchor: (400, 344) } event=18 -> AreaKey { scene: 3, anchor: (160, 112) }
scene 1 -> 3 at frame 2854 position (1088, 1232)
target scene=3 area=(160, 112) event=49 script=6226 mode=5 state=1 player=(1248, 1344) pos=(1280, 1472) path=54
learned exit AreaKey { scene: 3, anchor: (160, 112) } event=53 -> AreaKey { scene: 1, anchor: (400, 344) }
scene 3 -> 1 at frame 2856 position (304, 264)
target scene=1 area=(400, 344) event=18 script=4643 mode=5 state=1 player=(464, 376) pos=(416, 400) path=2
learned targeted exit AreaKey { scene: 1, anchor: (400, 344) } event=18 -> AreaKey { scene: 3, anchor: (160, 112) }
learned exit AreaKey { scene: 1, anchor: (400, 344) } event=18 -> AreaKey { scene: 3, anchor: (160, 112) }
scene 1 -> 3 at frame 2858 position (1088, 1232)
target scene=3 area=(160, 112) event=49 script=6226 mode=5 state=1 player=(1248, 1344) pos=(1280, 1472) path=54
learned exit AreaKey { scene: 3, anchor: (160, 112) } event=53 -> AreaKey { scene: 1, anchor: (400, 344) }
scene 3 -> 1 at frame 2860 position (304, 264)
target scene=1 area=(400, 344) event=18 script=4643 mode=5 state=1 player=(464, 376) pos=(416, 400) path=2
learned targeted exit AreaKey { scene: 1, anchor: (400, 344) } event=18 -> AreaKey { scene: 3, anchor: (160, 112) }
learned exit AreaKey { scene: 1, anchor: (400, 344) } event=18 -> AreaKey { scene: 3, anchor: (160, 112) }
scene 1 -> 3 at frame 2862 position (1088, 1232)
target scene=3 area=(160, 112) event=49 script=6226 mode=5 state=1 player=(1248, 1344) pos=(1280, 1472) path=54
learned exit AreaKey { scene: 3, anchor: (160, 112) } event=53 -> AreaKey { scene: 1, anchor: (400, 344) }
scene 3 -> 1 at frame 2864 position (304, 264)
target scene=1 area=(400, 344) event=18 script=4643 mode=5 state=1 player=(464, 376) pos=(416, 400) path=2
learned targeted exit AreaKey { scene: 1, anchor: (400, 344) } event=18 -> AreaKey { scene: 3, anchor: (160, 112) }
learned exit AreaKey { scene: 1, anchor: (400, 344) } event=18 -> AreaKey { scene: 3, anchor: (160, 112) }
scene 1 -> 3 at frame 2866 position (1088, 1232)
target scene=3 area=(160, 112) event=49 script=6226 mode=5 state=1 player=(1248, 1344) pos=(1280, 1472) path=54
learned exit AreaKey { scene: 3, anchor: (160, 112) } event=53 -> AreaKey { scene: 1, anchor: (400, 344) }
scene 3 -> 1 at frame 2868 position (304, 264)
target scene=1 area=(400, 344) event=18 script=4643 mode=5 state=1 player=(464, 376) pos=(416, 400) path=2
learned targeted exit AreaKey { scene: 1, anchor: (400, 344) } event=18 -> AreaKey { scene: 3, anchor: (160, 112) }
learned exit AreaKey { scene: 1, anchor: (400, 344) } event=18 -> AreaKey { scene: 3, anchor: (160, 112) }
scene 1 -> 3 at frame 2870 position (1088, 1232)
target scene=3 area=(160, 112) event=49 script=6226 mode=5 state=1 player=(1248, 1344) pos=(1280, 1472) path=54
learned exit AreaKey { scene: 3, anchor: (160, 112) } event=53 -> AreaKey { scene: 1, anchor: (400, 344) }
scene 3 -> 1 at frame 2872 position (304, 264)
target scene=1 area=(400, 344) event=18 script=4643 mode=5 state=1 player=(464, 376) pos=(416, 400) path=2
learned targeted exit AreaKey { scene: 1, anchor: (400, 344) } event=18 -> AreaKey { scene: 3, anchor: (160, 112) }
learned exit AreaKey { scene: 1, anchor: (400, 344) } event=18 -> AreaKey { scene: 3, anchor: (160, 112) }
scene 1 -> 3 at frame 2874 position (1088, 1232)
target scene=3 area=(160, 112) event=49 script=6226 mode=5 state=1 player=(1248, 1344) pos=(1280, 1472) path=54
learned exit AreaKey { scene: 3, anchor: (160, 112) } event=53 -> AreaKey { scene: 1, anchor: (400, 344) }
scene 3 -> 1 at frame 2876 position (304, 264)
target scene=1 area=(400, 344) event=18 script=4643 mode=5 state=1 player=(464, 376) pos=(416, 400) path=2
learned targeted exit AreaKey { scene: 1, anchor: (400, 344) } event=18 -> AreaKey { scene: 3, anchor: (160, 112) }
learned exit AreaKey { scene: 1, anchor: (400, 344) } event=18 -> AreaKey { scene: 3, anchor: (160, 112) }
scene 1 -> 3 at frame 2878 position (1088, 1232)
target scene=3 area=(160, 112) event=49 script=6226 mode=5 state=1 player=(1248, 1344) pos=(1280, 1472) path=54
learned exit AreaKey { scene: 3, anchor: (160, 112) } event=53 -> AreaKey { scene: 1, anchor: (400, 344) }
scene 3 -> 1 at frame 2880 position (304, 264)
target scene=1 area=(400, 344) event=18 script=4643 mode=5 state=1 player=(464, 376) pos=(416, 400) path=2
learned targeted exit AreaKey { scene: 1, anchor: (400, 344) } event=18 -> AreaKey { scene: 3, anchor: (160, 112) }
learned exit AreaKey { scene: 1, anchor: (400, 344) } event=18 -> AreaKey { scene: 3, anchor: (160, 112) }
scene 1 -> 3 at frame 2882 position (1088, 1232)
target scene=3 area=(160, 112) event=49 script=6226 mode=5 state=1 player=(1248, 1344) pos=(1280, 1472) path=54
learned exit AreaKey { scene: 3, anchor: (160, 112) } event=53 -> AreaKey { scene: 1, anchor: (400, 344) }
scene 3 -> 1 at frame 2884 position (304, 264)
target scene=1 area=(400, 344) event=18 script=4643 mode=5 state=1 player=(464, 376) pos=(416, 400) path=2
learned targeted exit AreaKey { scene: 1, anchor: (400, 344) } event=18 -> AreaKey { scene: 3, anchor: (160, 112) }
learned exit AreaKey { scene: 1, anchor: (400, 344) } event=18 -> AreaKey { scene: 3, anchor: (160, 112) }
scene 1 -> 3 at frame 2886 position (1088, 1232)
target scene=3 area=(160, 112) event=49 script=6226 mode=5 state=1 player=(1248, 1344) pos=(1280, 1472) path=54
learned exit AreaKey { scene: 3, anchor: (160, 112) } event=53 -> AreaKey { scene: 1, anchor: (400, 344) }
scene 3 -> 1 at frame 2888 position (304, 264)
target scene=1 area=(400, 344) event=18 script=4643 mode=5 state=1 player=(464, 376) pos=(416, 400) path=2
learned targeted exit AreaKey { scene: 1, anchor: (400, 344) } event=18 -> AreaKey { scene: 3, anchor: (160, 112) }
learned exit AreaKey { scene: 1, anchor: (400, 344) } event=18 -> AreaKey { scene: 3, anchor: (160, 112) }
scene 1 -> 3 at frame 2890 position (1088, 1232)
target scene=3 area=(160, 112) event=49 script=6226 mode=5 state=1 player=(1248, 1344) pos=(1280, 1472) path=54
learned exit AreaKey { scene: 3, anchor: (160, 112) } event=53 -> AreaKey { scene: 1, anchor: (400, 344) }
scene 3 -> 1 at frame 2892 position (304, 264)
target scene=1 area=(400, 344) event=18 script=4643 mode=5 state=1 player=(464, 376) pos=(416, 400) path=2
learned targeted exit AreaKey { scene: 1, anchor: (400, 344) } event=18 -> AreaKey { scene: 3, anchor: (160, 112) }
learned exit AreaKey { scene: 1, anchor: (400, 344) } event=18 -> AreaKey { scene: 3, anchor: (160, 112) }
scene 1 -> 3 at frame 2894 position (1088, 1232)
target scene=3 area=(160, 112) event=49 script=6226 mode=5 state=1 player=(1248, 1344) pos=(1280, 1472) path=54
learned exit AreaKey { scene: 3, anchor: (160, 112) } event=53 -> AreaKey { scene: 1, anchor: (400, 344) }
scene 3 -> 1 at frame 2896 position (304, 264)
target scene=1 area=(400, 344) event=18 script=4643 mode=5 state=1 player=(464, 376) pos=(416, 400) path=2
learned targeted exit AreaKey { scene: 1, anchor: (400, 344) } event=18 -> AreaKey { scene: 3, anchor: (160, 112) }
learned exit AreaKey { scene: 1, anchor: (400, 344) } event=18 -> AreaKey { scene: 3, anchor: (160, 112) }
scene 1 -> 3 at frame 2898 position (1088, 1232)
target scene=3 area=(160, 112) event=49 script=6226 mode=5 state=1 player=(1248, 1344) pos=(1280, 1472) path=54
learned exit AreaKey { scene: 3, anchor: (160, 112) } event=53 -> AreaKey { scene: 1, anchor: (400, 344) }
scene 3 -> 1 at frame 2900 position (304, 264)
target scene=1 area=(400, 344) event=18 script=4643 mode=5 state=1 player=(464, 376) pos=(416, 400) path=2
learned targeted exit AreaKey { scene: 1, anchor: (400, 344) } event=18 -> AreaKey { scene: 3, anchor: (160, 112) }
learned exit AreaKey { scene: 1, anchor: (400, 344) } event=18 -> AreaKey { scene: 3, anchor: (160, 112) }
scene 1 -> 3 at frame 2902 position (1088, 1232)
target scene=3 area=(160, 112) event=49 script=6226 mode=5 state=1 player=(1248, 1344) pos=(1280, 1472) path=54
learned exit AreaKey { scene: 3, anchor: (160, 112) } event=53 -> AreaKey { scene: 1, anchor: (400, 344) }
scene 3 -> 1 at frame 2904 position (304, 264)
target scene=1 area=(400, 344) event=18 script=4643 mode=5 state=1 player=(464, 376) pos=(416, 400) path=2
learned targeted exit AreaKey { scene: 1, anchor: (400, 344) } event=18 -> AreaKey { scene: 3, anchor: (160, 112) }
learned exit AreaKey { scene: 1, anchor: (400, 344) } event=18 -> AreaKey { scene: 3, anchor: (160, 112) }
scene 1 -> 3 at frame 2906 position (1088, 1232)
target scene=3 area=(160, 112) event=49 script=6226 mode=5 state=1 player=(1248, 1344) pos=(1280, 1472) path=54
learned exit AreaKey { scene: 3, anchor: (160, 112) } event=53 -> AreaKey { scene: 1, anchor: (400, 344) }
scene 3 -> 1 at frame 2908 position (304, 264)
target scene=1 area=(400, 344) event=18 script=4643 mode=5 state=1 player=(464, 376) pos=(416, 400) path=2
learned targeted exit AreaKey { scene: 1, anchor: (400, 344) } event=18 -> AreaKey { scene: 3, anchor: (160, 112) }
learned exit AreaKey { scene: 1, anchor: (400, 344) } event=18 -> AreaKey { scene: 3, anchor: (160, 112) }
scene 1 -> 3 at frame 2910 position (1088, 1232)
target scene=3 area=(160, 112) event=49 script=6226 mode=5 state=1 player=(1248, 1344) pos=(1280, 1472) path=54
learned exit AreaKey { scene: 3, anchor: (160, 112) } event=53 -> AreaKey { scene: 1, anchor: (400, 344) }
scene 3 -> 1 at frame 2912 position (304, 264)
target scene=1 area=(400, 344) event=18 script=4643 mode=5 state=1 player=(464, 376) pos=(416, 400) path=2
learned targeted exit AreaKey { scene: 1, anchor: (400, 344) } event=18 -> AreaKey { scene: 3, anchor: (160, 112) }
learned exit AreaKey { scene: 1, anchor: (400, 344) } event=18 -> AreaKey { scene: 3, anchor: (160, 112) }
scene 1 -> 3 at frame 2914 position (1088, 1232)
target scene=3 area=(160, 112) event=49 script=6226 mode=5 state=1 player=(1248, 1344) pos=(1280, 1472) path=54
learned exit AreaKey { scene: 3, anchor: (160, 112) } event=53 -> AreaKey { scene: 1, anchor: (400, 344) }
scene 3 -> 1 at frame 2916 position (304, 264)
target scene=1 area=(400, 344) event=18 script=4643 mode=5 state=1 player=(464, 376) pos=(416, 400) path=2
learned targeted exit AreaKey { scene: 1, anchor: (400, 344) } event=18 -> AreaKey { scene: 3, anchor: (160, 112) }
learned exit AreaKey { scene: 1, anchor: (400, 344) } event=18 -> AreaKey { scene: 3, anchor: (160, 112) }
scene 1 -> 3 at frame 2918 position (1088, 1232)
target scene=3 area=(160, 112) event=49 script=6226 mode=5 state=1 player=(1248, 1344) pos=(1280, 1472) path=54
learned exit AreaKey { scene: 3, anchor: (160, 112) } event=53 -> AreaKey { scene: 1, anchor: (400, 344) }
scene 3 -> 1 at frame 2920 position (304, 264)
target scene=1 area=(400, 344) event=18 script=4643 mode=5 state=1 player=(464, 376) pos=(416, 400) path=2
learned targeted exit AreaKey { scene: 1, anchor: (400, 344) } event=18 -> AreaKey { scene: 3, anchor: (160, 112) }
learned exit AreaKey { scene: 1, anchor: (400, 344) } event=18 -> AreaKey { scene: 3, anchor: (160, 112) }
scene 1 -> 3 at frame 2922 position (1088, 1232)
target scene=3 area=(160, 112) event=49 script=6226 mode=5 state=1 player=(1248, 1344) pos=(1280, 1472) path=54
learned exit AreaKey { scene: 3, anchor: (160, 112) } event=53 -> AreaKey { scene: 1, anchor: (400, 344) }
scene 3 -> 1 at frame 2924 position (304, 264)
target scene=1 area=(400, 344) event=18 script=4643 mode=5 state=1 player=(464, 376) pos=(416, 400) path=2
learned targeted exit AreaKey { scene: 1, anchor: (400, 344) } event=18 -> AreaKey { scene: 3, anchor: (160, 112) }
learned exit AreaKey { scene: 1, anchor: (400, 344) } event=18 -> AreaKey { scene: 3, anchor: (160, 112) }
scene 1 -> 3 at frame 2926 position (1088, 1232)
target scene=3 area=(160, 112) event=49 script=6226 mode=5 state=1 player=(1248, 1344) pos=(1280, 1472) path=54
learned exit AreaKey { scene: 3, anchor: (160, 112) } event=53 -> AreaKey { scene: 1, anchor: (400, 344) }
scene 3 -> 1 at frame 2928 position (304, 264)
target scene=1 area=(400, 344) event=18 script=4643 mode=5 state=1 player=(464, 376) pos=(416, 400) path=2
learned targeted exit AreaKey { scene: 1, anchor: (400, 344) } event=18 -> AreaKey { scene: 3, anchor: (160, 112) }
learned exit AreaKey { scene: 1, anchor: (400, 344) } event=18 -> AreaKey { scene: 3, anchor: (160, 112) }
scene 1 -> 3 at frame 2930 position (1088, 1232)
target scene=3 area=(160, 112) event=49 script=6226 mode=5 state=1 player=(1248, 1344) pos=(1280, 1472) path=54
learned exit AreaKey { scene: 3, anchor: (160, 112) } event=53 -> AreaKey { scene: 1, anchor: (400, 344) }
scene 3 -> 1 at frame 2932 position (304, 264)
target scene=1 area=(400, 344) event=18 script=4643 mode=5 state=1 player=(464, 376) pos=(416, 400) path=2
learned targeted exit AreaKey { scene: 1, anchor: (400, 344) } event=18 -> AreaKey { scene: 3, anchor: (160, 112) }
learned exit AreaKey { scene: 1, anchor: (400, 344) } event=18 -> AreaKey { scene: 3, anchor: (160, 112) }
scene 1 -> 3 at frame 2934 position (1088, 1232)
target scene=3 area=(160, 112) event=49 script=6226 mode=5 state=1 player=(1248, 1344) pos=(1280, 1472) path=54
learned exit AreaKey { scene: 3, anchor: (160, 112) } event=53 -> AreaKey { scene: 1, anchor: (400, 344) }
scene 3 -> 1 at frame 2936 position (304, 264)
target scene=1 area=(400, 344) event=18 script=4643 mode=5 state=1 player=(464, 376) pos=(416, 400) path=2
learned targeted exit AreaKey { scene: 1, anchor: (400, 344) } event=18 -> AreaKey { scene: 3, anchor: (160, 112) }
learned exit AreaKey { scene: 1, anchor: (400, 344) } event=18 -> AreaKey { scene: 3, anchor: (160, 112) }
scene 1 -> 3 at frame 2938 position (1088, 1232)
target scene=3 area=(160, 112) event=49 script=6226 mode=5 state=1 player=(1248, 1344) pos=(1280, 1472) path=54
learned exit AreaKey { scene: 3, anchor: (160, 112) } event=53 -> AreaKey { scene: 1, anchor: (400, 344) }
scene 3 -> 1 at frame 2940 position (304, 264)
target scene=1 area=(400, 344) event=18 script=4643 mode=5 state=1 player=(464, 376) pos=(416, 400) path=2
learned targeted exit AreaKey { scene: 1, anchor: (400, 344) } event=18 -> AreaKey { scene: 3, anchor: (160, 112) }
learned exit AreaKey { scene: 1, anchor: (400, 344) } event=18 -> AreaKey { scene: 3, anchor: (160, 112) }
scene 1 -> 3 at frame 2942 position (1088, 1232)
target scene=3 area=(160, 112) event=49 script=6226 mode=5 state=1 player=(1248, 1344) pos=(1280, 1472) path=54
learned exit AreaKey { scene: 3, anchor: (160, 112) } event=53 -> AreaKey { scene: 1, anchor: (400, 344) }
scene 3 -> 1 at frame 2944 position (304, 264)
target scene=1 area=(400, 344) event=18 script=4643 mode=5 state=1 player=(464, 376) pos=(416, 400) path=2
learned targeted exit AreaKey { scene: 1, anchor: (400, 344) } event=18 -> AreaKey { scene: 3, anchor: (160, 112) }
learned exit AreaKey { scene: 1, anchor: (400, 344) } event=18 -> AreaKey { scene: 3, anchor: (160, 112) }
scene 1 -> 3 at frame 2946 position (1088, 1232)
target scene=3 area=(160, 112) event=49 script=6226 mode=5 state=1 player=(1248, 1344) pos=(1280, 1472) path=54
learned exit AreaKey { scene: 3, anchor: (160, 112) } event=53 -> AreaKey { scene: 1, anchor: (400, 344) }
scene 3 -> 1 at frame 2948 position (304, 264)
target scene=1 area=(400, 344) event=18 script=4643 mode=5 state=1 player=(464, 376) pos=(416, 400) path=2
learned targeted exit AreaKey { scene: 1, anchor: (400, 344) } event=18 -> AreaKey { scene: 3, anchor: (160, 112) }
learned exit AreaKey { scene: 1, anchor: (400, 344) } event=18 -> AreaKey { scene: 3, anchor: (160, 112) }
scene 1 -> 3 at frame 2950 position (1088, 1232)
target scene=3 area=(160, 112) event=49 script=6226 mode=5 state=1 player=(1248, 1344) pos=(1280, 1472) path=54
learned exit AreaKey { scene: 3, anchor: (160, 112) } event=53 -> AreaKey { scene: 1, anchor: (400, 344) }
scene 3 -> 1 at frame 2952 position (304, 264)
target scene=1 area=(400, 344) event=18 script=4643 mode=5 state=1 player=(464, 376) pos=(416, 400) path=2
learned targeted exit AreaKey { scene: 1, anchor: (400, 344) } event=18 -> AreaKey { scene: 3, anchor: (160, 112) }
learned exit AreaKey { scene: 1, anchor: (400, 344) } event=18 -> AreaKey { scene: 3, anchor: (160, 112) }
scene 1 -> 3 at frame 2954 position (1088, 1232)
target scene=3 area=(160, 112) event=49 script=6226 mode=5 state=1 player=(1248, 1344) pos=(1280, 1472) path=54
learned exit AreaKey { scene: 3, anchor: (160, 112) } event=53 -> AreaKey { scene: 1, anchor: (400, 344) }
scene 3 -> 1 at frame 2956 position (304, 264)
target scene=1 area=(400, 344) event=18 script=4643 mode=5 state=1 player=(464, 376) pos=(416, 400) path=2
learned targeted exit AreaKey { scene: 1, anchor: (400, 344) } event=18 -> AreaKey { scene: 3, anchor: (160, 112) }
learned exit AreaKey { scene: 1, anchor: (400, 344) } event=18 -> AreaKey { scene: 3, anchor: (160, 112) }
scene 1 -> 3 at frame 2958 position (1088, 1232)
target scene=3 area=(160, 112) event=49 script=6226 mode=5 state=1 player=(1248, 1344) pos=(1280, 1472) path=54
learned exit AreaKey { scene: 3, anchor: (160, 112) } event=53 -> AreaKey { scene: 1, anchor: (400, 344) }
scene 3 -> 1 at frame 2960 position (304, 264)
target scene=1 area=(400, 344) event=18 script=4643 mode=5 state=1 player=(464, 376) pos=(416, 400) path=2
learned targeted exit AreaKey { scene: 1, anchor: (400, 344) } event=18 -> AreaKey { scene: 3, anchor: (160, 112) }
learned exit AreaKey { scene: 1, anchor: (400, 344) } event=18 -> AreaKey { scene: 3, anchor: (160, 112) }
scene 1 -> 3 at frame 2962 position (1088, 1232)
target scene=3 area=(160, 112) event=49 script=6226 mode=5 state=1 player=(1248, 1344) pos=(1280, 1472) path=54
learned exit AreaKey { scene: 3, anchor: (160, 112) } event=53 -> AreaKey { scene: 1, anchor: (400, 344) }
scene 3 -> 1 at frame 2964 position (304, 264)
target scene=1 area=(400, 344) event=18 script=4643 mode=5 state=1 player=(464, 376) pos=(416, 400) path=2
learned targeted exit AreaKey { scene: 1, anchor: (400, 344) } event=18 -> AreaKey { scene: 3, anchor: (160, 112) }
learned exit AreaKey { scene: 1, anchor: (400, 344) } event=18 -> AreaKey { scene: 3, anchor: (160, 112) }
scene 1 -> 3 at frame 2966 position (1088, 1232)
target scene=3 area=(160, 112) event=49 script=6226 mode=5 state=1 player=(1248, 1344) pos=(1280, 1472) path=54
learned exit AreaKey { scene: 3, anchor: (160, 112) } event=53 -> AreaKey { scene: 1, anchor: (400, 344) }
scene 3 -> 1 at frame 2968 position (304, 264)
target scene=1 area=(400, 344) event=18 script=4643 mode=5 state=1 player=(464, 376) pos=(416, 400) path=2
learned targeted exit AreaKey { scene: 1, anchor: (400, 344) } event=18 -> AreaKey { scene: 3, anchor: (160, 112) }
learned exit AreaKey { scene: 1, anchor: (400, 344) } event=18 -> AreaKey { scene: 3, anchor: (160, 112) }
scene 1 -> 3 at frame 2970 position (1088, 1232)
target scene=3 area=(160, 112) event=49 script=6226 mode=5 state=1 player=(1248, 1344) pos=(1280, 1472) path=54
learned exit AreaKey { scene: 3, anchor: (160, 112) } event=53 -> AreaKey { scene: 1, anchor: (400, 344) }
scene 3 -> 1 at frame 2972 position (304, 264)
target scene=1 area=(400, 344) event=18 script=4643 mode=5 state=1 player=(464, 376) pos=(416, 400) path=2
learned targeted exit AreaKey { scene: 1, anchor: (400, 344) } event=18 -> AreaKey { scene: 3, anchor: (160, 112) }
learned exit AreaKey { scene: 1, anchor: (400, 344) } event=18 -> AreaKey { scene: 3, anchor: (160, 112) }
scene 1 -> 3 at frame 2974 position (1088, 1232)
target scene=3 area=(160, 112) event=49 script=6226 mode=5 state=1 player=(1248, 1344) pos=(1280, 1472) path=54
learned exit AreaKey { scene: 3, anchor: (160, 112) } event=53 -> AreaKey { scene: 1, anchor: (400, 344) }
scene 3 -> 1 at frame 2976 position (304, 264)
target scene=1 area=(400, 344) event=18 script=4643 mode=5 state=1 player=(464, 376) pos=(416, 400) path=2
learned targeted exit AreaKey { scene: 1, anchor: (400, 344) } event=18 -> AreaKey { scene: 3, anchor: (160, 112) }
learned exit AreaKey { scene: 1, anchor: (400, 344) } event=18 -> AreaKey { scene: 3, anchor: (160, 112) }
scene 1 -> 3 at frame 2978 position (1088, 1232)
target scene=3 area=(160, 112) event=49 script=6226 mode=5 state=1 player=(1248, 1344) pos=(1280, 1472) path=54
learned exit AreaKey { scene: 3, anchor: (160, 112) } event=53 -> AreaKey { scene: 1, anchor: (400, 344) }
scene 3 -> 1 at frame 2980 position (304, 264)
target scene=1 area=(400, 344) event=18 script=4643 mode=5 state=1 player=(464, 376) pos=(416, 400) path=2
learned targeted exit AreaKey { scene: 1, anchor: (400, 344) } event=18 -> AreaKey { scene: 3, anchor: (160, 112) }
learned exit AreaKey { scene: 1, anchor: (400, 344) } event=18 -> AreaKey { scene: 3, anchor: (160, 112) }
scene 1 -> 3 at frame 2982 position (1088, 1232)
target scene=3 area=(160, 112) event=49 script=6226 mode=5 state=1 player=(1248, 1344) pos=(1280, 1472) path=54
learned exit AreaKey { scene: 3, anchor: (160, 112) } event=53 -> AreaKey { scene: 1, anchor: (400, 344) }
scene 3 -> 1 at frame 2984 position (304, 264)
target scene=1 area=(400, 344) event=18 script=4643 mode=5 state=1 player=(464, 376) pos=(416, 400) path=2
learned targeted exit AreaKey { scene: 1, anchor: (400, 344) } event=18 -> AreaKey { scene: 3, anchor: (160, 112) }
learned exit AreaKey { scene: 1, anchor: (400, 344) } event=18 -> AreaKey { scene: 3, anchor: (160, 112) }
scene 1 -> 3 at frame 2986 position (1088, 1232)
target scene=3 area=(160, 112) event=49 script=6226 mode=5 state=1 player=(1248, 1344) pos=(1280, 1472) path=54
learned exit AreaKey { scene: 3, anchor: (160, 112) } event=53 -> AreaKey { scene: 1, anchor: (400, 344) }
scene 3 -> 1 at frame 2988 position (304, 264)
target scene=1 area=(400, 344) event=18 script=4643 mode=5 state=1 player=(464, 376) pos=(416, 400) path=2
learned targeted exit AreaKey { scene: 1, anchor: (400, 344) } event=18 -> AreaKey { scene: 3, anchor: (160, 112) }
learned exit AreaKey { scene: 1, anchor: (400, 344) } event=18 -> AreaKey { scene: 3, anchor: (160, 112) }
scene 1 -> 3 at frame 2990 position (1088, 1232)
target scene=3 area=(160, 112) event=49 script=6226 mode=5 state=1 player=(1248, 1344) pos=(1280, 1472) path=54
learned exit AreaKey { scene: 3, anchor: (160, 112) } event=53 -> AreaKey { scene: 1, anchor: (400, 344) }
scene 3 -> 1 at frame 2992 position (304, 264)
target scene=1 area=(400, 344) event=18 script=4643 mode=5 state=1 player=(464, 376) pos=(416, 400) path=2
learned targeted exit AreaKey { scene: 1, anchor: (400, 344) } event=18 -> AreaKey { scene: 3, anchor: (160, 112) }
learned exit AreaKey { scene: 1, anchor: (400, 344) } event=18 -> AreaKey { scene: 3, anchor: (160, 112) }
scene 1 -> 3 at frame 2994 position (1088, 1232)
target scene=3 area=(160, 112) event=49 script=6226 mode=5 state=1 player=(1248, 1344) pos=(1280, 1472) path=54
learned exit AreaKey { scene: 3, anchor: (160, 112) } event=53 -> AreaKey { scene: 1, anchor: (400, 344) }
scene 3 -> 1 at frame 2996 position (304, 264)
target scene=1 area=(400, 344) event=18 script=4643 mode=5 state=1 player=(464, 376) pos=(416, 400) path=2
learned targeted exit AreaKey { scene: 1, anchor: (400, 344) } event=18 -> AreaKey { scene: 3, anchor: (160, 112) }
learned exit AreaKey { scene: 1, anchor: (400, 344) } event=18 -> AreaKey { scene: 3, anchor: (160, 112) }
scene 1 -> 3 at frame 2998 position (1088, 1232)
target scene=3 area=(160, 112) event=49 script=6226 mode=5 state=1 player=(1248, 1344) pos=(1280, 1472) path=54
learned exit AreaKey { scene: 3, anchor: (160, 112) } event=53 -> AreaKey { scene: 1, anchor: (400, 344) }
scene 3 -> 1 at frame 3000 position (304, 264)
target scene=1 area=(400, 344) event=18 script=4643 mode=5 state=1 player=(464, 376) pos=(416, 400) path=2
learned targeted exit AreaKey { scene: 1, anchor: (400, 344) } event=18 -> AreaKey { scene: 3, anchor: (160, 112) }
learned exit AreaKey { scene: 1, anchor: (400, 344) } event=18 -> AreaKey { scene: 3, anchor: (160, 112) }
scene 1 -> 3 at frame 3002 position (1088, 1232)
target scene=3 area=(160, 112) event=49 script=6226 mode=5 state=1 player=(1248, 1344) pos=(1280, 1472) path=54
learned exit AreaKey { scene: 3, anchor: (160, 112) } event=53 -> AreaKey { scene: 1, anchor: (400, 344) }
scene 3 -> 1 at frame 3004 position (304, 264)
target scene=1 area=(400, 344) event=18 script=4643 mode=5 state=1 player=(464, 376) pos=(416, 400) path=2
learned targeted exit AreaKey { scene: 1, anchor: (400, 344) } event=18 -> AreaKey { scene: 3, anchor: (160, 112) }
learned exit AreaKey { scene: 1, anchor: (400, 344) } event=18 -> AreaKey { scene: 3, anchor: (160, 112) }
scene 1 -> 3 at frame 3006 position (1088, 1232)
target scene=3 area=(160, 112) event=49 script=6226 mode=5 state=1 player=(1248, 1344) pos=(1280, 1472) path=54
learned exit AreaKey { scene: 3, anchor: (160, 112) } event=53 -> AreaKey { scene: 1, anchor: (400, 344) }
scene 3 -> 1 at frame 3008 position (304, 264)
target scene=1 area=(400, 344) event=18 script=4643 mode=5 state=1 player=(464, 376) pos=(416, 400) path=2
learned targeted exit AreaKey { scene: 1, anchor: (400, 344) } event=18 -> AreaKey { scene: 3, anchor: (160, 112) }
learned exit AreaKey { scene: 1, anchor: (400, 344) } event=18 -> AreaKey { scene: 3, anchor: (160, 112) }
scene 1 -> 3 at frame 3010 position (1088, 1232)
target scene=3 area=(160, 112) event=49 script=6226 mode=5 state=1 player=(1248, 1344) pos=(1280, 1472) path=54
learned exit AreaKey { scene: 3, anchor: (160, 112) } event=53 -> AreaKey { scene: 1, anchor: (400, 344) }
scene 3 -> 1 at frame 3012 position (304, 264)
target scene=1 area=(400, 344) event=18 script=4643 mode=5 state=1 player=(464, 376) pos=(416, 400) path=2
learned targeted exit AreaKey { scene: 1, anchor: (400, 344) } event=18 -> AreaKey { scene: 3, anchor: (160, 112) }
learned exit AreaKey { scene: 1, anchor: (400, 344) } event=18 -> AreaKey { scene: 3, anchor: (160, 112) }
scene 1 -> 3 at frame 3014 position (1088, 1232)
target scene=3 area=(160, 112) event=49 script=6226 mode=5 state=1 player=(1248, 1344) pos=(1280, 1472) path=54
learned exit AreaKey { scene: 3, anchor: (160, 112) } event=53 -> AreaKey { scene: 1, anchor: (400, 344) }
scene 3 -> 1 at frame 3016 position (304, 264)
target scene=1 area=(400, 344) event=18 script=4643 mode=5 state=1 player=(464, 376) pos=(416, 400) path=2
learned targeted exit AreaKey { scene: 1, anchor: (400, 344) } event=18 -> AreaKey { scene: 3, anchor: (160, 112) }
learned exit AreaKey { scene: 1, anchor: (400, 344) } event=18 -> AreaKey { scene: 3, anchor: (160, 112) }
scene 1 -> 3 at frame 3018 position (1088, 1232)
target scene=3 area=(160, 112) event=49 script=6226 mode=5 state=1 player=(1248, 1344) pos=(1280, 1472) path=54
learned exit AreaKey { scene: 3, anchor: (160, 112) } event=53 -> AreaKey { scene: 1, anchor: (400, 344) }
scene 3 -> 1 at frame 3020 position (304, 264)
target scene=1 area=(400, 344) event=18 script=4643 mode=5 state=1 player=(464, 376) pos=(416, 400) path=2
learned targeted exit AreaKey { scene: 1, anchor: (400, 344) } event=18 -> AreaKey { scene: 3, anchor: (160, 112) }
learned exit AreaKey { scene: 1, anchor: (400, 344) } event=18 -> AreaKey { scene: 3, anchor: (160, 112) }
scene 1 -> 3 at frame 3022 position (1088, 1232)
target scene=3 area=(160, 112) event=49 script=6226 mode=5 state=1 player=(1248, 1344) pos=(1280, 1472) path=54
learned exit AreaKey { scene: 3, anchor: (160, 112) } event=53 -> AreaKey { scene: 1, anchor: (400, 344) }
scene 3 -> 1 at frame 3024 position (304, 264)
target scene=1 area=(400, 344) event=18 script=4643 mode=5 state=1 player=(464, 376) pos=(416, 400) path=2
learned targeted exit AreaKey { scene: 1, anchor: (400, 344) } event=18 -> AreaKey { scene: 3, anchor: (160, 112) }
learned exit AreaKey { scene: 1, anchor: (400, 344) } event=18 -> AreaKey { scene: 3, anchor: (160, 112) }
scene 1 -> 3 at frame 3026 position (1088, 1232)
target scene=3 area=(160, 112) event=49 script=6226 mode=5 state=1 player=(1248, 1344) pos=(1280, 1472) path=54
learned exit AreaKey { scene: 3, anchor: (160, 112) } event=53 -> AreaKey { scene: 1, anchor: (400, 344) }
scene 3 -> 1 at frame 3028 position (304, 264)
target scene=1 area=(400, 344) event=18 script=4643 mode=5 state=1 player=(464, 376) pos=(416, 400) path=2
learned targeted exit AreaKey { scene: 1, anchor: (400, 344) } event=18 -> AreaKey { scene: 3, anchor: (160, 112) }
learned exit AreaKey { scene: 1, anchor: (400, 344) } event=18 -> AreaKey { scene: 3, anchor: (160, 112) }
scene 1 -> 3 at frame 3030 position (1088, 1232)
target scene=3 area=(160, 112) event=49 script=6226 mode=5 state=1 player=(1248, 1344) pos=(1280, 1472) path=54
learned exit AreaKey { scene: 3, anchor: (160, 112) } event=53 -> AreaKey { scene: 1, anchor: (400, 344) }
scene 3 -> 1 at frame 3032 position (304, 264)
target scene=1 area=(400, 344) event=18 script=4643 mode=5 state=1 player=(464, 376) pos=(416, 400) path=2
learned targeted exit AreaKey { scene: 1, anchor: (400, 344) } event=18 -> AreaKey { scene: 3, anchor: (160, 112) }
learned exit AreaKey { scene: 1, anchor: (400, 344) } event=18 -> AreaKey { scene: 3, anchor: (160, 112) }
scene 1 -> 3 at frame 3034 position (1088, 1232)
target scene=3 area=(160, 112) event=49 script=6226 mode=5 state=1 player=(1248, 1344) pos=(1280, 1472) path=54
learned exit AreaKey { scene: 3, anchor: (160, 112) } event=53 -> AreaKey { scene: 1, anchor: (400, 344) }
scene 3 -> 1 at frame 3036 position (304, 264)
target scene=1 area=(400, 344) event=18 script=4643 mode=5 state=1 player=(464, 376) pos=(416, 400) path=2
learned targeted exit AreaKey { scene: 1, anchor: (400, 344) } event=18 -> AreaKey { scene: 3, anchor: (160, 112) }
learned exit AreaKey { scene: 1, anchor: (400, 344) } event=18 -> AreaKey { scene: 3, anchor: (160, 112) }
scene 1 -> 3 at frame 3038 position (1088, 1232)
target scene=3 area=(160, 112) event=49 script=6226 mode=5 state=1 player=(1248, 1344) pos=(1280, 1472) path=54
learned exit AreaKey { scene: 3, anchor: (160, 112) } event=53 -> AreaKey { scene: 1, anchor: (400, 344) }
scene 3 -> 1 at frame 3040 position (304, 264)
target scene=1 area=(400, 344) event=18 script=4643 mode=5 state=1 player=(464, 376) pos=(416, 400) path=2
learned targeted exit AreaKey { scene: 1, anchor: (400, 344) } event=18 -> AreaKey { scene: 3, anchor: (160, 112) }
learned exit AreaKey { scene: 1, anchor: (400, 344) } event=18 -> AreaKey { scene: 3, anchor: (160, 112) }
scene 1 -> 3 at frame 3042 position (1088, 1232)
target scene=3 area=(160, 112) event=49 script=6226 mode=5 state=1 player=(1248, 1344) pos=(1280, 1472) path=54
learned exit AreaKey { scene: 3, anchor: (160, 112) } event=53 -> AreaKey { scene: 1, anchor: (400, 344) }
scene 3 -> 1 at frame 3044 position (304, 264)
target scene=1 area=(400, 344) event=18 script=4643 mode=5 state=1 player=(464, 376) pos=(416, 400) path=2
learned targeted exit AreaKey { scene: 1, anchor: (400, 344) } event=18 -> AreaKey { scene: 3, anchor: (160, 112) }
learned exit AreaKey { scene: 1, anchor: (400, 344) } event=18 -> AreaKey { scene: 3, anchor: (160, 112) }
scene 1 -> 3 at frame 3046 position (1088, 1232)
target scene=3 area=(160, 112) event=49 script=6226 mode=5 state=1 player=(1248, 1344) pos=(1280, 1472) path=54
learned exit AreaKey { scene: 3, anchor: (160, 112) } event=53 -> AreaKey { scene: 1, anchor: (400, 344) }
scene 3 -> 1 at frame 3048 position (304, 264)
target scene=1 area=(400, 344) event=18 script=4643 mode=5 state=1 player=(464, 376) pos=(416, 400) path=2
learned targeted exit AreaKey { scene: 1, anchor: (400, 344) } event=18 -> AreaKey { scene: 3, anchor: (160, 112) }
learned exit AreaKey { scene: 1, anchor: (400, 344) } event=18 -> AreaKey { scene: 3, anchor: (160, 112) }
scene 1 -> 3 at frame 3050 position (1088, 1232)
target scene=3 area=(160, 112) event=49 script=6226 mode=5 state=1 player=(1248, 1344) pos=(1280, 1472) path=54
learned exit AreaKey { scene: 3, anchor: (160, 112) } event=53 -> AreaKey { scene: 1, anchor: (400, 344) }
scene 3 -> 1 at frame 3052 position (304, 264)
target scene=1 area=(400, 344) event=18 script=4643 mode=5 state=1 player=(464, 376) pos=(416, 400) path=2
learned targeted exit AreaKey { scene: 1, anchor: (400, 344) } event=18 -> AreaKey { scene: 3, anchor: (160, 112) }
learned exit AreaKey { scene: 1, anchor: (400, 344) } event=18 -> AreaKey { scene: 3, anchor: (160, 112) }
scene 1 -> 3 at frame 3054 position (1088, 1232)
target scene=3 area=(160, 112) event=49 script=6226 mode=5 state=1 player=(1248, 1344) pos=(1280, 1472) path=54
learned exit AreaKey { scene: 3, anchor: (160, 112) } event=53 -> AreaKey { scene: 1, anchor: (400, 344) }
scene 3 -> 1 at frame 3056 position (304, 264)
target scene=1 area=(400, 344) event=18 script=4643 mode=5 state=1 player=(464, 376) pos=(416, 400) path=2
learned targeted exit AreaKey { scene: 1, anchor: (400, 344) } event=18 -> AreaKey { scene: 3, anchor: (160, 112) }
learned exit AreaKey { scene: 1, anchor: (400, 344) } event=18 -> AreaKey { scene: 3, anchor: (160, 112) }
scene 1 -> 3 at frame 3058 position (1088, 1232)
target scene=3 area=(160, 112) event=49 script=6226 mode=5 state=1 player=(1248, 1344) pos=(1280, 1472) path=54
learned exit AreaKey { scene: 3, anchor: (160, 112) } event=53 -> AreaKey { scene: 1, anchor: (400, 344) }
scene 3 -> 1 at frame 3060 position (304, 264)
target scene=1 area=(400, 344) event=18 script=4643 mode=5 state=1 player=(464, 376) pos=(416, 400) path=2
learned targeted exit AreaKey { scene: 1, anchor: (400, 344) } event=18 -> AreaKey { scene: 3, anchor: (160, 112) }
learned exit AreaKey { scene: 1, anchor: (400, 344) } event=18 -> AreaKey { scene: 3, anchor: (160, 112) }
scene 1 -> 3 at frame 3062 position (1088, 1232)
target scene=3 area=(160, 112) event=49 script=6226 mode=5 state=1 player=(1248, 1344) pos=(1280, 1472) path=54
learned exit AreaKey { scene: 3, anchor: (160, 112) } event=53 -> AreaKey { scene: 1, anchor: (400, 344) }
scene 3 -> 1 at frame 3064 position (304, 264)
target scene=1 area=(400, 344) event=18 script=4643 mode=5 state=1 player=(464, 376) pos=(416, 400) path=2
learned targeted exit AreaKey { scene: 1, anchor: (400, 344) } event=18 -> AreaKey { scene: 3, anchor: (160, 112) }
learned exit AreaKey { scene: 1, anchor: (400, 344) } event=18 -> AreaKey { scene: 3, anchor: (160, 112) }
scene 1 -> 3 at frame 3066 position (1088, 1232)
target scene=3 area=(160, 112) event=49 script=6226 mode=5 state=1 player=(1248, 1344) pos=(1280, 1472) path=54
learned exit AreaKey { scene: 3, anchor: (160, 112) } event=53 -> AreaKey { scene: 1, anchor: (400, 344) }
scene 3 -> 1 at frame 3068 position (304, 264)
target scene=1 area=(400, 344) event=18 script=4643 mode=5 state=1 player=(464, 376) pos=(416, 400) path=2
learned targeted exit AreaKey { scene: 1, anchor: (400, 344) } event=18 -> AreaKey { scene: 3, anchor: (160, 112) }
learned exit AreaKey { scene: 1, anchor: (400, 344) } event=18 -> AreaKey { scene: 3, anchor: (160, 112) }
scene 1 -> 3 at frame 3070 position (1088, 1232)
target scene=3 area=(160, 112) event=49 script=6226 mode=5 state=1 player=(1248, 1344) pos=(1280, 1472) path=54
learned exit AreaKey { scene: 3, anchor: (160, 112) } event=53 -> AreaKey { scene: 1, anchor: (400, 344) }
scene 3 -> 1 at frame 3072 position (304, 264)
target scene=1 area=(400, 344) event=18 script=4643 mode=5 state=1 player=(464, 376) pos=(416, 400) path=2
learned targeted exit AreaKey { scene: 1, anchor: (400, 344) } event=18 -> AreaKey { scene: 3, anchor: (160, 112) }
learned exit AreaKey { scene: 1, anchor: (400, 344) } event=18 -> AreaKey { scene: 3, anchor: (160, 112) }
scene 1 -> 3 at frame 3074 position (1088, 1232)
target scene=3 area=(160, 112) event=49 script=6226 mode=5 state=1 player=(1248, 1344) pos=(1280, 1472) path=54
learned exit AreaKey { scene: 3, anchor: (160, 112) } event=53 -> AreaKey { scene: 1, anchor: (400, 344) }
scene 3 -> 1 at frame 3076 position (304, 264)
target scene=1 area=(400, 344) event=18 script=4643 mode=5 state=1 player=(464, 376) pos=(416, 400) path=2
learned targeted exit AreaKey { scene: 1, anchor: (400, 344) } event=18 -> AreaKey { scene: 3, anchor: (160, 112) }
learned exit AreaKey { scene: 1, anchor: (400, 344) } event=18 -> AreaKey { scene: 3, anchor: (160, 112) }
scene 1 -> 3 at frame 3078 position (1088, 1232)
target scene=3 area=(160, 112) event=49 script=6226 mode=5 state=1 player=(1248, 1344) pos=(1280, 1472) path=54
learned exit AreaKey { scene: 3, anchor: (160, 112) } event=53 -> AreaKey { scene: 1, anchor: (400, 344) }
scene 3 -> 1 at frame 3080 position (304, 264)
target scene=1 area=(400, 344) event=18 script=4643 mode=5 state=1 player=(464, 376) pos=(416, 400) path=2
learned targeted exit AreaKey { scene: 1, anchor: (400, 344) } event=18 -> AreaKey { scene: 3, anchor: (160, 112) }
learned exit AreaKey { scene: 1, anchor: (400, 344) } event=18 -> AreaKey { scene: 3, anchor: (160, 112) }
scene 1 -> 3 at frame 3082 position (1088, 1232)
target scene=3 area=(160, 112) event=49 script=6226 mode=5 state=1 player=(1248, 1344) pos=(1280, 1472) path=54
learned exit AreaKey { scene: 3, anchor: (160, 112) } event=53 -> AreaKey { scene: 1, anchor: (400, 344) }
scene 3 -> 1 at frame 3084 position (304, 264)
target scene=1 area=(400, 344) event=18 script=4643 mode=5 state=1 player=(464, 376) pos=(416, 400) path=2
learned targeted exit AreaKey { scene: 1, anchor: (400, 344) } event=18 -> AreaKey { scene: 3, anchor: (160, 112) }
learned exit AreaKey { scene: 1, anchor: (400, 344) } event=18 -> AreaKey { scene: 3, anchor: (160, 112) }
scene 1 -> 3 at frame 3086 position (1088, 1232)
target scene=3 area=(160, 112) event=49 script=6226 mode=5 state=1 player=(1248, 1344) pos=(1280, 1472) path=54
learned exit AreaKey { scene: 3, anchor: (160, 112) } event=53 -> AreaKey { scene: 1, anchor: (400, 344) }
scene 3 -> 1 at frame 3088 position (304, 264)
target scene=1 area=(400, 344) event=18 script=4643 mode=5 state=1 player=(464, 376) pos=(416, 400) path=2
learned targeted exit AreaKey { scene: 1, anchor: (400, 344) } event=18 -> AreaKey { scene: 3, anchor: (160, 112) }
learned exit AreaKey { scene: 1, anchor: (400, 344) } event=18 -> AreaKey { scene: 3, anchor: (160, 112) }
scene 1 -> 3 at frame 3090 position (1088, 1232)
target scene=3 area=(160, 112) event=49 script=6226 mode=5 state=1 player=(1248, 1344) pos=(1280, 1472) path=54
learned exit AreaKey { scene: 3, anchor: (160, 112) } event=53 -> AreaKey { scene: 1, anchor: (400, 344) }
scene 3 -> 1 at frame 3092 position (304, 264)
target scene=1 area=(400, 344) event=18 script=4643 mode=5 state=1 player=(464, 376) pos=(416, 400) path=2
learned targeted exit AreaKey { scene: 1, anchor: (400, 344) } event=18 -> AreaKey { scene: 3, anchor: (160, 112) }
learned exit AreaKey { scene: 1, anchor: (400, 344) } event=18 -> AreaKey { scene: 3, anchor: (160, 112) }
scene 1 -> 3 at frame 3094 position (1088, 1232)
target scene=3 area=(160, 112) event=49 script=6226 mode=5 state=1 player=(1248, 1344) pos=(1280, 1472) path=54
learned exit AreaKey { scene: 3, anchor: (160, 112) } event=53 -> AreaKey { scene: 1, anchor: (400, 344) }
scene 3 -> 1 at frame 3096 position (304, 264)
target scene=1 area=(400, 344) event=18 script=4643 mode=5 state=1 player=(464, 376) pos=(416, 400) path=2
learned targeted exit AreaKey { scene: 1, anchor: (400, 344) } event=18 -> AreaKey { scene: 3, anchor: (160, 112) }
learned exit AreaKey { scene: 1, anchor: (400, 344) } event=18 -> AreaKey { scene: 3, anchor: (160, 112) }
scene 1 -> 3 at frame 3098 position (1088, 1232)
target scene=3 area=(160, 112) event=49 script=6226 mode=5 state=1 player=(1248, 1344) pos=(1280, 1472) path=54
learned exit AreaKey { scene: 3, anchor: (160, 112) } event=53 -> AreaKey { scene: 1, anchor: (400, 344) }
scene 3 -> 1 at frame 3100 position (304, 264)
target scene=1 area=(400, 344) event=18 script=4643 mode=5 state=1 player=(464, 376) pos=(416, 400) path=2
learned targeted exit AreaKey { scene: 1, anchor: (400, 344) } event=18 -> AreaKey { scene: 3, anchor: (160, 112) }
learned exit AreaKey { scene: 1, anchor: (400, 344) } event=18 -> AreaKey { scene: 3, anchor: (160, 112) }
scene 1 -> 3 at frame 3102 position (1088, 1232)
target scene=3 area=(160, 112) event=49 script=6226 mode=5 state=1 player=(1248, 1344) pos=(1280, 1472) path=54
learned exit AreaKey { scene: 3, anchor: (160, 112) } event=53 -> AreaKey { scene: 1, anchor: (400, 344) }
scene 3 -> 1 at frame 3104 position (304, 264)
target scene=1 area=(400, 344) event=18 script=4643 mode=5 state=1 player=(464, 376) pos=(416, 400) path=2
learned targeted exit AreaKey { scene: 1, anchor: (400, 344) } event=18 -> AreaKey { scene: 3, anchor: (160, 112) }
learned exit AreaKey { scene: 1, anchor: (400, 344) } event=18 -> AreaKey { scene: 3, anchor: (160, 112) }
scene 1 -> 3 at frame 3106 position (1088, 1232)
target scene=3 area=(160, 112) event=49 script=6226 mode=5 state=1 player=(1248, 1344) pos=(1280, 1472) path=54
learned exit AreaKey { scene: 3, anchor: (160, 112) } event=53 -> AreaKey { scene: 1, anchor: (400, 344) }
scene 3 -> 1 at frame 3108 position (304, 264)
target scene=1 area=(400, 344) event=18 script=4643 mode=5 state=1 player=(464, 376) pos=(416, 400) path=2
learned targeted exit AreaKey { scene: 1, anchor: (400, 344) } event=18 -> AreaKey { scene: 3, anchor: (160, 112) }
learned exit AreaKey { scene: 1, anchor: (400, 344) } event=18 -> AreaKey { scene: 3, anchor: (160, 112) }
scene 1 -> 3 at frame 3110 position (1088, 1232)
target scene=3 area=(160, 112) event=49 script=6226 mode=5 state=1 player=(1248, 1344) pos=(1280, 1472) path=54
learned exit AreaKey { scene: 3, anchor: (160, 112) } event=53 -> AreaKey { scene: 1, anchor: (400, 344) }
scene 3 -> 1 at frame 3112 position (304, 264)
target scene=1 area=(400, 344) event=18 script=4643 mode=5 state=1 player=(464, 376) pos=(416, 400) path=2
learned targeted exit AreaKey { scene: 1, anchor: (400, 344) } event=18 -> AreaKey { scene: 3, anchor: (160, 112) }
learned exit AreaKey { scene: 1, anchor: (400, 344) } event=18 -> AreaKey { scene: 3, anchor: (160, 112) }
scene 1 -> 3 at frame 3114 position (1088, 1232)
target scene=3 area=(160, 112) event=49 script=6226 mode=5 state=1 player=(1248, 1344) pos=(1280, 1472) path=54
learned exit AreaKey { scene: 3, anchor: (160, 112) } event=53 -> AreaKey { scene: 1, anchor: (400, 344) }
scene 3 -> 1 at frame 3116 position (304, 264)
target scene=1 area=(400, 344) event=18 script=4643 mode=5 state=1 player=(464, 376) pos=(416, 400) path=2
learned targeted exit AreaKey { scene: 1, anchor: (400, 344) } event=18 -> AreaKey { scene: 3, anchor: (160, 112) }
learned exit AreaKey { scene: 1, anchor: (400, 344) } event=18 -> AreaKey { scene: 3, anchor: (160, 112) }
scene 1 -> 3 at frame 3118 position (1088, 1232)
target scene=3 area=(160, 112) event=49 script=6226 mode=5 state=1 player=(1248, 1344) pos=(1280, 1472) path=54
learned exit AreaKey { scene: 3, anchor: (160, 112) } event=53 -> AreaKey { scene: 1, anchor: (400, 344) }
scene 3 -> 1 at frame 3120 position (304, 264)
target scene=1 area=(400, 344) event=18 script=4643 mode=5 state=1 player=(464, 376) pos=(416, 400) path=2
learned targeted exit AreaKey { scene: 1, anchor: (400, 344) } event=18 -> AreaKey { scene: 3, anchor: (160, 112) }
learned exit AreaKey { scene: 1, anchor: (400, 344) } event=18 -> AreaKey { scene: 3, anchor: (160, 112) }
scene 1 -> 3 at frame 3122 position (1088, 1232)
target scene=3 area=(160, 112) event=49 script=6226 mode=5 state=1 player=(1248, 1344) pos=(1280, 1472) path=54
learned exit AreaKey { scene: 3, anchor: (160, 112) } event=53 -> AreaKey { scene: 1, anchor: (400, 344) }
scene 3 -> 1 at frame 3124 position (304, 264)
target scene=1 area=(400, 344) event=18 script=4643 mode=5 state=1 player=(464, 376) pos=(416, 400) path=2
learned targeted exit AreaKey { scene: 1, anchor: (400, 344) } event=18 -> AreaKey { scene: 3, anchor: (160, 112) }
learned exit AreaKey { scene: 1, anchor: (400, 344) } event=18 -> AreaKey { scene: 3, anchor: (160, 112) }
scene 1 -> 3 at frame 3126 position (1088, 1232)
target scene=3 area=(160, 112) event=49 script=6226 mode=5 state=1 player=(1248, 1344) pos=(1280, 1472) path=54
learned exit AreaKey { scene: 3, anchor: (160, 112) } event=53 -> AreaKey { scene: 1, anchor: (400, 344) }
scene 3 -> 1 at frame 3128 position (304, 264)
target scene=1 area=(400, 344) event=18 script=4643 mode=5 state=1 player=(464, 376) pos=(416, 400) path=2
learned targeted exit AreaKey { scene: 1, anchor: (400, 344) } event=18 -> AreaKey { scene: 3, anchor: (160, 112) }
learned exit AreaKey { scene: 1, anchor: (400, 344) } event=18 -> AreaKey { scene: 3, anchor: (160, 112) }
scene 1 -> 3 at frame 3130 position (1088, 1232)
target scene=3 area=(160, 112) event=49 script=6226 mode=5 state=1 player=(1248, 1344) pos=(1280, 1472) path=54
learned exit AreaKey { scene: 3, anchor: (160, 112) } event=53 -> AreaKey { scene: 1, anchor: (400, 344) }
scene 3 -> 1 at frame 3132 position (304, 264)
target scene=1 area=(400, 344) event=18 script=4643 mode=5 state=1 player=(464, 376) pos=(416, 400) path=2
learned targeted exit AreaKey { scene: 1, anchor: (400, 344) } event=18 -> AreaKey { scene: 3, anchor: (160, 112) }
learned exit AreaKey { scene: 1, anchor: (400, 344) } event=18 -> AreaKey { scene: 3, anchor: (160, 112) }
scene 1 -> 3 at frame 3134 position (1088, 1232)
target scene=3 area=(160, 112) event=49 script=6226 mode=5 state=1 player=(1248, 1344) pos=(1280, 1472) path=54
learned exit AreaKey { scene: 3, anchor: (160, 112) } event=53 -> AreaKey { scene: 1, anchor: (400, 344) }
scene 3 -> 1 at frame 3136 position (304, 264)
target scene=1 area=(400, 344) event=18 script=4643 mode=5 state=1 player=(464, 376) pos=(416, 400) path=2
learned targeted exit AreaKey { scene: 1, anchor: (400, 344) } event=18 -> AreaKey { scene: 3, anchor: (160, 112) }
learned exit AreaKey { scene: 1, anchor: (400, 344) } event=18 -> AreaKey { scene: 3, anchor: (160, 112) }
scene 1 -> 3 at frame 3138 position (1088, 1232)
target scene=3 area=(160, 112) event=49 script=6226 mode=5 state=1 player=(1248, 1344) pos=(1280, 1472) path=54
learned exit AreaKey { scene: 3, anchor: (160, 112) } event=53 -> AreaKey { scene: 1, anchor: (400, 344) }
scene 3 -> 1 at frame 3140 position (304, 264)
target scene=1 area=(400, 344) event=18 script=4643 mode=5 state=1 player=(464, 376) pos=(416, 400) path=2
learned targeted exit AreaKey { scene: 1, anchor: (400, 344) } event=18 -> AreaKey { scene: 3, anchor: (160, 112) }
learned exit AreaKey { scene: 1, anchor: (400, 344) } event=18 -> AreaKey { scene: 3, anchor: (160, 112) }
scene 1 -> 3 at frame 3142 position (1088, 1232)
target scene=3 area=(160, 112) event=49 script=6226 mode=5 state=1 player=(1248, 1344) pos=(1280, 1472) path=54
learned exit AreaKey { scene: 3, anchor: (160, 112) } event=53 -> AreaKey { scene: 1, anchor: (400, 344) }
scene 3 -> 1 at frame 3144 position (304, 264)
target scene=1 area=(400, 344) event=18 script=4643 mode=5 state=1 player=(464, 376) pos=(416, 400) path=2
learned targeted exit AreaKey { scene: 1, anchor: (400, 344) } event=18 -> AreaKey { scene: 3, anchor: (160, 112) }
learned exit AreaKey { scene: 1, anchor: (400, 344) } event=18 -> AreaKey { scene: 3, anchor: (160, 112) }
scene 1 -> 3 at frame 3146 position (1088, 1232)
target scene=3 area=(160, 112) event=49 script=6226 mode=5 state=1 player=(1248, 1344) pos=(1280, 1472) path=54
learned exit AreaKey { scene: 3, anchor: (160, 112) } event=53 -> AreaKey { scene: 1, anchor: (400, 344) }
scene 3 -> 1 at frame 3148 position (304, 264)
target scene=1 area=(400, 344) event=18 script=4643 mode=5 state=1 player=(464, 376) pos=(416, 400) path=2
learned targeted exit AreaKey { scene: 1, anchor: (400, 344) } event=18 -> AreaKey { scene: 3, anchor: (160, 112) }
learned exit AreaKey { scene: 1, anchor: (400, 344) } event=18 -> AreaKey { scene: 3, anchor: (160, 112) }
scene 1 -> 3 at frame 3150 position (1088, 1232)
target scene=3 area=(160, 112) event=49 script=6226 mode=5 state=1 player=(1248, 1344) pos=(1280, 1472) path=54
learned exit AreaKey { scene: 3, anchor: (160, 112) } event=53 -> AreaKey { scene: 1, anchor: (400, 344) }
scene 3 -> 1 at frame 3152 position (304, 264)
target scene=1 area=(400, 344) event=18 script=4643 mode=5 state=1 player=(464, 376) pos=(416, 400) path=2
learned targeted exit AreaKey { scene: 1, anchor: (400, 344) } event=18 -> AreaKey { scene: 3, anchor: (160, 112) }
learned exit AreaKey { scene: 1, anchor: (400, 344) } event=18 -> AreaKey { scene: 3, anchor: (160, 112) }
scene 1 -> 3 at frame 3154 position (1088, 1232)
target scene=3 area=(160, 112) event=49 script=6226 mode=5 state=1 player=(1248, 1344) pos=(1280, 1472) path=54
learned exit AreaKey { scene: 3, anchor: (160, 112) } event=53 -> AreaKey { scene: 1, anchor: (400, 344) }
scene 3 -> 1 at frame 3156 position (304, 264)
target scene=1 area=(400, 344) event=18 script=4643 mode=5 state=1 player=(464, 376) pos=(416, 400) path=2
learned targeted exit AreaKey { scene: 1, anchor: (400, 344) } event=18 -> AreaKey { scene: 3, anchor: (160, 112) }
learned exit AreaKey { scene: 1, anchor: (400, 344) } event=18 -> AreaKey { scene: 3, anchor: (160, 112) }
scene 1 -> 3 at frame 3158 position (1088, 1232)
target scene=3 area=(160, 112) event=49 script=6226 mode=5 state=1 player=(1248, 1344) pos=(1280, 1472) path=54
learned exit AreaKey { scene: 3, anchor: (160, 112) } event=53 -> AreaKey { scene: 1, anchor: (400, 344) }
scene 3 -> 1 at frame 3160 position (304, 264)
target scene=1 area=(400, 344) event=18 script=4643 mode=5 state=1 player=(464, 376) pos=(416, 400) path=2
learned targeted exit AreaKey { scene: 1, anchor: (400, 344) } event=18 -> AreaKey { scene: 3, anchor: (160, 112) }
learned exit AreaKey { scene: 1, anchor: (400, 344) } event=18 -> AreaKey { scene: 3, anchor: (160, 112) }
scene 1 -> 3 at frame 3162 position (1088, 1232)
target scene=3 area=(160, 112) event=49 script=6226 mode=5 state=1 player=(1248, 1344) pos=(1280, 1472) path=54
learned exit AreaKey { scene: 3, anchor: (160, 112) } event=53 -> AreaKey { scene: 1, anchor: (400, 344) }
scene 3 -> 1 at frame 3164 position (304, 264)
target scene=1 area=(400, 344) event=18 script=4643 mode=5 state=1 player=(464, 376) pos=(416, 400) path=2
learned targeted exit AreaKey { scene: 1, anchor: (400, 344) } event=18 -> AreaKey { scene: 3, anchor: (160, 112) }
learned exit AreaKey { scene: 1, anchor: (400, 344) } event=18 -> AreaKey { scene: 3, anchor: (160, 112) }
scene 1 -> 3 at frame 3166 position (1088, 1232)
target scene=3 area=(160, 112) event=49 script=6226 mode=5 state=1 player=(1248, 1344) pos=(1280, 1472) path=54
learned exit AreaKey { scene: 3, anchor: (160, 112) } event=53 -> AreaKey { scene: 1, anchor: (400, 344) }
scene 3 -> 1 at frame 3168 position (304, 264)
target scene=1 area=(400, 344) event=18 script=4643 mode=5 state=1 player=(464, 376) pos=(416, 400) path=2
learned targeted exit AreaKey { scene: 1, anchor: (400, 344) } event=18 -> AreaKey { scene: 3, anchor: (160, 112) }
learned exit AreaKey { scene: 1, anchor: (400, 344) } event=18 -> AreaKey { scene: 3, anchor: (160, 112) }
scene 1 -> 3 at frame 3170 position (1088, 1232)
target scene=3 area=(160, 112) event=49 script=6226 mode=5 state=1 player=(1248, 1344) pos=(1280, 1472) path=54
learned exit AreaKey { scene: 3, anchor: (160, 112) } event=53 -> AreaKey { scene: 1, anchor: (400, 344) }
scene 3 -> 1 at frame 3172 position (304, 264)
target scene=1 area=(400, 344) event=18 script=4643 mode=5 state=1 player=(464, 376) pos=(416, 400) path=2
learned targeted exit AreaKey { scene: 1, anchor: (400, 344) } event=18 -> AreaKey { scene: 3, anchor: (160, 112) }
learned exit AreaKey { scene: 1, anchor: (400, 344) } event=18 -> AreaKey { scene: 3, anchor: (160, 112) }
scene 1 -> 3 at frame 3174 position (1088, 1232)
target scene=3 area=(160, 112) event=49 script=6226 mode=5 state=1 player=(1248, 1344) pos=(1280, 1472) path=54
learned exit AreaKey { scene: 3, anchor: (160, 112) } event=53 -> AreaKey { scene: 1, anchor: (400, 344) }
scene 3 -> 1 at frame 3176 position (304, 264)
target scene=1 area=(400, 344) event=18 script=4643 mode=5 state=1 player=(464, 376) pos=(416, 400) path=2
learned targeted exit AreaKey { scene: 1, anchor: (400, 344) } event=18 -> AreaKey { scene: 3, anchor: (160, 112) }
learned exit AreaKey { scene: 1, anchor: (400, 344) } event=18 -> AreaKey { scene: 3, anchor: (160, 112) }
scene 1 -> 3 at frame 3178 position (1088, 1232)
target scene=3 area=(160, 112) event=49 script=6226 mode=5 state=1 player=(1248, 1344) pos=(1280, 1472) path=54
learned exit AreaKey { scene: 3, anchor: (160, 112) } event=53 -> AreaKey { scene: 1, anchor: (400, 344) }
scene 3 -> 1 at frame 3180 position (304, 264)
target scene=1 area=(400, 344) event=18 script=4643 mode=5 state=1 player=(464, 376) pos=(416, 400) path=2
learned targeted exit AreaKey { scene: 1, anchor: (400, 344) } event=18 -> AreaKey { scene: 3, anchor: (160, 112) }
learned exit AreaKey { scene: 1, anchor: (400, 344) } event=18 -> AreaKey { scene: 3, anchor: (160, 112) }
scene 1 -> 3 at frame 3182 position (1088, 1232)
target scene=3 area=(160, 112) event=49 script=6226 mode=5 state=1 player=(1248, 1344) pos=(1280, 1472) path=54
learned exit AreaKey { scene: 3, anchor: (160, 112) } event=53 -> AreaKey { scene: 1, anchor: (400, 344) }
scene 3 -> 1 at frame 3184 position (304, 264)
target scene=1 area=(400, 344) event=18 script=4643 mode=5 state=1 player=(464, 376) pos=(416, 400) path=2
learned targeted exit AreaKey { scene: 1, anchor: (400, 344) } event=18 -> AreaKey { scene: 3, anchor: (160, 112) }
learned exit AreaKey { scene: 1, anchor: (400, 344) } event=18 -> AreaKey { scene: 3, anchor: (160, 112) }
scene 1 -> 3 at frame 3186 position (1088, 1232)
target scene=3 area=(160, 112) event=49 script=6226 mode=5 state=1 player=(1248, 1344) pos=(1280, 1472) path=54
learned exit AreaKey { scene: 3, anchor: (160, 112) } event=53 -> AreaKey { scene: 1, anchor: (400, 344) }
scene 3 -> 1 at frame 3188 position (304, 264)
target scene=1 area=(400, 344) event=18 script=4643 mode=5 state=1 player=(464, 376) pos=(416, 400) path=2
learned targeted exit AreaKey { scene: 1, anchor: (400, 344) } event=18 -> AreaKey { scene: 3, anchor: (160, 112) }
learned exit AreaKey { scene: 1, anchor: (400, 344) } event=18 -> AreaKey { scene: 3, anchor: (160, 112) }
scene 1 -> 3 at frame 3190 position (1088, 1232)
target scene=3 area=(160, 112) event=49 script=6226 mode=5 state=1 player=(1248, 1344) pos=(1280, 1472) path=54
learned exit AreaKey { scene: 3, anchor: (160, 112) } event=53 -> AreaKey { scene: 1, anchor: (400, 344) }
scene 3 -> 1 at frame 3192 position (304, 264)
target scene=1 area=(400, 344) event=18 script=4643 mode=5 state=1 player=(464, 376) pos=(416, 400) path=2
learned targeted exit AreaKey { scene: 1, anchor: (400, 344) } event=18 -> AreaKey { scene: 3, anchor: (160, 112) }
learned exit AreaKey { scene: 1, anchor: (400, 344) } event=18 -> AreaKey { scene: 3, anchor: (160, 112) }
scene 1 -> 3 at frame 3194 position (1088, 1232)
target scene=3 area=(160, 112) event=49 script=6226 mode=5 state=1 player=(1248, 1344) pos=(1280, 1472) path=54
learned exit AreaKey { scene: 3, anchor: (160, 112) } event=53 -> AreaKey { scene: 1, anchor: (400, 344) }
scene 3 -> 1 at frame 3196 position (304, 264)
target scene=1 area=(400, 344) event=18 script=4643 mode=5 state=1 player=(464, 376) pos=(416, 400) path=2
learned targeted exit AreaKey { scene: 1, anchor: (400, 344) } event=18 -> AreaKey { scene: 3, anchor: (160, 112) }
learned exit AreaKey { scene: 1, anchor: (400, 344) } event=18 -> AreaKey { scene: 3, anchor: (160, 112) }
scene 1 -> 3 at frame 3198 position (1088, 1232)
target scene=3 area=(160, 112) event=49 script=6226 mode=5 state=1 player=(1248, 1344) pos=(1280, 1472) path=54
learned exit AreaKey { scene: 3, anchor: (160, 112) } event=53 -> AreaKey { scene: 1, anchor: (400, 344) }
scene 3 -> 1 at frame 3200 position (304, 264)
target scene=1 area=(400, 344) event=18 script=4643 mode=5 state=1 player=(464, 376) pos=(416, 400) path=2
learned targeted exit AreaKey { scene: 1, anchor: (400, 344) } event=18 -> AreaKey { scene: 3, anchor: (160, 112) }
learned exit AreaKey { scene: 1, anchor: (400, 344) } event=18 -> AreaKey { scene: 3, anchor: (160, 112) }
scene 1 -> 3 at frame 3202 position (1088, 1232)
target scene=3 area=(160, 112) event=49 script=6226 mode=5 state=1 player=(1248, 1344) pos=(1280, 1472) path=54
learned exit AreaKey { scene: 3, anchor: (160, 112) } event=53 -> AreaKey { scene: 1, anchor: (400, 344) }
scene 3 -> 1 at frame 3204 position (304, 264)
target scene=1 area=(400, 344) event=18 script=4643 mode=5 state=1 player=(464, 376) pos=(416, 400) path=2
learned targeted exit AreaKey { scene: 1, anchor: (400, 344) } event=18 -> AreaKey { scene: 3, anchor: (160, 112) }
learned exit AreaKey { scene: 1, anchor: (400, 344) } event=18 -> AreaKey { scene: 3, anchor: (160, 112) }
scene 1 -> 3 at frame 3206 position (1088, 1232)
target scene=3 area=(160, 112) event=49 script=6226 mode=5 state=1 player=(1248, 1344) pos=(1280, 1472) path=54
learned exit AreaKey { scene: 3, anchor: (160, 112) } event=53 -> AreaKey { scene: 1, anchor: (400, 344) }
scene 3 -> 1 at frame 3208 position (304, 264)
target scene=1 area=(400, 344) event=18 script=4643 mode=5 state=1 player=(464, 376) pos=(416, 400) path=2
learned targeted exit AreaKey { scene: 1, anchor: (400, 344) } event=18 -> AreaKey { scene: 3, anchor: (160, 112) }
learned exit AreaKey { scene: 1, anchor: (400, 344) } event=18 -> AreaKey { scene: 3, anchor: (160, 112) }
scene 1 -> 3 at frame 3210 position (1088, 1232)
target scene=3 area=(160, 112) event=49 script=6226 mode=5 state=1 player=(1248, 1344) pos=(1280, 1472) path=54
learned exit AreaKey { scene: 3, anchor: (160, 112) } event=53 -> AreaKey { scene: 1, anchor: (400, 344) }
scene 3 -> 1 at frame 3212 position (304, 264)
target scene=1 area=(400, 344) event=18 script=4643 mode=5 state=1 player=(464, 376) pos=(416, 400) path=2
learned targeted exit AreaKey { scene: 1, anchor: (400, 344) } event=18 -> AreaKey { scene: 3, anchor: (160, 112) }
learned exit AreaKey { scene: 1, anchor: (400, 344) } event=18 -> AreaKey { scene: 3, anchor: (160, 112) }
scene 1 -> 3 at frame 3214 position (1088, 1232)
target scene=3 area=(160, 112) event=49 script=6226 mode=5 state=1 player=(1248, 1344) pos=(1280, 1472) path=54
learned exit AreaKey { scene: 3, anchor: (160, 112) } event=53 -> AreaKey { scene: 1, anchor: (400, 344) }
scene 3 -> 1 at frame 3216 position (304, 264)
target scene=1 area=(400, 344) event=18 script=4643 mode=5 state=1 player=(464, 376) pos=(416, 400) path=2
learned targeted exit AreaKey { scene: 1, anchor: (400, 344) } event=18 -> AreaKey { scene: 3, anchor: (160, 112) }
learned exit AreaKey { scene: 1, anchor: (400, 344) } event=18 -> AreaKey { scene: 3, anchor: (160, 112) }
scene 1 -> 3 at frame 3218 position (1088, 1232)
target scene=3 area=(160, 112) event=49 script=6226 mode=5 state=1 player=(1248, 1344) pos=(1280, 1472) path=54
learned exit AreaKey { scene: 3, anchor: (160, 112) } event=53 -> AreaKey { scene: 1, anchor: (400, 344) }
scene 3 -> 1 at frame 3220 position (304, 264)
target scene=1 area=(400, 344) event=18 script=4643 mode=5 state=1 player=(464, 376) pos=(416, 400) path=2
learned targeted exit AreaKey { scene: 1, anchor: (400, 344) } event=18 -> AreaKey { scene: 3, anchor: (160, 112) }
learned exit AreaKey { scene: 1, anchor: (400, 344) } event=18 -> AreaKey { scene: 3, anchor: (160, 112) }
scene 1 -> 3 at frame 3222 position (1088, 1232)
target scene=3 area=(160, 112) event=49 script=6226 mode=5 state=1 player=(1248, 1344) pos=(1280, 1472) path=54
learned exit AreaKey { scene: 3, anchor: (160, 112) } event=53 -> AreaKey { scene: 1, anchor: (400, 344) }
scene 3 -> 1 at frame 3224 position (304, 264)
target scene=1 area=(400, 344) event=18 script=4643 mode=5 state=1 player=(464, 376) pos=(416, 400) path=2
learned targeted exit AreaKey { scene: 1, anchor: (400, 344) } event=18 -> AreaKey { scene: 3, anchor: (160, 112) }
learned exit AreaKey { scene: 1, anchor: (400, 344) } event=18 -> AreaKey { scene: 3, anchor: (160, 112) }
scene 1 -> 3 at frame 3226 position (1088, 1232)
target scene=3 area=(160, 112) event=49 script=6226 mode=5 state=1 player=(1248, 1344) pos=(1280, 1472) path=54
learned exit AreaKey { scene: 3, anchor: (160, 112) } event=53 -> AreaKey { scene: 1, anchor: (400, 344) }
scene 3 -> 1 at frame 3228 position (304, 264)
target scene=1 area=(400, 344) event=18 script=4643 mode=5 state=1 player=(464, 376) pos=(416, 400) path=2
learned targeted exit AreaKey { scene: 1, anchor: (400, 344) } event=18 -> AreaKey { scene: 3, anchor: (160, 112) }
learned exit AreaKey { scene: 1, anchor: (400, 344) } event=18 -> AreaKey { scene: 3, anchor: (160, 112) }
scene 1 -> 3 at frame 3230 position (1088, 1232)
target scene=3 area=(160, 112) event=49 script=6226 mode=5 state=1 player=(1248, 1344) pos=(1280, 1472) path=54
learned exit AreaKey { scene: 3, anchor: (160, 112) } event=53 -> AreaKey { scene: 1, anchor: (400, 344) }
scene 3 -> 1 at frame 3232 position (304, 264)
target scene=1 area=(400, 344) event=18 script=4643 mode=5 state=1 player=(464, 376) pos=(416, 400) path=2
learned targeted exit AreaKey { scene: 1, anchor: (400, 344) } event=18 -> AreaKey { scene: 3, anchor: (160, 112) }
learned exit AreaKey { scene: 1, anchor: (400, 344) } event=18 -> AreaKey { scene: 3, anchor: (160, 112) }
scene 1 -> 3 at frame 3234 position (1088, 1232)
target scene=3 area=(160, 112) event=49 script=6226 mode=5 state=1 player=(1248, 1344) pos=(1280, 1472) path=54
learned exit AreaKey { scene: 3, anchor: (160, 112) } event=53 -> AreaKey { scene: 1, anchor: (400, 344) }
scene 3 -> 1 at frame 3236 position (304, 264)
target scene=1 area=(400, 344) event=18 script=4643 mode=5 state=1 player=(464, 376) pos=(416, 400) path=2
learned targeted exit AreaKey { scene: 1, anchor: (400, 344) } event=18 -> AreaKey { scene: 3, anchor: (160, 112) }
learned exit AreaKey { scene: 1, anchor: (400, 344) } event=18 -> AreaKey { scene: 3, anchor: (160, 112) }
scene 1 -> 3 at frame 3238 position (1088, 1232)
target scene=3 area=(160, 112) event=49 script=6226 mode=5 state=1 player=(1248, 1344) pos=(1280, 1472) path=54
learned exit AreaKey { scene: 3, anchor: (160, 112) } event=53 -> AreaKey { scene: 1, anchor: (400, 344) }
scene 3 -> 1 at frame 3240 position (304, 264)
target scene=1 area=(400, 344) event=18 script=4643 mode=5 state=1 player=(464, 376) pos=(416, 400) path=2
learned targeted exit AreaKey { scene: 1, anchor: (400, 344) } event=18 -> AreaKey { scene: 3, anchor: (160, 112) }
learned exit AreaKey { scene: 1, anchor: (400, 344) } event=18 -> AreaKey { scene: 3, anchor: (160, 112) }
scene 1 -> 3 at frame 3242 position (1088, 1232)
target scene=3 area=(160, 112) event=49 script=6226 mode=5 state=1 player=(1248, 1344) pos=(1280, 1472) path=54
learned exit AreaKey { scene: 3, anchor: (160, 112) } event=53 -> AreaKey { scene: 1, anchor: (400, 344) }
scene 3 -> 1 at frame 3244 position (304, 264)
target scene=1 area=(400, 344) event=18 script=4643 mode=5 state=1 player=(464, 376) pos=(416, 400) path=2
learned targeted exit AreaKey { scene: 1, anchor: (400, 344) } event=18 -> AreaKey { scene: 3, anchor: (160, 112) }
learned exit AreaKey { scene: 1, anchor: (400, 344) } event=18 -> AreaKey { scene: 3, anchor: (160, 112) }
scene 1 -> 3 at frame 3246 position (1088, 1232)
target scene=3 area=(160, 112) event=49 script=6226 mode=5 state=1 player=(1248, 1344) pos=(1280, 1472) path=54
learned exit AreaKey { scene: 3, anchor: (160, 112) } event=53 -> AreaKey { scene: 1, anchor: (400, 344) }
scene 3 -> 1 at frame 3248 position (304, 264)
target scene=1 area=(400, 344) event=18 script=4643 mode=5 state=1 player=(464, 376) pos=(416, 400) path=2
learned targeted exit AreaKey { scene: 1, anchor: (400, 344) } event=18 -> AreaKey { scene: 3, anchor: (160, 112) }
learned exit AreaKey { scene: 1, anchor: (400, 344) } event=18 -> AreaKey { scene: 3, anchor: (160, 112) }
scene 1 -> 3 at frame 3250 position (1088, 1232)
target scene=3 area=(160, 112) event=49 script=6226 mode=5 state=1 player=(1248, 1344) pos=(1280, 1472) path=54
learned exit AreaKey { scene: 3, anchor: (160, 112) } event=53 -> AreaKey { scene: 1, anchor: (400, 344) }
scene 3 -> 1 at frame 3252 position (304, 264)
target scene=1 area=(400, 344) event=18 script=4643 mode=5 state=1 player=(464, 376) pos=(416, 400) path=2
learned targeted exit AreaKey { scene: 1, anchor: (400, 344) } event=18 -> AreaKey { scene: 3, anchor: (160, 112) }
learned exit AreaKey { scene: 1, anchor: (400, 344) } event=18 -> AreaKey { scene: 3, anchor: (160, 112) }
scene 1 -> 3 at frame 3254 position (1088, 1232)
target scene=3 area=(160, 112) event=49 script=6226 mode=5 state=1 player=(1248, 1344) pos=(1280, 1472) path=54
learned exit AreaKey { scene: 3, anchor: (160, 112) } event=53 -> AreaKey { scene: 1, anchor: (400, 344) }
scene 3 -> 1 at frame 3256 position (304, 264)
target scene=1 area=(400, 344) event=18 script=4643 mode=5 state=1 player=(464, 376) pos=(416, 400) path=2
learned targeted exit AreaKey { scene: 1, anchor: (400, 344) } event=18 -> AreaKey { scene: 3, anchor: (160, 112) }
learned exit AreaKey { scene: 1, anchor: (400, 344) } event=18 -> AreaKey { scene: 3, anchor: (160, 112) }
scene 1 -> 3 at frame 3258 position (1088, 1232)
target scene=3 area=(160, 112) event=49 script=6226 mode=5 state=1 player=(1248, 1344) pos=(1280, 1472) path=54
learned exit AreaKey { scene: 3, anchor: (160, 112) } event=53 -> AreaKey { scene: 1, anchor: (400, 344) }
scene 3 -> 1 at frame 3260 position (304, 264)
target scene=1 area=(400, 344) event=18 script=4643 mode=5 state=1 player=(464, 376) pos=(416, 400) path=2
learned targeted exit AreaKey { scene: 1, anchor: (400, 344) } event=18 -> AreaKey { scene: 3, anchor: (160, 112) }
learned exit AreaKey { scene: 1, anchor: (400, 344) } event=18 -> AreaKey { scene: 3, anchor: (160, 112) }
scene 1 -> 3 at frame 3262 position (1088, 1232)
target scene=3 area=(160, 112) event=49 script=6226 mode=5 state=1 player=(1248, 1344) pos=(1280, 1472) path=54
learned exit AreaKey { scene: 3, anchor: (160, 112) } event=53 -> AreaKey { scene: 1, anchor: (400, 344) }
scene 3 -> 1 at frame 3264 position (304, 264)
target scene=1 area=(400, 344) event=18 script=4643 mode=5 state=1 player=(464, 376) pos=(416, 400) path=2
learned targeted exit AreaKey { scene: 1, anchor: (400, 344) } event=18 -> AreaKey { scene: 3, anchor: (160, 112) }
learned exit AreaKey { scene: 1, anchor: (400, 344) } event=18 -> AreaKey { scene: 3, anchor: (160, 112) }
scene 1 -> 3 at frame 3266 position (1088, 1232)
target scene=3 area=(160, 112) event=49 script=6226 mode=5 state=1 player=(1248, 1344) pos=(1280, 1472) path=54
learned exit AreaKey { scene: 3, anchor: (160, 112) } event=53 -> AreaKey { scene: 1, anchor: (400, 344) }
scene 3 -> 1 at frame 3268 position (304, 264)
target scene=1 area=(400, 344) event=18 script=4643 mode=5 state=1 player=(464, 376) pos=(416, 400) path=2
learned targeted exit AreaKey { scene: 1, anchor: (400, 344) } event=18 -> AreaKey { scene: 3, anchor: (160, 112) }
learned exit AreaKey { scene: 1, anchor: (400, 344) } event=18 -> AreaKey { scene: 3, anchor: (160, 112) }
scene 1 -> 3 at frame 3270 position (1088, 1232)
target scene=3 area=(160, 112) event=49 script=6226 mode=5 state=1 player=(1248, 1344) pos=(1280, 1472) path=54
learned exit AreaKey { scene: 3, anchor: (160, 112) } event=53 -> AreaKey { scene: 1, anchor: (400, 344) }
scene 3 -> 1 at frame 3272 position (304, 264)
target scene=1 area=(400, 344) event=18 script=4643 mode=5 state=1 player=(464, 376) pos=(416, 400) path=2
learned targeted exit AreaKey { scene: 1, anchor: (400, 344) } event=18 -> AreaKey { scene: 3, anchor: (160, 112) }
learned exit AreaKey { scene: 1, anchor: (400, 344) } event=18 -> AreaKey { scene: 3, anchor: (160, 112) }
scene 1 -> 3 at frame 3274 position (1088, 1232)
target scene=3 area=(160, 112) event=49 script=6226 mode=5 state=1 player=(1248, 1344) pos=(1280, 1472) path=54
learned exit AreaKey { scene: 3, anchor: (160, 112) } event=53 -> AreaKey { scene: 1, anchor: (400, 344) }
scene 3 -> 1 at frame 3276 position (304, 264)
target scene=1 area=(400, 344) event=18 script=4643 mode=5 state=1 player=(464, 376) pos=(416, 400) path=2
learned targeted exit AreaKey { scene: 1, anchor: (400, 344) } event=18 -> AreaKey { scene: 3, anchor: (160, 112) }
learned exit AreaKey { scene: 1, anchor: (400, 344) } event=18 -> AreaKey { scene: 3, anchor: (160, 112) }
scene 1 -> 3 at frame 3278 position (1088, 1232)
target scene=3 area=(160, 112) event=49 script=6226 mode=5 state=1 player=(1248, 1344) pos=(1280, 1472) path=54
learned exit AreaKey { scene: 3, anchor: (160, 112) } event=53 -> AreaKey { scene: 1, anchor: (400, 344) }
scene 3 -> 1 at frame 3280 position (304, 264)
target scene=1 area=(400, 344) event=18 script=4643 mode=5 state=1 player=(464, 376) pos=(416, 400) path=2
learned targeted exit AreaKey { scene: 1, anchor: (400, 344) } event=18 -> AreaKey { scene: 3, anchor: (160, 112) }
learned exit AreaKey { scene: 1, anchor: (400, 344) } event=18 -> AreaKey { scene: 3, anchor: (160, 112) }
scene 1 -> 3 at frame 3282 position (1088, 1232)
target scene=3 area=(160, 112) event=49 script=6226 mode=5 state=1 player=(1248, 1344) pos=(1280, 1472) path=54
learned exit AreaKey { scene: 3, anchor: (160, 112) } event=53 -> AreaKey { scene: 1, anchor: (400, 344) }
scene 3 -> 1 at frame 3284 position (304, 264)
target scene=1 area=(400, 344) event=18 script=4643 mode=5 state=1 player=(464, 376) pos=(416, 400) path=2
learned targeted exit AreaKey { scene: 1, anchor: (400, 344) } event=18 -> AreaKey { scene: 3, anchor: (160, 112) }
learned exit AreaKey { scene: 1, anchor: (400, 344) } event=18 -> AreaKey { scene: 3, anchor: (160, 112) }
scene 1 -> 3 at frame 3286 position (1088, 1232)
target scene=3 area=(160, 112) event=49 script=6226 mode=5 state=1 player=(1248, 1344) pos=(1280, 1472) path=54
learned exit AreaKey { scene: 3, anchor: (160, 112) } event=53 -> AreaKey { scene: 1, anchor: (400, 344) }
scene 3 -> 1 at frame 3288 position (304, 264)
target scene=1 area=(400, 344) event=18 script=4643 mode=5 state=1 player=(464, 376) pos=(416, 400) path=2
learned targeted exit AreaKey { scene: 1, anchor: (400, 344) } event=18 -> AreaKey { scene: 3, anchor: (160, 112) }
learned exit AreaKey { scene: 1, anchor: (400, 344) } event=18 -> AreaKey { scene: 3, anchor: (160, 112) }
scene 1 -> 3 at frame 3290 position (1088, 1232)
target scene=3 area=(160, 112) event=49 script=6226 mode=5 state=1 player=(1248, 1344) pos=(1280, 1472) path=54
learned exit AreaKey { scene: 3, anchor: (160, 112) } event=53 -> AreaKey { scene: 1, anchor: (400, 344) }
scene 3 -> 1 at frame 3292 position (304, 264)
target scene=1 area=(400, 344) event=18 script=4643 mode=5 state=1 player=(464, 376) pos=(416, 400) path=2
learned targeted exit AreaKey { scene: 1, anchor: (400, 344) } event=18 -> AreaKey { scene: 3, anchor: (160, 112) }
learned exit AreaKey { scene: 1, anchor: (400, 344) } event=18 -> AreaKey { scene: 3, anchor: (160, 112) }
scene 1 -> 3 at frame 3294 position (1088, 1232)
target scene=3 area=(160, 112) event=49 script=6226 mode=5 state=1 player=(1248, 1344) pos=(1280, 1472) path=54
learned exit AreaKey { scene: 3, anchor: (160, 112) } event=53 -> AreaKey { scene: 1, anchor: (400, 344) }
scene 3 -> 1 at frame 3296 position (304, 264)
target scene=1 area=(400, 344) event=18 script=4643 mode=5 state=1 player=(464, 376) pos=(416, 400) path=2
learned targeted exit AreaKey { scene: 1, anchor: (400, 344) } event=18 -> AreaKey { scene: 3, anchor: (160, 112) }
learned exit AreaKey { scene: 1, anchor: (400, 344) } event=18 -> AreaKey { scene: 3, anchor: (160, 112) }
scene 1 -> 3 at frame 3298 position (1088, 1232)
target scene=3 area=(160, 112) event=49 script=6226 mode=5 state=1 player=(1248, 1344) pos=(1280, 1472) path=54
learned exit AreaKey { scene: 3, anchor: (160, 112) } event=53 -> AreaKey { scene: 1, anchor: (400, 344) }
scene 3 -> 1 at frame 3300 position (304, 264)
target scene=1 area=(400, 344) event=18 script=4643 mode=5 state=1 player=(464, 376) pos=(416, 400) path=2
learned targeted exit AreaKey { scene: 1, anchor: (400, 344) } event=18 -> AreaKey { scene: 3, anchor: (160, 112) }
learned exit AreaKey { scene: 1, anchor: (400, 344) } event=18 -> AreaKey { scene: 3, anchor: (160, 112) }
scene 1 -> 3 at frame 3302 position (1088, 1232)
target scene=3 area=(160, 112) event=49 script=6226 mode=5 state=1 player=(1248, 1344) pos=(1280, 1472) path=54
learned exit AreaKey { scene: 3, anchor: (160, 112) } event=53 -> AreaKey { scene: 1, anchor: (400, 344) }
scene 3 -> 1 at frame 3304 position (304, 264)
target scene=1 area=(400, 344) event=18 script=4643 mode=5 state=1 player=(464, 376) pos=(416, 400) path=2
learned targeted exit AreaKey { scene: 1, anchor: (400, 344) } event=18 -> AreaKey { scene: 3, anchor: (160, 112) }
learned exit AreaKey { scene: 1, anchor: (400, 344) } event=18 -> AreaKey { scene: 3, anchor: (160, 112) }
scene 1 -> 3 at frame 3306 position (1088, 1232)
target scene=3 area=(160, 112) event=49 script=6226 mode=5 state=1 player=(1248, 1344) pos=(1280, 1472) path=54
learned exit AreaKey { scene: 3, anchor: (160, 112) } event=53 -> AreaKey { scene: 1, anchor: (400, 344) }
scene 3 -> 1 at frame 3308 position (304, 264)
target scene=1 area=(400, 344) event=18 script=4643 mode=5 state=1 player=(464, 376) pos=(416, 400) path=2
learned targeted exit AreaKey { scene: 1, anchor: (400, 344) } event=18 -> AreaKey { scene: 3, anchor: (160, 112) }
learned exit AreaKey { scene: 1, anchor: (400, 344) } event=18 -> AreaKey { scene: 3, anchor: (160, 112) }
scene 1 -> 3 at frame 3310 position (1088, 1232)
target scene=3 area=(160, 112) event=49 script=6226 mode=5 state=1 player=(1248, 1344) pos=(1280, 1472) path=54
learned exit AreaKey { scene: 3, anchor: (160, 112) } event=53 -> AreaKey { scene: 1, anchor: (400, 344) }
scene 3 -> 1 at frame 3312 position (304, 264)
target scene=1 area=(400, 344) event=18 script=4643 mode=5 state=1 player=(464, 376) pos=(416, 400) path=2
learned targeted exit AreaKey { scene: 1, anchor: (400, 344) } event=18 -> AreaKey { scene: 3, anchor: (160, 112) }
learned exit AreaKey { scene: 1, anchor: (400, 344) } event=18 -> AreaKey { scene: 3, anchor: (160, 112) }
scene 1 -> 3 at frame 3314 position (1088, 1232)
target scene=3 area=(160, 112) event=49 script=6226 mode=5 state=1 player=(1248, 1344) pos=(1280, 1472) path=54
learned exit AreaKey { scene: 3, anchor: (160, 112) } event=53 -> AreaKey { scene: 1, anchor: (400, 344) }
scene 3 -> 1 at frame 3316 position (304, 264)
target scene=1 area=(400, 344) event=18 script=4643 mode=5 state=1 player=(464, 376) pos=(416, 400) path=2
learned targeted exit AreaKey { scene: 1, anchor: (400, 344) } event=18 -> AreaKey { scene: 3, anchor: (160, 112) }
learned exit AreaKey { scene: 1, anchor: (400, 344) } event=18 -> AreaKey { scene: 3, anchor: (160, 112) }
scene 1 -> 3 at frame 3318 position (1088, 1232)
target scene=3 area=(160, 112) event=49 script=6226 mode=5 state=1 player=(1248, 1344) pos=(1280, 1472) path=54
learned exit AreaKey { scene: 3, anchor: (160, 112) } event=53 -> AreaKey { scene: 1, anchor: (400, 344) }
scene 3 -> 1 at frame 3320 position (304, 264)
target scene=1 area=(400, 344) event=18 script=4643 mode=5 state=1 player=(464, 376) pos=(416, 400) path=2
learned targeted exit AreaKey { scene: 1, anchor: (400, 344) } event=18 -> AreaKey { scene: 3, anchor: (160, 112) }
learned exit AreaKey { scene: 1, anchor: (400, 344) } event=18 -> AreaKey { scene: 3, anchor: (160, 112) }
scene 1 -> 3 at frame 3322 position (1088, 1232)
target scene=3 area=(160, 112) event=49 script=6226 mode=5 state=1 player=(1248, 1344) pos=(1280, 1472) path=54
learned exit AreaKey { scene: 3, anchor: (160, 112) } event=53 -> AreaKey { scene: 1, anchor: (400, 344) }
scene 3 -> 1 at frame 3324 position (304, 264)
target scene=1 area=(400, 344) event=18 script=4643 mode=5 state=1 player=(464, 376) pos=(416, 400) path=2
learned targeted exit AreaKey { scene: 1, anchor: (400, 344) } event=18 -> AreaKey { scene: 3, anchor: (160, 112) }
learned exit AreaKey { scene: 1, anchor: (400, 344) } event=18 -> AreaKey { scene: 3, anchor: (160, 112) }
scene 1 -> 3 at frame 3326 position (1088, 1232)
target scene=3 area=(160, 112) event=49 script=6226 mode=5 state=1 player=(1248, 1344) pos=(1280, 1472) path=54
learned exit AreaKey { scene: 3, anchor: (160, 112) } event=53 -> AreaKey { scene: 1, anchor: (400, 344) }
scene 3 -> 1 at frame 3328 position (304, 264)
target scene=1 area=(400, 344) event=18 script=4643 mode=5 state=1 player=(464, 376) pos=(416, 400) path=2
learned targeted exit AreaKey { scene: 1, anchor: (400, 344) } event=18 -> AreaKey { scene: 3, anchor: (160, 112) }
learned exit AreaKey { scene: 1, anchor: (400, 344) } event=18 -> AreaKey { scene: 3, anchor: (160, 112) }
scene 1 -> 3 at frame 3330 position (1088, 1232)
target scene=3 area=(160, 112) event=49 script=6226 mode=5 state=1 player=(1248, 1344) pos=(1280, 1472) path=54
learned exit AreaKey { scene: 3, anchor: (160, 112) } event=53 -> AreaKey { scene: 1, anchor: (400, 344) }
scene 3 -> 1 at frame 3332 position (304, 264)
target scene=1 area=(400, 344) event=18 script=4643 mode=5 state=1 player=(464, 376) pos=(416, 400) path=2
learned targeted exit AreaKey { scene: 1, anchor: (400, 344) } event=18 -> AreaKey { scene: 3, anchor: (160, 112) }
learned exit AreaKey { scene: 1, anchor: (400, 344) } event=18 -> AreaKey { scene: 3, anchor: (160, 112) }
scene 1 -> 3 at frame 3334 position (1088, 1232)
target scene=3 area=(160, 112) event=49 script=6226 mode=5 state=1 player=(1248, 1344) pos=(1280, 1472) path=54
learned exit AreaKey { scene: 3, anchor: (160, 112) } event=53 -> AreaKey { scene: 1, anchor: (400, 344) }
scene 3 -> 1 at frame 3336 position (304, 264)
target scene=1 area=(400, 344) event=18 script=4643 mode=5 state=1 player=(464, 376) pos=(416, 400) path=2
learned targeted exit AreaKey { scene: 1, anchor: (400, 344) } event=18 -> AreaKey { scene: 3, anchor: (160, 112) }
learned exit AreaKey { scene: 1, anchor: (400, 344) } event=18 -> AreaKey { scene: 3, anchor: (160, 112) }
scene 1 -> 3 at frame 3338 position (1088, 1232)
target scene=3 area=(160, 112) event=49 script=6226 mode=5 state=1 player=(1248, 1344) pos=(1280, 1472) path=54
learned exit AreaKey { scene: 3, anchor: (160, 112) } event=53 -> AreaKey { scene: 1, anchor: (400, 344) }
scene 3 -> 1 at frame 3340 position (304, 264)
target scene=1 area=(400, 344) event=18 script=4643 mode=5 state=1 player=(464, 376) pos=(416, 400) path=2
learned targeted exit AreaKey { scene: 1, anchor: (400, 344) } event=18 -> AreaKey { scene: 3, anchor: (160, 112) }
learned exit AreaKey { scene: 1, anchor: (400, 344) } event=18 -> AreaKey { scene: 3, anchor: (160, 112) }
scene 1 -> 3 at frame 3342 position (1088, 1232)
target scene=3 area=(160, 112) event=49 script=6226 mode=5 state=1 player=(1248, 1344) pos=(1280, 1472) path=54
learned exit AreaKey { scene: 3, anchor: (160, 112) } event=53 -> AreaKey { scene: 1, anchor: (400, 344) }
scene 3 -> 1 at frame 3344 position (304, 264)
target scene=1 area=(400, 344) event=18 script=4643 mode=5 state=1 player=(464, 376) pos=(416, 400) path=2
learned targeted exit AreaKey { scene: 1, anchor: (400, 344) } event=18 -> AreaKey { scene: 3, anchor: (160, 112) }
learned exit AreaKey { scene: 1, anchor: (400, 344) } event=18 -> AreaKey { scene: 3, anchor: (160, 112) }
scene 1 -> 3 at frame 3346 position (1088, 1232)
target scene=3 area=(160, 112) event=49 script=6226 mode=5 state=1 player=(1248, 1344) pos=(1280, 1472) path=54
learned exit AreaKey { scene: 3, anchor: (160, 112) } event=53 -> AreaKey { scene: 1, anchor: (400, 344) }
scene 3 -> 1 at frame 3348 position (304, 264)
target scene=1 area=(400, 344) event=18 script=4643 mode=5 state=1 player=(464, 376) pos=(416, 400) path=2
learned targeted exit AreaKey { scene: 1, anchor: (400, 344) } event=18 -> AreaKey { scene: 3, anchor: (160, 112) }
learned exit AreaKey { scene: 1, anchor: (400, 344) } event=18 -> AreaKey { scene: 3, anchor: (160, 112) }
scene 1 -> 3 at frame 3350 position (1088, 1232)
target scene=3 area=(160, 112) event=49 script=6226 mode=5 state=1 player=(1248, 1344) pos=(1280, 1472) path=54
learned exit AreaKey { scene: 3, anchor: (160, 112) } event=53 -> AreaKey { scene: 1, anchor: (400, 344) }
scene 3 -> 1 at frame 3352 position (304, 264)
target scene=1 area=(400, 344) event=18 script=4643 mode=5 state=1 player=(464, 376) pos=(416, 400) path=2
learned targeted exit AreaKey { scene: 1, anchor: (400, 344) } event=18 -> AreaKey { scene: 3, anchor: (160, 112) }
learned exit AreaKey { scene: 1, anchor: (400, 344) } event=18 -> AreaKey { scene: 3, anchor: (160, 112) }
scene 1 -> 3 at frame 3354 position (1088, 1232)
target scene=3 area=(160, 112) event=49 script=6226 mode=5 state=1 player=(1248, 1344) pos=(1280, 1472) path=54
learned exit AreaKey { scene: 3, anchor: (160, 112) } event=53 -> AreaKey { scene: 1, anchor: (400, 344) }
scene 3 -> 1 at frame 3356 position (304, 264)
target scene=1 area=(400, 344) event=18 script=4643 mode=5 state=1 player=(464, 376) pos=(416, 400) path=2
learned targeted exit AreaKey { scene: 1, anchor: (400, 344) } event=18 -> AreaKey { scene: 3, anchor: (160, 112) }
learned exit AreaKey { scene: 1, anchor: (400, 344) } event=18 -> AreaKey { scene: 3, anchor: (160, 112) }
scene 1 -> 3 at frame 3358 position (1088, 1232)
target scene=3 area=(160, 112) event=49 script=6226 mode=5 state=1 player=(1248, 1344) pos=(1280, 1472) path=54
learned exit AreaKey { scene: 3, anchor: (160, 112) } event=53 -> AreaKey { scene: 1, anchor: (400, 344) }
scene 3 -> 1 at frame 3360 position (304, 264)
target scene=1 area=(400, 344) event=18 script=4643 mode=5 state=1 player=(464, 376) pos=(416, 400) path=2
learned targeted exit AreaKey { scene: 1, anchor: (400, 344) } event=18 -> AreaKey { scene: 3, anchor: (160, 112) }
learned exit AreaKey { scene: 1, anchor: (400, 344) } event=18 -> AreaKey { scene: 3, anchor: (160, 112) }
scene 1 -> 3 at frame 3362 position (1088, 1232)
target scene=3 area=(160, 112) event=49 script=6226 mode=5 state=1 player=(1248, 1344) pos=(1280, 1472) path=54
learned exit AreaKey { scene: 3, anchor: (160, 112) } event=53 -> AreaKey { scene: 1, anchor: (400, 344) }
scene 3 -> 1 at frame 3364 position (304, 264)
target scene=1 area=(400, 344) event=18 script=4643 mode=5 state=1 player=(464, 376) pos=(416, 400) path=2
learned targeted exit AreaKey { scene: 1, anchor: (400, 344) } event=18 -> AreaKey { scene: 3, anchor: (160, 112) }
learned exit AreaKey { scene: 1, anchor: (400, 344) } event=18 -> AreaKey { scene: 3, anchor: (160, 112) }
scene 1 -> 3 at frame 3366 position (1088, 1232)
target scene=3 area=(160, 112) event=49 script=6226 mode=5 state=1 player=(1248, 1344) pos=(1280, 1472) path=54
learned exit AreaKey { scene: 3, anchor: (160, 112) } event=53 -> AreaKey { scene: 1, anchor: (400, 344) }
scene 3 -> 1 at frame 3368 position (304, 264)
target scene=1 area=(400, 344) event=18 script=4643 mode=5 state=1 player=(464, 376) pos=(416, 400) path=2
learned targeted exit AreaKey { scene: 1, anchor: (400, 344) } event=18 -> AreaKey { scene: 3, anchor: (160, 112) }
learned exit AreaKey { scene: 1, anchor: (400, 344) } event=18 -> AreaKey { scene: 3, anchor: (160, 112) }
scene 1 -> 3 at frame 3370 position (1088, 1232)
target scene=3 area=(160, 112) event=49 script=6226 mode=5 state=1 player=(1248, 1344) pos=(1280, 1472) path=54
learned exit AreaKey { scene: 3, anchor: (160, 112) } event=53 -> AreaKey { scene: 1, anchor: (400, 344) }
scene 3 -> 1 at frame 3372 position (304, 264)
target scene=1 area=(400, 344) event=18 script=4643 mode=5 state=1 player=(464, 376) pos=(416, 400) path=2
learned targeted exit AreaKey { scene: 1, anchor: (400, 344) } event=18 -> AreaKey { scene: 3, anchor: (160, 112) }
learned exit AreaKey { scene: 1, anchor: (400, 344) } event=18 -> AreaKey { scene: 3, anchor: (160, 112) }
scene 1 -> 3 at frame 3374 position (1088, 1232)
target scene=3 area=(160, 112) event=49 script=6226 mode=5 state=1 player=(1248, 1344) pos=(1280, 1472) path=54
learned exit AreaKey { scene: 3, anchor: (160, 112) } event=53 -> AreaKey { scene: 1, anchor: (400, 344) }
scene 3 -> 1 at frame 3376 position (304, 264)
target scene=1 area=(400, 344) event=18 script=4643 mode=5 state=1 player=(464, 376) pos=(416, 400) path=2
learned targeted exit AreaKey { scene: 1, anchor: (400, 344) } event=18 -> AreaKey { scene: 3, anchor: (160, 112) }
learned exit AreaKey { scene: 1, anchor: (400, 344) } event=18 -> AreaKey { scene: 3, anchor: (160, 112) }
scene 1 -> 3 at frame 3378 position (1088, 1232)
target scene=3 area=(160, 112) event=49 script=6226 mode=5 state=1 player=(1248, 1344) pos=(1280, 1472) path=54
learned exit AreaKey { scene: 3, anchor: (160, 112) } event=53 -> AreaKey { scene: 1, anchor: (400, 344) }
scene 3 -> 1 at frame 3380 position (304, 264)
target scene=1 area=(400, 344) event=18 script=4643 mode=5 state=1 player=(464, 376) pos=(416, 400) path=2
learned targeted exit AreaKey { scene: 1, anchor: (400, 344) } event=18 -> AreaKey { scene: 3, anchor: (160, 112) }
learned exit AreaKey { scene: 1, anchor: (400, 344) } event=18 -> AreaKey { scene: 3, anchor: (160, 112) }
scene 1 -> 3 at frame 3382 position (1088, 1232)
target scene=3 area=(160, 112) event=49 script=6226 mode=5 state=1 player=(1248, 1344) pos=(1280, 1472) path=54
learned exit AreaKey { scene: 3, anchor: (160, 112) } event=53 -> AreaKey { scene: 1, anchor: (400, 344) }
scene 3 -> 1 at frame 3384 position (304, 264)
target scene=1 area=(400, 344) event=18 script=4643 mode=5 state=1 player=(464, 376) pos=(416, 400) path=2
learned targeted exit AreaKey { scene: 1, anchor: (400, 344) } event=18 -> AreaKey { scene: 3, anchor: (160, 112) }
learned exit AreaKey { scene: 1, anchor: (400, 344) } event=18 -> AreaKey { scene: 3, anchor: (160, 112) }
scene 1 -> 3 at frame 3386 position (1088, 1232)
target scene=3 area=(160, 112) event=49 script=6226 mode=5 state=1 player=(1248, 1344) pos=(1280, 1472) path=54
learned exit AreaKey { scene: 3, anchor: (160, 112) } event=53 -> AreaKey { scene: 1, anchor: (400, 344) }
scene 3 -> 1 at frame 3388 position (304, 264)
target scene=1 area=(400, 344) event=18 script=4643 mode=5 state=1 player=(464, 376) pos=(416, 400) path=2
learned targeted exit AreaKey { scene: 1, anchor: (400, 344) } event=18 -> AreaKey { scene: 3, anchor: (160, 112) }
learned exit AreaKey { scene: 1, anchor: (400, 344) } event=18 -> AreaKey { scene: 3, anchor: (160, 112) }
scene 1 -> 3 at frame 3390 position (1088, 1232)
target scene=3 area=(160, 112) event=49 script=6226 mode=5 state=1 player=(1248, 1344) pos=(1280, 1472) path=54
learned exit AreaKey { scene: 3, anchor: (160, 112) } event=53 -> AreaKey { scene: 1, anchor: (400, 344) }
scene 3 -> 1 at frame 3392 position (304, 264)
target scene=1 area=(400, 344) event=18 script=4643 mode=5 state=1 player=(464, 376) pos=(416, 400) path=2
learned targeted exit AreaKey { scene: 1, anchor: (400, 344) } event=18 -> AreaKey { scene: 3, anchor: (160, 112) }
learned exit AreaKey { scene: 1, anchor: (400, 344) } event=18 -> AreaKey { scene: 3, anchor: (160, 112) }
scene 1 -> 3 at frame 3394 position (1088, 1232)
target scene=3 area=(160, 112) event=49 script=6226 mode=5 state=1 player=(1248, 1344) pos=(1280, 1472) path=54
learned exit AreaKey { scene: 3, anchor: (160, 112) } event=53 -> AreaKey { scene: 1, anchor: (400, 344) }
scene 3 -> 1 at frame 3396 position (304, 264)
target scene=1 area=(400, 344) event=18 script=4643 mode=5 state=1 player=(464, 376) pos=(416, 400) path=2
learned targeted exit AreaKey { scene: 1, anchor: (400, 344) } event=18 -> AreaKey { scene: 3, anchor: (160, 112) }
learned exit AreaKey { scene: 1, anchor: (400, 344) } event=18 -> AreaKey { scene: 3, anchor: (160, 112) }
scene 1 -> 3 at frame 3398 position (1088, 1232)
target scene=3 area=(160, 112) event=49 script=6226 mode=5 state=1 player=(1248, 1344) pos=(1280, 1472) path=54
learned exit AreaKey { scene: 3, anchor: (160, 112) } event=53 -> AreaKey { scene: 1, anchor: (400, 344) }
scene 3 -> 1 at frame 3400 position (304, 264)
target scene=1 area=(400, 344) event=18 script=4643 mode=5 state=1 player=(464, 376) pos=(416, 400) path=2
learned targeted exit AreaKey { scene: 1, anchor: (400, 344) } event=18 -> AreaKey { scene: 3, anchor: (160, 112) }
learned exit AreaKey { scene: 1, anchor: (400, 344) } event=18 -> AreaKey { scene: 3, anchor: (160, 112) }
scene 1 -> 3 at frame 3402 position (1088, 1232)
target scene=3 area=(160, 112) event=49 script=6226 mode=5 state=1 player=(1248, 1344) pos=(1280, 1472) path=54
learned exit AreaKey { scene: 3, anchor: (160, 112) } event=53 -> AreaKey { scene: 1, anchor: (400, 344) }
scene 3 -> 1 at frame 3404 position (304, 264)
target scene=1 area=(400, 344) event=18 script=4643 mode=5 state=1 player=(464, 376) pos=(416, 400) path=2
learned targeted exit AreaKey { scene: 1, anchor: (400, 344) } event=18 -> AreaKey { scene: 3, anchor: (160, 112) }
learned exit AreaKey { scene: 1, anchor: (400, 344) } event=18 -> AreaKey { scene: 3, anchor: (160, 112) }
scene 1 -> 3 at frame 3406 position (1088, 1232)
target scene=3 area=(160, 112) event=49 script=6226 mode=5 state=1 player=(1248, 1344) pos=(1280, 1472) path=54
learned exit AreaKey { scene: 3, anchor: (160, 112) } event=53 -> AreaKey { scene: 1, anchor: (400, 344) }
scene 3 -> 1 at frame 3408 position (304, 264)
target scene=1 area=(400, 344) event=18 script=4643 mode=5 state=1 player=(464, 376) pos=(416, 400) path=2
learned targeted exit AreaKey { scene: 1, anchor: (400, 344) } event=18 -> AreaKey { scene: 3, anchor: (160, 112) }
learned exit AreaKey { scene: 1, anchor: (400, 344) } event=18 -> AreaKey { scene: 3, anchor: (160, 112) }
scene 1 -> 3 at frame 3410 position (1088, 1232)
target scene=3 area=(160, 112) event=49 script=6226 mode=5 state=1 player=(1248, 1344) pos=(1280, 1472) path=54
learned exit AreaKey { scene: 3, anchor: (160, 112) } event=53 -> AreaKey { scene: 1, anchor: (400, 344) }
scene 3 -> 1 at frame 3412 position (304, 264)
target scene=1 area=(400, 344) event=18 script=4643 mode=5 state=1 player=(464, 376) pos=(416, 400) path=2
learned targeted exit AreaKey { scene: 1, anchor: (400, 344) } event=18 -> AreaKey { scene: 3, anchor: (160, 112) }
learned exit AreaKey { scene: 1, anchor: (400, 344) } event=18 -> AreaKey { scene: 3, anchor: (160, 112) }
scene 1 -> 3 at frame 3414 position (1088, 1232)
target scene=3 area=(160, 112) event=49 script=6226 mode=5 state=1 player=(1248, 1344) pos=(1280, 1472) path=54
learned exit AreaKey { scene: 3, anchor: (160, 112) } event=53 -> AreaKey { scene: 1, anchor: (400, 344) }
scene 3 -> 1 at frame 3416 position (304, 264)
target scene=1 area=(400, 344) event=18 script=4643 mode=5 state=1 player=(464, 376) pos=(416, 400) path=2
learned targeted exit AreaKey { scene: 1, anchor: (400, 344) } event=18 -> AreaKey { scene: 3, anchor: (160, 112) }
learned exit AreaKey { scene: 1, anchor: (400, 344) } event=18 -> AreaKey { scene: 3, anchor: (160, 112) }
scene 1 -> 3 at frame 3418 position (1088, 1232)
target scene=3 area=(160, 112) event=49 script=6226 mode=5 state=1 player=(1248, 1344) pos=(1280, 1472) path=54
learned exit AreaKey { scene: 3, anchor: (160, 112) } event=53 -> AreaKey { scene: 1, anchor: (400, 344) }
scene 3 -> 1 at frame 3420 position (304, 264)
target scene=1 area=(400, 344) event=18 script=4643 mode=5 state=1 player=(464, 376) pos=(416, 400) path=2
learned targeted exit AreaKey { scene: 1, anchor: (400, 344) } event=18 -> AreaKey { scene: 3, anchor: (160, 112) }
learned exit AreaKey { scene: 1, anchor: (400, 344) } event=18 -> AreaKey { scene: 3, anchor: (160, 112) }
scene 1 -> 3 at frame 3422 position (1088, 1232)
target scene=3 area=(160, 112) event=49 script=6226 mode=5 state=1 player=(1248, 1344) pos=(1280, 1472) path=54
learned exit AreaKey { scene: 3, anchor: (160, 112) } event=53 -> AreaKey { scene: 1, anchor: (400, 344) }
scene 3 -> 1 at frame 3424 position (304, 264)
target scene=1 area=(400, 344) event=18 script=4643 mode=5 state=1 player=(464, 376) pos=(416, 400) path=2
learned targeted exit AreaKey { scene: 1, anchor: (400, 344) } event=18 -> AreaKey { scene: 3, anchor: (160, 112) }
learned exit AreaKey { scene: 1, anchor: (400, 344) } event=18 -> AreaKey { scene: 3, anchor: (160, 112) }
scene 1 -> 3 at frame 3426 position (1088, 1232)
target scene=3 area=(160, 112) event=49 script=6226 mode=5 state=1 player=(1248, 1344) pos=(1280, 1472) path=54
learned exit AreaKey { scene: 3, anchor: (160, 112) } event=53 -> AreaKey { scene: 1, anchor: (400, 344) }
scene 3 -> 1 at frame 3428 position (304, 264)
target scene=1 area=(400, 344) event=18 script=4643 mode=5 state=1 player=(464, 376) pos=(416, 400) path=2
learned targeted exit AreaKey { scene: 1, anchor: (400, 344) } event=18 -> AreaKey { scene: 3, anchor: (160, 112) }
learned exit AreaKey { scene: 1, anchor: (400, 344) } event=18 -> AreaKey { scene: 3, anchor: (160, 112) }
scene 1 -> 3 at frame 3430 position (1088, 1232)
target scene=3 area=(160, 112) event=49 script=6226 mode=5 state=1 player=(1248, 1344) pos=(1280, 1472) path=54
learned exit AreaKey { scene: 3, anchor: (160, 112) } event=53 -> AreaKey { scene: 1, anchor: (400, 344) }
scene 3 -> 1 at frame 3432 position (304, 264)
target scene=1 area=(400, 344) event=18 script=4643 mode=5 state=1 player=(464, 376) pos=(416, 400) path=2
learned targeted exit AreaKey { scene: 1, anchor: (400, 344) } event=18 -> AreaKey { scene: 3, anchor: (160, 112) }
learned exit AreaKey { scene: 1, anchor: (400, 344) } event=18 -> AreaKey { scene: 3, anchor: (160, 112) }
scene 1 -> 3 at frame 3434 position (1088, 1232)
target scene=3 area=(160, 112) event=49 script=6226 mode=5 state=1 player=(1248, 1344) pos=(1280, 1472) path=54
learned exit AreaKey { scene: 3, anchor: (160, 112) } event=53 -> AreaKey { scene: 1, anchor: (400, 344) }
scene 3 -> 1 at frame 3436 position (304, 264)
target scene=1 area=(400, 344) event=18 script=4643 mode=5 state=1 player=(464, 376) pos=(416, 400) path=2
learned targeted exit AreaKey { scene: 1, anchor: (400, 344) } event=18 -> AreaKey { scene: 3, anchor: (160, 112) }
learned exit AreaKey { scene: 1, anchor: (400, 344) } event=18 -> AreaKey { scene: 3, anchor: (160, 112) }
scene 1 -> 3 at frame 3438 position (1088, 1232)
target scene=3 area=(160, 112) event=49 script=6226 mode=5 state=1 player=(1248, 1344) pos=(1280, 1472) path=54
learned exit AreaKey { scene: 3, anchor: (160, 112) } event=53 -> AreaKey { scene: 1, anchor: (400, 344) }
scene 3 -> 1 at frame 3440 position (304, 264)
target scene=1 area=(400, 344) event=18 script=4643 mode=5 state=1 player=(464, 376) pos=(416, 400) path=2
learned targeted exit AreaKey { scene: 1, anchor: (400, 344) } event=18 -> AreaKey { scene: 3, anchor: (160, 112) }
learned exit AreaKey { scene: 1, anchor: (400, 344) } event=18 -> AreaKey { scene: 3, anchor: (160, 112) }
scene 1 -> 3 at frame 3442 position (1088, 1232)
target scene=3 area=(160, 112) event=49 script=6226 mode=5 state=1 player=(1248, 1344) pos=(1280, 1472) path=54
learned exit AreaKey { scene: 3, anchor: (160, 112) } event=53 -> AreaKey { scene: 1, anchor: (400, 344) }
scene 3 -> 1 at frame 3444 position (304, 264)
target scene=1 area=(400, 344) event=18 script=4643 mode=5 state=1 player=(464, 376) pos=(416, 400) path=2
learned targeted exit AreaKey { scene: 1, anchor: (400, 344) } event=18 -> AreaKey { scene: 3, anchor: (160, 112) }
learned exit AreaKey { scene: 1, anchor: (400, 344) } event=18 -> AreaKey { scene: 3, anchor: (160, 112) }
scene 1 -> 3 at frame 3446 position (1088, 1232)
target scene=3 area=(160, 112) event=49 script=6226 mode=5 state=1 player=(1248, 1344) pos=(1280, 1472) path=54
learned exit AreaKey { scene: 3, anchor: (160, 112) } event=53 -> AreaKey { scene: 1, anchor: (400, 344) }
scene 3 -> 1 at frame 3448 position (304, 264)
target scene=1 area=(400, 344) event=18 script=4643 mode=5 state=1 player=(464, 376) pos=(416, 400) path=2
learned targeted exit AreaKey { scene: 1, anchor: (400, 344) } event=18 -> AreaKey { scene: 3, anchor: (160, 112) }
learned exit AreaKey { scene: 1, anchor: (400, 344) } event=18 -> AreaKey { scene: 3, anchor: (160, 112) }
scene 1 -> 3 at frame 3450 position (1088, 1232)
target scene=3 area=(160, 112) event=49 script=6226 mode=5 state=1 player=(1248, 1344) pos=(1280, 1472) path=54
learned exit AreaKey { scene: 3, anchor: (160, 112) } event=53 -> AreaKey { scene: 1, anchor: (400, 344) }
scene 3 -> 1 at frame 3452 position (304, 264)
target scene=1 area=(400, 344) event=18 script=4643 mode=5 state=1 player=(464, 376) pos=(416, 400) path=2
learned targeted exit AreaKey { scene: 1, anchor: (400, 344) } event=18 -> AreaKey { scene: 3, anchor: (160, 112) }
learned exit AreaKey { scene: 1, anchor: (400, 344) } event=18 -> AreaKey { scene: 3, anchor: (160, 112) }
scene 1 -> 3 at frame 3454 position (1088, 1232)
target scene=3 area=(160, 112) event=49 script=6226 mode=5 state=1 player=(1248, 1344) pos=(1280, 1472) path=54
learned exit AreaKey { scene: 3, anchor: (160, 112) } event=53 -> AreaKey { scene: 1, anchor: (400, 344) }
scene 3 -> 1 at frame 3456 position (304, 264)
target scene=1 area=(400, 344) event=18 script=4643 mode=5 state=1 player=(464, 376) pos=(416, 400) path=2
learned targeted exit AreaKey { scene: 1, anchor: (400, 344) } event=18 -> AreaKey { scene: 3, anchor: (160, 112) }
learned exit AreaKey { scene: 1, anchor: (400, 344) } event=18 -> AreaKey { scene: 3, anchor: (160, 112) }
scene 1 -> 3 at frame 3458 position (1088, 1232)
target scene=3 area=(160, 112) event=49 script=6226 mode=5 state=1 player=(1248, 1344) pos=(1280, 1472) path=54
learned exit AreaKey { scene: 3, anchor: (160, 112) } event=53 -> AreaKey { scene: 1, anchor: (400, 344) }
scene 3 -> 1 at frame 3460 position (304, 264)
target scene=1 area=(400, 344) event=18 script=4643 mode=5 state=1 player=(464, 376) pos=(416, 400) path=2
learned targeted exit AreaKey { scene: 1, anchor: (400, 344) } event=18 -> AreaKey { scene: 3, anchor: (160, 112) }
learned exit AreaKey { scene: 1, anchor: (400, 344) } event=18 -> AreaKey { scene: 3, anchor: (160, 112) }
scene 1 -> 3 at frame 3462 position (1088, 1232)
target scene=3 area=(160, 112) event=49 script=6226 mode=5 state=1 player=(1248, 1344) pos=(1280, 1472) path=54
learned exit AreaKey { scene: 3, anchor: (160, 112) } event=53 -> AreaKey { scene: 1, anchor: (400, 344) }
scene 3 -> 1 at frame 3464 position (304, 264)
target scene=1 area=(400, 344) event=18 script=4643 mode=5 state=1 player=(464, 376) pos=(416, 400) path=2
learned targeted exit AreaKey { scene: 1, anchor: (400, 344) } event=18 -> AreaKey { scene: 3, anchor: (160, 112) }
learned exit AreaKey { scene: 1, anchor: (400, 344) } event=18 -> AreaKey { scene: 3, anchor: (160, 112) }
scene 1 -> 3 at frame 3466 position (1088, 1232)
target scene=3 area=(160, 112) event=49 script=6226 mode=5 state=1 player=(1248, 1344) pos=(1280, 1472) path=54
learned exit AreaKey { scene: 3, anchor: (160, 112) } event=53 -> AreaKey { scene: 1, anchor: (400, 344) }
scene 3 -> 1 at frame 3468 position (304, 264)
target scene=1 area=(400, 344) event=18 script=4643 mode=5 state=1 player=(464, 376) pos=(416, 400) path=2
learned targeted exit AreaKey { scene: 1, anchor: (400, 344) } event=18 -> AreaKey { scene: 3, anchor: (160, 112) }
learned exit AreaKey { scene: 1, anchor: (400, 344) } event=18 -> AreaKey { scene: 3, anchor: (160, 112) }
scene 1 -> 3 at frame 3470 position (1088, 1232)
target scene=3 area=(160, 112) event=49 script=6226 mode=5 state=1 player=(1248, 1344) pos=(1280, 1472) path=54
learned exit AreaKey { scene: 3, anchor: (160, 112) } event=53 -> AreaKey { scene: 1, anchor: (400, 344) }
scene 3 -> 1 at frame 3472 position (304, 264)
target scene=1 area=(400, 344) event=18 script=4643 mode=5 state=1 player=(464, 376) pos=(416, 400) path=2
learned targeted exit AreaKey { scene: 1, anchor: (400, 344) } event=18 -> AreaKey { scene: 3, anchor: (160, 112) }
learned exit AreaKey { scene: 1, anchor: (400, 344) } event=18 -> AreaKey { scene: 3, anchor: (160, 112) }
scene 1 -> 3 at frame 3474 position (1088, 1232)
target scene=3 area=(160, 112) event=49 script=6226 mode=5 state=1 player=(1248, 1344) pos=(1280, 1472) path=54
learned exit AreaKey { scene: 3, anchor: (160, 112) } event=53 -> AreaKey { scene: 1, anchor: (400, 344) }
scene 3 -> 1 at frame 3476 position (304, 264)
target scene=1 area=(400, 344) event=18 script=4643 mode=5 state=1 player=(464, 376) pos=(416, 400) path=2
learned targeted exit AreaKey { scene: 1, anchor: (400, 344) } event=18 -> AreaKey { scene: 3, anchor: (160, 112) }
learned exit AreaKey { scene: 1, anchor: (400, 344) } event=18 -> AreaKey { scene: 3, anchor: (160, 112) }
scene 1 -> 3 at frame 3478 position (1088, 1232)
target scene=3 area=(160, 112) event=49 script=6226 mode=5 state=1 player=(1248, 1344) pos=(1280, 1472) path=54
learned exit AreaKey { scene: 3, anchor: (160, 112) } event=53 -> AreaKey { scene: 1, anchor: (400, 344) }
scene 3 -> 1 at frame 3480 position (304, 264)
target scene=1 area=(400, 344) event=18 script=4643 mode=5 state=1 player=(464, 376) pos=(416, 400) path=2
learned targeted exit AreaKey { scene: 1, anchor: (400, 344) } event=18 -> AreaKey { scene: 3, anchor: (160, 112) }
learned exit AreaKey { scene: 1, anchor: (400, 344) } event=18 -> AreaKey { scene: 3, anchor: (160, 112) }
scene 1 -> 3 at frame 3482 position (1088, 1232)
target scene=3 area=(160, 112) event=49 script=6226 mode=5 state=1 player=(1248, 1344) pos=(1280, 1472) path=54
learned exit AreaKey { scene: 3, anchor: (160, 112) } event=53 -> AreaKey { scene: 1, anchor: (400, 344) }
scene 3 -> 1 at frame 3484 position (304, 264)
target scene=1 area=(400, 344) event=18 script=4643 mode=5 state=1 player=(464, 376) pos=(416, 400) path=2
learned targeted exit AreaKey { scene: 1, anchor: (400, 344) } event=18 -> AreaKey { scene: 3, anchor: (160, 112) }
learned exit AreaKey { scene: 1, anchor: (400, 344) } event=18 -> AreaKey { scene: 3, anchor: (160, 112) }
scene 1 -> 3 at frame 3486 position (1088, 1232)
target scene=3 area=(160, 112) event=49 script=6226 mode=5 state=1 player=(1248, 1344) pos=(1280, 1472) path=54
learned exit AreaKey { scene: 3, anchor: (160, 112) } event=53 -> AreaKey { scene: 1, anchor: (400, 344) }
scene 3 -> 1 at frame 3488 position (304, 264)
target scene=1 area=(400, 344) event=18 script=4643 mode=5 state=1 player=(464, 376) pos=(416, 400) path=2
learned targeted exit AreaKey { scene: 1, anchor: (400, 344) } event=18 -> AreaKey { scene: 3, anchor: (160, 112) }
learned exit AreaKey { scene: 1, anchor: (400, 344) } event=18 -> AreaKey { scene: 3, anchor: (160, 112) }
scene 1 -> 3 at frame 3490 position (1088, 1232)
target scene=3 area=(160, 112) event=49 script=6226 mode=5 state=1 player=(1248, 1344) pos=(1280, 1472) path=54
learned exit AreaKey { scene: 3, anchor: (160, 112) } event=53 -> AreaKey { scene: 1, anchor: (400, 344) }
scene 3 -> 1 at frame 3492 position (304, 264)
target scene=1 area=(400, 344) event=18 script=4643 mode=5 state=1 player=(464, 376) pos=(416, 400) path=2
learned targeted exit AreaKey { scene: 1, anchor: (400, 344) } event=18 -> AreaKey { scene: 3, anchor: (160, 112) }
learned exit AreaKey { scene: 1, anchor: (400, 344) } event=18 -> AreaKey { scene: 3, anchor: (160, 112) }
scene 1 -> 3 at frame 3494 position (1088, 1232)
target scene=3 area=(160, 112) event=49 script=6226 mode=5 state=1 player=(1248, 1344) pos=(1280, 1472) path=54
learned exit AreaKey { scene: 3, anchor: (160, 112) } event=53 -> AreaKey { scene: 1, anchor: (400, 344) }
scene 3 -> 1 at frame 3496 position (304, 264)
target scene=1 area=(400, 344) event=18 script=4643 mode=5 state=1 player=(464, 376) pos=(416, 400) path=2
learned targeted exit AreaKey { scene: 1, anchor: (400, 344) } event=18 -> AreaKey { scene: 3, anchor: (160, 112) }
learned exit AreaKey { scene: 1, anchor: (400, 344) } event=18 -> AreaKey { scene: 3, anchor: (160, 112) }
scene 1 -> 3 at frame 3498 position (1088, 1232)
target scene=3 area=(160, 112) event=49 script=6226 mode=5 state=1 player=(1248, 1344) pos=(1280, 1472) path=54
learned exit AreaKey { scene: 3, anchor: (160, 112) } event=53 -> AreaKey { scene: 1, anchor: (400, 344) }
scene 3 -> 1 at frame 3500 position (304, 264)
target scene=1 area=(400, 344) event=18 script=4643 mode=5 state=1 player=(464, 376) pos=(416, 400) path=2
learned targeted exit AreaKey { scene: 1, anchor: (400, 344) } event=18 -> AreaKey { scene: 3, anchor: (160, 112) }
learned exit AreaKey { scene: 1, anchor: (400, 344) } event=18 -> AreaKey { scene: 3, anchor: (160, 112) }
scene 1 -> 3 at frame 3502 position (1088, 1232)
target scene=3 area=(160, 112) event=49 script=6226 mode=5 state=1 player=(1248, 1344) pos=(1280, 1472) path=54
learned exit AreaKey { scene: 3, anchor: (160, 112) } event=53 -> AreaKey { scene: 1, anchor: (400, 344) }
scene 3 -> 1 at frame 3504 position (304, 264)
target scene=1 area=(400, 344) event=18 script=4643 mode=5 state=1 player=(464, 376) pos=(416, 400) path=2
learned targeted exit AreaKey { scene: 1, anchor: (400, 344) } event=18 -> AreaKey { scene: 3, anchor: (160, 112) }
learned exit AreaKey { scene: 1, anchor: (400, 344) } event=18 -> AreaKey { scene: 3, anchor: (160, 112) }
scene 1 -> 3 at frame 3506 position (1088, 1232)
target scene=3 area=(160, 112) event=49 script=6226 mode=5 state=1 player=(1248, 1344) pos=(1280, 1472) path=54
learned exit AreaKey { scene: 3, anchor: (160, 112) } event=53 -> AreaKey { scene: 1, anchor: (400, 344) }
scene 3 -> 1 at frame 3508 position (304, 264)
target scene=1 area=(400, 344) event=18 script=4643 mode=5 state=1 player=(464, 376) pos=(416, 400) path=2
learned targeted exit AreaKey { scene: 1, anchor: (400, 344) } event=18 -> AreaKey { scene: 3, anchor: (160, 112) }
learned exit AreaKey { scene: 1, anchor: (400, 344) } event=18 -> AreaKey { scene: 3, anchor: (160, 112) }
scene 1 -> 3 at frame 3510 position (1088, 1232)
target scene=3 area=(160, 112) event=49 script=6226 mode=5 state=1 player=(1248, 1344) pos=(1280, 1472) path=54
learned exit AreaKey { scene: 3, anchor: (160, 112) } event=53 -> AreaKey { scene: 1, anchor: (400, 344) }
scene 3 -> 1 at frame 3512 position (304, 264)
target scene=1 area=(400, 344) event=18 script=4643 mode=5 state=1 player=(464, 376) pos=(416, 400) path=2
learned targeted exit AreaKey { scene: 1, anchor: (400, 344) } event=18 -> AreaKey { scene: 3, anchor: (160, 112) }
learned exit AreaKey { scene: 1, anchor: (400, 344) } event=18 -> AreaKey { scene: 3, anchor: (160, 112) }
scene 1 -> 3 at frame 3514 position (1088, 1232)
target scene=3 area=(160, 112) event=49 script=6226 mode=5 state=1 player=(1248, 1344) pos=(1280, 1472) path=54
learned exit AreaKey { scene: 3, anchor: (160, 112) } event=53 -> AreaKey { scene: 1, anchor: (400, 344) }
scene 3 -> 1 at frame 3516 position (304, 264)
target scene=1 area=(400, 344) event=18 script=4643 mode=5 state=1 player=(464, 376) pos=(416, 400) path=2
learned targeted exit AreaKey { scene: 1, anchor: (400, 344) } event=18 -> AreaKey { scene: 3, anchor: (160, 112) }
learned exit AreaKey { scene: 1, anchor: (400, 344) } event=18 -> AreaKey { scene: 3, anchor: (160, 112) }
scene 1 -> 3 at frame 3518 position (1088, 1232)
target scene=3 area=(160, 112) event=49 script=6226 mode=5 state=1 player=(1248, 1344) pos=(1280, 1472) path=54
learned exit AreaKey { scene: 3, anchor: (160, 112) } event=53 -> AreaKey { scene: 1, anchor: (400, 344) }
scene 3 -> 1 at frame 3520 position (304, 264)
target scene=1 area=(400, 344) event=18 script=4643 mode=5 state=1 player=(464, 376) pos=(416, 400) path=2
learned targeted exit AreaKey { scene: 1, anchor: (400, 344) } event=18 -> AreaKey { scene: 3, anchor: (160, 112) }
learned exit AreaKey { scene: 1, anchor: (400, 344) } event=18 -> AreaKey { scene: 3, anchor: (160, 112) }
scene 1 -> 3 at frame 3522 position (1088, 1232)
target scene=3 area=(160, 112) event=49 script=6226 mode=5 state=1 player=(1248, 1344) pos=(1280, 1472) path=54
learned exit AreaKey { scene: 3, anchor: (160, 112) } event=53 -> AreaKey { scene: 1, anchor: (400, 344) }
scene 3 -> 1 at frame 3524 position (304, 264)
target scene=1 area=(400, 344) event=18 script=4643 mode=5 state=1 player=(464, 376) pos=(416, 400) path=2
learned targeted exit AreaKey { scene: 1, anchor: (400, 344) } event=18 -> AreaKey { scene: 3, anchor: (160, 112) }
learned exit AreaKey { scene: 1, anchor: (400, 344) } event=18 -> AreaKey { scene: 3, anchor: (160, 112) }
scene 1 -> 3 at frame 3526 position (1088, 1232)
target scene=3 area=(160, 112) event=49 script=6226 mode=5 state=1 player=(1248, 1344) pos=(1280, 1472) path=54
learned exit AreaKey { scene: 3, anchor: (160, 112) } event=53 -> AreaKey { scene: 1, anchor: (400, 344) }
scene 3 -> 1 at frame 3528 position (304, 264)
target scene=1 area=(400, 344) event=18 script=4643 mode=5 state=1 player=(464, 376) pos=(416, 400) path=2
learned targeted exit AreaKey { scene: 1, anchor: (400, 344) } event=18 -> AreaKey { scene: 3, anchor: (160, 112) }
learned exit AreaKey { scene: 1, anchor: (400, 344) } event=18 -> AreaKey { scene: 3, anchor: (160, 112) }
scene 1 -> 3 at frame 3530 position (1088, 1232)
target scene=3 area=(160, 112) event=49 script=6226 mode=5 state=1 player=(1248, 1344) pos=(1280, 1472) path=54
learned exit AreaKey { scene: 3, anchor: (160, 112) } event=53 -> AreaKey { scene: 1, anchor: (400, 344) }
scene 3 -> 1 at frame 3532 position (304, 264)
target scene=1 area=(400, 344) event=18 script=4643 mode=5 state=1 player=(464, 376) pos=(416, 400) path=2
learned targeted exit AreaKey { scene: 1, anchor: (400, 344) } event=18 -> AreaKey { scene: 3, anchor: (160, 112) }
learned exit AreaKey { scene: 1, anchor: (400, 344) } event=18 -> AreaKey { scene: 3, anchor: (160, 112) }
scene 1 -> 3 at frame 3534 position (1088, 1232)
target scene=3 area=(160, 112) event=49 script=6226 mode=5 state=1 player=(1248, 1344) pos=(1280, 1472) path=54
learned exit AreaKey { scene: 3, anchor: (160, 112) } event=53 -> AreaKey { scene: 1, anchor: (400, 344) }
scene 3 -> 1 at frame 3536 position (304, 264)
target scene=1 area=(400, 344) event=18 script=4643 mode=5 state=1 player=(464, 376) pos=(416, 400) path=2
learned targeted exit AreaKey { scene: 1, anchor: (400, 344) } event=18 -> AreaKey { scene: 3, anchor: (160, 112) }
learned exit AreaKey { scene: 1, anchor: (400, 344) } event=18 -> AreaKey { scene: 3, anchor: (160, 112) }
scene 1 -> 3 at frame 3538 position (1088, 1232)
target scene=3 area=(160, 112) event=49 script=6226 mode=5 state=1 player=(1248, 1344) pos=(1280, 1472) path=54
learned exit AreaKey { scene: 3, anchor: (160, 112) } event=53 -> AreaKey { scene: 1, anchor: (400, 344) }
scene 3 -> 1 at frame 3540 position (304, 264)
target scene=1 area=(400, 344) event=18 script=4643 mode=5 state=1 player=(464, 376) pos=(416, 400) path=2
learned targeted exit AreaKey { scene: 1, anchor: (400, 344) } event=18 -> AreaKey { scene: 3, anchor: (160, 112) }
learned exit AreaKey { scene: 1, anchor: (400, 344) } event=18 -> AreaKey { scene: 3, anchor: (160, 112) }
scene 1 -> 3 at frame 3542 position (1088, 1232)
target scene=3 area=(160, 112) event=49 script=6226 mode=5 state=1 player=(1248, 1344) pos=(1280, 1472) path=54
learned exit AreaKey { scene: 3, anchor: (160, 112) } event=53 -> AreaKey { scene: 1, anchor: (400, 344) }
scene 3 -> 1 at frame 3544 position (304, 264)
target scene=1 area=(400, 344) event=18 script=4643 mode=5 state=1 player=(464, 376) pos=(416, 400) path=2
learned targeted exit AreaKey { scene: 1, anchor: (400, 344) } event=18 -> AreaKey { scene: 3, anchor: (160, 112) }
learned exit AreaKey { scene: 1, anchor: (400, 344) } event=18 -> AreaKey { scene: 3, anchor: (160, 112) }
scene 1 -> 3 at frame 3546 position (1088, 1232)
target scene=3 area=(160, 112) event=49 script=6226 mode=5 state=1 player=(1248, 1344) pos=(1280, 1472) path=54
learned exit AreaKey { scene: 3, anchor: (160, 112) } event=53 -> AreaKey { scene: 1, anchor: (400, 344) }
scene 3 -> 1 at frame 3548 position (304, 264)
target scene=1 area=(400, 344) event=18 script=4643 mode=5 state=1 player=(464, 376) pos=(416, 400) path=2
learned targeted exit AreaKey { scene: 1, anchor: (400, 344) } event=18 -> AreaKey { scene: 3, anchor: (160, 112) }
learned exit AreaKey { scene: 1, anchor: (400, 344) } event=18 -> AreaKey { scene: 3, anchor: (160, 112) }
scene 1 -> 3 at frame 3550 position (1088, 1232)
target scene=3 area=(160, 112) event=49 script=6226 mode=5 state=1 player=(1248, 1344) pos=(1280, 1472) path=54
learned exit AreaKey { scene: 3, anchor: (160, 112) } event=53 -> AreaKey { scene: 1, anchor: (400, 344) }
scene 3 -> 1 at frame 3552 position (304, 264)
target scene=1 area=(400, 344) event=18 script=4643 mode=5 state=1 player=(464, 376) pos=(416, 400) path=2
learned targeted exit AreaKey { scene: 1, anchor: (400, 344) } event=18 -> AreaKey { scene: 3, anchor: (160, 112) }
learned exit AreaKey { scene: 1, anchor: (400, 344) } event=18 -> AreaKey { scene: 3, anchor: (160, 112) }
scene 1 -> 3 at frame 3554 position (1088, 1232)
target scene=3 area=(160, 112) event=49 script=6226 mode=5 state=1 player=(1248, 1344) pos=(1280, 1472) path=54
learned exit AreaKey { scene: 3, anchor: (160, 112) } event=53 -> AreaKey { scene: 1, anchor: (400, 344) }
scene 3 -> 1 at frame 3556 position (304, 264)
target scene=1 area=(400, 344) event=18 script=4643 mode=5 state=1 player=(464, 376) pos=(416, 400) path=2
learned targeted exit AreaKey { scene: 1, anchor: (400, 344) } event=18 -> AreaKey { scene: 3, anchor: (160, 112) }
learned exit AreaKey { scene: 1, anchor: (400, 344) } event=18 -> AreaKey { scene: 3, anchor: (160, 112) }
scene 1 -> 3 at frame 3558 position (1088, 1232)
target scene=3 area=(160, 112) event=49 script=6226 mode=5 state=1 player=(1248, 1344) pos=(1280, 1472) path=54
learned exit AreaKey { scene: 3, anchor: (160, 112) } event=53 -> AreaKey { scene: 1, anchor: (400, 344) }
scene 3 -> 1 at frame 3560 position (304, 264)
target scene=1 area=(400, 344) event=18 script=4643 mode=5 state=1 player=(464, 376) pos=(416, 400) path=2
learned targeted exit AreaKey { scene: 1, anchor: (400, 344) } event=18 -> AreaKey { scene: 3, anchor: (160, 112) }
learned exit AreaKey { scene: 1, anchor: (400, 344) } event=18 -> AreaKey { scene: 3, anchor: (160, 112) }
scene 1 -> 3 at frame 3562 position (1088, 1232)
target scene=3 area=(160, 112) event=49 script=6226 mode=5 state=1 player=(1248, 1344) pos=(1280, 1472) path=54
learned exit AreaKey { scene: 3, anchor: (160, 112) } event=53 -> AreaKey { scene: 1, anchor: (400, 344) }
scene 3 -> 1 at frame 3564 position (304, 264)
target scene=1 area=(400, 344) event=18 script=4643 mode=5 state=1 player=(464, 376) pos=(416, 400) path=2
learned targeted exit AreaKey { scene: 1, anchor: (400, 344) } event=18 -> AreaKey { scene: 3, anchor: (160, 112) }
learned exit AreaKey { scene: 1, anchor: (400, 344) } event=18 -> AreaKey { scene: 3, anchor: (160, 112) }
scene 1 -> 3 at frame 3566 position (1088, 1232)
target scene=3 area=(160, 112) event=49 script=6226 mode=5 state=1 player=(1248, 1344) pos=(1280, 1472) path=54
learned exit AreaKey { scene: 3, anchor: (160, 112) } event=53 -> AreaKey { scene: 1, anchor: (400, 344) }
scene 3 -> 1 at frame 3568 position (304, 264)
target scene=1 area=(400, 344) event=18 script=4643 mode=5 state=1 player=(464, 376) pos=(416, 400) path=2
learned targeted exit AreaKey { scene: 1, anchor: (400, 344) } event=18 -> AreaKey { scene: 3, anchor: (160, 112) }
learned exit AreaKey { scene: 1, anchor: (400, 344) } event=18 -> AreaKey { scene: 3, anchor: (160, 112) }
scene 1 -> 3 at frame 3570 position (1088, 1232)
target scene=3 area=(160, 112) event=49 script=6226 mode=5 state=1 player=(1248, 1344) pos=(1280, 1472) path=54
learned exit AreaKey { scene: 3, anchor: (160, 112) } event=53 -> AreaKey { scene: 1, anchor: (400, 344) }
scene 3 -> 1 at frame 3572 position (304, 264)
target scene=1 area=(400, 344) event=18 script=4643 mode=5 state=1 player=(464, 376) pos=(416, 400) path=2
learned targeted exit AreaKey { scene: 1, anchor: (400, 344) } event=18 -> AreaKey { scene: 3, anchor: (160, 112) }
learned exit AreaKey { scene: 1, anchor: (400, 344) } event=18 -> AreaKey { scene: 3, anchor: (160, 112) }
scene 1 -> 3 at frame 3574 position (1088, 1232)
target scene=3 area=(160, 112) event=49 script=6226 mode=5 state=1 player=(1248, 1344) pos=(1280, 1472) path=54
learned exit AreaKey { scene: 3, anchor: (160, 112) } event=53 -> AreaKey { scene: 1, anchor: (400, 344) }
scene 3 -> 1 at frame 3576 position (304, 264)
target scene=1 area=(400, 344) event=18 script=4643 mode=5 state=1 player=(464, 376) pos=(416, 400) path=2
learned targeted exit AreaKey { scene: 1, anchor: (400, 344) } event=18 -> AreaKey { scene: 3, anchor: (160, 112) }
learned exit AreaKey { scene: 1, anchor: (400, 344) } event=18 -> AreaKey { scene: 3, anchor: (160, 112) }
scene 1 -> 3 at frame 3578 position (1088, 1232)
target scene=3 area=(160, 112) event=49 script=6226 mode=5 state=1 player=(1248, 1344) pos=(1280, 1472) path=54
learned exit AreaKey { scene: 3, anchor: (160, 112) } event=53 -> AreaKey { scene: 1, anchor: (400, 344) }
scene 3 -> 1 at frame 3580 position (304, 264)
target scene=1 area=(400, 344) event=18 script=4643 mode=5 state=1 player=(464, 376) pos=(416, 400) path=2
learned targeted exit AreaKey { scene: 1, anchor: (400, 344) } event=18 -> AreaKey { scene: 3, anchor: (160, 112) }
learned exit AreaKey { scene: 1, anchor: (400, 344) } event=18 -> AreaKey { scene: 3, anchor: (160, 112) }
scene 1 -> 3 at frame 3582 position (1088, 1232)
target scene=3 area=(160, 112) event=49 script=6226 mode=5 state=1 player=(1248, 1344) pos=(1280, 1472) path=54
learned exit AreaKey { scene: 3, anchor: (160, 112) } event=53 -> AreaKey { scene: 1, anchor: (400, 344) }
scene 3 -> 1 at frame 3584 position (304, 264)
target scene=1 area=(400, 344) event=18 script=4643 mode=5 state=1 player=(464, 376) pos=(416, 400) path=2
learned targeted exit AreaKey { scene: 1, anchor: (400, 344) } event=18 -> AreaKey { scene: 3, anchor: (160, 112) }
learned exit AreaKey { scene: 1, anchor: (400, 344) } event=18 -> AreaKey { scene: 3, anchor: (160, 112) }
scene 1 -> 3 at frame 3586 position (1088, 1232)
target scene=3 area=(160, 112) event=49 script=6226 mode=5 state=1 player=(1248, 1344) pos=(1280, 1472) path=54
learned exit AreaKey { scene: 3, anchor: (160, 112) } event=53 -> AreaKey { scene: 1, anchor: (400, 344) }
scene 3 -> 1 at frame 3588 position (304, 264)
target scene=1 area=(400, 344) event=18 script=4643 mode=5 state=1 player=(464, 376) pos=(416, 400) path=2
learned targeted exit AreaKey { scene: 1, anchor: (400, 344) } event=18 -> AreaKey { scene: 3, anchor: (160, 112) }
learned exit AreaKey { scene: 1, anchor: (400, 344) } event=18 -> AreaKey { scene: 3, anchor: (160, 112) }
scene 1 -> 3 at frame 3590 position (1088, 1232)
target scene=3 area=(160, 112) event=49 script=6226 mode=5 state=1 player=(1248, 1344) pos=(1280, 1472) path=54
learned exit AreaKey { scene: 3, anchor: (160, 112) } event=53 -> AreaKey { scene: 1, anchor: (400, 344) }
scene 3 -> 1 at frame 3592 position (304, 264)
target scene=1 area=(400, 344) event=18 script=4643 mode=5 state=1 player=(464, 376) pos=(416, 400) path=2
learned targeted exit AreaKey { scene: 1, anchor: (400, 344) } event=18 -> AreaKey { scene: 3, anchor: (160, 112) }
learned exit AreaKey { scene: 1, anchor: (400, 344) } event=18 -> AreaKey { scene: 3, anchor: (160, 112) }
scene 1 -> 3 at frame 3594 position (1088, 1232)
target scene=3 area=(160, 112) event=49 script=6226 mode=5 state=1 player=(1248, 1344) pos=(1280, 1472) path=54
learned exit AreaKey { scene: 3, anchor: (160, 112) } event=53 -> AreaKey { scene: 1, anchor: (400, 344) }
scene 3 -> 1 at frame 3596 position (304, 264)
target scene=1 area=(400, 344) event=18 script=4643 mode=5 state=1 player=(464, 376) pos=(416, 400) path=2
learned targeted exit AreaKey { scene: 1, anchor: (400, 344) } event=18 -> AreaKey { scene: 3, anchor: (160, 112) }
learned exit AreaKey { scene: 1, anchor: (400, 344) } event=18 -> AreaKey { scene: 3, anchor: (160, 112) }
scene 1 -> 3 at frame 3598 position (1088, 1232)
target scene=3 area=(160, 112) event=49 script=6226 mode=5 state=1 player=(1248, 1344) pos=(1280, 1472) path=54
learned exit AreaKey { scene: 3, anchor: (160, 112) } event=53 -> AreaKey { scene: 1, anchor: (400, 344) }
scene 3 -> 1 at frame 3600 position (304, 264)
target scene=1 area=(400, 344) event=18 script=4643 mode=5 state=1 player=(464, 376) pos=(416, 400) path=2
learned targeted exit AreaKey { scene: 1, anchor: (400, 344) } event=18 -> AreaKey { scene: 3, anchor: (160, 112) }
learned exit AreaKey { scene: 1, anchor: (400, 344) } event=18 -> AreaKey { scene: 3, anchor: (160, 112) }
scene 1 -> 3 at frame 3602 position (1088, 1232)
target scene=3 area=(160, 112) event=49 script=6226 mode=5 state=1 player=(1248, 1344) pos=(1280, 1472) path=54
learned exit AreaKey { scene: 3, anchor: (160, 112) } event=53 -> AreaKey { scene: 1, anchor: (400, 344) }
scene 3 -> 1 at frame 3604 position (304, 264)
target scene=1 area=(400, 344) event=18 script=4643 mode=5 state=1 player=(464, 376) pos=(416, 400) path=2
learned targeted exit AreaKey { scene: 1, anchor: (400, 344) } event=18 -> AreaKey { scene: 3, anchor: (160, 112) }
learned exit AreaKey { scene: 1, anchor: (400, 344) } event=18 -> AreaKey { scene: 3, anchor: (160, 112) }
scene 1 -> 3 at frame 3606 position (1088, 1232)
target scene=3 area=(160, 112) event=49 script=6226 mode=5 state=1 player=(1248, 1344) pos=(1280, 1472) path=54
learned exit AreaKey { scene: 3, anchor: (160, 112) } event=53 -> AreaKey { scene: 1, anchor: (400, 344) }
scene 3 -> 1 at frame 3608 position (304, 264)
target scene=1 area=(400, 344) event=18 script=4643 mode=5 state=1 player=(464, 376) pos=(416, 400) path=2
learned targeted exit AreaKey { scene: 1, anchor: (400, 344) } event=18 -> AreaKey { scene: 3, anchor: (160, 112) }
learned exit AreaKey { scene: 1, anchor: (400, 344) } event=18 -> AreaKey { scene: 3, anchor: (160, 112) }
scene 1 -> 3 at frame 3610 position (1088, 1232)
target scene=3 area=(160, 112) event=49 script=6226 mode=5 state=1 player=(1248, 1344) pos=(1280, 1472) path=54
learned exit AreaKey { scene: 3, anchor: (160, 112) } event=53 -> AreaKey { scene: 1, anchor: (400, 344) }
scene 3 -> 1 at frame 3612 position (304, 264)
target scene=1 area=(400, 344) event=18 script=4643 mode=5 state=1 player=(464, 376) pos=(416, 400) path=2
learned targeted exit AreaKey { scene: 1, anchor: (400, 344) } event=18 -> AreaKey { scene: 3, anchor: (160, 112) }
learned exit AreaKey { scene: 1, anchor: (400, 344) } event=18 -> AreaKey { scene: 3, anchor: (160, 112) }
scene 1 -> 3 at frame 3614 position (1088, 1232)
target scene=3 area=(160, 112) event=49 script=6226 mode=5 state=1 player=(1248, 1344) pos=(1280, 1472) path=54
learned exit AreaKey { scene: 3, anchor: (160, 112) } event=53 -> AreaKey { scene: 1, anchor: (400, 344) }
scene 3 -> 1 at frame 3616 position (304, 264)
target scene=1 area=(400, 344) event=18 script=4643 mode=5 state=1 player=(464, 376) pos=(416, 400) path=2
learned targeted exit AreaKey { scene: 1, anchor: (400, 344) } event=18 -> AreaKey { scene: 3, anchor: (160, 112) }
learned exit AreaKey { scene: 1, anchor: (400, 344) } event=18 -> AreaKey { scene: 3, anchor: (160, 112) }
scene 1 -> 3 at frame 3618 position (1088, 1232)
target scene=3 area=(160, 112) event=49 script=6226 mode=5 state=1 player=(1248, 1344) pos=(1280, 1472) path=54
learned exit AreaKey { scene: 3, anchor: (160, 112) } event=53 -> AreaKey { scene: 1, anchor: (400, 344) }
scene 3 -> 1 at frame 3620 position (304, 264)
target scene=1 area=(400, 344) event=18 script=4643 mode=5 state=1 player=(464, 376) pos=(416, 400) path=2
learned targeted exit AreaKey { scene: 1, anchor: (400, 344) } event=18 -> AreaKey { scene: 3, anchor: (160, 112) }
learned exit AreaKey { scene: 1, anchor: (400, 344) } event=18 -> AreaKey { scene: 3, anchor: (160, 112) }
scene 1 -> 3 at frame 3622 position (1088, 1232)
target scene=3 area=(160, 112) event=49 script=6226 mode=5 state=1 player=(1248, 1344) pos=(1280, 1472) path=54
learned exit AreaKey { scene: 3, anchor: (160, 112) } event=53 -> AreaKey { scene: 1, anchor: (400, 344) }
scene 3 -> 1 at frame 3624 position (304, 264)
target scene=1 area=(400, 344) event=18 script=4643 mode=5 state=1 player=(464, 376) pos=(416, 400) path=2
learned targeted exit AreaKey { scene: 1, anchor: (400, 344) } event=18 -> AreaKey { scene: 3, anchor: (160, 112) }
learned exit AreaKey { scene: 1, anchor: (400, 344) } event=18 -> AreaKey { scene: 3, anchor: (160, 112) }
scene 1 -> 3 at frame 3626 position (1088, 1232)
target scene=3 area=(160, 112) event=49 script=6226 mode=5 state=1 player=(1248, 1344) pos=(1280, 1472) path=54
learned exit AreaKey { scene: 3, anchor: (160, 112) } event=53 -> AreaKey { scene: 1, anchor: (400, 344) }
scene 3 -> 1 at frame 3628 position (304, 264)
target scene=1 area=(400, 344) event=18 script=4643 mode=5 state=1 player=(464, 376) pos=(416, 400) path=2
learned targeted exit AreaKey { scene: 1, anchor: (400, 344) } event=18 -> AreaKey { scene: 3, anchor: (160, 112) }
learned exit AreaKey { scene: 1, anchor: (400, 344) } event=18 -> AreaKey { scene: 3, anchor: (160, 112) }
scene 1 -> 3 at frame 3630 position (1088, 1232)
target scene=3 area=(160, 112) event=49 script=6226 mode=5 state=1 player=(1248, 1344) pos=(1280, 1472) path=54
learned exit AreaKey { scene: 3, anchor: (160, 112) } event=53 -> AreaKey { scene: 1, anchor: (400, 344) }
scene 3 -> 1 at frame 3632 position (304, 264)
target scene=1 area=(400, 344) event=18 script=4643 mode=5 state=1 player=(464, 376) pos=(416, 400) path=2
learned targeted exit AreaKey { scene: 1, anchor: (400, 344) } event=18 -> AreaKey { scene: 3, anchor: (160, 112) }
learned exit AreaKey { scene: 1, anchor: (400, 344) } event=18 -> AreaKey { scene: 3, anchor: (160, 112) }
scene 1 -> 3 at frame 3634 position (1088, 1232)
target scene=3 area=(160, 112) event=49 script=6226 mode=5 state=1 player=(1248, 1344) pos=(1280, 1472) path=54
learned exit AreaKey { scene: 3, anchor: (160, 112) } event=53 -> AreaKey { scene: 1, anchor: (400, 344) }
scene 3 -> 1 at frame 3636 position (304, 264)
target scene=1 area=(400, 344) event=18 script=4643 mode=5 state=1 player=(464, 376) pos=(416, 400) path=2
learned targeted exit AreaKey { scene: 1, anchor: (400, 344) } event=18 -> AreaKey { scene: 3, anchor: (160, 112) }
learned exit AreaKey { scene: 1, anchor: (400, 344) } event=18 -> AreaKey { scene: 3, anchor: (160, 112) }
scene 1 -> 3 at frame 3638 position (1088, 1232)
target scene=3 area=(160, 112) event=49 script=6226 mode=5 state=1 player=(1248, 1344) pos=(1280, 1472) path=54
learned exit AreaKey { scene: 3, anchor: (160, 112) } event=53 -> AreaKey { scene: 1, anchor: (400, 344) }
scene 3 -> 1 at frame 3640 position (304, 264)
target scene=1 area=(400, 344) event=18 script=4643 mode=5 state=1 player=(464, 376) pos=(416, 400) path=2
learned targeted exit AreaKey { scene: 1, anchor: (400, 344) } event=18 -> AreaKey { scene: 3, anchor: (160, 112) }
learned exit AreaKey { scene: 1, anchor: (400, 344) } event=18 -> AreaKey { scene: 3, anchor: (160, 112) }
scene 1 -> 3 at frame 3642 position (1088, 1232)
target scene=3 area=(160, 112) event=49 script=6226 mode=5 state=1 player=(1248, 1344) pos=(1280, 1472) path=54
learned exit AreaKey { scene: 3, anchor: (160, 112) } event=53 -> AreaKey { scene: 1, anchor: (400, 344) }
scene 3 -> 1 at frame 3644 position (304, 264)
target scene=1 area=(400, 344) event=18 script=4643 mode=5 state=1 player=(464, 376) pos=(416, 400) path=2
learned targeted exit AreaKey { scene: 1, anchor: (400, 344) } event=18 -> AreaKey { scene: 3, anchor: (160, 112) }
learned exit AreaKey { scene: 1, anchor: (400, 344) } event=18 -> AreaKey { scene: 3, anchor: (160, 112) }
scene 1 -> 3 at frame 3646 position (1088, 1232)
target scene=3 area=(160, 112) event=49 script=6226 mode=5 state=1 player=(1248, 1344) pos=(1280, 1472) path=54
learned exit AreaKey { scene: 3, anchor: (160, 112) } event=53 -> AreaKey { scene: 1, anchor: (400, 344) }
scene 3 -> 1 at frame 3648 position (304, 264)
target scene=1 area=(400, 344) event=18 script=4643 mode=5 state=1 player=(464, 376) pos=(416, 400) path=2
learned targeted exit AreaKey { scene: 1, anchor: (400, 344) } event=18 -> AreaKey { scene: 3, anchor: (160, 112) }
learned exit AreaKey { scene: 1, anchor: (400, 344) } event=18 -> AreaKey { scene: 3, anchor: (160, 112) }
scene 1 -> 3 at frame 3650 position (1088, 1232)
target scene=3 area=(160, 112) event=49 script=6226 mode=5 state=1 player=(1248, 1344) pos=(1280, 1472) path=54
learned exit AreaKey { scene: 3, anchor: (160, 112) } event=53 -> AreaKey { scene: 1, anchor: (400, 344) }
scene 3 -> 1 at frame 3652 position (304, 264)
target scene=1 area=(400, 344) event=18 script=4643 mode=5 state=1 player=(464, 376) pos=(416, 400) path=2
learned targeted exit AreaKey { scene: 1, anchor: (400, 344) } event=18 -> AreaKey { scene: 3, anchor: (160, 112) }
learned exit AreaKey { scene: 1, anchor: (400, 344) } event=18 -> AreaKey { scene: 3, anchor: (160, 112) }
scene 1 -> 3 at frame 3654 position (1088, 1232)
target scene=3 area=(160, 112) event=49 script=6226 mode=5 state=1 player=(1248, 1344) pos=(1280, 1472) path=54
learned exit AreaKey { scene: 3, anchor: (160, 112) } event=53 -> AreaKey { scene: 1, anchor: (400, 344) }
scene 3 -> 1 at frame 3656 position (304, 264)
target scene=1 area=(400, 344) event=18 script=4643 mode=5 state=1 player=(464, 376) pos=(416, 400) path=2
learned targeted exit AreaKey { scene: 1, anchor: (400, 344) } event=18 -> AreaKey { scene: 3, anchor: (160, 112) }
learned exit AreaKey { scene: 1, anchor: (400, 344) } event=18 -> AreaKey { scene: 3, anchor: (160, 112) }
scene 1 -> 3 at frame 3658 position (1088, 1232)
target scene=3 area=(160, 112) event=49 script=6226 mode=5 state=1 player=(1248, 1344) pos=(1280, 1472) path=54
learned exit AreaKey { scene: 3, anchor: (160, 112) } event=53 -> AreaKey { scene: 1, anchor: (400, 344) }
scene 3 -> 1 at frame 3660 position (304, 264)
target scene=1 area=(400, 344) event=18 script=4643 mode=5 state=1 player=(464, 376) pos=(416, 400) path=2
learned targeted exit AreaKey { scene: 1, anchor: (400, 344) } event=18 -> AreaKey { scene: 3, anchor: (160, 112) }
learned exit AreaKey { scene: 1, anchor: (400, 344) } event=18 -> AreaKey { scene: 3, anchor: (160, 112) }
scene 1 -> 3 at frame 3662 position (1088, 1232)
target scene=3 area=(160, 112) event=49 script=6226 mode=5 state=1 player=(1248, 1344) pos=(1280, 1472) path=54
learned exit AreaKey { scene: 3, anchor: (160, 112) } event=53 -> AreaKey { scene: 1, anchor: (400, 344) }
scene 3 -> 1 at frame 3664 position (304, 264)
target scene=1 area=(400, 344) event=18 script=4643 mode=5 state=1 player=(464, 376) pos=(416, 400) path=2
learned targeted exit AreaKey { scene: 1, anchor: (400, 344) } event=18 -> AreaKey { scene: 3, anchor: (160, 112) }
learned exit AreaKey { scene: 1, anchor: (400, 344) } event=18 -> AreaKey { scene: 3, anchor: (160, 112) }
scene 1 -> 3 at frame 3666 position (1088, 1232)
target scene=3 area=(160, 112) event=49 script=6226 mode=5 state=1 player=(1248, 1344) pos=(1280, 1472) path=54
learned exit AreaKey { scene: 3, anchor: (160, 112) } event=53 -> AreaKey { scene: 1, anchor: (400, 344) }
scene 3 -> 1 at frame 3668 position (304, 264)
target scene=1 area=(400, 344) event=18 script=4643 mode=5 state=1 player=(464, 376) pos=(416, 400) path=2
learned targeted exit AreaKey { scene: 1, anchor: (400, 344) } event=18 -> AreaKey { scene: 3, anchor: (160, 112) }
learned exit AreaKey { scene: 1, anchor: (400, 344) } event=18 -> AreaKey { scene: 3, anchor: (160, 112) }
scene 1 -> 3 at frame 3670 position (1088, 1232)
target scene=3 area=(160, 112) event=49 script=6226 mode=5 state=1 player=(1248, 1344) pos=(1280, 1472) path=54
learned exit AreaKey { scene: 3, anchor: (160, 112) } event=53 -> AreaKey { scene: 1, anchor: (400, 344) }
scene 3 -> 1 at frame 3672 position (304, 264)
target scene=1 area=(400, 344) event=18 script=4643 mode=5 state=1 player=(464, 376) pos=(416, 400) path=2
learned targeted exit AreaKey { scene: 1, anchor: (400, 344) } event=18 -> AreaKey { scene: 3, anchor: (160, 112) }
learned exit AreaKey { scene: 1, anchor: (400, 344) } event=18 -> AreaKey { scene: 3, anchor: (160, 112) }
scene 1 -> 3 at frame 3674 position (1088, 1232)
target scene=3 area=(160, 112) event=49 script=6226 mode=5 state=1 player=(1248, 1344) pos=(1280, 1472) path=54
learned exit AreaKey { scene: 3, anchor: (160, 112) } event=53 -> AreaKey { scene: 1, anchor: (400, 344) }
scene 3 -> 1 at frame 3676 position (304, 264)
target scene=1 area=(400, 344) event=18 script=4643 mode=5 state=1 player=(464, 376) pos=(416, 400) path=2
learned targeted exit AreaKey { scene: 1, anchor: (400, 344) } event=18 -> AreaKey { scene: 3, anchor: (160, 112) }
learned exit AreaKey { scene: 1, anchor: (400, 344) } event=18 -> AreaKey { scene: 3, anchor: (160, 112) }
scene 1 -> 3 at frame 3678 position (1088, 1232)
target scene=3 area=(160, 112) event=49 script=6226 mode=5 state=1 player=(1248, 1344) pos=(1280, 1472) path=54
learned exit AreaKey { scene: 3, anchor: (160, 112) } event=53 -> AreaKey { scene: 1, anchor: (400, 344) }
scene 3 -> 1 at frame 3680 position (304, 264)
target scene=1 area=(400, 344) event=18 script=4643 mode=5 state=1 player=(464, 376) pos=(416, 400) path=2
learned targeted exit AreaKey { scene: 1, anchor: (400, 344) } event=18 -> AreaKey { scene: 3, anchor: (160, 112) }
learned exit AreaKey { scene: 1, anchor: (400, 344) } event=18 -> AreaKey { scene: 3, anchor: (160, 112) }
scene 1 -> 3 at frame 3682 position (1088, 1232)
target scene=3 area=(160, 112) event=49 script=6226 mode=5 state=1 player=(1248, 1344) pos=(1280, 1472) path=54
learned exit AreaKey { scene: 3, anchor: (160, 112) } event=53 -> AreaKey { scene: 1, anchor: (400, 344) }
scene 3 -> 1 at frame 3684 position (304, 264)
target scene=1 area=(400, 344) event=18 script=4643 mode=5 state=1 player=(464, 376) pos=(416, 400) path=2
learned targeted exit AreaKey { scene: 1, anchor: (400, 344) } event=18 -> AreaKey { scene: 3, anchor: (160, 112) }
learned exit AreaKey { scene: 1, anchor: (400, 344) } event=18 -> AreaKey { scene: 3, anchor: (160, 112) }
scene 1 -> 3 at frame 3686 position (1088, 1232)
target scene=3 area=(160, 112) event=49 script=6226 mode=5 state=1 player=(1248, 1344) pos=(1280, 1472) path=54
learned exit AreaKey { scene: 3, anchor: (160, 112) } event=53 -> AreaKey { scene: 1, anchor: (400, 344) }
scene 3 -> 1 at frame 3688 position (304, 264)
target scene=1 area=(400, 344) event=18 script=4643 mode=5 state=1 player=(464, 376) pos=(416, 400) path=2
learned targeted exit AreaKey { scene: 1, anchor: (400, 344) } event=18 -> AreaKey { scene: 3, anchor: (160, 112) }
learned exit AreaKey { scene: 1, anchor: (400, 344) } event=18 -> AreaKey { scene: 3, anchor: (160, 112) }
scene 1 -> 3 at frame 3690 position (1088, 1232)
target scene=3 area=(160, 112) event=49 script=6226 mode=5 state=1 player=(1248, 1344) pos=(1280, 1472) path=54
learned exit AreaKey { scene: 3, anchor: (160, 112) } event=53 -> AreaKey { scene: 1, anchor: (400, 344) }
scene 3 -> 1 at frame 3692 position (304, 264)
target scene=1 area=(400, 344) event=18 script=4643 mode=5 state=1 player=(464, 376) pos=(416, 400) path=2
learned targeted exit AreaKey { scene: 1, anchor: (400, 344) } event=18 -> AreaKey { scene: 3, anchor: (160, 112) }
learned exit AreaKey { scene: 1, anchor: (400, 344) } event=18 -> AreaKey { scene: 3, anchor: (160, 112) }
scene 1 -> 3 at frame 3694 position (1088, 1232)
target scene=3 area=(160, 112) event=49 script=6226 mode=5 state=1 player=(1248, 1344) pos=(1280, 1472) path=54
learned exit AreaKey { scene: 3, anchor: (160, 112) } event=53 -> AreaKey { scene: 1, anchor: (400, 344) }
scene 3 -> 1 at frame 3696 position (304, 264)
target scene=1 area=(400, 344) event=18 script=4643 mode=5 state=1 player=(464, 376) pos=(416, 400) path=2
learned targeted exit AreaKey { scene: 1, anchor: (400, 344) } event=18 -> AreaKey { scene: 3, anchor: (160, 112) }
learned exit AreaKey { scene: 1, anchor: (400, 344) } event=18 -> AreaKey { scene: 3, anchor: (160, 112) }
scene 1 -> 3 at frame 3698 position (1088, 1232)
target scene=3 area=(160, 112) event=49 script=6226 mode=5 state=1 player=(1248, 1344) pos=(1280, 1472) path=54
learned exit AreaKey { scene: 3, anchor: (160, 112) } event=53 -> AreaKey { scene: 1, anchor: (400, 344) }
scene 3 -> 1 at frame 3700 position (304, 264)
target scene=1 area=(400, 344) event=18 script=4643 mode=5 state=1 player=(464, 376) pos=(416, 400) path=2
learned targeted exit AreaKey { scene: 1, anchor: (400, 344) } event=18 -> AreaKey { scene: 3, anchor: (160, 112) }
learned exit AreaKey { scene: 1, anchor: (400, 344) } event=18 -> AreaKey { scene: 3, anchor: (160, 112) }
scene 1 -> 3 at frame 3702 position (1088, 1232)
target scene=3 area=(160, 112) event=49 script=6226 mode=5 state=1 player=(1248, 1344) pos=(1280, 1472) path=54
learned exit AreaKey { scene: 3, anchor: (160, 112) } event=53 -> AreaKey { scene: 1, anchor: (400, 344) }
scene 3 -> 1 at frame 3704 position (304, 264)
target scene=1 area=(400, 344) event=18 script=4643 mode=5 state=1 player=(464, 376) pos=(416, 400) path=2
learned targeted exit AreaKey { scene: 1, anchor: (400, 344) } event=18 -> AreaKey { scene: 3, anchor: (160, 112) }
learned exit AreaKey { scene: 1, anchor: (400, 344) } event=18 -> AreaKey { scene: 3, anchor: (160, 112) }
scene 1 -> 3 at frame 3706 position (1088, 1232)
target scene=3 area=(160, 112) event=49 script=6226 mode=5 state=1 player=(1248, 1344) pos=(1280, 1472) path=54
learned exit AreaKey { scene: 3, anchor: (160, 112) } event=53 -> AreaKey { scene: 1, anchor: (400, 344) }
scene 3 -> 1 at frame 3708 position (304, 264)
target scene=1 area=(400, 344) event=18 script=4643 mode=5 state=1 player=(464, 376) pos=(416, 400) path=2
learned targeted exit AreaKey { scene: 1, anchor: (400, 344) } event=18 -> AreaKey { scene: 3, anchor: (160, 112) }
learned exit AreaKey { scene: 1, anchor: (400, 344) } event=18 -> AreaKey { scene: 3, anchor: (160, 112) }
scene 1 -> 3 at frame 3710 position (1088, 1232)
target scene=3 area=(160, 112) event=49 script=6226 mode=5 state=1 player=(1248, 1344) pos=(1280, 1472) path=54
learned exit AreaKey { scene: 3, anchor: (160, 112) } event=53 -> AreaKey { scene: 1, anchor: (400, 344) }
scene 3 -> 1 at frame 3712 position (304, 264)
target scene=1 area=(400, 344) event=18 script=4643 mode=5 state=1 player=(464, 376) pos=(416, 400) path=2
learned targeted exit AreaKey { scene: 1, anchor: (400, 344) } event=18 -> AreaKey { scene: 3, anchor: (160, 112) }
learned exit AreaKey { scene: 1, anchor: (400, 344) } event=18 -> AreaKey { scene: 3, anchor: (160, 112) }
scene 1 -> 3 at frame 3714 position (1088, 1232)
target scene=3 area=(160, 112) event=49 script=6226 mode=5 state=1 player=(1248, 1344) pos=(1280, 1472) path=54
learned exit AreaKey { scene: 3, anchor: (160, 112) } event=53 -> AreaKey { scene: 1, anchor: (400, 344) }
scene 3 -> 1 at frame 3716 position (304, 264)
target scene=1 area=(400, 344) event=18 script=4643 mode=5 state=1 player=(464, 376) pos=(416, 400) path=2
learned targeted exit AreaKey { scene: 1, anchor: (400, 344) } event=18 -> AreaKey { scene: 3, anchor: (160, 112) }
learned exit AreaKey { scene: 1, anchor: (400, 344) } event=18 -> AreaKey { scene: 3, anchor: (160, 112) }
scene 1 -> 3 at frame 3718 position (1088, 1232)
target scene=3 area=(160, 112) event=49 script=6226 mode=5 state=1 player=(1248, 1344) pos=(1280, 1472) path=54
learned exit AreaKey { scene: 3, anchor: (160, 112) } event=53 -> AreaKey { scene: 1, anchor: (400, 344) }
scene 3 -> 1 at frame 3720 position (304, 264)
target scene=1 area=(400, 344) event=18 script=4643 mode=5 state=1 player=(464, 376) pos=(416, 400) path=2
learned targeted exit AreaKey { scene: 1, anchor: (400, 344) } event=18 -> AreaKey { scene: 3, anchor: (160, 112) }
learned exit AreaKey { scene: 1, anchor: (400, 344) } event=18 -> AreaKey { scene: 3, anchor: (160, 112) }
scene 1 -> 3 at frame 3722 position (1088, 1232)
target scene=3 area=(160, 112) event=49 script=6226 mode=5 state=1 player=(1248, 1344) pos=(1280, 1472) path=54
learned exit AreaKey { scene: 3, anchor: (160, 112) } event=53 -> AreaKey { scene: 1, anchor: (400, 344) }
scene 3 -> 1 at frame 3724 position (304, 264)
target scene=1 area=(400, 344) event=18 script=4643 mode=5 state=1 player=(464, 376) pos=(416, 400) path=2
learned targeted exit AreaKey { scene: 1, anchor: (400, 344) } event=18 -> AreaKey { scene: 3, anchor: (160, 112) }
learned exit AreaKey { scene: 1, anchor: (400, 344) } event=18 -> AreaKey { scene: 3, anchor: (160, 112) }
scene 1 -> 3 at frame 3726 position (1088, 1232)
target scene=3 area=(160, 112) event=49 script=6226 mode=5 state=1 player=(1248, 1344) pos=(1280, 1472) path=54
learned exit AreaKey { scene: 3, anchor: (160, 112) } event=53 -> AreaKey { scene: 1, anchor: (400, 344) }
scene 3 -> 1 at frame 3728 position (304, 264)
target scene=1 area=(400, 344) event=18 script=4643 mode=5 state=1 player=(464, 376) pos=(416, 400) path=2
learned targeted exit AreaKey { scene: 1, anchor: (400, 344) } event=18 -> AreaKey { scene: 3, anchor: (160, 112) }
learned exit AreaKey { scene: 1, anchor: (400, 344) } event=18 -> AreaKey { scene: 3, anchor: (160, 112) }
scene 1 -> 3 at frame 3730 position (1088, 1232)
target scene=3 area=(160, 112) event=49 script=6226 mode=5 state=1 player=(1248, 1344) pos=(1280, 1472) path=54
learned exit AreaKey { scene: 3, anchor: (160, 112) } event=53 -> AreaKey { scene: 1, anchor: (400, 344) }
scene 3 -> 1 at frame 3732 position (304, 264)
target scene=1 area=(400, 344) event=18 script=4643 mode=5 state=1 player=(464, 376) pos=(416, 400) path=2
learned targeted exit AreaKey { scene: 1, anchor: (400, 344) } event=18 -> AreaKey { scene: 3, anchor: (160, 112) }
learned exit AreaKey { scene: 1, anchor: (400, 344) } event=18 -> AreaKey { scene: 3, anchor: (160, 112) }
scene 1 -> 3 at frame 3734 position (1088, 1232)
target scene=3 area=(160, 112) event=49 script=6226 mode=5 state=1 player=(1248, 1344) pos=(1280, 1472) path=54
learned exit AreaKey { scene: 3, anchor: (160, 112) } event=53 -> AreaKey { scene: 1, anchor: (400, 344) }
scene 3 -> 1 at frame 3736 position (304, 264)
target scene=1 area=(400, 344) event=18 script=4643 mode=5 state=1 player=(464, 376) pos=(416, 400) path=2
learned targeted exit AreaKey { scene: 1, anchor: (400, 344) } event=18 -> AreaKey { scene: 3, anchor: (160, 112) }
learned exit AreaKey { scene: 1, anchor: (400, 344) } event=18 -> AreaKey { scene: 3, anchor: (160, 112) }
scene 1 -> 3 at frame 3738 position (1088, 1232)
target scene=3 area=(160, 112) event=49 script=6226 mode=5 state=1 player=(1248, 1344) pos=(1280, 1472) path=54
learned exit AreaKey { scene: 3, anchor: (160, 112) } event=53 -> AreaKey { scene: 1, anchor: (400, 344) }
scene 3 -> 1 at frame 3740 position (304, 264)
target scene=1 area=(400, 344) event=18 script=4643 mode=5 state=1 player=(464, 376) pos=(416, 400) path=2
learned targeted exit AreaKey { scene: 1, anchor: (400, 344) } event=18 -> AreaKey { scene: 3, anchor: (160, 112) }
learned exit AreaKey { scene: 1, anchor: (400, 344) } event=18 -> AreaKey { scene: 3, anchor: (160, 112) }
scene 1 -> 3 at frame 3742 position (1088, 1232)
target scene=3 area=(160, 112) event=49 script=6226 mode=5 state=1 player=(1248, 1344) pos=(1280, 1472) path=54
learned exit AreaKey { scene: 3, anchor: (160, 112) } event=53 -> AreaKey { scene: 1, anchor: (400, 344) }
scene 3 -> 1 at frame 3744 position (304, 264)
target scene=1 area=(400, 344) event=18 script=4643 mode=5 state=1 player=(464, 376) pos=(416, 400) path=2
learned targeted exit AreaKey { scene: 1, anchor: (400, 344) } event=18 -> AreaKey { scene: 3, anchor: (160, 112) }
learned exit AreaKey { scene: 1, anchor: (400, 344) } event=18 -> AreaKey { scene: 3, anchor: (160, 112) }
scene 1 -> 3 at frame 3746 position (1088, 1232)
target scene=3 area=(160, 112) event=49 script=6226 mode=5 state=1 player=(1248, 1344) pos=(1280, 1472) path=54
learned exit AreaKey { scene: 3, anchor: (160, 112) } event=53 -> AreaKey { scene: 1, anchor: (400, 344) }
scene 3 -> 1 at frame 3748 position (304, 264)
target scene=1 area=(400, 344) event=18 script=4643 mode=5 state=1 player=(464, 376) pos=(416, 400) path=2
learned targeted exit AreaKey { scene: 1, anchor: (400, 344) } event=18 -> AreaKey { scene: 3, anchor: (160, 112) }
learned exit AreaKey { scene: 1, anchor: (400, 344) } event=18 -> AreaKey { scene: 3, anchor: (160, 112) }
scene 1 -> 3 at frame 3750 position (1088, 1232)
target scene=3 area=(160, 112) event=49 script=6226 mode=5 state=1 player=(1248, 1344) pos=(1280, 1472) path=54
learned exit AreaKey { scene: 3, anchor: (160, 112) } event=53 -> AreaKey { scene: 1, anchor: (400, 344) }
scene 3 -> 1 at frame 3752 position (304, 264)
target scene=1 area=(400, 344) event=18 script=4643 mode=5 state=1 player=(464, 376) pos=(416, 400) path=2
learned targeted exit AreaKey { scene: 1, anchor: (400, 344) } event=18 -> AreaKey { scene: 3, anchor: (160, 112) }
learned exit AreaKey { scene: 1, anchor: (400, 344) } event=18 -> AreaKey { scene: 3, anchor: (160, 112) }
scene 1 -> 3 at frame 3754 position (1088, 1232)
target scene=3 area=(160, 112) event=49 script=6226 mode=5 state=1 player=(1248, 1344) pos=(1280, 1472) path=54
learned exit AreaKey { scene: 3, anchor: (160, 112) } event=53 -> AreaKey { scene: 1, anchor: (400, 344) }
scene 3 -> 1 at frame 3756 position (304, 264)
target scene=1 area=(400, 344) event=18 script=4643 mode=5 state=1 player=(464, 376) pos=(416, 400) path=2
learned targeted exit AreaKey { scene: 1, anchor: (400, 344) } event=18 -> AreaKey { scene: 3, anchor: (160, 112) }
learned exit AreaKey { scene: 1, anchor: (400, 344) } event=18 -> AreaKey { scene: 3, anchor: (160, 112) }
scene 1 -> 3 at frame 3758 position (1088, 1232)
target scene=3 area=(160, 112) event=49 script=6226 mode=5 state=1 player=(1248, 1344) pos=(1280, 1472) path=54
learned exit AreaKey { scene: 3, anchor: (160, 112) } event=53 -> AreaKey { scene: 1, anchor: (400, 344) }
scene 3 -> 1 at frame 3760 position (304, 264)
target scene=1 area=(400, 344) event=18 script=4643 mode=5 state=1 player=(464, 376) pos=(416, 400) path=2
learned targeted exit AreaKey { scene: 1, anchor: (400, 344) } event=18 -> AreaKey { scene: 3, anchor: (160, 112) }
learned exit AreaKey { scene: 1, anchor: (400, 344) } event=18 -> AreaKey { scene: 3, anchor: (160, 112) }
scene 1 -> 3 at frame 3762 position (1088, 1232)
target scene=3 area=(160, 112) event=49 script=6226 mode=5 state=1 player=(1248, 1344) pos=(1280, 1472) path=54
learned exit AreaKey { scene: 3, anchor: (160, 112) } event=53 -> AreaKey { scene: 1, anchor: (400, 344) }
scene 3 -> 1 at frame 3764 position (304, 264)
target scene=1 area=(400, 344) event=18 script=4643 mode=5 state=1 player=(464, 376) pos=(416, 400) path=2
learned targeted exit AreaKey { scene: 1, anchor: (400, 344) } event=18 -> AreaKey { scene: 3, anchor: (160, 112) }
learned exit AreaKey { scene: 1, anchor: (400, 344) } event=18 -> AreaKey { scene: 3, anchor: (160, 112) }
scene 1 -> 3 at frame 3766 position (1088, 1232)
target scene=3 area=(160, 112) event=49 script=6226 mode=5 state=1 player=(1248, 1344) pos=(1280, 1472) path=54
learned exit AreaKey { scene: 3, anchor: (160, 112) } event=53 -> AreaKey { scene: 1, anchor: (400, 344) }
scene 3 -> 1 at frame 3768 position (304, 264)
target scene=1 area=(400, 344) event=18 script=4643 mode=5 state=1 player=(464, 376) pos=(416, 400) path=2
learned targeted exit AreaKey { scene: 1, anchor: (400, 344) } event=18 -> AreaKey { scene: 3, anchor: (160, 112) }
learned exit AreaKey { scene: 1, anchor: (400, 344) } event=18 -> AreaKey { scene: 3, anchor: (160, 112) }
scene 1 -> 3 at frame 3770 position (1088, 1232)
target scene=3 area=(160, 112) event=49 script=6226 mode=5 state=1 player=(1248, 1344) pos=(1280, 1472) path=54
learned exit AreaKey { scene: 3, anchor: (160, 112) } event=53 -> AreaKey { scene: 1, anchor: (400, 344) }
scene 3 -> 1 at frame 3772 position (304, 264)
target scene=1 area=(400, 344) event=18 script=4643 mode=5 state=1 player=(464, 376) pos=(416, 400) path=2
learned targeted exit AreaKey { scene: 1, anchor: (400, 344) } event=18 -> AreaKey { scene: 3, anchor: (160, 112) }
learned exit AreaKey { scene: 1, anchor: (400, 344) } event=18 -> AreaKey { scene: 3, anchor: (160, 112) }
scene 1 -> 3 at frame 3774 position (1088, 1232)
target scene=3 area=(160, 112) event=49 script=6226 mode=5 state=1 player=(1248, 1344) pos=(1280, 1472) path=54
learned exit AreaKey { scene: 3, anchor: (160, 112) } event=53 -> AreaKey { scene: 1, anchor: (400, 344) }
scene 3 -> 1 at frame 3776 position (304, 264)
target scene=1 area=(400, 344) event=18 script=4643 mode=5 state=1 player=(464, 376) pos=(416, 400) path=2
learned targeted exit AreaKey { scene: 1, anchor: (400, 344) } event=18 -> AreaKey { scene: 3, anchor: (160, 112) }
learned exit AreaKey { scene: 1, anchor: (400, 344) } event=18 -> AreaKey { scene: 3, anchor: (160, 112) }
scene 1 -> 3 at frame 3778 position (1088, 1232)
target scene=3 area=(160, 112) event=49 script=6226 mode=5 state=1 player=(1248, 1344) pos=(1280, 1472) path=54
learned exit AreaKey { scene: 3, anchor: (160, 112) } event=53 -> AreaKey { scene: 1, anchor: (400, 344) }
scene 3 -> 1 at frame 3780 position (304, 264)
target scene=1 area=(400, 344) event=18 script=4643 mode=5 state=1 player=(464, 376) pos=(416, 400) path=2
learned targeted exit AreaKey { scene: 1, anchor: (400, 344) } event=18 -> AreaKey { scene: 3, anchor: (160, 112) }
learned exit AreaKey { scene: 1, anchor: (400, 344) } event=18 -> AreaKey { scene: 3, anchor: (160, 112) }
scene 1 -> 3 at frame 3782 position (1088, 1232)
target scene=3 area=(160, 112) event=49 script=6226 mode=5 state=1 player=(1248, 1344) pos=(1280, 1472) path=54
learned exit AreaKey { scene: 3, anchor: (160, 112) } event=53 -> AreaKey { scene: 1, anchor: (400, 344) }
scene 3 -> 1 at frame 3784 position (304, 264)
target scene=1 area=(400, 344) event=18 script=4643 mode=5 state=1 player=(464, 376) pos=(416, 400) path=2
learned targeted exit AreaKey { scene: 1, anchor: (400, 344) } event=18 -> AreaKey { scene: 3, anchor: (160, 112) }
learned exit AreaKey { scene: 1, anchor: (400, 344) } event=18 -> AreaKey { scene: 3, anchor: (160, 112) }
scene 1 -> 3 at frame 3786 position (1088, 1232)
target scene=3 area=(160, 112) event=49 script=6226 mode=5 state=1 player=(1248, 1344) pos=(1280, 1472) path=54
learned exit AreaKey { scene: 3, anchor: (160, 112) } event=53 -> AreaKey { scene: 1, anchor: (400, 344) }
scene 3 -> 1 at frame 3788 position (304, 264)
target scene=1 area=(400, 344) event=18 script=4643 mode=5 state=1 player=(464, 376) pos=(416, 400) path=2
learned targeted exit AreaKey { scene: 1, anchor: (400, 344) } event=18 -> AreaKey { scene: 3, anchor: (160, 112) }
learned exit AreaKey { scene: 1, anchor: (400, 344) } event=18 -> AreaKey { scene: 3, anchor: (160, 112) }
scene 1 -> 3 at frame 3790 position (1088, 1232)
target scene=3 area=(160, 112) event=49 script=6226 mode=5 state=1 player=(1248, 1344) pos=(1280, 1472) path=54
learned exit AreaKey { scene: 3, anchor: (160, 112) } event=53 -> AreaKey { scene: 1, anchor: (400, 344) }
scene 3 -> 1 at frame 3792 position (304, 264)
target scene=1 area=(400, 344) event=18 script=4643 mode=5 state=1 player=(464, 376) pos=(416, 400) path=2
learned targeted exit AreaKey { scene: 1, anchor: (400, 344) } event=18 -> AreaKey { scene: 3, anchor: (160, 112) }
learned exit AreaKey { scene: 1, anchor: (400, 344) } event=18 -> AreaKey { scene: 3, anchor: (160, 112) }
scene 1 -> 3 at frame 3794 position (1088, 1232)
target scene=3 area=(160, 112) event=49 script=6226 mode=5 state=1 player=(1248, 1344) pos=(1280, 1472) path=54
learned exit AreaKey { scene: 3, anchor: (160, 112) } event=53 -> AreaKey { scene: 1, anchor: (400, 344) }
scene 3 -> 1 at frame 3796 position (304, 264)
target scene=1 area=(400, 344) event=18 script=4643 mode=5 state=1 player=(464, 376) pos=(416, 400) path=2
learned targeted exit AreaKey { scene: 1, anchor: (400, 344) } event=18 -> AreaKey { scene: 3, anchor: (160, 112) }
learned exit AreaKey { scene: 1, anchor: (400, 344) } event=18 -> AreaKey { scene: 3, anchor: (160, 112) }
scene 1 -> 3 at frame 3798 position (1088, 1232)
target scene=3 area=(160, 112) event=49 script=6226 mode=5 state=1 player=(1248, 1344) pos=(1280, 1472) path=54
learned exit AreaKey { scene: 3, anchor: (160, 112) } event=53 -> AreaKey { scene: 1, anchor: (400, 344) }
scene 3 -> 1 at frame 3800 position (304, 264)
target scene=1 area=(400, 344) event=18 script=4643 mode=5 state=1 player=(464, 376) pos=(416, 400) path=2
learned targeted exit AreaKey { scene: 1, anchor: (400, 344) } event=18 -> AreaKey { scene: 3, anchor: (160, 112) }
learned exit AreaKey { scene: 1, anchor: (400, 344) } event=18 -> AreaKey { scene: 3, anchor: (160, 112) }
scene 1 -> 3 at frame 3802 position (1088, 1232)
target scene=3 area=(160, 112) event=49 script=6226 mode=5 state=1 player=(1248, 1344) pos=(1280, 1472) path=54
learned exit AreaKey { scene: 3, anchor: (160, 112) } event=53 -> AreaKey { scene: 1, anchor: (400, 344) }
scene 3 -> 1 at frame 3804 position (304, 264)
target scene=1 area=(400, 344) event=18 script=4643 mode=5 state=1 player=(464, 376) pos=(416, 400) path=2
learned targeted exit AreaKey { scene: 1, anchor: (400, 344) } event=18 -> AreaKey { scene: 3, anchor: (160, 112) }
learned exit AreaKey { scene: 1, anchor: (400, 344) } event=18 -> AreaKey { scene: 3, anchor: (160, 112) }
scene 1 -> 3 at frame 3806 position (1088, 1232)
target scene=3 area=(160, 112) event=49 script=6226 mode=5 state=1 player=(1248, 1344) pos=(1280, 1472) path=54
learned exit AreaKey { scene: 3, anchor: (160, 112) } event=53 -> AreaKey { scene: 1, anchor: (400, 344) }
scene 3 -> 1 at frame 3808 position (304, 264)
target scene=1 area=(400, 344) event=18 script=4643 mode=5 state=1 player=(464, 376) pos=(416, 400) path=2
learned targeted exit AreaKey { scene: 1, anchor: (400, 344) } event=18 -> AreaKey { scene: 3, anchor: (160, 112) }
learned exit AreaKey { scene: 1, anchor: (400, 344) } event=18 -> AreaKey { scene: 3, anchor: (160, 112) }
scene 1 -> 3 at frame 3810 position (1088, 1232)
target scene=3 area=(160, 112) event=49 script=6226 mode=5 state=1 player=(1248, 1344) pos=(1280, 1472) path=54
learned exit AreaKey { scene: 3, anchor: (160, 112) } event=53 -> AreaKey { scene: 1, anchor: (400, 344) }
scene 3 -> 1 at frame 3812 position (304, 264)
target scene=1 area=(400, 344) event=18 script=4643 mode=5 state=1 player=(464, 376) pos=(416, 400) path=2
learned targeted exit AreaKey { scene: 1, anchor: (400, 344) } event=18 -> AreaKey { scene: 3, anchor: (160, 112) }
learned exit AreaKey { scene: 1, anchor: (400, 344) } event=18 -> AreaKey { scene: 3, anchor: (160, 112) }
scene 1 -> 3 at frame 3814 position (1088, 1232)
target scene=3 area=(160, 112) event=49 script=6226 mode=5 state=1 player=(1248, 1344) pos=(1280, 1472) path=54
learned exit AreaKey { scene: 3, anchor: (160, 112) } event=53 -> AreaKey { scene: 1, anchor: (400, 344) }
scene 3 -> 1 at frame 3816 position (304, 264)
target scene=1 area=(400, 344) event=18 script=4643 mode=5 state=1 player=(464, 376) pos=(416, 400) path=2
learned targeted exit AreaKey { scene: 1, anchor: (400, 344) } event=18 -> AreaKey { scene: 3, anchor: (160, 112) }
learned exit AreaKey { scene: 1, anchor: (400, 344) } event=18 -> AreaKey { scene: 3, anchor: (160, 112) }
scene 1 -> 3 at frame 3818 position (1088, 1232)
target scene=3 area=(160, 112) event=49 script=6226 mode=5 state=1 player=(1248, 1344) pos=(1280, 1472) path=54
learned exit AreaKey { scene: 3, anchor: (160, 112) } event=53 -> AreaKey { scene: 1, anchor: (400, 344) }
scene 3 -> 1 at frame 3820 position (304, 264)
target scene=1 area=(400, 344) event=18 script=4643 mode=5 state=1 player=(464, 376) pos=(416, 400) path=2
learned targeted exit AreaKey { scene: 1, anchor: (400, 344) } event=18 -> AreaKey { scene: 3, anchor: (160, 112) }
learned exit AreaKey { scene: 1, anchor: (400, 344) } event=18 -> AreaKey { scene: 3, anchor: (160, 112) }
scene 1 -> 3 at frame 3822 position (1088, 1232)
target scene=3 area=(160, 112) event=49 script=6226 mode=5 state=1 player=(1248, 1344) pos=(1280, 1472) path=54
learned exit AreaKey { scene: 3, anchor: (160, 112) } event=53 -> AreaKey { scene: 1, anchor: (400, 344) }
scene 3 -> 1 at frame 3824 position (304, 264)
target scene=1 area=(400, 344) event=18 script=4643 mode=5 state=1 player=(464, 376) pos=(416, 400) path=2
learned targeted exit AreaKey { scene: 1, anchor: (400, 344) } event=18 -> AreaKey { scene: 3, anchor: (160, 112) }
learned exit AreaKey { scene: 1, anchor: (400, 344) } event=18 -> AreaKey { scene: 3, anchor: (160, 112) }
scene 1 -> 3 at frame 3826 position (1088, 1232)
target scene=3 area=(160, 112) event=49 script=6226 mode=5 state=1 player=(1248, 1344) pos=(1280, 1472) path=54
learned exit AreaKey { scene: 3, anchor: (160, 112) } event=53 -> AreaKey { scene: 1, anchor: (400, 344) }
scene 3 -> 1 at frame 3828 position (304, 264)
target scene=1 area=(400, 344) event=18 script=4643 mode=5 state=1 player=(464, 376) pos=(416, 400) path=2
learned targeted exit AreaKey { scene: 1, anchor: (400, 344) } event=18 -> AreaKey { scene: 3, anchor: (160, 112) }
learned exit AreaKey { scene: 1, anchor: (400, 344) } event=18 -> AreaKey { scene: 3, anchor: (160, 112) }
scene 1 -> 3 at frame 3830 position (1088, 1232)
target scene=3 area=(160, 112) event=49 script=6226 mode=5 state=1 player=(1248, 1344) pos=(1280, 1472) path=54
learned exit AreaKey { scene: 3, anchor: (160, 112) } event=53 -> AreaKey { scene: 1, anchor: (400, 344) }
scene 3 -> 1 at frame 3832 position (304, 264)
target scene=1 area=(400, 344) event=18 script=4643 mode=5 state=1 player=(464, 376) pos=(416, 400) path=2
learned targeted exit AreaKey { scene: 1, anchor: (400, 344) } event=18 -> AreaKey { scene: 3, anchor: (160, 112) }
learned exit AreaKey { scene: 1, anchor: (400, 344) } event=18 -> AreaKey { scene: 3, anchor: (160, 112) }
scene 1 -> 3 at frame 3834 position (1088, 1232)
target scene=3 area=(160, 112) event=49 script=6226 mode=5 state=1 player=(1248, 1344) pos=(1280, 1472) path=54
learned exit AreaKey { scene: 3, anchor: (160, 112) } event=53 -> AreaKey { scene: 1, anchor: (400, 344) }
scene 3 -> 1 at frame 3836 position (304, 264)
target scene=1 area=(400, 344) event=18 script=4643 mode=5 state=1 player=(464, 376) pos=(416, 400) path=2
learned targeted exit AreaKey { scene: 1, anchor: (400, 344) } event=18 -> AreaKey { scene: 3, anchor: (160, 112) }
learned exit AreaKey { scene: 1, anchor: (400, 344) } event=18 -> AreaKey { scene: 3, anchor: (160, 112) }
scene 1 -> 3 at frame 3838 position (1088, 1232)
target scene=3 area=(160, 112) event=49 script=6226 mode=5 state=1 player=(1248, 1344) pos=(1280, 1472) path=54
learned exit AreaKey { scene: 3, anchor: (160, 112) } event=53 -> AreaKey { scene: 1, anchor: (400, 344) }
scene 3 -> 1 at frame 3840 position (304, 264)
target scene=1 area=(400, 344) event=18 script=4643 mode=5 state=1 player=(464, 376) pos=(416, 400) path=2
learned targeted exit AreaKey { scene: 1, anchor: (400, 344) } event=18 -> AreaKey { scene: 3, anchor: (160, 112) }
learned exit AreaKey { scene: 1, anchor: (400, 344) } event=18 -> AreaKey { scene: 3, anchor: (160, 112) }
scene 1 -> 3 at frame 3842 position (1088, 1232)
target scene=3 area=(160, 112) event=49 script=6226 mode=5 state=1 player=(1248, 1344) pos=(1280, 1472) path=54
learned exit AreaKey { scene: 3, anchor: (160, 112) } event=53 -> AreaKey { scene: 1, anchor: (400, 344) }
scene 3 -> 1 at frame 3844 position (304, 264)
target scene=1 area=(400, 344) event=18 script=4643 mode=5 state=1 player=(464, 376) pos=(416, 400) path=2
learned targeted exit AreaKey { scene: 1, anchor: (400, 344) } event=18 -> AreaKey { scene: 3, anchor: (160, 112) }
learned exit AreaKey { scene: 1, anchor: (400, 344) } event=18 -> AreaKey { scene: 3, anchor: (160, 112) }
scene 1 -> 3 at frame 3846 position (1088, 1232)
target scene=3 area=(160, 112) event=49 script=6226 mode=5 state=1 player=(1248, 1344) pos=(1280, 1472) path=54
learned exit AreaKey { scene: 3, anchor: (160, 112) } event=53 -> AreaKey { scene: 1, anchor: (400, 344) }
scene 3 -> 1 at frame 3848 position (304, 264)
target scene=1 area=(400, 344) event=18 script=4643 mode=5 state=1 player=(464, 376) pos=(416, 400) path=2
learned targeted exit AreaKey { scene: 1, anchor: (400, 344) } event=18 -> AreaKey { scene: 3, anchor: (160, 112) }
learned exit AreaKey { scene: 1, anchor: (400, 344) } event=18 -> AreaKey { scene: 3, anchor: (160, 112) }
scene 1 -> 3 at frame 3850 position (1088, 1232)
target scene=3 area=(160, 112) event=49 script=6226 mode=5 state=1 player=(1248, 1344) pos=(1280, 1472) path=54
learned exit AreaKey { scene: 3, anchor: (160, 112) } event=53 -> AreaKey { scene: 1, anchor: (400, 344) }
scene 3 -> 1 at frame 3852 position (304, 264)
target scene=1 area=(400, 344) event=18 script=4643 mode=5 state=1 player=(464, 376) pos=(416, 400) path=2
learned targeted exit AreaKey { scene: 1, anchor: (400, 344) } event=18 -> AreaKey { scene: 3, anchor: (160, 112) }
learned exit AreaKey { scene: 1, anchor: (400, 344) } event=18 -> AreaKey { scene: 3, anchor: (160, 112) }
scene 1 -> 3 at frame 3854 position (1088, 1232)
target scene=3 area=(160, 112) event=49 script=6226 mode=5 state=1 player=(1248, 1344) pos=(1280, 1472) path=54
learned exit AreaKey { scene: 3, anchor: (160, 112) } event=53 -> AreaKey { scene: 1, anchor: (400, 344) }
scene 3 -> 1 at frame 3856 position (304, 264)
target scene=1 area=(400, 344) event=18 script=4643 mode=5 state=1 player=(464, 376) pos=(416, 400) path=2
learned targeted exit AreaKey { scene: 1, anchor: (400, 344) } event=18 -> AreaKey { scene: 3, anchor: (160, 112) }
learned exit AreaKey { scene: 1, anchor: (400, 344) } event=18 -> AreaKey { scene: 3, anchor: (160, 112) }
scene 1 -> 3 at frame 3858 position (1088, 1232)
target scene=3 area=(160, 112) event=49 script=6226 mode=5 state=1 player=(1248, 1344) pos=(1280, 1472) path=54
learned exit AreaKey { scene: 3, anchor: (160, 112) } event=53 -> AreaKey { scene: 1, anchor: (400, 344) }
scene 3 -> 1 at frame 3860 position (304, 264)
target scene=1 area=(400, 344) event=18 script=4643 mode=5 state=1 player=(464, 376) pos=(416, 400) path=2
learned targeted exit AreaKey { scene: 1, anchor: (400, 344) } event=18 -> AreaKey { scene: 3, anchor: (160, 112) }
learned exit AreaKey { scene: 1, anchor: (400, 344) } event=18 -> AreaKey { scene: 3, anchor: (160, 112) }
scene 1 -> 3 at frame 3862 position (1088, 1232)
target scene=3 area=(160, 112) event=49 script=6226 mode=5 state=1 player=(1248, 1344) pos=(1280, 1472) path=54
learned exit AreaKey { scene: 3, anchor: (160, 112) } event=53 -> AreaKey { scene: 1, anchor: (400, 344) }
scene 3 -> 1 at frame 3864 position (304, 264)
target scene=1 area=(400, 344) event=18 script=4643 mode=5 state=1 player=(464, 376) pos=(416, 400) path=2
learned targeted exit AreaKey { scene: 1, anchor: (400, 344) } event=18 -> AreaKey { scene: 3, anchor: (160, 112) }
learned exit AreaKey { scene: 1, anchor: (400, 344) } event=18 -> AreaKey { scene: 3, anchor: (160, 112) }
scene 1 -> 3 at frame 3866 position (1088, 1232)
target scene=3 area=(160, 112) event=49 script=6226 mode=5 state=1 player=(1248, 1344) pos=(1280, 1472) path=54
learned exit AreaKey { scene: 3, anchor: (160, 112) } event=53 -> AreaKey { scene: 1, anchor: (400, 344) }
scene 3 -> 1 at frame 3868 position (304, 264)
target scene=1 area=(400, 344) event=18 script=4643 mode=5 state=1 player=(464, 376) pos=(416, 400) path=2
learned targeted exit AreaKey { scene: 1, anchor: (400, 344) } event=18 -> AreaKey { scene: 3, anchor: (160, 112) }
learned exit AreaKey { scene: 1, anchor: (400, 344) } event=18 -> AreaKey { scene: 3, anchor: (160, 112) }
scene 1 -> 3 at frame 3870 position (1088, 1232)
target scene=3 area=(160, 112) event=49 script=6226 mode=5 state=1 player=(1248, 1344) pos=(1280, 1472) path=54
learned exit AreaKey { scene: 3, anchor: (160, 112) } event=53 -> AreaKey { scene: 1, anchor: (400, 344) }
scene 3 -> 1 at frame 3872 position (304, 264)
target scene=1 area=(400, 344) event=18 script=4643 mode=5 state=1 player=(464, 376) pos=(416, 400) path=2
learned targeted exit AreaKey { scene: 1, anchor: (400, 344) } event=18 -> AreaKey { scene: 3, anchor: (160, 112) }
learned exit AreaKey { scene: 1, anchor: (400, 344) } event=18 -> AreaKey { scene: 3, anchor: (160, 112) }
scene 1 -> 3 at frame 3874 position (1088, 1232)
target scene=3 area=(160, 112) event=49 script=6226 mode=5 state=1 player=(1248, 1344) pos=(1280, 1472) path=54
learned exit AreaKey { scene: 3, anchor: (160, 112) } event=53 -> AreaKey { scene: 1, anchor: (400, 344) }
scene 3 -> 1 at frame 3876 position (304, 264)
target scene=1 area=(400, 344) event=18 script=4643 mode=5 state=1 player=(464, 376) pos=(416, 400) path=2
learned targeted exit AreaKey { scene: 1, anchor: (400, 344) } event=18 -> AreaKey { scene: 3, anchor: (160, 112) }
learned exit AreaKey { scene: 1, anchor: (400, 344) } event=18 -> AreaKey { scene: 3, anchor: (160, 112) }
scene 1 -> 3 at frame 3878 position (1088, 1232)
target scene=3 area=(160, 112) event=49 script=6226 mode=5 state=1 player=(1248, 1344) pos=(1280, 1472) path=54
learned exit AreaKey { scene: 3, anchor: (160, 112) } event=53 -> AreaKey { scene: 1, anchor: (400, 344) }
scene 3 -> 1 at frame 3880 position (304, 264)
target scene=1 area=(400, 344) event=18 script=4643 mode=5 state=1 player=(464, 376) pos=(416, 400) path=2
learned targeted exit AreaKey { scene: 1, anchor: (400, 344) } event=18 -> AreaKey { scene: 3, anchor: (160, 112) }
learned exit AreaKey { scene: 1, anchor: (400, 344) } event=18 -> AreaKey { scene: 3, anchor: (160, 112) }
scene 1 -> 3 at frame 3882 position (1088, 1232)
target scene=3 area=(160, 112) event=49 script=6226 mode=5 state=1 player=(1248, 1344) pos=(1280, 1472) path=54
learned exit AreaKey { scene: 3, anchor: (160, 112) } event=53 -> AreaKey { scene: 1, anchor: (400, 344) }
scene 3 -> 1 at frame 3884 position (304, 264)
target scene=1 area=(400, 344) event=18 script=4643 mode=5 state=1 player=(464, 376) pos=(416, 400) path=2
learned targeted exit AreaKey { scene: 1, anchor: (400, 344) } event=18 -> AreaKey { scene: 3, anchor: (160, 112) }
learned exit AreaKey { scene: 1, anchor: (400, 344) } event=18 -> AreaKey { scene: 3, anchor: (160, 112) }
scene 1 -> 3 at frame 3886 position (1088, 1232)
target scene=3 area=(160, 112) event=49 script=6226 mode=5 state=1 player=(1248, 1344) pos=(1280, 1472) path=54
learned exit AreaKey { scene: 3, anchor: (160, 112) } event=53 -> AreaKey { scene: 1, anchor: (400, 344) }
scene 3 -> 1 at frame 3888 position (304, 264)
target scene=1 area=(400, 344) event=18 script=4643 mode=5 state=1 player=(464, 376) pos=(416, 400) path=2
learned targeted exit AreaKey { scene: 1, anchor: (400, 344) } event=18 -> AreaKey { scene: 3, anchor: (160, 112) }
learned exit AreaKey { scene: 1, anchor: (400, 344) } event=18 -> AreaKey { scene: 3, anchor: (160, 112) }
scene 1 -> 3 at frame 3890 position (1088, 1232)
target scene=3 area=(160, 112) event=49 script=6226 mode=5 state=1 player=(1248, 1344) pos=(1280, 1472) path=54
learned exit AreaKey { scene: 3, anchor: (160, 112) } event=53 -> AreaKey { scene: 1, anchor: (400, 344) }
scene 3 -> 1 at frame 3892 position (304, 264)
target scene=1 area=(400, 344) event=18 script=4643 mode=5 state=1 player=(464, 376) pos=(416, 400) path=2
learned targeted exit AreaKey { scene: 1, anchor: (400, 344) } event=18 -> AreaKey { scene: 3, anchor: (160, 112) }
learned exit AreaKey { scene: 1, anchor: (400, 344) } event=18 -> AreaKey { scene: 3, anchor: (160, 112) }
scene 1 -> 3 at frame 3894 position (1088, 1232)
target scene=3 area=(160, 112) event=49 script=6226 mode=5 state=1 player=(1248, 1344) pos=(1280, 1472) path=54
learned exit AreaKey { scene: 3, anchor: (160, 112) } event=53 -> AreaKey { scene: 1, anchor: (400, 344) }
scene 3 -> 1 at frame 3896 position (304, 264)
target scene=1 area=(400, 344) event=18 script=4643 mode=5 state=1 player=(464, 376) pos=(416, 400) path=2
learned targeted exit AreaKey { scene: 1, anchor: (400, 344) } event=18 -> AreaKey { scene: 3, anchor: (160, 112) }
learned exit AreaKey { scene: 1, anchor: (400, 344) } event=18 -> AreaKey { scene: 3, anchor: (160, 112) }
scene 1 -> 3 at frame 3898 position (1088, 1232)
target scene=3 area=(160, 112) event=49 script=6226 mode=5 state=1 player=(1248, 1344) pos=(1280, 1472) path=54
learned exit AreaKey { scene: 3, anchor: (160, 112) } event=53 -> AreaKey { scene: 1, anchor: (400, 344) }
scene 3 -> 1 at frame 3900 position (304, 264)
target scene=1 area=(400, 344) event=18 script=4643 mode=5 state=1 player=(464, 376) pos=(416, 400) path=2
learned targeted exit AreaKey { scene: 1, anchor: (400, 344) } event=18 -> AreaKey { scene: 3, anchor: (160, 112) }
learned exit AreaKey { scene: 1, anchor: (400, 344) } event=18 -> AreaKey { scene: 3, anchor: (160, 112) }
scene 1 -> 3 at frame 3902 position (1088, 1232)
target scene=3 area=(160, 112) event=49 script=6226 mode=5 state=1 player=(1248, 1344) pos=(1280, 1472) path=54
learned exit AreaKey { scene: 3, anchor: (160, 112) } event=53 -> AreaKey { scene: 1, anchor: (400, 344) }
scene 3 -> 1 at frame 3904 position (304, 264)
target scene=1 area=(400, 344) event=18 script=4643 mode=5 state=1 player=(464, 376) pos=(416, 400) path=2
learned targeted exit AreaKey { scene: 1, anchor: (400, 344) } event=18 -> AreaKey { scene: 3, anchor: (160, 112) }
learned exit AreaKey { scene: 1, anchor: (400, 344) } event=18 -> AreaKey { scene: 3, anchor: (160, 112) }
scene 1 -> 3 at frame 3906 position (1088, 1232)
target scene=3 area=(160, 112) event=49 script=6226 mode=5 state=1 player=(1248, 1344) pos=(1280, 1472) path=54
learned exit AreaKey { scene: 3, anchor: (160, 112) } event=53 -> AreaKey { scene: 1, anchor: (400, 344) }
scene 3 -> 1 at frame 3908 position (304, 264)
target scene=1 area=(400, 344) event=18 script=4643 mode=5 state=1 player=(464, 376) pos=(416, 400) path=2
learned targeted exit AreaKey { scene: 1, anchor: (400, 344) } event=18 -> AreaKey { scene: 3, anchor: (160, 112) }
learned exit AreaKey { scene: 1, anchor: (400, 344) } event=18 -> AreaKey { scene: 3, anchor: (160, 112) }
scene 1 -> 3 at frame 3910 position (1088, 1232)
target scene=3 area=(160, 112) event=49 script=6226 mode=5 state=1 player=(1248, 1344) pos=(1280, 1472) path=54
learned exit AreaKey { scene: 3, anchor: (160, 112) } event=53 -> AreaKey { scene: 1, anchor: (400, 344) }
scene 3 -> 1 at frame 3912 position (304, 264)
target scene=1 area=(400, 344) event=18 script=4643 mode=5 state=1 player=(464, 376) pos=(416, 400) path=2
learned targeted exit AreaKey { scene: 1, anchor: (400, 344) } event=18 -> AreaKey { scene: 3, anchor: (160, 112) }
learned exit AreaKey { scene: 1, anchor: (400, 344) } event=18 -> AreaKey { scene: 3, anchor: (160, 112) }
scene 1 -> 3 at frame 3914 position (1088, 1232)
target scene=3 area=(160, 112) event=49 script=6226 mode=5 state=1 player=(1248, 1344) pos=(1280, 1472) path=54
learned exit AreaKey { scene: 3, anchor: (160, 112) } event=53 -> AreaKey { scene: 1, anchor: (400, 344) }
scene 3 -> 1 at frame 3916 position (304, 264)
target scene=1 area=(400, 344) event=18 script=4643 mode=5 state=1 player=(464, 376) pos=(416, 400) path=2
learned targeted exit AreaKey { scene: 1, anchor: (400, 344) } event=18 -> AreaKey { scene: 3, anchor: (160, 112) }
learned exit AreaKey { scene: 1, anchor: (400, 344) } event=18 -> AreaKey { scene: 3, anchor: (160, 112) }
scene 1 -> 3 at frame 3918 position (1088, 1232)
target scene=3 area=(160, 112) event=49 script=6226 mode=5 state=1 player=(1248, 1344) pos=(1280, 1472) path=54
learned exit AreaKey { scene: 3, anchor: (160, 112) } event=53 -> AreaKey { scene: 1, anchor: (400, 344) }
scene 3 -> 1 at frame 3920 position (304, 264)
target scene=1 area=(400, 344) event=18 script=4643 mode=5 state=1 player=(464, 376) pos=(416, 400) path=2
learned targeted exit AreaKey { scene: 1, anchor: (400, 344) } event=18 -> AreaKey { scene: 3, anchor: (160, 112) }
learned exit AreaKey { scene: 1, anchor: (400, 344) } event=18 -> AreaKey { scene: 3, anchor: (160, 112) }
scene 1 -> 3 at frame 3922 position (1088, 1232)
target scene=3 area=(160, 112) event=49 script=6226 mode=5 state=1 player=(1248, 1344) pos=(1280, 1472) path=54
learned exit AreaKey { scene: 3, anchor: (160, 112) } event=53 -> AreaKey { scene: 1, anchor: (400, 344) }
scene 3 -> 1 at frame 3924 position (304, 264)
target scene=1 area=(400, 344) event=18 script=4643 mode=5 state=1 player=(464, 376) pos=(416, 400) path=2
learned targeted exit AreaKey { scene: 1, anchor: (400, 344) } event=18 -> AreaKey { scene: 3, anchor: (160, 112) }
learned exit AreaKey { scene: 1, anchor: (400, 344) } event=18 -> AreaKey { scene: 3, anchor: (160, 112) }
scene 1 -> 3 at frame 3926 position (1088, 1232)
target scene=3 area=(160, 112) event=49 script=6226 mode=5 state=1 player=(1248, 1344) pos=(1280, 1472) path=54
learned exit AreaKey { scene: 3, anchor: (160, 112) } event=53 -> AreaKey { scene: 1, anchor: (400, 344) }
scene 3 -> 1 at frame 3928 position (304, 264)
target scene=1 area=(400, 344) event=18 script=4643 mode=5 state=1 player=(464, 376) pos=(416, 400) path=2
learned targeted exit AreaKey { scene: 1, anchor: (400, 344) } event=18 -> AreaKey { scene: 3, anchor: (160, 112) }
learned exit AreaKey { scene: 1, anchor: (400, 344) } event=18 -> AreaKey { scene: 3, anchor: (160, 112) }
scene 1 -> 3 at frame 3930 position (1088, 1232)
target scene=3 area=(160, 112) event=49 script=6226 mode=5 state=1 player=(1248, 1344) pos=(1280, 1472) path=54
learned exit AreaKey { scene: 3, anchor: (160, 112) } event=53 -> AreaKey { scene: 1, anchor: (400, 344) }
scene 3 -> 1 at frame 3932 position (304, 264)
target scene=1 area=(400, 344) event=18 script=4643 mode=5 state=1 player=(464, 376) pos=(416, 400) path=2
learned targeted exit AreaKey { scene: 1, anchor: (400, 344) } event=18 -> AreaKey { scene: 3, anchor: (160, 112) }
learned exit AreaKey { scene: 1, anchor: (400, 344) } event=18 -> AreaKey { scene: 3, anchor: (160, 112) }
scene 1 -> 3 at frame 3934 position (1088, 1232)
target scene=3 area=(160, 112) event=49 script=6226 mode=5 state=1 player=(1248, 1344) pos=(1280, 1472) path=54
learned exit AreaKey { scene: 3, anchor: (160, 112) } event=53 -> AreaKey { scene: 1, anchor: (400, 344) }
scene 3 -> 1 at frame 3936 position (304, 264)
target scene=1 area=(400, 344) event=18 script=4643 mode=5 state=1 player=(464, 376) pos=(416, 400) path=2
learned targeted exit AreaKey { scene: 1, anchor: (400, 344) } event=18 -> AreaKey { scene: 3, anchor: (160, 112) }
learned exit AreaKey { scene: 1, anchor: (400, 344) } event=18 -> AreaKey { scene: 3, anchor: (160, 112) }
scene 1 -> 3 at frame 3938 position (1088, 1232)
target scene=3 area=(160, 112) event=49 script=6226 mode=5 state=1 player=(1248, 1344) pos=(1280, 1472) path=54
learned exit AreaKey { scene: 3, anchor: (160, 112) } event=53 -> AreaKey { scene: 1, anchor: (400, 344) }
scene 3 -> 1 at frame 3940 position (304, 264)
target scene=1 area=(400, 344) event=18 script=4643 mode=5 state=1 player=(464, 376) pos=(416, 400) path=2
learned targeted exit AreaKey { scene: 1, anchor: (400, 344) } event=18 -> AreaKey { scene: 3, anchor: (160, 112) }
learned exit AreaKey { scene: 1, anchor: (400, 344) } event=18 -> AreaKey { scene: 3, anchor: (160, 112) }
scene 1 -> 3 at frame 3942 position (1088, 1232)
target scene=3 area=(160, 112) event=49 script=6226 mode=5 state=1 player=(1248, 1344) pos=(1280, 1472) path=54
learned exit AreaKey { scene: 3, anchor: (160, 112) } event=53 -> AreaKey { scene: 1, anchor: (400, 344) }
scene 3 -> 1 at frame 3944 position (304, 264)
target scene=1 area=(400, 344) event=18 script=4643 mode=5 state=1 player=(464, 376) pos=(416, 400) path=2
learned targeted exit AreaKey { scene: 1, anchor: (400, 344) } event=18 -> AreaKey { scene: 3, anchor: (160, 112) }
learned exit AreaKey { scene: 1, anchor: (400, 344) } event=18 -> AreaKey { scene: 3, anchor: (160, 112) }
scene 1 -> 3 at frame 3946 position (1088, 1232)
target scene=3 area=(160, 112) event=49 script=6226 mode=5 state=1 player=(1248, 1344) pos=(1280, 1472) path=54
learned exit AreaKey { scene: 3, anchor: (160, 112) } event=53 -> AreaKey { scene: 1, anchor: (400, 344) }
scene 3 -> 1 at frame 3948 position (304, 264)
target scene=1 area=(400, 344) event=18 script=4643 mode=5 state=1 player=(464, 376) pos=(416, 400) path=2
learned targeted exit AreaKey { scene: 1, anchor: (400, 344) } event=18 -> AreaKey { scene: 3, anchor: (160, 112) }
learned exit AreaKey { scene: 1, anchor: (400, 344) } event=18 -> AreaKey { scene: 3, anchor: (160, 112) }
scene 1 -> 3 at frame 3950 position (1088, 1232)
target scene=3 area=(160, 112) event=49 script=6226 mode=5 state=1 player=(1248, 1344) pos=(1280, 1472) path=54
learned exit AreaKey { scene: 3, anchor: (160, 112) } event=53 -> AreaKey { scene: 1, anchor: (400, 344) }
scene 3 -> 1 at frame 3952 position (304, 264)
target scene=1 area=(400, 344) event=18 script=4643 mode=5 state=1 player=(464, 376) pos=(416, 400) path=2
learned targeted exit AreaKey { scene: 1, anchor: (400, 344) } event=18 -> AreaKey { scene: 3, anchor: (160, 112) }
learned exit AreaKey { scene: 1, anchor: (400, 344) } event=18 -> AreaKey { scene: 3, anchor: (160, 112) }
scene 1 -> 3 at frame 3954 position (1088, 1232)
target scene=3 area=(160, 112) event=49 script=6226 mode=5 state=1 player=(1248, 1344) pos=(1280, 1472) path=54
learned exit AreaKey { scene: 3, anchor: (160, 112) } event=53 -> AreaKey { scene: 1, anchor: (400, 344) }
scene 3 -> 1 at frame 3956 position (304, 264)
target scene=1 area=(400, 344) event=18 script=4643 mode=5 state=1 player=(464, 376) pos=(416, 400) path=2
learned targeted exit AreaKey { scene: 1, anchor: (400, 344) } event=18 -> AreaKey { scene: 3, anchor: (160, 112) }
learned exit AreaKey { scene: 1, anchor: (400, 344) } event=18 -> AreaKey { scene: 3, anchor: (160, 112) }
scene 1 -> 3 at frame 3958 position (1088, 1232)
target scene=3 area=(160, 112) event=49 script=6226 mode=5 state=1 player=(1248, 1344) pos=(1280, 1472) path=54
learned exit AreaKey { scene: 3, anchor: (160, 112) } event=53 -> AreaKey { scene: 1, anchor: (400, 344) }
scene 3 -> 1 at frame 3960 position (304, 264)
target scene=1 area=(400, 344) event=18 script=4643 mode=5 state=1 player=(464, 376) pos=(416, 400) path=2
learned targeted exit AreaKey { scene: 1, anchor: (400, 344) } event=18 -> AreaKey { scene: 3, anchor: (160, 112) }
learned exit AreaKey { scene: 1, anchor: (400, 344) } event=18 -> AreaKey { scene: 3, anchor: (160, 112) }
scene 1 -> 3 at frame 3962 position (1088, 1232)
target scene=3 area=(160, 112) event=49 script=6226 mode=5 state=1 player=(1248, 1344) pos=(1280, 1472) path=54
learned exit AreaKey { scene: 3, anchor: (160, 112) } event=53 -> AreaKey { scene: 1, anchor: (400, 344) }
scene 3 -> 1 at frame 3964 position (304, 264)
target scene=1 area=(400, 344) event=18 script=4643 mode=5 state=1 player=(464, 376) pos=(416, 400) path=2
learned targeted exit AreaKey { scene: 1, anchor: (400, 344) } event=18 -> AreaKey { scene: 3, anchor: (160, 112) }
learned exit AreaKey { scene: 1, anchor: (400, 344) } event=18 -> AreaKey { scene: 3, anchor: (160, 112) }
scene 1 -> 3 at frame 3966 position (1088, 1232)
target scene=3 area=(160, 112) event=49 script=6226 mode=5 state=1 player=(1248, 1344) pos=(1280, 1472) path=54
learned exit AreaKey { scene: 3, anchor: (160, 112) } event=53 -> AreaKey { scene: 1, anchor: (400, 344) }
scene 3 -> 1 at frame 3968 position (304, 264)
target scene=1 area=(400, 344) event=18 script=4643 mode=5 state=1 player=(464, 376) pos=(416, 400) path=2
learned targeted exit AreaKey { scene: 1, anchor: (400, 344) } event=18 -> AreaKey { scene: 3, anchor: (160, 112) }
learned exit AreaKey { scene: 1, anchor: (400, 344) } event=18 -> AreaKey { scene: 3, anchor: (160, 112) }
scene 1 -> 3 at frame 3970 position (1088, 1232)
target scene=3 area=(160, 112) event=49 script=6226 mode=5 state=1 player=(1248, 1344) pos=(1280, 1472) path=54
learned exit AreaKey { scene: 3, anchor: (160, 112) } event=53 -> AreaKey { scene: 1, anchor: (400, 344) }
scene 3 -> 1 at frame 3972 position (304, 264)
target scene=1 area=(400, 344) event=18 script=4643 mode=5 state=1 player=(464, 376) pos=(416, 400) path=2
learned targeted exit AreaKey { scene: 1, anchor: (400, 344) } event=18 -> AreaKey { scene: 3, anchor: (160, 112) }
learned exit AreaKey { scene: 1, anchor: (400, 344) } event=18 -> AreaKey { scene: 3, anchor: (160, 112) }
scene 1 -> 3 at frame 3974 position (1088, 1232)
target scene=3 area=(160, 112) event=49 script=6226 mode=5 state=1 player=(1248, 1344) pos=(1280, 1472) path=54
learned exit AreaKey { scene: 3, anchor: (160, 112) } event=53 -> AreaKey { scene: 1, anchor: (400, 344) }
scene 3 -> 1 at frame 3976 position (304, 264)
target scene=1 area=(400, 344) event=18 script=4643 mode=5 state=1 player=(464, 376) pos=(416, 400) path=2
learned targeted exit AreaKey { scene: 1, anchor: (400, 344) } event=18 -> AreaKey { scene: 3, anchor: (160, 112) }
learned exit AreaKey { scene: 1, anchor: (400, 344) } event=18 -> AreaKey { scene: 3, anchor: (160, 112) }
scene 1 -> 3 at frame 3978 position (1088, 1232)
target scene=3 area=(160, 112) event=49 script=6226 mode=5 state=1 player=(1248, 1344) pos=(1280, 1472) path=54
learned exit AreaKey { scene: 3, anchor: (160, 112) } event=53 -> AreaKey { scene: 1, anchor: (400, 344) }
scene 3 -> 1 at frame 3980 position (304, 264)
target scene=1 area=(400, 344) event=18 script=4643 mode=5 state=1 player=(464, 376) pos=(416, 400) path=2
learned targeted exit AreaKey { scene: 1, anchor: (400, 344) } event=18 -> AreaKey { scene: 3, anchor: (160, 112) }
learned exit AreaKey { scene: 1, anchor: (400, 344) } event=18 -> AreaKey { scene: 3, anchor: (160, 112) }
scene 1 -> 3 at frame 3982 position (1088, 1232)
target scene=3 area=(160, 112) event=49 script=6226 mode=5 state=1 player=(1248, 1344) pos=(1280, 1472) path=54
learned exit AreaKey { scene: 3, anchor: (160, 112) } event=53 -> AreaKey { scene: 1, anchor: (400, 344) }
scene 3 -> 1 at frame 3984 position (304, 264)
target scene=1 area=(400, 344) event=18 script=4643 mode=5 state=1 player=(464, 376) pos=(416, 400) path=2
learned targeted exit AreaKey { scene: 1, anchor: (400, 344) } event=18 -> AreaKey { scene: 3, anchor: (160, 112) }
learned exit AreaKey { scene: 1, anchor: (400, 344) } event=18 -> AreaKey { scene: 3, anchor: (160, 112) }
scene 1 -> 3 at frame 3986 position (1088, 1232)
target scene=3 area=(160, 112) event=49 script=6226 mode=5 state=1 player=(1248, 1344) pos=(1280, 1472) path=54
learned exit AreaKey { scene: 3, anchor: (160, 112) } event=53 -> AreaKey { scene: 1, anchor: (400, 344) }
scene 3 -> 1 at frame 3988 position (304, 264)
target scene=1 area=(400, 344) event=18 script=4643 mode=5 state=1 player=(464, 376) pos=(416, 400) path=2
learned targeted exit AreaKey { scene: 1, anchor: (400, 344) } event=18 -> AreaKey { scene: 3, anchor: (160, 112) }
learned exit AreaKey { scene: 1, anchor: (400, 344) } event=18 -> AreaKey { scene: 3, anchor: (160, 112) }
scene 1 -> 3 at frame 3990 position (1088, 1232)
target scene=3 area=(160, 112) event=49 script=6226 mode=5 state=1 player=(1248, 1344) pos=(1280, 1472) path=54
learned exit AreaKey { scene: 3, anchor: (160, 112) } event=53 -> AreaKey { scene: 1, anchor: (400, 344) }
scene 3 -> 1 at frame 3992 position (304, 264)
target scene=1 area=(400, 344) event=18 script=4643 mode=5 state=1 player=(464, 376) pos=(416, 400) path=2
learned targeted exit AreaKey { scene: 1, anchor: (400, 344) } event=18 -> AreaKey { scene: 3, anchor: (160, 112) }
learned exit AreaKey { scene: 1, anchor: (400, 344) } event=18 -> AreaKey { scene: 3, anchor: (160, 112) }
scene 1 -> 3 at frame 3994 position (1088, 1232)
target scene=3 area=(160, 112) event=49 script=6226 mode=5 state=1 player=(1248, 1344) pos=(1280, 1472) path=54
learned exit AreaKey { scene: 3, anchor: (160, 112) } event=53 -> AreaKey { scene: 1, anchor: (400, 344) }
scene 3 -> 1 at frame 3996 position (304, 264)
target scene=1 area=(400, 344) event=18 script=4643 mode=5 state=1 player=(464, 376) pos=(416, 400) path=2
learned targeted exit AreaKey { scene: 1, anchor: (400, 344) } event=18 -> AreaKey { scene: 3, anchor: (160, 112) }
learned exit AreaKey { scene: 1, anchor: (400, 344) } event=18 -> AreaKey { scene: 3, anchor: (160, 112) }
scene 1 -> 3 at frame 3998 position (1088, 1232)
target scene=3 area=(160, 112) event=49 script=6226 mode=5 state=1 player=(1248, 1344) pos=(1280, 1472) path=54
learned exit AreaKey { scene: 3, anchor: (160, 112) } event=53 -> AreaKey { scene: 1, anchor: (400, 344) }
scene 3 -> 1 at frame 4000 position (304, 264)
target scene=1 area=(400, 344) event=18 script=4643 mode=5 state=1 player=(464, 376) pos=(416, 400) path=2
learned targeted exit AreaKey { scene: 1, anchor: (400, 344) } event=18 -> AreaKey { scene: 3, anchor: (160, 112) }
learned exit AreaKey { scene: 1, anchor: (400, 344) } event=18 -> AreaKey { scene: 3, anchor: (160, 112) }
scene 1 -> 3 at frame 4002 position (1088, 1232)
target scene=3 area=(160, 112) event=49 script=6226 mode=5 state=1 player=(1248, 1344) pos=(1280, 1472) path=54
learned exit AreaKey { scene: 3, anchor: (160, 112) } event=53 -> AreaKey { scene: 1, anchor: (400, 344) }
scene 3 -> 1 at frame 4004 position (304, 264)
target scene=1 area=(400, 344) event=18 script=4643 mode=5 state=1 player=(464, 376) pos=(416, 400) path=2
learned targeted exit AreaKey { scene: 1, anchor: (400, 344) } event=18 -> AreaKey { scene: 3, anchor: (160, 112) }
learned exit AreaKey { scene: 1, anchor: (400, 344) } event=18 -> AreaKey { scene: 3, anchor: (160, 112) }
scene 1 -> 3 at frame 4006 position (1088, 1232)
target scene=3 area=(160, 112) event=49 script=6226 mode=5 state=1 player=(1248, 1344) pos=(1280, 1472) path=54
learned exit AreaKey { scene: 3, anchor: (160, 112) } event=53 -> AreaKey { scene: 1, anchor: (400, 344) }
scene 3 -> 1 at frame 4008 position (304, 264)
target scene=1 area=(400, 344) event=18 script=4643 mode=5 state=1 player=(464, 376) pos=(416, 400) path=2
learned targeted exit AreaKey { scene: 1, anchor: (400, 344) } event=18 -> AreaKey { scene: 3, anchor: (160, 112) }
learned exit AreaKey { scene: 1, anchor: (400, 344) } event=18 -> AreaKey { scene: 3, anchor: (160, 112) }
scene 1 -> 3 at frame 4010 position (1088, 1232)
target scene=3 area=(160, 112) event=49 script=6226 mode=5 state=1 player=(1248, 1344) pos=(1280, 1472) path=54
learned exit AreaKey { scene: 3, anchor: (160, 112) } event=53 -> AreaKey { scene: 1, anchor: (400, 344) }
scene 3 -> 1 at frame 4012 position (304, 264)
target scene=1 area=(400, 344) event=18 script=4643 mode=5 state=1 player=(464, 376) pos=(416, 400) path=2
learned targeted exit AreaKey { scene: 1, anchor: (400, 344) } event=18 -> AreaKey { scene: 3, anchor: (160, 112) }
learned exit AreaKey { scene: 1, anchor: (400, 344) } event=18 -> AreaKey { scene: 3, anchor: (160, 112) }
scene 1 -> 3 at frame 4014 position (1088, 1232)
target scene=3 area=(160, 112) event=49 script=6226 mode=5 state=1 player=(1248, 1344) pos=(1280, 1472) path=54
learned exit AreaKey { scene: 3, anchor: (160, 112) } event=53 -> AreaKey { scene: 1, anchor: (400, 344) }
scene 3 -> 1 at frame 4016 position (304, 264)
target scene=1 area=(400, 344) event=18 script=4643 mode=5 state=1 player=(464, 376) pos=(416, 400) path=2
learned targeted exit AreaKey { scene: 1, anchor: (400, 344) } event=18 -> AreaKey { scene: 3, anchor: (160, 112) }
learned exit AreaKey { scene: 1, anchor: (400, 344) } event=18 -> AreaKey { scene: 3, anchor: (160, 112) }
scene 1 -> 3 at frame 4018 position (1088, 1232)
target scene=3 area=(160, 112) event=49 script=6226 mode=5 state=1 player=(1248, 1344) pos=(1280, 1472) path=54
learned exit AreaKey { scene: 3, anchor: (160, 112) } event=53 -> AreaKey { scene: 1, anchor: (400, 344) }
scene 3 -> 1 at frame 4020 position (304, 264)
target scene=1 area=(400, 344) event=18 script=4643 mode=5 state=1 player=(464, 376) pos=(416, 400) path=2
learned targeted exit AreaKey { scene: 1, anchor: (400, 344) } event=18 -> AreaKey { scene: 3, anchor: (160, 112) }
learned exit AreaKey { scene: 1, anchor: (400, 344) } event=18 -> AreaKey { scene: 3, anchor: (160, 112) }
scene 1 -> 3 at frame 4022 position (1088, 1232)
target scene=3 area=(160, 112) event=49 script=6226 mode=5 state=1 player=(1248, 1344) pos=(1280, 1472) path=54
learned exit AreaKey { scene: 3, anchor: (160, 112) } event=53 -> AreaKey { scene: 1, anchor: (400, 344) }
scene 3 -> 1 at frame 4024 position (304, 264)
target scene=1 area=(400, 344) event=18 script=4643 mode=5 state=1 player=(464, 376) pos=(416, 400) path=2
learned targeted exit AreaKey { scene: 1, anchor: (400, 344) } event=18 -> AreaKey { scene: 3, anchor: (160, 112) }
learned exit AreaKey { scene: 1, anchor: (400, 344) } event=18 -> AreaKey { scene: 3, anchor: (160, 112) }
scene 1 -> 3 at frame 4026 position (1088, 1232)
target scene=3 area=(160, 112) event=49 script=6226 mode=5 state=1 player=(1248, 1344) pos=(1280, 1472) path=54
learned exit AreaKey { scene: 3, anchor: (160, 112) } event=53 -> AreaKey { scene: 1, anchor: (400, 344) }
scene 3 -> 1 at frame 4028 position (304, 264)
target scene=1 area=(400, 344) event=18 script=4643 mode=5 state=1 player=(464, 376) pos=(416, 400) path=2
learned targeted exit AreaKey { scene: 1, anchor: (400, 344) } event=18 -> AreaKey { scene: 3, anchor: (160, 112) }
learned exit AreaKey { scene: 1, anchor: (400, 344) } event=18 -> AreaKey { scene: 3, anchor: (160, 112) }
scene 1 -> 3 at frame 4030 position (1088, 1232)
target scene=3 area=(160, 112) event=49 script=6226 mode=5 state=1 player=(1248, 1344) pos=(1280, 1472) path=54
learned exit AreaKey { scene: 3, anchor: (160, 112) } event=53 -> AreaKey { scene: 1, anchor: (400, 344) }
scene 3 -> 1 at frame 4032 position (304, 264)
target scene=1 area=(400, 344) event=18 script=4643 mode=5 state=1 player=(464, 376) pos=(416, 400) path=2
learned targeted exit AreaKey { scene: 1, anchor: (400, 344) } event=18 -> AreaKey { scene: 3, anchor: (160, 112) }
learned exit AreaKey { scene: 1, anchor: (400, 344) } event=18 -> AreaKey { scene: 3, anchor: (160, 112) }
scene 1 -> 3 at frame 4034 position (1088, 1232)
target scene=3 area=(160, 112) event=49 script=6226 mode=5 state=1 player=(1248, 1344) pos=(1280, 1472) path=54
learned exit AreaKey { scene: 3, anchor: (160, 112) } event=53 -> AreaKey { scene: 1, anchor: (400, 344) }
scene 3 -> 1 at frame 4036 position (304, 264)
target scene=1 area=(400, 344) event=18 script=4643 mode=5 state=1 player=(464, 376) pos=(416, 400) path=2
learned targeted exit AreaKey { scene: 1, anchor: (400, 344) } event=18 -> AreaKey { scene: 3, anchor: (160, 112) }
learned exit AreaKey { scene: 1, anchor: (400, 344) } event=18 -> AreaKey { scene: 3, anchor: (160, 112) }
scene 1 -> 3 at frame 4038 position (1088, 1232)
target scene=3 area=(160, 112) event=49 script=6226 mode=5 state=1 player=(1248, 1344) pos=(1280, 1472) path=54
learned exit AreaKey { scene: 3, anchor: (160, 112) } event=53 -> AreaKey { scene: 1, anchor: (400, 344) }
scene 3 -> 1 at frame 4040 position (304, 264)
target scene=1 area=(400, 344) event=18 script=4643 mode=5 state=1 player=(464, 376) pos=(416, 400) path=2
learned targeted exit AreaKey { scene: 1, anchor: (400, 344) } event=18 -> AreaKey { scene: 3, anchor: (160, 112) }
learned exit AreaKey { scene: 1, anchor: (400, 344) } event=18 -> AreaKey { scene: 3, anchor: (160, 112) }
scene 1 -> 3 at frame 4042 position (1088, 1232)
target scene=3 area=(160, 112) event=49 script=6226 mode=5 state=1 player=(1248, 1344) pos=(1280, 1472) path=54
learned exit AreaKey { scene: 3, anchor: (160, 112) } event=53 -> AreaKey { scene: 1, anchor: (400, 344) }
scene 3 -> 1 at frame 4044 position (304, 264)
target scene=1 area=(400, 344) event=18 script=4643 mode=5 state=1 player=(464, 376) pos=(416, 400) path=2
learned targeted exit AreaKey { scene: 1, anchor: (400, 344) } event=18 -> AreaKey { scene: 3, anchor: (160, 112) }
learned exit AreaKey { scene: 1, anchor: (400, 344) } event=18 -> AreaKey { scene: 3, anchor: (160, 112) }
scene 1 -> 3 at frame 4046 position (1088, 1232)
target scene=3 area=(160, 112) event=49 script=6226 mode=5 state=1 player=(1248, 1344) pos=(1280, 1472) path=54
learned exit AreaKey { scene: 3, anchor: (160, 112) } event=53 -> AreaKey { scene: 1, anchor: (400, 344) }
scene 3 -> 1 at frame 4048 position (304, 264)
target scene=1 area=(400, 344) event=18 script=4643 mode=5 state=1 player=(464, 376) pos=(416, 400) path=2
learned targeted exit AreaKey { scene: 1, anchor: (400, 344) } event=18 -> AreaKey { scene: 3, anchor: (160, 112) }
learned exit AreaKey { scene: 1, anchor: (400, 344) } event=18 -> AreaKey { scene: 3, anchor: (160, 112) }
scene 1 -> 3 at frame 4050 position (1088, 1232)
target scene=3 area=(160, 112) event=49 script=6226 mode=5 state=1 player=(1248, 1344) pos=(1280, 1472) path=54
learned exit AreaKey { scene: 3, anchor: (160, 112) } event=53 -> AreaKey { scene: 1, anchor: (400, 344) }
scene 3 -> 1 at frame 4052 position (304, 264)
target scene=1 area=(400, 344) event=18 script=4643 mode=5 state=1 player=(464, 376) pos=(416, 400) path=2
learned targeted exit AreaKey { scene: 1, anchor: (400, 344) } event=18 -> AreaKey { scene: 3, anchor: (160, 112) }
learned exit AreaKey { scene: 1, anchor: (400, 344) } event=18 -> AreaKey { scene: 3, anchor: (160, 112) }
scene 1 -> 3 at frame 4054 position (1088, 1232)
target scene=3 area=(160, 112) event=49 script=6226 mode=5 state=1 player=(1248, 1344) pos=(1280, 1472) path=54
learned exit AreaKey { scene: 3, anchor: (160, 112) } event=53 -> AreaKey { scene: 1, anchor: (400, 344) }
scene 3 -> 1 at frame 4056 position (304, 264)
target scene=1 area=(400, 344) event=18 script=4643 mode=5 state=1 player=(464, 376) pos=(416, 400) path=2
learned targeted exit AreaKey { scene: 1, anchor: (400, 344) } event=18 -> AreaKey { scene: 3, anchor: (160, 112) }
learned exit AreaKey { scene: 1, anchor: (400, 344) } event=18 -> AreaKey { scene: 3, anchor: (160, 112) }
scene 1 -> 3 at frame 4058 position (1088, 1232)
target scene=3 area=(160, 112) event=49 script=6226 mode=5 state=1 player=(1248, 1344) pos=(1280, 1472) path=54
learned exit AreaKey { scene: 3, anchor: (160, 112) } event=53 -> AreaKey { scene: 1, anchor: (400, 344) }
scene 3 -> 1 at frame 4060 position (304, 264)
target scene=1 area=(400, 344) event=18 script=4643 mode=5 state=1 player=(464, 376) pos=(416, 400) path=2
learned targeted exit AreaKey { scene: 1, anchor: (400, 344) } event=18 -> AreaKey { scene: 3, anchor: (160, 112) }
learned exit AreaKey { scene: 1, anchor: (400, 344) } event=18 -> AreaKey { scene: 3, anchor: (160, 112) }
scene 1 -> 3 at frame 4062 position (1088, 1232)
target scene=3 area=(160, 112) event=49 script=6226 mode=5 state=1 player=(1248, 1344) pos=(1280, 1472) path=54
learned exit AreaKey { scene: 3, anchor: (160, 112) } event=53 -> AreaKey { scene: 1, anchor: (400, 344) }
scene 3 -> 1 at frame 4064 position (304, 264)
target scene=1 area=(400, 344) event=18 script=4643 mode=5 state=1 player=(464, 376) pos=(416, 400) path=2
learned targeted exit AreaKey { scene: 1, anchor: (400, 344) } event=18 -> AreaKey { scene: 3, anchor: (160, 112) }
learned exit AreaKey { scene: 1, anchor: (400, 344) } event=18 -> AreaKey { scene: 3, anchor: (160, 112) }
scene 1 -> 3 at frame 4066 position (1088, 1232)
target scene=3 area=(160, 112) event=49 script=6226 mode=5 state=1 player=(1248, 1344) pos=(1280, 1472) path=54
learned exit AreaKey { scene: 3, anchor: (160, 112) } event=53 -> AreaKey { scene: 1, anchor: (400, 344) }
scene 3 -> 1 at frame 4068 position (304, 264)
target scene=1 area=(400, 344) event=18 script=4643 mode=5 state=1 player=(464, 376) pos=(416, 400) path=2
learned targeted exit AreaKey { scene: 1, anchor: (400, 344) } event=18 -> AreaKey { scene: 3, anchor: (160, 112) }
learned exit AreaKey { scene: 1, anchor: (400, 344) } event=18 -> AreaKey { scene: 3, anchor: (160, 112) }
scene 1 -> 3 at frame 4070 position (1088, 1232)
target scene=3 area=(160, 112) event=49 script=6226 mode=5 state=1 player=(1248, 1344) pos=(1280, 1472) path=54
learned exit AreaKey { scene: 3, anchor: (160, 112) } event=53 -> AreaKey { scene: 1, anchor: (400, 344) }
scene 3 -> 1 at frame 4072 position (304, 264)
target scene=1 area=(400, 344) event=18 script=4643 mode=5 state=1 player=(464, 376) pos=(416, 400) path=2
learned targeted exit AreaKey { scene: 1, anchor: (400, 344) } event=18 -> AreaKey { scene: 3, anchor: (160, 112) }
learned exit AreaKey { scene: 1, anchor: (400, 344) } event=18 -> AreaKey { scene: 3, anchor: (160, 112) }
scene 1 -> 3 at frame 4074 position (1088, 1232)
target scene=3 area=(160, 112) event=49 script=6226 mode=5 state=1 player=(1248, 1344) pos=(1280, 1472) path=54
learned exit AreaKey { scene: 3, anchor: (160, 112) } event=53 -> AreaKey { scene: 1, anchor: (400, 344) }
scene 3 -> 1 at frame 4076 position (304, 264)
target scene=1 area=(400, 344) event=18 script=4643 mode=5 state=1 player=(464, 376) pos=(416, 400) path=2
learned targeted exit AreaKey { scene: 1, anchor: (400, 344) } event=18 -> AreaKey { scene: 3, anchor: (160, 112) }
learned exit AreaKey { scene: 1, anchor: (400, 344) } event=18 -> AreaKey { scene: 3, anchor: (160, 112) }
scene 1 -> 3 at frame 4078 position (1088, 1232)
target scene=3 area=(160, 112) event=49 script=6226 mode=5 state=1 player=(1248, 1344) pos=(1280, 1472) path=54
learned exit AreaKey { scene: 3, anchor: (160, 112) } event=53 -> AreaKey { scene: 1, anchor: (400, 344) }
scene 3 -> 1 at frame 4080 position (304, 264)
target scene=1 area=(400, 344) event=18 script=4643 mode=5 state=1 player=(464, 376) pos=(416, 400) path=2
learned targeted exit AreaKey { scene: 1, anchor: (400, 344) } event=18 -> AreaKey { scene: 3, anchor: (160, 112) }
learned exit AreaKey { scene: 1, anchor: (400, 344) } event=18 -> AreaKey { scene: 3, anchor: (160, 112) }
scene 1 -> 3 at frame 4082 position (1088, 1232)
target scene=3 area=(160, 112) event=49 script=6226 mode=5 state=1 player=(1248, 1344) pos=(1280, 1472) path=54
learned exit AreaKey { scene: 3, anchor: (160, 112) } event=53 -> AreaKey { scene: 1, anchor: (400, 344) }
scene 3 -> 1 at frame 4084 position (304, 264)
target scene=1 area=(400, 344) event=18 script=4643 mode=5 state=1 player=(464, 376) pos=(416, 400) path=2
learned targeted exit AreaKey { scene: 1, anchor: (400, 344) } event=18 -> AreaKey { scene: 3, anchor: (160, 112) }
learned exit AreaKey { scene: 1, anchor: (400, 344) } event=18 -> AreaKey { scene: 3, anchor: (160, 112) }
scene 1 -> 3 at frame 4086 position (1088, 1232)
target scene=3 area=(160, 112) event=49 script=6226 mode=5 state=1 player=(1248, 1344) pos=(1280, 1472) path=54
learned exit AreaKey { scene: 3, anchor: (160, 112) } event=53 -> AreaKey { scene: 1, anchor: (400, 344) }
scene 3 -> 1 at frame 4088 position (304, 264)
target scene=1 area=(400, 344) event=18 script=4643 mode=5 state=1 player=(464, 376) pos=(416, 400) path=2
learned targeted exit AreaKey { scene: 1, anchor: (400, 344) } event=18 -> AreaKey { scene: 3, anchor: (160, 112) }
learned exit AreaKey { scene: 1, anchor: (400, 344) } event=18 -> AreaKey { scene: 3, anchor: (160, 112) }
scene 1 -> 3 at frame 4090 position (1088, 1232)
target scene=3 area=(160, 112) event=49 script=6226 mode=5 state=1 player=(1248, 1344) pos=(1280, 1472) path=54
learned exit AreaKey { scene: 3, anchor: (160, 112) } event=53 -> AreaKey { scene: 1, anchor: (400, 344) }
scene 3 -> 1 at frame 4092 position (304, 264)
target scene=1 area=(400, 344) event=18 script=4643 mode=5 state=1 player=(464, 376) pos=(416, 400) path=2
learned targeted exit AreaKey { scene: 1, anchor: (400, 344) } event=18 -> AreaKey { scene: 3, anchor: (160, 112) }
learned exit AreaKey { scene: 1, anchor: (400, 344) } event=18 -> AreaKey { scene: 3, anchor: (160, 112) }
scene 1 -> 3 at frame 4094 position (1088, 1232)
target scene=3 area=(160, 112) event=49 script=6226 mode=5 state=1 player=(1248, 1344) pos=(1280, 1472) path=54
learned exit AreaKey { scene: 3, anchor: (160, 112) } event=53 -> AreaKey { scene: 1, anchor: (400, 344) }
scene 3 -> 1 at frame 4096 position (304, 264)
target scene=1 area=(400, 344) event=18 script=4643 mode=5 state=1 player=(464, 376) pos=(416, 400) path=2
learned targeted exit AreaKey { scene: 1, anchor: (400, 344) } event=18 -> AreaKey { scene: 3, anchor: (160, 112) }
learned exit AreaKey { scene: 1, anchor: (400, 344) } event=18 -> AreaKey { scene: 3, anchor: (160, 112) }
scene 1 -> 3 at frame 4098 position (1088, 1232)
target scene=3 area=(160, 112) event=49 script=6226 mode=5 state=1 player=(1248, 1344) pos=(1280, 1472) path=54
learned exit AreaKey { scene: 3, anchor: (160, 112) } event=53 -> AreaKey { scene: 1, anchor: (400, 344) }
scene 3 -> 1 at frame 4100 position (304, 264)
target scene=1 area=(400, 344) event=18 script=4643 mode=5 state=1 player=(464, 376) pos=(416, 400) path=2
learned targeted exit AreaKey { scene: 1, anchor: (400, 344) } event=18 -> AreaKey { scene: 3, anchor: (160, 112) }
learned exit AreaKey { scene: 1, anchor: (400, 344) } event=18 -> AreaKey { scene: 3, anchor: (160, 112) }
scene 1 -> 3 at frame 4102 position (1088, 1232)
target scene=3 area=(160, 112) event=49 script=6226 mode=5 state=1 player=(1248, 1344) pos=(1280, 1472) path=54
learned exit AreaKey { scene: 3, anchor: (160, 112) } event=53 -> AreaKey { scene: 1, anchor: (400, 344) }
scene 3 -> 1 at frame 4104 position (304, 264)
target scene=1 area=(400, 344) event=18 script=4643 mode=5 state=1 player=(464, 376) pos=(416, 400) path=2
learned targeted exit AreaKey { scene: 1, anchor: (400, 344) } event=18 -> AreaKey { scene: 3, anchor: (160, 112) }
learned exit AreaKey { scene: 1, anchor: (400, 344) } event=18 -> AreaKey { scene: 3, anchor: (160, 112) }
scene 1 -> 3 at frame 4106 position (1088, 1232)
target scene=3 area=(160, 112) event=49 script=6226 mode=5 state=1 player=(1248, 1344) pos=(1280, 1472) path=54
learned exit AreaKey { scene: 3, anchor: (160, 112) } event=53 -> AreaKey { scene: 1, anchor: (400, 344) }
scene 3 -> 1 at frame 4108 position (304, 264)
target scene=1 area=(400, 344) event=18 script=4643 mode=5 state=1 player=(464, 376) pos=(416, 400) path=2
learned targeted exit AreaKey { scene: 1, anchor: (400, 344) } event=18 -> AreaKey { scene: 3, anchor: (160, 112) }
learned exit AreaKey { scene: 1, anchor: (400, 344) } event=18 -> AreaKey { scene: 3, anchor: (160, 112) }
scene 1 -> 3 at frame 4110 position (1088, 1232)
target scene=3 area=(160, 112) event=49 script=6226 mode=5 state=1 player=(1248, 1344) pos=(1280, 1472) path=54
learned exit AreaKey { scene: 3, anchor: (160, 112) } event=53 -> AreaKey { scene: 1, anchor: (400, 344) }
scene 3 -> 1 at frame 4112 position (304, 264)
target scene=1 area=(400, 344) event=18 script=4643 mode=5 state=1 player=(464, 376) pos=(416, 400) path=2
learned targeted exit AreaKey { scene: 1, anchor: (400, 344) } event=18 -> AreaKey { scene: 3, anchor: (160, 112) }
learned exit AreaKey { scene: 1, anchor: (400, 344) } event=18 -> AreaKey { scene: 3, anchor: (160, 112) }
scene 1 -> 3 at frame 4114 position (1088, 1232)
target scene=3 area=(160, 112) event=49 script=6226 mode=5 state=1 player=(1248, 1344) pos=(1280, 1472) path=54
learned exit AreaKey { scene: 3, anchor: (160, 112) } event=53 -> AreaKey { scene: 1, anchor: (400, 344) }
scene 3 -> 1 at frame 4116 position (304, 264)
target scene=1 area=(400, 344) event=18 script=4643 mode=5 state=1 player=(464, 376) pos=(416, 400) path=2
learned targeted exit AreaKey { scene: 1, anchor: (400, 344) } event=18 -> AreaKey { scene: 3, anchor: (160, 112) }
learned exit AreaKey { scene: 1, anchor: (400, 344) } event=18 -> AreaKey { scene: 3, anchor: (160, 112) }
scene 1 -> 3 at frame 4118 position (1088, 1232)
target scene=3 area=(160, 112) event=49 script=6226 mode=5 state=1 player=(1248, 1344) pos=(1280, 1472) path=54
learned exit AreaKey { scene: 3, anchor: (160, 112) } event=53 -> AreaKey { scene: 1, anchor: (400, 344) }
scene 3 -> 1 at frame 4120 position (304, 264)
target scene=1 area=(400, 344) event=18 script=4643 mode=5 state=1 player=(464, 376) pos=(416, 400) path=2
learned targeted exit AreaKey { scene: 1, anchor: (400, 344) } event=18 -> AreaKey { scene: 3, anchor: (160, 112) }
learned exit AreaKey { scene: 1, anchor: (400, 344) } event=18 -> AreaKey { scene: 3, anchor: (160, 112) }
scene 1 -> 3 at frame 4122 position (1088, 1232)
target scene=3 area=(160, 112) event=49 script=6226 mode=5 state=1 player=(1248, 1344) pos=(1280, 1472) path=54
learned exit AreaKey { scene: 3, anchor: (160, 112) } event=53 -> AreaKey { scene: 1, anchor: (400, 344) }
scene 3 -> 1 at frame 4124 position (304, 264)
target scene=1 area=(400, 344) event=18 script=4643 mode=5 state=1 player=(464, 376) pos=(416, 400) path=2
learned targeted exit AreaKey { scene: 1, anchor: (400, 344) } event=18 -> AreaKey { scene: 3, anchor: (160, 112) }
learned exit AreaKey { scene: 1, anchor: (400, 344) } event=18 -> AreaKey { scene: 3, anchor: (160, 112) }
scene 1 -> 3 at frame 4126 position (1088, 1232)
target scene=3 area=(160, 112) event=49 script=6226 mode=5 state=1 player=(1248, 1344) pos=(1280, 1472) path=54
learned exit AreaKey { scene: 3, anchor: (160, 112) } event=53 -> AreaKey { scene: 1, anchor: (400, 344) }
scene 3 -> 1 at frame 4128 position (304, 264)
target scene=1 area=(400, 344) event=18 script=4643 mode=5 state=1 player=(464, 376) pos=(416, 400) path=2
learned targeted exit AreaKey { scene: 1, anchor: (400, 344) } event=18 -> AreaKey { scene: 3, anchor: (160, 112) }
learned exit AreaKey { scene: 1, anchor: (400, 344) } event=18 -> AreaKey { scene: 3, anchor: (160, 112) }
scene 1 -> 3 at frame 4130 position (1088, 1232)
target scene=3 area=(160, 112) event=49 script=6226 mode=5 state=1 player=(1248, 1344) pos=(1280, 1472) path=54
learned exit AreaKey { scene: 3, anchor: (160, 112) } event=53 -> AreaKey { scene: 1, anchor: (400, 344) }
scene 3 -> 1 at frame 4132 position (304, 264)
target scene=1 area=(400, 344) event=18 script=4643 mode=5 state=1 player=(464, 376) pos=(416, 400) path=2
learned targeted exit AreaKey { scene: 1, anchor: (400, 344) } event=18 -> AreaKey { scene: 3, anchor: (160, 112) }
learned exit AreaKey { scene: 1, anchor: (400, 344) } event=18 -> AreaKey { scene: 3, anchor: (160, 112) }
scene 1 -> 3 at frame 4134 position (1088, 1232)
target scene=3 area=(160, 112) event=49 script=6226 mode=5 state=1 player=(1248, 1344) pos=(1280, 1472) path=54
learned exit AreaKey { scene: 3, anchor: (160, 112) } event=53 -> AreaKey { scene: 1, anchor: (400, 344) }
scene 3 -> 1 at frame 4136 position (304, 264)
target scene=1 area=(400, 344) event=18 script=4643 mode=5 state=1 player=(464, 376) pos=(416, 400) path=2
learned targeted exit AreaKey { scene: 1, anchor: (400, 344) } event=18 -> AreaKey { scene: 3, anchor: (160, 112) }
learned exit AreaKey { scene: 1, anchor: (400, 344) } event=18 -> AreaKey { scene: 3, anchor: (160, 112) }
scene 1 -> 3 at frame 4138 position (1088, 1232)
target scene=3 area=(160, 112) event=49 script=6226 mode=5 state=1 player=(1248, 1344) pos=(1280, 1472) path=54
learned exit AreaKey { scene: 3, anchor: (160, 112) } event=53 -> AreaKey { scene: 1, anchor: (400, 344) }
scene 3 -> 1 at frame 4140 position (304, 264)
target scene=1 area=(400, 344) event=18 script=4643 mode=5 state=1 player=(464, 376) pos=(416, 400) path=2
learned targeted exit AreaKey { scene: 1, anchor: (400, 344) } event=18 -> AreaKey { scene: 3, anchor: (160, 112) }
learned exit AreaKey { scene: 1, anchor: (400, 344) } event=18 -> AreaKey { scene: 3, anchor: (160, 112) }
scene 1 -> 3 at frame 4142 position (1088, 1232)
target scene=3 area=(160, 112) event=49 script=6226 mode=5 state=1 player=(1248, 1344) pos=(1280, 1472) path=54
learned exit AreaKey { scene: 3, anchor: (160, 112) } event=53 -> AreaKey { scene: 1, anchor: (400, 344) }
scene 3 -> 1 at frame 4144 position (304, 264)
target scene=1 area=(400, 344) event=18 script=4643 mode=5 state=1 player=(464, 376) pos=(416, 400) path=2
learned targeted exit AreaKey { scene: 1, anchor: (400, 344) } event=18 -> AreaKey { scene: 3, anchor: (160, 112) }
learned exit AreaKey { scene: 1, anchor: (400, 344) } event=18 -> AreaKey { scene: 3, anchor: (160, 112) }
scene 1 -> 3 at frame 4146 position (1088, 1232)
target scene=3 area=(160, 112) event=49 script=6226 mode=5 state=1 player=(1248, 1344) pos=(1280, 1472) path=54
learned exit AreaKey { scene: 3, anchor: (160, 112) } event=53 -> AreaKey { scene: 1, anchor: (400, 344) }
scene 3 -> 1 at frame 4148 position (304, 264)
target scene=1 area=(400, 344) event=18 script=4643 mode=5 state=1 player=(464, 376) pos=(416, 400) path=2
learned targeted exit AreaKey { scene: 1, anchor: (400, 344) } event=18 -> AreaKey { scene: 3, anchor: (160, 112) }
learned exit AreaKey { scene: 1, anchor: (400, 344) } event=18 -> AreaKey { scene: 3, anchor: (160, 112) }
scene 1 -> 3 at frame 4150 position (1088, 1232)
target scene=3 area=(160, 112) event=49 script=6226 mode=5 state=1 player=(1248, 1344) pos=(1280, 1472) path=54
learned exit AreaKey { scene: 3, anchor: (160, 112) } event=53 -> AreaKey { scene: 1, anchor: (400, 344) }
scene 3 -> 1 at frame 4152 position (304, 264)
target scene=1 area=(400, 344) event=18 script=4643 mode=5 state=1 player=(464, 376) pos=(416, 400) path=2
learned targeted exit AreaKey { scene: 1, anchor: (400, 344) } event=18 -> AreaKey { scene: 3, anchor: (160, 112) }
learned exit AreaKey { scene: 1, anchor: (400, 344) } event=18 -> AreaKey { scene: 3, anchor: (160, 112) }
scene 1 -> 3 at frame 4154 position (1088, 1232)
target scene=3 area=(160, 112) event=49 script=6226 mode=5 state=1 player=(1248, 1344) pos=(1280, 1472) path=54
learned exit AreaKey { scene: 3, anchor: (160, 112) } event=53 -> AreaKey { scene: 1, anchor: (400, 344) }
scene 3 -> 1 at frame 4156 position (304, 264)
target scene=1 area=(400, 344) event=18 script=4643 mode=5 state=1 player=(464, 376) pos=(416, 400) path=2
learned targeted exit AreaKey { scene: 1, anchor: (400, 344) } event=18 -> AreaKey { scene: 3, anchor: (160, 112) }
learned exit AreaKey { scene: 1, anchor: (400, 344) } event=18 -> AreaKey { scene: 3, anchor: (160, 112) }
scene 1 -> 3 at frame 4158 position (1088, 1232)
target scene=3 area=(160, 112) event=49 script=6226 mode=5 state=1 player=(1248, 1344) pos=(1280, 1472) path=54
learned exit AreaKey { scene: 3, anchor: (160, 112) } event=53 -> AreaKey { scene: 1, anchor: (400, 344) }
scene 3 -> 1 at frame 4160 position (304, 264)
target scene=1 area=(400, 344) event=18 script=4643 mode=5 state=1 player=(464, 376) pos=(416, 400) path=2
learned targeted exit AreaKey { scene: 1, anchor: (400, 344) } event=18 -> AreaKey { scene: 3, anchor: (160, 112) }
learned exit AreaKey { scene: 1, anchor: (400, 344) } event=18 -> AreaKey { scene: 3, anchor: (160, 112) }
scene 1 -> 3 at frame 4162 position (1088, 1232)
target scene=3 area=(160, 112) event=49 script=6226 mode=5 state=1 player=(1248, 1344) pos=(1280, 1472) path=54
learned exit AreaKey { scene: 3, anchor: (160, 112) } event=53 -> AreaKey { scene: 1, anchor: (400, 344) }
scene 3 -> 1 at frame 4164 position (304, 264)
target scene=1 area=(400, 344) event=18 script=4643 mode=5 state=1 player=(464, 376) pos=(416, 400) path=2
learned targeted exit AreaKey { scene: 1, anchor: (400, 344) } event=18 -> AreaKey { scene: 3, anchor: (160, 112) }
learned exit AreaKey { scene: 1, anchor: (400, 344) } event=18 -> AreaKey { scene: 3, anchor: (160, 112) }
scene 1 -> 3 at frame 4166 position (1088, 1232)
target scene=3 area=(160, 112) event=49 script=6226 mode=5 state=1 player=(1248, 1344) pos=(1280, 1472) path=54
learned exit AreaKey { scene: 3, anchor: (160, 112) } event=53 -> AreaKey { scene: 1, anchor: (400, 344) }
scene 3 -> 1 at frame 4168 position (304, 264)
target scene=1 area=(400, 344) event=18 script=4643 mode=5 state=1 player=(464, 376) pos=(416, 400) path=2
learned targeted exit AreaKey { scene: 1, anchor: (400, 344) } event=18 -> AreaKey { scene: 3, anchor: (160, 112) }
learned exit AreaKey { scene: 1, anchor: (400, 344) } event=18 -> AreaKey { scene: 3, anchor: (160, 112) }
scene 1 -> 3 at frame 4170 position (1088, 1232)
target scene=3 area=(160, 112) event=49 script=6226 mode=5 state=1 player=(1248, 1344) pos=(1280, 1472) path=54
learned exit AreaKey { scene: 3, anchor: (160, 112) } event=53 -> AreaKey { scene: 1, anchor: (400, 344) }
scene 3 -> 1 at frame 4172 position (304, 264)
target scene=1 area=(400, 344) event=18 script=4643 mode=5 state=1 player=(464, 376) pos=(416, 400) path=2
learned targeted exit AreaKey { scene: 1, anchor: (400, 344) } event=18 -> AreaKey { scene: 3, anchor: (160, 112) }
learned exit AreaKey { scene: 1, anchor: (400, 344) } event=18 -> AreaKey { scene: 3, anchor: (160, 112) }
scene 1 -> 3 at frame 4174 position (1088, 1232)
target scene=3 area=(160, 112) event=49 script=6226 mode=5 state=1 player=(1248, 1344) pos=(1280, 1472) path=54
learned exit AreaKey { scene: 3, anchor: (160, 112) } event=53 -> AreaKey { scene: 1, anchor: (400, 344) }
scene 3 -> 1 at frame 4176 position (304, 264)
target scene=1 area=(400, 344) event=18 script=4643 mode=5 state=1 player=(464, 376) pos=(416, 400) path=2
learned targeted exit AreaKey { scene: 1, anchor: (400, 344) } event=18 -> AreaKey { scene: 3, anchor: (160, 112) }
learned exit AreaKey { scene: 1, anchor: (400, 344) } event=18 -> AreaKey { scene: 3, anchor: (160, 112) }
scene 1 -> 3 at frame 4178 position (1088, 1232)
target scene=3 area=(160, 112) event=49 script=6226 mode=5 state=1 player=(1248, 1344) pos=(1280, 1472) path=54
learned exit AreaKey { scene: 3, anchor: (160, 112) } event=53 -> AreaKey { scene: 1, anchor: (400, 344) }
scene 3 -> 1 at frame 4180 position (304, 264)
target scene=1 area=(400, 344) event=18 script=4643 mode=5 state=1 player=(464, 376) pos=(416, 400) path=2
learned targeted exit AreaKey { scene: 1, anchor: (400, 344) } event=18 -> AreaKey { scene: 3, anchor: (160, 112) }
learned exit AreaKey { scene: 1, anchor: (400, 344) } event=18 -> AreaKey { scene: 3, anchor: (160, 112) }
scene 1 -> 3 at frame 4182 position (1088, 1232)
target scene=3 area=(160, 112) event=49 script=6226 mode=5 state=1 player=(1248, 1344) pos=(1280, 1472) path=54
learned exit AreaKey { scene: 3, anchor: (160, 112) } event=53 -> AreaKey { scene: 1, anchor: (400, 344) }
scene 3 -> 1 at frame 4184 position (304, 264)
target scene=1 area=(400, 344) event=18 script=4643 mode=5 state=1 player=(464, 376) pos=(416, 400) path=2
learned targeted exit AreaKey { scene: 1, anchor: (400, 344) } event=18 -> AreaKey { scene: 3, anchor: (160, 112) }
learned exit AreaKey { scene: 1, anchor: (400, 344) } event=18 -> AreaKey { scene: 3, anchor: (160, 112) }
scene 1 -> 3 at frame 4186 position (1088, 1232)
target scene=3 area=(160, 112) event=49 script=6226 mode=5 state=1 player=(1248, 1344) pos=(1280, 1472) path=54
learned exit AreaKey { scene: 3, anchor: (160, 112) } event=53 -> AreaKey { scene: 1, anchor: (400, 344) }
scene 3 -> 1 at frame 4188 position (304, 264)
target scene=1 area=(400, 344) event=18 script=4643 mode=5 state=1 player=(464, 376) pos=(416, 400) path=2
learned targeted exit AreaKey { scene: 1, anchor: (400, 344) } event=18 -> AreaKey { scene: 3, anchor: (160, 112) }
learned exit AreaKey { scene: 1, anchor: (400, 344) } event=18 -> AreaKey { scene: 3, anchor: (160, 112) }
scene 1 -> 3 at frame 4190 position (1088, 1232)
target scene=3 area=(160, 112) event=49 script=6226 mode=5 state=1 player=(1248, 1344) pos=(1280, 1472) path=54
learned exit AreaKey { scene: 3, anchor: (160, 112) } event=53 -> AreaKey { scene: 1, anchor: (400, 344) }
scene 3 -> 1 at frame 4192 position (304, 264)
target scene=1 area=(400, 344) event=18 script=4643 mode=5 state=1 player=(464, 376) pos=(416, 400) path=2
learned targeted exit AreaKey { scene: 1, anchor: (400, 344) } event=18 -> AreaKey { scene: 3, anchor: (160, 112) }
learned exit AreaKey { scene: 1, anchor: (400, 344) } event=18 -> AreaKey { scene: 3, anchor: (160, 112) }
scene 1 -> 3 at frame 4194 position (1088, 1232)
target scene=3 area=(160, 112) event=49 script=6226 mode=5 state=1 player=(1248, 1344) pos=(1280, 1472) path=54
learned exit AreaKey { scene: 3, anchor: (160, 112) } event=53 -> AreaKey { scene: 1, anchor: (400, 344) }
scene 3 -> 1 at frame 4196 position (304, 264)
target scene=1 area=(400, 344) event=18 script=4643 mode=5 state=1 player=(464, 376) pos=(416, 400) path=2
learned targeted exit AreaKey { scene: 1, anchor: (400, 344) } event=18 -> AreaKey { scene: 3, anchor: (160, 112) }
learned exit AreaKey { scene: 1, anchor: (400, 344) } event=18 -> AreaKey { scene: 3, anchor: (160, 112) }
scene 1 -> 3 at frame 4198 position (1088, 1232)
target scene=3 area=(160, 112) event=49 script=6226 mode=5 state=1 player=(1248, 1344) pos=(1280, 1472) path=54
learned exit AreaKey { scene: 3, anchor: (160, 112) } event=53 -> AreaKey { scene: 1, anchor: (400, 344) }
scene 3 -> 1 at frame 4200 position (304, 264)
target scene=1 area=(400, 344) event=18 script=4643 mode=5 state=1 player=(464, 376) pos=(416, 400) path=2
learned targeted exit AreaKey { scene: 1, anchor: (400, 344) } event=18 -> AreaKey { scene: 3, anchor: (160, 112) }
learned exit AreaKey { scene: 1, anchor: (400, 344) } event=18 -> AreaKey { scene: 3, anchor: (160, 112) }
scene 1 -> 3 at frame 4202 position (1088, 1232)
target scene=3 area=(160, 112) event=49 script=6226 mode=5 state=1 player=(1248, 1344) pos=(1280, 1472) path=54
learned exit AreaKey { scene: 3, anchor: (160, 112) } event=53 -> AreaKey { scene: 1, anchor: (400, 344) }
scene 3 -> 1 at frame 4204 position (304, 264)
target scene=1 area=(400, 344) event=18 script=4643 mode=5 state=1 player=(464, 376) pos=(416, 400) path=2
learned targeted exit AreaKey { scene: 1, anchor: (400, 344) } event=18 -> AreaKey { scene: 3, anchor: (160, 112) }
learned exit AreaKey { scene: 1, anchor: (400, 344) } event=18 -> AreaKey { scene: 3, anchor: (160, 112) }
scene 1 -> 3 at frame 4206 position (1088, 1232)
target scene=3 area=(160, 112) event=49 script=6226 mode=5 state=1 player=(1248, 1344) pos=(1280, 1472) path=54
learned exit AreaKey { scene: 3, anchor: (160, 112) } event=53 -> AreaKey { scene: 1, anchor: (400, 344) }
scene 3 -> 1 at frame 4208 position (304, 264)
target scene=1 area=(400, 344) event=18 script=4643 mode=5 state=1 player=(464, 376) pos=(416, 400) path=2
learned targeted exit AreaKey { scene: 1, anchor: (400, 344) } event=18 -> AreaKey { scene: 3, anchor: (160, 112) }
learned exit AreaKey { scene: 1, anchor: (400, 344) } event=18 -> AreaKey { scene: 3, anchor: (160, 112) }
scene 1 -> 3 at frame 4210 position (1088, 1232)
target scene=3 area=(160, 112) event=49 script=6226 mode=5 state=1 player=(1248, 1344) pos=(1280, 1472) path=54
learned exit AreaKey { scene: 3, anchor: (160, 112) } event=53 -> AreaKey { scene: 1, anchor: (400, 344) }
scene 3 -> 1 at frame 4212 position (304, 264)
target scene=1 area=(400, 344) event=18 script=4643 mode=5 state=1 player=(464, 376) pos=(416, 400) path=2
learned targeted exit AreaKey { scene: 1, anchor: (400, 344) } event=18 -> AreaKey { scene: 3, anchor: (160, 112) }
learned exit AreaKey { scene: 1, anchor: (400, 344) } event=18 -> AreaKey { scene: 3, anchor: (160, 112) }
scene 1 -> 3 at frame 4214 position (1088, 1232)
target scene=3 area=(160, 112) event=49 script=6226 mode=5 state=1 player=(1248, 1344) pos=(1280, 1472) path=54
learned exit AreaKey { scene: 3, anchor: (160, 112) } event=53 -> AreaKey { scene: 1, anchor: (400, 344) }
scene 3 -> 1 at frame 4216 position (304, 264)
target scene=1 area=(400, 344) event=18 script=4643 mode=5 state=1 player=(464, 376) pos=(416, 400) path=2
learned targeted exit AreaKey { scene: 1, anchor: (400, 344) } event=18 -> AreaKey { scene: 3, anchor: (160, 112) }
learned exit AreaKey { scene: 1, anchor: (400, 344) } event=18 -> AreaKey { scene: 3, anchor: (160, 112) }
scene 1 -> 3 at frame 4218 position (1088, 1232)
target scene=3 area=(160, 112) event=49 script=6226 mode=5 state=1 player=(1248, 1344) pos=(1280, 1472) path=54
learned exit AreaKey { scene: 3, anchor: (160, 112) } event=53 -> AreaKey { scene: 1, anchor: (400, 344) }
scene 3 -> 1 at frame 4220 position (304, 264)
target scene=1 area=(400, 344) event=18 script=4643 mode=5 state=1 player=(464, 376) pos=(416, 400) path=2
learned targeted exit AreaKey { scene: 1, anchor: (400, 344) } event=18 -> AreaKey { scene: 3, anchor: (160, 112) }
learned exit AreaKey { scene: 1, anchor: (400, 344) } event=18 -> AreaKey { scene: 3, anchor: (160, 112) }
scene 1 -> 3 at frame 4222 position (1088, 1232)
target scene=3 area=(160, 112) event=49 script=6226 mode=5 state=1 player=(1248, 1344) pos=(1280, 1472) path=54
learned exit AreaKey { scene: 3, anchor: (160, 112) } event=53 -> AreaKey { scene: 1, anchor: (400, 344) }
scene 3 -> 1 at frame 4224 position (304, 264)
target scene=1 area=(400, 344) event=18 script=4643 mode=5 state=1 player=(464, 376) pos=(416, 400) path=2
learned targeted exit AreaKey { scene: 1, anchor: (400, 344) } event=18 -> AreaKey { scene: 3, anchor: (160, 112) }
learned exit AreaKey { scene: 1, anchor: (400, 344) } event=18 -> AreaKey { scene: 3, anchor: (160, 112) }
scene 1 -> 3 at frame 4226 position (1088, 1232)
target scene=3 area=(160, 112) event=49 script=6226 mode=5 state=1 player=(1248, 1344) pos=(1280, 1472) path=54
learned exit AreaKey { scene: 3, anchor: (160, 112) } event=53 -> AreaKey { scene: 1, anchor: (400, 344) }
scene 3 -> 1 at frame 4228 position (304, 264)
target scene=1 area=(400, 344) event=18 script=4643 mode=5 state=1 player=(464, 376) pos=(416, 400) path=2
learned targeted exit AreaKey { scene: 1, anchor: (400, 344) } event=18 -> AreaKey { scene: 3, anchor: (160, 112) }
learned exit AreaKey { scene: 1, anchor: (400, 344) } event=18 -> AreaKey { scene: 3, anchor: (160, 112) }
scene 1 -> 3 at frame 4230 position (1088, 1232)
target scene=3 area=(160, 112) event=49 script=6226 mode=5 state=1 player=(1248, 1344) pos=(1280, 1472) path=54
learned exit AreaKey { scene: 3, anchor: (160, 112) } event=53 -> AreaKey { scene: 1, anchor: (400, 344) }
scene 3 -> 1 at frame 4232 position (304, 264)
target scene=1 area=(400, 344) event=18 script=4643 mode=5 state=1 player=(464, 376) pos=(416, 400) path=2
learned targeted exit AreaKey { scene: 1, anchor: (400, 344) } event=18 -> AreaKey { scene: 3, anchor: (160, 112) }
learned exit AreaKey { scene: 1, anchor: (400, 344) } event=18 -> AreaKey { scene: 3, anchor: (160, 112) }
scene 1 -> 3 at frame 4234 position (1088, 1232)
target scene=3 area=(160, 112) event=49 script=6226 mode=5 state=1 player=(1248, 1344) pos=(1280, 1472) path=54
learned exit AreaKey { scene: 3, anchor: (160, 112) } event=53 -> AreaKey { scene: 1, anchor: (400, 344) }
scene 3 -> 1 at frame 4236 position (304, 264)
target scene=1 area=(400, 344) event=18 script=4643 mode=5 state=1 player=(464, 376) pos=(416, 400) path=2
learned targeted exit AreaKey { scene: 1, anchor: (400, 344) } event=18 -> AreaKey { scene: 3, anchor: (160, 112) }
learned exit AreaKey { scene: 1, anchor: (400, 344) } event=18 -> AreaKey { scene: 3, anchor: (160, 112) }
scene 1 -> 3 at frame 4238 position (1088, 1232)
target scene=3 area=(160, 112) event=49 script=6226 mode=5 state=1 player=(1248, 1344) pos=(1280, 1472) path=54
learned exit AreaKey { scene: 3, anchor: (160, 112) } event=53 -> AreaKey { scene: 1, anchor: (400, 344) }
scene 3 -> 1 at frame 4240 position (304, 264)
target scene=1 area=(400, 344) event=18 script=4643 mode=5 state=1 player=(464, 376) pos=(416, 400) path=2
learned targeted exit AreaKey { scene: 1, anchor: (400, 344) } event=18 -> AreaKey { scene: 3, anchor: (160, 112) }
learned exit AreaKey { scene: 1, anchor: (400, 344) } event=18 -> AreaKey { scene: 3, anchor: (160, 112) }
scene 1 -> 3 at frame 4242 position (1088, 1232)
target scene=3 area=(160, 112) event=49 script=6226 mode=5 state=1 player=(1248, 1344) pos=(1280, 1472) path=54
learned exit AreaKey { scene: 3, anchor: (160, 112) } event=53 -> AreaKey { scene: 1, anchor: (400, 344) }
scene 3 -> 1 at frame 4244 position (304, 264)
target scene=1 area=(400, 344) event=18 script=4643 mode=5 state=1 player=(464, 376) pos=(416, 400) path=2
learned targeted exit AreaKey { scene: 1, anchor: (400, 344) } event=18 -> AreaKey { scene: 3, anchor: (160, 112) }
learned exit AreaKey { scene: 1, anchor: (400, 344) } event=18 -> AreaKey { scene: 3, anchor: (160, 112) }
scene 1 -> 3 at frame 4246 position (1088, 1232)
target scene=3 area=(160, 112) event=49 script=6226 mode=5 state=1 player=(1248, 1344) pos=(1280, 1472) path=54
learned exit AreaKey { scene: 3, anchor: (160, 112) } event=53 -> AreaKey { scene: 1, anchor: (400, 344) }
scene 3 -> 1 at frame 4248 position (304, 264)
target scene=1 area=(400, 344) event=18 script=4643 mode=5 state=1 player=(464, 376) pos=(416, 400) path=2
learned targeted exit AreaKey { scene: 1, anchor: (400, 344) } event=18 -> AreaKey { scene: 3, anchor: (160, 112) }
learned exit AreaKey { scene: 1, anchor: (400, 344) } event=18 -> AreaKey { scene: 3, anchor: (160, 112) }
scene 1 -> 3 at frame 4250 position (1088, 1232)
target scene=3 area=(160, 112) event=49 script=6226 mode=5 state=1 player=(1248, 1344) pos=(1280, 1472) path=54
learned exit AreaKey { scene: 3, anchor: (160, 112) } event=53 -> AreaKey { scene: 1, anchor: (400, 344) }
scene 3 -> 1 at frame 4252 position (304, 264)
target scene=1 area=(400, 344) event=18 script=4643 mode=5 state=1 player=(464, 376) pos=(416, 400) path=2
learned targeted exit AreaKey { scene: 1, anchor: (400, 344) } event=18 -> AreaKey { scene: 3, anchor: (160, 112) }
learned exit AreaKey { scene: 1, anchor: (400, 344) } event=18 -> AreaKey { scene: 3, anchor: (160, 112) }
scene 1 -> 3 at frame 4254 position (1088, 1232)
target scene=3 area=(160, 112) event=49 script=6226 mode=5 state=1 player=(1248, 1344) pos=(1280, 1472) path=54
learned exit AreaKey { scene: 3, anchor: (160, 112) } event=53 -> AreaKey { scene: 1, anchor: (400, 344) }
scene 3 -> 1 at frame 4256 position (304, 264)
target scene=1 area=(400, 344) event=18 script=4643 mode=5 state=1 player=(464, 376) pos=(416, 400) path=2
learned targeted exit AreaKey { scene: 1, anchor: (400, 344) } event=18 -> AreaKey { scene: 3, anchor: (160, 112) }
learned exit AreaKey { scene: 1, anchor: (400, 344) } event=18 -> AreaKey { scene: 3, anchor: (160, 112) }
scene 1 -> 3 at frame 4258 position (1088, 1232)
target scene=3 area=(160, 112) event=49 script=6226 mode=5 state=1 player=(1248, 1344) pos=(1280, 1472) path=54
learned exit AreaKey { scene: 3, anchor: (160, 112) } event=53 -> AreaKey { scene: 1, anchor: (400, 344) }
scene 3 -> 1 at frame 4260 position (304, 264)
target scene=1 area=(400, 344) event=18 script=4643 mode=5 state=1 player=(464, 376) pos=(416, 400) path=2
learned targeted exit AreaKey { scene: 1, anchor: (400, 344) } event=18 -> AreaKey { scene: 3, anchor: (160, 112) }
learned exit AreaKey { scene: 1, anchor: (400, 344) } event=18 -> AreaKey { scene: 3, anchor: (160, 112) }
scene 1 -> 3 at frame 4262 position (1088, 1232)
target scene=3 area=(160, 112) event=49 script=6226 mode=5 state=1 player=(1248, 1344) pos=(1280, 1472) path=54
learned exit AreaKey { scene: 3, anchor: (160, 112) } event=53 -> AreaKey { scene: 1, anchor: (400, 344) }
scene 3 -> 1 at frame 4264 position (304, 264)
target scene=1 area=(400, 344) event=18 script=4643 mode=5 state=1 player=(464, 376) pos=(416, 400) path=2
learned targeted exit AreaKey { scene: 1, anchor: (400, 344) } event=18 -> AreaKey { scene: 3, anchor: (160, 112) }
learned exit AreaKey { scene: 1, anchor: (400, 344) } event=18 -> AreaKey { scene: 3, anchor: (160, 112) }
scene 1 -> 3 at frame 4266 position (1088, 1232)
target scene=3 area=(160, 112) event=49 script=6226 mode=5 state=1 player=(1248, 1344) pos=(1280, 1472) path=54
learned exit AreaKey { scene: 3, anchor: (160, 112) } event=53 -> AreaKey { scene: 1, anchor: (400, 344) }
scene 3 -> 1 at frame 4268 position (304, 264)
target scene=1 area=(400, 344) event=18 script=4643 mode=5 state=1 player=(464, 376) pos=(416, 400) path=2
learned targeted exit AreaKey { scene: 1, anchor: (400, 344) } event=18 -> AreaKey { scene: 3, anchor: (160, 112) }
learned exit AreaKey { scene: 1, anchor: (400, 344) } event=18 -> AreaKey { scene: 3, anchor: (160, 112) }
scene 1 -> 3 at frame 4270 position (1088, 1232)
target scene=3 area=(160, 112) event=49 script=6226 mode=5 state=1 player=(1248, 1344) pos=(1280, 1472) path=54
learned exit AreaKey { scene: 3, anchor: (160, 112) } event=53 -> AreaKey { scene: 1, anchor: (400, 344) }
scene 3 -> 1 at frame 4272 position (304, 264)
target scene=1 area=(400, 344) event=18 script=4643 mode=5 state=1 player=(464, 376) pos=(416, 400) path=2
learned targeted exit AreaKey { scene: 1, anchor: (400, 344) } event=18 -> AreaKey { scene: 3, anchor: (160, 112) }
learned exit AreaKey { scene: 1, anchor: (400, 344) } event=18 -> AreaKey { scene: 3, anchor: (160, 112) }
scene 1 -> 3 at frame 4274 position (1088, 1232)
target scene=3 area=(160, 112) event=49 script=6226 mode=5 state=1 player=(1248, 1344) pos=(1280, 1472) path=54
learned exit AreaKey { scene: 3, anchor: (160, 112) } event=53 -> AreaKey { scene: 1, anchor: (400, 344) }
scene 3 -> 1 at frame 4276 position (304, 264)
target scene=1 area=(400, 344) event=18 script=4643 mode=5 state=1 player=(464, 376) pos=(416, 400) path=2
learned targeted exit AreaKey { scene: 1, anchor: (400, 344) } event=18 -> AreaKey { scene: 3, anchor: (160, 112) }
learned exit AreaKey { scene: 1, anchor: (400, 344) } event=18 -> AreaKey { scene: 3, anchor: (160, 112) }
scene 1 -> 3 at frame 4278 position (1088, 1232)
target scene=3 area=(160, 112) event=49 script=6226 mode=5 state=1 player=(1248, 1344) pos=(1280, 1472) path=54
learned exit AreaKey { scene: 3, anchor: (160, 112) } event=53 -> AreaKey { scene: 1, anchor: (400, 344) }
scene 3 -> 1 at frame 4280 position (304, 264)
target scene=1 area=(400, 344) event=18 script=4643 mode=5 state=1 player=(464, 376) pos=(416, 400) path=2
learned targeted exit AreaKey { scene: 1, anchor: (400, 344) } event=18 -> AreaKey { scene: 3, anchor: (160, 112) }
learned exit AreaKey { scene: 1, anchor: (400, 344) } event=18 -> AreaKey { scene: 3, anchor: (160, 112) }
scene 1 -> 3 at frame 4282 position (1088, 1232)
target scene=3 area=(160, 112) event=49 script=6226 mode=5 state=1 player=(1248, 1344) pos=(1280, 1472) path=54
learned exit AreaKey { scene: 3, anchor: (160, 112) } event=53 -> AreaKey { scene: 1, anchor: (400, 344) }
scene 3 -> 1 at frame 4284 position (304, 264)
target scene=1 area=(400, 344) event=18 script=4643 mode=5 state=1 player=(464, 376) pos=(416, 400) path=2
learned targeted exit AreaKey { scene: 1, anchor: (400, 344) } event=18 -> AreaKey { scene: 3, anchor: (160, 112) }
learned exit AreaKey { scene: 1, anchor: (400, 344) } event=18 -> AreaKey { scene: 3, anchor: (160, 112) }
scene 1 -> 3 at frame 4286 position (1088, 1232)
target scene=3 area=(160, 112) event=49 script=6226 mode=5 state=1 player=(1248, 1344) pos=(1280, 1472) path=54
learned exit AreaKey { scene: 3, anchor: (160, 112) } event=53 -> AreaKey { scene: 1, anchor: (400, 344) }
scene 3 -> 1 at frame 4288 position (304, 264)
target scene=1 area=(400, 344) event=18 script=4643 mode=5 state=1 player=(464, 376) pos=(416, 400) path=2
learned targeted exit AreaKey { scene: 1, anchor: (400, 344) } event=18 -> AreaKey { scene: 3, anchor: (160, 112) }
learned exit AreaKey { scene: 1, anchor: (400, 344) } event=18 -> AreaKey { scene: 3, anchor: (160, 112) }
scene 1 -> 3 at frame 4290 position (1088, 1232)
target scene=3 area=(160, 112) event=49 script=6226 mode=5 state=1 player=(1248, 1344) pos=(1280, 1472) path=54
learned exit AreaKey { scene: 3, anchor: (160, 112) } event=53 -> AreaKey { scene: 1, anchor: (400, 344) }
scene 3 -> 1 at frame 4292 position (304, 264)
target scene=1 area=(400, 344) event=18 script=4643 mode=5 state=1 player=(464, 376) pos=(416, 400) path=2
learned targeted exit AreaKey { scene: 1, anchor: (400, 344) } event=18 -> AreaKey { scene: 3, anchor: (160, 112) }
learned exit AreaKey { scene: 1, anchor: (400, 344) } event=18 -> AreaKey { scene: 3, anchor: (160, 112) }
scene 1 -> 3 at frame 4294 position (1088, 1232)
target scene=3 area=(160, 112) event=49 script=6226 mode=5 state=1 player=(1248, 1344) pos=(1280, 1472) path=54
learned exit AreaKey { scene: 3, anchor: (160, 112) } event=53 -> AreaKey { scene: 1, anchor: (400, 344) }
scene 3 -> 1 at frame 4296 position (304, 264)
target scene=1 area=(400, 344) event=18 script=4643 mode=5 state=1 player=(464, 376) pos=(416, 400) path=2
learned targeted exit AreaKey { scene: 1, anchor: (400, 344) } event=18 -> AreaKey { scene: 3, anchor: (160, 112) }
learned exit AreaKey { scene: 1, anchor: (400, 344) } event=18 -> AreaKey { scene: 3, anchor: (160, 112) }
scene 1 -> 3 at frame 4298 position (1088, 1232)
target scene=3 area=(160, 112) event=49 script=6226 mode=5 state=1 player=(1248, 1344) pos=(1280, 1472) path=54
learned exit AreaKey { scene: 3, anchor: (160, 112) } event=53 -> AreaKey { scene: 1, anchor: (400, 344) }
scene 3 -> 1 at frame 4300 position (304, 264)
target scene=1 area=(400, 344) event=18 script=4643 mode=5 state=1 player=(464, 376) pos=(416, 400) path=2
learned targeted exit AreaKey { scene: 1, anchor: (400, 344) } event=18 -> AreaKey { scene: 3, anchor: (160, 112) }
learned exit AreaKey { scene: 1, anchor: (400, 344) } event=18 -> AreaKey { scene: 3, anchor: (160, 112) }
scene 1 -> 3 at frame 4302 position (1088, 1232)
target scene=3 area=(160, 112) event=49 script=6226 mode=5 state=1 player=(1248, 1344) pos=(1280, 1472) path=54
learned exit AreaKey { scene: 3, anchor: (160, 112) } event=53 -> AreaKey { scene: 1, anchor: (400, 344) }
scene 3 -> 1 at frame 4304 position (304, 264)
target scene=1 area=(400, 344) event=18 script=4643 mode=5 state=1 player=(464, 376) pos=(416, 400) path=2
learned targeted exit AreaKey { scene: 1, anchor: (400, 344) } event=18 -> AreaKey { scene: 3, anchor: (160, 112) }
learned exit AreaKey { scene: 1, anchor: (400, 344) } event=18 -> AreaKey { scene: 3, anchor: (160, 112) }
scene 1 -> 3 at frame 4306 position (1088, 1232)
target scene=3 area=(160, 112) event=49 script=6226 mode=5 state=1 player=(1248, 1344) pos=(1280, 1472) path=54
learned exit AreaKey { scene: 3, anchor: (160, 112) } event=53 -> AreaKey { scene: 1, anchor: (400, 344) }
scene 3 -> 1 at frame 4308 position (304, 264)
target scene=1 area=(400, 344) event=18 script=4643 mode=5 state=1 player=(464, 376) pos=(416, 400) path=2
learned targeted exit AreaKey { scene: 1, anchor: (400, 344) } event=18 -> AreaKey { scene: 3, anchor: (160, 112) }
learned exit AreaKey { scene: 1, anchor: (400, 344) } event=18 -> AreaKey { scene: 3, anchor: (160, 112) }
scene 1 -> 3 at frame 4310 position (1088, 1232)
target scene=3 area=(160, 112) event=49 script=6226 mode=5 state=1 player=(1248, 1344) pos=(1280, 1472) path=54
learned exit AreaKey { scene: 3, anchor: (160, 112) } event=53 -> AreaKey { scene: 1, anchor: (400, 344) }
scene 3 -> 1 at frame 4312 position (304, 264)
target scene=1 area=(400, 344) event=18 script=4643 mode=5 state=1 player=(464, 376) pos=(416, 400) path=2
learned targeted exit AreaKey { scene: 1, anchor: (400, 344) } event=18 -> AreaKey { scene: 3, anchor: (160, 112) }
learned exit AreaKey { scene: 1, anchor: (400, 344) } event=18 -> AreaKey { scene: 3, anchor: (160, 112) }
scene 1 -> 3 at frame 4314 position (1088, 1232)
target scene=3 area=(160, 112) event=49 script=6226 mode=5 state=1 player=(1248, 1344) pos=(1280, 1472) path=54
learned exit AreaKey { scene: 3, anchor: (160, 112) } event=53 -> AreaKey { scene: 1, anchor: (400, 344) }
scene 3 -> 1 at frame 4316 position (304, 264)
target scene=1 area=(400, 344) event=18 script=4643 mode=5 state=1 player=(464, 376) pos=(416, 400) path=2
learned targeted exit AreaKey { scene: 1, anchor: (400, 344) } event=18 -> AreaKey { scene: 3, anchor: (160, 112) }
learned exit AreaKey { scene: 1, anchor: (400, 344) } event=18 -> AreaKey { scene: 3, anchor: (160, 112) }
scene 1 -> 3 at frame 4318 position (1088, 1232)
target scene=3 area=(160, 112) event=49 script=6226 mode=5 state=1 player=(1248, 1344) pos=(1280, 1472) path=54
learned exit AreaKey { scene: 3, anchor: (160, 112) } event=53 -> AreaKey { scene: 1, anchor: (400, 344) }
scene 3 -> 1 at frame 4320 position (304, 264)
target scene=1 area=(400, 344) event=18 script=4643 mode=5 state=1 player=(464, 376) pos=(416, 400) path=2
learned targeted exit AreaKey { scene: 1, anchor: (400, 344) } event=18 -> AreaKey { scene: 3, anchor: (160, 112) }
learned exit AreaKey { scene: 1, anchor: (400, 344) } event=18 -> AreaKey { scene: 3, anchor: (160, 112) }
scene 1 -> 3 at frame 4322 position (1088, 1232)
target scene=3 area=(160, 112) event=49 script=6226 mode=5 state=1 player=(1248, 1344) pos=(1280, 1472) path=54
learned exit AreaKey { scene: 3, anchor: (160, 112) } event=53 -> AreaKey { scene: 1, anchor: (400, 344) }
scene 3 -> 1 at frame 4324 position (304, 264)
target scene=1 area=(400, 344) event=18 script=4643 mode=5 state=1 player=(464, 376) pos=(416, 400) path=2
learned targeted exit AreaKey { scene: 1, anchor: (400, 344) } event=18 -> AreaKey { scene: 3, anchor: (160, 112) }
learned exit AreaKey { scene: 1, anchor: (400, 344) } event=18 -> AreaKey { scene: 3, anchor: (160, 112) }
scene 1 -> 3 at frame 4326 position (1088, 1232)
target scene=3 area=(160, 112) event=49 script=6226 mode=5 state=1 player=(1248, 1344) pos=(1280, 1472) path=54
learned exit AreaKey { scene: 3, anchor: (160, 112) } event=53 -> AreaKey { scene: 1, anchor: (400, 344) }
scene 3 -> 1 at frame 4328 position (304, 264)
target scene=1 area=(400, 344) event=18 script=4643 mode=5 state=1 player=(464, 376) pos=(416, 400) path=2
learned targeted exit AreaKey { scene: 1, anchor: (400, 344) } event=18 -> AreaKey { scene: 3, anchor: (160, 112) }
learned exit AreaKey { scene: 1, anchor: (400, 344) } event=18 -> AreaKey { scene: 3, anchor: (160, 112) }
scene 1 -> 3 at frame 4330 position (1088, 1232)
target scene=3 area=(160, 112) event=49 script=6226 mode=5 state=1 player=(1248, 1344) pos=(1280, 1472) path=54
learned exit AreaKey { scene: 3, anchor: (160, 112) } event=53 -> AreaKey { scene: 1, anchor: (400, 344) }
scene 3 -> 1 at frame 4332 position (304, 264)
target scene=1 area=(400, 344) event=18 script=4643 mode=5 state=1 player=(464, 376) pos=(416, 400) path=2
learned targeted exit AreaKey { scene: 1, anchor: (400, 344) } event=18 -> AreaKey { scene: 3, anchor: (160, 112) }
learned exit AreaKey { scene: 1, anchor: (400, 344) } event=18 -> AreaKey { scene: 3, anchor: (160, 112) }
scene 1 -> 3 at frame 4334 position (1088, 1232)
target scene=3 area=(160, 112) event=49 script=6226 mode=5 state=1 player=(1248, 1344) pos=(1280, 1472) path=54
learned exit AreaKey { scene: 3, anchor: (160, 112) } event=53 -> AreaKey { scene: 1, anchor: (400, 344) }
scene 3 -> 1 at frame 4336 position (304, 264)
target scene=1 area=(400, 344) event=18 script=4643 mode=5 state=1 player=(464, 376) pos=(416, 400) path=2
learned targeted exit AreaKey { scene: 1, anchor: (400, 344) } event=18 -> AreaKey { scene: 3, anchor: (160, 112) }
learned exit AreaKey { scene: 1, anchor: (400, 344) } event=18 -> AreaKey { scene: 3, anchor: (160, 112) }
scene 1 -> 3 at frame 4338 position (1088, 1232)
target scene=3 area=(160, 112) event=49 script=6226 mode=5 state=1 player=(1248, 1344) pos=(1280, 1472) path=54
learned exit AreaKey { scene: 3, anchor: (160, 112) } event=53 -> AreaKey { scene: 1, anchor: (400, 344) }
scene 3 -> 1 at frame 4340 position (304, 264)
target scene=1 area=(400, 344) event=18 script=4643 mode=5 state=1 player=(464, 376) pos=(416, 400) path=2
learned targeted exit AreaKey { scene: 1, anchor: (400, 344) } event=18 -> AreaKey { scene: 3, anchor: (160, 112) }
learned exit AreaKey { scene: 1, anchor: (400, 344) } event=18 -> AreaKey { scene: 3, anchor: (160, 112) }
scene 1 -> 3 at frame 4342 position (1088, 1232)
target scene=3 area=(160, 112) event=49 script=6226 mode=5 state=1 player=(1248, 1344) pos=(1280, 1472) path=54
learned exit AreaKey { scene: 3, anchor: (160, 112) } event=53 -> AreaKey { scene: 1, anchor: (400, 344) }
scene 3 -> 1 at frame 4344 position (304, 264)
target scene=1 area=(400, 344) event=18 script=4643 mode=5 state=1 player=(464, 376) pos=(416, 400) path=2
learned targeted exit AreaKey { scene: 1, anchor: (400, 344) } event=18 -> AreaKey { scene: 3, anchor: (160, 112) }
learned exit AreaKey { scene: 1, anchor: (400, 344) } event=18 -> AreaKey { scene: 3, anchor: (160, 112) }
scene 1 -> 3 at frame 4346 position (1088, 1232)
target scene=3 area=(160, 112) event=49 script=6226 mode=5 state=1 player=(1248, 1344) pos=(1280, 1472) path=54
learned exit AreaKey { scene: 3, anchor: (160, 112) } event=53 -> AreaKey { scene: 1, anchor: (400, 344) }
scene 3 -> 1 at frame 4348 position (304, 264)
target scene=1 area=(400, 344) event=18 script=4643 mode=5 state=1 player=(464, 376) pos=(416, 400) path=2
learned targeted exit AreaKey { scene: 1, anchor: (400, 344) } event=18 -> AreaKey { scene: 3, anchor: (160, 112) }
learned exit AreaKey { scene: 1, anchor: (400, 344) } event=18 -> AreaKey { scene: 3, anchor: (160, 112) }
scene 1 -> 3 at frame 4350 position (1088, 1232)
target scene=3 area=(160, 112) event=49 script=6226 mode=5 state=1 player=(1248, 1344) pos=(1280, 1472) path=54
learned exit AreaKey { scene: 3, anchor: (160, 112) } event=53 -> AreaKey { scene: 1, anchor: (400, 344) }
scene 3 -> 1 at frame 4352 position (304, 264)
target scene=1 area=(400, 344) event=18 script=4643 mode=5 state=1 player=(464, 376) pos=(416, 400) path=2
learned targeted exit AreaKey { scene: 1, anchor: (400, 344) } event=18 -> AreaKey { scene: 3, anchor: (160, 112) }
learned exit AreaKey { scene: 1, anchor: (400, 344) } event=18 -> AreaKey { scene: 3, anchor: (160, 112) }
scene 1 -> 3 at frame 4354 position (1088, 1232)
target scene=3 area=(160, 112) event=49 script=6226 mode=5 state=1 player=(1248, 1344) pos=(1280, 1472) path=54
learned exit AreaKey { scene: 3, anchor: (160, 112) } event=53 -> AreaKey { scene: 1, anchor: (400, 344) }
scene 3 -> 1 at frame 4356 position (304, 264)
target scene=1 area=(400, 344) event=18 script=4643 mode=5 state=1 player=(464, 376) pos=(416, 400) path=2
learned targeted exit AreaKey { scene: 1, anchor: (400, 344) } event=18 -> AreaKey { scene: 3, anchor: (160, 112) }
learned exit AreaKey { scene: 1, anchor: (400, 344) } event=18 -> AreaKey { scene: 3, anchor: (160, 112) }
scene 1 -> 3 at frame 4358 position (1088, 1232)
target scene=3 area=(160, 112) event=49 script=6226 mode=5 state=1 player=(1248, 1344) pos=(1280, 1472) path=54
learned exit AreaKey { scene: 3, anchor: (160, 112) } event=53 -> AreaKey { scene: 1, anchor: (400, 344) }
scene 3 -> 1 at frame 4360 position (304, 264)
target scene=1 area=(400, 344) event=18 script=4643 mode=5 state=1 player=(464, 376) pos=(416, 400) path=2
learned targeted exit AreaKey { scene: 1, anchor: (400, 344) } event=18 -> AreaKey { scene: 3, anchor: (160, 112) }
learned exit AreaKey { scene: 1, anchor: (400, 344) } event=18 -> AreaKey { scene: 3, anchor: (160, 112) }
scene 1 -> 3 at frame 4362 position (1088, 1232)
target scene=3 area=(160, 112) event=49 script=6226 mode=5 state=1 player=(1248, 1344) pos=(1280, 1472) path=54
learned exit AreaKey { scene: 3, anchor: (160, 112) } event=53 -> AreaKey { scene: 1, anchor: (400, 344) }
scene 3 -> 1 at frame 4364 position (304, 264)
target scene=1 area=(400, 344) event=18 script=4643 mode=5 state=1 player=(464, 376) pos=(416, 400) path=2
learned targeted exit AreaKey { scene: 1, anchor: (400, 344) } event=18 -> AreaKey { scene: 3, anchor: (160, 112) }
learned exit AreaKey { scene: 1, anchor: (400, 344) } event=18 -> AreaKey { scene: 3, anchor: (160, 112) }
scene 1 -> 3 at frame 4366 position (1088, 1232)
target scene=3 area=(160, 112) event=49 script=6226 mode=5 state=1 player=(1248, 1344) pos=(1280, 1472) path=54
learned exit AreaKey { scene: 3, anchor: (160, 112) } event=53 -> AreaKey { scene: 1, anchor: (400, 344) }
scene 3 -> 1 at frame 4368 position (304, 264)
target scene=1 area=(400, 344) event=18 script=4643 mode=5 state=1 player=(464, 376) pos=(416, 400) path=2
learned targeted exit AreaKey { scene: 1, anchor: (400, 344) } event=18 -> AreaKey { scene: 3, anchor: (160, 112) }
learned exit AreaKey { scene: 1, anchor: (400, 344) } event=18 -> AreaKey { scene: 3, anchor: (160, 112) }
scene 1 -> 3 at frame 4370 position (1088, 1232)
target scene=3 area=(160, 112) event=49 script=6226 mode=5 state=1 player=(1248, 1344) pos=(1280, 1472) path=54
learned exit AreaKey { scene: 3, anchor: (160, 112) } event=53 -> AreaKey { scene: 1, anchor: (400, 344) }
scene 3 -> 1 at frame 4372 position (304, 264)
target scene=1 area=(400, 344) event=18 script=4643 mode=5 state=1 player=(464, 376) pos=(416, 400) path=2
learned targeted exit AreaKey { scene: 1, anchor: (400, 344) } event=18 -> AreaKey { scene: 3, anchor: (160, 112) }
learned exit AreaKey { scene: 1, anchor: (400, 344) } event=18 -> AreaKey { scene: 3, anchor: (160, 112) }
scene 1 -> 3 at frame 4374 position (1088, 1232)
target scene=3 area=(160, 112) event=49 script=6226 mode=5 state=1 player=(1248, 1344) pos=(1280, 1472) path=54
learned exit AreaKey { scene: 3, anchor: (160, 112) } event=53 -> AreaKey { scene: 1, anchor: (400, 344) }
scene 3 -> 1 at frame 4376 position (304, 264)
target scene=1 area=(400, 344) event=18 script=4643 mode=5 state=1 player=(464, 376) pos=(416, 400) path=2
learned targeted exit AreaKey { scene: 1, anchor: (400, 344) } event=18 -> AreaKey { scene: 3, anchor: (160, 112) }
learned exit AreaKey { scene: 1, anchor: (400, 344) } event=18 -> AreaKey { scene: 3, anchor: (160, 112) }
scene 1 -> 3 at frame 4378 position (1088, 1232)
target scene=3 area=(160, 112) event=49 script=6226 mode=5 state=1 player=(1248, 1344) pos=(1280, 1472) path=54
learned exit AreaKey { scene: 3, anchor: (160, 112) } event=53 -> AreaKey { scene: 1, anchor: (400, 344) }
scene 3 -> 1 at frame 4380 position (304, 264)
target scene=1 area=(400, 344) event=18 script=4643 mode=5 state=1 player=(464, 376) pos=(416, 400) path=2
learned targeted exit AreaKey { scene: 1, anchor: (400, 344) } event=18 -> AreaKey { scene: 3, anchor: (160, 112) }
learned exit AreaKey { scene: 1, anchor: (400, 344) } event=18 -> AreaKey { scene: 3, anchor: (160, 112) }
scene 1 -> 3 at frame 4382 position (1088, 1232)
target scene=3 area=(160, 112) event=49 script=6226 mode=5 state=1 player=(1248, 1344) pos=(1280, 1472) path=54
learned exit AreaKey { scene: 3, anchor: (160, 112) } event=53 -> AreaKey { scene: 1, anchor: (400, 344) }
scene 3 -> 1 at frame 4384 position (304, 264)
target scene=1 area=(400, 344) event=18 script=4643 mode=5 state=1 player=(464, 376) pos=(416, 400) path=2
learned targeted exit AreaKey { scene: 1, anchor: (400, 344) } event=18 -> AreaKey { scene: 3, anchor: (160, 112) }
learned exit AreaKey { scene: 1, anchor: (400, 344) } event=18 -> AreaKey { scene: 3, anchor: (160, 112) }
scene 1 -> 3 at frame 4386 position (1088, 1232)
target scene=3 area=(160, 112) event=49 script=6226 mode=5 state=1 player=(1248, 1344) pos=(1280, 1472) path=54
learned exit AreaKey { scene: 3, anchor: (160, 112) } event=53 -> AreaKey { scene: 1, anchor: (400, 344) }
scene 3 -> 1 at frame 4388 position (304, 264)
target scene=1 area=(400, 344) event=18 script=4643 mode=5 state=1 player=(464, 376) pos=(416, 400) path=2
learned targeted exit AreaKey { scene: 1, anchor: (400, 344) } event=18 -> AreaKey { scene: 3, anchor: (160, 112) }
learned exit AreaKey { scene: 1, anchor: (400, 344) } event=18 -> AreaKey { scene: 3, anchor: (160, 112) }
scene 1 -> 3 at frame 4390 position (1088, 1232)
target scene=3 area=(160, 112) event=49 script=6226 mode=5 state=1 player=(1248, 1344) pos=(1280, 1472) path=54
learned exit AreaKey { scene: 3, anchor: (160, 112) } event=53 -> AreaKey { scene: 1, anchor: (400, 344) }
scene 3 -> 1 at frame 4392 position (304, 264)
target scene=1 area=(400, 344) event=18 script=4643 mode=5 state=1 player=(464, 376) pos=(416, 400) path=2
learned targeted exit AreaKey { scene: 1, anchor: (400, 344) } event=18 -> AreaKey { scene: 3, anchor: (160, 112) }
learned exit AreaKey { scene: 1, anchor: (400, 344) } event=18 -> AreaKey { scene: 3, anchor: (160, 112) }
scene 1 -> 3 at frame 4394 position (1088, 1232)
target scene=3 area=(160, 112) event=49 script=6226 mode=5 state=1 player=(1248, 1344) pos=(1280, 1472) path=54
learned exit AreaKey { scene: 3, anchor: (160, 112) } event=53 -> AreaKey { scene: 1, anchor: (400, 344) }
scene 3 -> 1 at frame 4396 position (304, 264)
target scene=1 area=(400, 344) event=18 script=4643 mode=5 state=1 player=(464, 376) pos=(416, 400) path=2
learned targeted exit AreaKey { scene: 1, anchor: (400, 344) } event=18 -> AreaKey { scene: 3, anchor: (160, 112) }
learned exit AreaKey { scene: 1, anchor: (400, 344) } event=18 -> AreaKey { scene: 3, anchor: (160, 112) }
scene 1 -> 3 at frame 4398 position (1088, 1232)
target scene=3 area=(160, 112) event=49 script=6226 mode=5 state=1 player=(1248, 1344) pos=(1280, 1472) path=54
learned exit AreaKey { scene: 3, anchor: (160, 112) } event=53 -> AreaKey { scene: 1, anchor: (400, 344) }
scene 3 -> 1 at frame 4400 position (304, 264)
target scene=1 area=(400, 344) event=18 script=4643 mode=5 state=1 player=(464, 376) pos=(416, 400) path=2
learned targeted exit AreaKey { scene: 1, anchor: (400, 344) } event=18 -> AreaKey { scene: 3, anchor: (160, 112) }
learned exit AreaKey { scene: 1, anchor: (400, 344) } event=18 -> AreaKey { scene: 3, anchor: (160, 112) }
scene 1 -> 3 at frame 4402 position (1088, 1232)
target scene=3 area=(160, 112) event=49 script=6226 mode=5 state=1 player=(1248, 1344) pos=(1280, 1472) path=54
learned exit AreaKey { scene: 3, anchor: (160, 112) } event=53 -> AreaKey { scene: 1, anchor: (400, 344) }
scene 3 -> 1 at frame 4404 position (304, 264)
target scene=1 area=(400, 344) event=18 script=4643 mode=5 state=1 player=(464, 376) pos=(416, 400) path=2
learned targeted exit AreaKey { scene: 1, anchor: (400, 344) } event=18 -> AreaKey { scene: 3, anchor: (160, 112) }
learned exit AreaKey { scene: 1, anchor: (400, 344) } event=18 -> AreaKey { scene: 3, anchor: (160, 112) }
scene 1 -> 3 at frame 4406 position (1088, 1232)
target scene=3 area=(160, 112) event=49 script=6226 mode=5 state=1 player=(1248, 1344) pos=(1280, 1472) path=54
learned exit AreaKey { scene: 3, anchor: (160, 112) } event=53 -> AreaKey { scene: 1, anchor: (400, 344) }
scene 3 -> 1 at frame 4408 position (304, 264)
target scene=1 area=(400, 344) event=18 script=4643 mode=5 state=1 player=(464, 376) pos=(416, 400) path=2
learned targeted exit AreaKey { scene: 1, anchor: (400, 344) } event=18 -> AreaKey { scene: 3, anchor: (160, 112) }
learned exit AreaKey { scene: 1, anchor: (400, 344) } event=18 -> AreaKey { scene: 3, anchor: (160, 112) }
scene 1 -> 3 at frame 4410 position (1088, 1232)
target scene=3 area=(160, 112) event=49 script=6226 mode=5 state=1 player=(1248, 1344) pos=(1280, 1472) path=54
learned exit AreaKey { scene: 3, anchor: (160, 112) } event=53 -> AreaKey { scene: 1, anchor: (400, 344) }
scene 3 -> 1 at frame 4412 position (304, 264)
target scene=1 area=(400, 344) event=18 script=4643 mode=5 state=1 player=(464, 376) pos=(416, 400) path=2
learned targeted exit AreaKey { scene: 1, anchor: (400, 344) } event=18 -> AreaKey { scene: 3, anchor: (160, 112) }
learned exit AreaKey { scene: 1, anchor: (400, 344) } event=18 -> AreaKey { scene: 3, anchor: (160, 112) }
scene 1 -> 3 at frame 4414 position (1088, 1232)
target scene=3 area=(160, 112) event=49 script=6226 mode=5 state=1 player=(1248, 1344) pos=(1280, 1472) path=54
learned exit AreaKey { scene: 3, anchor: (160, 112) } event=53 -> AreaKey { scene: 1, anchor: (400, 344) }
scene 3 -> 1 at frame 4416 position (304, 264)
target scene=1 area=(400, 344) event=18 script=4643 mode=5 state=1 player=(464, 376) pos=(416, 400) path=2
learned targeted exit AreaKey { scene: 1, anchor: (400, 344) } event=18 -> AreaKey { scene: 3, anchor: (160, 112) }
learned exit AreaKey { scene: 1, anchor: (400, 344) } event=18 -> AreaKey { scene: 3, anchor: (160, 112) }
scene 1 -> 3 at frame 4418 position (1088, 1232)
target scene=3 area=(160, 112) event=49 script=6226 mode=5 state=1 player=(1248, 1344) pos=(1280, 1472) path=54
learned exit AreaKey { scene: 3, anchor: (160, 112) } event=53 -> AreaKey { scene: 1, anchor: (400, 344) }
scene 3 -> 1 at frame 4420 position (304, 264)
target scene=1 area=(400, 344) event=18 script=4643 mode=5 state=1 player=(464, 376) pos=(416, 400) path=2
learned targeted exit AreaKey { scene: 1, anchor: (400, 344) } event=18 -> AreaKey { scene: 3, anchor: (160, 112) }
learned exit AreaKey { scene: 1, anchor: (400, 344) } event=18 -> AreaKey { scene: 3, anchor: (160, 112) }
scene 1 -> 3 at frame 4422 position (1088, 1232)
target scene=3 area=(160, 112) event=49 script=6226 mode=5 state=1 player=(1248, 1344) pos=(1280, 1472) path=54
learned exit AreaKey { scene: 3, anchor: (160, 112) } event=53 -> AreaKey { scene: 1, anchor: (400, 344) }
scene 3 -> 1 at frame 4424 position (304, 264)
target scene=1 area=(400, 344) event=18 script=4643 mode=5 state=1 player=(464, 376) pos=(416, 400) path=2
learned targeted exit AreaKey { scene: 1, anchor: (400, 344) } event=18 -> AreaKey { scene: 3, anchor: (160, 112) }
learned exit AreaKey { scene: 1, anchor: (400, 344) } event=18 -> AreaKey { scene: 3, anchor: (160, 112) }
scene 1 -> 3 at frame 4426 position (1088, 1232)
target scene=3 area=(160, 112) event=49 script=6226 mode=5 state=1 player=(1248, 1344) pos=(1280, 1472) path=54
learned exit AreaKey { scene: 3, anchor: (160, 112) } event=53 -> AreaKey { scene: 1, anchor: (400, 344) }
scene 3 -> 1 at frame 4428 position (304, 264)
target scene=1 area=(400, 344) event=18 script=4643 mode=5 state=1 player=(464, 376) pos=(416, 400) path=2
learned targeted exit AreaKey { scene: 1, anchor: (400, 344) } event=18 -> AreaKey { scene: 3, anchor: (160, 112) }
learned exit AreaKey { scene: 1, anchor: (400, 344) } event=18 -> AreaKey { scene: 3, anchor: (160, 112) }
scene 1 -> 3 at frame 4430 position (1088, 1232)
target scene=3 area=(160, 112) event=49 script=6226 mode=5 state=1 player=(1248, 1344) pos=(1280, 1472) path=54
learned exit AreaKey { scene: 3, anchor: (160, 112) } event=53 -> AreaKey { scene: 1, anchor: (400, 344) }
scene 3 -> 1 at frame 4432 position (304, 264)
target scene=1 area=(400, 344) event=18 script=4643 mode=5 state=1 player=(464, 376) pos=(416, 400) path=2
learned targeted exit AreaKey { scene: 1, anchor: (400, 344) } event=18 -> AreaKey { scene: 3, anchor: (160, 112) }
learned exit AreaKey { scene: 1, anchor: (400, 344) } event=18 -> AreaKey { scene: 3, anchor: (160, 112) }
scene 1 -> 3 at frame 4434 position (1088, 1232)
target scene=3 area=(160, 112) event=49 script=6226 mode=5 state=1 player=(1248, 1344) pos=(1280, 1472) path=54
learned exit AreaKey { scene: 3, anchor: (160, 112) } event=53 -> AreaKey { scene: 1, anchor: (400, 344) }
scene 3 -> 1 at frame 4436 position (304, 264)
target scene=1 area=(400, 344) event=18 script=4643 mode=5 state=1 player=(464, 376) pos=(416, 400) path=2
learned targeted exit AreaKey { scene: 1, anchor: (400, 344) } event=18 -> AreaKey { scene: 3, anchor: (160, 112) }
learned exit AreaKey { scene: 1, anchor: (400, 344) } event=18 -> AreaKey { scene: 3, anchor: (160, 112) }
scene 1 -> 3 at frame 4438 position (1088, 1232)
target scene=3 area=(160, 112) event=49 script=6226 mode=5 state=1 player=(1248, 1344) pos=(1280, 1472) path=54
learned exit AreaKey { scene: 3, anchor: (160, 112) } event=53 -> AreaKey { scene: 1, anchor: (400, 344) }
scene 3 -> 1 at frame 4440 position (304, 264)
target scene=1 area=(400, 344) event=18 script=4643 mode=5 state=1 player=(464, 376) pos=(416, 400) path=2
learned targeted exit AreaKey { scene: 1, anchor: (400, 344) } event=18 -> AreaKey { scene: 3, anchor: (160, 112) }
learned exit AreaKey { scene: 1, anchor: (400, 344) } event=18 -> AreaKey { scene: 3, anchor: (160, 112) }
scene 1 -> 3 at frame 4442 position (1088, 1232)
target scene=3 area=(160, 112) event=49 script=6226 mode=5 state=1 player=(1248, 1344) pos=(1280, 1472) path=54
learned exit AreaKey { scene: 3, anchor: (160, 112) } event=53 -> AreaKey { scene: 1, anchor: (400, 344) }
scene 3 -> 1 at frame 4444 position (304, 264)
target scene=1 area=(400, 344) event=18 script=4643 mode=5 state=1 player=(464, 376) pos=(416, 400) path=2
learned targeted exit AreaKey { scene: 1, anchor: (400, 344) } event=18 -> AreaKey { scene: 3, anchor: (160, 112) }
learned exit AreaKey { scene: 1, anchor: (400, 344) } event=18 -> AreaKey { scene: 3, anchor: (160, 112) }
scene 1 -> 3 at frame 4446 position (1088, 1232)
target scene=3 area=(160, 112) event=49 script=6226 mode=5 state=1 player=(1248, 1344) pos=(1280, 1472) path=54
learned exit AreaKey { scene: 3, anchor: (160, 112) } event=53 -> AreaKey { scene: 1, anchor: (400, 344) }
scene 3 -> 1 at frame 4448 position (304, 264)
target scene=1 area=(400, 344) event=18 script=4643 mode=5 state=1 player=(464, 376) pos=(416, 400) path=2
learned targeted exit AreaKey { scene: 1, anchor: (400, 344) } event=18 -> AreaKey { scene: 3, anchor: (160, 112) }
learned exit AreaKey { scene: 1, anchor: (400, 344) } event=18 -> AreaKey { scene: 3, anchor: (160, 112) }
scene 1 -> 3 at frame 4450 position (1088, 1232)
target scene=3 area=(160, 112) event=49 script=6226 mode=5 state=1 player=(1248, 1344) pos=(1280, 1472) path=54
learned exit AreaKey { scene: 3, anchor: (160, 112) } event=53 -> AreaKey { scene: 1, anchor: (400, 344) }
scene 3 -> 1 at frame 4452 position (304, 264)
target scene=1 area=(400, 344) event=18 script=4643 mode=5 state=1 player=(464, 376) pos=(416, 400) path=2
learned targeted exit AreaKey { scene: 1, anchor: (400, 344) } event=18 -> AreaKey { scene: 3, anchor: (160, 112) }
learned exit AreaKey { scene: 1, anchor: (400, 344) } event=18 -> AreaKey { scene: 3, anchor: (160, 112) }
scene 1 -> 3 at frame 4454 position (1088, 1232)
target scene=3 area=(160, 112) event=49 script=6226 mode=5 state=1 player=(1248, 1344) pos=(1280, 1472) path=54
learned exit AreaKey { scene: 3, anchor: (160, 112) } event=53 -> AreaKey { scene: 1, anchor: (400, 344) }
scene 3 -> 1 at frame 4456 position (304, 264)
target scene=1 area=(400, 344) event=18 script=4643 mode=5 state=1 player=(464, 376) pos=(416, 400) path=2
learned targeted exit AreaKey { scene: 1, anchor: (400, 344) } event=18 -> AreaKey { scene: 3, anchor: (160, 112) }
learned exit AreaKey { scene: 1, anchor: (400, 344) } event=18 -> AreaKey { scene: 3, anchor: (160, 112) }
scene 1 -> 3 at frame 4458 position (1088, 1232)
target scene=3 area=(160, 112) event=49 script=6226 mode=5 state=1 player=(1248, 1344) pos=(1280, 1472) path=54
learned exit AreaKey { scene: 3, anchor: (160, 112) } event=53 -> AreaKey { scene: 1, anchor: (400, 344) }
scene 3 -> 1 at frame 4460 position (304, 264)
target scene=1 area=(400, 344) event=18 script=4643 mode=5 state=1 player=(464, 376) pos=(416, 400) path=2
learned targeted exit AreaKey { scene: 1, anchor: (400, 344) } event=18 -> AreaKey { scene: 3, anchor: (160, 112) }
learned exit AreaKey { scene: 1, anchor: (400, 344) } event=18 -> AreaKey { scene: 3, anchor: (160, 112) }
scene 1 -> 3 at frame 4462 position (1088, 1232)
target scene=3 area=(160, 112) event=49 script=6226 mode=5 state=1 player=(1248, 1344) pos=(1280, 1472) path=54
learned exit AreaKey { scene: 3, anchor: (160, 112) } event=53 -> AreaKey { scene: 1, anchor: (400, 344) }
scene 3 -> 1 at frame 4464 position (304, 264)
target scene=1 area=(400, 344) event=18 script=4643 mode=5 state=1 player=(464, 376) pos=(416, 400) path=2
learned targeted exit AreaKey { scene: 1, anchor: (400, 344) } event=18 -> AreaKey { scene: 3, anchor: (160, 112) }
learned exit AreaKey { scene: 1, anchor: (400, 344) } event=18 -> AreaKey { scene: 3, anchor: (160, 112) }
scene 1 -> 3 at frame 4466 position (1088, 1232)
target scene=3 area=(160, 112) event=49 script=6226 mode=5 state=1 player=(1248, 1344) pos=(1280, 1472) path=54
learned exit AreaKey { scene: 3, anchor: (160, 112) } event=53 -> AreaKey { scene: 1, anchor: (400, 344) }
scene 3 -> 1 at frame 4468 position (304, 264)
target scene=1 area=(400, 344) event=18 script=4643 mode=5 state=1 player=(464, 376) pos=(416, 400) path=2
learned targeted exit AreaKey { scene: 1, anchor: (400, 344) } event=18 -> AreaKey { scene: 3, anchor: (160, 112) }
learned exit AreaKey { scene: 1, anchor: (400, 344) } event=18 -> AreaKey { scene: 3, anchor: (160, 112) }
scene 1 -> 3 at frame 4470 position (1088, 1232)
target scene=3 area=(160, 112) event=49 script=6226 mode=5 state=1 player=(1248, 1344) pos=(1280, 1472) path=54
learned exit AreaKey { scene: 3, anchor: (160, 112) } event=53 -> AreaKey { scene: 1, anchor: (400, 344) }
scene 3 -> 1 at frame 4472 position (304, 264)
target scene=1 area=(400, 344) event=18 script=4643 mode=5 state=1 player=(464, 376) pos=(416, 400) path=2
learned targeted exit AreaKey { scene: 1, anchor: (400, 344) } event=18 -> AreaKey { scene: 3, anchor: (160, 112) }
learned exit AreaKey { scene: 1, anchor: (400, 344) } event=18 -> AreaKey { scene: 3, anchor: (160, 112) }
scene 1 -> 3 at frame 4474 position (1088, 1232)
target scene=3 area=(160, 112) event=49 script=6226 mode=5 state=1 player=(1248, 1344) pos=(1280, 1472) path=54
learned exit AreaKey { scene: 3, anchor: (160, 112) } event=53 -> AreaKey { scene: 1, anchor: (400, 344) }
scene 3 -> 1 at frame 4476 position (304, 264)
target scene=1 area=(400, 344) event=18 script=4643 mode=5 state=1 player=(464, 376) pos=(416, 400) path=2
learned targeted exit AreaKey { scene: 1, anchor: (400, 344) } event=18 -> AreaKey { scene: 3, anchor: (160, 112) }
learned exit AreaKey { scene: 1, anchor: (400, 344) } event=18 -> AreaKey { scene: 3, anchor: (160, 112) }
scene 1 -> 3 at frame 4478 position (1088, 1232)
target scene=3 area=(160, 112) event=49 script=6226 mode=5 state=1 player=(1248, 1344) pos=(1280, 1472) path=54
learned exit AreaKey { scene: 3, anchor: (160, 112) } event=53 -> AreaKey { scene: 1, anchor: (400, 344) }
scene 3 -> 1 at frame 4480 position (304, 264)
target scene=1 area=(400, 344) event=18 script=4643 mode=5 state=1 player=(464, 376) pos=(416, 400) path=2
learned targeted exit AreaKey { scene: 1, anchor: (400, 344) } event=18 -> AreaKey { scene: 3, anchor: (160, 112) }
learned exit AreaKey { scene: 1, anchor: (400, 344) } event=18 -> AreaKey { scene: 3, anchor: (160, 112) }
scene 1 -> 3 at frame 4482 position (1088, 1232)
target scene=3 area=(160, 112) event=49 script=6226 mode=5 state=1 player=(1248, 1344) pos=(1280, 1472) path=54
learned exit AreaKey { scene: 3, anchor: (160, 112) } event=53 -> AreaKey { scene: 1, anchor: (400, 344) }
scene 3 -> 1 at frame 4484 position (304, 264)
target scene=1 area=(400, 344) event=18 script=4643 mode=5 state=1 player=(464, 376) pos=(416, 400) path=2
learned targeted exit AreaKey { scene: 1, anchor: (400, 344) } event=18 -> AreaKey { scene: 3, anchor: (160, 112) }
learned exit AreaKey { scene: 1, anchor: (400, 344) } event=18 -> AreaKey { scene: 3, anchor: (160, 112) }
scene 1 -> 3 at frame 4486 position (1088, 1232)
target scene=3 area=(160, 112) event=49 script=6226 mode=5 state=1 player=(1248, 1344) pos=(1280, 1472) path=54
learned exit AreaKey { scene: 3, anchor: (160, 112) } event=53 -> AreaKey { scene: 1, anchor: (400, 344) }
scene 3 -> 1 at frame 4488 position (304, 264)
target scene=1 area=(400, 344) event=18 script=4643 mode=5 state=1 player=(464, 376) pos=(416, 400) path=2
learned targeted exit AreaKey { scene: 1, anchor: (400, 344) } event=18 -> AreaKey { scene: 3, anchor: (160, 112) }
learned exit AreaKey { scene: 1, anchor: (400, 344) } event=18 -> AreaKey { scene: 3, anchor: (160, 112) }
scene 1 -> 3 at frame 4490 position (1088, 1232)
target scene=3 area=(160, 112) event=49 script=6226 mode=5 state=1 player=(1248, 1344) pos=(1280, 1472) path=54
learned exit AreaKey { scene: 3, anchor: (160, 112) } event=53 -> AreaKey { scene: 1, anchor: (400, 344) }
scene 3 -> 1 at frame 4492 position (304, 264)
target scene=1 area=(400, 344) event=18 script=4643 mode=5 state=1 player=(464, 376) pos=(416, 400) path=2
learned targeted exit AreaKey { scene: 1, anchor: (400, 344) } event=18 -> AreaKey { scene: 3, anchor: (160, 112) }
learned exit AreaKey { scene: 1, anchor: (400, 344) } event=18 -> AreaKey { scene: 3, anchor: (160, 112) }
scene 1 -> 3 at frame 4494 position (1088, 1232)
target scene=3 area=(160, 112) event=49 script=6226 mode=5 state=1 player=(1248, 1344) pos=(1280, 1472) path=54
learned exit AreaKey { scene: 3, anchor: (160, 112) } event=53 -> AreaKey { scene: 1, anchor: (400, 344) }
scene 3 -> 1 at frame 4496 position (304, 264)
target scene=1 area=(400, 344) event=18 script=4643 mode=5 state=1 player=(464, 376) pos=(416, 400) path=2
learned targeted exit AreaKey { scene: 1, anchor: (400, 344) } event=18 -> AreaKey { scene: 3, anchor: (160, 112) }
learned exit AreaKey { scene: 1, anchor: (400, 344) } event=18 -> AreaKey { scene: 3, anchor: (160, 112) }
scene 1 -> 3 at frame 4498 position (1088, 1232)
target scene=3 area=(160, 112) event=49 script=6226 mode=5 state=1 player=(1248, 1344) pos=(1280, 1472) path=54
learned exit AreaKey { scene: 3, anchor: (160, 112) } event=53 -> AreaKey { scene: 1, anchor: (400, 344) }
scene 3 -> 1 at frame 4500 position (304, 264)
target scene=1 area=(400, 344) event=18 script=4643 mode=5 state=1 player=(464, 376) pos=(416, 400) path=2
learned targeted exit AreaKey { scene: 1, anchor: (400, 344) } event=18 -> AreaKey { scene: 3, anchor: (160, 112) }
learned exit AreaKey { scene: 1, anchor: (400, 344) } event=18 -> AreaKey { scene: 3, anchor: (160, 112) }
scene 1 -> 3 at frame 4502 position (1088, 1232)
target scene=3 area=(160, 112) event=49 script=6226 mode=5 state=1 player=(1248, 1344) pos=(1280, 1472) path=54
learned exit AreaKey { scene: 3, anchor: (160, 112) } event=53 -> AreaKey { scene: 1, anchor: (400, 344) }
scene 3 -> 1 at frame 4504 position (304, 264)
target scene=1 area=(400, 344) event=18 script=4643 mode=5 state=1 player=(464, 376) pos=(416, 400) path=2
learned targeted exit AreaKey { scene: 1, anchor: (400, 344) } event=18 -> AreaKey { scene: 3, anchor: (160, 112) }
learned exit AreaKey { scene: 1, anchor: (400, 344) } event=18 -> AreaKey { scene: 3, anchor: (160, 112) }
scene 1 -> 3 at frame 4506 position (1088, 1232)
target scene=3 area=(160, 112) event=49 script=6226 mode=5 state=1 player=(1248, 1344) pos=(1280, 1472) path=54
learned exit AreaKey { scene: 3, anchor: (160, 112) } event=53 -> AreaKey { scene: 1, anchor: (400, 344) }
scene 3 -> 1 at frame 4508 position (304, 264)
target scene=1 area=(400, 344) event=18 script=4643 mode=5 state=1 player=(464, 376) pos=(416, 400) path=2
learned targeted exit AreaKey { scene: 1, anchor: (400, 344) } event=18 -> AreaKey { scene: 3, anchor: (160, 112) }
learned exit AreaKey { scene: 1, anchor: (400, 344) } event=18 -> AreaKey { scene: 3, anchor: (160, 112) }
scene 1 -> 3 at frame 4510 position (1088, 1232)
target scene=3 area=(160, 112) event=49 script=6226 mode=5 state=1 player=(1248, 1344) pos=(1280, 1472) path=54
learned exit AreaKey { scene: 3, anchor: (160, 112) } event=53 -> AreaKey { scene: 1, anchor: (400, 344) }
scene 3 -> 1 at frame 4512 position (304, 264)
target scene=1 area=(400, 344) event=18 script=4643 mode=5 state=1 player=(464, 376) pos=(416, 400) path=2
learned targeted exit AreaKey { scene: 1, anchor: (400, 344) } event=18 -> AreaKey { scene: 3, anchor: (160, 112) }
learned exit AreaKey { scene: 1, anchor: (400, 344) } event=18 -> AreaKey { scene: 3, anchor: (160, 112) }
scene 1 -> 3 at frame 4514 position (1088, 1232)
target scene=3 area=(160, 112) event=49 script=6226 mode=5 state=1 player=(1248, 1344) pos=(1280, 1472) path=54
learned exit AreaKey { scene: 3, anchor: (160, 112) } event=53 -> AreaKey { scene: 1, anchor: (400, 344) }
scene 3 -> 1 at frame 4516 position (304, 264)
target scene=1 area=(400, 344) event=18 script=4643 mode=5 state=1 player=(464, 376) pos=(416, 400) path=2
learned targeted exit AreaKey { scene: 1, anchor: (400, 344) } event=18 -> AreaKey { scene: 3, anchor: (160, 112) }
learned exit AreaKey { scene: 1, anchor: (400, 344) } event=18 -> AreaKey { scene: 3, anchor: (160, 112) }
scene 1 -> 3 at frame 4518 position (1088, 1232)
target scene=3 area=(160, 112) event=49 script=6226 mode=5 state=1 player=(1248, 1344) pos=(1280, 1472) path=54
learned exit AreaKey { scene: 3, anchor: (160, 112) } event=53 -> AreaKey { scene: 1, anchor: (400, 344) }
scene 3 -> 1 at frame 4520 position (304, 264)
target scene=1 area=(400, 344) event=18 script=4643 mode=5 state=1 player=(464, 376) pos=(416, 400) path=2
learned targeted exit AreaKey { scene: 1, anchor: (400, 344) } event=18 -> AreaKey { scene: 3, anchor: (160, 112) }
learned exit AreaKey { scene: 1, anchor: (400, 344) } event=18 -> AreaKey { scene: 3, anchor: (160, 112) }
scene 1 -> 3 at frame 4522 position (1088, 1232)
target scene=3 area=(160, 112) event=49 script=6226 mode=5 state=1 player=(1248, 1344) pos=(1280, 1472) path=54
learned exit AreaKey { scene: 3, anchor: (160, 112) } event=53 -> AreaKey { scene: 1, anchor: (400, 344) }
scene 3 -> 1 at frame 4524 position (304, 264)
target scene=1 area=(400, 344) event=18 script=4643 mode=5 state=1 player=(464, 376) pos=(416, 400) path=2
learned targeted exit AreaKey { scene: 1, anchor: (400, 344) } event=18 -> AreaKey { scene: 3, anchor: (160, 112) }
learned exit AreaKey { scene: 1, anchor: (400, 344) } event=18 -> AreaKey { scene: 3, anchor: (160, 112) }
scene 1 -> 3 at frame 4526 position (1088, 1232)
target scene=3 area=(160, 112) event=49 script=6226 mode=5 state=1 player=(1248, 1344) pos=(1280, 1472) path=54
learned exit AreaKey { scene: 3, anchor: (160, 112) } event=53 -> AreaKey { scene: 1, anchor: (400, 344) }
scene 3 -> 1 at frame 4528 position (304, 264)
target scene=1 area=(400, 344) event=18 script=4643 mode=5 state=1 player=(464, 376) pos=(416, 400) path=2
learned targeted exit AreaKey { scene: 1, anchor: (400, 344) } event=18 -> AreaKey { scene: 3, anchor: (160, 112) }
learned exit AreaKey { scene: 1, anchor: (400, 344) } event=18 -> AreaKey { scene: 3, anchor: (160, 112) }
scene 1 -> 3 at frame 4530 position (1088, 1232)
target scene=3 area=(160, 112) event=49 script=6226 mode=5 state=1 player=(1248, 1344) pos=(1280, 1472) path=54
learned exit AreaKey { scene: 3, anchor: (160, 112) } event=53 -> AreaKey { scene: 1, anchor: (400, 344) }
scene 3 -> 1 at frame 4532 position (304, 264)
target scene=1 area=(400, 344) event=18 script=4643 mode=5 state=1 player=(464, 376) pos=(416, 400) path=2
learned targeted exit AreaKey { scene: 1, anchor: (400, 344) } event=18 -> AreaKey { scene: 3, anchor: (160, 112) }
learned exit AreaKey { scene: 1, anchor: (400, 344) } event=18 -> AreaKey { scene: 3, anchor: (160, 112) }
scene 1 -> 3 at frame 4534 position (1088, 1232)
target scene=3 area=(160, 112) event=49 script=6226 mode=5 state=1 player=(1248, 1344) pos=(1280, 1472) path=54
learned exit AreaKey { scene: 3, anchor: (160, 112) } event=53 -> AreaKey { scene: 1, anchor: (400, 344) }
scene 3 -> 1 at frame 4536 position (304, 264)
target scene=1 area=(400, 344) event=18 script=4643 mode=5 state=1 player=(464, 376) pos=(416, 400) path=2
learned targeted exit AreaKey { scene: 1, anchor: (400, 344) } event=18 -> AreaKey { scene: 3, anchor: (160, 112) }
learned exit AreaKey { scene: 1, anchor: (400, 344) } event=18 -> AreaKey { scene: 3, anchor: (160, 112) }
scene 1 -> 3 at frame 4538 position (1088, 1232)
target scene=3 area=(160, 112) event=49 script=6226 mode=5 state=1 player=(1248, 1344) pos=(1280, 1472) path=54
learned exit AreaKey { scene: 3, anchor: (160, 112) } event=53 -> AreaKey { scene: 1, anchor: (400, 344) }
scene 3 -> 1 at frame 4540 position (304, 264)
target scene=1 area=(400, 344) event=18 script=4643 mode=5 state=1 player=(464, 376) pos=(416, 400) path=2
learned targeted exit AreaKey { scene: 1, anchor: (400, 344) } event=18 -> AreaKey { scene: 3, anchor: (160, 112) }
learned exit AreaKey { scene: 1, anchor: (400, 344) } event=18 -> AreaKey { scene: 3, anchor: (160, 112) }
scene 1 -> 3 at frame 4542 position (1088, 1232)
target scene=3 area=(160, 112) event=49 script=6226 mode=5 state=1 player=(1248, 1344) pos=(1280, 1472) path=54
learned exit AreaKey { scene: 3, anchor: (160, 112) } event=53 -> AreaKey { scene: 1, anchor: (400, 344) }
scene 3 -> 1 at frame 4544 position (304, 264)
target scene=1 area=(400, 344) event=18 script=4643 mode=5 state=1 player=(464, 376) pos=(416, 400) path=2
learned targeted exit AreaKey { scene: 1, anchor: (400, 344) } event=18 -> AreaKey { scene: 3, anchor: (160, 112) }
learned exit AreaKey { scene: 1, anchor: (400, 344) } event=18 -> AreaKey { scene: 3, anchor: (160, 112) }
scene 1 -> 3 at frame 4546 position (1088, 1232)
target scene=3 area=(160, 112) event=49 script=6226 mode=5 state=1 player=(1248, 1344) pos=(1280, 1472) path=54
learned exit AreaKey { scene: 3, anchor: (160, 112) } event=53 -> AreaKey { scene: 1, anchor: (400, 344) }
scene 3 -> 1 at frame 4548 position (304, 264)
target scene=1 area=(400, 344) event=18 script=4643 mode=5 state=1 player=(464, 376) pos=(416, 400) path=2
learned targeted exit AreaKey { scene: 1, anchor: (400, 344) } event=18 -> AreaKey { scene: 3, anchor: (160, 112) }
learned exit AreaKey { scene: 1, anchor: (400, 344) } event=18 -> AreaKey { scene: 3, anchor: (160, 112) }
scene 1 -> 3 at frame 4550 position (1088, 1232)
target scene=3 area=(160, 112) event=49 script=6226 mode=5 state=1 player=(1248, 1344) pos=(1280, 1472) path=54
learned exit AreaKey { scene: 3, anchor: (160, 112) } event=53 -> AreaKey { scene: 1, anchor: (400, 344) }
scene 3 -> 1 at frame 4552 position (304, 264)
target scene=1 area=(400, 344) event=18 script=4643 mode=5 state=1 player=(464, 376) pos=(416, 400) path=2
learned targeted exit AreaKey { scene: 1, anchor: (400, 344) } event=18 -> AreaKey { scene: 3, anchor: (160, 112) }
learned exit AreaKey { scene: 1, anchor: (400, 344) } event=18 -> AreaKey { scene: 3, anchor: (160, 112) }
scene 1 -> 3 at frame 4554 position (1088, 1232)
target scene=3 area=(160, 112) event=49 script=6226 mode=5 state=1 player=(1248, 1344) pos=(1280, 1472) path=54
learned exit AreaKey { scene: 3, anchor: (160, 112) } event=53 -> AreaKey { scene: 1, anchor: (400, 344) }
scene 3 -> 1 at frame 4556 position (304, 264)
target scene=1 area=(400, 344) event=18 script=4643 mode=5 state=1 player=(464, 376) pos=(416, 400) path=2
learned targeted exit AreaKey { scene: 1, anchor: (400, 344) } event=18 -> AreaKey { scene: 3, anchor: (160, 112) }
learned exit AreaKey { scene: 1, anchor: (400, 344) } event=18 -> AreaKey { scene: 3, anchor: (160, 112) }
scene 1 -> 3 at frame 4558 position (1088, 1232)
target scene=3 area=(160, 112) event=49 script=6226 mode=5 state=1 player=(1248, 1344) pos=(1280, 1472) path=54
learned exit AreaKey { scene: 3, anchor: (160, 112) } event=53 -> AreaKey { scene: 1, anchor: (400, 344) }
scene 3 -> 1 at frame 4560 position (304, 264)
target scene=1 area=(400, 344) event=18 script=4643 mode=5 state=1 player=(464, 376) pos=(416, 400) path=2
learned targeted exit AreaKey { scene: 1, anchor: (400, 344) } event=18 -> AreaKey { scene: 3, anchor: (160, 112) }
learned exit AreaKey { scene: 1, anchor: (400, 344) } event=18 -> AreaKey { scene: 3, anchor: (160, 112) }
scene 1 -> 3 at frame 4562 position (1088, 1232)
target scene=3 area=(160, 112) event=49 script=6226 mode=5 state=1 player=(1248, 1344) pos=(1280, 1472) path=54
learned exit AreaKey { scene: 3, anchor: (160, 112) } event=53 -> AreaKey { scene: 1, anchor: (400, 344) }
scene 3 -> 1 at frame 4564 position (304, 264)
target scene=1 area=(400, 344) event=18 script=4643 mode=5 state=1 player=(464, 376) pos=(416, 400) path=2
learned targeted exit AreaKey { scene: 1, anchor: (400, 344) } event=18 -> AreaKey { scene: 3, anchor: (160, 112) }
learned exit AreaKey { scene: 1, anchor: (400, 344) } event=18 -> AreaKey { scene: 3, anchor: (160, 112) }
scene 1 -> 3 at frame 4566 position (1088, 1232)
target scene=3 area=(160, 112) event=49 script=6226 mode=5 state=1 player=(1248, 1344) pos=(1280, 1472) path=54
learned exit AreaKey { scene: 3, anchor: (160, 112) } event=53 -> AreaKey { scene: 1, anchor: (400, 344) }
scene 3 -> 1 at frame 4568 position (304, 264)
target scene=1 area=(400, 344) event=18 script=4643 mode=5 state=1 player=(464, 376) pos=(416, 400) path=2
learned targeted exit AreaKey { scene: 1, anchor: (400, 344) } event=18 -> AreaKey { scene: 3, anchor: (160, 112) }
learned exit AreaKey { scene: 1, anchor: (400, 344) } event=18 -> AreaKey { scene: 3, anchor: (160, 112) }
scene 1 -> 3 at frame 4570 position (1088, 1232)
target scene=3 area=(160, 112) event=49 script=6226 mode=5 state=1 player=(1248, 1344) pos=(1280, 1472) path=54
learned exit AreaKey { scene: 3, anchor: (160, 112) } event=53 -> AreaKey { scene: 1, anchor: (400, 344) }
scene 3 -> 1 at frame 4572 position (304, 264)
target scene=1 area=(400, 344) event=18 script=4643 mode=5 state=1 player=(464, 376) pos=(416, 400) path=2
learned targeted exit AreaKey { scene: 1, anchor: (400, 344) } event=18 -> AreaKey { scene: 3, anchor: (160, 112) }
learned exit AreaKey { scene: 1, anchor: (400, 344) } event=18 -> AreaKey { scene: 3, anchor: (160, 112) }
scene 1 -> 3 at frame 4574 position (1088, 1232)
target scene=3 area=(160, 112) event=49 script=6226 mode=5 state=1 player=(1248, 1344) pos=(1280, 1472) path=54
learned exit AreaKey { scene: 3, anchor: (160, 112) } event=53 -> AreaKey { scene: 1, anchor: (400, 344) }
scene 3 -> 1 at frame 4576 position (304, 264)
target scene=1 area=(400, 344) event=18 script=4643 mode=5 state=1 player=(464, 376) pos=(416, 400) path=2
learned targeted exit AreaKey { scene: 1, anchor: (400, 344) } event=18 -> AreaKey { scene: 3, anchor: (160, 112) }
learned exit AreaKey { scene: 1, anchor: (400, 344) } event=18 -> AreaKey { scene: 3, anchor: (160, 112) }
scene 1 -> 3 at frame 4578 position (1088, 1232)
target scene=3 area=(160, 112) event=49 script=6226 mode=5 state=1 player=(1248, 1344) pos=(1280, 1472) path=54
learned exit AreaKey { scene: 3, anchor: (160, 112) } event=53 -> AreaKey { scene: 1, anchor: (400, 344) }
scene 3 -> 1 at frame 4580 position (304, 264)
target scene=1 area=(400, 344) event=18 script=4643 mode=5 state=1 player=(464, 376) pos=(416, 400) path=2
learned targeted exit AreaKey { scene: 1, anchor: (400, 344) } event=18 -> AreaKey { scene: 3, anchor: (160, 112) }
learned exit AreaKey { scene: 1, anchor: (400, 344) } event=18 -> AreaKey { scene: 3, anchor: (160, 112) }
scene 1 -> 3 at frame 4582 position (1088, 1232)
target scene=3 area=(160, 112) event=49 script=6226 mode=5 state=1 player=(1248, 1344) pos=(1280, 1472) path=54
learned exit AreaKey { scene: 3, anchor: (160, 112) } event=53 -> AreaKey { scene: 1, anchor: (400, 344) }
scene 3 -> 1 at frame 4584 position (304, 264)
target scene=1 area=(400, 344) event=18 script=4643 mode=5 state=1 player=(464, 376) pos=(416, 400) path=2
learned targeted exit AreaKey { scene: 1, anchor: (400, 344) } event=18 -> AreaKey { scene: 3, anchor: (160, 112) }
learned exit AreaKey { scene: 1, anchor: (400, 344) } event=18 -> AreaKey { scene: 3, anchor: (160, 112) }
scene 1 -> 3 at frame 4586 position (1088, 1232)
target scene=3 area=(160, 112) event=49 script=6226 mode=5 state=1 player=(1248, 1344) pos=(1280, 1472) path=54
learned exit AreaKey { scene: 3, anchor: (160, 112) } event=53 -> AreaKey { scene: 1, anchor: (400, 344) }
scene 3 -> 1 at frame 4588 position (304, 264)
target scene=1 area=(400, 344) event=18 script=4643 mode=5 state=1 player=(464, 376) pos=(416, 400) path=2
learned targeted exit AreaKey { scene: 1, anchor: (400, 344) } event=18 -> AreaKey { scene: 3, anchor: (160, 112) }
learned exit AreaKey { scene: 1, anchor: (400, 344) } event=18 -> AreaKey { scene: 3, anchor: (160, 112) }
scene 1 -> 3 at frame 4590 position (1088, 1232)
target scene=3 area=(160, 112) event=49 script=6226 mode=5 state=1 player=(1248, 1344) pos=(1280, 1472) path=54
learned exit AreaKey { scene: 3, anchor: (160, 112) } event=53 -> AreaKey { scene: 1, anchor: (400, 344) }
scene 3 -> 1 at frame 4592 position (304, 264)
target scene=1 area=(400, 344) event=18 script=4643 mode=5 state=1 player=(464, 376) pos=(416, 400) path=2
learned targeted exit AreaKey { scene: 1, anchor: (400, 344) } event=18 -> AreaKey { scene: 3, anchor: (160, 112) }
learned exit AreaKey { scene: 1, anchor: (400, 344) } event=18 -> AreaKey { scene: 3, anchor: (160, 112) }
scene 1 -> 3 at frame 4594 position (1088, 1232)
target scene=3 area=(160, 112) event=49 script=6226 mode=5 state=1 player=(1248, 1344) pos=(1280, 1472) path=54
learned exit AreaKey { scene: 3, anchor: (160, 112) } event=53 -> AreaKey { scene: 1, anchor: (400, 344) }
scene 3 -> 1 at frame 4596 position (304, 264)
target scene=1 area=(400, 344) event=18 script=4643 mode=5 state=1 player=(464, 376) pos=(416, 400) path=2
learned targeted exit AreaKey { scene: 1, anchor: (400, 344) } event=18 -> AreaKey { scene: 3, anchor: (160, 112) }
learned exit AreaKey { scene: 1, anchor: (400, 344) } event=18 -> AreaKey { scene: 3, anchor: (160, 112) }
scene 1 -> 3 at frame 4598 position (1088, 1232)
target scene=3 area=(160, 112) event=49 script=6226 mode=5 state=1 player=(1248, 1344) pos=(1280, 1472) path=54
learned exit AreaKey { scene: 3, anchor: (160, 112) } event=53 -> AreaKey { scene: 1, anchor: (400, 344) }
scene 3 -> 1 at frame 4600 position (304, 264)
target scene=1 area=(400, 344) event=18 script=4643 mode=5 state=1 player=(464, 376) pos=(416, 400) path=2
learned targeted exit AreaKey { scene: 1, anchor: (400, 344) } event=18 -> AreaKey { scene: 3, anchor: (160, 112) }
learned exit AreaKey { scene: 1, anchor: (400, 344) } event=18 -> AreaKey { scene: 3, anchor: (160, 112) }
scene 1 -> 3 at frame 4602 position (1088, 1232)
target scene=3 area=(160, 112) event=49 script=6226 mode=5 state=1 player=(1248, 1344) pos=(1280, 1472) path=54
learned exit AreaKey { scene: 3, anchor: (160, 112) } event=53 -> AreaKey { scene: 1, anchor: (400, 344) }
scene 3 -> 1 at frame 4604 position (304, 264)
target scene=1 area=(400, 344) event=18 script=4643 mode=5 state=1 player=(464, 376) pos=(416, 400) path=2
learned targeted exit AreaKey { scene: 1, anchor: (400, 344) } event=18 -> AreaKey { scene: 3, anchor: (160, 112) }
learned exit AreaKey { scene: 1, anchor: (400, 344) } event=18 -> AreaKey { scene: 3, anchor: (160, 112) }
scene 1 -> 3 at frame 4606 position (1088, 1232)
target scene=3 area=(160, 112) event=49 script=6226 mode=5 state=1 player=(1248, 1344) pos=(1280, 1472) path=54
learned exit AreaKey { scene: 3, anchor: (160, 112) } event=53 -> AreaKey { scene: 1, anchor: (400, 344) }
scene 3 -> 1 at frame 4608 position (304, 264)
target scene=1 area=(400, 344) event=18 script=4643 mode=5 state=1 player=(464, 376) pos=(416, 400) path=2
learned targeted exit AreaKey { scene: 1, anchor: (400, 344) } event=18 -> AreaKey { scene: 3, anchor: (160, 112) }
learned exit AreaKey { scene: 1, anchor: (400, 344) } event=18 -> AreaKey { scene: 3, anchor: (160, 112) }
scene 1 -> 3 at frame 4610 position (1088, 1232)
target scene=3 area=(160, 112) event=49 script=6226 mode=5 state=1 player=(1248, 1344) pos=(1280, 1472) path=54
learned exit AreaKey { scene: 3, anchor: (160, 112) } event=53 -> AreaKey { scene: 1, anchor: (400, 344) }
scene 3 -> 1 at frame 4612 position (304, 264)
target scene=1 area=(400, 344) event=18 script=4643 mode=5 state=1 player=(464, 376) pos=(416, 400) path=2
learned targeted exit AreaKey { scene: 1, anchor: (400, 344) } event=18 -> AreaKey { scene: 3, anchor: (160, 112) }
learned exit AreaKey { scene: 1, anchor: (400, 344) } event=18 -> AreaKey { scene: 3, anchor: (160, 112) }
scene 1 -> 3 at frame 4614 position (1088, 1232)
target scene=3 area=(160, 112) event=49 script=6226 mode=5 state=1 player=(1248, 1344) pos=(1280, 1472) path=54
learned exit AreaKey { scene: 3, anchor: (160, 112) } event=53 -> AreaKey { scene: 1, anchor: (400, 344) }
scene 3 -> 1 at frame 4616 position (304, 264)
target scene=1 area=(400, 344) event=18 script=4643 mode=5 state=1 player=(464, 376) pos=(416, 400) path=2
learned targeted exit AreaKey { scene: 1, anchor: (400, 344) } event=18 -> AreaKey { scene: 3, anchor: (160, 112) }
learned exit AreaKey { scene: 1, anchor: (400, 344) } event=18 -> AreaKey { scene: 3, anchor: (160, 112) }
scene 1 -> 3 at frame 4618 position (1088, 1232)
target scene=3 area=(160, 112) event=49 script=6226 mode=5 state=1 player=(1248, 1344) pos=(1280, 1472) path=54
learned exit AreaKey { scene: 3, anchor: (160, 112) } event=53 -> AreaKey { scene: 1, anchor: (400, 344) }
scene 3 -> 1 at frame 4620 position (304, 264)
target scene=1 area=(400, 344) event=18 script=4643 mode=5 state=1 player=(464, 376) pos=(416, 400) path=2
learned targeted exit AreaKey { scene: 1, anchor: (400, 344) } event=18 -> AreaKey { scene: 3, anchor: (160, 112) }
learned exit AreaKey { scene: 1, anchor: (400, 344) } event=18 -> AreaKey { scene: 3, anchor: (160, 112) }
scene 1 -> 3 at frame 4622 position (1088, 1232)
target scene=3 area=(160, 112) event=49 script=6226 mode=5 state=1 player=(1248, 1344) pos=(1280, 1472) path=54
learned exit AreaKey { scene: 3, anchor: (160, 112) } event=53 -> AreaKey { scene: 1, anchor: (400, 344) }
scene 3 -> 1 at frame 4624 position (304, 264)
target scene=1 area=(400, 344) event=18 script=4643 mode=5 state=1 player=(464, 376) pos=(416, 400) path=2
learned targeted exit AreaKey { scene: 1, anchor: (400, 344) } event=18 -> AreaKey { scene: 3, anchor: (160, 112) }
learned exit AreaKey { scene: 1, anchor: (400, 344) } event=18 -> AreaKey { scene: 3, anchor: (160, 112) }
scene 1 -> 3 at frame 4626 position (1088, 1232)
target scene=3 area=(160, 112) event=49 script=6226 mode=5 state=1 player=(1248, 1344) pos=(1280, 1472) path=54
learned exit AreaKey { scene: 3, anchor: (160, 112) } event=53 -> AreaKey { scene: 1, anchor: (400, 344) }
scene 3 -> 1 at frame 4628 position (304, 264)
target scene=1 area=(400, 344) event=18 script=4643 mode=5 state=1 player=(464, 376) pos=(416, 400) path=2
learned targeted exit AreaKey { scene: 1, anchor: (400, 344) } event=18 -> AreaKey { scene: 3, anchor: (160, 112) }
learned exit AreaKey { scene: 1, anchor: (400, 344) } event=18 -> AreaKey { scene: 3, anchor: (160, 112) }
scene 1 -> 3 at frame 4630 position (1088, 1232)
target scene=3 area=(160, 112) event=49 script=6226 mode=5 state=1 player=(1248, 1344) pos=(1280, 1472) path=54
learned exit AreaKey { scene: 3, anchor: (160, 112) } event=53 -> AreaKey { scene: 1, anchor: (400, 344) }
scene 3 -> 1 at frame 4632 position (304, 264)
target scene=1 area=(400, 344) event=18 script=4643 mode=5 state=1 player=(464, 376) pos=(416, 400) path=2
learned targeted exit AreaKey { scene: 1, anchor: (400, 344) } event=18 -> AreaKey { scene: 3, anchor: (160, 112) }
learned exit AreaKey { scene: 1, anchor: (400, 344) } event=18 -> AreaKey { scene: 3, anchor: (160, 112) }
scene 1 -> 3 at frame 4634 position (1088, 1232)
target scene=3 area=(160, 112) event=49 script=6226 mode=5 state=1 player=(1248, 1344) pos=(1280, 1472) path=54
learned exit AreaKey { scene: 3, anchor: (160, 112) } event=53 -> AreaKey { scene: 1, anchor: (400, 344) }
scene 3 -> 1 at frame 4636 position (304, 264)
target scene=1 area=(400, 344) event=18 script=4643 mode=5 state=1 player=(464, 376) pos=(416, 400) path=2
learned targeted exit AreaKey { scene: 1, anchor: (400, 344) } event=18 -> AreaKey { scene: 3, anchor: (160, 112) }
learned exit AreaKey { scene: 1, anchor: (400, 344) } event=18 -> AreaKey { scene: 3, anchor: (160, 112) }
scene 1 -> 3 at frame 4638 position (1088, 1232)
target scene=3 area=(160, 112) event=49 script=6226 mode=5 state=1 player=(1248, 1344) pos=(1280, 1472) path=54
learned exit AreaKey { scene: 3, anchor: (160, 112) } event=53 -> AreaKey { scene: 1, anchor: (400, 344) }
scene 3 -> 1 at frame 4640 position (304, 264)
target scene=1 area=(400, 344) event=18 script=4643 mode=5 state=1 player=(464, 376) pos=(416, 400) path=2
learned targeted exit AreaKey { scene: 1, anchor: (400, 344) } event=18 -> AreaKey { scene: 3, anchor: (160, 112) }
learned exit AreaKey { scene: 1, anchor: (400, 344) } event=18 -> AreaKey { scene: 3, anchor: (160, 112) }
scene 1 -> 3 at frame 4642 position (1088, 1232)
target scene=3 area=(160, 112) event=49 script=6226 mode=5 state=1 player=(1248, 1344) pos=(1280, 1472) path=54
learned exit AreaKey { scene: 3, anchor: (160, 112) } event=53 -> AreaKey { scene: 1, anchor: (400, 344) }
scene 3 -> 1 at frame 4644 position (304, 264)
target scene=1 area=(400, 344) event=18 script=4643 mode=5 state=1 player=(464, 376) pos=(416, 400) path=2
learned targeted exit AreaKey { scene: 1, anchor: (400, 344) } event=18 -> AreaKey { scene: 3, anchor: (160, 112) }
learned exit AreaKey { scene: 1, anchor: (400, 344) } event=18 -> AreaKey { scene: 3, anchor: (160, 112) }
scene 1 -> 3 at frame 4646 position (1088, 1232)
target scene=3 area=(160, 112) event=49 script=6226 mode=5 state=1 player=(1248, 1344) pos=(1280, 1472) path=54
learned exit AreaKey { scene: 3, anchor: (160, 112) } event=53 -> AreaKey { scene: 1, anchor: (400, 344) }
scene 3 -> 1 at frame 4648 position (304, 264)
target scene=1 area=(400, 344) event=18 script=4643 mode=5 state=1 player=(464, 376) pos=(416, 400) path=2
learned targeted exit AreaKey { scene: 1, anchor: (400, 344) } event=18 -> AreaKey { scene: 3, anchor: (160, 112) }
learned exit AreaKey { scene: 1, anchor: (400, 344) } event=18 -> AreaKey { scene: 3, anchor: (160, 112) }
scene 1 -> 3 at frame 4650 position (1088, 1232)
target scene=3 area=(160, 112) event=49 script=6226 mode=5 state=1 player=(1248, 1344) pos=(1280, 1472) path=54
learned exit AreaKey { scene: 3, anchor: (160, 112) } event=53 -> AreaKey { scene: 1, anchor: (400, 344) }
scene 3 -> 1 at frame 4652 position (304, 264)
target scene=1 area=(400, 344) event=18 script=4643 mode=5 state=1 player=(464, 376) pos=(416, 400) path=2
learned targeted exit AreaKey { scene: 1, anchor: (400, 344) } event=18 -> AreaKey { scene: 3, anchor: (160, 112) }
learned exit AreaKey { scene: 1, anchor: (400, 344) } event=18 -> AreaKey { scene: 3, anchor: (160, 112) }
scene 1 -> 3 at frame 4654 position (1088, 1232)
target scene=3 area=(160, 112) event=49 script=6226 mode=5 state=1 player=(1248, 1344) pos=(1280, 1472) path=54
learned exit AreaKey { scene: 3, anchor: (160, 112) } event=53 -> AreaKey { scene: 1, anchor: (400, 344) }
scene 3 -> 1 at frame 4656 position (304, 264)
target scene=1 area=(400, 344) event=18 script=4643 mode=5 state=1 player=(464, 376) pos=(416, 400) path=2
learned targeted exit AreaKey { scene: 1, anchor: (400, 344) } event=18 -> AreaKey { scene: 3, anchor: (160, 112) }
learned exit AreaKey { scene: 1, anchor: (400, 344) } event=18 -> AreaKey { scene: 3, anchor: (160, 112) }
scene 1 -> 3 at frame 4658 position (1088, 1232)
target scene=3 area=(160, 112) event=49 script=6226 mode=5 state=1 player=(1248, 1344) pos=(1280, 1472) path=54
learned exit AreaKey { scene: 3, anchor: (160, 112) } event=53 -> AreaKey { scene: 1, anchor: (400, 344) }
scene 3 -> 1 at frame 4660 position (304, 264)
target scene=1 area=(400, 344) event=18 script=4643 mode=5 state=1 player=(464, 376) pos=(416, 400) path=2
learned targeted exit AreaKey { scene: 1, anchor: (400, 344) } event=18 -> AreaKey { scene: 3, anchor: (160, 112) }
learned exit AreaKey { scene: 1, anchor: (400, 344) } event=18 -> AreaKey { scene: 3, anchor: (160, 112) }
scene 1 -> 3 at frame 4662 position (1088, 1232)
target scene=3 area=(160, 112) event=49 script=6226 mode=5 state=1 player=(1248, 1344) pos=(1280, 1472) path=54
learned exit AreaKey { scene: 3, anchor: (160, 112) } event=53 -> AreaKey { scene: 1, anchor: (400, 344) }
scene 3 -> 1 at frame 4664 position (304, 264)
target scene=1 area=(400, 344) event=18 script=4643 mode=5 state=1 player=(464, 376) pos=(416, 400) path=2
learned targeted exit AreaKey { scene: 1, anchor: (400, 344) } event=18 -> AreaKey { scene: 3, anchor: (160, 112) }
learned exit AreaKey { scene: 1, anchor: (400, 344) } event=18 -> AreaKey { scene: 3, anchor: (160, 112) }
scene 1 -> 3 at frame 4666 position (1088, 1232)
target scene=3 area=(160, 112) event=49 script=6226 mode=5 state=1 player=(1248, 1344) pos=(1280, 1472) path=54
learned exit AreaKey { scene: 3, anchor: (160, 112) } event=53 -> AreaKey { scene: 1, anchor: (400, 344) }
scene 3 -> 1 at frame 4668 position (304, 264)
target scene=1 area=(400, 344) event=18 script=4643 mode=5 state=1 player=(464, 376) pos=(416, 400) path=2
learned targeted exit AreaKey { scene: 1, anchor: (400, 344) } event=18 -> AreaKey { scene: 3, anchor: (160, 112) }
learned exit AreaKey { scene: 1, anchor: (400, 344) } event=18 -> AreaKey { scene: 3, anchor: (160, 112) }
scene 1 -> 3 at frame 4670 position (1088, 1232)
target scene=3 area=(160, 112) event=49 script=6226 mode=5 state=1 player=(1248, 1344) pos=(1280, 1472) path=54
learned exit AreaKey { scene: 3, anchor: (160, 112) } event=53 -> AreaKey { scene: 1, anchor: (400, 344) }
scene 3 -> 1 at frame 4672 position (304, 264)
target scene=1 area=(400, 344) event=18 script=4643 mode=5 state=1 player=(464, 376) pos=(416, 400) path=2
learned targeted exit AreaKey { scene: 1, anchor: (400, 344) } event=18 -> AreaKey { scene: 3, anchor: (160, 112) }
learned exit AreaKey { scene: 1, anchor: (400, 344) } event=18 -> AreaKey { scene: 3, anchor: (160, 112) }
scene 1 -> 3 at frame 4674 position (1088, 1232)
target scene=3 area=(160, 112) event=49 script=6226 mode=5 state=1 player=(1248, 1344) pos=(1280, 1472) path=54
learned exit AreaKey { scene: 3, anchor: (160, 112) } event=53 -> AreaKey { scene: 1, anchor: (400, 344) }
scene 3 -> 1 at frame 4676 position (304, 264)
target scene=1 area=(400, 344) event=18 script=4643 mode=5 state=1 player=(464, 376) pos=(416, 400) path=2
learned targeted exit AreaKey { scene: 1, anchor: (400, 344) } event=18 -> AreaKey { scene: 3, anchor: (160, 112) }
learned exit AreaKey { scene: 1, anchor: (400, 344) } event=18 -> AreaKey { scene: 3, anchor: (160, 112) }
scene 1 -> 3 at frame 4678 position (1088, 1232)
target scene=3 area=(160, 112) event=49 script=6226 mode=5 state=1 player=(1248, 1344) pos=(1280, 1472) path=54
learned exit AreaKey { scene: 3, anchor: (160, 112) } event=53 -> AreaKey { scene: 1, anchor: (400, 344) }
scene 3 -> 1 at frame 4680 position (304, 264)
target scene=1 area=(400, 344) event=18 script=4643 mode=5 state=1 player=(464, 376) pos=(416, 400) path=2
learned targeted exit AreaKey { scene: 1, anchor: (400, 344) } event=18 -> AreaKey { scene: 3, anchor: (160, 112) }
learned exit AreaKey { scene: 1, anchor: (400, 344) } event=18 -> AreaKey { scene: 3, anchor: (160, 112) }
scene 1 -> 3 at frame 4682 position (1088, 1232)
target scene=3 area=(160, 112) event=49 script=6226 mode=5 state=1 player=(1248, 1344) pos=(1280, 1472) path=54
learned exit AreaKey { scene: 3, anchor: (160, 112) } event=53 -> AreaKey { scene: 1, anchor: (400, 344) }
scene 3 -> 1 at frame 4684 position (304, 264)
target scene=1 area=(400, 344) event=18 script=4643 mode=5 state=1 player=(464, 376) pos=(416, 400) path=2
learned targeted exit AreaKey { scene: 1, anchor: (400, 344) } event=18 -> AreaKey { scene: 3, anchor: (160, 112) }
learned exit AreaKey { scene: 1, anchor: (400, 344) } event=18 -> AreaKey { scene: 3, anchor: (160, 112) }
scene 1 -> 3 at frame 4686 position (1088, 1232)
target scene=3 area=(160, 112) event=49 script=6226 mode=5 state=1 player=(1248, 1344) pos=(1280, 1472) path=54
learned exit AreaKey { scene: 3, anchor: (160, 112) } event=53 -> AreaKey { scene: 1, anchor: (400, 344) }
scene 3 -> 1 at frame 4688 position (304, 264)
target scene=1 area=(400, 344) event=18 script=4643 mode=5 state=1 player=(464, 376) pos=(416, 400) path=2
learned targeted exit AreaKey { scene: 1, anchor: (400, 344) } event=18 -> AreaKey { scene: 3, anchor: (160, 112) }
learned exit AreaKey { scene: 1, anchor: (400, 344) } event=18 -> AreaKey { scene: 3, anchor: (160, 112) }
scene 1 -> 3 at frame 4690 position (1088, 1232)
target scene=3 area=(160, 112) event=49 script=6226 mode=5 state=1 player=(1248, 1344) pos=(1280, 1472) path=54
learned exit AreaKey { scene: 3, anchor: (160, 112) } event=53 -> AreaKey { scene: 1, anchor: (400, 344) }
scene 3 -> 1 at frame 4692 position (304, 264)
target scene=1 area=(400, 344) event=18 script=4643 mode=5 state=1 player=(464, 376) pos=(416, 400) path=2
learned targeted exit AreaKey { scene: 1, anchor: (400, 344) } event=18 -> AreaKey { scene: 3, anchor: (160, 112) }
learned exit AreaKey { scene: 1, anchor: (400, 344) } event=18 -> AreaKey { scene: 3, anchor: (160, 112) }
scene 1 -> 3 at frame 4694 position (1088, 1232)
target scene=3 area=(160, 112) event=49 script=6226 mode=5 state=1 player=(1248, 1344) pos=(1280, 1472) path=54
learned exit AreaKey { scene: 3, anchor: (160, 112) } event=53 -> AreaKey { scene: 1, anchor: (400, 344) }
scene 3 -> 1 at frame 4696 position (304, 264)
target scene=1 area=(400, 344) event=18 script=4643 mode=5 state=1 player=(464, 376) pos=(416, 400) path=2
learned targeted exit AreaKey { scene: 1, anchor: (400, 344) } event=18 -> AreaKey { scene: 3, anchor: (160, 112) }
learned exit AreaKey { scene: 1, anchor: (400, 344) } event=18 -> AreaKey { scene: 3, anchor: (160, 112) }
scene 1 -> 3 at frame 4698 position (1088, 1232)
target scene=3 area=(160, 112) event=49 script=6226 mode=5 state=1 player=(1248, 1344) pos=(1280, 1472) path=54
learned exit AreaKey { scene: 3, anchor: (160, 112) } event=53 -> AreaKey { scene: 1, anchor: (400, 344) }
scene 3 -> 1 at frame 4700 position (304, 264)
target scene=1 area=(400, 344) event=18 script=4643 mode=5 state=1 player=(464, 376) pos=(416, 400) path=2
learned targeted exit AreaKey { scene: 1, anchor: (400, 344) } event=18 -> AreaKey { scene: 3, anchor: (160, 112) }
learned exit AreaKey { scene: 1, anchor: (400, 344) } event=18 -> AreaKey { scene: 3, anchor: (160, 112) }
scene 1 -> 3 at frame 4702 position (1088, 1232)
target scene=3 area=(160, 112) event=49 script=6226 mode=5 state=1 player=(1248, 1344) pos=(1280, 1472) path=54
learned exit AreaKey { scene: 3, anchor: (160, 112) } event=53 -> AreaKey { scene: 1, anchor: (400, 344) }
scene 3 -> 1 at frame 4704 position (304, 264)
target scene=1 area=(400, 344) event=18 script=4643 mode=5 state=1 player=(464, 376) pos=(416, 400) path=2
learned targeted exit AreaKey { scene: 1, anchor: (400, 344) } event=18 -> AreaKey { scene: 3, anchor: (160, 112) }
learned exit AreaKey { scene: 1, anchor: (400, 344) } event=18 -> AreaKey { scene: 3, anchor: (160, 112) }
scene 1 -> 3 at frame 4706 position (1088, 1232)
target scene=3 area=(160, 112) event=49 script=6226 mode=5 state=1 player=(1248, 1344) pos=(1280, 1472) path=54
learned exit AreaKey { scene: 3, anchor: (160, 112) } event=53 -> AreaKey { scene: 1, anchor: (400, 344) }
scene 3 -> 1 at frame 4708 position (304, 264)
target scene=1 area=(400, 344) event=18 script=4643 mode=5 state=1 player=(464, 376) pos=(416, 400) path=2
learned targeted exit AreaKey { scene: 1, anchor: (400, 344) } event=18 -> AreaKey { scene: 3, anchor: (160, 112) }
learned exit AreaKey { scene: 1, anchor: (400, 344) } event=18 -> AreaKey { scene: 3, anchor: (160, 112) }
scene 1 -> 3 at frame 4710 position (1088, 1232)
target scene=3 area=(160, 112) event=49 script=6226 mode=5 state=1 player=(1248, 1344) pos=(1280, 1472) path=54
learned exit AreaKey { scene: 3, anchor: (160, 112) } event=53 -> AreaKey { scene: 1, anchor: (400, 344) }
scene 3 -> 1 at frame 4712 position (304, 264)
target scene=1 area=(400, 344) event=18 script=4643 mode=5 state=1 player=(464, 376) pos=(416, 400) path=2
learned targeted exit AreaKey { scene: 1, anchor: (400, 344) } event=18 -> AreaKey { scene: 3, anchor: (160, 112) }
learned exit AreaKey { scene: 1, anchor: (400, 344) } event=18 -> AreaKey { scene: 3, anchor: (160, 112) }
scene 1 -> 3 at frame 4714 position (1088, 1232)
target scene=3 area=(160, 112) event=49 script=6226 mode=5 state=1 player=(1248, 1344) pos=(1280, 1472) path=54
learned exit AreaKey { scene: 3, anchor: (160, 112) } event=53 -> AreaKey { scene: 1, anchor: (400, 344) }
scene 3 -> 1 at frame 4716 position (304, 264)
target scene=1 area=(400, 344) event=18 script=4643 mode=5 state=1 player=(464, 376) pos=(416, 400) path=2
learned targeted exit AreaKey { scene: 1, anchor: (400, 344) } event=18 -> AreaKey { scene: 3, anchor: (160, 112) }
learned exit AreaKey { scene: 1, anchor: (400, 344) } event=18 -> AreaKey { scene: 3, anchor: (160, 112) }
scene 1 -> 3 at frame 4718 position (1088, 1232)
target scene=3 area=(160, 112) event=49 script=6226 mode=5 state=1 player=(1248, 1344) pos=(1280, 1472) path=54
learned exit AreaKey { scene: 3, anchor: (160, 112) } event=53 -> AreaKey { scene: 1, anchor: (400, 344) }
scene 3 -> 1 at frame 4720 position (304, 264)
target scene=1 area=(400, 344) event=18 script=4643 mode=5 state=1 player=(464, 376) pos=(416, 400) path=2
learned targeted exit AreaKey { scene: 1, anchor: (400, 344) } event=18 -> AreaKey { scene: 3, anchor: (160, 112) }
learned exit AreaKey { scene: 1, anchor: (400, 344) } event=18 -> AreaKey { scene: 3, anchor: (160, 112) }
scene 1 -> 3 at frame 4722 position (1088, 1232)
target scene=3 area=(160, 112) event=49 script=6226 mode=5 state=1 player=(1248, 1344) pos=(1280, 1472) path=54
learned exit AreaKey { scene: 3, anchor: (160, 112) } event=53 -> AreaKey { scene: 1, anchor: (400, 344) }
scene 3 -> 1 at frame 4724 position (304, 264)
target scene=1 area=(400, 344) event=18 script=4643 mode=5 state=1 player=(464, 376) pos=(416, 400) path=2
learned targeted exit AreaKey { scene: 1, anchor: (400, 344) } event=18 -> AreaKey { scene: 3, anchor: (160, 112) }
learned exit AreaKey { scene: 1, anchor: (400, 344) } event=18 -> AreaKey { scene: 3, anchor: (160, 112) }
scene 1 -> 3 at frame 4726 position (1088, 1232)
target scene=3 area=(160, 112) event=49 script=6226 mode=5 state=1 player=(1248, 1344) pos=(1280, 1472) path=54
learned exit AreaKey { scene: 3, anchor: (160, 112) } event=53 -> AreaKey { scene: 1, anchor: (400, 344) }
scene 3 -> 1 at frame 4728 position (304, 264)
target scene=1 area=(400, 344) event=18 script=4643 mode=5 state=1 player=(464, 376) pos=(416, 400) path=2
learned targeted exit AreaKey { scene: 1, anchor: (400, 344) } event=18 -> AreaKey { scene: 3, anchor: (160, 112) }
learned exit AreaKey { scene: 1, anchor: (400, 344) } event=18 -> AreaKey { scene: 3, anchor: (160, 112) }
scene 1 -> 3 at frame 4730 position (1088, 1232)
target scene=3 area=(160, 112) event=49 script=6226 mode=5 state=1 player=(1248, 1344) pos=(1280, 1472) path=54
learned exit AreaKey { scene: 3, anchor: (160, 112) } event=53 -> AreaKey { scene: 1, anchor: (400, 344) }
scene 3 -> 1 at frame 4732 position (304, 264)
target scene=1 area=(400, 344) event=18 script=4643 mode=5 state=1 player=(464, 376) pos=(416, 400) path=2
learned targeted exit AreaKey { scene: 1, anchor: (400, 344) } event=18 -> AreaKey { scene: 3, anchor: (160, 112) }
learned exit AreaKey { scene: 1, anchor: (400, 344) } event=18 -> AreaKey { scene: 3, anchor: (160, 112) }
scene 1 -> 3 at frame 4734 position (1088, 1232)
target scene=3 area=(160, 112) event=49 script=6226 mode=5 state=1 player=(1248, 1344) pos=(1280, 1472) path=54
learned exit AreaKey { scene: 3, anchor: (160, 112) } event=53 -> AreaKey { scene: 1, anchor: (400, 344) }
scene 3 -> 1 at frame 4736 position (304, 264)
target scene=1 area=(400, 344) event=18 script=4643 mode=5 state=1 player=(464, 376) pos=(416, 400) path=2
learned targeted exit AreaKey { scene: 1, anchor: (400, 344) } event=18 -> AreaKey { scene: 3, anchor: (160, 112) }
learned exit AreaKey { scene: 1, anchor: (400, 344) } event=18 -> AreaKey { scene: 3, anchor: (160, 112) }
scene 1 -> 3 at frame 4738 position (1088, 1232)
target scene=3 area=(160, 112) event=49 script=6226 mode=5 state=1 player=(1248, 1344) pos=(1280, 1472) path=54
learned exit AreaKey { scene: 3, anchor: (160, 112) } event=53 -> AreaKey { scene: 1, anchor: (400, 344) }
scene 3 -> 1 at frame 4740 position (304, 264)
target scene=1 area=(400, 344) event=18 script=4643 mode=5 state=1 player=(464, 376) pos=(416, 400) path=2
learned targeted exit AreaKey { scene: 1, anchor: (400, 344) } event=18 -> AreaKey { scene: 3, anchor: (160, 112) }
learned exit AreaKey { scene: 1, anchor: (400, 344) } event=18 -> AreaKey { scene: 3, anchor: (160, 112) }
scene 1 -> 3 at frame 4742 position (1088, 1232)
target scene=3 area=(160, 112) event=49 script=6226 mode=5 state=1 player=(1248, 1344) pos=(1280, 1472) path=54
learned exit AreaKey { scene: 3, anchor: (160, 112) } event=53 -> AreaKey { scene: 1, anchor: (400, 344) }
scene 3 -> 1 at frame 4744 position (304, 264)
target scene=1 area=(400, 344) event=18 script=4643 mode=5 state=1 player=(464, 376) pos=(416, 400) path=2
learned targeted exit AreaKey { scene: 1, anchor: (400, 344) } event=18 -> AreaKey { scene: 3, anchor: (160, 112) }
learned exit AreaKey { scene: 1, anchor: (400, 344) } event=18 -> AreaKey { scene: 3, anchor: (160, 112) }
scene 1 -> 3 at frame 4746 position (1088, 1232)
target scene=3 area=(160, 112) event=49 script=6226 mode=5 state=1 player=(1248, 1344) pos=(1280, 1472) path=54
learned exit AreaKey { scene: 3, anchor: (160, 112) } event=53 -> AreaKey { scene: 1, anchor: (400, 344) }
scene 3 -> 1 at frame 4748 position (304, 264)
target scene=1 area=(400, 344) event=18 script=4643 mode=5 state=1 player=(464, 376) pos=(416, 400) path=2
learned targeted exit AreaKey { scene: 1, anchor: (400, 344) } event=18 -> AreaKey { scene: 3, anchor: (160, 112) }
learned exit AreaKey { scene: 1, anchor: (400, 344) } event=18 -> AreaKey { scene: 3, anchor: (160, 112) }
scene 1 -> 3 at frame 4750 position (1088, 1232)
target scene=3 area=(160, 112) event=49 script=6226 mode=5 state=1 player=(1248, 1344) pos=(1280, 1472) path=54
learned exit AreaKey { scene: 3, anchor: (160, 112) } event=53 -> AreaKey { scene: 1, anchor: (400, 344) }
scene 3 -> 1 at frame 4752 position (304, 264)
target scene=1 area=(400, 344) event=18 script=4643 mode=5 state=1 player=(464, 376) pos=(416, 400) path=2
learned targeted exit AreaKey { scene: 1, anchor: (400, 344) } event=18 -> AreaKey { scene: 3, anchor: (160, 112) }
learned exit AreaKey { scene: 1, anchor: (400, 344) } event=18 -> AreaKey { scene: 3, anchor: (160, 112) }
scene 1 -> 3 at frame 4754 position (1088, 1232)
target scene=3 area=(160, 112) event=49 script=6226 mode=5 state=1 player=(1248, 1344) pos=(1280, 1472) path=54
learned exit AreaKey { scene: 3, anchor: (160, 112) } event=53 -> AreaKey { scene: 1, anchor: (400, 344) }
scene 3 -> 1 at frame 4756 position (304, 264)
target scene=1 area=(400, 344) event=18 script=4643 mode=5 state=1 player=(464, 376) pos=(416, 400) path=2
learned targeted exit AreaKey { scene: 1, anchor: (400, 344) } event=18 -> AreaKey { scene: 3, anchor: (160, 112) }
learned exit AreaKey { scene: 1, anchor: (400, 344) } event=18 -> AreaKey { scene: 3, anchor: (160, 112) }
scene 1 -> 3 at frame 4758 position (1088, 1232)
target scene=3 area=(160, 112) event=49 script=6226 mode=5 state=1 player=(1248, 1344) pos=(1280, 1472) path=54
learned exit AreaKey { scene: 3, anchor: (160, 112) } event=53 -> AreaKey { scene: 1, anchor: (400, 344) }
scene 3 -> 1 at frame 4760 position (304, 264)
target scene=1 area=(400, 344) event=18 script=4643 mode=5 state=1 player=(464, 376) pos=(416, 400) path=2
learned targeted exit AreaKey { scene: 1, anchor: (400, 344) } event=18 -> AreaKey { scene: 3, anchor: (160, 112) }
learned exit AreaKey { scene: 1, anchor: (400, 344) } event=18 -> AreaKey { scene: 3, anchor: (160, 112) }
scene 1 -> 3 at frame 4762 position (1088, 1232)
target scene=3 area=(160, 112) event=49 script=6226 mode=5 state=1 player=(1248, 1344) pos=(1280, 1472) path=54
learned exit AreaKey { scene: 3, anchor: (160, 112) } event=53 -> AreaKey { scene: 1, anchor: (400, 344) }
scene 3 -> 1 at frame 4764 position (304, 264)
target scene=1 area=(400, 344) event=18 script=4643 mode=5 state=1 player=(464, 376) pos=(416, 400) path=2
learned targeted exit AreaKey { scene: 1, anchor: (400, 344) } event=18 -> AreaKey { scene: 3, anchor: (160, 112) }
learned exit AreaKey { scene: 1, anchor: (400, 344) } event=18 -> AreaKey { scene: 3, anchor: (160, 112) }
scene 1 -> 3 at frame 4766 position (1088, 1232)
target scene=3 area=(160, 112) event=49 script=6226 mode=5 state=1 player=(1248, 1344) pos=(1280, 1472) path=54
learned exit AreaKey { scene: 3, anchor: (160, 112) } event=53 -> AreaKey { scene: 1, anchor: (400, 344) }
scene 3 -> 1 at frame 4768 position (304, 264)
target scene=1 area=(400, 344) event=18 script=4643 mode=5 state=1 player=(464, 376) pos=(416, 400) path=2
learned targeted exit AreaKey { scene: 1, anchor: (400, 344) } event=18 -> AreaKey { scene: 3, anchor: (160, 112) }
learned exit AreaKey { scene: 1, anchor: (400, 344) } event=18 -> AreaKey { scene: 3, anchor: (160, 112) }
scene 1 -> 3 at frame 4770 position (1088, 1232)
target scene=3 area=(160, 112) event=49 script=6226 mode=5 state=1 player=(1248, 1344) pos=(1280, 1472) path=54
learned exit AreaKey { scene: 3, anchor: (160, 112) } event=53 -> AreaKey { scene: 1, anchor: (400, 344) }
scene 3 -> 1 at frame 4772 position (304, 264)
target scene=1 area=(400, 344) event=18 script=4643 mode=5 state=1 player=(464, 376) pos=(416, 400) path=2
learned targeted exit AreaKey { scene: 1, anchor: (400, 344) } event=18 -> AreaKey { scene: 3, anchor: (160, 112) }
learned exit AreaKey { scene: 1, anchor: (400, 344) } event=18 -> AreaKey { scene: 3, anchor: (160, 112) }
scene 1 -> 3 at frame 4774 position (1088, 1232)
target scene=3 area=(160, 112) event=49 script=6226 mode=5 state=1 player=(1248, 1344) pos=(1280, 1472) path=54
learned exit AreaKey { scene: 3, anchor: (160, 112) } event=53 -> AreaKey { scene: 1, anchor: (400, 344) }
scene 3 -> 1 at frame 4776 position (304, 264)
target scene=1 area=(400, 344) event=18 script=4643 mode=5 state=1 player=(464, 376) pos=(416, 400) path=2
learned targeted exit AreaKey { scene: 1, anchor: (400, 344) } event=18 -> AreaKey { scene: 3, anchor: (160, 112) }
learned exit AreaKey { scene: 1, anchor: (400, 344) } event=18 -> AreaKey { scene: 3, anchor: (160, 112) }
scene 1 -> 3 at frame 4778 position (1088, 1232)
target scene=3 area=(160, 112) event=49 script=6226 mode=5 state=1 player=(1248, 1344) pos=(1280, 1472) path=54
learned exit AreaKey { scene: 3, anchor: (160, 112) } event=53 -> AreaKey { scene: 1, anchor: (400, 344) }
scene 3 -> 1 at frame 4780 position (304, 264)
target scene=1 area=(400, 344) event=18 script=4643 mode=5 state=1 player=(464, 376) pos=(416, 400) path=2
learned targeted exit AreaKey { scene: 1, anchor: (400, 344) } event=18 -> AreaKey { scene: 3, anchor: (160, 112) }
learned exit AreaKey { scene: 1, anchor: (400, 344) } event=18 -> AreaKey { scene: 3, anchor: (160, 112) }
scene 1 -> 3 at frame 4782 position (1088, 1232)
target scene=3 area=(160, 112) event=49 script=6226 mode=5 state=1 player=(1248, 1344) pos=(1280, 1472) path=54
learned exit AreaKey { scene: 3, anchor: (160, 112) } event=53 -> AreaKey { scene: 1, anchor: (400, 344) }
scene 3 -> 1 at frame 4784 position (304, 264)
target scene=1 area=(400, 344) event=18 script=4643 mode=5 state=1 player=(464, 376) pos=(416, 400) path=2
learned targeted exit AreaKey { scene: 1, anchor: (400, 344) } event=18 -> AreaKey { scene: 3, anchor: (160, 112) }
learned exit AreaKey { scene: 1, anchor: (400, 344) } event=18 -> AreaKey { scene: 3, anchor: (160, 112) }
scene 1 -> 3 at frame 4786 position (1088, 1232)
target scene=3 area=(160, 112) event=49 script=6226 mode=5 state=1 player=(1248, 1344) pos=(1280, 1472) path=54
learned exit AreaKey { scene: 3, anchor: (160, 112) } event=53 -> AreaKey { scene: 1, anchor: (400, 344) }
scene 3 -> 1 at frame 4788 position (304, 264)
target scene=1 area=(400, 344) event=18 script=4643 mode=5 state=1 player=(464, 376) pos=(416, 400) path=2
learned targeted exit AreaKey { scene: 1, anchor: (400, 344) } event=18 -> AreaKey { scene: 3, anchor: (160, 112) }
learned exit AreaKey { scene: 1, anchor: (400, 344) } event=18 -> AreaKey { scene: 3, anchor: (160, 112) }
scene 1 -> 3 at frame 4790 position (1088, 1232)
target scene=3 area=(160, 112) event=49 script=6226 mode=5 state=1 player=(1248, 1344) pos=(1280, 1472) path=54
learned exit AreaKey { scene: 3, anchor: (160, 112) } event=53 -> AreaKey { scene: 1, anchor: (400, 344) }
scene 3 -> 1 at frame 4792 position (304, 264)
target scene=1 area=(400, 344) event=18 script=4643 mode=5 state=1 player=(464, 376) pos=(416, 400) path=2
learned targeted exit AreaKey { scene: 1, anchor: (400, 344) } event=18 -> AreaKey { scene: 3, anchor: (160, 112) }
learned exit AreaKey { scene: 1, anchor: (400, 344) } event=18 -> AreaKey { scene: 3, anchor: (160, 112) }
scene 1 -> 3 at frame 4794 position (1088, 1232)
target scene=3 area=(160, 112) event=49 script=6226 mode=5 state=1 player=(1248, 1344) pos=(1280, 1472) path=54
learned exit AreaKey { scene: 3, anchor: (160, 112) } event=53 -> AreaKey { scene: 1, anchor: (400, 344) }
scene 3 -> 1 at frame 4796 position (304, 264)
target scene=1 area=(400, 344) event=18 script=4643 mode=5 state=1 player=(464, 376) pos=(416, 400) path=2
learned targeted exit AreaKey { scene: 1, anchor: (400, 344) } event=18 -> AreaKey { scene: 3, anchor: (160, 112) }
learned exit AreaKey { scene: 1, anchor: (400, 344) } event=18 -> AreaKey { scene: 3, anchor: (160, 112) }
scene 1 -> 3 at frame 4798 position (1088, 1232)
target scene=3 area=(160, 112) event=49 script=6226 mode=5 state=1 player=(1248, 1344) pos=(1280, 1472) path=54
learned exit AreaKey { scene: 3, anchor: (160, 112) } event=53 -> AreaKey { scene: 1, anchor: (400, 344) }
scene 3 -> 1 at frame 4800 position (304, 264)
target scene=1 area=(400, 344) event=18 script=4643 mode=5 state=1 player=(464, 376) pos=(416, 400) path=2
learned targeted exit AreaKey { scene: 1, anchor: (400, 344) } event=18 -> AreaKey { scene: 3, anchor: (160, 112) }
learned exit AreaKey { scene: 1, anchor: (400, 344) } event=18 -> AreaKey { scene: 3, anchor: (160, 112) }
scene 1 -> 3 at frame 4802 position (1088, 1232)
target scene=3 area=(160, 112) event=49 script=6226 mode=5 state=1 player=(1248, 1344) pos=(1280, 1472) path=54
learned exit AreaKey { scene: 3, anchor: (160, 112) } event=53 -> AreaKey { scene: 1, anchor: (400, 344) }
scene 3 -> 1 at frame 4804 position (304, 264)
target scene=1 area=(400, 344) event=18 script=4643 mode=5 state=1 player=(464, 376) pos=(416, 400) path=2
learned targeted exit AreaKey { scene: 1, anchor: (400, 344) } event=18 -> AreaKey { scene: 3, anchor: (160, 112) }
learned exit AreaKey { scene: 1, anchor: (400, 344) } event=18 -> AreaKey { scene: 3, anchor: (160, 112) }
scene 1 -> 3 at frame 4806 position (1088, 1232)
target scene=3 area=(160, 112) event=49 script=6226 mode=5 state=1 player=(1248, 1344) pos=(1280, 1472) path=54
learned exit AreaKey { scene: 3, anchor: (160, 112) } event=53 -> AreaKey { scene: 1, anchor: (400, 344) }
scene 3 -> 1 at frame 4808 position (304, 264)
target scene=1 area=(400, 344) event=18 script=4643 mode=5 state=1 player=(464, 376) pos=(416, 400) path=2
learned targeted exit AreaKey { scene: 1, anchor: (400, 344) } event=18 -> AreaKey { scene: 3, anchor: (160, 112) }
learned exit AreaKey { scene: 1, anchor: (400, 344) } event=18 -> AreaKey { scene: 3, anchor: (160, 112) }
scene 1 -> 3 at frame 4810 position (1088, 1232)
target scene=3 area=(160, 112) event=49 script=6226 mode=5 state=1 player=(1248, 1344) pos=(1280, 1472) path=54
learned exit AreaKey { scene: 3, anchor: (160, 112) } event=53 -> AreaKey { scene: 1, anchor: (400, 344) }
scene 3 -> 1 at frame 4812 position (304, 264)
target scene=1 area=(400, 344) event=18 script=4643 mode=5 state=1 player=(464, 376) pos=(416, 400) path=2
learned targeted exit AreaKey { scene: 1, anchor: (400, 344) } event=18 -> AreaKey { scene: 3, anchor: (160, 112) }
learned exit AreaKey { scene: 1, anchor: (400, 344) } event=18 -> AreaKey { scene: 3, anchor: (160, 112) }
scene 1 -> 3 at frame 4814 position (1088, 1232)
target scene=3 area=(160, 112) event=49 script=6226 mode=5 state=1 player=(1248, 1344) pos=(1280, 1472) path=54
learned exit AreaKey { scene: 3, anchor: (160, 112) } event=53 -> AreaKey { scene: 1, anchor: (400, 344) }
scene 3 -> 1 at frame 4816 position (304, 264)
target scene=1 area=(400, 344) event=18 script=4643 mode=5 state=1 player=(464, 376) pos=(416, 400) path=2
learned targeted exit AreaKey { scene: 1, anchor: (400, 344) } event=18 -> AreaKey { scene: 3, anchor: (160, 112) }
learned exit AreaKey { scene: 1, anchor: (400, 344) } event=18 -> AreaKey { scene: 3, anchor: (160, 112) }
scene 1 -> 3 at frame 4818 position (1088, 1232)
target scene=3 area=(160, 112) event=49 script=6226 mode=5 state=1 player=(1248, 1344) pos=(1280, 1472) path=54
learned exit AreaKey { scene: 3, anchor: (160, 112) } event=53 -> AreaKey { scene: 1, anchor: (400, 344) }
scene 3 -> 1 at frame 4820 position (304, 264)
target scene=1 area=(400, 344) event=18 script=4643 mode=5 state=1 player=(464, 376) pos=(416, 400) path=2
learned targeted exit AreaKey { scene: 1, anchor: (400, 344) } event=18 -> AreaKey { scene: 3, anchor: (160, 112) }
learned exit AreaKey { scene: 1, anchor: (400, 344) } event=18 -> AreaKey { scene: 3, anchor: (160, 112) }
scene 1 -> 3 at frame 4822 position (1088, 1232)
target scene=3 area=(160, 112) event=49 script=6226 mode=5 state=1 player=(1248, 1344) pos=(1280, 1472) path=54
learned exit AreaKey { scene: 3, anchor: (160, 112) } event=53 -> AreaKey { scene: 1, anchor: (400, 344) }
scene 3 -> 1 at frame 4824 position (304, 264)
target scene=1 area=(400, 344) event=18 script=4643 mode=5 state=1 player=(464, 376) pos=(416, 400) path=2
learned targeted exit AreaKey { scene: 1, anchor: (400, 344) } event=18 -> AreaKey { scene: 3, anchor: (160, 112) }
learned exit AreaKey { scene: 1, anchor: (400, 344) } event=18 -> AreaKey { scene: 3, anchor: (160, 112) }
scene 1 -> 3 at frame 4826 position (1088, 1232)
target scene=3 area=(160, 112) event=49 script=6226 mode=5 state=1 player=(1248, 1344) pos=(1280, 1472) path=54
learned exit AreaKey { scene: 3, anchor: (160, 112) } event=53 -> AreaKey { scene: 1, anchor: (400, 344) }
scene 3 -> 1 at frame 4828 position (304, 264)
target scene=1 area=(400, 344) event=18 script=4643 mode=5 state=1 player=(464, 376) pos=(416, 400) path=2
learned targeted exit AreaKey { scene: 1, anchor: (400, 344) } event=18 -> AreaKey { scene: 3, anchor: (160, 112) }
learned exit AreaKey { scene: 1, anchor: (400, 344) } event=18 -> AreaKey { scene: 3, anchor: (160, 112) }
scene 1 -> 3 at frame 4830 position (1088, 1232)
target scene=3 area=(160, 112) event=49 script=6226 mode=5 state=1 player=(1248, 1344) pos=(1280, 1472) path=54
learned exit AreaKey { scene: 3, anchor: (160, 112) } event=53 -> AreaKey { scene: 1, anchor: (400, 344) }
scene 3 -> 1 at frame 4832 position (304, 264)
target scene=1 area=(400, 344) event=18 script=4643 mode=5 state=1 player=(464, 376) pos=(416, 400) path=2
learned targeted exit AreaKey { scene: 1, anchor: (400, 344) } event=18 -> AreaKey { scene: 3, anchor: (160, 112) }
learned exit AreaKey { scene: 1, anchor: (400, 344) } event=18 -> AreaKey { scene: 3, anchor: (160, 112) }
scene 1 -> 3 at frame 4834 position (1088, 1232)
target scene=3 area=(160, 112) event=49 script=6226 mode=5 state=1 player=(1248, 1344) pos=(1280, 1472) path=54
learned exit AreaKey { scene: 3, anchor: (160, 112) } event=53 -> AreaKey { scene: 1, anchor: (400, 344) }
scene 3 -> 1 at frame 4836 position (304, 264)
target scene=1 area=(400, 344) event=18 script=4643 mode=5 state=1 player=(464, 376) pos=(416, 400) path=2
learned targeted exit AreaKey { scene: 1, anchor: (400, 344) } event=18 -> AreaKey { scene: 3, anchor: (160, 112) }
learned exit AreaKey { scene: 1, anchor: (400, 344) } event=18 -> AreaKey { scene: 3, anchor: (160, 112) }
scene 1 -> 3 at frame 4838 position (1088, 1232)
target scene=3 area=(160, 112) event=49 script=6226 mode=5 state=1 player=(1248, 1344) pos=(1280, 1472) path=54
learned exit AreaKey { scene: 3, anchor: (160, 112) } event=53 -> AreaKey { scene: 1, anchor: (400, 344) }
scene 3 -> 1 at frame 4840 position (304, 264)
target scene=1 area=(400, 344) event=18 script=4643 mode=5 state=1 player=(464, 376) pos=(416, 400) path=2
learned targeted exit AreaKey { scene: 1, anchor: (400, 344) } event=18 -> AreaKey { scene: 3, anchor: (160, 112) }
learned exit AreaKey { scene: 1, anchor: (400, 344) } event=18 -> AreaKey { scene: 3, anchor: (160, 112) }
scene 1 -> 3 at frame 4842 position (1088, 1232)
target scene=3 area=(160, 112) event=49 script=6226 mode=5 state=1 player=(1248, 1344) pos=(1280, 1472) path=54
learned exit AreaKey { scene: 3, anchor: (160, 112) } event=53 -> AreaKey { scene: 1, anchor: (400, 344) }
scene 3 -> 1 at frame 4844 position (304, 264)
target scene=1 area=(400, 344) event=18 script=4643 mode=5 state=1 player=(464, 376) pos=(416, 400) path=2
learned targeted exit AreaKey { scene: 1, anchor: (400, 344) } event=18 -> AreaKey { scene: 3, anchor: (160, 112) }
learned exit AreaKey { scene: 1, anchor: (400, 344) } event=18 -> AreaKey { scene: 3, anchor: (160, 112) }
scene 1 -> 3 at frame 4846 position (1088, 1232)
target scene=3 area=(160, 112) event=49 script=6226 mode=5 state=1 player=(1248, 1344) pos=(1280, 1472) path=54
learned exit AreaKey { scene: 3, anchor: (160, 112) } event=53 -> AreaKey { scene: 1, anchor: (400, 344) }
scene 3 -> 1 at frame 4848 position (304, 264)
target scene=1 area=(400, 344) event=18 script=4643 mode=5 state=1 player=(464, 376) pos=(416, 400) path=2
learned targeted exit AreaKey { scene: 1, anchor: (400, 344) } event=18 -> AreaKey { scene: 3, anchor: (160, 112) }
learned exit AreaKey { scene: 1, anchor: (400, 344) } event=18 -> AreaKey { scene: 3, anchor: (160, 112) }
scene 1 -> 3 at frame 4850 position (1088, 1232)
target scene=3 area=(160, 112) event=49 script=6226 mode=5 state=1 player=(1248, 1344) pos=(1280, 1472) path=54
learned exit AreaKey { scene: 3, anchor: (160, 112) } event=53 -> AreaKey { scene: 1, anchor: (400, 344) }
scene 3 -> 1 at frame 4852 position (304, 264)
target scene=1 area=(400, 344) event=18 script=4643 mode=5 state=1 player=(464, 376) pos=(416, 400) path=2
learned targeted exit AreaKey { scene: 1, anchor: (400, 344) } event=18 -> AreaKey { scene: 3, anchor: (160, 112) }
learned exit AreaKey { scene: 1, anchor: (400, 344) } event=18 -> AreaKey { scene: 3, anchor: (160, 112) }
scene 1 -> 3 at frame 4854 position (1088, 1232)
target scene=3 area=(160, 112) event=49 script=6226 mode=5 state=1 player=(1248, 1344) pos=(1280, 1472) path=54
learned exit AreaKey { scene: 3, anchor: (160, 112) } event=53 -> AreaKey { scene: 1, anchor: (400, 344) }
scene 3 -> 1 at frame 4856 position (304, 264)
target scene=1 area=(400, 344) event=18 script=4643 mode=5 state=1 player=(464, 376) pos=(416, 400) path=2
learned targeted exit AreaKey { scene: 1, anchor: (400, 344) } event=18 -> AreaKey { scene: 3, anchor: (160, 112) }
learned exit AreaKey { scene: 1, anchor: (400, 344) } event=18 -> AreaKey { scene: 3, anchor: (160, 112) }
scene 1 -> 3 at frame 4858 position (1088, 1232)
target scene=3 area=(160, 112) event=49 script=6226 mode=5 state=1 player=(1248, 1344) pos=(1280, 1472) path=54
learned exit AreaKey { scene: 3, anchor: (160, 112) } event=53 -> AreaKey { scene: 1, anchor: (400, 344) }
scene 3 -> 1 at frame 4860 position (304, 264)
target scene=1 area=(400, 344) event=18 script=4643 mode=5 state=1 player=(464, 376) pos=(416, 400) path=2
learned targeted exit AreaKey { scene: 1, anchor: (400, 344) } event=18 -> AreaKey { scene: 3, anchor: (160, 112) }
learned exit AreaKey { scene: 1, anchor: (400, 344) } event=18 -> AreaKey { scene: 3, anchor: (160, 112) }
scene 1 -> 3 at frame 4862 position (1088, 1232)
target scene=3 area=(160, 112) event=49 script=6226 mode=5 state=1 player=(1248, 1344) pos=(1280, 1472) path=54
learned exit AreaKey { scene: 3, anchor: (160, 112) } event=53 -> AreaKey { scene: 1, anchor: (400, 344) }
scene 3 -> 1 at frame 4864 position (304, 264)
target scene=1 area=(400, 344) event=18 script=4643 mode=5 state=1 player=(464, 376) pos=(416, 400) path=2
learned targeted exit AreaKey { scene: 1, anchor: (400, 344) } event=18 -> AreaKey { scene: 3, anchor: (160, 112) }
learned exit AreaKey { scene: 1, anchor: (400, 344) } event=18 -> AreaKey { scene: 3, anchor: (160, 112) }
scene 1 -> 3 at frame 4866 position (1088, 1232)
target scene=3 area=(160, 112) event=49 script=6226 mode=5 state=1 player=(1248, 1344) pos=(1280, 1472) path=54
learned exit AreaKey { scene: 3, anchor: (160, 112) } event=53 -> AreaKey { scene: 1, anchor: (400, 344) }
scene 3 -> 1 at frame 4868 position (304, 264)
target scene=1 area=(400, 344) event=18 script=4643 mode=5 state=1 player=(464, 376) pos=(416, 400) path=2
learned targeted exit AreaKey { scene: 1, anchor: (400, 344) } event=18 -> AreaKey { scene: 3, anchor: (160, 112) }
learned exit AreaKey { scene: 1, anchor: (400, 344) } event=18 -> AreaKey { scene: 3, anchor: (160, 112) }
scene 1 -> 3 at frame 4870 position (1088, 1232)
target scene=3 area=(160, 112) event=49 script=6226 mode=5 state=1 player=(1248, 1344) pos=(1280, 1472) path=54
learned exit AreaKey { scene: 3, anchor: (160, 112) } event=53 -> AreaKey { scene: 1, anchor: (400, 344) }
scene 3 -> 1 at frame 4872 position (304, 264)
target scene=1 area=(400, 344) event=18 script=4643 mode=5 state=1 player=(464, 376) pos=(416, 400) path=2
learned targeted exit AreaKey { scene: 1, anchor: (400, 344) } event=18 -> AreaKey { scene: 3, anchor: (160, 112) }
learned exit AreaKey { scene: 1, anchor: (400, 344) } event=18 -> AreaKey { scene: 3, anchor: (160, 112) }
scene 1 -> 3 at frame 4874 position (1088, 1232)
target scene=3 area=(160, 112) event=49 script=6226 mode=5 state=1 player=(1248, 1344) pos=(1280, 1472) path=54
learned exit AreaKey { scene: 3, anchor: (160, 112) } event=53 -> AreaKey { scene: 1, anchor: (400, 344) }
scene 3 -> 1 at frame 4876 position (304, 264)
target scene=1 area=(400, 344) event=18 script=4643 mode=5 state=1 player=(464, 376) pos=(416, 400) path=2
learned targeted exit AreaKey { scene: 1, anchor: (400, 344) } event=18 -> AreaKey { scene: 3, anchor: (160, 112) }
learned exit AreaKey { scene: 1, anchor: (400, 344) } event=18 -> AreaKey { scene: 3, anchor: (160, 112) }
scene 1 -> 3 at frame 4878 position (1088, 1232)
target scene=3 area=(160, 112) event=49 script=6226 mode=5 state=1 player=(1248, 1344) pos=(1280, 1472) path=54
learned exit AreaKey { scene: 3, anchor: (160, 112) } event=53 -> AreaKey { scene: 1, anchor: (400, 344) }
scene 3 -> 1 at frame 4880 position (304, 264)
target scene=1 area=(400, 344) event=18 script=4643 mode=5 state=1 player=(464, 376) pos=(416, 400) path=2
learned targeted exit AreaKey { scene: 1, anchor: (400, 344) } event=18 -> AreaKey { scene: 3, anchor: (160, 112) }
learned exit AreaKey { scene: 1, anchor: (400, 344) } event=18 -> AreaKey { scene: 3, anchor: (160, 112) }
scene 1 -> 3 at frame 4882 position (1088, 1232)
target scene=3 area=(160, 112) event=49 script=6226 mode=5 state=1 player=(1248, 1344) pos=(1280, 1472) path=54
learned exit AreaKey { scene: 3, anchor: (160, 112) } event=53 -> AreaKey { scene: 1, anchor: (400, 344) }
scene 3 -> 1 at frame 4884 position (304, 264)
target scene=1 area=(400, 344) event=18 script=4643 mode=5 state=1 player=(464, 376) pos=(416, 400) path=2
learned targeted exit AreaKey { scene: 1, anchor: (400, 344) } event=18 -> AreaKey { scene: 3, anchor: (160, 112) }
learned exit AreaKey { scene: 1, anchor: (400, 344) } event=18 -> AreaKey { scene: 3, anchor: (160, 112) }
scene 1 -> 3 at frame 4886 position (1088, 1232)
target scene=3 area=(160, 112) event=49 script=6226 mode=5 state=1 player=(1248, 1344) pos=(1280, 1472) path=54
learned exit AreaKey { scene: 3, anchor: (160, 112) } event=53 -> AreaKey { scene: 1, anchor: (400, 344) }
scene 3 -> 1 at frame 4888 position (304, 264)
target scene=1 area=(400, 344) event=18 script=4643 mode=5 state=1 player=(464, 376) pos=(416, 400) path=2
learned targeted exit AreaKey { scene: 1, anchor: (400, 344) } event=18 -> AreaKey { scene: 3, anchor: (160, 112) }
learned exit AreaKey { scene: 1, anchor: (400, 344) } event=18 -> AreaKey { scene: 3, anchor: (160, 112) }
scene 1 -> 3 at frame 4890 position (1088, 1232)
target scene=3 area=(160, 112) event=49 script=6226 mode=5 state=1 player=(1248, 1344) pos=(1280, 1472) path=54
learned exit AreaKey { scene: 3, anchor: (160, 112) } event=53 -> AreaKey { scene: 1, anchor: (400, 344) }
scene 3 -> 1 at frame 4892 position (304, 264)
target scene=1 area=(400, 344) event=18 script=4643 mode=5 state=1 player=(464, 376) pos=(416, 400) path=2
learned targeted exit AreaKey { scene: 1, anchor: (400, 344) } event=18 -> AreaKey { scene: 3, anchor: (160, 112) }
learned exit AreaKey { scene: 1, anchor: (400, 344) } event=18 -> AreaKey { scene: 3, anchor: (160, 112) }
scene 1 -> 3 at frame 4894 position (1088, 1232)
target scene=3 area=(160, 112) event=49 script=6226 mode=5 state=1 player=(1248, 1344) pos=(1280, 1472) path=54
learned exit AreaKey { scene: 3, anchor: (160, 112) } event=53 -> AreaKey { scene: 1, anchor: (400, 344) }
scene 3 -> 1 at frame 4896 position (304, 264)
target scene=1 area=(400, 344) event=18 script=4643 mode=5 state=1 player=(464, 376) pos=(416, 400) path=2
learned targeted exit AreaKey { scene: 1, anchor: (400, 344) } event=18 -> AreaKey { scene: 3, anchor: (160, 112) }
learned exit AreaKey { scene: 1, anchor: (400, 344) } event=18 -> AreaKey { scene: 3, anchor: (160, 112) }
scene 1 -> 3 at frame 4898 position (1088, 1232)
target scene=3 area=(160, 112) event=49 script=6226 mode=5 state=1 player=(1248, 1344) pos=(1280, 1472) path=54
learned exit AreaKey { scene: 3, anchor: (160, 112) } event=53 -> AreaKey { scene: 1, anchor: (400, 344) }
scene 3 -> 1 at frame 4900 position (304, 264)
target scene=1 area=(400, 344) event=18 script=4643 mode=5 state=1 player=(464, 376) pos=(416, 400) path=2
learned targeted exit AreaKey { scene: 1, anchor: (400, 344) } event=18 -> AreaKey { scene: 3, anchor: (160, 112) }
learned exit AreaKey { scene: 1, anchor: (400, 344) } event=18 -> AreaKey { scene: 3, anchor: (160, 112) }
scene 1 -> 3 at frame 4902 position (1088, 1232)
target scene=3 area=(160, 112) event=49 script=6226 mode=5 state=1 player=(1248, 1344) pos=(1280, 1472) path=54
learned exit AreaKey { scene: 3, anchor: (160, 112) } event=53 -> AreaKey { scene: 1, anchor: (400, 344) }
scene 3 -> 1 at frame 4904 position (304, 264)
target scene=1 area=(400, 344) event=18 script=4643 mode=5 state=1 player=(464, 376) pos=(416, 400) path=2
learned targeted exit AreaKey { scene: 1, anchor: (400, 344) } event=18 -> AreaKey { scene: 3, anchor: (160, 112) }
learned exit AreaKey { scene: 1, anchor: (400, 344) } event=18 -> AreaKey { scene: 3, anchor: (160, 112) }
scene 1 -> 3 at frame 4906 position (1088, 1232)
target scene=3 area=(160, 112) event=49 script=6226 mode=5 state=1 player=(1248, 1344) pos=(1280, 1472) path=54
learned exit AreaKey { scene: 3, anchor: (160, 112) } event=53 -> AreaKey { scene: 1, anchor: (400, 344) }
scene 3 -> 1 at frame 4908 position (304, 264)
target scene=1 area=(400, 344) event=18 script=4643 mode=5 state=1 player=(464, 376) pos=(416, 400) path=2
learned targeted exit AreaKey { scene: 1, anchor: (400, 344) } event=18 -> AreaKey { scene: 3, anchor: (160, 112) }
learned exit AreaKey { scene: 1, anchor: (400, 344) } event=18 -> AreaKey { scene: 3, anchor: (160, 112) }
scene 1 -> 3 at frame 4910 position (1088, 1232)
target scene=3 area=(160, 112) event=49 script=6226 mode=5 state=1 player=(1248, 1344) pos=(1280, 1472) path=54
learned exit AreaKey { scene: 3, anchor: (160, 112) } event=53 -> AreaKey { scene: 1, anchor: (400, 344) }
scene 3 -> 1 at frame 4912 position (304, 264)
target scene=1 area=(400, 344) event=18 script=4643 mode=5 state=1 player=(464, 376) pos=(416, 400) path=2
learned targeted exit AreaKey { scene: 1, anchor: (400, 344) } event=18 -> AreaKey { scene: 3, anchor: (160, 112) }
learned exit AreaKey { scene: 1, anchor: (400, 344) } event=18 -> AreaKey { scene: 3, anchor: (160, 112) }
scene 1 -> 3 at frame 4914 position (1088, 1232)
target scene=3 area=(160, 112) event=49 script=6226 mode=5 state=1 player=(1248, 1344) pos=(1280, 1472) path=54
learned exit AreaKey { scene: 3, anchor: (160, 112) } event=53 -> AreaKey { scene: 1, anchor: (400, 344) }
scene 3 -> 1 at frame 4916 position (304, 264)
target scene=1 area=(400, 344) event=18 script=4643 mode=5 state=1 player=(464, 376) pos=(416, 400) path=2
learned targeted exit AreaKey { scene: 1, anchor: (400, 344) } event=18 -> AreaKey { scene: 3, anchor: (160, 112) }
learned exit AreaKey { scene: 1, anchor: (400, 344) } event=18 -> AreaKey { scene: 3, anchor: (160, 112) }
scene 1 -> 3 at frame 4918 position (1088, 1232)
target scene=3 area=(160, 112) event=49 script=6226 mode=5 state=1 player=(1248, 1344) pos=(1280, 1472) path=54
learned exit AreaKey { scene: 3, anchor: (160, 112) } event=53 -> AreaKey { scene: 1, anchor: (400, 344) }
scene 3 -> 1 at frame 4920 position (304, 264)
target scene=1 area=(400, 344) event=18 script=4643 mode=5 state=1 player=(464, 376) pos=(416, 400) path=2
learned targeted exit AreaKey { scene: 1, anchor: (400, 344) } event=18 -> AreaKey { scene: 3, anchor: (160, 112) }
learned exit AreaKey { scene: 1, anchor: (400, 344) } event=18 -> AreaKey { scene: 3, anchor: (160, 112) }
scene 1 -> 3 at frame 4922 position (1088, 1232)
target scene=3 area=(160, 112) event=49 script=6226 mode=5 state=1 player=(1248, 1344) pos=(1280, 1472) path=54
learned exit AreaKey { scene: 3, anchor: (160, 112) } event=53 -> AreaKey { scene: 1, anchor: (400, 344) }
scene 3 -> 1 at frame 4924 position (304, 264)
target scene=1 area=(400, 344) event=18 script=4643 mode=5 state=1 player=(464, 376) pos=(416, 400) path=2
learned targeted exit AreaKey { scene: 1, anchor: (400, 344) } event=18 -> AreaKey { scene: 3, anchor: (160, 112) }
learned exit AreaKey { scene: 1, anchor: (400, 344) } event=18 -> AreaKey { scene: 3, anchor: (160, 112) }
scene 1 -> 3 at frame 4926 position (1088, 1232)
target scene=3 area=(160, 112) event=49 script=6226 mode=5 state=1 player=(1248, 1344) pos=(1280, 1472) path=54
learned exit AreaKey { scene: 3, anchor: (160, 112) } event=53 -> AreaKey { scene: 1, anchor: (400, 344) }
scene 3 -> 1 at frame 4928 position (304, 264)
target scene=1 area=(400, 344) event=18 script=4643 mode=5 state=1 player=(464, 376) pos=(416, 400) path=2
learned targeted exit AreaKey { scene: 1, anchor: (400, 344) } event=18 -> AreaKey { scene: 3, anchor: (160, 112) }
learned exit AreaKey { scene: 1, anchor: (400, 344) } event=18 -> AreaKey { scene: 3, anchor: (160, 112) }
scene 1 -> 3 at frame 4930 position (1088, 1232)
target scene=3 area=(160, 112) event=49 script=6226 mode=5 state=1 player=(1248, 1344) pos=(1280, 1472) path=54
learned exit AreaKey { scene: 3, anchor: (160, 112) } event=53 -> AreaKey { scene: 1, anchor: (400, 344) }
scene 3 -> 1 at frame 4932 position (304, 264)
target scene=1 area=(400, 344) event=18 script=4643 mode=5 state=1 player=(464, 376) pos=(416, 400) path=2
learned targeted exit AreaKey { scene: 1, anchor: (400, 344) } event=18 -> AreaKey { scene: 3, anchor: (160, 112) }
learned exit AreaKey { scene: 1, anchor: (400, 344) } event=18 -> AreaKey { scene: 3, anchor: (160, 112) }
scene 1 -> 3 at frame 4934 position (1088, 1232)
target scene=3 area=(160, 112) event=49 script=6226 mode=5 state=1 player=(1248, 1344) pos=(1280, 1472) path=54
learned exit AreaKey { scene: 3, anchor: (160, 112) } event=53 -> AreaKey { scene: 1, anchor: (400, 344) }
scene 3 -> 1 at frame 4936 position (304, 264)
target scene=1 area=(400, 344) event=18 script=4643 mode=5 state=1 player=(464, 376) pos=(416, 400) path=2
learned targeted exit AreaKey { scene: 1, anchor: (400, 344) } event=18 -> AreaKey { scene: 3, anchor: (160, 112) }
learned exit AreaKey { scene: 1, anchor: (400, 344) } event=18 -> AreaKey { scene: 3, anchor: (160, 112) }
scene 1 -> 3 at frame 4938 position (1088, 1232)
target scene=3 area=(160, 112) event=49 script=6226 mode=5 state=1 player=(1248, 1344) pos=(1280, 1472) path=54
learned exit AreaKey { scene: 3, anchor: (160, 112) } event=53 -> AreaKey { scene: 1, anchor: (400, 344) }
scene 3 -> 1 at frame 4940 position (304, 264)
target scene=1 area=(400, 344) event=18 script=4643 mode=5 state=1 player=(464, 376) pos=(416, 400) path=2
learned targeted exit AreaKey { scene: 1, anchor: (400, 344) } event=18 -> AreaKey { scene: 3, anchor: (160, 112) }
learned exit AreaKey { scene: 1, anchor: (400, 344) } event=18 -> AreaKey { scene: 3, anchor: (160, 112) }
scene 1 -> 3 at frame 4942 position (1088, 1232)
target scene=3 area=(160, 112) event=49 script=6226 mode=5 state=1 player=(1248, 1344) pos=(1280, 1472) path=54
learned exit AreaKey { scene: 3, anchor: (160, 112) } event=53 -> AreaKey { scene: 1, anchor: (400, 344) }
scene 3 -> 1 at frame 4944 position (304, 264)
target scene=1 area=(400, 344) event=18 script=4643 mode=5 state=1 player=(464, 376) pos=(416, 400) path=2
learned targeted exit AreaKey { scene: 1, anchor: (400, 344) } event=18 -> AreaKey { scene: 3, anchor: (160, 112) }
learned exit AreaKey { scene: 1, anchor: (400, 344) } event=18 -> AreaKey { scene: 3, anchor: (160, 112) }
scene 1 -> 3 at frame 4946 position (1088, 1232)
target scene=3 area=(160, 112) event=49 script=6226 mode=5 state=1 player=(1248, 1344) pos=(1280, 1472) path=54
learned exit AreaKey { scene: 3, anchor: (160, 112) } event=53 -> AreaKey { scene: 1, anchor: (400, 344) }
scene 3 -> 1 at frame 4948 position (304, 264)
target scene=1 area=(400, 344) event=18 script=4643 mode=5 state=1 player=(464, 376) pos=(416, 400) path=2
learned targeted exit AreaKey { scene: 1, anchor: (400, 344) } event=18 -> AreaKey { scene: 3, anchor: (160, 112) }
learned exit AreaKey { scene: 1, anchor: (400, 344) } event=18 -> AreaKey { scene: 3, anchor: (160, 112) }
scene 1 -> 3 at frame 4950 position (1088, 1232)
target scene=3 area=(160, 112) event=49 script=6226 mode=5 state=1 player=(1248, 1344) pos=(1280, 1472) path=54
learned exit AreaKey { scene: 3, anchor: (160, 112) } event=53 -> AreaKey { scene: 1, anchor: (400, 344) }
scene 3 -> 1 at frame 4952 position (304, 264)
target scene=1 area=(400, 344) event=18 script=4643 mode=5 state=1 player=(464, 376) pos=(416, 400) path=2
learned targeted exit AreaKey { scene: 1, anchor: (400, 344) } event=18 -> AreaKey { scene: 3, anchor: (160, 112) }
learned exit AreaKey { scene: 1, anchor: (400, 344) } event=18 -> AreaKey { scene: 3, anchor: (160, 112) }
scene 1 -> 3 at frame 4954 position (1088, 1232)
target scene=3 area=(160, 112) event=49 script=6226 mode=5 state=1 player=(1248, 1344) pos=(1280, 1472) path=54
learned exit AreaKey { scene: 3, anchor: (160, 112) } event=53 -> AreaKey { scene: 1, anchor: (400, 344) }
scene 3 -> 1 at frame 4956 position (304, 264)
target scene=1 area=(400, 344) event=18 script=4643 mode=5 state=1 player=(464, 376) pos=(416, 400) path=2
learned targeted exit AreaKey { scene: 1, anchor: (400, 344) } event=18 -> AreaKey { scene: 3, anchor: (160, 112) }
learned exit AreaKey { scene: 1, anchor: (400, 344) } event=18 -> AreaKey { scene: 3, anchor: (160, 112) }
scene 1 -> 3 at frame 4958 position (1088, 1232)
target scene=3 area=(160, 112) event=49 script=6226 mode=5 state=1 player=(1248, 1344) pos=(1280, 1472) path=54
learned exit AreaKey { scene: 3, anchor: (160, 112) } event=53 -> AreaKey { scene: 1, anchor: (400, 344) }
scene 3 -> 1 at frame 4960 position (304, 264)
target scene=1 area=(400, 344) event=18 script=4643 mode=5 state=1 player=(464, 376) pos=(416, 400) path=2
learned targeted exit AreaKey { scene: 1, anchor: (400, 344) } event=18 -> AreaKey { scene: 3, anchor: (160, 112) }
learned exit AreaKey { scene: 1, anchor: (400, 344) } event=18 -> AreaKey { scene: 3, anchor: (160, 112) }
scene 1 -> 3 at frame 4962 position (1088, 1232)
target scene=3 area=(160, 112) event=49 script=6226 mode=5 state=1 player=(1248, 1344) pos=(1280, 1472) path=54
learned exit AreaKey { scene: 3, anchor: (160, 112) } event=53 -> AreaKey { scene: 1, anchor: (400, 344) }
scene 3 -> 1 at frame 4964 position (304, 264)
target scene=1 area=(400, 344) event=18 script=4643 mode=5 state=1 player=(464, 376) pos=(416, 400) path=2
learned targeted exit AreaKey { scene: 1, anchor: (400, 344) } event=18 -> AreaKey { scene: 3, anchor: (160, 112) }
learned exit AreaKey { scene: 1, anchor: (400, 344) } event=18 -> AreaKey { scene: 3, anchor: (160, 112) }
scene 1 -> 3 at frame 4966 position (1088, 1232)
target scene=3 area=(160, 112) event=49 script=6226 mode=5 state=1 player=(1248, 1344) pos=(1280, 1472) path=54
learned exit AreaKey { scene: 3, anchor: (160, 112) } event=53 -> AreaKey { scene: 1, anchor: (400, 344) }
scene 3 -> 1 at frame 4968 position (304, 264)
target scene=1 area=(400, 344) event=18 script=4643 mode=5 state=1 player=(464, 376) pos=(416, 400) path=2
learned targeted exit AreaKey { scene: 1, anchor: (400, 344) } event=18 -> AreaKey { scene: 3, anchor: (160, 112) }
learned exit AreaKey { scene: 1, anchor: (400, 344) } event=18 -> AreaKey { scene: 3, anchor: (160, 112) }
scene 1 -> 3 at frame 4970 position (1088, 1232)
target scene=3 area=(160, 112) event=49 script=6226 mode=5 state=1 player=(1248, 1344) pos=(1280, 1472) path=54
learned exit AreaKey { scene: 3, anchor: (160, 112) } event=53 -> AreaKey { scene: 1, anchor: (400, 344) }
scene 3 -> 1 at frame 4972 position (304, 264)
target scene=1 area=(400, 344) event=18 script=4643 mode=5 state=1 player=(464, 376) pos=(416, 400) path=2
learned targeted exit AreaKey { scene: 1, anchor: (400, 344) } event=18 -> AreaKey { scene: 3, anchor: (160, 112) }
learned exit AreaKey { scene: 1, anchor: (400, 344) } event=18 -> AreaKey { scene: 3, anchor: (160, 112) }
scene 1 -> 3 at frame 4974 position (1088, 1232)
target scene=3 area=(160, 112) event=49 script=6226 mode=5 state=1 player=(1248, 1344) pos=(1280, 1472) path=54
learned exit AreaKey { scene: 3, anchor: (160, 112) } event=53 -> AreaKey { scene: 1, anchor: (400, 344) }
scene 3 -> 1 at frame 4976 position (304, 264)
target scene=1 area=(400, 344) event=18 script=4643 mode=5 state=1 player=(464, 376) pos=(416, 400) path=2
learned targeted exit AreaKey { scene: 1, anchor: (400, 344) } event=18 -> AreaKey { scene: 3, anchor: (160, 112) }
learned exit AreaKey { scene: 1, anchor: (400, 344) } event=18 -> AreaKey { scene: 3, anchor: (160, 112) }
scene 1 -> 3 at frame 4978 position (1088, 1232)
target scene=3 area=(160, 112) event=49 script=6226 mode=5 state=1 player=(1248, 1344) pos=(1280, 1472) path=54
learned exit AreaKey { scene: 3, anchor: (160, 112) } event=53 -> AreaKey { scene: 1, anchor: (400, 344) }
scene 3 -> 1 at frame 4980 position (304, 264)
target scene=1 area=(400, 344) event=18 script=4643 mode=5 state=1 player=(464, 376) pos=(416, 400) path=2
learned targeted exit AreaKey { scene: 1, anchor: (400, 344) } event=18 -> AreaKey { scene: 3, anchor: (160, 112) }
learned exit AreaKey { scene: 1, anchor: (400, 344) } event=18 -> AreaKey { scene: 3, anchor: (160, 112) }
scene 1 -> 3 at frame 4982 position (1088, 1232)
target scene=3 area=(160, 112) event=49 script=6226 mode=5 state=1 player=(1248, 1344) pos=(1280, 1472) path=54
learned exit AreaKey { scene: 3, anchor: (160, 112) } event=53 -> AreaKey { scene: 1, anchor: (400, 344) }
scene 3 -> 1 at frame 4984 position (304, 264)
target scene=1 area=(400, 344) event=18 script=4643 mode=5 state=1 player=(464, 376) pos=(416, 400) path=2
learned targeted exit AreaKey { scene: 1, anchor: (400, 344) } event=18 -> AreaKey { scene: 3, anchor: (160, 112) }
learned exit AreaKey { scene: 1, anchor: (400, 344) } event=18 -> AreaKey { scene: 3, anchor: (160, 112) }
scene 1 -> 3 at frame 4986 position (1088, 1232)
target scene=3 area=(160, 112) event=49 script=6226 mode=5 state=1 player=(1248, 1344) pos=(1280, 1472) path=54
learned exit AreaKey { scene: 3, anchor: (160, 112) } event=53 -> AreaKey { scene: 1, anchor: (400, 344) }
scene 3 -> 1 at frame 4988 position (304, 264)
target scene=1 area=(400, 344) event=18 script=4643 mode=5 state=1 player=(464, 376) pos=(416, 400) path=2
learned targeted exit AreaKey { scene: 1, anchor: (400, 344) } event=18 -> AreaKey { scene: 3, anchor: (160, 112) }
learned exit AreaKey { scene: 1, anchor: (400, 344) } event=18 -> AreaKey { scene: 3, anchor: (160, 112) }
scene 1 -> 3 at frame 4990 position (1088, 1232)
target scene=3 area=(160, 112) event=49 script=6226 mode=5 state=1 player=(1248, 1344) pos=(1280, 1472) path=54
learned exit AreaKey { scene: 3, anchor: (160, 112) } event=53 -> AreaKey { scene: 1, anchor: (400, 344) }
scene 3 -> 1 at frame 4992 position (304, 264)
target scene=1 area=(400, 344) event=18 script=4643 mode=5 state=1 player=(464, 376) pos=(416, 400) path=2
learned targeted exit AreaKey { scene: 1, anchor: (400, 344) } event=18 -> AreaKey { scene: 3, anchor: (160, 112) }
learned exit AreaKey { scene: 1, anchor: (400, 344) } event=18 -> AreaKey { scene: 3, anchor: (160, 112) }
scene 1 -> 3 at frame 4994 position (1088, 1232)
target scene=3 area=(160, 112) event=49 script=6226 mode=5 state=1 player=(1248, 1344) pos=(1280, 1472) path=54
learned exit AreaKey { scene: 3, anchor: (160, 112) } event=53 -> AreaKey { scene: 1, anchor: (400, 344) }
scene 3 -> 1 at frame 4996 position (304, 264)
target scene=1 area=(400, 344) event=18 script=4643 mode=5 state=1 player=(464, 376) pos=(416, 400) path=2
learned targeted exit AreaKey { scene: 1, anchor: (400, 344) } event=18 -> AreaKey { scene: 3, anchor: (160, 112) }
learned exit AreaKey { scene: 1, anchor: (400, 344) } event=18 -> AreaKey { scene: 3, anchor: (160, 112) }
scene 1 -> 3 at frame 4998 position (1088, 1232)
target scene=3 area=(160, 112) event=49 script=6226 mode=5 state=1 player=(1248, 1344) pos=(1280, 1472) path=54
learned exit AreaKey { scene: 3, anchor: (160, 112) } event=53 -> AreaKey { scene: 1, anchor: (400, 344) }
scene 3 -> 1 at frame 5000 position (304, 264)
target scene=1 area=(400, 344) event=18 script=4643 mode=5 state=1 player=(464, 376) pos=(416, 400) path=2
learned targeted exit AreaKey { scene: 1, anchor: (400, 344) } event=18 -> AreaKey { scene: 3, anchor: (160, 112) }
learned exit AreaKey { scene: 1, anchor: (400, 344) } event=18 -> AreaKey { scene: 3, anchor: (160, 112) }
scene 1 -> 3 at frame 5002 position (1088, 1232)
target scene=3 area=(160, 112) event=49 script=6226 mode=5 state=1 player=(1248, 1344) pos=(1280, 1472) path=54
learned exit AreaKey { scene: 3, anchor: (160, 112) } event=53 -> AreaKey { scene: 1, anchor: (400, 344) }
scene 3 -> 1 at frame 5004 position (304, 264)
target scene=1 area=(400, 344) event=18 script=4643 mode=5 state=1 player=(464, 376) pos=(416, 400) path=2
learned targeted exit AreaKey { scene: 1, anchor: (400, 344) } event=18 -> AreaKey { scene: 3, anchor: (160, 112) }
learned exit AreaKey { scene: 1, anchor: (400, 344) } event=18 -> AreaKey { scene: 3, anchor: (160, 112) }
scene 1 -> 3 at frame 5006 position (1088, 1232)
target scene=3 area=(160, 112) event=49 script=6226 mode=5 state=1 player=(1248, 1344) pos=(1280, 1472) path=54
learned exit AreaKey { scene: 3, anchor: (160, 112) } event=53 -> AreaKey { scene: 1, anchor: (400, 344) }
scene 3 -> 1 at frame 5008 position (304, 264)
target scene=1 area=(400, 344) event=18 script=4643 mode=5 state=1 player=(464, 376) pos=(416, 400) path=2
learned targeted exit AreaKey { scene: 1, anchor: (400, 344) } event=18 -> AreaKey { scene: 3, anchor: (160, 112) }
learned exit AreaKey { scene: 1, anchor: (400, 344) } event=18 -> AreaKey { scene: 3, anchor: (160, 112) }
scene 1 -> 3 at frame 5010 position (1088, 1232)
target scene=3 area=(160, 112) event=49 script=6226 mode=5 state=1 player=(1248, 1344) pos=(1280, 1472) path=54
learned exit AreaKey { scene: 3, anchor: (160, 112) } event=53 -> AreaKey { scene: 1, anchor: (400, 344) }
scene 3 -> 1 at frame 5012 position (304, 264)
target scene=1 area=(400, 344) event=18 script=4643 mode=5 state=1 player=(464, 376) pos=(416, 400) path=2
learned targeted exit AreaKey { scene: 1, anchor: (400, 344) } event=18 -> AreaKey { scene: 3, anchor: (160, 112) }
learned exit AreaKey { scene: 1, anchor: (400, 344) } event=18 -> AreaKey { scene: 3, anchor: (160, 112) }
scene 1 -> 3 at frame 5014 position (1088, 1232)
target scene=3 area=(160, 112) event=49 script=6226 mode=5 state=1 player=(1248, 1344) pos=(1280, 1472) path=54
learned exit AreaKey { scene: 3, anchor: (160, 112) } event=53 -> AreaKey { scene: 1, anchor: (400, 344) }
scene 3 -> 1 at frame 5016 position (304, 264)
target scene=1 area=(400, 344) event=18 script=4643 mode=5 state=1 player=(464, 376) pos=(416, 400) path=2
learned targeted exit AreaKey { scene: 1, anchor: (400, 344) } event=18 -> AreaKey { scene: 3, anchor: (160, 112) }
learned exit AreaKey { scene: 1, anchor: (400, 344) } event=18 -> AreaKey { scene: 3, anchor: (160, 112) }
scene 1 -> 3 at frame 5018 position (1088, 1232)
target scene=3 area=(160, 112) event=49 script=6226 mode=5 state=1 player=(1248, 1344) pos=(1280, 1472) path=54
learned exit AreaKey { scene: 3, anchor: (160, 112) } event=53 -> AreaKey { scene: 1, anchor: (400, 344) }
scene 3 -> 1 at frame 5020 position (304, 264)
target scene=1 area=(400, 344) event=18 script=4643 mode=5 state=1 player=(464, 376) pos=(416, 400) path=2
learned targeted exit AreaKey { scene: 1, anchor: (400, 344) } event=18 -> AreaKey { scene: 3, anchor: (160, 112) }
learned exit AreaKey { scene: 1, anchor: (400, 344) } event=18 -> AreaKey { scene: 3, anchor: (160, 112) }
scene 1 -> 3 at frame 5022 position (1088, 1232)
target scene=3 area=(160, 112) event=49 script=6226 mode=5 state=1 player=(1248, 1344) pos=(1280, 1472) path=54
learned exit AreaKey { scene: 3, anchor: (160, 112) } event=53 -> AreaKey { scene: 1, anchor: (400, 344) }
scene 3 -> 1 at frame 5024 position (304, 264)
target scene=1 area=(400, 344) event=18 script=4643 mode=5 state=1 player=(464, 376) pos=(416, 400) path=2
learned targeted exit AreaKey { scene: 1, anchor: (400, 344) } event=18 -> AreaKey { scene: 3, anchor: (160, 112) }
learned exit AreaKey { scene: 1, anchor: (400, 344) } event=18 -> AreaKey { scene: 3, anchor: (160, 112) }
scene 1 -> 3 at frame 5026 position (1088, 1232)
target scene=3 area=(160, 112) event=49 script=6226 mode=5 state=1 player=(1248, 1344) pos=(1280, 1472) path=54
learned exit AreaKey { scene: 3, anchor: (160, 112) } event=53 -> AreaKey { scene: 1, anchor: (400, 344) }
scene 3 -> 1 at frame 5028 position (304, 264)
target scene=1 area=(400, 344) event=18 script=4643 mode=5 state=1 player=(464, 376) pos=(416, 400) path=2
learned targeted exit AreaKey { scene: 1, anchor: (400, 344) } event=18 -> AreaKey { scene: 3, anchor: (160, 112) }
learned exit AreaKey { scene: 1, anchor: (400, 344) } event=18 -> AreaKey { scene: 3, anchor: (160, 112) }
scene 1 -> 3 at frame 5030 position (1088, 1232)
target scene=3 area=(160, 112) event=49 script=6226 mode=5 state=1 player=(1248, 1344) pos=(1280, 1472) path=54
learned exit AreaKey { scene: 3, anchor: (160, 112) } event=53 -> AreaKey { scene: 1, anchor: (400, 344) }
scene 3 -> 1 at frame 5032 position (304, 264)
target scene=1 area=(400, 344) event=18 script=4643 mode=5 state=1 player=(464, 376) pos=(416, 400) path=2
learned targeted exit AreaKey { scene: 1, anchor: (400, 344) } event=18 -> AreaKey { scene: 3, anchor: (160, 112) }
learned exit AreaKey { scene: 1, anchor: (400, 344) } event=18 -> AreaKey { scene: 3, anchor: (160, 112) }
scene 1 -> 3 at frame 5034 position (1088, 1232)
target scene=3 area=(160, 112) event=49 script=6226 mode=5 state=1 player=(1248, 1344) pos=(1280, 1472) path=54
learned exit AreaKey { scene: 3, anchor: (160, 112) } event=53 -> AreaKey { scene: 1, anchor: (400, 344) }
scene 3 -> 1 at frame 5036 position (304, 264)
target scene=1 area=(400, 344) event=18 script=4643 mode=5 state=1 player=(464, 376) pos=(416, 400) path=2
learned targeted exit AreaKey { scene: 1, anchor: (400, 344) } event=18 -> AreaKey { scene: 3, anchor: (160, 112) }
learned exit AreaKey { scene: 1, anchor: (400, 344) } event=18 -> AreaKey { scene: 3, anchor: (160, 112) }
scene 1 -> 3 at frame 5038 position (1088, 1232)
target scene=3 area=(160, 112) event=49 script=6226 mode=5 state=1 player=(1248, 1344) pos=(1280, 1472) path=54
learned exit AreaKey { scene: 3, anchor: (160, 112) } event=53 -> AreaKey { scene: 1, anchor: (400, 344) }
scene 3 -> 1 at frame 5040 position (304, 264)
target scene=1 area=(400, 344) event=18 script=4643 mode=5 state=1 player=(464, 376) pos=(416, 400) path=2
learned targeted exit AreaKey { scene: 1, anchor: (400, 344) } event=18 -> AreaKey { scene: 3, anchor: (160, 112) }
learned exit AreaKey { scene: 1, anchor: (400, 344) } event=18 -> AreaKey { scene: 3, anchor: (160, 112) }
scene 1 -> 3 at frame 5042 position (1088, 1232)
target scene=3 area=(160, 112) event=49 script=6226 mode=5 state=1 player=(1248, 1344) pos=(1280, 1472) path=54
learned exit AreaKey { scene: 3, anchor: (160, 112) } event=53 -> AreaKey { scene: 1, anchor: (400, 344) }
scene 3 -> 1 at frame 5044 position (304, 264)
target scene=1 area=(400, 344) event=18 script=4643 mode=5 state=1 player=(464, 376) pos=(416, 400) path=2
learned targeted exit AreaKey { scene: 1, anchor: (400, 344) } event=18 -> AreaKey { scene: 3, anchor: (160, 112) }
learned exit AreaKey { scene: 1, anchor: (400, 344) } event=18 -> AreaKey { scene: 3, anchor: (160, 112) }
scene 1 -> 3 at frame 5046 position (1088, 1232)
target scene=3 area=(160, 112) event=49 script=6226 mode=5 state=1 player=(1248, 1344) pos=(1280, 1472) path=54
learned exit AreaKey { scene: 3, anchor: (160, 112) } event=53 -> AreaKey { scene: 1, anchor: (400, 344) }
scene 3 -> 1 at frame 5048 position (304, 264)
target scene=1 area=(400, 344) event=18 script=4643 mode=5 state=1 player=(464, 376) pos=(416, 400) path=2
learned targeted exit AreaKey { scene: 1, anchor: (400, 344) } event=18 -> AreaKey { scene: 3, anchor: (160, 112) }
learned exit AreaKey { scene: 1, anchor: (400, 344) } event=18 -> AreaKey { scene: 3, anchor: (160, 112) }
scene 1 -> 3 at frame 5050 position (1088, 1232)
target scene=3 area=(160, 112) event=49 script=6226 mode=5 state=1 player=(1248, 1344) pos=(1280, 1472) path=54
learned exit AreaKey { scene: 3, anchor: (160, 112) } event=53 -> AreaKey { scene: 1, anchor: (400, 344) }
scene 3 -> 1 at frame 5052 position (304, 264)
target scene=1 area=(400, 344) event=18 script=4643 mode=5 state=1 player=(464, 376) pos=(416, 400) path=2
learned targeted exit AreaKey { scene: 1, anchor: (400, 344) } event=18 -> AreaKey { scene: 3, anchor: (160, 112) }
learned exit AreaKey { scene: 1, anchor: (400, 344) } event=18 -> AreaKey { scene: 3, anchor: (160, 112) }
scene 1 -> 3 at frame 5054 position (1088, 1232)
target scene=3 area=(160, 112) event=49 script=6226 mode=5 state=1 player=(1248, 1344) pos=(1280, 1472) path=54
learned exit AreaKey { scene: 3, anchor: (160, 112) } event=53 -> AreaKey { scene: 1, anchor: (400, 344) }
scene 3 -> 1 at frame 5056 position (304, 264)
target scene=1 area=(400, 344) event=18 script=4643 mode=5 state=1 player=(464, 376) pos=(416, 400) path=2
learned targeted exit AreaKey { scene: 1, anchor: (400, 344) } event=18 -> AreaKey { scene: 3, anchor: (160, 112) }
learned exit AreaKey { scene: 1, anchor: (400, 344) } event=18 -> AreaKey { scene: 3, anchor: (160, 112) }
scene 1 -> 3 at frame 5058 position (1088, 1232)
target scene=3 area=(160, 112) event=49 script=6226 mode=5 state=1 player=(1248, 1344) pos=(1280, 1472) path=54
learned exit AreaKey { scene: 3, anchor: (160, 112) } event=53 -> AreaKey { scene: 1, anchor: (400, 344) }
scene 3 -> 1 at frame 5060 position (304, 264)
target scene=1 area=(400, 344) event=18 script=4643 mode=5 state=1 player=(464, 376) pos=(416, 400) path=2
learned targeted exit AreaKey { scene: 1, anchor: (400, 344) } event=18 -> AreaKey { scene: 3, anchor: (160, 112) }
learned exit AreaKey { scene: 1, anchor: (400, 344) } event=18 -> AreaKey { scene: 3, anchor: (160, 112) }
scene 1 -> 3 at frame 5062 position (1088, 1232)
target scene=3 area=(160, 112) event=49 script=6226 mode=5 state=1 player=(1248, 1344) pos=(1280, 1472) path=54
learned exit AreaKey { scene: 3, anchor: (160, 112) } event=53 -> AreaKey { scene: 1, anchor: (400, 344) }
scene 3 -> 1 at frame 5064 position (304, 264)
target scene=1 area=(400, 344) event=18 script=4643 mode=5 state=1 player=(464, 376) pos=(416, 400) path=2
learned targeted exit AreaKey { scene: 1, anchor: (400, 344) } event=18 -> AreaKey { scene: 3, anchor: (160, 112) }
learned exit AreaKey { scene: 1, anchor: (400, 344) } event=18 -> AreaKey { scene: 3, anchor: (160, 112) }
scene 1 -> 3 at frame 5066 position (1088, 1232)
target scene=3 area=(160, 112) event=49 script=6226 mode=5 state=1 player=(1248, 1344) pos=(1280, 1472) path=54
learned exit AreaKey { scene: 3, anchor: (160, 112) } event=53 -> AreaKey { scene: 1, anchor: (400, 344) }
scene 3 -> 1 at frame 5068 position (304, 264)
target scene=1 area=(400, 344) event=18 script=4643 mode=5 state=1 player=(464, 376) pos=(416, 400) path=2
learned targeted exit AreaKey { scene: 1, anchor: (400, 344) } event=18 -> AreaKey { scene: 3, anchor: (160, 112) }
learned exit AreaKey { scene: 1, anchor: (400, 344) } event=18 -> AreaKey { scene: 3, anchor: (160, 112) }
scene 1 -> 3 at frame 5070 position (1088, 1232)
target scene=3 area=(160, 112) event=49 script=6226 mode=5 state=1 player=(1248, 1344) pos=(1280, 1472) path=54
learned exit AreaKey { scene: 3, anchor: (160, 112) } event=53 -> AreaKey { scene: 1, anchor: (400, 344) }
scene 3 -> 1 at frame 5072 position (304, 264)
target scene=1 area=(400, 344) event=18 script=4643 mode=5 state=1 player=(464, 376) pos=(416, 400) path=2
learned targeted exit AreaKey { scene: 1, anchor: (400, 344) } event=18 -> AreaKey { scene: 3, anchor: (160, 112) }
learned exit AreaKey { scene: 1, anchor: (400, 344) } event=18 -> AreaKey { scene: 3, anchor: (160, 112) }
scene 1 -> 3 at frame 5074 position (1088, 1232)
target scene=3 area=(160, 112) event=49 script=6226 mode=5 state=1 player=(1248, 1344) pos=(1280, 1472) path=54
learned exit AreaKey { scene: 3, anchor: (160, 112) } event=53 -> AreaKey { scene: 1, anchor: (400, 344) }
scene 3 -> 1 at frame 5076 position (304, 264)
target scene=1 area=(400, 344) event=18 script=4643 mode=5 state=1 player=(464, 376) pos=(416, 400) path=2
learned targeted exit AreaKey { scene: 1, anchor: (400, 344) } event=18 -> AreaKey { scene: 3, anchor: (160, 112) }
learned exit AreaKey { scene: 1, anchor: (400, 344) } event=18 -> AreaKey { scene: 3, anchor: (160, 112) }
scene 1 -> 3 at frame 5078 position (1088, 1232)
target scene=3 area=(160, 112) event=49 script=6226 mode=5 state=1 player=(1248, 1344) pos=(1280, 1472) path=54
learned exit AreaKey { scene: 3, anchor: (160, 112) } event=53 -> AreaKey { scene: 1, anchor: (400, 344) }
scene 3 -> 1 at frame 5080 position (304, 264)
target scene=1 area=(400, 344) event=18 script=4643 mode=5 state=1 player=(464, 376) pos=(416, 400) path=2
learned targeted exit AreaKey { scene: 1, anchor: (400, 344) } event=18 -> AreaKey { scene: 3, anchor: (160, 112) }
learned exit AreaKey { scene: 1, anchor: (400, 344) } event=18 -> AreaKey { scene: 3, anchor: (160, 112) }
scene 1 -> 3 at frame 5082 position (1088, 1232)
target scene=3 area=(160, 112) event=49 script=6226 mode=5 state=1 player=(1248, 1344) pos=(1280, 1472) path=54
learned exit AreaKey { scene: 3, anchor: (160, 112) } event=53 -> AreaKey { scene: 1, anchor: (400, 344) }
scene 3 -> 1 at frame 5084 position (304, 264)
target scene=1 area=(400, 344) event=18 script=4643 mode=5 state=1 player=(464, 376) pos=(416, 400) path=2
learned targeted exit AreaKey { scene: 1, anchor: (400, 344) } event=18 -> AreaKey { scene: 3, anchor: (160, 112) }
learned exit AreaKey { scene: 1, anchor: (400, 344) } event=18 -> AreaKey { scene: 3, anchor: (160, 112) }
scene 1 -> 3 at frame 5086 position (1088, 1232)
target scene=3 area=(160, 112) event=49 script=6226 mode=5 state=1 player=(1248, 1344) pos=(1280, 1472) path=54
learned exit AreaKey { scene: 3, anchor: (160, 112) } event=53 -> AreaKey { scene: 1, anchor: (400, 344) }
scene 3 -> 1 at frame 5088 position (304, 264)
target scene=1 area=(400, 344) event=18 script=4643 mode=5 state=1 player=(464, 376) pos=(416, 400) path=2
learned targeted exit AreaKey { scene: 1, anchor: (400, 344) } event=18 -> AreaKey { scene: 3, anchor: (160, 112) }
learned exit AreaKey { scene: 1, anchor: (400, 344) } event=18 -> AreaKey { scene: 3, anchor: (160, 112) }
scene 1 -> 3 at frame 5090 position (1088, 1232)
target scene=3 area=(160, 112) event=49 script=6226 mode=5 state=1 player=(1248, 1344) pos=(1280, 1472) path=54
learned exit AreaKey { scene: 3, anchor: (160, 112) } event=53 -> AreaKey { scene: 1, anchor: (400, 344) }
scene 3 -> 1 at frame 5092 position (304, 264)
target scene=1 area=(400, 344) event=18 script=4643 mode=5 state=1 player=(464, 376) pos=(416, 400) path=2
learned targeted exit AreaKey { scene: 1, anchor: (400, 344) } event=18 -> AreaKey { scene: 3, anchor: (160, 112) }
learned exit AreaKey { scene: 1, anchor: (400, 344) } event=18 -> AreaKey { scene: 3, anchor: (160, 112) }
scene 1 -> 3 at frame 5094 position (1088, 1232)
target scene=3 area=(160, 112) event=49 script=6226 mode=5 state=1 player=(1248, 1344) pos=(1280, 1472) path=54
learned exit AreaKey { scene: 3, anchor: (160, 112) } event=53 -> AreaKey { scene: 1, anchor: (400, 344) }
scene 3 -> 1 at frame 5096 position (304, 264)
target scene=1 area=(400, 344) event=18 script=4643 mode=5 state=1 player=(464, 376) pos=(416, 400) path=2
learned targeted exit AreaKey { scene: 1, anchor: (400, 344) } event=18 -> AreaKey { scene: 3, anchor: (160, 112) }
learned exit AreaKey { scene: 1, anchor: (400, 344) } event=18 -> AreaKey { scene: 3, anchor: (160, 112) }
scene 1 -> 3 at frame 5098 position (1088, 1232)
target scene=3 area=(160, 112) event=49 script=6226 mode=5 state=1 player=(1248, 1344) pos=(1280, 1472) path=54
learned exit AreaKey { scene: 3, anchor: (160, 112) } event=53 -> AreaKey { scene: 1, anchor: (400, 344) }
scene 3 -> 1 at frame 5100 position (304, 264)
target scene=1 area=(400, 344) event=18 script=4643 mode=5 state=1 player=(464, 376) pos=(416, 400) path=2
learned targeted exit AreaKey { scene: 1, anchor: (400, 344) } event=18 -> AreaKey { scene: 3, anchor: (160, 112) }
learned exit AreaKey { scene: 1, anchor: (400, 344) } event=18 -> AreaKey { scene: 3, anchor: (160, 112) }
scene 1 -> 3 at frame 5102 position (1088, 1232)
target scene=3 area=(160, 112) event=49 script=6226 mode=5 state=1 player=(1248, 1344) pos=(1280, 1472) path=54
learned exit AreaKey { scene: 3, anchor: (160, 112) } event=53 -> AreaKey { scene: 1, anchor: (400, 344) }
scene 3 -> 1 at frame 5104 position (304, 264)
target scene=1 area=(400, 344) event=18 script=4643 mode=5 state=1 player=(464, 376) pos=(416, 400) path=2
learned targeted exit AreaKey { scene: 1, anchor: (400, 344) } event=18 -> AreaKey { scene: 3, anchor: (160, 112) }
learned exit AreaKey { scene: 1, anchor: (400, 344) } event=18 -> AreaKey { scene: 3, anchor: (160, 112) }
scene 1 -> 3 at frame 5106 position (1088, 1232)
target scene=3 area=(160, 112) event=49 script=6226 mode=5 state=1 player=(1248, 1344) pos=(1280, 1472) path=54
learned exit AreaKey { scene: 3, anchor: (160, 112) } event=53 -> AreaKey { scene: 1, anchor: (400, 344) }
scene 3 -> 1 at frame 5108 position (304, 264)
target scene=1 area=(400, 344) event=18 script=4643 mode=5 state=1 player=(464, 376) pos=(416, 400) path=2
learned targeted exit AreaKey { scene: 1, anchor: (400, 344) } event=18 -> AreaKey { scene: 3, anchor: (160, 112) }
learned exit AreaKey { scene: 1, anchor: (400, 344) } event=18 -> AreaKey { scene: 3, anchor: (160, 112) }
scene 1 -> 3 at frame 5110 position (1088, 1232)
target scene=3 area=(160, 112) event=49 script=6226 mode=5 state=1 player=(1248, 1344) pos=(1280, 1472) path=54
learned exit AreaKey { scene: 3, anchor: (160, 112) } event=53 -> AreaKey { scene: 1, anchor: (400, 344) }
scene 3 -> 1 at frame 5112 position (304, 264)
target scene=1 area=(400, 344) event=18 script=4643 mode=5 state=1 player=(464, 376) pos=(416, 400) path=2
learned targeted exit AreaKey { scene: 1, anchor: (400, 344) } event=18 -> AreaKey { scene: 3, anchor: (160, 112) }
learned exit AreaKey { scene: 1, anchor: (400, 344) } event=18 -> AreaKey { scene: 3, anchor: (160, 112) }
scene 1 -> 3 at frame 5114 position (1088, 1232)
target scene=3 area=(160, 112) event=49 script=6226 mode=5 state=1 player=(1248, 1344) pos=(1280, 1472) path=54
learned exit AreaKey { scene: 3, anchor: (160, 112) } event=53 -> AreaKey { scene: 1, anchor: (400, 344) }
scene 3 -> 1 at frame 5116 position (304, 264)
target scene=1 area=(400, 344) event=18 script=4643 mode=5 state=1 player=(464, 376) pos=(416, 400) path=2
learned targeted exit AreaKey { scene: 1, anchor: (400, 344) } event=18 -> AreaKey { scene: 3, anchor: (160, 112) }
learned exit AreaKey { scene: 1, anchor: (400, 344) } event=18 -> AreaKey { scene: 3, anchor: (160, 112) }
scene 1 -> 3 at frame 5118 position (1088, 1232)
target scene=3 area=(160, 112) event=49 script=6226 mode=5 state=1 player=(1248, 1344) pos=(1280, 1472) path=54
learned exit AreaKey { scene: 3, anchor: (160, 112) } event=53 -> AreaKey { scene: 1, anchor: (400, 344) }
scene 3 -> 1 at frame 5120 position (304, 264)
target scene=1 area=(400, 344) event=18 script=4643 mode=5 state=1 player=(464, 376) pos=(416, 400) path=2
learned targeted exit AreaKey { scene: 1, anchor: (400, 344) } event=18 -> AreaKey { scene: 3, anchor: (160, 112) }
learned exit AreaKey { scene: 1, anchor: (400, 344) } event=18 -> AreaKey { scene: 3, anchor: (160, 112) }
scene 1 -> 3 at frame 5122 position (1088, 1232)
target scene=3 area=(160, 112) event=49 script=6226 mode=5 state=1 player=(1248, 1344) pos=(1280, 1472) path=54
learned exit AreaKey { scene: 3, anchor: (160, 112) } event=53 -> AreaKey { scene: 1, anchor: (400, 344) }
scene 3 -> 1 at frame 5124 position (304, 264)
target scene=1 area=(400, 344) event=18 script=4643 mode=5 state=1 player=(464, 376) pos=(416, 400) path=2
learned targeted exit AreaKey { scene: 1, anchor: (400, 344) } event=18 -> AreaKey { scene: 3, anchor: (160, 112) }
learned exit AreaKey { scene: 1, anchor: (400, 344) } event=18 -> AreaKey { scene: 3, anchor: (160, 112) }
scene 1 -> 3 at frame 5126 position (1088, 1232)
target scene=3 area=(160, 112) event=49 script=6226 mode=5 state=1 player=(1248, 1344) pos=(1280, 1472) path=54
learned exit AreaKey { scene: 3, anchor: (160, 112) } event=53 -> AreaKey { scene: 1, anchor: (400, 344) }
scene 3 -> 1 at frame 5128 position (304, 264)
target scene=1 area=(400, 344) event=18 script=4643 mode=5 state=1 player=(464, 376) pos=(416, 400) path=2
learned targeted exit AreaKey { scene: 1, anchor: (400, 344) } event=18 -> AreaKey { scene: 3, anchor: (160, 112) }
learned exit AreaKey { scene: 1, anchor: (400, 344) } event=18 -> AreaKey { scene: 3, anchor: (160, 112) }
scene 1 -> 3 at frame 5130 position (1088, 1232)
target scene=3 area=(160, 112) event=49 script=6226 mode=5 state=1 player=(1248, 1344) pos=(1280, 1472) path=54
learned exit AreaKey { scene: 3, anchor: (160, 112) } event=53 -> AreaKey { scene: 1, anchor: (400, 344) }
scene 3 -> 1 at frame 5132 position (304, 264)
target scene=1 area=(400, 344) event=18 script=4643 mode=5 state=1 player=(464, 376) pos=(416, 400) path=2
learned targeted exit AreaKey { scene: 1, anchor: (400, 344) } event=18 -> AreaKey { scene: 3, anchor: (160, 112) }
learned exit AreaKey { scene: 1, anchor: (400, 344) } event=18 -> AreaKey { scene: 3, anchor: (160, 112) }
scene 1 -> 3 at frame 5134 position (1088, 1232)
target scene=3 area=(160, 112) event=49 script=6226 mode=5 state=1 player=(1248, 1344) pos=(1280, 1472) path=54
learned exit AreaKey { scene: 3, anchor: (160, 112) } event=53 -> AreaKey { scene: 1, anchor: (400, 344) }
scene 3 -> 1 at frame 5136 position (304, 264)
target scene=1 area=(400, 344) event=18 script=4643 mode=5 state=1 player=(464, 376) pos=(416, 400) path=2
learned targeted exit AreaKey { scene: 1, anchor: (400, 344) } event=18 -> AreaKey { scene: 3, anchor: (160, 112) }
learned exit AreaKey { scene: 1, anchor: (400, 344) } event=18 -> AreaKey { scene: 3, anchor: (160, 112) }
scene 1 -> 3 at frame 5138 position (1088, 1232)
target scene=3 area=(160, 112) event=49 script=6226 mode=5 state=1 player=(1248, 1344) pos=(1280, 1472) path=54
learned exit AreaKey { scene: 3, anchor: (160, 112) } event=53 -> AreaKey { scene: 1, anchor: (400, 344) }
scene 3 -> 1 at frame 5140 position (304, 264)
target scene=1 area=(400, 344) event=18 script=4643 mode=5 state=1 player=(464, 376) pos=(416, 400) path=2
learned targeted exit AreaKey { scene: 1, anchor: (400, 344) } event=18 -> AreaKey { scene: 3, anchor: (160, 112) }
learned exit AreaKey { scene: 1, anchor: (400, 344) } event=18 -> AreaKey { scene: 3, anchor: (160, 112) }
scene 1 -> 3 at frame 5142 position (1088, 1232)
target scene=3 area=(160, 112) event=49 script=6226 mode=5 state=1 player=(1248, 1344) pos=(1280, 1472) path=54
learned exit AreaKey { scene: 3, anchor: (160, 112) } event=53 -> AreaKey { scene: 1, anchor: (400, 344) }
scene 3 -> 1 at frame 5144 position (304, 264)
target scene=1 area=(400, 344) event=18 script=4643 mode=5 state=1 player=(464, 376) pos=(416, 400) path=2
learned targeted exit AreaKey { scene: 1, anchor: (400, 344) } event=18 -> AreaKey { scene: 3, anchor: (160, 112) }
learned exit AreaKey { scene: 1, anchor: (400, 344) } event=18 -> AreaKey { scene: 3, anchor: (160, 112) }
scene 1 -> 3 at frame 5146 position (1088, 1232)
target scene=3 area=(160, 112) event=49 script=6226 mode=5 state=1 player=(1248, 1344) pos=(1280, 1472) path=54
learned exit AreaKey { scene: 3, anchor: (160, 112) } event=53 -> AreaKey { scene: 1, anchor: (400, 344) }
scene 3 -> 1 at frame 5148 position (304, 264)
target scene=1 area=(400, 344) event=18 script=4643 mode=5 state=1 player=(464, 376) pos=(416, 400) path=2
learned targeted exit AreaKey { scene: 1, anchor: (400, 344) } event=18 -> AreaKey { scene: 3, anchor: (160, 112) }
learned exit AreaKey { scene: 1, anchor: (400, 344) } event=18 -> AreaKey { scene: 3, anchor: (160, 112) }
scene 1 -> 3 at frame 5150 position (1088, 1232)
target scene=3 area=(160, 112) event=49 script=6226 mode=5 state=1 player=(1248, 1344) pos=(1280, 1472) path=54
learned exit AreaKey { scene: 3, anchor: (160, 112) } event=53 -> AreaKey { scene: 1, anchor: (400, 344) }
scene 3 -> 1 at frame 5152 position (304, 264)
target scene=1 area=(400, 344) event=18 script=4643 mode=5 state=1 player=(464, 376) pos=(416, 400) path=2
learned targeted exit AreaKey { scene: 1, anchor: (400, 344) } event=18 -> AreaKey { scene: 3, anchor: (160, 112) }
learned exit AreaKey { scene: 1, anchor: (400, 344) } event=18 -> AreaKey { scene: 3, anchor: (160, 112) }
scene 1 -> 3 at frame 5154 position (1088, 1232)
target scene=3 area=(160, 112) event=49 script=6226 mode=5 state=1 player=(1248, 1344) pos=(1280, 1472) path=54
learned exit AreaKey { scene: 3, anchor: (160, 112) } event=53 -> AreaKey { scene: 1, anchor: (400, 344) }
scene 3 -> 1 at frame 5156 position (304, 264)
target scene=1 area=(400, 344) event=18 script=4643 mode=5 state=1 player=(464, 376) pos=(416, 400) path=2
learned targeted exit AreaKey { scene: 1, anchor: (400, 344) } event=18 -> AreaKey { scene: 3, anchor: (160, 112) }
learned exit AreaKey { scene: 1, anchor: (400, 344) } event=18 -> AreaKey { scene: 3, anchor: (160, 112) }
scene 1 -> 3 at frame 5158 position (1088, 1232)
target scene=3 area=(160, 112) event=49 script=6226 mode=5 state=1 player=(1248, 1344) pos=(1280, 1472) path=54
learned exit AreaKey { scene: 3, anchor: (160, 112) } event=53 -> AreaKey { scene: 1, anchor: (400, 344) }
scene 3 -> 1 at frame 5160 position (304, 264)
target scene=1 area=(400, 344) event=18 script=4643 mode=5 state=1 player=(464, 376) pos=(416, 400) path=2
learned targeted exit AreaKey { scene: 1, anchor: (400, 344) } event=18 -> AreaKey { scene: 3, anchor: (160, 112) }
learned exit AreaKey { scene: 1, anchor: (400, 344) } event=18 -> AreaKey { scene: 3, anchor: (160, 112) }
scene 1 -> 3 at frame 5162 position (1088, 1232)
target scene=3 area=(160, 112) event=49 script=6226 mode=5 state=1 player=(1248, 1344) pos=(1280, 1472) path=54
learned exit AreaKey { scene: 3, anchor: (160, 112) } event=53 -> AreaKey { scene: 1, anchor: (400, 344) }
scene 3 -> 1 at frame 5164 position (304, 264)
target scene=1 area=(400, 344) event=18 script=4643 mode=5 state=1 player=(464, 376) pos=(416, 400) path=2
learned targeted exit AreaKey { scene: 1, anchor: (400, 344) } event=18 -> AreaKey { scene: 3, anchor: (160, 112) }
learned exit AreaKey { scene: 1, anchor: (400, 344) } event=18 -> AreaKey { scene: 3, anchor: (160, 112) }
scene 1 -> 3 at frame 5166 position (1088, 1232)
target scene=3 area=(160, 112) event=49 script=6226 mode=5 state=1 player=(1248, 1344) pos=(1280, 1472) path=54
learned exit AreaKey { scene: 3, anchor: (160, 112) } event=53 -> AreaKey { scene: 1, anchor: (400, 344) }
scene 3 -> 1 at frame 5168 position (304, 264)
target scene=1 area=(400, 344) event=18 script=4643 mode=5 state=1 player=(464, 376) pos=(416, 400) path=2
learned targeted exit AreaKey { scene: 1, anchor: (400, 344) } event=18 -> AreaKey { scene: 3, anchor: (160, 112) }
learned exit AreaKey { scene: 1, anchor: (400, 344) } event=18 -> AreaKey { scene: 3, anchor: (160, 112) }
scene 1 -> 3 at frame 5170 position (1088, 1232)
target scene=3 area=(160, 112) event=49 script=6226 mode=5 state=1 player=(1248, 1344) pos=(1280, 1472) path=54
learned exit AreaKey { scene: 3, anchor: (160, 112) } event=53 -> AreaKey { scene: 1, anchor: (400, 344) }
scene 3 -> 1 at frame 5172 position (304, 264)
target scene=1 area=(400, 344) event=18 script=4643 mode=5 state=1 player=(464, 376) pos=(416, 400) path=2
learned targeted exit AreaKey { scene: 1, anchor: (400, 344) } event=18 -> AreaKey { scene: 3, anchor: (160, 112) }
learned exit AreaKey { scene: 1, anchor: (400, 344) } event=18 -> AreaKey { scene: 3, anchor: (160, 112) }
scene 1 -> 3 at frame 5174 position (1088, 1232)
target scene=3 area=(160, 112) event=49 script=6226 mode=5 state=1 player=(1248, 1344) pos=(1280, 1472) path=54
learned exit AreaKey { scene: 3, anchor: (160, 112) } event=53 -> AreaKey { scene: 1, anchor: (400, 344) }
scene 3 -> 1 at frame 5176 position (304, 264)
target scene=1 area=(400, 344) event=18 script=4643 mode=5 state=1 player=(464, 376) pos=(416, 400) path=2
learned targeted exit AreaKey { scene: 1, anchor: (400, 344) } event=18 -> AreaKey { scene: 3, anchor: (160, 112) }
learned exit AreaKey { scene: 1, anchor: (400, 344) } event=18 -> AreaKey { scene: 3, anchor: (160, 112) }
scene 1 -> 3 at frame 5178 position (1088, 1232)
target scene=3 area=(160, 112) event=49 script=6226 mode=5 state=1 player=(1248, 1344) pos=(1280, 1472) path=54
learned exit AreaKey { scene: 3, anchor: (160, 112) } event=53 -> AreaKey { scene: 1, anchor: (400, 344) }
scene 3 -> 1 at frame 5180 position (304, 264)
target scene=1 area=(400, 344) event=18 script=4643 mode=5 state=1 player=(464, 376) pos=(416, 400) path=2
learned targeted exit AreaKey { scene: 1, anchor: (400, 344) } event=18 -> AreaKey { scene: 3, anchor: (160, 112) }
learned exit AreaKey { scene: 1, anchor: (400, 344) } event=18 -> AreaKey { scene: 3, anchor: (160, 112) }
scene 1 -> 3 at frame 5182 position (1088, 1232)
target scene=3 area=(160, 112) event=49 script=6226 mode=5 state=1 player=(1248, 1344) pos=(1280, 1472) path=54
learned exit AreaKey { scene: 3, anchor: (160, 112) } event=53 -> AreaKey { scene: 1, anchor: (400, 344) }
scene 3 -> 1 at frame 5184 position (304, 264)
target scene=1 area=(400, 344) event=18 script=4643 mode=5 state=1 player=(464, 376) pos=(416, 400) path=2
learned targeted exit AreaKey { scene: 1, anchor: (400, 344) } event=18 -> AreaKey { scene: 3, anchor: (160, 112) }
learned exit AreaKey { scene: 1, anchor: (400, 344) } event=18 -> AreaKey { scene: 3, anchor: (160, 112) }
scene 1 -> 3 at frame 5186 position (1088, 1232)
target scene=3 area=(160, 112) event=49 script=6226 mode=5 state=1 player=(1248, 1344) pos=(1280, 1472) path=54
learned exit AreaKey { scene: 3, anchor: (160, 112) } event=53 -> AreaKey { scene: 1, anchor: (400, 344) }
scene 3 -> 1 at frame 5188 position (304, 264)
target scene=1 area=(400, 344) event=18 script=4643 mode=5 state=1 player=(464, 376) pos=(416, 400) path=2
learned targeted exit AreaKey { scene: 1, anchor: (400, 344) } event=18 -> AreaKey { scene: 3, anchor: (160, 112) }
learned exit AreaKey { scene: 1, anchor: (400, 344) } event=18 -> AreaKey { scene: 3, anchor: (160, 112) }
scene 1 -> 3 at frame 5190 position (1088, 1232)
target scene=3 area=(160, 112) event=49 script=6226 mode=5 state=1 player=(1248, 1344) pos=(1280, 1472) path=54
learned exit AreaKey { scene: 3, anchor: (160, 112) } event=53 -> AreaKey { scene: 1, anchor: (400, 344) }
scene 3 -> 1 at frame 5192 position (304, 264)
target scene=1 area=(400, 344) event=18 script=4643 mode=5 state=1 player=(464, 376) pos=(416, 400) path=2
learned targeted exit AreaKey { scene: 1, anchor: (400, 344) } event=18 -> AreaKey { scene: 3, anchor: (160, 112) }
learned exit AreaKey { scene: 1, anchor: (400, 344) } event=18 -> AreaKey { scene: 3, anchor: (160, 112) }
scene 1 -> 3 at frame 5194 position (1088, 1232)
target scene=3 area=(160, 112) event=49 script=6226 mode=5 state=1 player=(1248, 1344) pos=(1280, 1472) path=54
learned exit AreaKey { scene: 3, anchor: (160, 112) } event=53 -> AreaKey { scene: 1, anchor: (400, 344) }
scene 3 -> 1 at frame 5196 position (304, 264)
target scene=1 area=(400, 344) event=18 script=4643 mode=5 state=1 player=(464, 376) pos=(416, 400) path=2
learned targeted exit AreaKey { scene: 1, anchor: (400, 344) } event=18 -> AreaKey { scene: 3, anchor: (160, 112) }
learned exit AreaKey { scene: 1, anchor: (400, 344) } event=18 -> AreaKey { scene: 3, anchor: (160, 112) }
scene 1 -> 3 at frame 5198 position (1088, 1232)
target scene=3 area=(160, 112) event=49 script=6226 mode=5 state=1 player=(1248, 1344) pos=(1280, 1472) path=54
learned exit AreaKey { scene: 3, anchor: (160, 112) } event=53 -> AreaKey { scene: 1, anchor: (400, 344) }
scene 3 -> 1 at frame 5200 position (304, 264)
target scene=1 area=(400, 344) event=18 script=4643 mode=5 state=1 player=(464, 376) pos=(416, 400) path=2
learned targeted exit AreaKey { scene: 1, anchor: (400, 344) } event=18 -> AreaKey { scene: 3, anchor: (160, 112) }
learned exit AreaKey { scene: 1, anchor: (400, 344) } event=18 -> AreaKey { scene: 3, anchor: (160, 112) }
scene 1 -> 3 at frame 5202 position (1088, 1232)
target scene=3 area=(160, 112) event=49 script=6226 mode=5 state=1 player=(1248, 1344) pos=(1280, 1472) path=54
learned exit AreaKey { scene: 3, anchor: (160, 112) } event=53 -> AreaKey { scene: 1, anchor: (400, 344) }
scene 3 -> 1 at frame 5204 position (304, 264)
target scene=1 area=(400, 344) event=18 script=4643 mode=5 state=1 player=(464, 376) pos=(416, 400) path=2
learned targeted exit AreaKey { scene: 1, anchor: (400, 344) } event=18 -> AreaKey { scene: 3, anchor: (160, 112) }
learned exit AreaKey { scene: 1, anchor: (400, 344) } event=18 -> AreaKey { scene: 3, anchor: (160, 112) }
scene 1 -> 3 at frame 5206 position (1088, 1232)
target scene=3 area=(160, 112) event=49 script=6226 mode=5 state=1 player=(1248, 1344) pos=(1280, 1472) path=54
learned exit AreaKey { scene: 3, anchor: (160, 112) } event=53 -> AreaKey { scene: 1, anchor: (400, 344) }
scene 3 -> 1 at frame 5208 position (304, 264)
target scene=1 area=(400, 344) event=18 script=4643 mode=5 state=1 player=(464, 376) pos=(416, 400) path=2
learned targeted exit AreaKey { scene: 1, anchor: (400, 344) } event=18 -> AreaKey { scene: 3, anchor: (160, 112) }
learned exit AreaKey { scene: 1, anchor: (400, 344) } event=18 -> AreaKey { scene: 3, anchor: (160, 112) }
scene 1 -> 3 at frame 5210 position (1088, 1232)
target scene=3 area=(160, 112) event=49 script=6226 mode=5 state=1 player=(1248, 1344) pos=(1280, 1472) path=54
learned exit AreaKey { scene: 3, anchor: (160, 112) } event=53 -> AreaKey { scene: 1, anchor: (400, 344) }
scene 3 -> 1 at frame 5212 position (304, 264)
target scene=1 area=(400, 344) event=18 script=4643 mode=5 state=1 player=(464, 376) pos=(416, 400) path=2
learned targeted exit AreaKey { scene: 1, anchor: (400, 344) } event=18 -> AreaKey { scene: 3, anchor: (160, 112) }
learned exit AreaKey { scene: 1, anchor: (400, 344) } event=18 -> AreaKey { scene: 3, anchor: (160, 112) }
scene 1 -> 3 at frame 5214 position (1088, 1232)
target scene=3 area=(160, 112) event=49 script=6226 mode=5 state=1 player=(1248, 1344) pos=(1280, 1472) path=54
learned exit AreaKey { scene: 3, anchor: (160, 112) } event=53 -> AreaKey { scene: 1, anchor: (400, 344) }
scene 3 -> 1 at frame 5216 position (304, 264)
target scene=1 area=(400, 344) event=18 script=4643 mode=5 state=1 player=(464, 376) pos=(416, 400) path=2
learned targeted exit AreaKey { scene: 1, anchor: (400, 344) } event=18 -> AreaKey { scene: 3, anchor: (160, 112) }
learned exit AreaKey { scene: 1, anchor: (400, 344) } event=18 -> AreaKey { scene: 3, anchor: (160, 112) }
scene 1 -> 3 at frame 5218 position (1088, 1232)
target scene=3 area=(160, 112) event=49 script=6226 mode=5 state=1 player=(1248, 1344) pos=(1280, 1472) path=54
learned exit AreaKey { scene: 3, anchor: (160, 112) } event=53 -> AreaKey { scene: 1, anchor: (400, 344) }
scene 3 -> 1 at frame 5220 position (304, 264)
target scene=1 area=(400, 344) event=18 script=4643 mode=5 state=1 player=(464, 376) pos=(416, 400) path=2
learned targeted exit AreaKey { scene: 1, anchor: (400, 344) } event=18 -> AreaKey { scene: 3, anchor: (160, 112) }
learned exit AreaKey { scene: 1, anchor: (400, 344) } event=18 -> AreaKey { scene: 3, anchor: (160, 112) }
scene 1 -> 3 at frame 5222 position (1088, 1232)
target scene=3 area=(160, 112) event=49 script=6226 mode=5 state=1 player=(1248, 1344) pos=(1280, 1472) path=54
learned exit AreaKey { scene: 3, anchor: (160, 112) } event=53 -> AreaKey { scene: 1, anchor: (400, 344) }
scene 3 -> 1 at frame 5224 position (304, 264)
target scene=1 area=(400, 344) event=18 script=4643 mode=5 state=1 player=(464, 376) pos=(416, 400) path=2
learned targeted exit AreaKey { scene: 1, anchor: (400, 344) } event=18 -> AreaKey { scene: 3, anchor: (160, 112) }
learned exit AreaKey { scene: 1, anchor: (400, 344) } event=18 -> AreaKey { scene: 3, anchor: (160, 112) }
scene 1 -> 3 at frame 5226 position (1088, 1232)
target scene=3 area=(160, 112) event=49 script=6226 mode=5 state=1 player=(1248, 1344) pos=(1280, 1472) path=54
learned exit AreaKey { scene: 3, anchor: (160, 112) } event=53 -> AreaKey { scene: 1, anchor: (400, 344) }
scene 3 -> 1 at frame 5228 position (304, 264)
target scene=1 area=(400, 344) event=18 script=4643 mode=5 state=1 player=(464, 376) pos=(416, 400) path=2
learned targeted exit AreaKey { scene: 1, anchor: (400, 344) } event=18 -> AreaKey { scene: 3, anchor: (160, 112) }
learned exit AreaKey { scene: 1, anchor: (400, 344) } event=18 -> AreaKey { scene: 3, anchor: (160, 112) }
scene 1 -> 3 at frame 5230 position (1088, 1232)
target scene=3 area=(160, 112) event=49 script=6226 mode=5 state=1 player=(1248, 1344) pos=(1280, 1472) path=54
learned exit AreaKey { scene: 3, anchor: (160, 112) } event=53 -> AreaKey { scene: 1, anchor: (400, 344) }
scene 3 -> 1 at frame 5232 position (304, 264)
target scene=1 area=(400, 344) event=18 script=4643 mode=5 state=1 player=(464, 376) pos=(416, 400) path=2
learned targeted exit AreaKey { scene: 1, anchor: (400, 344) } event=18 -> AreaKey { scene: 3, anchor: (160, 112) }
learned exit AreaKey { scene: 1, anchor: (400, 344) } event=18 -> AreaKey { scene: 3, anchor: (160, 112) }
scene 1 -> 3 at frame 5234 position (1088, 1232)
target scene=3 area=(160, 112) event=49 script=6226 mode=5 state=1 player=(1248, 1344) pos=(1280, 1472) path=54
learned exit AreaKey { scene: 3, anchor: (160, 112) } event=53 -> AreaKey { scene: 1, anchor: (400, 344) }
scene 3 -> 1 at frame 5236 position (304, 264)
target scene=1 area=(400, 344) event=18 script=4643 mode=5 state=1 player=(464, 376) pos=(416, 400) path=2
learned targeted exit AreaKey { scene: 1, anchor: (400, 344) } event=18 -> AreaKey { scene: 3, anchor: (160, 112) }
learned exit AreaKey { scene: 1, anchor: (400, 344) } event=18 -> AreaKey { scene: 3, anchor: (160, 112) }
scene 1 -> 3 at frame 5238 position (1088, 1232)
target scene=3 area=(160, 112) event=49 script=6226 mode=5 state=1 player=(1248, 1344) pos=(1280, 1472) path=54
