resuming recordings/autoplay-probe-checkpoint.rpg at scene=219 position=(928, 768)
target scene=219 area=(160, 112) event=4004 script=887 mode=1 state=2 player=(1088, 880) pos=(1392, 840) path=36
target scene=219 area=(160, 112) event=4010 script=887 mode=1 state=2 player=(1408, 848) pos=(1440, 864) path=1
target scene=219 area=(160, 112) event=4003 script=887 mode=1 state=2 player=(1424, 856) pos=(1456, 808) path=5
target scene=219 area=(160, 112) event=4007 script=887 mode=1 state=2 player=(1472, 816) pos=(1504, 832) path=1
target scene=219 area=(160, 112) event=3999 script=887 mode=1 state=2 player=(1488, 824) pos=(1520, 792) path=3
target scene=219 area=(160, 112) event=4000 script=887 mode=1 state=2 player=(1536, 800) pos=(1568, 816) path=1
target scene=219 area=(160, 112) event=4001 script=887 mode=1 state=2 player=(1552, 808) pos=(1616, 840) path=5
target scene=219 area=(160, 112) event=4002 script=887 mode=1 state=2 player=(1632, 832) pos=(1648, 856) path=2
target scene=219 area=(160, 112) event=4005 script=887 mode=1 state=2 player=(1664, 848) pos=(1632, 896) path=5
target scene=219 area=(160, 112) event=4008 script=887 mode=1 state=2 player=(1648, 888) pos=(1584, 872) path=3
target scene=219 area=(160, 112) event=4006 script=887 mode=1 state=2 player=(1600, 880) pos=(1568, 928) path=5
target scene=219 area=(160, 112) event=4009 script=887 mode=1 state=2 player=(1584, 920) pos=(1520, 904) path=3
directing unreachable manual event=3978 script=887 mode=1 state=2
target scene=219 area=(160, 112) event=3978 script=887 mode=1 state=2 player=(1536, 912) pos=(1552, 1096) path=0
directing unreachable manual event=3979 script=887 mode=1 state=2
target scene=219 area=(160, 112) event=3979 script=887 mode=1 state=2 player=(1536, 912) pos=(1584, 1112) path=0
directing unreachable manual event=3980 script=887 mode=1 state=2
target scene=219 area=(160, 112) event=3980 script=887 mode=1 state=2 player=(1536, 912) pos=(1616, 1128) path=0
directing unreachable manual event=3983 script=887 mode=1 state=2
target scene=219 area=(160, 112) event=3983 script=887 mode=1 state=2 player=(1536, 912) pos=(1424, 1144) path=0
directing unreachable manual event=3981 script=887 mode=1 state=2
target scene=219 area=(160, 112) event=3981 script=887 mode=1 state=2 player=(1536, 912) pos=(1664, 1152) path=0
directing unreachable manual event=3982 script=887 mode=1 state=2
target scene=219 area=(160, 112) event=3982 script=887 mode=1 state=2 player=(1536, 912) pos=(1568, 1216) path=0
directing unreachable manual event=3997 script=887 mode=1 state=2
target scene=219 area=(160, 112) event=3997 script=887 mode=1 state=2 player=(1536, 912) pos=(1552, 264) path=0
directing unreachable manual event=3998 script=887 mode=1 state=2
target scene=219 area=(160, 112) event=3998 script=887 mode=1 state=2 player=(1536, 912) pos=(1664, 320) path=0
directing unreachable manual event=3994 script=887 mode=1 state=2
target scene=219 area=(160, 112) event=3994 script=887 mode=1 state=2 player=(1536, 912) pos=(1632, 1600) path=0
directing unreachable manual event=3995 script=887 mode=1 state=2
target scene=219 area=(160, 112) event=3995 script=887 mode=1 state=2 player=(1536, 912) pos=(1648, 216) path=0
directing unreachable manual event=3996 script=887 mode=1 state=2
target scene=219 area=(160, 112) event=3996 script=887 mode=1 state=2 player=(1536, 912) pos=(1760, 272) path=0
directing unreachable manual event=3965 script=34926 mode=1 state=1
target scene=219 area=(160, 112) event=3965 script=34926 mode=1 state=1 player=(1536, 912) pos=(1616, 1656) path=0
scene 219 -> 218 at frame 71 position (800, 528)
target scene=218 area=(544, 1392) event=3943 script=34910 mode=1 state=1 player=(960, 640) pos=(1520, 712) path=166
learned exit AreaKey { scene: 218, anchor: (544, 1392) } event=3946 -> AreaKey { scene: 219, anchor: (704, 1456) }
scene 218 -> 219 at frame 174 position (1392, 1048)
target scene=219 area=(704, 1456) event=3993 script=887 mode=1 state=2 player=(1552, 1160) pos=(1488, 1672) path=93
target scene=219 area=(704, 1456) event=3989 script=887 mode=1 state=2 player=(1504, 1664) pos=(1584, 1720) path=6
target scene=219 area=(704, 1456) event=3990 script=887 mode=1 state=2 player=(1600, 1712) pos=(1632, 1696) path=1
target scene=219 area=(704, 1456) event=3991 script=887 mode=1 state=2 player=(1616, 1704) pos=(1680, 1672) path=5
target scene=219 area=(704, 1456) event=3992 script=887 mode=1 state=2 player=(1696, 1680) pos=(1728, 1648) path=3
target scene=219 area=(704, 1456) event=3988 script=887 mode=1 state=2 player=(1744, 1656) pos=(992, 1440) path=54
target scene=219 area=(704, 1456) event=3987 script=887 mode=1 state=2 player=(976, 1448) pos=(800, 1424) path=10
target scene=219 area=(704, 1456) event=3984 script=887 mode=1 state=2 player=(816, 1432) pos=(736, 1456) path=4
target scene=219 area=(704, 1456) event=3985 script=887 mode=1 state=2 player=(752, 1464) pos=(784, 1480) path=1
target scene=219 area=(704, 1456) event=3986 script=887 mode=1 state=2 player=(768, 1472) pos=(832, 1504) path=5
directing unreachable manual event=4012 script=887 mode=1 state=2
target scene=219 area=(704, 1456) event=4012 script=887 mode=1 state=2 player=(848, 1496) pos=(336, 1448) path=0
directing unreachable manual event=3964 script=34918 mode=1 state=1
target scene=219 area=(704, 1456) event=3964 script=34918 mode=1 state=1 player=(848, 1496) pos=(352, 1392) path=0
scene 219 -> 218 at frame 356 position (1520, 1416)
directing unreachable manual event=3943 script=34910 mode=1 state=1
target scene=218 area=(832, 1696) event=3943 script=34910 mode=1 state=1 player=(1680, 1528) pos=(1520, 712) path=0
scene 218 -> 217 at frame 356 position (1376, 1536)
target scene=217 area=(272, 1576) event=3918 script=34886 mode=1 state=1 player=(1536, 1648) pos=(1568, 1248) path=49
scene 217 -> 216 at frame 405 position (1456, 472)
target scene=216 area=(192, 864) event=3907 script=34962 mode=5 state=1 player=(1616, 584) pos=(1040, 856) path=35
learned exit AreaKey { scene: 216, anchor: (192, 864) } event=3902 -> AreaKey { scene: 217, anchor: (272, 1576) }
scene 216 -> 217 at frame 424 position (1008, 1336)
target scene=217 area=(272, 1576) event=3917 script=34878 mode=1 state=1 player=(1168, 1448) pos=(880, 968) path=59
scene 217 -> 216 at frame 483 position (384, 576)
target scene=216 area=(336, 552) event=3903 script=34890 mode=5 state=1 player=(544, 688) pos=(768, 336) path=42
learned targeted exit AreaKey { scene: 216, anchor: (336, 552) } event=3903 -> AreaKey { scene: 217, anchor: (944, 216) }
learned exit AreaKey { scene: 216, anchor: (336, 552) } event=3903 -> AreaKey { scene: 217, anchor: (944, 216) }
scene 216 -> 217 at frame 525 position (912, 120)
target scene=217 area=(944, 216) event=3919 script=34894 mode=5 state=1 player=(1072, 232) pos=(1072, 232) path=0
learned targeted exit AreaKey { scene: 217, anchor: (944, 216) } event=3919 -> AreaKey { scene: 218, anchor: (176, 568) }
learned exit AreaKey { scene: 217, anchor: (944, 216) } event=3919 -> AreaKey { scene: 218, anchor: (176, 568) }
scene 217 -> 218 at frame 525 position (768, 160)
directing unreachable manual event=3942 script=34902 mode=1 state=1
target scene=218 area=(176, 568) event=3942 script=34902 mode=1 state=1 player=(928, 272) pos=(320, 1088) path=0
scene 218 -> 217 at frame 525 position (528, 1288)
target scene=217 area=(272, 1576) event=3932 script=40573 mode=5 state=1 player=(688, 1400) pos=(352, 1568) path=87
learned exit AreaKey { scene: 217, anchor: (272, 1576) } event=3920 -> AreaKey { scene: 218, anchor: (192, 1088) }
scene 217 -> 218 at frame 541 position (464, 616)
target scene=218 area=(192, 1088) event=3950 script=41147 mode=5 state=1 player=(624, 728) pos=(672, 736) path=1
target scene=218 area=(192, 1088) event=3951 script=41217 mode=5 state=1 player=(640, 736) pos=(736, 816) path=9
target scene=218 area=(192, 1088) event=3952 script=41027 mode=5 state=1 player=(752, 808) pos=(628, 1074) path=32
target scene=218 area=(192, 1088) event=3953 script=40277 mode=5 state=1 player=(624, 1064) pos=(400, 1064) path=14
forcing scene exit event=3944 after a fully idle pass
running forced event=3944 script=34914 destination=Some(219)
scene 218 -> 219 at frame 857 position (608, 208)
target scene=219 area=(160, 112) event=4011 script=887 mode=1 state=2 player=(768, 320) pos=(336, 696) path=66
target scene=219 area=(160, 112) event=4013 script=887 mode=1 state=2 player=(352, 704) pos=(240, 1400) path=90
target scene=219 area=(160, 112) event=3976 script=41109 mode=5 state=1 player=(256, 1408) pos=(960, 1152) path=72
target scene=219 area=(160, 112) event=3970 script=41117 mode=5 state=1 player=(960, 1136) pos=(604, 578) path=85
target scene=219 area=(160, 112) event=3973 script=41147 mode=5 state=1 player=(592, 584) pos=(736, 704) path=13
target scene=219 area=(160, 112) event=3974 script=41165 mode=5 state=1 player=(736, 688) pos=(1300, 698) path=34
target scene=219 area=(160, 112) event=3975 script=41159 mode=5 state=1 player=(1280, 688) pos=(1440, 912) path=52
forcing scene exit event=3966 after a fully idle pass
running forced event=3966 script=35038 destination=Some(220)
scene 219 -> 220 at frame 1735 position (576, 368)
target scene=220 area=(224, 1168) event=4038 script=887 mode=1 state=2 player=(736, 480) pos=(640, 496) path=5
target scene=220 area=(224, 1168) event=4037 script=887 mode=1 state=2 player=(656, 504) pos=(560, 536) path=5
target scene=220 area=(224, 1168) event=4036 script=887 mode=1 state=2 player=(576, 544) pos=(496, 568) path=4
target scene=220 area=(224, 1168) event=4017 script=887 mode=1 state=2 player=(512, 576) pos=(720, 632) path=58
target scene=220 area=(224, 1168) event=4028 script=887 mode=1 state=2 player=(736, 640) pos=(1312, 784) path=175
target scene=220 area=(224, 1168) event=4029 script=887 mode=1 state=2 player=(1328, 792) pos=(1344, 800) path=0
target scene=220 area=(224, 1168) event=4030 script=887 mode=1 state=2 player=(1328, 792) pos=(1376, 816) path=4
target scene=220 area=(224, 1168) event=4031 script=887 mode=1 state=2 player=(1392, 808) pos=(1408, 832) path=2
target scene=220 area=(224, 1168) event=4032 script=887 mode=1 state=2 player=(1424, 824) pos=(1440, 848) path=2
target scene=220 area=(224, 1168) event=4033 script=887 mode=1 state=2 player=(1456, 840) pos=(1472, 864) path=2
target scene=220 area=(224, 1168) event=4034 script=887 mode=1 state=2 player=(1488, 856) pos=(1504, 880) path=2
target scene=220 area=(224, 1168) event=4035 script=887 mode=1 state=2 player=(1520, 872) pos=(1536, 896) path=2
target scene=220 area=(224, 1168) event=4020 script=887 mode=1 state=2 player=(1552, 888) pos=(1616, 648) path=91
target scene=220 area=(224, 1168) event=4021 script=887 mode=1 state=2 player=(1632, 656) pos=(1392, 488) path=22
target scene=220 area=(224, 1168) event=4019 script=887 mode=1 state=2 player=(1408, 496) pos=(1456, 1400) path=202
trial cave complete with 36 puppet worms; using Earth Spirit Pearl script=39818
learned exit AreaKey { scene: 220, anchor: (224, 1168) } event=4050 -> AreaKey { scene: 215, anchor: (224, 912) }
scene 220 -> 215 at frame 2308 position (672, 624)
leaving Trial Cave entrance with 36 puppet worms via script=34737
learned exit AreaKey { scene: 215, anchor: (224, 912) } event=3884 -> AreaKey { scene: 214, anchor: (160, 112) }
scene 215 -> 214 at frame 2308 position (592, 72)
returning 36 puppet worms to the Sage via event=3876 script=35290
scene 214 -> 202 at frame 2308 position (1088, 688)
target scene=202 area=(160, 464) event=3613 script=33295 mode=1 state=2 player=(1248, 800) pos=(1104, 744) path=8
target scene=202 area=(160, 464) event=3609 script=33295 mode=1 state=2 player=(1120, 752) pos=(944, 728) path=10
target scene=202 area=(160, 464) event=3611 script=33295 mode=1 state=2 player=(960, 736) pos=(688, 728) path=16
directing unreachable manual event=3610 script=33295 mode=1 state=2
target scene=202 area=(160, 464) event=3610 script=33295 mode=1 state=2 player=(704, 736) pos=(656, 824) path=0
target scene=202 area=(160, 464) event=3606 script=33295 mode=1 state=2 player=(704, 736) pos=(736, 608) path=15
target scene=202 area=(160, 464) event=3612 script=33295 mode=1 state=2 player=(752, 616) pos=(1056, 528) path=18
target scene=202 area=(160, 464) event=3598 script=33281 mode=2 state=2 player=(1040, 520) pos=(1552, 440) path=29
target scene=202 area=(160, 464) event=3600 script=33290 mode=2 state=2 player=(1504, 416) pos=(1584, 456) path=2
target scene=202 area=(160, 464) event=3607 script=33295 mode=1 state=2 player=(1536, 432) pos=(336, 568) path=74
directing unreachable manual event=3608 script=33295 mode=1 state=2
target scene=202 area=(160, 464) event=3608 script=33295 mode=1 state=2 player=(352, 576) pos=(256, 624) path=0
directing unreachable manual event=3605 script=33295 mode=1 state=2
target scene=202 area=(160, 464) event=3605 script=33295 mode=1 state=2 player=(352, 576) pos=(544, 816) path=0
target scene=202 area=(160, 464) event=3594 script=32126 mode=5 state=1 player=(352, 576) pos=(160, 480) path=12
learned targeted exit AreaKey { scene: 202, anchor: (160, 464) } event=3594 -> AreaKey { scene: 179, anchor: (880, 1016) }
learned exit AreaKey { scene: 202, anchor: (160, 464) } event=3594 -> AreaKey { scene: 179, anchor: (880, 1016) }
scene 202 -> 179 at frame 2492 position (1584, 920)
target scene=179 area=(880, 1016) event=3107 script=30360 mode=5 state=1 player=(1744, 1032) pos=(1696, 1424) path=118
learned targeted exit AreaKey { scene: 179, anchor: (880, 1016) } event=3107 -> AreaKey { scene: 186, anchor: (160, 112) }
learned exit AreaKey { scene: 179, anchor: (880, 1016) } event=3107 -> AreaKey { scene: 186, anchor: (160, 112) }
scene 179 -> 186 at frame 2610 position (1680, 920)
target scene=186 area=(160, 112) event=3301 script=30384 mode=1 state=1 player=(1840, 1032) pos=(1376, 1136) path=28
target scene=186 area=(160, 112) event=3302 script=30384 mode=1 state=1 player=(1392, 1144) pos=(1376, 1216) path=8
target scene=186 area=(160, 112) event=3299 script=29569 mode=5 state=1 player=(1392, 1208) pos=(1168, 1080) path=14
learned targeted exit AreaKey { scene: 186, anchor: (160, 112) } event=3299 -> AreaKey { scene: 178, anchor: (160, 112) }
learned exit AreaKey { scene: 186, anchor: (160, 112) } event=3299 -> AreaKey { scene: 178, anchor: (160, 112) }
scene 186 -> 178 at frame 2660 position (1504, 1584)
target scene=178 area=(160, 112) event=3102 script=31941 mode=5 state=1 player=(1664, 1696) pos=(1584, 1656) path=4
forcing unreached touch target scene=178 event=3102 script=31941 player=(1616, 1672) pos=(1584, 1656)
running forced event=3102 script=31941 destination=None
target scene=178 area=(160, 112) event=3101 script=29577 mode=5 state=1 player=(1632, 1680) pos=(1728, 1728) path=5
learned targeted exit AreaKey { scene: 178, anchor: (160, 112) } event=3101 -> AreaKey { scene: 186, anchor: (160, 112) }
learned exit AreaKey { scene: 178, anchor: (160, 112) } event=3101 -> AreaKey { scene: 186, anchor: (160, 112) }
scene 178 -> 186 at frame 2674 position (1056, 1008)
target scene=186 area=(160, 112) event=3298 script=30370 mode=5 state=1 player=(1216, 1120) pos=(624, 1128) path=51
learned targeted exit AreaKey { scene: 186, anchor: (160, 112) } event=3298 -> AreaKey { scene: 192, anchor: (160, 112) }
learned exit AreaKey { scene: 186, anchor: (160, 112) } event=3298 -> AreaKey { scene: 192, anchor: (160, 112) }
scene 186 -> 192 at frame 2725 position (1328, 1400)
directing unreachable manual event=3483 script=30466 mode=1 state=2
target scene=192 area=(160, 112) event=3483 script=30466 mode=1 state=2 player=(1488, 1512) pos=(736, 656) path=0
target scene=192 area=(160, 112) event=3427 script=30024 mode=5 state=1 player=(1488, 1512) pos=(1312, 1536) path=10
learned targeted exit AreaKey { scene: 192, anchor: (160, 112) } event=3427 -> AreaKey { scene: 192, anchor: (1216, 1472) }
marked destination touch VisitKey { scene: 192, area: (1216, 1472), event_id: 3427, trigger_script: 30024, trigger_mode: 5, state: 1 }
learned exit AreaKey { scene: 192, anchor: (160, 112) } event=3427 -> AreaKey { scene: 192, anchor: (1216, 1472) }
area teleport in scene 192 at frame 2760: (1328, 1544) -> (1264, 1496)
target scene=192 area=(1216, 1472) event=3428 script=30030 mode=5 state=1 player=(1264, 1496) pos=(1312, 1472) path=2
learned targeted exit AreaKey { scene: 192, anchor: (1216, 1472) } event=3428 -> AreaKey { scene: 192, anchor: (1344, 1536) }
marked destination touch VisitKey { scene: 192, area: (1344, 1536), event_id: 3428, trigger_script: 30030, trigger_mode: 5, state: 1 }
learned exit AreaKey { scene: 192, anchor: (1216, 1472) } event=3428 -> AreaKey { scene: 192, anchor: (1344, 1536) }
area teleport in scene 192 at frame 2787: (1296, 1480) -> (1360, 1560)
target scene=192 area=(1344, 1536) event=3427 script=30024 mode=5 state=1 player=(1360, 1560) pos=(1312, 1536) path=2
learned targeted exit AreaKey { scene: 192, anchor: (1344, 1536) } event=3427 -> AreaKey { scene: 192, anchor: (1216, 1472) }
marked destination touch VisitKey { scene: 192, area: (1216, 1472), event_id: 3427, trigger_script: 30024, trigger_mode: 5, state: 1 }
learned exit AreaKey { scene: 192, anchor: (1344, 1536) } event=3427 -> AreaKey { scene: 192, anchor: (1216, 1472) }
area teleport in scene 192 at frame 2814: (1328, 1544) -> (1264, 1496)
target scene=192 area=(1216, 1472) event=3430 script=30042 mode=5 state=1 player=(1264, 1496) pos=(960, 1536) path=39
marked destination touch VisitKey { scene: 192, area: (1344, 1536), event_id: 3428, trigger_script: 30030, trigger_mode: 5, state: 1 }
learned exit AreaKey { scene: 192, anchor: (1216, 1472) } event=3428 -> AreaKey { scene: 192, anchor: (1344, 1536) }
area teleport in scene 192 at frame 2841: (1296, 1480) -> (1360, 1560)
continuing target event=3430 across area (1344, 1536) path=59
learned exit AreaKey { scene: 192, anchor: (1344, 1536) } event=3426 -> AreaKey { scene: 186, anchor: (160, 112) }
scene 192 -> 186 at frame 2850 position (480, 1040)
target scene=186 area=(160, 112) event=3300 script=29477 mode=5 state=1 player=(640, 1152) pos=(224, 1376) path=112
learned targeted exit AreaKey { scene: 186, anchor: (160, 112) } event=3300 -> AreaKey { scene: 187, anchor: (160, 112) }
learned exit AreaKey { scene: 186, anchor: (160, 112) } event=3300 -> AreaKey { scene: 187, anchor: (160, 112) }
scene 186 -> 187 at frame 2962 position (1344, 864)
target scene=187 area=(160, 112) event=3320 script=30998 mode=0 state=1 player=(1504, 976) pos=(1312, 992) path=13
target scene=187 area=(160, 112) event=3317 script=29485 mode=5 state=1 player=(1328, 984) pos=(352, 1264) path=61
learned targeted exit AreaKey { scene: 187, anchor: (160, 112) } event=3317 -> AreaKey { scene: 184, anchor: (160, 112) }
learned exit AreaKey { scene: 187, anchor: (160, 112) } event=3317 -> AreaKey { scene: 184, anchor: (160, 112) }
scene 187 -> 184 at frame 3036 position (144, 1304)
target scene=184 area=(160, 112) event=3192 script=887 mode=1 state=2 player=(304, 1416) pos=(720, 1672) path=179
target scene=184 area=(160, 112) event=3190 script=887 mode=1 state=2 player=(1008, 1320) pos=(1296, 1352) path=33
target scene=184 area=(160, 112) event=3197 script=887 mode=1 state=2 player=(1280, 1344) pos=(848, 1064) path=88
target scene=184 area=(160, 112) event=3196 script=887 mode=1 state=2 player=(864, 1072) pos=(816, 1048) path=4
target scene=184 area=(160, 112) event=3166 script=887 mode=1 state=2 player=(832, 1056) pos=(768, 1024) path=5
target scene=184 area=(160, 112) event=3195 script=887 mode=1 state=2 player=(784, 1032) pos=(720, 1000) path=5
target scene=184 area=(160, 112) event=3194 script=887 mode=1 state=2 player=(736, 1008) pos=(688, 984) path=4
target scene=184 area=(160, 112) event=3198 script=887 mode=1 state=2 player=(704, 992) pos=(656, 1000) path=2
target scene=184 area=(160, 112) event=3199 script=887 mode=1 state=2 player=(672, 1008) pos=(624, 1016) path=2
target scene=184 area=(160, 112) event=3200 script=887 mode=1 state=2 player=(640, 1024) pos=(592, 1032) path=2
target scene=184 area=(160, 112) event=3201 script=887 mode=1 state=2 player=(608, 1040) pos=(560, 1048) path=2
target scene=184 area=(160, 112) event=3188 script=887 mode=1 state=2 player=(576, 1056) pos=(1168, 824) path=202
target scene=184 area=(160, 112) event=3189 script=887 mode=1 state=2 player=(1184, 832) pos=(1088, 704) path=57
target scene=184 area=(160, 112) event=3187 script=887 mode=1 state=2 player=(1104, 712) pos=(1056, 224) path=104
target scene=184 area=(160, 112) event=3186 script=887 mode=1 state=2 player=(1040, 216) pos=(992, 192) path=2
target scene=184 area=(160, 112) event=3191 script=887 mode=1 state=2 player=(1008, 200) pos=(800, 1648) path=266
target scene=184 area=(160, 112) event=3193 script=887 mode=1 state=2 player=(1056, 1584) pos=(448, 1888) path=47
target scene=184 area=(160, 112) event=3165 script=29493 mode=5 state=1 player=(464, 1896) pos=(272, 648) path=226
learned targeted exit AreaKey { scene: 184, anchor: (160, 112) } event=3165 -> AreaKey { scene: 188, anchor: (240, 1672) }
learned exit AreaKey { scene: 184, anchor: (160, 112) } event=3165 -> AreaKey { scene: 188, anchor: (240, 1672) }
scene 184 -> 188 at frame 4266 position (1056, 1024)
target scene=188 area=(240, 1672) event=3321 script=29497 mode=5 state=1 player=(1216, 1136) pos=(1248, 1104) path=2
learned targeted exit AreaKey { scene: 188, anchor: (240, 1672) } event=3321 -> AreaKey { scene: 184, anchor: (160, 112) }
learned exit AreaKey { scene: 188, anchor: (240, 1672) } event=3321 -> AreaKey { scene: 184, anchor: (160, 112) }
scene 188 -> 184 at frame 4268 position (160, 512)
target scene=184 area=(160, 112) event=3176 script=40893 mode=5 state=2 player=(320, 624) pos=(1168, 1244) path=217
target scene=184 area=(160, 112) event=3183 script=40889 mode=5 state=2 player=(1152, 1248) pos=(808, 860) path=162
target scene=184 area=(160, 112) event=3184 script=40895 mode=5 state=2 player=(832, 864) pos=(592, 760) path=15
target scene=184 area=(160, 112) event=3185 script=40891 mode=5 state=2 player=(592, 776) pos=(668, 694) path=9
target scene=184 area=(160, 112) event=3182 script=40897 mode=5 state=2 player=(672, 704) pos=(1296, 920) path=51
target scene=184 area=(160, 112) event=3178 script=40899 mode=5 state=2 player=(1264, 920) pos=(1640, 1412) path=64
target scene=184 area=(160, 112) event=3172 script=40917 mode=5 state=2 player=(1648, 1400) pos=(1120, 1632) path=39
target scene=184 area=(160, 112) event=3171 script=40893 mode=5 state=2 player=(1120, 1616) pos=(924, 1714) path=12
target scene=184 area=(160, 112) event=3169 script=40919 mode=5 state=2 player=(960, 1712) pos=(800, 1776) path=8
target scene=184 area=(160, 112) event=3170 script=40891 mode=5 state=2 player=(832, 1776) pos=(720, 1816) path=5
target scene=184 area=(160, 112) event=3168 script=40889 mode=5 state=2 player=(752, 1816) pos=(584, 1860) path=9
target scene=184 area=(160, 112) event=3164 script=29489 mode=5 state=1 player=(608, 1856) pos=(336, 1400) path=170
learned targeted exit AreaKey { scene: 184, anchor: (160, 112) } event=3164 -> AreaKey { scene: 187, anchor: (160, 112) }
learned exit AreaKey { scene: 184, anchor: (160, 112) } event=3164 -> AreaKey { scene: 187, anchor: (160, 112) }
scene 184 -> 187 at frame 5084 position (224, 1136)
target scene=187 area=(160, 112) event=3316 script=29481 mode=5 state=1 player=(384, 1248) pos=(1552, 1000) path=74
learned targeted exit AreaKey { scene: 187, anchor: (160, 112) } event=3316 -> AreaKey { scene: 186, anchor: (160, 112) }
learned exit AreaKey { scene: 187, anchor: (160, 112) } event=3316 -> AreaKey { scene: 186, anchor: (160, 112) }
scene 187 -> 186 at frame 5158 position (64, 1296)
target scene=186 area=(160, 112) event=3296 script=32114 mode=5 state=1 player=(224, 1408) pos=(1856, 1184) path=132
learned targeted exit AreaKey { scene: 186, anchor: (160, 112) } event=3296 -> AreaKey { scene: 176, anchor: (160, 832) }
learned exit AreaKey { scene: 186, anchor: (160, 112) } event=3296 -> AreaKey { scene: 176, anchor: (160, 832) }
scene 186 -> 176 at frame 5290 position (224, 832)
target scene=176 area=(160, 832) event=3077 script=32604 mode=1 state=1 player=(384, 944) pos=(1376, 912) path=61
target scene=176 area=(160, 832) event=3078 script=32609 mode=1 state=1 player=(1360, 904) pos=(1472, 912) path=6
target scene=176 area=(160, 832) event=3073 script=32585 mode=1 state=1 player=(1456, 904) pos=(1680, 856) path=13
target scene=176 area=(160, 832) event=3076 script=32596 mode=1 state=1 player=(1664, 848) pos=(1712, 824) path=2
target scene=176 area=(160, 832) event=3075 script=32595 mode=1 state=1 player=(1696, 832) pos=(1648, 792) path=4
target scene=176 area=(160, 832) event=3074 script=32590 mode=1 state=1 player=(1664, 800) pos=(1600, 784) path=3
target scene=176 area=(160, 832) event=3072 script=32580 mode=1 state=1 player=(1616, 792) pos=(1600, 720) path=8
target scene=176 area=(160, 832) event=3086 script=30391 mode=1 state=2 player=(1616, 728) pos=(1776, 872) path=17
target scene=176 area=(160, 832) event=3071 script=32138 mode=5 state=1 player=(1792, 864) pos=(1472, 688) path=23
learned targeted exit AreaKey { scene: 176, anchor: (160, 832) } event=3071 -> AreaKey { scene: 173, anchor: (512, 480) }
learned exit AreaKey { scene: 176, anchor: (160, 832) } event=3071 -> AreaKey { scene: 173, anchor: (512, 480) }
scene 176 -> 173 at frame 5427 position (544, 512)
target scene=173 area=(512, 480) event=3014 script=32869 mode=2 state=1 player=(704, 624) pos=(624, 456) path=18
target scene=173 area=(512, 480) event=3019 script=32824 mode=2 state=2 player=(672, 480) pos=(528, 488) path=6
scene 173 -> 174 at frame 5451 position (416, 400)
target scene=174 area=(512, 480) event=3024 script=32420 mode=2 state=1 player=(576, 512) pos=(512, 512) path=1
area teleport in scene 174 at frame 5465: (576, 512) -> (704, 624)
continuing target event=3024 across area (704, 576) path=17
target scene=174 area=(704, 576) event=3034 script=32546 mode=1 state=1 player=(560, 536) pos=(608, 576) path=12
target scene=174 area=(704, 576) event=3035 script=32546 mode=1 state=1 player=(624, 584) pos=(624, 568) path=1
target scene=174 area=(704, 576) event=3030 script=32942 mode=2 state=2 player=(640, 576) pos=(784, 584) path=6
target scene=174 area=(704, 576) event=3041 script=32575 mode=1 state=1 player=(736, 560) pos=(800, 528) path=3
target scene=174 area=(704, 576) event=3036 script=32551 mode=1 state=1 player=(784, 536) pos=(816, 520) path=3
target scene=174 area=(704, 576) event=3025 script=32420 mode=2 state=1 player=(832, 528) pos=(944, 488) path=4
target scene=174 area=(704, 576) event=3037 script=32556 mode=1 state=1 player=(896, 496) pos=(848, 440) path=18
target scene=174 area=(704, 576) event=3033 script=33019 mode=3 state=1 player=(832, 448) pos=(608, 432) path=9
target scene=174 area=(704, 576) event=3038 script=32561 mode=1 state=1 player=(688, 408) pos=(672, 400) path=0
target scene=174 area=(704, 576) event=3039 script=32566 mode=1 state=1 player=(688, 408) pos=(560, 456) path=25
target scene=174 area=(704, 576) event=3040 script=32575 mode=1 state=1 player=(576, 464) pos=(496, 488) path=4
target scene=174 area=(704, 576) event=3023 script=32130 mode=5 state=1 player=(512, 496) pos=(656, 648) path=21
learned targeted exit AreaKey { scene: 174, anchor: (704, 576) } event=3023 -> AreaKey { scene: 176, anchor: (160, 832) }
learned exit AreaKey { scene: 174, anchor: (704, 576) } event=3023 -> AreaKey { scene: 176, anchor: (160, 832) }
scene 174 -> 176 at frame 5588 position (1264, 600)
target scene=176 area=(160, 832) event=3071 script=32134 mode=5 state=1 player=(1424, 712) pos=(1472, 688) path=2
learned targeted exit AreaKey { scene: 176, anchor: (160, 832) } event=3071 -> AreaKey { scene: 174, anchor: (512, 480) }
learned exit AreaKey { scene: 176, anchor: (160, 832) } event=3071 -> AreaKey { scene: 174, anchor: (512, 480) }
scene 176 -> 174 at frame 5590 position (544, 512)
target scene=174 area=(512, 480) event=3023 script=32130 mode=5 state=1 player=(704, 624) pos=(656, 648) path=2
learned targeted exit AreaKey { scene: 174, anchor: (512, 480) } event=3023 -> AreaKey { scene: 176, anchor: (160, 832) }
learned exit AreaKey { scene: 174, anchor: (512, 480) } event=3023 -> AreaKey { scene: 176, anchor: (160, 832) }
scene 174 -> 176 at frame 5592 position (1264, 600)
target scene=176 area=(160, 832) event=3070 script=32110 mode=5 state=1 player=(1424, 712) pos=(320, 912) path=72
learned targeted exit AreaKey { scene: 176, anchor: (160, 832) } event=3070 -> AreaKey { scene: 186, anchor: (160, 112) }
learned exit AreaKey { scene: 176, anchor: (160, 832) } event=3070 -> AreaKey { scene: 186, anchor: (160, 112) }
scene 176 -> 186 at frame 5664 position (1648, 1048)
target scene=186 area=(160, 112) event=3297 script=30365 mode=5 state=1 player=(1808, 1160) pos=(1824, 1008) path=17
learned targeted exit AreaKey { scene: 186, anchor: (160, 112) } event=3297 -> AreaKey { scene: 179, anchor: (880, 1016) }
learned exit AreaKey { scene: 186, anchor: (160, 112) } event=3297 -> AreaKey { scene: 179, anchor: (880, 1016) }
scene 186 -> 179 at frame 5681 position (1504, 1328)
target scene=179 area=(880, 1016) event=3108 script=32122 mode=5 state=1 player=(1664, 1440) pos=(1824, 1072) path=120
learned targeted exit AreaKey { scene: 179, anchor: (880, 1016) } event=3108 -> AreaKey { scene: 259, anchor: (160, 464) }
learned exit AreaKey { scene: 179, anchor: (880, 1016) } event=3108 -> AreaKey { scene: 259, anchor: (160, 464) }
scene 179 -> 259 at frame 5801 position (48, 392)
target scene=259 area=(160, 464) event=4663 script=3781 mode=0 state=2 player=(208, 504) pos=(336, 568) path=7
directing unreachable manual event=4664 script=3781 mode=0 state=2
target scene=259 area=(160, 464) event=4664 script=3781 mode=0 state=2 player=(320, 560) pos=(256, 624) path=0
target scene=259 area=(160, 464) event=4662 script=3781 mode=0 state=2 player=(320, 560) pos=(736, 608) path=25
target scene=259 area=(160, 464) event=4667 script=3781 mode=0 state=2 player=(720, 616) pos=(688, 728) path=13
target scene=259 area=(160, 464) event=4665 script=3781 mode=0 state=2 player=(704, 720) pos=(944, 728) path=14
target scene=259 area=(160, 464) event=4691 script=3781 mode=1 state=2 player=(928, 720) pos=(880, 680) path=4
target scene=259 area=(160, 464) event=4690 script=3794 mode=2 state=2 player=(864, 688) pos=(832, 656) path=1
target scene=259 area=(160, 464) event=4669 script=3781 mode=0 state=2 player=(848, 680) pos=(1104, 744) path=15
target scene=259 area=(160, 464) event=4695 script=3781 mode=1 state=2 player=(1088, 736) pos=(912, 616) path=14
target scene=259 area=(160, 464) event=4694 script=3794 mode=2 state=2 player=(928, 624) pos=(864, 592) path=3
target scene=259 area=(160, 464) event=4668 script=3781 mode=0 state=2 player=(912, 600) pos=(1056, 528) path=8
target scene=259 area=(160, 464) event=4688 script=3784 mode=2 state=2 player=(1040, 536) pos=(464, 584) path=33
target scene=259 area=(160, 464) event=4689 script=3781 mode=1 state=2 player=(512, 608) pos=(416, 608) path=5
directing unreachable manual event=4661 script=3781 mode=0 state=2
target scene=259 area=(160, 464) event=4661 script=3781 mode=0 state=2 player=(432, 616) pos=(544, 816) path=0
directing unreachable manual event=4666 script=3781 mode=0 state=2
target scene=259 area=(160, 464) event=4666 script=3781 mode=0 state=2 player=(432, 616) pos=(656, 824) path=0
target scene=259 area=(160, 464) event=4659 script=38117 mode=6 state=1 player=(432, 616) pos=(1568, 384) path=67
learned targeted exit AreaKey { scene: 259, anchor: (160, 464) } event=4659 -> AreaKey { scene: 260, anchor: (160, 112) }
learned exit AreaKey { scene: 259, anchor: (160, 464) } event=4659 -> AreaKey { scene: 260, anchor: (160, 112) }
scene 259 -> 260 at frame 6010 position (176, 1624)
target scene=260 area=(160, 112) event=4710 script=38229 mode=5 state=1 player=(336, 1736) pos=(256, 1664) path=7
learned targeted exit AreaKey { scene: 260, anchor: (160, 112) } event=4710 -> AreaKey { scene: 268, anchor: (160, 112) }
learned exit AreaKey { scene: 260, anchor: (160, 112) } event=4710 -> AreaKey { scene: 268, anchor: (160, 112) }
scene 260 -> 268 at frame 6017 position (496, 1192)
target scene=268 area=(160, 112) event=4888 script=38233 mode=5 state=1 player=(656, 1304) pos=(704, 1328) path=2
learned targeted exit AreaKey { scene: 268, anchor: (160, 112) } event=4888 -> AreaKey { scene: 260, anchor: (160, 112) }
learned exit AreaKey { scene: 268, anchor: (160, 112) } event=4888 -> AreaKey { scene: 260, anchor: (160, 112) }
scene 268 -> 260 at frame 6019 position (112, 1576)
target scene=260 area=(160, 112) event=4704 script=38129 mode=5 state=1 player=(272, 1688) pos=(1568, 1728) path=79
learned targeted exit AreaKey { scene: 260, anchor: (160, 112) } event=4704 -> AreaKey { scene: 269, anchor: (160, 112) }
learned exit AreaKey { scene: 260, anchor: (160, 112) } event=4704 -> AreaKey { scene: 269, anchor: (160, 112) }
scene 260 -> 269 at frame 6098 position (368, 360)
target scene=269 area=(160, 112) event=4895 script=38177 mode=5 state=1 player=(528, 472) pos=(928, 544) path=27
learned targeted exit AreaKey { scene: 269, anchor: (160, 112) } event=4895 -> AreaKey { scene: 270, anchor: (160, 112) }
learned exit AreaKey { scene: 269, anchor: (160, 112) } event=4895 -> AreaKey { scene: 270, anchor: (160, 112) }
scene 269 -> 270 at frame 6125 position (736, 832)
target scene=270 area=(160, 112) event=4917 script=38173 mode=5 state=1 player=(896, 944) pos=(944, 968) path=2
learned targeted exit AreaKey { scene: 270, anchor: (160, 112) } event=4917 -> AreaKey { scene: 269, anchor: (160, 112) }
learned exit AreaKey { scene: 270, anchor: (160, 112) } event=4917 -> AreaKey { scene: 269, anchor: (160, 112) }
scene 270 -> 269 at frame 6127 position (800, 464)
target scene=269 area=(160, 112) event=4914 script=40685 mode=6 state=1 player=(960, 576) pos=(1056, 544) path=4
target scene=269 area=(160, 112) event=4915 script=40957 mode=6 state=1 player=(1024, 560) pos=(1152, 624) path=6
target scene=269 area=(160, 112) event=4912 script=41095 mode=6 state=1 player=(1120, 608) pos=(880, 632) path=11
target scene=269 area=(160, 112) event=4911 script=40957 mode=6 state=1 player=(944, 632) pos=(624, 696) path=16
target scene=269 area=(160, 112) event=4910 script=41099 mode=6 state=1 player=(688, 696) pos=(640, 912) path=23
target scene=269 area=(160, 112) event=4909 script=41093 mode=6 state=1 player=(640, 880) pos=(704, 1040) path=16
target scene=269 area=(160, 112) event=4907 script=40955 mode=6 state=1 player=(704, 1008) pos=(1056, 944) path=21
target scene=269 area=(160, 112) event=4908 script=41099 mode=6 state=1 player=(1040, 968) pos=(1232, 936) path=8
target scene=269 area=(160, 112) event=4906 script=41097 mode=6 state=1 player=(1168, 936) pos=(1088, 800) path=13
target scene=269 area=(160, 112) event=4913 script=40953 mode=6 state=1 player=(1088, 832) pos=(1664, 1168) path=58
learned exit AreaKey { scene: 269, anchor: (160, 112) } event=4894 -> AreaKey { scene: 270, anchor: (160, 112) }
scene 269 -> 270 at frame 6296 position (544, 1280)
target scene=270 area=(160, 112) event=4916 script=38165 mode=5 state=1 player=(704, 1392) pos=(656, 1416) path=2
learned targeted exit AreaKey { scene: 270, anchor: (160, 112) } event=4916 -> AreaKey { scene: 269, anchor: (160, 112) }
learned exit AreaKey { scene: 270, anchor: (160, 112) } event=4916 -> AreaKey { scene: 269, anchor: (160, 112) }
scene 270 -> 269 at frame 6298 position (992, 688)
target scene=269 area=(160, 112) event=4913 script=40953 mode=6 state=1 player=(1152, 800) pos=(1664, 1168) path=118
target scene=269 area=(160, 112) event=4896 script=38185 mode=5 state=1 player=(1600, 1168) pos=(768, 960) path=93
learned targeted exit AreaKey { scene: 269, anchor: (160, 112) } event=4896 -> AreaKey { scene: 270, anchor: (160, 112) }
learned exit AreaKey { scene: 269, anchor: (160, 112) } event=4896 -> AreaKey { scene: 270, anchor: (160, 112) }
scene 269 -> 270 at frame 6514 position (1184, 832)
target scene=270 area=(160, 112) event=4918 script=38181 mode=5 state=1 player=(1344, 944) pos=(1296, 968) path=2
learned targeted exit AreaKey { scene: 270, anchor: (160, 112) } event=4918 -> AreaKey { scene: 269, anchor: (160, 112) }
learned exit AreaKey { scene: 270, anchor: (160, 112) } event=4918 -> AreaKey { scene: 269, anchor: (160, 112) }
scene 270 -> 269 at frame 6516 position (576, 880)
target scene=269 area=(160, 112) event=4898 script=38201 mode=5 state=1 player=(736, 992) pos=(928, 784) path=30
learned targeted exit AreaKey { scene: 269, anchor: (160, 112) } event=4898 -> AreaKey { scene: 270, anchor: (160, 112) }
learned exit AreaKey { scene: 269, anchor: (160, 112) } event=4898 -> AreaKey { scene: 270, anchor: (160, 112) }
scene 269 -> 270 at frame 6546 position (1280, 336)
target scene=270 area=(160, 112) event=4920 script=38197 mode=5 state=1 player=(1440, 448) pos=(1488, 472) path=2
learned targeted exit AreaKey { scene: 270, anchor: (160, 112) } event=4920 -> AreaKey { scene: 269, anchor: (160, 112) }
learned exit AreaKey { scene: 270, anchor: (160, 112) } event=4920 -> AreaKey { scene: 269, anchor: (160, 112) }
scene 270 -> 269 at frame 6548 position (800, 704)
target scene=269 area=(160, 112) event=4897 script=38193 mode=5 state=1 player=(960, 816) pos=(640, 688) path=26
learned targeted exit AreaKey { scene: 269, anchor: (160, 112) } event=4897 -> AreaKey { scene: 270, anchor: (160, 112) }
learned exit AreaKey { scene: 269, anchor: (160, 112) } event=4897 -> AreaKey { scene: 270, anchor: (160, 112) }
scene 269 -> 270 at frame 6574 position (624, 344)
target scene=270 area=(160, 112) event=4919 script=38189 mode=5 state=1 player=(784, 456) pos=(832, 480) path=2
learned targeted exit AreaKey { scene: 270, anchor: (160, 112) } event=4919 -> AreaKey { scene: 269, anchor: (160, 112) }
learned exit AreaKey { scene: 270, anchor: (160, 112) } event=4919 -> AreaKey { scene: 269, anchor: (160, 112) }
scene 270 -> 269 at frame 6576 position (512, 608)
target scene=269 area=(160, 112) event=4893 script=38125 mode=5 state=1 player=(672, 720) pos=(496, 456) path=31
learned targeted exit AreaKey { scene: 269, anchor: (160, 112) } event=4893 -> AreaKey { scene: 260, anchor: (160, 112) }
learned exit AreaKey { scene: 269, anchor: (160, 112) } event=4893 -> AreaKey { scene: 260, anchor: (160, 112) }
scene 269 -> 260 at frame 6607 position (1360, 1592)
target scene=260 area=(160, 112) event=4736 script=3794 mode=2 state=2 player=(1520, 1704) pos=(496, 1608) path=61
target scene=260 area=(160, 112) event=4737 script=3781 mode=1 state=2 player=(544, 1632) pos=(448, 1632) path=5
target scene=260 area=(160, 112) event=4740 script=3794 mode=2 state=2 player=(464, 1640) pos=(1040, 1736) path=39
target scene=260 area=(160, 112) event=4741 script=3781 mode=1 state=2 player=(1056, 1760) pos=(1088, 1760) path=1
target scene=260 area=(160, 112) event=4706 script=38141 mode=6 state=1 player=(1072, 1752) pos=(512, 912) path=120
learned targeted exit AreaKey { scene: 260, anchor: (160, 112) } event=4706 -> AreaKey { scene: 263, anchor: (432, 1320) }
learned exit AreaKey { scene: 260, anchor: (160, 112) } event=4706 -> AreaKey { scene: 263, anchor: (432, 1320) }
scene 260 -> 263 at frame 6833 position (400, 1160)
target scene=263 area=(432, 1320) event=4826 script=3712 mode=2 state=2 player=(560, 1272) pos=(608, 1104) path=18
target scene=263 area=(432, 1320) event=4821 script=3712 mode=2 state=2 player=(656, 1128) pos=(800, 944) path=20
target scene=263 area=(432, 1320) event=4825 script=3712 mode=2 state=2 player=(816, 968) pos=(848, 968) path=0
target scene=263 area=(432, 1320) event=4820 script=3712 mode=2 state=2 player=(816, 968) pos=(832, 944) path=0
target scene=263 area=(432, 1320) event=4824 script=3712 mode=2 state=2 player=(816, 968) pos=(896, 992) path=2
target scene=263 area=(432, 1320) event=4823 script=3712 mode=2 state=2 player=(832, 976) pos=(944, 1016) path=6
target scene=263 area=(432, 1320) event=4822 script=3712 mode=2 state=2 player=(896, 1008) pos=(976, 1016) path=2
target scene=263 area=(432, 1320) event=4827 script=3712 mode=2 state=2 player=(928, 992) pos=(1024, 976) path=3
target scene=263 area=(432, 1320) event=4834 script=3712 mode=2 state=2 player=(976, 968) pos=(1104, 936) path=5
target scene=263 area=(432, 1320) event=4831 script=3712 mode=2 state=2 player=(1056, 928) pos=(1184, 896) path=5
target scene=263 area=(432, 1320) event=4832 script=3712 mode=2 state=2 player=(1136, 888) pos=(1232, 872) path=3
target scene=263 area=(432, 1320) event=4819 script=3712 mode=2 state=2 player=(1184, 864) pos=(1264, 856) path=2
target scene=263 area=(432, 1320) event=4817 script=3712 mode=2 state=2 player=(1216, 848) pos=(1264, 840) path=0
target scene=263 area=(432, 1320) event=4815 script=3712 mode=2 state=2 player=(1216, 848) pos=(1216, 768) path=7
target scene=263 area=(432, 1320) event=4835 script=3715 mode=2 state=2 player=(1264, 792) pos=(1248, 784) path=0
target scene=263 area=(432, 1320) event=4816 script=3712 mode=2 state=2 player=(1264, 792) pos=(1296, 808) path=0
target scene=263 area=(432, 1320) event=4814 script=3712 mode=2 state=2 player=(1264, 792) pos=(1184, 768) path=2
target scene=263 area=(432, 1320) event=4818 script=3712 mode=2 state=2 player=(1232, 792) pos=(1120, 784) path=4
target scene=263 area=(432, 1320) event=4830 script=3712 mode=2 state=2 player=(1168, 808) pos=(1040, 808) path=5
target scene=263 area=(432, 1320) event=4829 script=3712 mode=2 state=2 player=(1088, 832) pos=(944, 824) path=6
target scene=263 area=(432, 1320) event=4828 script=3712 mode=2 state=2 player=(992, 848) pos=(944, 872) path=0
target scene=263 area=(432, 1320) event=4833 script=3712 mode=2 state=2 player=(992, 848) pos=(1280, 720) path=19
target scene=263 area=(432, 1320) event=4813 script=38149 mode=7 state=1 player=(1296, 744) pos=(1376, 704) path=2
learned targeted exit AreaKey { scene: 263, anchor: (432, 1320) } event=4813 -> AreaKey { scene: 265, anchor: (160, 112) }
learned exit AreaKey { scene: 263, anchor: (432, 1320) } event=4813 -> AreaKey { scene: 265, anchor: (160, 112) }
scene 263 -> 265 at frame 6944 position (128, 1280)
target scene=265 area=(160, 112) event=4858 script=34756 mode=2 state=2 player=(288, 1392) pos=(912, 1240) path=36
target scene=265 area=(160, 112) event=4858 script=34761 mode=2 state=2 player=(864, 1248) pos=(912, 1240) path=0
target scene=265 area=(160, 112) event=4859 script=3687 mode=2 state=2 player=(864, 1248) pos=(848, 952) path=42
marked destination touch VisitKey { scene: 265, area: (896, 1088), event_id: 4851, trigger_script: 1023, trigger_mode: 5, state: 1 }
learned exit AreaKey { scene: 265, anchor: (160, 112) } event=4851 -> AreaKey { scene: 265, anchor: (896, 1088) }
area teleport in scene 265 at frame 7001: (784, 1256) -> (912, 1144)
continuing target event=4859 across area (896, 1088) path=21
marked destination touch VisitKey { scene: 265, area: (896, 960), event_id: 4847, trigger_script: 1032, trigger_mode: 6, state: 1 }
learned exit AreaKey { scene: 265, anchor: (896, 1088) } event=4847 -> AreaKey { scene: 265, anchor: (896, 960) }
area teleport in scene 265 at frame 7020: (864, 1072) -> (928, 992)
continuing target event=4859 across area (896, 960) path=0
target scene=265 area=(896, 960) event=4855 script=3657 mode=2 state=2 player=(928, 992) pos=(928, 960) path=1
target scene=265 area=(896, 960) event=4856 script=3681 mode=2 state=2 player=(944, 984) pos=(976, 968) path=0
target scene=265 area=(896, 960) event=4863 script=3705 mode=2 state=2 player=(944, 984) pos=(1008, 984) path=1
target scene=265 area=(896, 960) event=4864 script=3709 mode=2 state=2 player=(960, 976) pos=(992, 992) path=0
target scene=265 area=(896, 960) event=4857 script=3684 mode=2 state=2 player=(960, 976) pos=(880, 920) path=4
target scene=265 area=(896, 960) event=4861 script=3695 mode=2 state=2 player=(928, 944) pos=(832, 912) path=3
target scene=265 area=(896, 960) event=4862 script=3701 mode=2 state=2 player=(880, 936) pos=(816, 920) path=1
target scene=265 area=(896, 960) event=4860 script=3691 mode=2 state=2 player=(864, 944) pos=(816, 904) path=2
target scene=265 area=(896, 960) event=4866 script=38777 mode=2 state=1 player=(864, 928) pos=(1216, 736) path=25
marked destination touch VisitKey { scene: 265, area: (960, 832), event_id: 4845, trigger_script: 1041, trigger_mode: 5, state: 1 }
learned exit AreaKey { scene: 265, anchor: (896, 960) } event=4845 -> AreaKey { scene: 265, anchor: (960, 832) }
area teleport in scene 265 at frame 7042: (928, 928) -> (992, 880)
continuing target event=4866 across area (960, 832) path=15
marked destination touch VisitKey { scene: 265, area: (1152, 768), event_id: 4843, trigger_script: 38299, trigger_mode: 5, state: 1 }
learned exit AreaKey { scene: 265, anchor: (960, 832) } event=4843 -> AreaKey { scene: 265, anchor: (1152, 768) }
area teleport in scene 265 at frame 7056: (1056, 848) -> (1152, 768)
continuing target event=4866 across area (1152, 768) path=0
target scene=265 area=(1152, 768) event=4865 script=38029 mode=6 state=1 player=(1152, 768) pos=(1232, 728) path=3
learned targeted exit AreaKey { scene: 265, anchor: (1152, 768) } event=4865 -> AreaKey { scene: 264, anchor: (160, 112) }
learned exit AreaKey { scene: 265, anchor: (1152, 768) } event=4865 -> AreaKey { scene: 264, anchor: (160, 112) }
scene 265 -> 264 at frame 7063 position (1040, 632)
scene 264 -> 265 at frame 7130 position (976, 664)
target scene=265 area=(160, 112) event=4855 script=3667 mode=2 state=2 player=(1136, 776) pos=(928, 960) path=20
marked destination touch VisitKey { scene: 265, area: (1024, 832), event_id: 4844, trigger_script: 38303, trigger_mode: 5, state: 1 }
learned exit AreaKey { scene: 265, anchor: (160, 112) } event=4844 -> AreaKey { scene: 265, anchor: (1024, 832) }
area teleport in scene 265 at frame 7142: (1136, 792) -> (1040, 872)
continuing target event=4855 across area (1024, 832) path=8
target scene=265 area=(1024, 832) event=4855 script=3677 mode=2 state=2 player=(944, 952) pos=(928, 960) path=0
target scene=265 area=(1024, 832) event=4842 script=38157 mode=7 state=1 player=(944, 952) pos=(1824, 1136) path=100
marked destination touch VisitKey { scene: 265, area: (768, 1088), event_id: 4848, trigger_script: 1002, trigger_mode: 6, state: 1 }
learned exit AreaKey { scene: 265, anchor: (1024, 832) } event=4848 -> AreaKey { scene: 265, anchor: (768, 1088) }
area teleport in scene 265 at frame 7173: (912, 1016) -> (816, 1096)
continuing target event=4842 across area (768, 1088) path=82
marked destination touch VisitKey { scene: 265, area: (704, 1216), event_id: 4854, trigger_script: 993, trigger_mode: 5, state: 1 }
learned exit AreaKey { scene: 265, anchor: (768, 1088) } event=4854 -> AreaKey { scene: 265, anchor: (704, 1216) }
area teleport in scene 265 at frame 7195: (880, 1160) -> (752, 1272)
continuing target event=4842 across area (704, 1216) path=62
learned targeted exit AreaKey { scene: 265, anchor: (704, 1216) } event=4842 -> AreaKey { scene: 272, anchor: (160, 112) }
learned exit AreaKey { scene: 265, anchor: (704, 1216) } event=4842 -> AreaKey { scene: 272, anchor: (160, 112) }
scene 265 -> 272 at frame 7257 position (320, 1376)
target scene=272 area=(160, 112) event=4923 script=38545 mode=2 state=1 player=(480, 1488) pos=(896, 1136) path=41
marked destination touch VisitKey { scene: 272, area: (896, 1216), event_id: 4930, trigger_script: 752, trigger_mode: 5, state: 1 }
learned exit AreaKey { scene: 272, anchor: (160, 112) } event=4930 -> AreaKey { scene: 272, anchor: (896, 1216) }
area teleport in scene 272 at frame 7288: (832, 1312) -> (912, 1240)
continuing target event=4923 across area (896, 1216) path=10
marked destination touch VisitKey { scene: 272, area: (960, 1152), event_id: 4931, trigger_script: 752, trigger_mode: 5, state: 1 }
learned exit AreaKey { scene: 272, anchor: (896, 1216) } event=4931 -> AreaKey { scene: 272, anchor: (960, 1152) }
area teleport in scene 272 at frame 7297: (912, 1240) -> (992, 1168)
continuing target event=4923 across area (960, 1152) path=3
used story item=260 on event=4923 facing=1 script 38545 -> 38545 mode 2 -> 6 state 1 -> 0
target scene=272 area=(960, 1152) event=4929 script=38318 mode=1 state=2 player=(912, 1144) pos=(1136, 1048) path=17
marked destination touch VisitKey { scene: 272, area: (1024, 1024), event_id: 4932, trigger_script: 752, trigger_mode: 5, state: 1 }
learned exit AreaKey { scene: 272, anchor: (960, 1152) } event=4932 -> AreaKey { scene: 272, anchor: (1024, 1024) }
area teleport in scene 272 at frame 7314: (992, 1152) -> (1072, 1080)
continuing target event=4929 across area (1024, 1024) path=3
used story item=265 on event=4929 facing=2 script 38318 -> 38318 mode 1 -> 1 state 2 -> 3
target scene=272 area=(1024, 1024) event=4926 script=38318 mode=1 state=2 player=(1120, 1056) pos=(1136, 984) path=8
used story item=266 on event=4926 facing=1 script 38318 -> 38318 mode 1 -> 1 state 2 -> 3
target scene=272 area=(1024, 1024) event=4927 script=38318 mode=1 state=2 player=(1152, 992) pos=(1264, 1048) path=6
used story item=264 on event=4927 facing=3 script 38318 -> 38318 mode 1 -> 1 state 2 -> 3
target scene=272 area=(1024, 1024) event=4927 script=38318 mode=1 state=3 player=(1248, 1040) pos=(1264, 1048) path=0
target scene=272 area=(1024, 1024) event=4929 script=38318 mode=1 state=3 player=(1248, 1040) pos=(1136, 1048) path=6
target scene=272 area=(1024, 1024) event=4928 script=38318 mode=1 state=2 player=(1152, 1056) pos=(1136, 1112) path=6
target scene=272 area=(1024, 1024) event=4925 script=38318 mode=1 state=2 player=(1152, 1104) pos=(1008, 1048) path=8
target scene=272 area=(1024, 1024) event=4926 script=38318 mode=1 state=3 player=(1024, 1056) pos=(1136, 984) path=8
target scene=272 area=(1024, 1024) event=4924 script=38549 mode=2 state=1 player=(1152, 992) pos=(896, 1136) path=23
marked destination touch VisitKey { scene: 272, area: (960, 1152), event_id: 4933, trigger_script: 780, trigger_mode: 5, state: 1 }
learned exit AreaKey { scene: 272, anchor: (1024, 1024) } event=4933 -> AreaKey { scene: 272, anchor: (960, 1152) }
area teleport in scene 272 at frame 7384: (1056, 1120) -> (976, 1192)
continuing target event=4924 across area (960, 1152) path=4
target scene=272 area=(960, 1152) event=4934 script=780 mode=5 state=1 player=(944, 1160) pos=(944, 1208) path=4
learned targeted exit AreaKey { scene: 272, anchor: (960, 1152) } event=4934 -> AreaKey { scene: 272, anchor: (832, 1216) }
marked destination touch VisitKey { scene: 272, area: (832, 1216), event_id: 4934, trigger_script: 780, trigger_mode: 5, state: 1 }
learned exit AreaKey { scene: 272, anchor: (960, 1152) } event=4934 -> AreaKey { scene: 272, anchor: (832, 1216) }
area teleport in scene 272 at frame 7401: (944, 1192) -> (880, 1256)
target scene=272 area=(832, 1216) event=4935 script=780 mode=5 state=1 player=(880, 1256) pos=(864, 1280) path=1
learned targeted exit AreaKey { scene: 272, anchor: (832, 1216) } event=4935 -> AreaKey { scene: 272, anchor: (768, 1280) }
marked destination touch VisitKey { scene: 272, area: (768, 1280), event_id: 4935, trigger_script: 780, trigger_mode: 5, state: 1 }
learned exit AreaKey { scene: 272, anchor: (832, 1216) } event=4935 -> AreaKey { scene: 272, anchor: (768, 1280) }
area teleport in scene 272 at frame 7411: (864, 1264) -> (800, 1328)
target scene=272 area=(768, 1280) event=4930 script=752 mode=5 state=1 player=(800, 1328) pos=(848, 1304) path=2
learned targeted exit AreaKey { scene: 272, anchor: (768, 1280) } event=4930 -> AreaKey { scene: 272, anchor: (896, 1216) }
marked destination touch VisitKey { scene: 272, area: (896, 1216), event_id: 4930, trigger_script: 752, trigger_mode: 5, state: 1 }
learned exit AreaKey { scene: 272, anchor: (768, 1280) } event=4930 -> AreaKey { scene: 272, anchor: (896, 1216) }
area teleport in scene 272 at frame 7422: (832, 1312) -> (896, 1248)
target scene=272 area=(896, 1216) event=4935 script=780 mode=5 state=1 player=(896, 1248) pos=(864, 1280) path=2
learned targeted exit AreaKey { scene: 272, anchor: (896, 1216) } event=4935 -> AreaKey { scene: 272, anchor: (768, 1280) }
marked destination touch VisitKey { scene: 272, area: (768, 1280), event_id: 4935, trigger_script: 780, trigger_mode: 5, state: 1 }
learned exit AreaKey { scene: 272, anchor: (896, 1216) } event=4935 -> AreaKey { scene: 272, anchor: (768, 1280) }
area teleport in scene 272 at frame 7433: (864, 1264) -> (800, 1328)
target scene=272 area=(768, 1280) event=4931 script=752 mode=5 state=1 player=(800, 1328) pos=(928, 1232) path=11
marked destination touch VisitKey { scene: 272, area: (896, 1216), event_id: 4930, trigger_script: 752, trigger_mode: 5, state: 1 }
learned exit AreaKey { scene: 272, anchor: (768, 1280) } event=4930 -> AreaKey { scene: 272, anchor: (896, 1216) }
area teleport in scene 272 at frame 7444: (832, 1312) -> (912, 1240)
continuing target event=4931 across area (896, 1216) path=0
learned targeted exit AreaKey { scene: 272, anchor: (896, 1216) } event=4931 -> AreaKey { scene: 272, anchor: (960, 1152) }
marked destination touch VisitKey { scene: 272, area: (960, 1152), event_id: 4931, trigger_script: 752, trigger_mode: 5, state: 1 }
learned exit AreaKey { scene: 272, anchor: (896, 1216) } event=4931 -> AreaKey { scene: 272, anchor: (960, 1152) }
area teleport in scene 272 at frame 7453: (912, 1240) -> (976, 1176)
target scene=272 area=(960, 1152) event=4935 script=780 mode=5 state=1 player=(976, 1176) pos=(864, 1280) path=11
marked destination touch VisitKey { scene: 272, area: (832, 1216), event_id: 4934, trigger_script: 780, trigger_mode: 5, state: 1 }
learned exit AreaKey { scene: 272, anchor: (960, 1152) } event=4934 -> AreaKey { scene: 272, anchor: (832, 1216) }
area teleport in scene 272 at frame 7465: (960, 1200) -> (880, 1272)
continuing target event=4935 across area (832, 1216) path=0
learned targeted exit AreaKey { scene: 272, anchor: (832, 1216) } event=4935 -> AreaKey { scene: 272, anchor: (768, 1280) }
marked destination touch VisitKey { scene: 272, area: (768, 1280), event_id: 4935, trigger_script: 780, trigger_mode: 5, state: 1 }
learned exit AreaKey { scene: 272, anchor: (832, 1216) } event=4935 -> AreaKey { scene: 272, anchor: (768, 1280) }
area teleport in scene 272 at frame 7474: (880, 1272) -> (816, 1336)
target scene=272 area=(768, 1280) event=4931 script=752 mode=5 state=1 player=(816, 1336) pos=(928, 1232) path=12
marked destination touch VisitKey { scene: 272, area: (896, 1216), event_id: 4930, trigger_script: 752, trigger_mode: 5, state: 1 }
learned exit AreaKey { scene: 272, anchor: (768, 1280) } event=4930 -> AreaKey { scene: 272, anchor: (896, 1216) }
area teleport in scene 272 at frame 7486: (832, 1312) -> (912, 1240)
continuing target event=4931 across area (896, 1216) path=0
learned targeted exit AreaKey { scene: 272, anchor: (896, 1216) } event=4931 -> AreaKey { scene: 272, anchor: (960, 1152) }
marked destination touch VisitKey { scene: 272, area: (960, 1152), event_id: 4931, trigger_script: 752, trigger_mode: 5, state: 1 }
learned exit AreaKey { scene: 272, anchor: (896, 1216) } event=4931 -> AreaKey { scene: 272, anchor: (960, 1152) }
area teleport in scene 272 at frame 7495: (912, 1240) -> (976, 1176)
target scene=272 area=(960, 1152) event=4935 script=780 mode=5 state=1 player=(976, 1176) pos=(864, 1280) path=11
marked destination touch VisitKey { scene: 272, area: (832, 1216), event_id: 4934, trigger_script: 780, trigger_mode: 5, state: 1 }
learned exit AreaKey { scene: 272, anchor: (960, 1152) } event=4934 -> AreaKey { scene: 272, anchor: (832, 1216) }
area teleport in scene 272 at frame 7507: (960, 1200) -> (880, 1272)
continuing target event=4935 across area (832, 1216) path=0
learned targeted exit AreaKey { scene: 272, anchor: (832, 1216) } event=4935 -> AreaKey { scene: 272, anchor: (768, 1280) }
marked destination touch VisitKey { scene: 272, area: (768, 1280), event_id: 4935, trigger_script: 780, trigger_mode: 5, state: 1 }
learned exit AreaKey { scene: 272, anchor: (832, 1216) } event=4935 -> AreaKey { scene: 272, anchor: (768, 1280) }
area teleport in scene 272 at frame 7516: (880, 1272) -> (816, 1336)
target scene=272 area=(768, 1280) event=4931 script=752 mode=5 state=1 player=(816, 1336) pos=(928, 1232) path=12
marked destination touch VisitKey { scene: 272, area: (896, 1216), event_id: 4930, trigger_script: 752, trigger_mode: 5, state: 1 }
learned exit AreaKey { scene: 272, anchor: (768, 1280) } event=4930 -> AreaKey { scene: 272, anchor: (896, 1216) }
area teleport in scene 272 at frame 7528: (832, 1312) -> (912, 1240)
continuing target event=4931 across area (896, 1216) path=0
learned targeted exit AreaKey { scene: 272, anchor: (896, 1216) } event=4931 -> AreaKey { scene: 272, anchor: (960, 1152) }
marked destination touch VisitKey { scene: 272, area: (960, 1152), event_id: 4931, trigger_script: 752, trigger_mode: 5, state: 1 }
learned exit AreaKey { scene: 272, anchor: (896, 1216) } event=4931 -> AreaKey { scene: 272, anchor: (960, 1152) }
area teleport in scene 272 at frame 7537: (912, 1240) -> (976, 1176)
target scene=272 area=(960, 1152) event=4935 script=780 mode=5 state=1 player=(976, 1176) pos=(864, 1280) path=11
marked destination touch VisitKey { scene: 272, area: (832, 1216), event_id: 4934, trigger_script: 780, trigger_mode: 5, state: 1 }
learned exit AreaKey { scene: 272, anchor: (960, 1152) } event=4934 -> AreaKey { scene: 272, anchor: (832, 1216) }
area teleport in scene 272 at frame 7549: (960, 1200) -> (880, 1272)
continuing target event=4935 across area (832, 1216) path=0
learned targeted exit AreaKey { scene: 272, anchor: (832, 1216) } event=4935 -> AreaKey { scene: 272, anchor: (768, 1280) }
marked destination touch VisitKey { scene: 272, area: (768, 1280), event_id: 4935, trigger_script: 780, trigger_mode: 5, state: 1 }
learned exit AreaKey { scene: 272, anchor: (832, 1216) } event=4935 -> AreaKey { scene: 272, anchor: (768, 1280) }
area teleport in scene 272 at frame 7558: (880, 1272) -> (816, 1336)
target scene=272 area=(768, 1280) event=4931 script=752 mode=5 state=1 player=(816, 1336) pos=(928, 1232) path=12
marked destination touch VisitKey { scene: 272, area: (896, 1216), event_id: 4930, trigger_script: 752, trigger_mode: 5, state: 1 }
learned exit AreaKey { scene: 272, anchor: (768, 1280) } event=4930 -> AreaKey { scene: 272, anchor: (896, 1216) }
area teleport in scene 272 at frame 7570: (832, 1312) -> (912, 1240)
continuing target event=4931 across area (896, 1216) path=0
learned targeted exit AreaKey { scene: 272, anchor: (896, 1216) } event=4931 -> AreaKey { scene: 272, anchor: (960, 1152) }
marked destination touch VisitKey { scene: 272, area: (960, 1152), event_id: 4931, trigger_script: 752, trigger_mode: 5, state: 1 }
learned exit AreaKey { scene: 272, anchor: (896, 1216) } event=4931 -> AreaKey { scene: 272, anchor: (960, 1152) }
area teleport in scene 272 at frame 7579: (912, 1240) -> (976, 1176)
target scene=272 area=(960, 1152) event=4935 script=780 mode=5 state=1 player=(976, 1176) pos=(864, 1280) path=11
marked destination touch VisitKey { scene: 272, area: (832, 1216), event_id: 4934, trigger_script: 780, trigger_mode: 5, state: 1 }
learned exit AreaKey { scene: 272, anchor: (960, 1152) } event=4934 -> AreaKey { scene: 272, anchor: (832, 1216) }
area teleport in scene 272 at frame 7591: (960, 1200) -> (880, 1272)
continuing target event=4935 across area (832, 1216) path=0
learned targeted exit AreaKey { scene: 272, anchor: (832, 1216) } event=4935 -> AreaKey { scene: 272, anchor: (768, 1280) }
marked destination touch VisitKey { scene: 272, area: (768, 1280), event_id: 4935, trigger_script: 780, trigger_mode: 5, state: 1 }
learned exit AreaKey { scene: 272, anchor: (832, 1216) } event=4935 -> AreaKey { scene: 272, anchor: (768, 1280) }
area teleport in scene 272 at frame 7600: (880, 1272) -> (816, 1336)
target scene=272 area=(768, 1280) event=4931 script=752 mode=5 state=1 player=(816, 1336) pos=(928, 1232) path=12
marked destination touch VisitKey { scene: 272, area: (896, 1216), event_id: 4930, trigger_script: 752, trigger_mode: 5, state: 1 }
learned exit AreaKey { scene: 272, anchor: (768, 1280) } event=4930 -> AreaKey { scene: 272, anchor: (896, 1216) }
area teleport in scene 272 at frame 7612: (832, 1312) -> (912, 1240)
continuing target event=4931 across area (896, 1216) path=0
learned targeted exit AreaKey { scene: 272, anchor: (896, 1216) } event=4931 -> AreaKey { scene: 272, anchor: (960, 1152) }
marked destination touch VisitKey { scene: 272, area: (960, 1152), event_id: 4931, trigger_script: 752, trigger_mode: 5, state: 1 }
learned exit AreaKey { scene: 272, anchor: (896, 1216) } event=4931 -> AreaKey { scene: 272, anchor: (960, 1152) }
area teleport in scene 272 at frame 7621: (912, 1240) -> (976, 1176)
target scene=272 area=(960, 1152) event=4935 script=780 mode=5 state=1 player=(976, 1176) pos=(864, 1280) path=11
marked destination touch VisitKey { scene: 272, area: (832, 1216), event_id: 4934, trigger_script: 780, trigger_mode: 5, state: 1 }
learned exit AreaKey { scene: 272, anchor: (960, 1152) } event=4934 -> AreaKey { scene: 272, anchor: (832, 1216) }
area teleport in scene 272 at frame 7633: (960, 1200) -> (880, 1272)
continuing target event=4935 across area (832, 1216) path=0
learned targeted exit AreaKey { scene: 272, anchor: (832, 1216) } event=4935 -> AreaKey { scene: 272, anchor: (768, 1280) }
marked destination touch VisitKey { scene: 272, area: (768, 1280), event_id: 4935, trigger_script: 780, trigger_mode: 5, state: 1 }
learned exit AreaKey { scene: 272, anchor: (832, 1216) } event=4935 -> AreaKey { scene: 272, anchor: (768, 1280) }
area teleport in scene 272 at frame 7642: (880, 1272) -> (816, 1336)
target scene=272 area=(768, 1280) event=4931 script=752 mode=5 state=1 player=(816, 1336) pos=(928, 1232) path=12
marked destination touch VisitKey { scene: 272, area: (896, 1216), event_id: 4930, trigger_script: 752, trigger_mode: 5, state: 1 }
learned exit AreaKey { scene: 272, anchor: (768, 1280) } event=4930 -> AreaKey { scene: 272, anchor: (896, 1216) }
area teleport in scene 272 at frame 7654: (832, 1312) -> (912, 1240)
continuing target event=4931 across area (896, 1216) path=0
learned targeted exit AreaKey { scene: 272, anchor: (896, 1216) } event=4931 -> AreaKey { scene: 272, anchor: (960, 1152) }
marked destination touch VisitKey { scene: 272, area: (960, 1152), event_id: 4931, trigger_script: 752, trigger_mode: 5, state: 1 }
learned exit AreaKey { scene: 272, anchor: (896, 1216) } event=4931 -> AreaKey { scene: 272, anchor: (960, 1152) }
area teleport in scene 272 at frame 7663: (912, 1240) -> (976, 1176)
target scene=272 area=(960, 1152) event=4935 script=780 mode=5 state=1 player=(976, 1176) pos=(864, 1280) path=11
marked destination touch VisitKey { scene: 272, area: (832, 1216), event_id: 4934, trigger_script: 780, trigger_mode: 5, state: 1 }
learned exit AreaKey { scene: 272, anchor: (960, 1152) } event=4934 -> AreaKey { scene: 272, anchor: (832, 1216) }
area teleport in scene 272 at frame 7675: (960, 1200) -> (880, 1272)
continuing target event=4935 across area (832, 1216) path=0
learned targeted exit AreaKey { scene: 272, anchor: (832, 1216) } event=4935 -> AreaKey { scene: 272, anchor: (768, 1280) }
marked destination touch VisitKey { scene: 272, area: (768, 1280), event_id: 4935, trigger_script: 780, trigger_mode: 5, state: 1 }
learned exit AreaKey { scene: 272, anchor: (832, 1216) } event=4935 -> AreaKey { scene: 272, anchor: (768, 1280) }
area teleport in scene 272 at frame 7684: (880, 1272) -> (816, 1336)
target scene=272 area=(768, 1280) event=4931 script=752 mode=5 state=1 player=(816, 1336) pos=(928, 1232) path=12
marked destination touch VisitKey { scene: 272, area: (896, 1216), event_id: 4930, trigger_script: 752, trigger_mode: 5, state: 1 }
learned exit AreaKey { scene: 272, anchor: (768, 1280) } event=4930 -> AreaKey { scene: 272, anchor: (896, 1216) }
area teleport in scene 272 at frame 7696: (832, 1312) -> (912, 1240)
continuing target event=4931 across area (896, 1216) path=0
learned targeted exit AreaKey { scene: 272, anchor: (896, 1216) } event=4931 -> AreaKey { scene: 272, anchor: (960, 1152) }
marked destination touch VisitKey { scene: 272, area: (960, 1152), event_id: 4931, trigger_script: 752, trigger_mode: 5, state: 1 }
learned exit AreaKey { scene: 272, anchor: (896, 1216) } event=4931 -> AreaKey { scene: 272, anchor: (960, 1152) }
area teleport in scene 272 at frame 7705: (912, 1240) -> (976, 1176)
target scene=272 area=(960, 1152) event=4935 script=780 mode=5 state=1 player=(976, 1176) pos=(864, 1280) path=11
marked destination touch VisitKey { scene: 272, area: (832, 1216), event_id: 4934, trigger_script: 780, trigger_mode: 5, state: 1 }
learned exit AreaKey { scene: 272, anchor: (960, 1152) } event=4934 -> AreaKey { scene: 272, anchor: (832, 1216) }
area teleport in scene 272 at frame 7717: (960, 1200) -> (880, 1272)
continuing target event=4935 across area (832, 1216) path=0
learned targeted exit AreaKey { scene: 272, anchor: (832, 1216) } event=4935 -> AreaKey { scene: 272, anchor: (768, 1280) }
marked destination touch VisitKey { scene: 272, area: (768, 1280), event_id: 4935, trigger_script: 780, trigger_mode: 5, state: 1 }
learned exit AreaKey { scene: 272, anchor: (832, 1216) } event=4935 -> AreaKey { scene: 272, anchor: (768, 1280) }
area teleport in scene 272 at frame 7726: (880, 1272) -> (816, 1336)
target scene=272 area=(768, 1280) event=4931 script=752 mode=5 state=1 player=(816, 1336) pos=(928, 1232) path=12
marked destination touch VisitKey { scene: 272, area: (896, 1216), event_id: 4930, trigger_script: 752, trigger_mode: 5, state: 1 }
learned exit AreaKey { scene: 272, anchor: (768, 1280) } event=4930 -> AreaKey { scene: 272, anchor: (896, 1216) }
area teleport in scene 272 at frame 7738: (832, 1312) -> (912, 1240)
continuing target event=4931 across area (896, 1216) path=0
learned targeted exit AreaKey { scene: 272, anchor: (896, 1216) } event=4931 -> AreaKey { scene: 272, anchor: (960, 1152) }
marked destination touch VisitKey { scene: 272, area: (960, 1152), event_id: 4931, trigger_script: 752, trigger_mode: 5, state: 1 }
learned exit AreaKey { scene: 272, anchor: (896, 1216) } event=4931 -> AreaKey { scene: 272, anchor: (960, 1152) }
area teleport in scene 272 at frame 7747: (912, 1240) -> (976, 1176)
target scene=272 area=(960, 1152) event=4935 script=780 mode=5 state=1 player=(976, 1176) pos=(864, 1280) path=11
marked destination touch VisitKey { scene: 272, area: (832, 1216), event_id: 4934, trigger_script: 780, trigger_mode: 5, state: 1 }
learned exit AreaKey { scene: 272, anchor: (960, 1152) } event=4934 -> AreaKey { scene: 272, anchor: (832, 1216) }
area teleport in scene 272 at frame 7759: (960, 1200) -> (880, 1272)
continuing target event=4935 across area (832, 1216) path=0
learned targeted exit AreaKey { scene: 272, anchor: (832, 1216) } event=4935 -> AreaKey { scene: 272, anchor: (768, 1280) }
marked destination touch VisitKey { scene: 272, area: (768, 1280), event_id: 4935, trigger_script: 780, trigger_mode: 5, state: 1 }
learned exit AreaKey { scene: 272, anchor: (832, 1216) } event=4935 -> AreaKey { scene: 272, anchor: (768, 1280) }
area teleport in scene 272 at frame 7768: (880, 1272) -> (816, 1336)
target scene=272 area=(768, 1280) event=4931 script=752 mode=5 state=1 player=(816, 1336) pos=(928, 1232) path=12
marked destination touch VisitKey { scene: 272, area: (896, 1216), event_id: 4930, trigger_script: 752, trigger_mode: 5, state: 1 }
learned exit AreaKey { scene: 272, anchor: (768, 1280) } event=4930 -> AreaKey { scene: 272, anchor: (896, 1216) }
area teleport in scene 272 at frame 7780: (832, 1312) -> (912, 1240)
continuing target event=4931 across area (896, 1216) path=0
learned targeted exit AreaKey { scene: 272, anchor: (896, 1216) } event=4931 -> AreaKey { scene: 272, anchor: (960, 1152) }
marked destination touch VisitKey { scene: 272, area: (960, 1152), event_id: 4931, trigger_script: 752, trigger_mode: 5, state: 1 }
learned exit AreaKey { scene: 272, anchor: (896, 1216) } event=4931 -> AreaKey { scene: 272, anchor: (960, 1152) }
area teleport in scene 272 at frame 7789: (912, 1240) -> (976, 1176)
target scene=272 area=(960, 1152) event=4935 script=780 mode=5 state=1 player=(976, 1176) pos=(864, 1280) path=11
marked destination touch VisitKey { scene: 272, area: (832, 1216), event_id: 4934, trigger_script: 780, trigger_mode: 5, state: 1 }
learned exit AreaKey { scene: 272, anchor: (960, 1152) } event=4934 -> AreaKey { scene: 272, anchor: (832, 1216) }
area teleport in scene 272 at frame 7801: (960, 1200) -> (880, 1272)
continuing target event=4935 across area (832, 1216) path=0
learned targeted exit AreaKey { scene: 272, anchor: (832, 1216) } event=4935 -> AreaKey { scene: 272, anchor: (768, 1280) }
marked destination touch VisitKey { scene: 272, area: (768, 1280), event_id: 4935, trigger_script: 780, trigger_mode: 5, state: 1 }
learned exit AreaKey { scene: 272, anchor: (832, 1216) } event=4935 -> AreaKey { scene: 272, anchor: (768, 1280) }
area teleport in scene 272 at frame 7810: (880, 1272) -> (816, 1336)
target scene=272 area=(768, 1280) event=4931 script=752 mode=5 state=1 player=(816, 1336) pos=(928, 1232) path=12
marked destination touch VisitKey { scene: 272, area: (896, 1216), event_id: 4930, trigger_script: 752, trigger_mode: 5, state: 1 }
learned exit AreaKey { scene: 272, anchor: (768, 1280) } event=4930 -> AreaKey { scene: 272, anchor: (896, 1216) }
area teleport in scene 272 at frame 7822: (832, 1312) -> (912, 1240)
continuing target event=4931 across area (896, 1216) path=0
learned targeted exit AreaKey { scene: 272, anchor: (896, 1216) } event=4931 -> AreaKey { scene: 272, anchor: (960, 1152) }
marked destination touch VisitKey { scene: 272, area: (960, 1152), event_id: 4931, trigger_script: 752, trigger_mode: 5, state: 1 }
learned exit AreaKey { scene: 272, anchor: (896, 1216) } event=4931 -> AreaKey { scene: 272, anchor: (960, 1152) }
area teleport in scene 272 at frame 7831: (912, 1240) -> (976, 1176)
target scene=272 area=(960, 1152) event=4935 script=780 mode=5 state=1 player=(976, 1176) pos=(864, 1280) path=11
marked destination touch VisitKey { scene: 272, area: (832, 1216), event_id: 4934, trigger_script: 780, trigger_mode: 5, state: 1 }
learned exit AreaKey { scene: 272, anchor: (960, 1152) } event=4934 -> AreaKey { scene: 272, anchor: (832, 1216) }
area teleport in scene 272 at frame 7843: (960, 1200) -> (880, 1272)
continuing target event=4935 across area (832, 1216) path=0
learned targeted exit AreaKey { scene: 272, anchor: (832, 1216) } event=4935 -> AreaKey { scene: 272, anchor: (768, 1280) }
marked destination touch VisitKey { scene: 272, area: (768, 1280), event_id: 4935, trigger_script: 780, trigger_mode: 5, state: 1 }
learned exit AreaKey { scene: 272, anchor: (832, 1216) } event=4935 -> AreaKey { scene: 272, anchor: (768, 1280) }
area teleport in scene 272 at frame 7852: (880, 1272) -> (816, 1336)
target scene=272 area=(768, 1280) event=4931 script=752 mode=5 state=1 player=(816, 1336) pos=(928, 1232) path=12
marked destination touch VisitKey { scene: 272, area: (896, 1216), event_id: 4930, trigger_script: 752, trigger_mode: 5, state: 1 }
learned exit AreaKey { scene: 272, anchor: (768, 1280) } event=4930 -> AreaKey { scene: 272, anchor: (896, 1216) }
area teleport in scene 272 at frame 7864: (832, 1312) -> (912, 1240)
continuing target event=4931 across area (896, 1216) path=0
learned targeted exit AreaKey { scene: 272, anchor: (896, 1216) } event=4931 -> AreaKey { scene: 272, anchor: (960, 1152) }
marked destination touch VisitKey { scene: 272, area: (960, 1152), event_id: 4931, trigger_script: 752, trigger_mode: 5, state: 1 }
learned exit AreaKey { scene: 272, anchor: (896, 1216) } event=4931 -> AreaKey { scene: 272, anchor: (960, 1152) }
area teleport in scene 272 at frame 7873: (912, 1240) -> (976, 1176)
target scene=272 area=(960, 1152) event=4935 script=780 mode=5 state=1 player=(976, 1176) pos=(864, 1280) path=11
marked destination touch VisitKey { scene: 272, area: (832, 1216), event_id: 4934, trigger_script: 780, trigger_mode: 5, state: 1 }
learned exit AreaKey { scene: 272, anchor: (960, 1152) } event=4934 -> AreaKey { scene: 272, anchor: (832, 1216) }
area teleport in scene 272 at frame 7885: (960, 1200) -> (880, 1272)
continuing target event=4935 across area (832, 1216) path=0
learned targeted exit AreaKey { scene: 272, anchor: (832, 1216) } event=4935 -> AreaKey { scene: 272, anchor: (768, 1280) }
marked destination touch VisitKey { scene: 272, area: (768, 1280), event_id: 4935, trigger_script: 780, trigger_mode: 5, state: 1 }
learned exit AreaKey { scene: 272, anchor: (832, 1216) } event=4935 -> AreaKey { scene: 272, anchor: (768, 1280) }
area teleport in scene 272 at frame 7894: (880, 1272) -> (816, 1336)
target scene=272 area=(768, 1280) event=4931 script=752 mode=5 state=1 player=(816, 1336) pos=(928, 1232) path=12
marked destination touch VisitKey { scene: 272, area: (896, 1216), event_id: 4930, trigger_script: 752, trigger_mode: 5, state: 1 }
learned exit AreaKey { scene: 272, anchor: (768, 1280) } event=4930 -> AreaKey { scene: 272, anchor: (896, 1216) }
area teleport in scene 272 at frame 7906: (832, 1312) -> (912, 1240)
continuing target event=4931 across area (896, 1216) path=0
learned targeted exit AreaKey { scene: 272, anchor: (896, 1216) } event=4931 -> AreaKey { scene: 272, anchor: (960, 1152) }
marked destination touch VisitKey { scene: 272, area: (960, 1152), event_id: 4931, trigger_script: 752, trigger_mode: 5, state: 1 }
learned exit AreaKey { scene: 272, anchor: (896, 1216) } event=4931 -> AreaKey { scene: 272, anchor: (960, 1152) }
area teleport in scene 272 at frame 7915: (912, 1240) -> (976, 1176)
target scene=272 area=(960, 1152) event=4935 script=780 mode=5 state=1 player=(976, 1176) pos=(864, 1280) path=11
marked destination touch VisitKey { scene: 272, area: (832, 1216), event_id: 4934, trigger_script: 780, trigger_mode: 5, state: 1 }
learned exit AreaKey { scene: 272, anchor: (960, 1152) } event=4934 -> AreaKey { scene: 272, anchor: (832, 1216) }
area teleport in scene 272 at frame 7927: (960, 1200) -> (880, 1272)
continuing target event=4935 across area (832, 1216) path=0
learned targeted exit AreaKey { scene: 272, anchor: (832, 1216) } event=4935 -> AreaKey { scene: 272, anchor: (768, 1280) }
marked destination touch VisitKey { scene: 272, area: (768, 1280), event_id: 4935, trigger_script: 780, trigger_mode: 5, state: 1 }
learned exit AreaKey { scene: 272, anchor: (832, 1216) } event=4935 -> AreaKey { scene: 272, anchor: (768, 1280) }
area teleport in scene 272 at frame 7936: (880, 1272) -> (816, 1336)
target scene=272 area=(768, 1280) event=4931 script=752 mode=5 state=1 player=(816, 1336) pos=(928, 1232) path=12
marked destination touch VisitKey { scene: 272, area: (896, 1216), event_id: 4930, trigger_script: 752, trigger_mode: 5, state: 1 }
learned exit AreaKey { scene: 272, anchor: (768, 1280) } event=4930 -> AreaKey { scene: 272, anchor: (896, 1216) }
area teleport in scene 272 at frame 7948: (832, 1312) -> (912, 1240)
continuing target event=4931 across area (896, 1216) path=0
learned targeted exit AreaKey { scene: 272, anchor: (896, 1216) } event=4931 -> AreaKey { scene: 272, anchor: (960, 1152) }
marked destination touch VisitKey { scene: 272, area: (960, 1152), event_id: 4931, trigger_script: 752, trigger_mode: 5, state: 1 }
learned exit AreaKey { scene: 272, anchor: (896, 1216) } event=4931 -> AreaKey { scene: 272, anchor: (960, 1152) }
area teleport in scene 272 at frame 7957: (912, 1240) -> (976, 1176)
target scene=272 area=(960, 1152) event=4935 script=780 mode=5 state=1 player=(976, 1176) pos=(864, 1280) path=11
marked destination touch VisitKey { scene: 272, area: (832, 1216), event_id: 4934, trigger_script: 780, trigger_mode: 5, state: 1 }
learned exit AreaKey { scene: 272, anchor: (960, 1152) } event=4934 -> AreaKey { scene: 272, anchor: (832, 1216) }
area teleport in scene 272 at frame 7969: (960, 1200) -> (880, 1272)
continuing target event=4935 across area (832, 1216) path=0
learned targeted exit AreaKey { scene: 272, anchor: (832, 1216) } event=4935 -> AreaKey { scene: 272, anchor: (768, 1280) }
marked destination touch VisitKey { scene: 272, area: (768, 1280), event_id: 4935, trigger_script: 780, trigger_mode: 5, state: 1 }
learned exit AreaKey { scene: 272, anchor: (832, 1216) } event=4935 -> AreaKey { scene: 272, anchor: (768, 1280) }
area teleport in scene 272 at frame 7978: (880, 1272) -> (816, 1336)
target scene=272 area=(768, 1280) event=4931 script=752 mode=5 state=1 player=(816, 1336) pos=(928, 1232) path=12
marked destination touch VisitKey { scene: 272, area: (896, 1216), event_id: 4930, trigger_script: 752, trigger_mode: 5, state: 1 }
learned exit AreaKey { scene: 272, anchor: (768, 1280) } event=4930 -> AreaKey { scene: 272, anchor: (896, 1216) }
area teleport in scene 272 at frame 7990: (832, 1312) -> (912, 1240)
continuing target event=4931 across area (896, 1216) path=0
learned targeted exit AreaKey { scene: 272, anchor: (896, 1216) } event=4931 -> AreaKey { scene: 272, anchor: (960, 1152) }
marked destination touch VisitKey { scene: 272, area: (960, 1152), event_id: 4931, trigger_script: 752, trigger_mode: 5, state: 1 }
learned exit AreaKey { scene: 272, anchor: (896, 1216) } event=4931 -> AreaKey { scene: 272, anchor: (960, 1152) }
area teleport in scene 272 at frame 7999: (912, 1240) -> (976, 1176)
target scene=272 area=(960, 1152) event=4935 script=780 mode=5 state=1 player=(976, 1176) pos=(864, 1280) path=11
marked destination touch VisitKey { scene: 272, area: (832, 1216), event_id: 4934, trigger_script: 780, trigger_mode: 5, state: 1 }
learned exit AreaKey { scene: 272, anchor: (960, 1152) } event=4934 -> AreaKey { scene: 272, anchor: (832, 1216) }
area teleport in scene 272 at frame 8011: (960, 1200) -> (880, 1272)
continuing target event=4935 across area (832, 1216) path=0
escaping closed scene loop through event=4922 script=38161 destination=Some(265)
learned exit AreaKey { scene: 272, anchor: (832, 1216) } event=4935 -> AreaKey { scene: 265, anchor: (160, 112) }
scene 272 -> 265 at frame 8011 position (1584, 1064)
target scene=265 area=(160, 112) event=4854 script=993 mode=5 state=1 player=(1744, 1176) pos=(848, 1160) path=73
marked destination touch VisitKey { scene: 265, area: (832, 1088), event_id: 4850, trigger_script: 1023, trigger_mode: 7, state: 1 }
learned exit AreaKey { scene: 265, anchor: (160, 112) } event=4850 -> AreaKey { scene: 265, anchor: (832, 1088) }
area teleport in scene 265 at frame 8091: (720, 1224) -> (848, 1112)
continuing target event=4854 across area (832, 1088) path=4
learned targeted exit AreaKey { scene: 265, anchor: (832, 1088) } event=4854 -> AreaKey { scene: 265, anchor: (704, 1216) }
marked destination touch VisitKey { scene: 265, area: (704, 1216), event_id: 4854, trigger_script: 993, trigger_mode: 5, state: 1 }
learned exit AreaKey { scene: 265, anchor: (832, 1088) } event=4854 -> AreaKey { scene: 265, anchor: (704, 1216) }
area teleport in scene 265 at frame 8109: (848, 1144) -> (736, 1248)
target scene=265 area=(704, 1216) event=4851 script=1023 mode=5 state=1 player=(736, 1248) pos=(784, 1240) path=1
learned targeted exit AreaKey { scene: 265, anchor: (704, 1216) } event=4851 -> AreaKey { scene: 265, anchor: (832, 1088) }
marked destination touch VisitKey { scene: 265, area: (832, 1088), event_id: 4851, trigger_script: 1023, trigger_mode: 5, state: 1 }
learned exit AreaKey { scene: 265, anchor: (704, 1216) } event=4851 -> AreaKey { scene: 265, anchor: (832, 1088) }
area teleport in scene 265 at frame 8124: (752, 1240) -> (864, 1136)
target scene=265 area=(832, 1088) event=4853 script=993 mode=7 state=1 player=(864, 1136) pos=(720, 1128) path=3
learned targeted exit AreaKey { scene: 265, anchor: (832, 1088) } event=4853 -> AreaKey { scene: 265, anchor: (704, 1216) }
marked destination touch VisitKey { scene: 265, area: (704, 1216), event_id: 4853, trigger_script: 993, trigger_mode: 7, state: 1 }
learned exit AreaKey { scene: 265, anchor: (832, 1088) } event=4853 -> AreaKey { scene: 265, anchor: (704, 1216) }
area teleport in scene 265 at frame 8141: (816, 1128) -> (704, 1232)
target scene=265 area=(704, 1216) event=4850 script=1023 mode=7 state=1 player=(704, 1232) pos=(720, 1176) path=1
learned targeted exit AreaKey { scene: 265, anchor: (704, 1216) } event=4850 -> AreaKey { scene: 265, anchor: (832, 1088) }
marked destination touch VisitKey { scene: 265, area: (832, 1088), event_id: 4850, trigger_script: 1023, trigger_mode: 7, state: 1 }
learned exit AreaKey { scene: 265, anchor: (704, 1216) } event=4850 -> AreaKey { scene: 265, anchor: (832, 1088) }
area teleport in scene 265 at frame 8156: (720, 1224) -> (832, 1120)
target scene=265 area=(832, 1088) event=4847 script=1032 mode=6 state=1 player=(832, 1120) pos=(864, 1040) path=6
learned targeted exit AreaKey { scene: 265, anchor: (832, 1088) } event=4847 -> AreaKey { scene: 265, anchor: (896, 960) }
marked destination touch VisitKey { scene: 265, area: (896, 960), event_id: 4847, trigger_script: 1032, trigger_mode: 6, state: 1 }
learned exit AreaKey { scene: 265, anchor: (832, 1088) } event=4847 -> AreaKey { scene: 265, anchor: (896, 960) }
area teleport in scene 265 at frame 8172: (864, 1072) -> (944, 1000)
target scene=265 area=(896, 960) event=4848 script=1002 mode=6 state=1 player=(944, 1000) pos=(848, 1016) path=2
learned targeted exit AreaKey { scene: 265, anchor: (896, 960) } event=4848 -> AreaKey { scene: 265, anchor: (832, 1088) }
marked destination touch VisitKey { scene: 265, area: (832, 1088), event_id: 4848, trigger_script: 1002, trigger_mode: 6, state: 1 }
learned exit AreaKey { scene: 265, anchor: (896, 960) } event=4848 -> AreaKey { scene: 265, anchor: (832, 1088) }
area teleport in scene 265 at frame 8184: (912, 1016) -> (832, 1088)
target scene=265 area=(832, 1088) event=4852 script=993 mode=5 state=1 player=(832, 1088) pos=(672, 1072) path=8
learned targeted exit AreaKey { scene: 265, anchor: (832, 1088) } event=4852 -> AreaKey { scene: 265, anchor: (576, 1152) }
marked destination touch VisitKey { scene: 265, area: (576, 1152), event_id: 4852, trigger_script: 993, trigger_mode: 5, state: 1 }
learned exit AreaKey { scene: 265, anchor: (832, 1088) } event=4852 -> AreaKey { scene: 265, anchor: (576, 1152) }
area teleport in scene 265 at frame 8206: (704, 1072) -> (592, 1176)
target scene=265 area=(576, 1152) event=4849 script=1023 mode=5 state=1 player=(592, 1176) pos=(608, 1152) path=1
learned targeted exit AreaKey { scene: 265, anchor: (576, 1152) } event=4849 -> AreaKey { scene: 265, anchor: (704, 1024) }
marked destination touch VisitKey { scene: 265, area: (704, 1024), event_id: 4849, trigger_script: 1023, trigger_mode: 5, state: 1 }
learned exit AreaKey { scene: 265, anchor: (576, 1152) } event=4849 -> AreaKey { scene: 265, anchor: (704, 1024) }
area teleport in scene 265 at frame 8221: (608, 1168) -> (720, 1064)
target scene=265 area=(704, 1024) event=4852 script=993 mode=5 state=1 player=(720, 1064) pos=(672, 1072) path=1
learned targeted exit AreaKey { scene: 265, anchor: (704, 1024) } event=4852 -> AreaKey { scene: 265, anchor: (576, 1152) }
marked destination touch VisitKey { scene: 265, area: (576, 1152), event_id: 4852, trigger_script: 993, trigger_mode: 5, state: 1 }
learned exit AreaKey { scene: 265, anchor: (704, 1024) } event=4852 -> AreaKey { scene: 265, anchor: (576, 1152) }
area teleport in scene 265 at frame 8236: (704, 1072) -> (592, 1176)
target scene=265 area=(576, 1152) event=4850 script=1023 mode=7 state=1 player=(592, 1176) pos=(720, 1176) path=3
learned targeted exit AreaKey { scene: 265, anchor: (576, 1152) } event=4850 -> AreaKey { scene: 265, anchor: (704, 1024) }
marked destination touch VisitKey { scene: 265, area: (704, 1024), event_id: 4850, trigger_script: 1023, trigger_mode: 7, state: 1 }
learned exit AreaKey { scene: 265, anchor: (576, 1152) } event=4850 -> AreaKey { scene: 265, anchor: (704, 1024) }
area teleport in scene 265 at frame 8253: (640, 1184) -> (752, 1080)
target scene=265 area=(704, 1024) event=4853 script=993 mode=7 state=1 player=(752, 1080) pos=(720, 1128) path=1
learned targeted exit AreaKey { scene: 265, anchor: (704, 1024) } event=4853 -> AreaKey { scene: 265, anchor: (576, 1152) }
marked destination touch VisitKey { scene: 265, area: (576, 1152), event_id: 4853, trigger_script: 993, trigger_mode: 7, state: 1 }
learned exit AreaKey { scene: 265, anchor: (704, 1024) } event=4853 -> AreaKey { scene: 265, anchor: (576, 1152) }
area teleport in scene 265 at frame 8268: (736, 1088) -> (624, 1192)
target scene=265 area=(576, 1152) event=4851 script=1023 mode=5 state=1 player=(624, 1192) pos=(784, 1240) path=8
learned targeted exit AreaKey { scene: 265, anchor: (576, 1152) } event=4851 -> AreaKey { scene: 265, anchor: (832, 1088) }
marked destination touch VisitKey { scene: 265, area: (832, 1088), event_id: 4851, trigger_script: 1023, trigger_mode: 5, state: 1 }
learned exit AreaKey { scene: 265, anchor: (576, 1152) } event=4851 -> AreaKey { scene: 265, anchor: (832, 1088) }
area teleport in scene 265 at frame 8290: (752, 1240) -> (864, 1136)
target scene=265 area=(832, 1088) event=4849 script=1023 mode=5 state=1 player=(864, 1136) pos=(608, 1152) path=14
marked destination touch VisitKey { scene: 265, area: (704, 1216), event_id: 4854, trigger_script: 993, trigger_mode: 5, state: 1 }
learned exit AreaKey { scene: 265, anchor: (832, 1088) } event=4854 -> AreaKey { scene: 265, anchor: (704, 1216) }
area teleport in scene 265 at frame 8305: (848, 1144) -> (720, 1256)
continuing target event=4849 across area (704, 1216) path=11
learned targeted exit AreaKey { scene: 265, anchor: (704, 1216) } event=4849 -> AreaKey { scene: 265, anchor: (704, 1024) }
marked destination touch VisitKey { scene: 265, area: (704, 1024), event_id: 4849, trigger_script: 1023, trigger_mode: 5, state: 1 }
learned exit AreaKey { scene: 265, anchor: (704, 1216) } event=4849 -> AreaKey { scene: 265, anchor: (704, 1024) }
area teleport in scene 265 at frame 8330: (608, 1168) -> (720, 1064)
target scene=265 area=(704, 1024) event=4847 script=1032 mode=6 state=1 player=(720, 1064) pos=(864, 1040) path=5
learned targeted exit AreaKey { scene: 265, anchor: (704, 1024) } event=4847 -> AreaKey { scene: 265, anchor: (832, 960) }
marked destination touch VisitKey { scene: 265, area: (832, 960), event_id: 4847, trigger_script: 1032, trigger_mode: 6, state: 1 }
learned exit AreaKey { scene: 265, anchor: (704, 1024) } event=4847 -> AreaKey { scene: 265, anchor: (832, 960) }
area teleport in scene 265 at frame 8345: (800, 1040) -> (880, 968)
target scene=265 area=(832, 960) event=4848 script=1002 mode=6 state=1 player=(880, 968) pos=(848, 1016) path=2
learned targeted exit AreaKey { scene: 265, anchor: (832, 960) } event=4848 -> AreaKey { scene: 265, anchor: (768, 1024) }
marked destination touch VisitKey { scene: 265, area: (768, 1024), event_id: 4848, trigger_script: 1002, trigger_mode: 6, state: 1 }
learned exit AreaKey { scene: 265, anchor: (832, 960) } event=4848 -> AreaKey { scene: 265, anchor: (768, 1024) }
area teleport in scene 265 at frame 8357: (848, 984) -> (768, 1056)
target scene=265 area=(768, 1024) event=4847 script=1032 mode=6 state=1 player=(768, 1056) pos=(864, 1040) path=2
learned targeted exit AreaKey { scene: 265, anchor: (768, 1024) } event=4847 -> AreaKey { scene: 265, anchor: (832, 960) }
marked destination touch VisitKey { scene: 265, area: (832, 960), event_id: 4847, trigger_script: 1032, trigger_mode: 6, state: 1 }
learned exit AreaKey { scene: 265, anchor: (768, 1024) } event=4847 -> AreaKey { scene: 265, anchor: (832, 960) }
area teleport in scene 265 at frame 8369: (800, 1040) -> (880, 968)
target scene=265 area=(832, 960) event=4845 script=1041 mode=5 state=1 player=(880, 968) pos=(960, 928) path=4
forcing unreached touch target scene=265 event=4845 script=1041 player=(992, 896) pos=(960, 928)
running forced event=4845 script=1041 destination=None
target scene=265 area=(832, 960) event=4843 script=38299 mode=5 state=1 player=(1040, 856) pos=(1088, 848) path=1
learned targeted exit AreaKey { scene: 265, anchor: (832, 960) } event=4843 -> AreaKey { scene: 265, anchor: (1088, 768) }
marked destination touch VisitKey { scene: 265, area: (1088, 768), event_id: 4843, trigger_script: 38299, trigger_mode: 5, state: 1 }
learned exit AreaKey { scene: 265, anchor: (832, 960) } event=4843 -> AreaKey { scene: 265, anchor: (1088, 768) }
area teleport in scene 265 at frame 8399: (1056, 848) -> (1136, 776)
target scene=265 area=(1088, 768) event=4844 script=38303 mode=5 state=1 player=(1136, 776) pos=(1104, 792) path=1
learned targeted exit AreaKey { scene: 265, anchor: (1088, 768) } event=4844 -> AreaKey { scene: 265, anchor: (1024, 832) }
marked destination touch VisitKey { scene: 265, area: (1024, 832), event_id: 4844, trigger_script: 38303, trigger_mode: 5, state: 1 }
learned exit AreaKey { scene: 265, anchor: (1088, 768) } event=4844 -> AreaKey { scene: 265, anchor: (1024, 832) }
area teleport in scene 265 at frame 8410: (1120, 784) -> (1056, 864)
target scene=265 area=(1024, 832) event=4843 script=38299 mode=5 state=1 player=(1056, 864) pos=(1088, 848) path=1
learned targeted exit AreaKey { scene: 265, anchor: (1024, 832) } event=4843 -> AreaKey { scene: 265, anchor: (1088, 768) }
marked destination touch VisitKey { scene: 265, area: (1088, 768), event_id: 4843, trigger_script: 38299, trigger_mode: 5, state: 1 }
learned exit AreaKey { scene: 265, anchor: (1024, 832) } event=4843 -> AreaKey { scene: 265, anchor: (1088, 768) }
area teleport in scene 265 at frame 8421: (1072, 856) -> (1136, 776)
target scene=265 area=(1088, 768) event=4846 script=1011 mode=5 state=1 player=(1136, 776) pos=(960, 912) path=15
marked destination touch VisitKey { scene: 265, area: (1024, 832), event_id: 4844, trigger_script: 38303, trigger_mode: 5, state: 1 }
learned exit AreaKey { scene: 265, anchor: (1088, 768) } event=4844 -> AreaKey { scene: 265, anchor: (1024, 832) }
area teleport in scene 265 at frame 8433: (1136, 792) -> (1040, 872)
continuing target event=4846 across area (1024, 832) path=4
forcing unreached touch target scene=265 event=4846 script=1011 player=(928, 944) pos=(960, 912)
running forced event=4846 script=1011 destination=None
target scene=265 area=(1024, 832) event=4847 script=1032 mode=6 state=1 player=(880, 984) pos=(864, 1040) path=3
marked destination touch VisitKey { scene: 265, area: (768, 1024), event_id: 4847, trigger_script: 1032, trigger_mode: 6, state: 1 }
learned exit AreaKey { scene: 265, anchor: (1024, 832) } event=4847 -> AreaKey { scene: 265, anchor: (768, 1024) }
area teleport in scene 265 at frame 8464: (880, 1000) -> (784, 1080)
continuing target event=4847 across area (768, 1024) path=3
learned targeted exit AreaKey { scene: 265, anchor: (768, 1024) } event=4847 -> AreaKey { scene: 265, anchor: (896, 960) }
marked destination touch VisitKey { scene: 265, area: (896, 960), event_id: 4847, trigger_script: 1032, trigger_mode: 6, state: 1 }
learned exit AreaKey { scene: 265, anchor: (768, 1024) } event=4847 -> AreaKey { scene: 265, anchor: (896, 960) }
area teleport in scene 265 at frame 8477: (832, 1056) -> (912, 984)
target scene=265 area=(896, 960) event=4846 script=1011 mode=5 state=1 player=(912, 984) pos=(960, 912) path=7
forcing unreached touch target scene=265 event=4846 script=1011 player=(1008, 888) pos=(960, 912)
running forced event=4846 script=1011 destination=None
target scene=265 area=(896, 960) event=4843 script=38299 mode=5 state=1 player=(960, 928) pos=(1088, 848) path=9
marked destination touch VisitKey { scene: 265, area: (1024, 832), event_id: 4845, trigger_script: 1041, trigger_mode: 5, state: 1 }
learned exit AreaKey { scene: 265, anchor: (896, 960) } event=4845 -> AreaKey { scene: 265, anchor: (1024, 832) }
area teleport in scene 265 at frame 8505: (960, 928) -> (1024, 880)
continuing target event=4843 across area (1024, 832) path=3
learned targeted exit AreaKey { scene: 265, anchor: (1024, 832) } event=4843 -> AreaKey { scene: 265, anchor: (1088, 768) }
marked destination touch VisitKey { scene: 265, area: (1088, 768), event_id: 4843, trigger_script: 38299, trigger_mode: 5, state: 1 }
learned exit AreaKey { scene: 265, anchor: (1024, 832) } event=4843 -> AreaKey { scene: 265, anchor: (1088, 768) }
area teleport in scene 265 at frame 8518: (1072, 856) -> (1136, 776)
target scene=265 area=(1088, 768) event=4846 script=1011 mode=5 state=1 player=(1136, 776) pos=(960, 912) path=15
marked destination touch VisitKey { scene: 265, area: (1024, 832), event_id: 4844, trigger_script: 38303, trigger_mode: 5, state: 1 }
learned exit AreaKey { scene: 265, anchor: (1088, 768) } event=4844 -> AreaKey { scene: 265, anchor: (1024, 832) }
area teleport in scene 265 at frame 8530: (1136, 792) -> (1040, 872)
continuing target event=4846 across area (1024, 832) path=4
forcing unreached touch target scene=265 event=4846 script=1011 player=(928, 944) pos=(960, 912)
running forced event=4846 script=1011 destination=None
target scene=265 area=(1024, 832) event=4852 script=993 mode=5 state=1 player=(880, 984) pos=(672, 1072) path=11
marked destination touch VisitKey { scene: 265, area: (768, 1024), event_id: 4848, trigger_script: 1002, trigger_mode: 6, state: 1 }
learned exit AreaKey { scene: 265, anchor: (1024, 832) } event=4848 -> AreaKey { scene: 265, anchor: (768, 1024) }
area teleport in scene 265 at frame 8560: (864, 992) -> (768, 1072)
continuing target event=4852 across area (768, 1024) path=4
marked destination touch VisitKey { scene: 265, area: (576, 1152), event_id: 4853, trigger_script: 993, trigger_mode: 7, state: 1 }
learned exit AreaKey { scene: 265, anchor: (768, 1024) } event=4853 -> AreaKey { scene: 265, anchor: (576, 1152) }
area teleport in scene 265 at frame 8576: (736, 1088) -> (608, 1184)
target scene=265 area=(576, 1152) event=4854 script=993 mode=5 state=1 player=(608, 1184) pos=(848, 1160) path=13
marked destination touch VisitKey { scene: 265, area: (768, 1024), event_id: 4850, trigger_script: 1023, trigger_mode: 7, state: 1 }
learned exit AreaKey { scene: 265, anchor: (576, 1152) } event=4850 -> AreaKey { scene: 265, anchor: (768, 1024) }
area teleport in scene 265 at frame 8592: (640, 1184) -> (768, 1072)
continuing target event=4854 across area (768, 1024) path=9
learned targeted exit AreaKey { scene: 265, anchor: (768, 1024) } event=4854 -> AreaKey { scene: 265, anchor: (704, 1216) }
marked destination touch VisitKey { scene: 265, area: (704, 1216), event_id: 4854, trigger_script: 993, trigger_mode: 5, state: 1 }
learned exit AreaKey { scene: 265, anchor: (768, 1024) } event=4854 -> AreaKey { scene: 265, anchor: (704, 1216) }
area teleport in scene 265 at frame 8615: (848, 1144) -> (736, 1248)
target scene=265 area=(704, 1216) event=4852 script=993 mode=5 state=1 player=(736, 1248) pos=(672, 1072) path=20
marked destination touch VisitKey { scene: 265, area: (832, 1088), event_id: 4851, trigger_script: 1023, trigger_mode: 5, state: 1 }
learned exit AreaKey { scene: 265, anchor: (704, 1216) } event=4851 -> AreaKey { scene: 265, anchor: (832, 1088) }
area teleport in scene 265 at frame 8630: (752, 1240) -> (880, 1128)
continuing target event=4852 across area (832, 1088) path=11
learned targeted exit AreaKey { scene: 265, anchor: (832, 1088) } event=4852 -> AreaKey { scene: 265, anchor: (576, 1152) }
marked destination touch VisitKey { scene: 265, area: (576, 1152), event_id: 4852, trigger_script: 993, trigger_mode: 5, state: 1 }
learned exit AreaKey { scene: 265, anchor: (832, 1088) } event=4852 -> AreaKey { scene: 265, anchor: (576, 1152) }
area teleport in scene 265 at frame 8655: (704, 1072) -> (592, 1176)
target scene=265 area=(576, 1152) event=4854 script=993 mode=5 state=1 player=(592, 1176) pos=(848, 1160) path=14
marked destination touch VisitKey { scene: 265, area: (704, 1024), event_id: 4849, trigger_script: 1023, trigger_mode: 5, state: 1 }
learned exit AreaKey { scene: 265, anchor: (576, 1152) } event=4849 -> AreaKey { scene: 265, anchor: (704, 1024) }
area teleport in scene 265 at frame 8670: (608, 1168) -> (736, 1056)
continuing target event=4854 across area (704, 1024) path=11
learned targeted exit AreaKey { scene: 265, anchor: (704, 1024) } event=4854 -> AreaKey { scene: 265, anchor: (704, 1216) }
marked destination touch VisitKey { scene: 265, area: (704, 1216), event_id: 4854, trigger_script: 993, trigger_mode: 5, state: 1 }
learned exit AreaKey { scene: 265, anchor: (704, 1024) } event=4854 -> AreaKey { scene: 265, anchor: (704, 1216) }
area teleport in scene 265 at frame 8695: (848, 1144) -> (736, 1248)
target scene=265 area=(704, 1216) event=4852 script=993 mode=5 state=1 player=(736, 1248) pos=(672, 1072) path=20
marked destination touch VisitKey { scene: 265, area: (832, 1088), event_id: 4851, trigger_script: 1023, trigger_mode: 5, state: 1 }
learned exit AreaKey { scene: 265, anchor: (704, 1216) } event=4851 -> AreaKey { scene: 265, anchor: (832, 1088) }
area teleport in scene 265 at frame 8710: (752, 1240) -> (880, 1128)
continuing target event=4852 across area (832, 1088) path=11
learned targeted exit AreaKey { scene: 265, anchor: (832, 1088) } event=4852 -> AreaKey { scene: 265, anchor: (576, 1152) }
marked destination touch VisitKey { scene: 265, area: (576, 1152), event_id: 4852, trigger_script: 993, trigger_mode: 5, state: 1 }
learned exit AreaKey { scene: 265, anchor: (832, 1088) } event=4852 -> AreaKey { scene: 265, anchor: (576, 1152) }
area teleport in scene 265 at frame 8735: (704, 1072) -> (592, 1176)
target scene=265 area=(576, 1152) event=4854 script=993 mode=5 state=1 player=(592, 1176) pos=(848, 1160) path=14
marked destination touch VisitKey { scene: 265, area: (704, 1024), event_id: 4849, trigger_script: 1023, trigger_mode: 5, state: 1 }
learned exit AreaKey { scene: 265, anchor: (576, 1152) } event=4849 -> AreaKey { scene: 265, anchor: (704, 1024) }
area teleport in scene 265 at frame 8750: (608, 1168) -> (736, 1056)
continuing target event=4854 across area (704, 1024) path=11
learned targeted exit AreaKey { scene: 265, anchor: (704, 1024) } event=4854 -> AreaKey { scene: 265, anchor: (704, 1216) }
marked destination touch VisitKey { scene: 265, area: (704, 1216), event_id: 4854, trigger_script: 993, trigger_mode: 5, state: 1 }
learned exit AreaKey { scene: 265, anchor: (704, 1024) } event=4854 -> AreaKey { scene: 265, anchor: (704, 1216) }
area teleport in scene 265 at frame 8775: (848, 1144) -> (736, 1248)
target scene=265 area=(704, 1216) event=4852 script=993 mode=5 state=1 player=(736, 1248) pos=(672, 1072) path=20
marked destination touch VisitKey { scene: 265, area: (832, 1088), event_id: 4851, trigger_script: 1023, trigger_mode: 5, state: 1 }
learned exit AreaKey { scene: 265, anchor: (704, 1216) } event=4851 -> AreaKey { scene: 265, anchor: (832, 1088) }
area teleport in scene 265 at frame 8790: (752, 1240) -> (880, 1128)
continuing target event=4852 across area (832, 1088) path=11
learned targeted exit AreaKey { scene: 265, anchor: (832, 1088) } event=4852 -> AreaKey { scene: 265, anchor: (576, 1152) }
marked destination touch VisitKey { scene: 265, area: (576, 1152), event_id: 4852, trigger_script: 993, trigger_mode: 5, state: 1 }
learned exit AreaKey { scene: 265, anchor: (832, 1088) } event=4852 -> AreaKey { scene: 265, anchor: (576, 1152) }
area teleport in scene 265 at frame 8815: (704, 1072) -> (592, 1176)
target scene=265 area=(576, 1152) event=4854 script=993 mode=5 state=1 player=(592, 1176) pos=(848, 1160) path=14
marked destination touch VisitKey { scene: 265, area: (704, 1024), event_id: 4849, trigger_script: 1023, trigger_mode: 5, state: 1 }
learned exit AreaKey { scene: 265, anchor: (576, 1152) } event=4849 -> AreaKey { scene: 265, anchor: (704, 1024) }
area teleport in scene 265 at frame 8830: (608, 1168) -> (736, 1056)
continuing target event=4854 across area (704, 1024) path=11
learned targeted exit AreaKey { scene: 265, anchor: (704, 1024) } event=4854 -> AreaKey { scene: 265, anchor: (704, 1216) }
marked destination touch VisitKey { scene: 265, area: (704, 1216), event_id: 4854, trigger_script: 993, trigger_mode: 5, state: 1 }
learned exit AreaKey { scene: 265, anchor: (704, 1024) } event=4854 -> AreaKey { scene: 265, anchor: (704, 1216) }
area teleport in scene 265 at frame 8855: (848, 1144) -> (736, 1248)
target scene=265 area=(704, 1216) event=4852 script=993 mode=5 state=1 player=(736, 1248) pos=(672, 1072) path=20
marked destination touch VisitKey { scene: 265, area: (832, 1088), event_id: 4851, trigger_script: 1023, trigger_mode: 5, state: 1 }
learned exit AreaKey { scene: 265, anchor: (704, 1216) } event=4851 -> AreaKey { scene: 265, anchor: (832, 1088) }
area teleport in scene 265 at frame 8870: (752, 1240) -> (880, 1128)
continuing target event=4852 across area (832, 1088) path=11
learned targeted exit AreaKey { scene: 265, anchor: (832, 1088) } event=4852 -> AreaKey { scene: 265, anchor: (576, 1152) }
marked destination touch VisitKey { scene: 265, area: (576, 1152), event_id: 4852, trigger_script: 993, trigger_mode: 5, state: 1 }
learned exit AreaKey { scene: 265, anchor: (832, 1088) } event=4852 -> AreaKey { scene: 265, anchor: (576, 1152) }
area teleport in scene 265 at frame 8895: (704, 1072) -> (592, 1176)
target scene=265 area=(576, 1152) event=4854 script=993 mode=5 state=1 player=(592, 1176) pos=(848, 1160) path=14
marked destination touch VisitKey { scene: 265, area: (704, 1024), event_id: 4849, trigger_script: 1023, trigger_mode: 5, state: 1 }
learned exit AreaKey { scene: 265, anchor: (576, 1152) } event=4849 -> AreaKey { scene: 265, anchor: (704, 1024) }
area teleport in scene 265 at frame 8910: (608, 1168) -> (736, 1056)
continuing target event=4854 across area (704, 1024) path=11
learned targeted exit AreaKey { scene: 265, anchor: (704, 1024) } event=4854 -> AreaKey { scene: 265, anchor: (704, 1216) }
marked destination touch VisitKey { scene: 265, area: (704, 1216), event_id: 4854, trigger_script: 993, trigger_mode: 5, state: 1 }
learned exit AreaKey { scene: 265, anchor: (704, 1024) } event=4854 -> AreaKey { scene: 265, anchor: (704, 1216) }
area teleport in scene 265 at frame 8935: (848, 1144) -> (736, 1248)
target scene=265 area=(704, 1216) event=4852 script=993 mode=5 state=1 player=(736, 1248) pos=(672, 1072) path=20
marked destination touch VisitKey { scene: 265, area: (832, 1088), event_id: 4851, trigger_script: 1023, trigger_mode: 5, state: 1 }
learned exit AreaKey { scene: 265, anchor: (704, 1216) } event=4851 -> AreaKey { scene: 265, anchor: (832, 1088) }
area teleport in scene 265 at frame 8950: (752, 1240) -> (880, 1128)
continuing target event=4852 across area (832, 1088) path=11
learned targeted exit AreaKey { scene: 265, anchor: (832, 1088) } event=4852 -> AreaKey { scene: 265, anchor: (576, 1152) }
marked destination touch VisitKey { scene: 265, area: (576, 1152), event_id: 4852, trigger_script: 993, trigger_mode: 5, state: 1 }
learned exit AreaKey { scene: 265, anchor: (832, 1088) } event=4852 -> AreaKey { scene: 265, anchor: (576, 1152) }
area teleport in scene 265 at frame 8975: (704, 1072) -> (592, 1176)
target scene=265 area=(576, 1152) event=4854 script=993 mode=5 state=1 player=(592, 1176) pos=(848, 1160) path=14
marked destination touch VisitKey { scene: 265, area: (704, 1024), event_id: 4849, trigger_script: 1023, trigger_mode: 5, state: 1 }
learned exit AreaKey { scene: 265, anchor: (576, 1152) } event=4849 -> AreaKey { scene: 265, anchor: (704, 1024) }
area teleport in scene 265 at frame 8990: (608, 1168) -> (736, 1056)
continuing target event=4854 across area (704, 1024) path=11
learned targeted exit AreaKey { scene: 265, anchor: (704, 1024) } event=4854 -> AreaKey { scene: 265, anchor: (704, 1216) }
marked destination touch VisitKey { scene: 265, area: (704, 1216), event_id: 4854, trigger_script: 993, trigger_mode: 5, state: 1 }
learned exit AreaKey { scene: 265, anchor: (704, 1024) } event=4854 -> AreaKey { scene: 265, anchor: (704, 1216) }
area teleport in scene 265 at frame 9015: (848, 1144) -> (736, 1248)
target scene=265 area=(704, 1216) event=4852 script=993 mode=5 state=1 player=(736, 1248) pos=(672, 1072) path=20
marked destination touch VisitKey { scene: 265, area: (832, 1088), event_id: 4851, trigger_script: 1023, trigger_mode: 5, state: 1 }
learned exit AreaKey { scene: 265, anchor: (704, 1216) } event=4851 -> AreaKey { scene: 265, anchor: (832, 1088) }
area teleport in scene 265 at frame 9030: (752, 1240) -> (880, 1128)
continuing target event=4852 across area (832, 1088) path=11
learned targeted exit AreaKey { scene: 265, anchor: (832, 1088) } event=4852 -> AreaKey { scene: 265, anchor: (576, 1152) }
marked destination touch VisitKey { scene: 265, area: (576, 1152), event_id: 4852, trigger_script: 993, trigger_mode: 5, state: 1 }
learned exit AreaKey { scene: 265, anchor: (832, 1088) } event=4852 -> AreaKey { scene: 265, anchor: (576, 1152) }
area teleport in scene 265 at frame 9055: (704, 1072) -> (592, 1176)
target scene=265 area=(576, 1152) event=4854 script=993 mode=5 state=1 player=(592, 1176) pos=(848, 1160) path=14
marked destination touch VisitKey { scene: 265, area: (704, 1024), event_id: 4849, trigger_script: 1023, trigger_mode: 5, state: 1 }
learned exit AreaKey { scene: 265, anchor: (576, 1152) } event=4849 -> AreaKey { scene: 265, anchor: (704, 1024) }
area teleport in scene 265 at frame 9070: (608, 1168) -> (736, 1056)
continuing target event=4854 across area (704, 1024) path=11
escaping closed scene loop through event=4841 script=38153 destination=Some(263)
scene 265 -> 263 at frame 9070 position (1152, 624)
target scene=263 area=(432, 1320) event=4812 script=38145 mode=7 state=1 player=(1312, 736) pos=(432, 1336) path=71
learned targeted exit AreaKey { scene: 263, anchor: (432, 1320) } event=4812 -> AreaKey { scene: 260, anchor: (160, 112) }
learned exit AreaKey { scene: 263, anchor: (432, 1320) } event=4812 -> AreaKey { scene: 260, anchor: (160, 112) }
scene 263 -> 260 at frame 9141 position (288, 832)
target scene=260 area=(160, 112) event=4705 script=38133 mode=5 state=1 player=(448, 944) pos=(464, 280) path=81
learned targeted exit AreaKey { scene: 260, anchor: (160, 112) } event=4705 -> AreaKey { scene: 267, anchor: (160, 112) }
learned exit AreaKey { scene: 260, anchor: (160, 112) } event=4705 -> AreaKey { scene: 267, anchor: (160, 112) }
scene 260 -> 267 at frame 9222 position (1328, 1480)
target scene=267 area=(160, 112) event=4869 script=38285 mode=5 state=1 player=(1488, 1592) pos=(1136, 1192) path=48
learned targeted exit AreaKey { scene: 267, anchor: (160, 112) } event=4869 -> AreaKey { scene: 271, anchor: (160, 112) }
learned exit AreaKey { scene: 267, anchor: (160, 112) } event=4869 -> AreaKey { scene: 271, anchor: (160, 112) }
scene 267 -> 271 at frame 9270 position (720, 296)
target scene=271 area=(160, 112) event=4921 script=38289 mode=5 state=1 player=(880, 408) pos=(928, 432) path=2
learned targeted exit AreaKey { scene: 271, anchor: (160, 112) } event=4921 -> AreaKey { scene: 267, anchor: (160, 112) }
learned exit AreaKey { scene: 271, anchor: (160, 112) } event=4921 -> AreaKey { scene: 267, anchor: (160, 112) }
scene 271 -> 267 at frame 9272 position (1008, 1112)
target scene=267 area=(160, 112) event=4871 script=38296 mode=5 state=1 player=(1168, 1224) pos=(928, 1200) path=31
marked destination touch VisitKey { scene: 267, area: (960, 1152), event_id: 4870, trigger_script: 38293, trigger_mode: 5, state: 1 }
learned exit AreaKey { scene: 267, anchor: (160, 112) } event=4870 -> AreaKey { scene: 267, anchor: (960, 1152) }
area teleport in scene 267 at frame 9307: (848, 1288) -> (976, 1176)
continuing target event=4871 across area (960, 1152) path=0
forcing unreached touch target scene=267 event=4871 script=38296 player=(976, 1176) pos=(928, 1200)
running forced event=4871 script=38296 destination=None
area teleport in scene 267 at frame 9324: (976, 1176) -> (832, 1296)
target scene=267 area=(832, 1280) event=4870 script=38293 mode=5 state=1 player=(832, 1296) pos=(864, 1280) path=1
learned targeted exit AreaKey { scene: 267, anchor: (832, 1280) } event=4870 -> AreaKey { scene: 267, anchor: (960, 1152) }
marked destination touch VisitKey { scene: 267, area: (960, 1152), event_id: 4880, trigger_script: 41099, trigger_mode: 6, state: 1 }
learned exit AreaKey { scene: 267, anchor: (832, 1280) } event=4880 -> AreaKey { scene: 267, anchor: (960, 1152) }
area teleport in scene 267 at frame 9338: (848, 1288) -> (960, 1184)
target scene=267 area=(960, 1152) event=4884 script=40955 mode=6 state=1 player=(960, 1184) pos=(1024, 1072) path=10
target scene=267 area=(960, 1152) event=4869 script=38285 mode=5 state=1 player=(1024, 1104) pos=(1136, 1192) path=157
marked destination touch VisitKey { scene: 267, area: (768, 1280), event_id: 4871, trigger_script: 38296, trigger_mode: 5, state: 1 }
learned exit AreaKey { scene: 267, anchor: (960, 1152) } event=4871 -> AreaKey { scene: 267, anchor: (768, 1280) }
area teleport in scene 267 at frame 9377: (944, 1192) -> (816, 1304)
continuing target event=4869 across area (768, 1280) path=24
learned targeted exit AreaKey { scene: 267, anchor: (768, 1280) } event=4869 -> AreaKey { scene: 271, anchor: (160, 112) }
learned exit AreaKey { scene: 267, anchor: (768, 1280) } event=4869 -> AreaKey { scene: 271, anchor: (160, 112) }
scene 267 -> 271 at frame 9401 position (720, 296)
target scene=271 area=(160, 112) event=4921 script=38289 mode=5 state=1 player=(880, 408) pos=(928, 432) path=2
learned targeted exit AreaKey { scene: 271, anchor: (160, 112) } event=4921 -> AreaKey { scene: 267, anchor: (160, 112) }
learned exit AreaKey { scene: 271, anchor: (160, 112) } event=4921 -> AreaKey { scene: 267, anchor: (160, 112) }
scene 271 -> 267 at frame 9403 position (1008, 1112)
target scene=267 area=(160, 112) event=4871 script=38296 mode=5 state=1 player=(1168, 1224) pos=(928, 1200) path=141
learned exit AreaKey { scene: 267, anchor: (160, 112) } event=4868 -> AreaKey { scene: 260, anchor: (160, 112) }
scene 267 -> 260 at frame 9449 position (336, 184)
target scene=260 area=(160, 112) event=4752 script=3794 mode=2 state=2 player=(496, 296) pos=(512, 304) path=0
target scene=260 area=(160, 112) event=4753 script=3781 mode=1 state=2 player=(496, 296) pos=(560, 328) path=5
target scene=260 area=(160, 112) event=4750 script=3794 mode=2 state=2 player=(576, 320) pos=(672, 448) path=13
target scene=260 area=(160, 112) event=4751 script=3781 mode=1 state=2 player=(720, 424) pos=(624, 472) path=7
target scene=260 area=(160, 112) event=4749 script=3781 mode=1 state=2 player=(640, 480) pos=(320, 832) path=47
target scene=260 area=(160, 112) event=4748 script=3794 mode=2 state=2 player=(336, 824) pos=(256, 816) path=2
target scene=260 area=(160, 112) event=4715 script=38273 mode=6 state=1 player=(304, 824) pos=(1712, 824) path=237
learned targeted exit AreaKey { scene: 260, anchor: (160, 112) } event=4715 -> AreaKey { scene: 273, anchor: (160, 112) }
learned exit AreaKey { scene: 260, anchor: (160, 112) } event=4715 -> AreaKey { scene: 273, anchor: (160, 112) }
scene 260 -> 273 at frame 9760 position (112, 1496)
target scene=273 area=(160, 112) event=4936 script=38277 mode=5 state=1 player=(272, 1608) pos=(608, 432) path=145
learned targeted exit AreaKey { scene: 273, anchor: (160, 112) } event=4936 -> AreaKey { scene: 266, anchor: (160, 816) }
learned exit AreaKey { scene: 273, anchor: (160, 112) } event=4936 -> AreaKey { scene: 266, anchor: (160, 816) }
scene 273 -> 266 at frame 9905 position (1568, 1184)
target scene=266 area=(160, 816) event=4867 script=38281 mode=6 state=1 player=(1728, 1296) pos=(1776, 1320) path=1
learned targeted exit AreaKey { scene: 266, anchor: (160, 816) } event=4867 -> AreaKey { scene: 273, anchor: (160, 112) }
learned exit AreaKey { scene: 266, anchor: (160, 816) } event=4867 -> AreaKey { scene: 273, anchor: (160, 112) }
scene 266 -> 273 at frame 9906 position (496, 344)
target scene=273 area=(160, 112) event=4937 script=38269 mode=6 state=1 player=(656, 456) pos=(208, 1640) path=145
learned targeted exit AreaKey { scene: 273, anchor: (160, 112) } event=4937 -> AreaKey { scene: 260, anchor: (160, 112) }
learned exit AreaKey { scene: 273, anchor: (160, 112) } event=4937 -> AreaKey { scene: 260, anchor: (160, 112) }
scene 273 -> 260 at frame 10051 position (1504, 752)
target scene=260 area=(160, 112) event=4744 script=3794 mode=2 state=2 player=(1664, 864) pos=(1712, 1208) path=40
target scene=260 area=(160, 112) event=4745 script=3781 mode=1 state=2 player=(1728, 1184) pos=(1760, 1232) path=5
target scene=260 area=(160, 112) event=4742 script=3794 mode=2 state=2 player=(1776, 1224) pos=(1584, 1400) path=19
target scene=260 area=(160, 112) event=4743 script=3781 mode=1 state=2 player=(1600, 1376) pos=(1520, 1416) path=4
target scene=260 area=(160, 112) event=4759 script=40963 mode=6 state=1 player=(1536, 1408) pos=(1488, 1352) path=6
target scene=260 area=(160, 112) event=4729 script=3765 mode=6 state=2 player=(1472, 1376) pos=(1616, 1224) path=15
target scene=260 area=(160, 112) event=4747 script=3781 mode=1 state=2 player=(1616, 1256) pos=(1616, 1224) path=3
target scene=260 area=(160, 112) event=4746 script=3794 mode=2 state=2 player=(1632, 1232) pos=(1680, 1208) path=0
target scene=260 area=(160, 112) event=4768 script=41093 mode=6 state=1 player=(1632, 1232) pos=(560, 1416) path=123
target scene=260 area=(160, 112) event=4755 script=41093 mode=6 state=1 player=(592, 1400) pos=(592, 1624) path=34
target scene=260 area=(160, 112) event=4754 script=40685 mode=6 state=1 player=(656, 1624) pos=(304, 1640) path=19
target scene=260 area=(160, 112) event=4721 script=3749 mode=6 state=2 player=(352, 1648) pos=(864, 1920) path=126
forcing unreached touch target scene=260 event=4721 script=3749 player=(256, 1616) pos=(864, 1920)
running forced event=4721 script=3749 destination=None
target scene=260 area=(160, 112) event=4739 script=3781 mode=1 state=2 player=(256, 1616) pos=(864, 1920) path=135
target scene=260 area=(160, 112) event=4738 script=3794 mode=2 state=2 player=(256, 1616) pos=(928, 1904) path=129
target scene=260 area=(160, 112) event=4766 script=41097 mode=6 state=1 player=(256, 1616) pos=(600, 1340) path=58
target scene=260 area=(160, 112) event=4770 script=41099 mode=6 state=1 player=(608, 1360) pos=(432, 1032) path=37
target scene=260 area=(160, 112) event=4771 script=40955 mode=6 state=1 player=(432, 1064) pos=(384, 944) path=11
target scene=260 area=(160, 112) event=4769 script=40957 mode=6 state=1 player=(384, 976) pos=(320, 880) path=8
target scene=260 area=(160, 112) event=4772 script=41099 mode=6 state=1 player=(320, 912) pos=(320, 672) path=26
target scene=260 area=(160, 112) event=4773 script=40685 mode=6 state=1 player=(320, 704) pos=(680, 396) path=35
target scene=260 area=(160, 112) event=4763 script=41095 mode=6 state=1 player=(688, 424) pos=(1584, 968) path=268
target scene=260 area=(160, 112) event=4756 script=41099 mode=6 state=1 player=(1584, 1000) pos=(1512, 1652) path=78
checkpoint iterations=10000 scene=260 position=(1600, 1056)
target scene=260 area=(160, 112) event=4708 script=38213 mode=5 state=1 player=(1520, 1624) pos=(1648, 1480) path=16
learned targeted exit AreaKey { scene: 260, anchor: (160, 112) } event=4708 -> AreaKey { scene: 268, anchor: (160, 112) }
learned exit AreaKey { scene: 260, anchor: (160, 112) } event=4708 -> AreaKey { scene: 268, anchor: (160, 112) }
scene 260 -> 268 at frame 11316 position (1264, 1688)
target scene=268 area=(160, 112) event=4886 script=38217 mode=5 state=1 player=(1424, 1800) pos=(1376, 1824) path=2
learned targeted exit AreaKey { scene: 268, anchor: (160, 112) } event=4886 -> AreaKey { scene: 260, anchor: (160, 112) }
learned exit AreaKey { scene: 268, anchor: (160, 112) } event=4886 -> AreaKey { scene: 260, anchor: (160, 112) }
scene 268 -> 260 at frame 11318 position (1472, 1392)
target scene=260 area=(160, 112) event=4711 script=38237 mode=5 state=1 player=(1632, 1504) pos=(1584, 1192) path=37
learned targeted exit AreaKey { scene: 260, anchor: (160, 112) } event=4711 -> AreaKey { scene: 268, anchor: (160, 112) }
learned exit AreaKey { scene: 260, anchor: (160, 112) } event=4711 -> AreaKey { scene: 268, anchor: (160, 112) }
scene 260 -> 268 at frame 11355 position (448, 752)
target scene=268 area=(160, 112) event=4889 script=38241 mode=5 state=1 player=(608, 864) pos=(656, 888) path=2
learned targeted exit AreaKey { scene: 268, anchor: (160, 112) } event=4889 -> AreaKey { scene: 260, anchor: (160, 112) }
learned exit AreaKey { scene: 268, anchor: (160, 112) } event=4889 -> AreaKey { scene: 260, anchor: (160, 112) }
scene 268 -> 260 at frame 11357 position (1440, 1104)
target scene=260 area=(160, 112) event=4714 script=38261 mode=5 state=1 player=(1600, 1216) pos=(736, 1280) path=132
learned targeted exit AreaKey { scene: 260, anchor: (160, 112) } event=4714 -> AreaKey { scene: 268, anchor: (160, 112) }
learned exit AreaKey { scene: 260, anchor: (160, 112) } event=4714 -> AreaKey { scene: 268, anchor: (160, 112) }
scene 260 -> 268 at frame 11489 position (400, 280)
target scene=268 area=(160, 112) event=4892 script=38265 mode=5 state=1 player=(560, 392) pos=(608, 416) path=2
learned targeted exit AreaKey { scene: 268, anchor: (160, 112) } event=4892 -> AreaKey { scene: 260, anchor: (160, 112) }
learned exit AreaKey { scene: 268, anchor: (160, 112) } event=4892 -> AreaKey { scene: 260, anchor: (160, 112) }
scene 268 -> 260 at frame 11491 position (592, 1192)
target scene=260 area=(160, 112) event=4712 script=38245 mode=5 state=1 player=(752, 1304) pos=(400, 1304) path=21
learned targeted exit AreaKey { scene: 260, anchor: (160, 112) } event=4712 -> AreaKey { scene: 268, anchor: (160, 112) }
learned exit AreaKey { scene: 260, anchor: (160, 112) } event=4712 -> AreaKey { scene: 268, anchor: (160, 112) }
scene 260 -> 268 at frame 11512 position (1280, 832)
target scene=268 area=(160, 112) event=4890 script=38249 mode=5 state=1 player=(1440, 944) pos=(1488, 968) path=2
learned targeted exit AreaKey { scene: 268, anchor: (160, 112) } event=4890 -> AreaKey { scene: 260, anchor: (160, 112) }
learned exit AreaKey { scene: 268, anchor: (160, 112) } event=4890 -> AreaKey { scene: 260, anchor: (160, 112) }
scene 268 -> 260 at frame 11514 position (256, 1216)
target scene=260 area=(160, 112) event=4713 script=38253 mode=5 state=1 player=(416, 1328) pos=(528, 1400) path=16
learned targeted exit AreaKey { scene: 260, anchor: (160, 112) } event=4713 -> AreaKey { scene: 268, anchor: (160, 112) }
learned exit AreaKey { scene: 260, anchor: (160, 112) } event=4713 -> AreaKey { scene: 268, anchor: (160, 112) }
scene 260 -> 268 at frame 11530 position (1248, 400)
target scene=268 area=(160, 112) event=4891 script=38257 mode=5 state=1 player=(1408, 512) pos=(1456, 536) path=2
learned targeted exit AreaKey { scene: 268, anchor: (160, 112) } event=4891 -> AreaKey { scene: 260, anchor: (160, 112) }
learned exit AreaKey { scene: 268, anchor: (160, 112) } event=4891 -> AreaKey { scene: 260, anchor: (160, 112) }
scene 268 -> 260 at frame 11532 position (384, 1312)
target scene=260 area=(160, 112) event=4709 script=38221 mode=5 state=1 player=(544, 1424) pos=(976, 1560) path=45
learned targeted exit AreaKey { scene: 260, anchor: (160, 112) } event=4709 -> AreaKey { scene: 268, anchor: (160, 112) }
learned exit AreaKey { scene: 260, anchor: (160, 112) } event=4709 -> AreaKey { scene: 268, anchor: (160, 112) }
scene 260 -> 268 at frame 11577 position (576, 1648)
target scene=268 area=(160, 112) event=4887 script=38225 mode=5 state=1 player=(736, 1760) pos=(784, 1784) path=2
learned targeted exit AreaKey { scene: 268, anchor: (160, 112) } event=4887 -> AreaKey { scene: 260, anchor: (160, 112) }
learned exit AreaKey { scene: 268, anchor: (160, 112) } event=4887 -> AreaKey { scene: 260, anchor: (160, 112) }
scene 268 -> 260 at frame 11579 position (832, 1472)
target scene=260 area=(160, 112) event=4707 script=38205 mode=5 state=1 player=(992, 1584) pos=(560, 1784) path=40
learned targeted exit AreaKey { scene: 260, anchor: (160, 112) } event=4707 -> AreaKey { scene: 268, anchor: (160, 112) }
learned exit AreaKey { scene: 260, anchor: (160, 112) } event=4707 -> AreaKey { scene: 268, anchor: (160, 112) }
scene 260 -> 268 at frame 11619 position (976, 1256)
target scene=268 area=(160, 112) event=4885 script=38209 mode=5 state=1 player=(1136, 1368) pos=(1088, 1392) path=2
learned targeted exit AreaKey { scene: 268, anchor: (160, 112) } event=4885 -> AreaKey { scene: 260, anchor: (160, 112) }
learned exit AreaKey { scene: 268, anchor: (160, 112) } event=4885 -> AreaKey { scene: 260, anchor: (160, 112) }
scene 268 -> 260 at frame 11621 position (384, 1696)
target scene=260 area=(160, 112) event=4767 script=40955 mode=6 state=1 player=(544, 1808) pos=(672, 1360) path=52
target scene=260 area=(160, 112) event=4703 script=38121 mode=6 state=1 player=(672, 1392) pos=(272, 1768) path=49
learned targeted exit AreaKey { scene: 260, anchor: (160, 112) } event=4703 -> AreaKey { scene: 259, anchor: (160, 464) }
learned exit AreaKey { scene: 260, anchor: (160, 112) } event=4703 -> AreaKey { scene: 259, anchor: (160, 464) }
scene 260 -> 259 at frame 11727 position (1344, 304)
target scene=259 area=(160, 464) event=4696 script=3789 mode=2 state=2 player=(1504, 416) pos=(1344, 496) path=7
target scene=259 area=(160, 464) event=4697 script=3781 mode=1 state=2 player=(1392, 472) pos=(1280, 512) path=6
target scene=259 area=(160, 464) event=4692 script=3794 mode=2 state=2 player=(1296, 504) pos=(816, 568) path=27
target scene=259 area=(160, 464) event=4693 script=3781 mode=1 state=2 player=(864, 576) pos=(752, 584) path=6
target scene=259 area=(160, 464) event=4686 script=3737 mode=6 state=2 player=(768, 592) pos=(1392, 568) path=35
target scene=259 area=(160, 464) event=4698 script=3794 mode=2 state=2 player=(1328, 568) pos=(1392, 568) path=1
target scene=259 area=(160, 464) event=4699 script=3781 mode=1 state=2 player=(1344, 560) pos=(1440, 576) path=5
target scene=259 area=(160, 464) event=4660 script=38780 mode=5 state=1 player=(1424, 568) pos=(1376, 864) path=35
learned targeted exit AreaKey { scene: 259, anchor: (160, 464) } event=4660 -> AreaKey { scene: 214, anchor: (160, 112) }
learned exit AreaKey { scene: 259, anchor: (160, 464) } event=4660 -> AreaKey { scene: 214, anchor: (160, 112) }
scene 259 -> 214 at frame 11854 position (592, 72)
target scene=214 area=(160, 112) event=3876 script=35294 mode=5 state=1 player=(752, 184) pos=(704, 160) path=2
learned targeted exit AreaKey { scene: 214, anchor: (160, 112) } event=3876 -> AreaKey { scene: 259, anchor: (160, 464) }
learned exit AreaKey { scene: 214, anchor: (160, 112) } event=3876 -> AreaKey { scene: 259, anchor: (160, 464) }
scene 214 -> 259 at frame 11856 position (1088, 688)
target scene=259 area=(160, 464) event=4660 script=38780 mode=5 state=1 player=(1248, 800) pos=(1376, 864) path=7
learned targeted exit AreaKey { scene: 259, anchor: (160, 464) } event=4660 -> AreaKey { scene: 214, anchor: (160, 112) }
learned exit AreaKey { scene: 259, anchor: (160, 464) } event=4660 -> AreaKey { scene: 214, anchor: (160, 112) }
scene 259 -> 214 at frame 11863 position (592, 72)
target scene=214 area=(160, 112) event=3875 script=34866 mode=5 state=1 player=(752, 184) pos=(352, 880) path=275
learned targeted exit AreaKey { scene: 214, anchor: (160, 112) } event=3875 -> AreaKey { scene: 215, anchor: (224, 912) }
learned exit AreaKey { scene: 214, anchor: (160, 112) } event=3875 -> AreaKey { scene: 215, anchor: (224, 912) }
scene 214 -> 215 at frame 12138 position (1616, 1432)
target scene=215 area=(224, 912) event=3895 script=41085 mode=5 state=1 player=(1776, 1544) pos=(1584, 1656) path=12
target scene=215 area=(224, 912) event=3896 script=40176 mode=5 state=1 player=(1584, 1640) pos=(1544, 1628) path=1
target scene=215 area=(224, 912) event=3898 script=40751 mode=5 state=1 player=(1568, 1632) pos=(1536, 832) path=100
target scene=215 area=(224, 912) event=3899 script=40755 mode=5 state=1 player=(1536, 848) pos=(1488, 812) path=3
target scene=215 area=(224, 912) event=3900 script=40727 mode=5 state=1 player=(1488, 824) pos=(920, 964) path=217
target scene=215 area=(224, 912) event=3885 script=34950 mode=5 state=1 player=(896, 960) pos=(1056, 816) path=16
learned targeted exit AreaKey { scene: 215, anchor: (224, 912) } event=3885 -> AreaKey { scene: 216, anchor: (192, 864) }
learned exit AreaKey { scene: 215, anchor: (224, 912) } event=3885 -> AreaKey { scene: 216, anchor: (192, 864) }
scene 215 -> 216 at frame 12512 position (512, 1168)
target scene=216 area=(192, 864) event=3913 script=40771 mode=5 state=1 player=(672, 1280) pos=(944, 392) path=139
learned exit AreaKey { scene: 216, anchor: (192, 864) } event=3901 -> AreaKey { scene: 217, anchor: (272, 1576) }
scene 216 -> 217 at frame 12647 position (1072, 1032)
target scene=217 area=(272, 1576) event=3932 script=40573 mode=5 state=1 player=(1232, 1144) pos=(352, 1568) path=87
learned exit AreaKey { scene: 217, anchor: (272, 1576) } event=3932 -> AreaKey { scene: 218, anchor: (192, 1088) }
scene 217 -> 218 at frame 12731 position (512, 976)
forcing scene exit event=3944 after a fully idle pass
running forced event=3944 script=34914 destination=Some(219)
scene 218 -> 219 at frame 12971 position (608, 208)
forcing scene exit event=3966 after a fully idle pass
running forced event=3966 script=35038 destination=Some(220)
scene 219 -> 220 at frame 13211 position (576, 368)
target scene=220 area=(224, 1168) event=4018 script=887 mode=1 state=2 player=(736, 480) pos=(624, 1496) path=354
target scene=220 area=(224, 1168) event=4027 script=887 mode=1 state=2 player=(640, 1488) pos=(976, 1512) path=90
target scene=220 area=(224, 1168) event=4026 script=887 mode=1 state=2 player=(960, 1520) pos=(1040, 1480) path=6
target scene=220 area=(224, 1168) event=4025 script=887 mode=1 state=2 player=(1056, 1488) pos=(1088, 1456) path=3
target scene=220 area=(224, 1168) event=4024 script=887 mode=1 state=2 player=(1104, 1464) pos=(1136, 1432) path=3
target scene=220 area=(224, 1168) event=4023 script=887 mode=1 state=2 player=(1152, 1440) pos=(1184, 1408) path=3
target scene=220 area=(224, 1168) event=4022 script=887 mode=1 state=2 player=(1200, 1416) pos=(1216, 1392) path=2
target scene=220 area=(224, 1168) event=4019 script=887 mode=1 state=2 player=(1232, 1400) pos=(1456, 1400) path=13
target scene=220 area=(224, 1168) event=4015 script=34982 mode=5 state=1 player=(1440, 1408) pos=(432, 1176) path=303
learned targeted exit AreaKey { scene: 220, anchor: (224, 1168) } event=4015 -> AreaKey { scene: 222, anchor: (176, 1336) }
learned exit AreaKey { scene: 220, anchor: (224, 1168) } event=4015 -> AreaKey { scene: 222, anchor: (176, 1336) }
scene 220 -> 222 at frame 13988 position (272, 1080)
target scene=222 area=(176, 1336) event=4092 script=887 mode=1 state=2 player=(432, 1192) pos=(768, 1360) path=22
target scene=222 area=(176, 1336) event=4093 script=887 mode=1 state=2 player=(752, 1352) pos=(800, 1344) path=2
target scene=222 area=(176, 1336) event=4094 script=887 mode=1 state=2 player=(784, 1336) pos=(832, 1328) path=2
target scene=222 area=(176, 1336) event=4095 script=887 mode=1 state=2 player=(816, 1320) pos=(864, 1328) path=2
target scene=222 area=(176, 1336) event=4096 script=887 mode=1 state=2 player=(848, 1320) pos=(896, 1344) path=4
target scene=222 area=(176, 1336) event=4097 script=887 mode=1 state=2 player=(912, 1336) pos=(928, 1360) path=2
target scene=222 area=(176, 1336) event=4091 script=887 mode=1 state=2 player=(944, 1352) pos=(1456, 1416) path=31
target scene=222 area=(176, 1336) event=4090 script=887 mode=1 state=2 player=(1440, 1408) pos=(1488, 1432) path=4
target scene=222 area=(176, 1336) event=4089 script=887 mode=1 state=2 player=(1504, 1424) pos=(1520, 1448) path=2
target scene=222 area=(176, 1336) event=4088 script=887 mode=1 state=2 player=(1536, 1440) pos=(1552, 1464) path=2
target scene=222 area=(176, 1336) event=4087 script=887 mode=1 state=2 player=(1568, 1456) pos=(1520, 1480) path=4
target scene=222 area=(176, 1336) event=4086 script=887 mode=1 state=2 player=(1536, 1472) pos=(1488, 1496) path=4
target scene=222 area=(176, 1336) event=4084 script=887 mode=1 state=2 player=(1504, 1488) pos=(1424, 1496) path=4
target scene=222 area=(176, 1336) event=4085 script=887 mode=1 state=2 player=(1440, 1504) pos=(1456, 1512) path=0
target scene=222 area=(176, 1336) event=4083 script=887 mode=1 state=2 player=(1440, 1504) pos=(1392, 1480) path=4
target scene=222 area=(176, 1336) event=4057 script=34978 mode=2 state=1 player=(1408, 1488) pos=(1520, 1096) path=46
scene 222 -> 220 at frame 14123 position (1360, 1000)
target scene=220 area=(224, 1168) event=4049 script=41213 mode=5 state=1 player=(1520, 1112) pos=(1708, 1290) path=24
target scene=220 area=(224, 1168) event=4051 script=41129 mode=5 state=1 player=(1712, 1272) pos=(1392, 1368) path=96
target scene=220 area=(224, 1168) event=4041 script=41143 mode=5 state=1 player=(1360, 1368) pos=(1328, 888) path=149
target scene=220 area=(224, 1168) event=4039 script=41127 mode=5 state=1 player=(1344, 896) pos=(1188, 510) path=115
target scene=220 area=(224, 1168) event=4043 script=41177 mode=5 state=1 player=(1200, 504) pos=(624, 1000) path=112
target scene=220 area=(224, 1168) event=4044 script=41145 mode=5 state=1 player=(624, 1016) pos=(352, 1264) path=349
target scene=220 area=(224, 1168) event=4046 script=41179 mode=5 state=1 player=(384, 1264) pos=(576, 1440) path=24
target scene=220 area=(224, 1168) event=4048 script=41165 mode=5 state=1 player=(544, 1440) pos=(1224, 1580) path=99
target scene=220 area=(224, 1168) event=4042 script=41173 mode=5 state=1 player=(1200, 1576) pos=(992, 1024) path=225
target scene=220 area=(224, 1168) event=4016 script=35042 mode=5 state=1 player=(992, 1008) pos=(768, 464) path=67
learned targeted exit AreaKey { scene: 220, anchor: (224, 1168) } event=4016 -> AreaKey { scene: 219, anchor: (1408, 400) }
learned exit AreaKey { scene: 220, anchor: (224, 1168) } event=4016 -> AreaKey { scene: 219, anchor: (1408, 400) }
scene 220 -> 219 at frame 15428 position (1296, 280)
target scene=219 area=(1408, 400) event=3969 script=41027 mode=5 state=1 player=(1456, 392) pos=(1600, 320) path=8
target scene=219 area=(1408, 400) event=3968 script=41125 mode=5 state=1 player=(1584, 328) pos=(1588, 298) path=2
target scene=219 area=(1408, 400) event=3967 script=41049 mode=5 state=1 player=(1584, 312) pos=(1648, 216) path=10
target scene=219 area=(1408, 400) event=3966 script=35038 mode=5 state=1 player=(1648, 232) pos=(1408, 416) path=21
learned targeted exit AreaKey { scene: 219, anchor: (1408, 400) } event=3966 -> AreaKey { scene: 220, anchor: (224, 1168) }
learned exit AreaKey { scene: 219, anchor: (1408, 400) } event=3966 -> AreaKey { scene: 220, anchor: (224, 1168) }
scene 219 -> 220 at frame 15484 position (576, 368)
target scene=220 area=(224, 1168) event=4014 script=34974 mode=5 state=1 player=(736, 480) pos=(1296, 456) path=92
learned targeted exit AreaKey { scene: 220, anchor: (224, 1168) } event=4014 -> AreaKey { scene: 222, anchor: (176, 1336) }
learned exit AreaKey { scene: 220, anchor: (224, 1168) } event=4014 -> AreaKey { scene: 222, anchor: (176, 1336) }
scene 220 -> 222 at frame 15576 position (1088, 352)
target scene=222 area=(176, 1336) event=4100 script=887 mode=1 state=2 player=(1248, 464) pos=(1344, 448) path=5
target scene=222 area=(176, 1336) event=4078 script=887 mode=1 state=2 player=(1328, 440) pos=(816, 568) path=33
target scene=222 area=(176, 1336) event=4079 script=887 mode=1 state=2 player=(832, 576) pos=(848, 584) path=0
target scene=222 area=(176, 1336) event=4077 script=887 mode=1 state=2 player=(832, 576) pos=(784, 568) path=4
target scene=222 area=(176, 1336) event=4076 script=887 mode=1 state=2 player=(800, 560) pos=(752, 584) path=4
target scene=222 area=(176, 1336) event=4075 script=887 mode=1 state=2 player=(768, 576) pos=(720, 600) path=4
target scene=222 area=(176, 1336) event=4080 script=887 mode=1 state=2 player=(736, 592) pos=(880, 600) path=12
target scene=222 area=(176, 1336) event=4081 script=887 mode=1 state=2 player=(896, 592) pos=(912, 616) path=2
target scene=222 area=(176, 1336) event=4082 script=887 mode=1 state=2 player=(928, 608) pos=(944, 632) path=2
target scene=222 area=(176, 1336) event=4098 script=887 mode=1 state=2 player=(960, 624) pos=(1024, 832) path=25
target scene=222 area=(176, 1336) event=4099 script=887 mode=1 state=2 player=(1040, 824) pos=(640, 1696) path=110
learned exit AreaKey { scene: 222, anchor: (176, 1336) } event=4058 -> AreaKey { scene: 223, anchor: (176, 792) }
scene 222 -> 223 at frame 15774 position (560, 1432)
target scene=223 area=(176, 792) event=4140 script=887 mode=1 state=2 player=(720, 1544) pos=(656, 1448) path=27
target scene=223 area=(176, 792) event=4141 script=887 mode=1 state=2 player=(672, 1440) pos=(688, 1432) path=0
target scene=223 area=(176, 792) event=4139 script=887 mode=1 state=2 player=(672, 1440) pos=(624, 1432) path=2
target scene=223 area=(176, 792) event=4138 script=887 mode=1 state=2 player=(640, 1440) pos=(592, 1416) path=4
target scene=223 area=(176, 792) event=4142 script=887 mode=1 state=2 player=(608, 1424) pos=(720, 1416) path=6
target scene=223 area=(176, 792) event=4143 script=887 mode=1 state=2 player=(704, 1408) pos=(752, 1400) path=2
target scene=223 area=(176, 792) event=4132 script=887 mode=1 state=2 player=(736, 1392) pos=(832, 1264) path=15
target scene=223 area=(176, 792) event=4133 script=887 mode=1 state=2 player=(816, 1272) pos=(848, 1256) path=3
target scene=223 area=(176, 792) event=4134 script=887 mode=1 state=2 player=(832, 1248) pos=(864, 1248) path=1
target scene=223 area=(176, 792) event=4135 script=887 mode=1 state=2 player=(848, 1240) pos=(880, 1240) path=1
target scene=223 area=(176, 792) event=4136 script=887 mode=1 state=2 player=(864, 1232) pos=(896, 1232) path=1
target scene=223 area=(176, 792) event=4137 script=887 mode=1 state=2 player=(880, 1224) pos=(912, 1224) path=1
target scene=223 area=(176, 792) event=4144 script=887 mode=1 state=2 player=(896, 1216) pos=(1024, 1152) path=9
target scene=223 area=(176, 792) event=4145 script=887 mode=1 state=2 player=(1008, 1144) pos=(1056, 1168) path=4
target scene=223 area=(176, 792) event=4146 script=887 mode=1 state=2 player=(1072, 1160) pos=(1088, 1184) path=2
target scene=223 area=(176, 792) event=4147 script=887 mode=1 state=2 player=(1104, 1176) pos=(1120, 1168) path=0
target scene=223 area=(176, 792) event=4148 script=887 mode=1 state=2 player=(1104, 1176) pos=(1152, 1152) path=4
target scene=223 area=(176, 792) event=4102 script=34990 mode=2 state=1 player=(1136, 1144) pos=(1280, 1248) path=14
scene 223 -> 222 at frame 15870 position (1040, 1240)
target scene=222 area=(176, 1336) event=4099 script=887 mode=1 state=2 player=(1200, 1352) pos=(640, 1696) path=52
target scene=222 area=(176, 1336) event=4069 script=41155 mode=5 state=1 player=(656, 1688) pos=(896, 1200) path=59
target scene=222 area=(176, 1336) event=4068 script=41129 mode=5 state=1 player=(896, 1216) pos=(1160, 1264) path=15
target scene=222 area=(176, 1336) event=4067 script=41117 mode=5 state=1 player=(1136, 1256) pos=(1332, 1450) path=22
target scene=222 area=(176, 1336) event=4070 script=41143 mode=5 state=1 player=(1328, 1432) pos=(1568, 1040) path=47
target scene=222 area=(176, 1336) event=4071 script=41187 mode=5 state=1 player=(1568, 1056) pos=(1696, 768) path=34
target scene=222 area=(176, 1336) event=4072 script=41039 mode=5 state=1 player=(1696, 784) pos=(1436, 674) path=28
target scene=222 area=(176, 1336) event=4074 script=41189 mode=5 state=1 player=(1472, 672) pos=(1024, 736) path=27
target scene=222 area=(176, 1336) event=4061 script=41131 mode=5 state=1 player=(1040, 744) pos=(832, 576) path=21
target scene=222 area=(176, 1336) event=4062 script=41157 mode=5 state=1 player=(864, 576) pos=(284, 642) path=34
target scene=222 area=(176, 1336) event=4063 script=41173 mode=5 state=1 player=(320, 640) pos=(400, 840) path=29
trial cave complete with 36 puppet worms; using Earth Spirit Pearl script=39818
scene 222 -> 215 at frame 16284 position (672, 624)
leaving Trial Cave entrance with 36 puppet worms via script=34737
learned exit AreaKey { scene: 215, anchor: (224, 912) } event=3884 -> AreaKey { scene: 214, anchor: (160, 112) }
scene 215 -> 214 at frame 16284 position (592, 72)
returning 36 puppet worms to the Sage via event=3876 script=35294
scene 214 -> 259 at frame 16284 position (1088, 688)
target scene=259 area=(160, 464) event=4660 script=38780 mode=5 state=1 player=(1248, 800) pos=(1376, 864) path=7
learned targeted exit AreaKey { scene: 259, anchor: (160, 464) } event=4660 -> AreaKey { scene: 214, anchor: (160, 112) }
learned exit AreaKey { scene: 259, anchor: (160, 464) } event=4660 -> AreaKey { scene: 214, anchor: (160, 112) }
scene 259 -> 214 at frame 16291 position (592, 72)
returning 36 puppet worms to the Sage via event=3876 script=35294
scene 214 -> 259 at frame 16291 position (1088, 688)
target scene=259 area=(160, 464) event=4660 script=38780 mode=5 state=1 player=(1248, 800) pos=(1376, 864) path=7
learned targeted exit AreaKey { scene: 259, anchor: (160, 464) } event=4660 -> AreaKey { scene: 214, anchor: (160, 112) }
learned exit AreaKey { scene: 259, anchor: (160, 464) } event=4660 -> AreaKey { scene: 214, anchor: (160, 112) }
scene 259 -> 214 at frame 16298 position (592, 72)
returning 36 puppet worms to the Sage via event=3876 script=35294
scene 214 -> 259 at frame 16298 position (1088, 688)
target scene=259 area=(160, 464) event=4660 script=38780 mode=5 state=1 player=(1248, 800) pos=(1376, 864) path=7
learned targeted exit AreaKey { scene: 259, anchor: (160, 464) } event=4660 -> AreaKey { scene: 214, anchor: (160, 112) }
learned exit AreaKey { scene: 259, anchor: (160, 464) } event=4660 -> AreaKey { scene: 214, anchor: (160, 112) }
scene 259 -> 214 at frame 16305 position (592, 72)
returning 36 puppet worms to the Sage via event=3876 script=35294
scene 214 -> 259 at frame 16305 position (1088, 688)
target scene=259 area=(160, 464) event=4660 script=38780 mode=5 state=1 player=(1248, 800) pos=(1376, 864) path=7
learned targeted exit AreaKey { scene: 259, anchor: (160, 464) } event=4660 -> AreaKey { scene: 214, anchor: (160, 112) }
learned exit AreaKey { scene: 259, anchor: (160, 464) } event=4660 -> AreaKey { scene: 214, anchor: (160, 112) }
scene 259 -> 214 at frame 16312 position (592, 72)
returning 36 puppet worms to the Sage via event=3876 script=35294
scene 214 -> 259 at frame 16312 position (1088, 688)
target scene=259 area=(160, 464) event=4660 script=38780 mode=5 state=1 player=(1248, 800) pos=(1376, 864) path=7
learned targeted exit AreaKey { scene: 259, anchor: (160, 464) } event=4660 -> AreaKey { scene: 214, anchor: (160, 112) }
learned exit AreaKey { scene: 259, anchor: (160, 464) } event=4660 -> AreaKey { scene: 214, anchor: (160, 112) }
scene 259 -> 214 at frame 16319 position (592, 72)
returning 36 puppet worms to the Sage via event=3876 script=35294
scene 214 -> 259 at frame 16319 position (1088, 688)
target scene=259 area=(160, 464) event=4660 script=38780 mode=5 state=1 player=(1248, 800) pos=(1376, 864) path=7
learned targeted exit AreaKey { scene: 259, anchor: (160, 464) } event=4660 -> AreaKey { scene: 214, anchor: (160, 112) }
learned exit AreaKey { scene: 259, anchor: (160, 464) } event=4660 -> AreaKey { scene: 214, anchor: (160, 112) }
scene 259 -> 214 at frame 16326 position (592, 72)
returning 36 puppet worms to the Sage via event=3876 script=35294
scene 214 -> 259 at frame 16326 position (1088, 688)
target scene=259 area=(160, 464) event=4660 script=38780 mode=5 state=1 player=(1248, 800) pos=(1376, 864) path=7
learned targeted exit AreaKey { scene: 259, anchor: (160, 464) } event=4660 -> AreaKey { scene: 214, anchor: (160, 112) }
learned exit AreaKey { scene: 259, anchor: (160, 464) } event=4660 -> AreaKey { scene: 214, anchor: (160, 112) }
scene 259 -> 214 at frame 16333 position (592, 72)
returning 36 puppet worms to the Sage via event=3876 script=35294
scene 214 -> 259 at frame 16333 position (1088, 688)
target scene=259 area=(160, 464) event=4660 script=38780 mode=5 state=1 player=(1248, 800) pos=(1376, 864) path=7
learned targeted exit AreaKey { scene: 259, anchor: (160, 464) } event=4660 -> AreaKey { scene: 214, anchor: (160, 112) }
learned exit AreaKey { scene: 259, anchor: (160, 464) } event=4660 -> AreaKey { scene: 214, anchor: (160, 112) }
scene 259 -> 214 at frame 16340 position (592, 72)
returning 36 puppet worms to the Sage via event=3876 script=35294
scene 214 -> 259 at frame 16340 position (1088, 688)
target scene=259 area=(160, 464) event=4660 script=38780 mode=5 state=1 player=(1248, 800) pos=(1376, 864) path=7
learned targeted exit AreaKey { scene: 259, anchor: (160, 464) } event=4660 -> AreaKey { scene: 214, anchor: (160, 112) }
learned exit AreaKey { scene: 259, anchor: (160, 464) } event=4660 -> AreaKey { scene: 214, anchor: (160, 112) }
scene 259 -> 214 at frame 16347 position (592, 72)
returning 36 puppet worms to the Sage via event=3876 script=35294
scene 214 -> 259 at frame 16347 position (1088, 688)
target scene=259 area=(160, 464) event=4660 script=38780 mode=5 state=1 player=(1248, 800) pos=(1376, 864) path=7
learned targeted exit AreaKey { scene: 259, anchor: (160, 464) } event=4660 -> AreaKey { scene: 214, anchor: (160, 112) }
learned exit AreaKey { scene: 259, anchor: (160, 464) } event=4660 -> AreaKey { scene: 214, anchor: (160, 112) }
scene 259 -> 214 at frame 16354 position (592, 72)
returning 36 puppet worms to the Sage via event=3876 script=35294
scene 214 -> 259 at frame 16354 position (1088, 688)
target scene=259 area=(160, 464) event=4659 script=38117 mode=6 state=1 player=(1248, 800) pos=(1568, 384) path=49
learned targeted exit AreaKey { scene: 259, anchor: (160, 464) } event=4659 -> AreaKey { scene: 260, anchor: (160, 112) }
learned exit AreaKey { scene: 259, anchor: (160, 464) } event=4659 -> AreaKey { scene: 260, anchor: (160, 112) }
scene 259 -> 260 at frame 16403 position (176, 1624)
target scene=260 area=(160, 112) event=4706 script=38141 mode=6 state=1 player=(336, 1736) pos=(512, 912) path=106
learned targeted exit AreaKey { scene: 260, anchor: (160, 112) } event=4706 -> AreaKey { scene: 263, anchor: (432, 1320) }
learned exit AreaKey { scene: 260, anchor: (160, 112) } event=4706 -> AreaKey { scene: 263, anchor: (432, 1320) }
scene 260 -> 263 at frame 16509 position (400, 1160)
target scene=263 area=(432, 1320) event=4813 script=38149 mode=7 state=1 player=(560, 1272) pos=(1376, 704) path=66
learned targeted exit AreaKey { scene: 263, anchor: (432, 1320) } event=4813 -> AreaKey { scene: 265, anchor: (160, 112) }
learned exit AreaKey { scene: 263, anchor: (432, 1320) } event=4813 -> AreaKey { scene: 265, anchor: (160, 112) }
scene 263 -> 265 at frame 16575 position (128, 1280)
escaping closed scene loop through event=4842 script=38157 destination=Some(272)
scene 265 -> 272 at frame 16575 position (320, 1376)
escaping closed scene loop through event=4922 script=38161 destination=Some(265)
scene 272 -> 265 at frame 16575 position (1584, 1064)
escaping closed scene loop through event=4842 script=38157 destination=Some(272)
scene 265 -> 272 at frame 16575 position (320, 1376)
escaping closed scene loop through event=4922 script=38161 destination=Some(265)
scene 272 -> 265 at frame 16575 position (1584, 1064)
escaping closed scene loop through event=4841 script=38153 destination=Some(263)
scene 265 -> 263 at frame 16575 position (1152, 624)
target scene=263 area=(432, 1320) event=4813 script=38149 mode=7 state=1 player=(1312, 736) pos=(1376, 704) path=1
learned targeted exit AreaKey { scene: 263, anchor: (432, 1320) } event=4813 -> AreaKey { scene: 265, anchor: (160, 112) }
learned exit AreaKey { scene: 263, anchor: (432, 1320) } event=4813 -> AreaKey { scene: 265, anchor: (160, 112) }
scene 263 -> 265 at frame 16576 position (128, 1280)
escaping closed scene loop through event=4842 script=38157 destination=Some(272)
scene 265 -> 272 at frame 16576 position (320, 1376)
escaping closed scene loop through event=4922 script=38161 destination=Some(265)
scene 272 -> 265 at frame 16576 position (1584, 1064)
escaping closed scene loop through event=4841 script=38153 destination=Some(263)
scene 265 -> 263 at frame 16576 position (1152, 624)
target scene=263 area=(432, 1320) event=4813 script=38149 mode=7 state=1 player=(1312, 736) pos=(1376, 704) path=1
learned targeted exit AreaKey { scene: 263, anchor: (432, 1320) } event=4813 -> AreaKey { scene: 265, anchor: (160, 112) }
learned exit AreaKey { scene: 263, anchor: (432, 1320) } event=4813 -> AreaKey { scene: 265, anchor: (160, 112) }
scene 263 -> 265 at frame 16577 position (128, 1280)
escaping closed scene loop through event=4842 script=38157 destination=Some(272)
scene 265 -> 272 at frame 16577 position (320, 1376)
escaping closed scene loop through event=4922 script=38161 destination=Some(265)
scene 272 -> 265 at frame 16577 position (1584, 1064)
escaping closed scene loop through event=4841 script=38153 destination=Some(263)
scene 265 -> 263 at frame 16577 position (1152, 624)
target scene=263 area=(432, 1320) event=4813 script=38149 mode=7 state=1 player=(1312, 736) pos=(1376, 704) path=1
learned targeted exit AreaKey { scene: 263, anchor: (432, 1320) } event=4813 -> AreaKey { scene: 265, anchor: (160, 112) }
learned exit AreaKey { scene: 263, anchor: (432, 1320) } event=4813 -> AreaKey { scene: 265, anchor: (160, 112) }
scene 263 -> 265 at frame 16578 position (128, 1280)
escaping closed scene loop through event=4842 script=38157 destination=Some(272)
scene 265 -> 272 at frame 16578 position (320, 1376)
escaping closed scene loop through event=4922 script=38161 destination=Some(265)
scene 272 -> 265 at frame 16578 position (1584, 1064)
escaping closed scene loop through event=4841 script=38153 destination=Some(263)
scene 265 -> 263 at frame 16578 position (1152, 624)
target scene=263 area=(432, 1320) event=4813 script=38149 mode=7 state=1 player=(1312, 736) pos=(1376, 704) path=1
learned targeted exit AreaKey { scene: 263, anchor: (432, 1320) } event=4813 -> AreaKey { scene: 265, anchor: (160, 112) }
learned exit AreaKey { scene: 263, anchor: (432, 1320) } event=4813 -> AreaKey { scene: 265, anchor: (160, 112) }
scene 263 -> 265 at frame 16579 position (128, 1280)
escaping closed scene loop through event=4842 script=38157 destination=Some(272)
scene 265 -> 272 at frame 16579 position (320, 1376)
escaping closed scene loop through event=4922 script=38161 destination=Some(265)
scene 272 -> 265 at frame 16579 position (1584, 1064)
escaping closed scene loop through event=4841 script=38153 destination=Some(263)
scene 265 -> 263 at frame 16579 position (1152, 624)
target scene=263 area=(432, 1320) event=4813 script=38149 mode=7 state=1 player=(1312, 736) pos=(1376, 704) path=1
learned targeted exit AreaKey { scene: 263, anchor: (432, 1320) } event=4813 -> AreaKey { scene: 265, anchor: (160, 112) }
learned exit AreaKey { scene: 263, anchor: (432, 1320) } event=4813 -> AreaKey { scene: 265, anchor: (160, 112) }
scene 263 -> 265 at frame 16580 position (128, 1280)
escaping closed scene loop through event=4842 script=38157 destination=Some(272)
scene 265 -> 272 at frame 16580 position (320, 1376)
escaping closed scene loop through event=4922 script=38161 destination=Some(265)
scene 272 -> 265 at frame 16580 position (1584, 1064)
escaping closed scene loop through event=4841 script=38153 destination=Some(263)
scene 265 -> 263 at frame 16580 position (1152, 624)
target scene=263 area=(432, 1320) event=4812 script=38145 mode=7 state=1 player=(1312, 736) pos=(432, 1336) path=71
learned targeted exit AreaKey { scene: 263, anchor: (432, 1320) } event=4812 -> AreaKey { scene: 260, anchor: (160, 112) }
learned exit AreaKey { scene: 263, anchor: (432, 1320) } event=4812 -> AreaKey { scene: 260, anchor: (160, 112) }
scene 263 -> 260 at frame 16651 position (288, 832)
target scene=260 area=(160, 112) event=4715 script=38273 mode=6 state=1 player=(448, 944) pos=(1712, 824) path=222
learned targeted exit AreaKey { scene: 260, anchor: (160, 112) } event=4715 -> AreaKey { scene: 273, anchor: (160, 112) }
learned exit AreaKey { scene: 260, anchor: (160, 112) } event=4715 -> AreaKey { scene: 273, anchor: (160, 112) }
scene 260 -> 273 at frame 16873 position (112, 1496)
target scene=273 area=(160, 112) event=4936 script=38277 mode=5 state=1 player=(272, 1608) pos=(608, 432) path=145
learned targeted exit AreaKey { scene: 273, anchor: (160, 112) } event=4936 -> AreaKey { scene: 266, anchor: (160, 816) }
learned exit AreaKey { scene: 273, anchor: (160, 112) } event=4936 -> AreaKey { scene: 266, anchor: (160, 816) }
scene 273 -> 266 at frame 17018 position (1568, 1184)
target scene=266 area=(160, 816) event=4867 script=38281 mode=6 state=1 player=(1728, 1296) pos=(1776, 1320) path=1
learned targeted exit AreaKey { scene: 266, anchor: (160, 816) } event=4867 -> AreaKey { scene: 273, anchor: (160, 112) }
learned exit AreaKey { scene: 266, anchor: (160, 816) } event=4867 -> AreaKey { scene: 273, anchor: (160, 112) }
scene 266 -> 273 at frame 17019 position (496, 344)
target scene=273 area=(160, 112) event=4936 script=38277 mode=5 state=1 player=(656, 456) pos=(608, 432) path=2
learned targeted exit AreaKey { scene: 273, anchor: (160, 112) } event=4936 -> AreaKey { scene: 266, anchor: (160, 816) }
learned exit AreaKey { scene: 273, anchor: (160, 112) } event=4936 -> AreaKey { scene: 266, anchor: (160, 816) }
scene 273 -> 266 at frame 17021 position (1568, 1184)
target scene=266 area=(160, 816) event=4867 script=38281 mode=6 state=1 player=(1728, 1296) pos=(1776, 1320) path=1
learned targeted exit AreaKey { scene: 266, anchor: (160, 816) } event=4867 -> AreaKey { scene: 273, anchor: (160, 112) }
learned exit AreaKey { scene: 266, anchor: (160, 816) } event=4867 -> AreaKey { scene: 273, anchor: (160, 112) }
scene 266 -> 273 at frame 17022 position (496, 344)
target scene=273 area=(160, 112) event=4936 script=38277 mode=5 state=1 player=(656, 456) pos=(608, 432) path=2
learned targeted exit AreaKey { scene: 273, anchor: (160, 112) } event=4936 -> AreaKey { scene: 266, anchor: (160, 816) }
learned exit AreaKey { scene: 273, anchor: (160, 112) } event=4936 -> AreaKey { scene: 266, anchor: (160, 816) }
scene 273 -> 266 at frame 17024 position (1568, 1184)
target scene=266 area=(160, 816) event=4867 script=38281 mode=6 state=1 player=(1728, 1296) pos=(1776, 1320) path=1
learned targeted exit AreaKey { scene: 266, anchor: (160, 816) } event=4867 -> AreaKey { scene: 273, anchor: (160, 112) }
learned exit AreaKey { scene: 266, anchor: (160, 816) } event=4867 -> AreaKey { scene: 273, anchor: (160, 112) }
scene 266 -> 273 at frame 17025 position (496, 344)
target scene=273 area=(160, 112) event=4936 script=38277 mode=5 state=1 player=(656, 456) pos=(608, 432) path=2
learned targeted exit AreaKey { scene: 273, anchor: (160, 112) } event=4936 -> AreaKey { scene: 266, anchor: (160, 816) }
learned exit AreaKey { scene: 273, anchor: (160, 112) } event=4936 -> AreaKey { scene: 266, anchor: (160, 816) }
scene 273 -> 266 at frame 17027 position (1568, 1184)
target scene=266 area=(160, 816) event=4867 script=38281 mode=6 state=1 player=(1728, 1296) pos=(1776, 1320) path=1
learned targeted exit AreaKey { scene: 266, anchor: (160, 816) } event=4867 -> AreaKey { scene: 273, anchor: (160, 112) }
learned exit AreaKey { scene: 266, anchor: (160, 816) } event=4867 -> AreaKey { scene: 273, anchor: (160, 112) }
scene 266 -> 273 at frame 17028 position (496, 344)
target scene=273 area=(160, 112) event=4936 script=38277 mode=5 state=1 player=(656, 456) pos=(608, 432) path=2
learned targeted exit AreaKey { scene: 273, anchor: (160, 112) } event=4936 -> AreaKey { scene: 266, anchor: (160, 816) }
learned exit AreaKey { scene: 273, anchor: (160, 112) } event=4936 -> AreaKey { scene: 266, anchor: (160, 816) }
scene 273 -> 266 at frame 17030 position (1568, 1184)
target scene=266 area=(160, 816) event=4867 script=38281 mode=6 state=1 player=(1728, 1296) pos=(1776, 1320) path=1
learned targeted exit AreaKey { scene: 266, anchor: (160, 816) } event=4867 -> AreaKey { scene: 273, anchor: (160, 112) }
learned exit AreaKey { scene: 266, anchor: (160, 816) } event=4867 -> AreaKey { scene: 273, anchor: (160, 112) }
scene 266 -> 273 at frame 17031 position (496, 344)
target scene=273 area=(160, 112) event=4936 script=38277 mode=5 state=1 player=(656, 456) pos=(608, 432) path=2
learned targeted exit AreaKey { scene: 273, anchor: (160, 112) } event=4936 -> AreaKey { scene: 266, anchor: (160, 816) }
learned exit AreaKey { scene: 273, anchor: (160, 112) } event=4936 -> AreaKey { scene: 266, anchor: (160, 816) }
scene 273 -> 266 at frame 17033 position (1568, 1184)
target scene=266 area=(160, 816) event=4867 script=38281 mode=6 state=1 player=(1728, 1296) pos=(1776, 1320) path=1
learned targeted exit AreaKey { scene: 266, anchor: (160, 816) } event=4867 -> AreaKey { scene: 273, anchor: (160, 112) }
learned exit AreaKey { scene: 266, anchor: (160, 816) } event=4867 -> AreaKey { scene: 273, anchor: (160, 112) }
scene 266 -> 273 at frame 17034 position (496, 344)
target scene=273 area=(160, 112) event=4936 script=38277 mode=5 state=1 player=(656, 456) pos=(608, 432) path=2
learned targeted exit AreaKey { scene: 273, anchor: (160, 112) } event=4936 -> AreaKey { scene: 266, anchor: (160, 816) }
learned exit AreaKey { scene: 273, anchor: (160, 112) } event=4936 -> AreaKey { scene: 266, anchor: (160, 816) }
scene 273 -> 266 at frame 17036 position (1568, 1184)
target scene=266 area=(160, 816) event=4867 script=38281 mode=6 state=1 player=(1728, 1296) pos=(1776, 1320) path=1
learned targeted exit AreaKey { scene: 266, anchor: (160, 816) } event=4867 -> AreaKey { scene: 273, anchor: (160, 112) }
learned exit AreaKey { scene: 266, anchor: (160, 816) } event=4867 -> AreaKey { scene: 273, anchor: (160, 112) }
scene 266 -> 273 at frame 17037 position (496, 344)
target scene=273 area=(160, 112) event=4936 script=38277 mode=5 state=1 player=(656, 456) pos=(608, 432) path=2
learned targeted exit AreaKey { scene: 273, anchor: (160, 112) } event=4936 -> AreaKey { scene: 266, anchor: (160, 816) }
learned exit AreaKey { scene: 273, anchor: (160, 112) } event=4936 -> AreaKey { scene: 266, anchor: (160, 816) }
scene 273 -> 266 at frame 17039 position (1568, 1184)
target scene=266 area=(160, 816) event=4867 script=38281 mode=6 state=1 player=(1728, 1296) pos=(1776, 1320) path=1
learned targeted exit AreaKey { scene: 266, anchor: (160, 816) } event=4867 -> AreaKey { scene: 273, anchor: (160, 112) }
learned exit AreaKey { scene: 266, anchor: (160, 816) } event=4867 -> AreaKey { scene: 273, anchor: (160, 112) }
scene 266 -> 273 at frame 17040 position (496, 344)
target scene=273 area=(160, 112) event=4936 script=38277 mode=5 state=1 player=(656, 456) pos=(608, 432) path=2
learned targeted exit AreaKey { scene: 273, anchor: (160, 112) } event=4936 -> AreaKey { scene: 266, anchor: (160, 816) }
learned exit AreaKey { scene: 273, anchor: (160, 112) } event=4936 -> AreaKey { scene: 266, anchor: (160, 816) }
scene 273 -> 266 at frame 17042 position (1568, 1184)
target scene=266 area=(160, 816) event=4867 script=38281 mode=6 state=1 player=(1728, 1296) pos=(1776, 1320) path=1
learned targeted exit AreaKey { scene: 266, anchor: (160, 816) } event=4867 -> AreaKey { scene: 273, anchor: (160, 112) }
learned exit AreaKey { scene: 266, anchor: (160, 816) } event=4867 -> AreaKey { scene: 273, anchor: (160, 112) }
scene 266 -> 273 at frame 17043 position (496, 344)
target scene=273 area=(160, 112) event=4936 script=38277 mode=5 state=1 player=(656, 456) pos=(608, 432) path=2
learned targeted exit AreaKey { scene: 273, anchor: (160, 112) } event=4936 -> AreaKey { scene: 266, anchor: (160, 816) }
learned exit AreaKey { scene: 273, anchor: (160, 112) } event=4936 -> AreaKey { scene: 266, anchor: (160, 816) }
scene 273 -> 266 at frame 17045 position (1568, 1184)
target scene=266 area=(160, 816) event=4867 script=38281 mode=6 state=1 player=(1728, 1296) pos=(1776, 1320) path=1
learned targeted exit AreaKey { scene: 266, anchor: (160, 816) } event=4867 -> AreaKey { scene: 273, anchor: (160, 112) }
learned exit AreaKey { scene: 266, anchor: (160, 816) } event=4867 -> AreaKey { scene: 273, anchor: (160, 112) }
scene 266 -> 273 at frame 17046 position (496, 344)
target scene=273 area=(160, 112) event=4936 script=38277 mode=5 state=1 player=(656, 456) pos=(608, 432) path=2
learned targeted exit AreaKey { scene: 273, anchor: (160, 112) } event=4936 -> AreaKey { scene: 266, anchor: (160, 816) }
learned exit AreaKey { scene: 273, anchor: (160, 112) } event=4936 -> AreaKey { scene: 266, anchor: (160, 816) }
scene 273 -> 266 at frame 17048 position (1568, 1184)
target scene=266 area=(160, 816) event=4867 script=38281 mode=6 state=1 player=(1728, 1296) pos=(1776, 1320) path=1
learned targeted exit AreaKey { scene: 266, anchor: (160, 816) } event=4867 -> AreaKey { scene: 273, anchor: (160, 112) }
learned exit AreaKey { scene: 266, anchor: (160, 816) } event=4867 -> AreaKey { scene: 273, anchor: (160, 112) }
scene 266 -> 273 at frame 17049 position (496, 344)
target scene=273 area=(160, 112) event=4936 script=38277 mode=5 state=1 player=(656, 456) pos=(608, 432) path=2
learned targeted exit AreaKey { scene: 273, anchor: (160, 112) } event=4936 -> AreaKey { scene: 266, anchor: (160, 816) }
learned exit AreaKey { scene: 273, anchor: (160, 112) } event=4936 -> AreaKey { scene: 266, anchor: (160, 816) }
scene 273 -> 266 at frame 17051 position (1568, 1184)
target scene=266 area=(160, 816) event=4867 script=38281 mode=6 state=1 player=(1728, 1296) pos=(1776, 1320) path=1
learned targeted exit AreaKey { scene: 266, anchor: (160, 816) } event=4867 -> AreaKey { scene: 273, anchor: (160, 112) }
learned exit AreaKey { scene: 266, anchor: (160, 816) } event=4867 -> AreaKey { scene: 273, anchor: (160, 112) }
scene 266 -> 273 at frame 17052 position (496, 344)
target scene=273 area=(160, 112) event=4936 script=38277 mode=5 state=1 player=(656, 456) pos=(608, 432) path=2
learned targeted exit AreaKey { scene: 273, anchor: (160, 112) } event=4936 -> AreaKey { scene: 266, anchor: (160, 816) }
learned exit AreaKey { scene: 273, anchor: (160, 112) } event=4936 -> AreaKey { scene: 266, anchor: (160, 816) }
scene 273 -> 266 at frame 17054 position (1568, 1184)
target scene=266 area=(160, 816) event=4867 script=38281 mode=6 state=1 player=(1728, 1296) pos=(1776, 1320) path=1
learned targeted exit AreaKey { scene: 266, anchor: (160, 816) } event=4867 -> AreaKey { scene: 273, anchor: (160, 112) }
learned exit AreaKey { scene: 266, anchor: (160, 816) } event=4867 -> AreaKey { scene: 273, anchor: (160, 112) }
scene 266 -> 273 at frame 17055 position (496, 344)
target scene=273 area=(160, 112) event=4936 script=38277 mode=5 state=1 player=(656, 456) pos=(608, 432) path=2
learned targeted exit AreaKey { scene: 273, anchor: (160, 112) } event=4936 -> AreaKey { scene: 266, anchor: (160, 816) }
learned exit AreaKey { scene: 273, anchor: (160, 112) } event=4936 -> AreaKey { scene: 266, anchor: (160, 816) }
scene 273 -> 266 at frame 17057 position (1568, 1184)
target scene=266 area=(160, 816) event=4867 script=38281 mode=6 state=1 player=(1728, 1296) pos=(1776, 1320) path=1
learned targeted exit AreaKey { scene: 266, anchor: (160, 816) } event=4867 -> AreaKey { scene: 273, anchor: (160, 112) }
learned exit AreaKey { scene: 266, anchor: (160, 816) } event=4867 -> AreaKey { scene: 273, anchor: (160, 112) }
scene 266 -> 273 at frame 17058 position (496, 344)
target scene=273 area=(160, 112) event=4936 script=38277 mode=5 state=1 player=(656, 456) pos=(608, 432) path=2
learned targeted exit AreaKey { scene: 273, anchor: (160, 112) } event=4936 -> AreaKey { scene: 266, anchor: (160, 816) }
learned exit AreaKey { scene: 273, anchor: (160, 112) } event=4936 -> AreaKey { scene: 266, anchor: (160, 816) }
scene 273 -> 266 at frame 17060 position (1568, 1184)
target scene=266 area=(160, 816) event=4867 script=38281 mode=6 state=1 player=(1728, 1296) pos=(1776, 1320) path=1
learned targeted exit AreaKey { scene: 266, anchor: (160, 816) } event=4867 -> AreaKey { scene: 273, anchor: (160, 112) }
learned exit AreaKey { scene: 266, anchor: (160, 816) } event=4867 -> AreaKey { scene: 273, anchor: (160, 112) }
scene 266 -> 273 at frame 17061 position (496, 344)
target scene=273 area=(160, 112) event=4937 script=38269 mode=6 state=1 player=(656, 456) pos=(208, 1640) path=145
learned targeted exit AreaKey { scene: 273, anchor: (160, 112) } event=4937 -> AreaKey { scene: 260, anchor: (160, 112) }
learned exit AreaKey { scene: 273, anchor: (160, 112) } event=4937 -> AreaKey { scene: 260, anchor: (160, 112) }
scene 273 -> 260 at frame 17206 position (1504, 752)
target scene=260 area=(160, 112) event=4761 script=40951 mode=6 state=1 player=(1664, 864) pos=(1768, 1204) path=39
target scene=260 area=(160, 112) event=4762 script=40685 mode=6 state=1 player=(1776, 1176) pos=(1648, 1272) path=9
target scene=260 area=(160, 112) event=4757 script=41095 mode=6 state=1 player=(1664, 1248) pos=(1648, 1512) path=31
target scene=260 area=(160, 112) event=4705 script=38133 mode=5 state=1 player=(1616, 1496) pos=(464, 280) path=222
learned targeted exit AreaKey { scene: 260, anchor: (160, 112) } event=4705 -> AreaKey { scene: 267, anchor: (160, 112) }
learned exit AreaKey { scene: 260, anchor: (160, 112) } event=4705 -> AreaKey { scene: 267, anchor: (160, 112) }
scene 260 -> 267 at frame 17522 position (1328, 1480)
target scene=267 area=(160, 112) event=4871 script=38296 mode=5 state=1 player=(1488, 1592) pos=(928, 1200) path=51
marked destination touch VisitKey { scene: 267, area: (960, 1152), event_id: 4870, trigger_script: 38293, trigger_mode: 5, state: 1 }
learned exit AreaKey { scene: 267, anchor: (160, 112) } event=4870 -> AreaKey { scene: 267, anchor: (960, 1152) }
area teleport in scene 267 at frame 17577: (848, 1288) -> (976, 1176)
continuing target event=4871 across area (960, 1152) path=0
forcing unreached touch target scene=267 event=4871 script=38296 player=(976, 1176) pos=(928, 1200)
running forced event=4871 script=38296 destination=None
area teleport in scene 267 at frame 17594: (976, 1176) -> (832, 1296)
target scene=267 area=(832, 1280) event=4871 script=38296 mode=5 state=1 player=(832, 1296) pos=(928, 1200) path=134
learned exit AreaKey { scene: 267, anchor: (832, 1280) } event=4868 -> AreaKey { scene: 260, anchor: (160, 112) }
scene 267 -> 260 at frame 17635 position (336, 184)
target scene=260 area=(160, 112) event=4705 script=38133 mode=5 state=1 player=(496, 296) pos=(464, 280) path=1
learned targeted exit AreaKey { scene: 260, anchor: (160, 112) } event=4705 -> AreaKey { scene: 267, anchor: (160, 112) }
learned exit AreaKey { scene: 260, anchor: (160, 112) } event=4705 -> AreaKey { scene: 267, anchor: (160, 112) }
scene 260 -> 267 at frame 17636 position (1328, 1480)
target scene=267 area=(160, 112) event=4871 script=38296 mode=5 state=1 player=(1488, 1592) pos=(928, 1200) path=51
marked destination touch VisitKey { scene: 267, area: (960, 1152), event_id: 4870, trigger_script: 38293, trigger_mode: 5, state: 1 }
learned exit AreaKey { scene: 267, anchor: (160, 112) } event=4870 -> AreaKey { scene: 267, anchor: (960, 1152) }
area teleport in scene 267 at frame 17691: (848, 1288) -> (976, 1176)
continuing target event=4871 across area (960, 1152) path=0
forcing unreached touch target scene=267 event=4871 script=38296 player=(976, 1176) pos=(928, 1200)
running forced event=4871 script=38296 destination=None
area teleport in scene 267 at frame 17708: (976, 1176) -> (832, 1296)
target scene=267 area=(832, 1280) event=4871 script=38296 mode=5 state=1 player=(832, 1296) pos=(928, 1200) path=10
marked destination touch VisitKey { scene: 267, area: (960, 1152), event_id: 4870, trigger_script: 38293, trigger_mode: 5, state: 1 }
learned exit AreaKey { scene: 267, anchor: (832, 1280) } event=4870 -> AreaKey { scene: 267, anchor: (960, 1152) }
area teleport in scene 267 at frame 17722: (848, 1288) -> (976, 1176)
continuing target event=4871 across area (960, 1152) path=0
forcing unreached touch target scene=267 event=4871 script=38296 player=(976, 1176) pos=(928, 1200)
running forced event=4871 script=38296 destination=None
area teleport in scene 267 at frame 17739: (976, 1176) -> (832, 1296)
target scene=267 area=(832, 1280) event=4871 script=38296 mode=5 state=1 player=(832, 1296) pos=(928, 1200) path=10
marked destination touch VisitKey { scene: 267, area: (960, 1152), event_id: 4870, trigger_script: 38293, trigger_mode: 5, state: 1 }
learned exit AreaKey { scene: 267, anchor: (832, 1280) } event=4870 -> AreaKey { scene: 267, anchor: (960, 1152) }
area teleport in scene 267 at frame 17753: (848, 1288) -> (976, 1176)
continuing target event=4871 across area (960, 1152) path=0
forcing unreached touch target scene=267 event=4871 script=38296 player=(976, 1176) pos=(928, 1200)
running forced event=4871 script=38296 destination=None
area teleport in scene 267 at frame 17770: (976, 1176) -> (832, 1296)
target scene=267 area=(832, 1280) event=4871 script=38296 mode=5 state=1 player=(832, 1296) pos=(928, 1200) path=10
marked destination touch VisitKey { scene: 267, area: (960, 1152), event_id: 4870, trigger_script: 38293, trigger_mode: 5, state: 1 }
learned exit AreaKey { scene: 267, anchor: (832, 1280) } event=4870 -> AreaKey { scene: 267, anchor: (960, 1152) }
area teleport in scene 267 at frame 17784: (848, 1288) -> (976, 1176)
continuing target event=4871 across area (960, 1152) path=0
forcing unreached touch target scene=267 event=4871 script=38296 player=(976, 1176) pos=(928, 1200)
running forced event=4871 script=38296 destination=None
area teleport in scene 267 at frame 17801: (976, 1176) -> (832, 1296)
target scene=267 area=(832, 1280) event=4871 script=38296 mode=5 state=1 player=(832, 1296) pos=(928, 1200) path=10
marked destination touch VisitKey { scene: 267, area: (960, 1152), event_id: 4870, trigger_script: 38293, trigger_mode: 5, state: 1 }
learned exit AreaKey { scene: 267, anchor: (832, 1280) } event=4870 -> AreaKey { scene: 267, anchor: (960, 1152) }
area teleport in scene 267 at frame 17815: (848, 1288) -> (976, 1176)
continuing target event=4871 across area (960, 1152) path=0
forcing unreached touch target scene=267 event=4871 script=38296 player=(976, 1176) pos=(928, 1200)
running forced event=4871 script=38296 destination=None
area teleport in scene 267 at frame 17832: (976, 1176) -> (832, 1296)
target scene=267 area=(832, 1280) event=4871 script=38296 mode=5 state=1 player=(832, 1296) pos=(928, 1200) path=10
marked destination touch VisitKey { scene: 267, area: (960, 1152), event_id: 4870, trigger_script: 38293, trigger_mode: 5, state: 1 }
learned exit AreaKey { scene: 267, anchor: (832, 1280) } event=4870 -> AreaKey { scene: 267, anchor: (960, 1152) }
area teleport in scene 267 at frame 17846: (848, 1288) -> (976, 1176)
continuing target event=4871 across area (960, 1152) path=0
forcing unreached touch target scene=267 event=4871 script=38296 player=(976, 1176) pos=(928, 1200)
running forced event=4871 script=38296 destination=None
area teleport in scene 267 at frame 17863: (976, 1176) -> (832, 1296)
target scene=267 area=(832, 1280) event=4871 script=38296 mode=5 state=1 player=(832, 1296) pos=(928, 1200) path=10
marked destination touch VisitKey { scene: 267, area: (960, 1152), event_id: 4870, trigger_script: 38293, trigger_mode: 5, state: 1 }
learned exit AreaKey { scene: 267, anchor: (832, 1280) } event=4870 -> AreaKey { scene: 267, anchor: (960, 1152) }
area teleport in scene 267 at frame 17877: (848, 1288) -> (976, 1176)
continuing target event=4871 across area (960, 1152) path=0
forcing unreached touch target scene=267 event=4871 script=38296 player=(976, 1176) pos=(928, 1200)
running forced event=4871 script=38296 destination=None
area teleport in scene 267 at frame 17894: (976, 1176) -> (832, 1296)
target scene=267 area=(832, 1280) event=4871 script=38296 mode=5 state=1 player=(832, 1296) pos=(928, 1200) path=10
marked destination touch VisitKey { scene: 267, area: (960, 1152), event_id: 4870, trigger_script: 38293, trigger_mode: 5, state: 1 }
learned exit AreaKey { scene: 267, anchor: (832, 1280) } event=4870 -> AreaKey { scene: 267, anchor: (960, 1152) }
area teleport in scene 267 at frame 17908: (848, 1288) -> (976, 1176)
continuing target event=4871 across area (960, 1152) path=0
forcing unreached touch target scene=267 event=4871 script=38296 player=(976, 1176) pos=(928, 1200)
running forced event=4871 script=38296 destination=None
area teleport in scene 267 at frame 17925: (976, 1176) -> (832, 1296)
target scene=267 area=(832, 1280) event=4871 script=38296 mode=5 state=1 player=(832, 1296) pos=(928, 1200) path=10
marked destination touch VisitKey { scene: 267, area: (960, 1152), event_id: 4870, trigger_script: 38293, trigger_mode: 5, state: 1 }
learned exit AreaKey { scene: 267, anchor: (832, 1280) } event=4870 -> AreaKey { scene: 267, anchor: (960, 1152) }
area teleport in scene 267 at frame 17939: (848, 1288) -> (976, 1176)
continuing target event=4871 across area (960, 1152) path=0
forcing unreached touch target scene=267 event=4871 script=38296 player=(976, 1176) pos=(928, 1200)
running forced event=4871 script=38296 destination=None
area teleport in scene 267 at frame 17956: (976, 1176) -> (832, 1296)
target scene=267 area=(832, 1280) event=4871 script=38296 mode=5 state=1 player=(832, 1296) pos=(928, 1200) path=10
marked destination touch VisitKey { scene: 267, area: (960, 1152), event_id: 4870, trigger_script: 38293, trigger_mode: 5, state: 1 }
learned exit AreaKey { scene: 267, anchor: (832, 1280) } event=4870 -> AreaKey { scene: 267, anchor: (960, 1152) }
area teleport in scene 267 at frame 17970: (848, 1288) -> (976, 1176)
continuing target event=4871 across area (960, 1152) path=0
forcing unreached touch target scene=267 event=4871 script=38296 player=(976, 1176) pos=(928, 1200)
running forced event=4871 script=38296 destination=None
area teleport in scene 267 at frame 17987: (976, 1176) -> (832, 1296)
target scene=267 area=(832, 1280) event=4871 script=38296 mode=5 state=1 player=(832, 1296) pos=(928, 1200) path=10
marked destination touch VisitKey { scene: 267, area: (960, 1152), event_id: 4870, trigger_script: 38293, trigger_mode: 5, state: 1 }
learned exit AreaKey { scene: 267, anchor: (832, 1280) } event=4870 -> AreaKey { scene: 267, anchor: (960, 1152) }
area teleport in scene 267 at frame 18001: (848, 1288) -> (976, 1176)
continuing target event=4871 across area (960, 1152) path=0
forcing unreached touch target scene=267 event=4871 script=38296 player=(976, 1176) pos=(928, 1200)
running forced event=4871 script=38296 destination=None
area teleport in scene 267 at frame 18018: (976, 1176) -> (832, 1296)
target scene=267 area=(832, 1280) event=4871 script=38296 mode=5 state=1 player=(832, 1296) pos=(928, 1200) path=10
marked destination touch VisitKey { scene: 267, area: (960, 1152), event_id: 4870, trigger_script: 38293, trigger_mode: 5, state: 1 }
learned exit AreaKey { scene: 267, anchor: (832, 1280) } event=4870 -> AreaKey { scene: 267, anchor: (960, 1152) }
area teleport in scene 267 at frame 18032: (848, 1288) -> (976, 1176)
continuing target event=4871 across area (960, 1152) path=0
forcing unreached touch target scene=267 event=4871 script=38296 player=(976, 1176) pos=(928, 1200)
running forced event=4871 script=38296 destination=None
area teleport in scene 267 at frame 18049: (976, 1176) -> (832, 1296)
target scene=267 area=(832, 1280) event=4871 script=38296 mode=5 state=1 player=(832, 1296) pos=(928, 1200) path=10
marked destination touch VisitKey { scene: 267, area: (960, 1152), event_id: 4870, trigger_script: 38293, trigger_mode: 5, state: 1 }
learned exit AreaKey { scene: 267, anchor: (832, 1280) } event=4870 -> AreaKey { scene: 267, anchor: (960, 1152) }
area teleport in scene 267 at frame 18063: (848, 1288) -> (976, 1176)
continuing target event=4871 across area (960, 1152) path=0
forcing unreached touch target scene=267 event=4871 script=38296 player=(976, 1176) pos=(928, 1200)
running forced event=4871 script=38296 destination=None
area teleport in scene 267 at frame 18080: (976, 1176) -> (832, 1296)
target scene=267 area=(832, 1280) event=4871 script=38296 mode=5 state=1 player=(832, 1296) pos=(928, 1200) path=10
marked destination touch VisitKey { scene: 267, area: (960, 1152), event_id: 4870, trigger_script: 38293, trigger_mode: 5, state: 1 }
learned exit AreaKey { scene: 267, anchor: (832, 1280) } event=4870 -> AreaKey { scene: 267, anchor: (960, 1152) }
area teleport in scene 267 at frame 18094: (848, 1288) -> (976, 1176)
continuing target event=4871 across area (960, 1152) path=0
forcing unreached touch target scene=267 event=4871 script=38296 player=(976, 1176) pos=(928, 1200)
running forced event=4871 script=38296 destination=None
area teleport in scene 267 at frame 18111: (976, 1176) -> (832, 1296)
target scene=267 area=(832, 1280) event=4871 script=38296 mode=5 state=1 player=(832, 1296) pos=(928, 1200) path=10
marked destination touch VisitKey { scene: 267, area: (960, 1152), event_id: 4870, trigger_script: 38293, trigger_mode: 5, state: 1 }
learned exit AreaKey { scene: 267, anchor: (832, 1280) } event=4870 -> AreaKey { scene: 267, anchor: (960, 1152) }
area teleport in scene 267 at frame 18125: (848, 1288) -> (976, 1176)
continuing target event=4871 across area (960, 1152) path=0
forcing unreached touch target scene=267 event=4871 script=38296 player=(976, 1176) pos=(928, 1200)
running forced event=4871 script=38296 destination=None
area teleport in scene 267 at frame 18142: (976, 1176) -> (832, 1296)
target scene=267 area=(832, 1280) event=4871 script=38296 mode=5 state=1 player=(832, 1296) pos=(928, 1200) path=10
marked destination touch VisitKey { scene: 267, area: (960, 1152), event_id: 4870, trigger_script: 38293, trigger_mode: 5, state: 1 }
learned exit AreaKey { scene: 267, anchor: (832, 1280) } event=4870 -> AreaKey { scene: 267, anchor: (960, 1152) }
area teleport in scene 267 at frame 18156: (848, 1288) -> (976, 1176)
continuing target event=4871 across area (960, 1152) path=0
forcing unreached touch target scene=267 event=4871 script=38296 player=(976, 1176) pos=(928, 1200)
running forced event=4871 script=38296 destination=None
area teleport in scene 267 at frame 18173: (976, 1176) -> (832, 1296)
target scene=267 area=(832, 1280) event=4871 script=38296 mode=5 state=1 player=(832, 1296) pos=(928, 1200) path=10
marked destination touch VisitKey { scene: 267, area: (960, 1152), event_id: 4870, trigger_script: 38293, trigger_mode: 5, state: 1 }
learned exit AreaKey { scene: 267, anchor: (832, 1280) } event=4870 -> AreaKey { scene: 267, anchor: (960, 1152) }
area teleport in scene 267 at frame 18187: (848, 1288) -> (976, 1176)
continuing target event=4871 across area (960, 1152) path=0
forcing unreached touch target scene=267 event=4871 script=38296 player=(976, 1176) pos=(928, 1200)
running forced event=4871 script=38296 destination=None
area teleport in scene 267 at frame 18204: (976, 1176) -> (832, 1296)
target scene=267 area=(832, 1280) event=4871 script=38296 mode=5 state=1 player=(832, 1296) pos=(928, 1200) path=10
marked destination touch VisitKey { scene: 267, area: (960, 1152), event_id: 4870, trigger_script: 38293, trigger_mode: 5, state: 1 }
learned exit AreaKey { scene: 267, anchor: (832, 1280) } event=4870 -> AreaKey { scene: 267, anchor: (960, 1152) }
area teleport in scene 267 at frame 18218: (848, 1288) -> (976, 1176)
continuing target event=4871 across area (960, 1152) path=0
forcing unreached touch target scene=267 event=4871 script=38296 player=(976, 1176) pos=(928, 1200)
running forced event=4871 script=38296 destination=None
area teleport in scene 267 at frame 18235: (976, 1176) -> (832, 1296)
target scene=267 area=(832, 1280) event=4871 script=38296 mode=5 state=1 player=(832, 1296) pos=(928, 1200) path=10
marked destination touch VisitKey { scene: 267, area: (960, 1152), event_id: 4870, trigger_script: 38293, trigger_mode: 5, state: 1 }
learned exit AreaKey { scene: 267, anchor: (832, 1280) } event=4870 -> AreaKey { scene: 267, anchor: (960, 1152) }
area teleport in scene 267 at frame 18249: (848, 1288) -> (976, 1176)
continuing target event=4871 across area (960, 1152) path=0
forcing unreached touch target scene=267 event=4871 script=38296 player=(976, 1176) pos=(928, 1200)
running forced event=4871 script=38296 destination=None
area teleport in scene 267 at frame 18266: (976, 1176) -> (832, 1296)
target scene=267 area=(832, 1280) event=4871 script=38296 mode=5 state=1 player=(832, 1296) pos=(928, 1200) path=10
marked destination touch VisitKey { scene: 267, area: (960, 1152), event_id: 4870, trigger_script: 38293, trigger_mode: 5, state: 1 }
learned exit AreaKey { scene: 267, anchor: (832, 1280) } event=4870 -> AreaKey { scene: 267, anchor: (960, 1152) }
area teleport in scene 267 at frame 18280: (848, 1288) -> (976, 1176)
continuing target event=4871 across area (960, 1152) path=0
forcing unreached touch target scene=267 event=4871 script=38296 player=(976, 1176) pos=(928, 1200)
running forced event=4871 script=38296 destination=None
area teleport in scene 267 at frame 18297: (976, 1176) -> (832, 1296)
target scene=267 area=(832, 1280) event=4871 script=38296 mode=5 state=1 player=(832, 1296) pos=(928, 1200) path=10
marked destination touch VisitKey { scene: 267, area: (960, 1152), event_id: 4870, trigger_script: 38293, trigger_mode: 5, state: 1 }
learned exit AreaKey { scene: 267, anchor: (832, 1280) } event=4870 -> AreaKey { scene: 267, anchor: (960, 1152) }
area teleport in scene 267 at frame 18311: (848, 1288) -> (976, 1176)
continuing target event=4871 across area (960, 1152) path=0
forcing unreached touch target scene=267 event=4871 script=38296 player=(976, 1176) pos=(928, 1200)
running forced event=4871 script=38296 destination=None
area teleport in scene 267 at frame 18328: (976, 1176) -> (832, 1296)
target scene=267 area=(832, 1280) event=4871 script=38296 mode=5 state=1 player=(832, 1296) pos=(928, 1200) path=10
marked destination touch VisitKey { scene: 267, area: (960, 1152), event_id: 4870, trigger_script: 38293, trigger_mode: 5, state: 1 }
learned exit AreaKey { scene: 267, anchor: (832, 1280) } event=4870 -> AreaKey { scene: 267, anchor: (960, 1152) }
area teleport in scene 267 at frame 18342: (848, 1288) -> (976, 1176)
continuing target event=4871 across area (960, 1152) path=0
forcing unreached touch target scene=267 event=4871 script=38296 player=(976, 1176) pos=(928, 1200)
running forced event=4871 script=38296 destination=None
area teleport in scene 267 at frame 18359: (976, 1176) -> (832, 1296)
target scene=267 area=(832, 1280) event=4871 script=38296 mode=5 state=1 player=(832, 1296) pos=(928, 1200) path=10
marked destination touch VisitKey { scene: 267, area: (960, 1152), event_id: 4870, trigger_script: 38293, trigger_mode: 5, state: 1 }
learned exit AreaKey { scene: 267, anchor: (832, 1280) } event=4870 -> AreaKey { scene: 267, anchor: (960, 1152) }
area teleport in scene 267 at frame 18373: (848, 1288) -> (976, 1176)
continuing target event=4871 across area (960, 1152) path=0
forcing unreached touch target scene=267 event=4871 script=38296 player=(976, 1176) pos=(928, 1200)
running forced event=4871 script=38296 destination=None
area teleport in scene 267 at frame 18390: (976, 1176) -> (832, 1296)
target scene=267 area=(832, 1280) event=4871 script=38296 mode=5 state=1 player=(832, 1296) pos=(928, 1200) path=10
marked destination touch VisitKey { scene: 267, area: (960, 1152), event_id: 4870, trigger_script: 38293, trigger_mode: 5, state: 1 }
learned exit AreaKey { scene: 267, anchor: (832, 1280) } event=4870 -> AreaKey { scene: 267, anchor: (960, 1152) }
area teleport in scene 267 at frame 18404: (848, 1288) -> (976, 1176)
continuing target event=4871 across area (960, 1152) path=0
forcing unreached touch target scene=267 event=4871 script=38296 player=(976, 1176) pos=(928, 1200)
running forced event=4871 script=38296 destination=None
area teleport in scene 267 at frame 18421: (976, 1176) -> (832, 1296)
target scene=267 area=(832, 1280) event=4871 script=38296 mode=5 state=1 player=(832, 1296) pos=(928, 1200) path=10
marked destination touch VisitKey { scene: 267, area: (960, 1152), event_id: 4870, trigger_script: 38293, trigger_mode: 5, state: 1 }
learned exit AreaKey { scene: 267, anchor: (832, 1280) } event=4870 -> AreaKey { scene: 267, anchor: (960, 1152) }
area teleport in scene 267 at frame 18435: (848, 1288) -> (976, 1176)
continuing target event=4871 across area (960, 1152) path=0
forcing unreached touch target scene=267 event=4871 script=38296 player=(976, 1176) pos=(928, 1200)
running forced event=4871 script=38296 destination=None
area teleport in scene 267 at frame 18452: (976, 1176) -> (832, 1296)
target scene=267 area=(832, 1280) event=4871 script=38296 mode=5 state=1 player=(832, 1296) pos=(928, 1200) path=10
marked destination touch VisitKey { scene: 267, area: (960, 1152), event_id: 4870, trigger_script: 38293, trigger_mode: 5, state: 1 }
learned exit AreaKey { scene: 267, anchor: (832, 1280) } event=4870 -> AreaKey { scene: 267, anchor: (960, 1152) }
area teleport in scene 267 at frame 18466: (848, 1288) -> (976, 1176)
continuing target event=4871 across area (960, 1152) path=0
forcing unreached touch target scene=267 event=4871 script=38296 player=(976, 1176) pos=(928, 1200)
running forced event=4871 script=38296 destination=None
area teleport in scene 267 at frame 18483: (976, 1176) -> (832, 1296)
target scene=267 area=(832, 1280) event=4871 script=38296 mode=5 state=1 player=(832, 1296) pos=(928, 1200) path=10
marked destination touch VisitKey { scene: 267, area: (960, 1152), event_id: 4870, trigger_script: 38293, trigger_mode: 5, state: 1 }
learned exit AreaKey { scene: 267, anchor: (832, 1280) } event=4870 -> AreaKey { scene: 267, anchor: (960, 1152) }
area teleport in scene 267 at frame 18497: (848, 1288) -> (976, 1176)
continuing target event=4871 across area (960, 1152) path=0
escaping closed scene loop through event=4869 script=38285 destination=Some(271)
scene 267 -> 271 at frame 18497 position (720, 296)
target scene=271 area=(160, 112) event=4921 script=38289 mode=5 state=1 player=(880, 408) pos=(928, 432) path=2
learned targeted exit AreaKey { scene: 271, anchor: (160, 112) } event=4921 -> AreaKey { scene: 267, anchor: (160, 112) }
learned exit AreaKey { scene: 271, anchor: (160, 112) } event=4921 -> AreaKey { scene: 267, anchor: (160, 112) }
scene 271 -> 267 at frame 18499 position (1008, 1112)
escaping closed scene loop through event=4869 script=38285 destination=Some(271)
scene 267 -> 271 at frame 18499 position (720, 296)
target scene=271 area=(160, 112) event=4921 script=38289 mode=5 state=1 player=(880, 408) pos=(928, 432) path=2
learned targeted exit AreaKey { scene: 271, anchor: (160, 112) } event=4921 -> AreaKey { scene: 267, anchor: (160, 112) }
learned exit AreaKey { scene: 271, anchor: (160, 112) } event=4921 -> AreaKey { scene: 267, anchor: (160, 112) }
scene 271 -> 267 at frame 18501 position (1008, 1112)
escaping closed scene loop through event=4869 script=38285 destination=Some(271)
scene 267 -> 271 at frame 18501 position (720, 296)
target scene=271 area=(160, 112) event=4921 script=38289 mode=5 state=1 player=(880, 408) pos=(928, 432) path=2
learned targeted exit AreaKey { scene: 271, anchor: (160, 112) } event=4921 -> AreaKey { scene: 267, anchor: (160, 112) }
learned exit AreaKey { scene: 271, anchor: (160, 112) } event=4921 -> AreaKey { scene: 267, anchor: (160, 112) }
scene 271 -> 267 at frame 18503 position (1008, 1112)
escaping closed scene loop through event=4869 script=38285 destination=Some(271)
scene 267 -> 271 at frame 18503 position (720, 296)
target scene=271 area=(160, 112) event=4921 script=38289 mode=5 state=1 player=(880, 408) pos=(928, 432) path=2
learned targeted exit AreaKey { scene: 271, anchor: (160, 112) } event=4921 -> AreaKey { scene: 267, anchor: (160, 112) }
learned exit AreaKey { scene: 271, anchor: (160, 112) } event=4921 -> AreaKey { scene: 267, anchor: (160, 112) }
scene 271 -> 267 at frame 18505 position (1008, 1112)
escaping closed scene loop through event=4869 script=38285 destination=Some(271)
scene 267 -> 271 at frame 18505 position (720, 296)
target scene=271 area=(160, 112) event=4921 script=38289 mode=5 state=1 player=(880, 408) pos=(928, 432) path=2
learned targeted exit AreaKey { scene: 271, anchor: (160, 112) } event=4921 -> AreaKey { scene: 267, anchor: (160, 112) }
learned exit AreaKey { scene: 271, anchor: (160, 112) } event=4921 -> AreaKey { scene: 267, anchor: (160, 112) }
scene 271 -> 267 at frame 18507 position (1008, 1112)
escaping closed scene loop through event=4869 script=38285 destination=Some(271)
scene 267 -> 271 at frame 18507 position (720, 296)
target scene=271 area=(160, 112) event=4921 script=38289 mode=5 state=1 player=(880, 408) pos=(928, 432) path=2
learned targeted exit AreaKey { scene: 271, anchor: (160, 112) } event=4921 -> AreaKey { scene: 267, anchor: (160, 112) }
learned exit AreaKey { scene: 271, anchor: (160, 112) } event=4921 -> AreaKey { scene: 267, anchor: (160, 112) }
scene 271 -> 267 at frame 18509 position (1008, 1112)
escaping closed scene loop through event=4869 script=38285 destination=Some(271)
scene 267 -> 271 at frame 18509 position (720, 296)
target scene=271 area=(160, 112) event=4921 script=38289 mode=5 state=1 player=(880, 408) pos=(928, 432) path=2
learned targeted exit AreaKey { scene: 271, anchor: (160, 112) } event=4921 -> AreaKey { scene: 267, anchor: (160, 112) }
learned exit AreaKey { scene: 271, anchor: (160, 112) } event=4921 -> AreaKey { scene: 267, anchor: (160, 112) }
scene 271 -> 267 at frame 18511 position (1008, 1112)
escaping closed scene loop through event=4869 script=38285 destination=Some(271)
scene 267 -> 271 at frame 18511 position (720, 296)
target scene=271 area=(160, 112) event=4921 script=38289 mode=5 state=1 player=(880, 408) pos=(928, 432) path=2
learned targeted exit AreaKey { scene: 271, anchor: (160, 112) } event=4921 -> AreaKey { scene: 267, anchor: (160, 112) }
learned exit AreaKey { scene: 271, anchor: (160, 112) } event=4921 -> AreaKey { scene: 267, anchor: (160, 112) }
scene 271 -> 267 at frame 18513 position (1008, 1112)
escaping closed scene loop through event=4869 script=38285 destination=Some(271)
scene 267 -> 271 at frame 18513 position (720, 296)
target scene=271 area=(160, 112) event=4921 script=38289 mode=5 state=1 player=(880, 408) pos=(928, 432) path=2
learned targeted exit AreaKey { scene: 271, anchor: (160, 112) } event=4921 -> AreaKey { scene: 267, anchor: (160, 112) }
learned exit AreaKey { scene: 271, anchor: (160, 112) } event=4921 -> AreaKey { scene: 267, anchor: (160, 112) }
scene 271 -> 267 at frame 18515 position (1008, 1112)
escaping closed scene loop through event=4869 script=38285 destination=Some(271)
scene 267 -> 271 at frame 18515 position (720, 296)
target scene=271 area=(160, 112) event=4921 script=38289 mode=5 state=1 player=(880, 408) pos=(928, 432) path=2
learned targeted exit AreaKey { scene: 271, anchor: (160, 112) } event=4921 -> AreaKey { scene: 267, anchor: (160, 112) }
learned exit AreaKey { scene: 271, anchor: (160, 112) } event=4921 -> AreaKey { scene: 267, anchor: (160, 112) }
scene 271 -> 267 at frame 18517 position (1008, 1112)
escaping closed scene loop through event=4869 script=38285 destination=Some(271)
scene 267 -> 271 at frame 18517 position (720, 296)
target scene=271 area=(160, 112) event=4921 script=38289 mode=5 state=1 player=(880, 408) pos=(928, 432) path=2
learned targeted exit AreaKey { scene: 271, anchor: (160, 112) } event=4921 -> AreaKey { scene: 267, anchor: (160, 112) }
learned exit AreaKey { scene: 271, anchor: (160, 112) } event=4921 -> AreaKey { scene: 267, anchor: (160, 112) }
scene 271 -> 267 at frame 18519 position (1008, 1112)
escaping closed scene loop through event=4869 script=38285 destination=Some(271)
scene 267 -> 271 at frame 18519 position (720, 296)
target scene=271 area=(160, 112) event=4921 script=38289 mode=5 state=1 player=(880, 408) pos=(928, 432) path=2
learned targeted exit AreaKey { scene: 271, anchor: (160, 112) } event=4921 -> AreaKey { scene: 267, anchor: (160, 112) }
learned exit AreaKey { scene: 271, anchor: (160, 112) } event=4921 -> AreaKey { scene: 267, anchor: (160, 112) }
scene 271 -> 267 at frame 18521 position (1008, 1112)
escaping closed scene loop through event=4869 script=38285 destination=Some(271)
scene 267 -> 271 at frame 18521 position (720, 296)
target scene=271 area=(160, 112) event=4921 script=38289 mode=5 state=1 player=(880, 408) pos=(928, 432) path=2
learned targeted exit AreaKey { scene: 271, anchor: (160, 112) } event=4921 -> AreaKey { scene: 267, anchor: (160, 112) }
learned exit AreaKey { scene: 271, anchor: (160, 112) } event=4921 -> AreaKey { scene: 267, anchor: (160, 112) }
scene 271 -> 267 at frame 18523 position (1008, 1112)
escaping closed scene loop through event=4869 script=38285 destination=Some(271)
scene 267 -> 271 at frame 18523 position (720, 296)
target scene=271 area=(160, 112) event=4921 script=38289 mode=5 state=1 player=(880, 408) pos=(928, 432) path=2
learned targeted exit AreaKey { scene: 271, anchor: (160, 112) } event=4921 -> AreaKey { scene: 267, anchor: (160, 112) }
learned exit AreaKey { scene: 271, anchor: (160, 112) } event=4921 -> AreaKey { scene: 267, anchor: (160, 112) }
scene 271 -> 267 at frame 18525 position (1008, 1112)
escaping closed scene loop through event=4869 script=38285 destination=Some(271)
scene 267 -> 271 at frame 18525 position (720, 296)
target scene=271 area=(160, 112) event=4921 script=38289 mode=5 state=1 player=(880, 408) pos=(928, 432) path=2
learned targeted exit AreaKey { scene: 271, anchor: (160, 112) } event=4921 -> AreaKey { scene: 267, anchor: (160, 112) }
learned exit AreaKey { scene: 271, anchor: (160, 112) } event=4921 -> AreaKey { scene: 267, anchor: (160, 112) }
scene 271 -> 267 at frame 18527 position (1008, 1112)
escaping closed scene loop through event=4868 script=38137 destination=Some(260)
scene 267 -> 260 at frame 18527 position (336, 184)
target scene=260 area=(160, 112) event=4704 script=38129 mode=5 state=1 player=(496, 296) pos=(1568, 1728) path=207
learned targeted exit AreaKey { scene: 260, anchor: (160, 112) } event=4704 -> AreaKey { scene: 269, anchor: (160, 112) }
learned exit AreaKey { scene: 260, anchor: (160, 112) } event=4704 -> AreaKey { scene: 269, anchor: (160, 112) }
scene 260 -> 269 at frame 18734 position (368, 360)
target scene=269 area=(160, 112) event=4895 script=38177 mode=5 state=1 player=(528, 472) pos=(928, 544) path=27
learned targeted exit AreaKey { scene: 269, anchor: (160, 112) } event=4895 -> AreaKey { scene: 270, anchor: (160, 112) }
learned exit AreaKey { scene: 269, anchor: (160, 112) } event=4895 -> AreaKey { scene: 270, anchor: (160, 112) }
scene 269 -> 270 at frame 18761 position (736, 832)
target scene=270 area=(160, 112) event=4917 script=38173 mode=5 state=1 player=(896, 944) pos=(944, 968) path=2
learned targeted exit AreaKey { scene: 270, anchor: (160, 112) } event=4917 -> AreaKey { scene: 269, anchor: (160, 112) }
learned exit AreaKey { scene: 270, anchor: (160, 112) } event=4917 -> AreaKey { scene: 269, anchor: (160, 112) }
scene 270 -> 269 at frame 18763 position (800, 464)
target scene=269 area=(160, 112) event=4895 script=38177 mode=5 state=1 player=(960, 576) pos=(928, 544) path=2
learned targeted exit AreaKey { scene: 269, anchor: (160, 112) } event=4895 -> AreaKey { scene: 270, anchor: (160, 112) }
learned exit AreaKey { scene: 269, anchor: (160, 112) } event=4895 -> AreaKey { scene: 270, anchor: (160, 112) }
scene 269 -> 270 at frame 18765 position (736, 832)
target scene=270 area=(160, 112) event=4917 script=38173 mode=5 state=1 player=(896, 944) pos=(944, 968) path=2
learned targeted exit AreaKey { scene: 270, anchor: (160, 112) } event=4917 -> AreaKey { scene: 269, anchor: (160, 112) }
learned exit AreaKey { scene: 270, anchor: (160, 112) } event=4917 -> AreaKey { scene: 269, anchor: (160, 112) }
scene 270 -> 269 at frame 18767 position (800, 464)
target scene=269 area=(160, 112) event=4895 script=38177 mode=5 state=1 player=(960, 576) pos=(928, 544) path=2
learned targeted exit AreaKey { scene: 269, anchor: (160, 112) } event=4895 -> AreaKey { scene: 270, anchor: (160, 112) }
learned exit AreaKey { scene: 269, anchor: (160, 112) } event=4895 -> AreaKey { scene: 270, anchor: (160, 112) }
scene 269 -> 270 at frame 18769 position (736, 832)
target scene=270 area=(160, 112) event=4917 script=38173 mode=5 state=1 player=(896, 944) pos=(944, 968) path=2
learned targeted exit AreaKey { scene: 270, anchor: (160, 112) } event=4917 -> AreaKey { scene: 269, anchor: (160, 112) }
learned exit AreaKey { scene: 270, anchor: (160, 112) } event=4917 -> AreaKey { scene: 269, anchor: (160, 112) }
scene 270 -> 269 at frame 18771 position (800, 464)
target scene=269 area=(160, 112) event=4895 script=38177 mode=5 state=1 player=(960, 576) pos=(928, 544) path=2
learned targeted exit AreaKey { scene: 269, anchor: (160, 112) } event=4895 -> AreaKey { scene: 270, anchor: (160, 112) }
learned exit AreaKey { scene: 269, anchor: (160, 112) } event=4895 -> AreaKey { scene: 270, anchor: (160, 112) }
scene 269 -> 270 at frame 18773 position (736, 832)
target scene=270 area=(160, 112) event=4917 script=38173 mode=5 state=1 player=(896, 944) pos=(944, 968) path=2
learned targeted exit AreaKey { scene: 270, anchor: (160, 112) } event=4917 -> AreaKey { scene: 269, anchor: (160, 112) }
learned exit AreaKey { scene: 270, anchor: (160, 112) } event=4917 -> AreaKey { scene: 269, anchor: (160, 112) }
scene 270 -> 269 at frame 18775 position (800, 464)
target scene=269 area=(160, 112) event=4895 script=38177 mode=5 state=1 player=(960, 576) pos=(928, 544) path=2
learned targeted exit AreaKey { scene: 269, anchor: (160, 112) } event=4895 -> AreaKey { scene: 270, anchor: (160, 112) }
learned exit AreaKey { scene: 269, anchor: (160, 112) } event=4895 -> AreaKey { scene: 270, anchor: (160, 112) }
scene 269 -> 270 at frame 18777 position (736, 832)
target scene=270 area=(160, 112) event=4917 script=38173 mode=5 state=1 player=(896, 944) pos=(944, 968) path=2
learned targeted exit AreaKey { scene: 270, anchor: (160, 112) } event=4917 -> AreaKey { scene: 269, anchor: (160, 112) }
learned exit AreaKey { scene: 270, anchor: (160, 112) } event=4917 -> AreaKey { scene: 269, anchor: (160, 112) }
scene 270 -> 269 at frame 18779 position (800, 464)
target scene=269 area=(160, 112) event=4895 script=38177 mode=5 state=1 player=(960, 576) pos=(928, 544) path=2
learned targeted exit AreaKey { scene: 269, anchor: (160, 112) } event=4895 -> AreaKey { scene: 270, anchor: (160, 112) }
learned exit AreaKey { scene: 269, anchor: (160, 112) } event=4895 -> AreaKey { scene: 270, anchor: (160, 112) }
scene 269 -> 270 at frame 18781 position (736, 832)
target scene=270 area=(160, 112) event=4917 script=38173 mode=5 state=1 player=(896, 944) pos=(944, 968) path=2
learned targeted exit AreaKey { scene: 270, anchor: (160, 112) } event=4917 -> AreaKey { scene: 269, anchor: (160, 112) }
learned exit AreaKey { scene: 270, anchor: (160, 112) } event=4917 -> AreaKey { scene: 269, anchor: (160, 112) }
scene 270 -> 269 at frame 18783 position (800, 464)
target scene=269 area=(160, 112) event=4895 script=38177 mode=5 state=1 player=(960, 576) pos=(928, 544) path=2
learned targeted exit AreaKey { scene: 269, anchor: (160, 112) } event=4895 -> AreaKey { scene: 270, anchor: (160, 112) }
learned exit AreaKey { scene: 269, anchor: (160, 112) } event=4895 -> AreaKey { scene: 270, anchor: (160, 112) }
scene 269 -> 270 at frame 18785 position (736, 832)
target scene=270 area=(160, 112) event=4917 script=38173 mode=5 state=1 player=(896, 944) pos=(944, 968) path=2
learned targeted exit AreaKey { scene: 270, anchor: (160, 112) } event=4917 -> AreaKey { scene: 269, anchor: (160, 112) }
learned exit AreaKey { scene: 270, anchor: (160, 112) } event=4917 -> AreaKey { scene: 269, anchor: (160, 112) }
scene 270 -> 269 at frame 18787 position (800, 464)
target scene=269 area=(160, 112) event=4895 script=38177 mode=5 state=1 player=(960, 576) pos=(928, 544) path=2
learned targeted exit AreaKey { scene: 269, anchor: (160, 112) } event=4895 -> AreaKey { scene: 270, anchor: (160, 112) }
learned exit AreaKey { scene: 269, anchor: (160, 112) } event=4895 -> AreaKey { scene: 270, anchor: (160, 112) }
scene 269 -> 270 at frame 18789 position (736, 832)
target scene=270 area=(160, 112) event=4917 script=38173 mode=5 state=1 player=(896, 944) pos=(944, 968) path=2
learned targeted exit AreaKey { scene: 270, anchor: (160, 112) } event=4917 -> AreaKey { scene: 269, anchor: (160, 112) }
learned exit AreaKey { scene: 270, anchor: (160, 112) } event=4917 -> AreaKey { scene: 269, anchor: (160, 112) }
scene 270 -> 269 at frame 18791 position (800, 464)
target scene=269 area=(160, 112) event=4895 script=38177 mode=5 state=1 player=(960, 576) pos=(928, 544) path=2
learned targeted exit AreaKey { scene: 269, anchor: (160, 112) } event=4895 -> AreaKey { scene: 270, anchor: (160, 112) }
learned exit AreaKey { scene: 269, anchor: (160, 112) } event=4895 -> AreaKey { scene: 270, anchor: (160, 112) }
scene 269 -> 270 at frame 18793 position (736, 832)
target scene=270 area=(160, 112) event=4917 script=38173 mode=5 state=1 player=(896, 944) pos=(944, 968) path=2
learned targeted exit AreaKey { scene: 270, anchor: (160, 112) } event=4917 -> AreaKey { scene: 269, anchor: (160, 112) }
learned exit AreaKey { scene: 270, anchor: (160, 112) } event=4917 -> AreaKey { scene: 269, anchor: (160, 112) }
scene 270 -> 269 at frame 18795 position (800, 464)
target scene=269 area=(160, 112) event=4895 script=38177 mode=5 state=1 player=(960, 576) pos=(928, 544) path=2
learned targeted exit AreaKey { scene: 269, anchor: (160, 112) } event=4895 -> AreaKey { scene: 270, anchor: (160, 112) }
learned exit AreaKey { scene: 269, anchor: (160, 112) } event=4895 -> AreaKey { scene: 270, anchor: (160, 112) }
scene 269 -> 270 at frame 18797 position (736, 832)
target scene=270 area=(160, 112) event=4917 script=38173 mode=5 state=1 player=(896, 944) pos=(944, 968) path=2
learned targeted exit AreaKey { scene: 270, anchor: (160, 112) } event=4917 -> AreaKey { scene: 269, anchor: (160, 112) }
learned exit AreaKey { scene: 270, anchor: (160, 112) } event=4917 -> AreaKey { scene: 269, anchor: (160, 112) }
scene 270 -> 269 at frame 18799 position (800, 464)
target scene=269 area=(160, 112) event=4895 script=38177 mode=5 state=1 player=(960, 576) pos=(928, 544) path=2
learned targeted exit AreaKey { scene: 269, anchor: (160, 112) } event=4895 -> AreaKey { scene: 270, anchor: (160, 112) }
learned exit AreaKey { scene: 269, anchor: (160, 112) } event=4895 -> AreaKey { scene: 270, anchor: (160, 112) }
scene 269 -> 270 at frame 18801 position (736, 832)
target scene=270 area=(160, 112) event=4917 script=38173 mode=5 state=1 player=(896, 944) pos=(944, 968) path=2
learned targeted exit AreaKey { scene: 270, anchor: (160, 112) } event=4917 -> AreaKey { scene: 269, anchor: (160, 112) }
learned exit AreaKey { scene: 270, anchor: (160, 112) } event=4917 -> AreaKey { scene: 269, anchor: (160, 112) }
scene 270 -> 269 at frame 18803 position (800, 464)
target scene=269 area=(160, 112) event=4895 script=38177 mode=5 state=1 player=(960, 576) pos=(928, 544) path=2
learned targeted exit AreaKey { scene: 269, anchor: (160, 112) } event=4895 -> AreaKey { scene: 270, anchor: (160, 112) }
learned exit AreaKey { scene: 269, anchor: (160, 112) } event=4895 -> AreaKey { scene: 270, anchor: (160, 112) }
scene 269 -> 270 at frame 18805 position (736, 832)
target scene=270 area=(160, 112) event=4917 script=38173 mode=5 state=1 player=(896, 944) pos=(944, 968) path=2
learned targeted exit AreaKey { scene: 270, anchor: (160, 112) } event=4917 -> AreaKey { scene: 269, anchor: (160, 112) }
learned exit AreaKey { scene: 270, anchor: (160, 112) } event=4917 -> AreaKey { scene: 269, anchor: (160, 112) }
scene 270 -> 269 at frame 18807 position (800, 464)
target scene=269 area=(160, 112) event=4895 script=38177 mode=5 state=1 player=(960, 576) pos=(928, 544) path=2
learned targeted exit AreaKey { scene: 269, anchor: (160, 112) } event=4895 -> AreaKey { scene: 270, anchor: (160, 112) }
learned exit AreaKey { scene: 269, anchor: (160, 112) } event=4895 -> AreaKey { scene: 270, anchor: (160, 112) }
scene 269 -> 270 at frame 18809 position (736, 832)
target scene=270 area=(160, 112) event=4917 script=38173 mode=5 state=1 player=(896, 944) pos=(944, 968) path=2
learned targeted exit AreaKey { scene: 270, anchor: (160, 112) } event=4917 -> AreaKey { scene: 269, anchor: (160, 112) }
learned exit AreaKey { scene: 270, anchor: (160, 112) } event=4917 -> AreaKey { scene: 269, anchor: (160, 112) }
scene 270 -> 269 at frame 18811 position (800, 464)
target scene=269 area=(160, 112) event=4895 script=38177 mode=5 state=1 player=(960, 576) pos=(928, 544) path=2
learned targeted exit AreaKey { scene: 269, anchor: (160, 112) } event=4895 -> AreaKey { scene: 270, anchor: (160, 112) }
learned exit AreaKey { scene: 269, anchor: (160, 112) } event=4895 -> AreaKey { scene: 270, anchor: (160, 112) }
scene 269 -> 270 at frame 18813 position (736, 832)
target scene=270 area=(160, 112) event=4917 script=38173 mode=5 state=1 player=(896, 944) pos=(944, 968) path=2
learned targeted exit AreaKey { scene: 270, anchor: (160, 112) } event=4917 -> AreaKey { scene: 269, anchor: (160, 112) }
learned exit AreaKey { scene: 270, anchor: (160, 112) } event=4917 -> AreaKey { scene: 269, anchor: (160, 112) }
scene 270 -> 269 at frame 18815 position (800, 464)
target scene=269 area=(160, 112) event=4893 script=38125 mode=5 state=1 player=(960, 576) pos=(496, 456) path=27
learned targeted exit AreaKey { scene: 269, anchor: (160, 112) } event=4893 -> AreaKey { scene: 260, anchor: (160, 112) }
learned exit AreaKey { scene: 269, anchor: (160, 112) } event=4893 -> AreaKey { scene: 260, anchor: (160, 112) }
scene 269 -> 260 at frame 18842 position (1360, 1592)
target scene=260 area=(160, 112) event=4708 script=38213 mode=5 state=1 player=(1520, 1704) pos=(1648, 1480) path=26
learned targeted exit AreaKey { scene: 260, anchor: (160, 112) } event=4708 -> AreaKey { scene: 268, anchor: (160, 112) }
learned exit AreaKey { scene: 260, anchor: (160, 112) } event=4708 -> AreaKey { scene: 268, anchor: (160, 112) }
scene 260 -> 268 at frame 18868 position (1264, 1688)
target scene=268 area=(160, 112) event=4886 script=38217 mode=5 state=1 player=(1424, 1800) pos=(1376, 1824) path=2
learned targeted exit AreaKey { scene: 268, anchor: (160, 112) } event=4886 -> AreaKey { scene: 260, anchor: (160, 112) }
learned exit AreaKey { scene: 268, anchor: (160, 112) } event=4886 -> AreaKey { scene: 260, anchor: (160, 112) }
scene 268 -> 260 at frame 18870 position (1472, 1392)
target scene=260 area=(160, 112) event=4708 script=38213 mode=5 state=1 player=(1632, 1504) pos=(1648, 1480) path=1
learned targeted exit AreaKey { scene: 260, anchor: (160, 112) } event=4708 -> AreaKey { scene: 268, anchor: (160, 112) }
learned exit AreaKey { scene: 260, anchor: (160, 112) } event=4708 -> AreaKey { scene: 268, anchor: (160, 112) }
scene 260 -> 268 at frame 18871 position (1264, 1688)
target scene=268 area=(160, 112) event=4886 script=38217 mode=5 state=1 player=(1424, 1800) pos=(1376, 1824) path=2
learned targeted exit AreaKey { scene: 268, anchor: (160, 112) } event=4886 -> AreaKey { scene: 260, anchor: (160, 112) }
learned exit AreaKey { scene: 268, anchor: (160, 112) } event=4886 -> AreaKey { scene: 260, anchor: (160, 112) }
scene 268 -> 260 at frame 18873 position (1472, 1392)
target scene=260 area=(160, 112) event=4706 script=38141 mode=6 state=1 player=(1632, 1504) pos=(512, 912) path=141
learned targeted exit AreaKey { scene: 260, anchor: (160, 112) } event=4706 -> AreaKey { scene: 263, anchor: (432, 1320) }
learned exit AreaKey { scene: 260, anchor: (160, 112) } event=4706 -> AreaKey { scene: 263, anchor: (432, 1320) }
scene 260 -> 263 at frame 19014 position (400, 1160)
target scene=263 area=(432, 1320) event=4813 script=38149 mode=7 state=1 player=(560, 1272) pos=(1376, 704) path=66
learned targeted exit AreaKey { scene: 263, anchor: (432, 1320) } event=4813 -> AreaKey { scene: 265, anchor: (160, 112) }
learned exit AreaKey { scene: 263, anchor: (432, 1320) } event=4813 -> AreaKey { scene: 265, anchor: (160, 112) }
scene 263 -> 265 at frame 19080 position (128, 1280)
escaping closed scene loop through event=4842 script=38157 destination=Some(272)
scene 265 -> 272 at frame 19080 position (320, 1376)
escaping closed scene loop through event=4922 script=38161 destination=Some(265)
scene 272 -> 265 at frame 19080 position (1584, 1064)
escaping closed scene loop through event=4842 script=38157 destination=Some(272)
scene 265 -> 272 at frame 19080 position (320, 1376)
escaping closed scene loop through event=4922 script=38161 destination=Some(265)
scene 272 -> 265 at frame 19080 position (1584, 1064)
escaping closed scene loop through event=4841 script=38153 destination=Some(263)
scene 265 -> 263 at frame 19080 position (1152, 624)
target scene=263 area=(432, 1320) event=4813 script=38149 mode=7 state=1 player=(1312, 736) pos=(1376, 704) path=1
learned targeted exit AreaKey { scene: 263, anchor: (432, 1320) } event=4813 -> AreaKey { scene: 265, anchor: (160, 112) }
learned exit AreaKey { scene: 263, anchor: (432, 1320) } event=4813 -> AreaKey { scene: 265, anchor: (160, 112) }
scene 263 -> 265 at frame 19081 position (128, 1280)
escaping closed scene loop through event=4842 script=38157 destination=Some(272)
scene 265 -> 272 at frame 19081 position (320, 1376)
escaping closed scene loop through event=4922 script=38161 destination=Some(265)
scene 272 -> 265 at frame 19081 position (1584, 1064)
escaping closed scene loop through event=4841 script=38153 destination=Some(263)
scene 265 -> 263 at frame 19081 position (1152, 624)
target scene=263 area=(432, 1320) event=4813 script=38149 mode=7 state=1 player=(1312, 736) pos=(1376, 704) path=1
learned targeted exit AreaKey { scene: 263, anchor: (432, 1320) } event=4813 -> AreaKey { scene: 265, anchor: (160, 112) }
learned exit AreaKey { scene: 263, anchor: (432, 1320) } event=4813 -> AreaKey { scene: 265, anchor: (160, 112) }
scene 263 -> 265 at frame 19082 position (128, 1280)
escaping closed scene loop through event=4842 script=38157 destination=Some(272)
scene 265 -> 272 at frame 19082 position (320, 1376)
escaping closed scene loop through event=4922 script=38161 destination=Some(265)
scene 272 -> 265 at frame 19082 position (1584, 1064)
escaping closed scene loop through event=4841 script=38153 destination=Some(263)
scene 265 -> 263 at frame 19082 position (1152, 624)
target scene=263 area=(432, 1320) event=4812 script=38145 mode=7 state=1 player=(1312, 736) pos=(432, 1336) path=71
learned targeted exit AreaKey { scene: 263, anchor: (432, 1320) } event=4812 -> AreaKey { scene: 260, anchor: (160, 112) }
learned exit AreaKey { scene: 263, anchor: (432, 1320) } event=4812 -> AreaKey { scene: 260, anchor: (160, 112) }
scene 263 -> 260 at frame 19153 position (288, 832)
target scene=260 area=(160, 112) event=4765 script=40957 mode=6 state=1 player=(448, 944) pos=(944, 1608) path=85
target scene=260 area=(160, 112) event=4709 script=38221 mode=5 state=1 player=(880, 1608) pos=(976, 1560) path=8
learned targeted exit AreaKey { scene: 260, anchor: (160, 112) } event=4709 -> AreaKey { scene: 268, anchor: (160, 112) }
learned exit AreaKey { scene: 260, anchor: (160, 112) } event=4709 -> AreaKey { scene: 268, anchor: (160, 112) }
scene 260 -> 268 at frame 19251 position (576, 1648)
target scene=268 area=(160, 112) event=4887 script=38225 mode=5 state=1 player=(736, 1760) pos=(784, 1784) path=2
learned targeted exit AreaKey { scene: 268, anchor: (160, 112) } event=4887 -> AreaKey { scene: 260, anchor: (160, 112) }
learned exit AreaKey { scene: 268, anchor: (160, 112) } event=4887 -> AreaKey { scene: 260, anchor: (160, 112) }
scene 268 -> 260 at frame 19253 position (832, 1472)
target scene=260 area=(160, 112) event=4709 script=38221 mode=5 state=1 player=(992, 1584) pos=(976, 1560) path=1
learned targeted exit AreaKey { scene: 260, anchor: (160, 112) } event=4709 -> AreaKey { scene: 268, anchor: (160, 112) }
learned exit AreaKey { scene: 260, anchor: (160, 112) } event=4709 -> AreaKey { scene: 268, anchor: (160, 112) }
scene 260 -> 268 at frame 19254 position (576, 1648)
target scene=268 area=(160, 112) event=4887 script=38225 mode=5 state=1 player=(736, 1760) pos=(784, 1784) path=2
learned targeted exit AreaKey { scene: 268, anchor: (160, 112) } event=4887 -> AreaKey { scene: 260, anchor: (160, 112) }
learned exit AreaKey { scene: 268, anchor: (160, 112) } event=4887 -> AreaKey { scene: 260, anchor: (160, 112) }
scene 268 -> 260 at frame 19256 position (832, 1472)
target scene=260 area=(160, 112) event=4709 script=38221 mode=5 state=1 player=(992, 1584) pos=(976, 1560) path=1
learned targeted exit AreaKey { scene: 260, anchor: (160, 112) } event=4709 -> AreaKey { scene: 268, anchor: (160, 112) }
learned exit AreaKey { scene: 260, anchor: (160, 112) } event=4709 -> AreaKey { scene: 268, anchor: (160, 112) }
scene 260 -> 268 at frame 19257 position (576, 1648)
target scene=268 area=(160, 112) event=4887 script=38225 mode=5 state=1 player=(736, 1760) pos=(784, 1784) path=2
learned targeted exit AreaKey { scene: 268, anchor: (160, 112) } event=4887 -> AreaKey { scene: 260, anchor: (160, 112) }
learned exit AreaKey { scene: 268, anchor: (160, 112) } event=4887 -> AreaKey { scene: 260, anchor: (160, 112) }
scene 268 -> 260 at frame 19259 position (832, 1472)
target scene=260 area=(160, 112) event=4709 script=38221 mode=5 state=1 player=(992, 1584) pos=(976, 1560) path=1
learned targeted exit AreaKey { scene: 260, anchor: (160, 112) } event=4709 -> AreaKey { scene: 268, anchor: (160, 112) }
learned exit AreaKey { scene: 260, anchor: (160, 112) } event=4709 -> AreaKey { scene: 268, anchor: (160, 112) }
scene 260 -> 268 at frame 19260 position (576, 1648)
target scene=268 area=(160, 112) event=4887 script=38225 mode=5 state=1 player=(736, 1760) pos=(784, 1784) path=2
learned targeted exit AreaKey { scene: 268, anchor: (160, 112) } event=4887 -> AreaKey { scene: 260, anchor: (160, 112) }
learned exit AreaKey { scene: 268, anchor: (160, 112) } event=4887 -> AreaKey { scene: 260, anchor: (160, 112) }
scene 268 -> 260 at frame 19262 position (832, 1472)
target scene=260 area=(160, 112) event=4706 script=38141 mode=6 state=1 player=(992, 1584) pos=(512, 912) path=93
learned targeted exit AreaKey { scene: 260, anchor: (160, 112) } event=4706 -> AreaKey { scene: 263, anchor: (432, 1320) }
learned exit AreaKey { scene: 260, anchor: (160, 112) } event=4706 -> AreaKey { scene: 263, anchor: (432, 1320) }
scene 260 -> 263 at frame 19355 position (400, 1160)
target scene=263 area=(432, 1320) event=4813 script=38149 mode=7 state=1 player=(560, 1272) pos=(1376, 704) path=66
learned targeted exit AreaKey { scene: 263, anchor: (432, 1320) } event=4813 -> AreaKey { scene: 265, anchor: (160, 112) }
learned exit AreaKey { scene: 263, anchor: (432, 1320) } event=4813 -> AreaKey { scene: 265, anchor: (160, 112) }
scene 263 -> 265 at frame 19421 position (128, 1280)
escaping closed scene loop through event=4842 script=38157 destination=Some(272)
scene 265 -> 272 at frame 19421 position (320, 1376)
escaping closed scene loop through event=4922 script=38161 destination=Some(265)
scene 272 -> 265 at frame 19421 position (1584, 1064)
escaping closed scene loop through event=4842 script=38157 destination=Some(272)
scene 265 -> 272 at frame 19421 position (320, 1376)
escaping closed scene loop through event=4922 script=38161 destination=Some(265)
scene 272 -> 265 at frame 19421 position (1584, 1064)
escaping closed scene loop through event=4841 script=38153 destination=Some(263)
scene 265 -> 263 at frame 19421 position (1152, 624)
target scene=263 area=(432, 1320) event=4813 script=38149 mode=7 state=1 player=(1312, 736) pos=(1376, 704) path=1
learned targeted exit AreaKey { scene: 263, anchor: (432, 1320) } event=4813 -> AreaKey { scene: 265, anchor: (160, 112) }
learned exit AreaKey { scene: 263, anchor: (432, 1320) } event=4813 -> AreaKey { scene: 265, anchor: (160, 112) }
scene 263 -> 265 at frame 19422 position (128, 1280)
escaping closed scene loop through event=4842 script=38157 destination=Some(272)
scene 265 -> 272 at frame 19422 position (320, 1376)
escaping closed scene loop through event=4922 script=38161 destination=Some(265)
scene 272 -> 265 at frame 19422 position (1584, 1064)
escaping closed scene loop through event=4841 script=38153 destination=Some(263)
scene 265 -> 263 at frame 19422 position (1152, 624)
target scene=263 area=(432, 1320) event=4812 script=38145 mode=7 state=1 player=(1312, 736) pos=(432, 1336) path=71
learned targeted exit AreaKey { scene: 263, anchor: (432, 1320) } event=4812 -> AreaKey { scene: 260, anchor: (160, 112) }
learned exit AreaKey { scene: 263, anchor: (432, 1320) } event=4812 -> AreaKey { scene: 260, anchor: (160, 112) }
scene 263 -> 260 at frame 19493 position (288, 832)
target scene=260 area=(160, 112) event=4760 script=40953 mode=6 state=1 player=(448, 944) pos=(1760, 1200) path=175
target scene=260 area=(160, 112) event=4711 script=38237 mode=5 state=1 player=(1776, 1224) pos=(1584, 1192) path=11
learned targeted exit AreaKey { scene: 260, anchor: (160, 112) } event=4711 -> AreaKey { scene: 268, anchor: (160, 112) }
learned exit AreaKey { scene: 260, anchor: (160, 112) } event=4711 -> AreaKey { scene: 268, anchor: (160, 112) }
scene 260 -> 268 at frame 19684 position (448, 752)
target scene=268 area=(160, 112) event=4889 script=38241 mode=5 state=1 player=(608, 864) pos=(656, 888) path=2
learned targeted exit AreaKey { scene: 268, anchor: (160, 112) } event=4889 -> AreaKey { scene: 260, anchor: (160, 112) }
learned exit AreaKey { scene: 268, anchor: (160, 112) } event=4889 -> AreaKey { scene: 260, anchor: (160, 112) }
scene 268 -> 260 at frame 19686 position (1440, 1104)
target scene=260 area=(160, 112) event=4703 script=38121 mode=6 state=1 player=(1600, 1216) pos=(272, 1768) path=125
learned targeted exit AreaKey { scene: 260, anchor: (160, 112) } event=4703 -> AreaKey { scene: 259, anchor: (160, 464) }
learned exit AreaKey { scene: 260, anchor: (160, 112) } event=4703 -> AreaKey { scene: 259, anchor: (160, 464) }
scene 260 -> 259 at frame 19811 position (1344, 304)
target scene=259 area=(160, 464) event=4660 script=38780 mode=5 state=1 player=(1504, 416) pos=(1376, 864) path=54
learned targeted exit AreaKey { scene: 259, anchor: (160, 464) } event=4660 -> AreaKey { scene: 214, anchor: (160, 112) }
learned exit AreaKey { scene: 259, anchor: (160, 464) } event=4660 -> AreaKey { scene: 214, anchor: (160, 112) }
scene 259 -> 214 at frame 19865 position (592, 72)
returning 36 puppet worms to the Sage via event=3876 script=35294
scene 214 -> 259 at frame 19865 position (1088, 688)
target scene=259 area=(160, 464) event=4660 script=38780 mode=5 state=1 player=(1248, 800) pos=(1376, 864) path=7
learned targeted exit AreaKey { scene: 259, anchor: (160, 464) } event=4660 -> AreaKey { scene: 214, anchor: (160, 112) }
learned exit AreaKey { scene: 259, anchor: (160, 464) } event=4660 -> AreaKey { scene: 214, anchor: (160, 112) }
scene 259 -> 214 at frame 19872 position (592, 72)
returning 36 puppet worms to the Sage via event=3876 script=35294
scene 214 -> 259 at frame 19872 position (1088, 688)
target scene=259 area=(160, 464) event=4660 script=38780 mode=5 state=1 player=(1248, 800) pos=(1376, 864) path=7
learned targeted exit AreaKey { scene: 259, anchor: (160, 464) } event=4660 -> AreaKey { scene: 214, anchor: (160, 112) }
learned exit AreaKey { scene: 259, anchor: (160, 464) } event=4660 -> AreaKey { scene: 214, anchor: (160, 112) }
scene 259 -> 214 at frame 19879 position (592, 72)
returning 36 puppet worms to the Sage via event=3876 script=35294
scene 214 -> 259 at frame 19879 position (1088, 688)
target scene=259 area=(160, 464) event=4660 script=38780 mode=5 state=1 player=(1248, 800) pos=(1376, 864) path=7
learned targeted exit AreaKey { scene: 259, anchor: (160, 464) } event=4660 -> AreaKey { scene: 214, anchor: (160, 112) }
learned exit AreaKey { scene: 259, anchor: (160, 464) } event=4660 -> AreaKey { scene: 214, anchor: (160, 112) }
scene 259 -> 214 at frame 19886 position (592, 72)
returning 36 puppet worms to the Sage via event=3876 script=35294
scene 214 -> 259 at frame 19886 position (1088, 688)
target scene=259 area=(160, 464) event=4660 script=38780 mode=5 state=1 player=(1248, 800) pos=(1376, 864) path=7
learned targeted exit AreaKey { scene: 259, anchor: (160, 464) } event=4660 -> AreaKey { scene: 214, anchor: (160, 112) }
learned exit AreaKey { scene: 259, anchor: (160, 464) } event=4660 -> AreaKey { scene: 214, anchor: (160, 112) }
scene 259 -> 214 at frame 19893 position (592, 72)
returning 36 puppet worms to the Sage via event=3876 script=35294
scene 214 -> 259 at frame 19893 position (1088, 688)
target scene=259 area=(160, 464) event=4660 script=38780 mode=5 state=1 player=(1248, 800) pos=(1376, 864) path=7
learned targeted exit AreaKey { scene: 259, anchor: (160, 464) } event=4660 -> AreaKey { scene: 214, anchor: (160, 112) }
learned exit AreaKey { scene: 259, anchor: (160, 464) } event=4660 -> AreaKey { scene: 214, anchor: (160, 112) }
scene 259 -> 214 at frame 19900 position (592, 72)
returning 36 puppet worms to the Sage via event=3876 script=35294
scene 214 -> 259 at frame 19900 position (1088, 688)
target scene=259 area=(160, 464) event=4660 script=38780 mode=5 state=1 player=(1248, 800) pos=(1376, 864) path=7
learned targeted exit AreaKey { scene: 259, anchor: (160, 464) } event=4660 -> AreaKey { scene: 214, anchor: (160, 112) }
learned exit AreaKey { scene: 259, anchor: (160, 464) } event=4660 -> AreaKey { scene: 214, anchor: (160, 112) }
scene 259 -> 214 at frame 19907 position (592, 72)
returning 36 puppet worms to the Sage via event=3876 script=35294
scene 214 -> 259 at frame 19907 position (1088, 688)
target scene=259 area=(160, 464) event=4660 script=38780 mode=5 state=1 player=(1248, 800) pos=(1376, 864) path=7
learned targeted exit AreaKey { scene: 259, anchor: (160, 464) } event=4660 -> AreaKey { scene: 214, anchor: (160, 112) }
learned exit AreaKey { scene: 259, anchor: (160, 464) } event=4660 -> AreaKey { scene: 214, anchor: (160, 112) }
scene 259 -> 214 at frame 19914 position (592, 72)
returning 36 puppet worms to the Sage via event=3876 script=35294
scene 214 -> 259 at frame 19914 position (1088, 688)
target scene=259 area=(160, 464) event=4660 script=38780 mode=5 state=1 player=(1248, 800) pos=(1376, 864) path=7
